https://lacuisinedebernard.com/sable-mega-pistache,https://staging.lacuisinedebernard.com/sable-mega-pistache
https://lacuisinedebernard.com/sable-mega-pistache/,https://staging.lacuisinedebernard.com/sable-mega-pistache
https://www.lacuisinedebernard.com/sable-mega-pistache,https://staging.lacuisinedebernard.com/sable-mega-pistache
https://www.lacuisinedebernard.com/sable-mega-pistache/,https://staging.lacuisinedebernard.com/sable-mega-pistache
https://lacuisinedebernard.com/galette-des-rois-pommes-caramelisees-praline-et-calvados,https://staging.lacuisinedebernard.com/galette-des-rois-pommes-caramelisees-praline-et-calvados
https://lacuisinedebernard.com/galette-des-rois-pommes-caramelisees-praline-et-calvados/,https://staging.lacuisinedebernard.com/galette-des-rois-pommes-caramelisees-praline-et-calvados
https://www.lacuisinedebernard.com/galette-des-rois-pommes-caramelisees-praline-et-calvados,https://staging.lacuisinedebernard.com/galette-des-rois-pommes-caramelisees-praline-et-calvados
https://www.lacuisinedebernard.com/galette-des-rois-pommes-caramelisees-praline-et-calvados/,https://staging.lacuisinedebernard.com/galette-des-rois-pommes-caramelisees-praline-et-calvados
https://lacuisinedebernard.com/nusszopf-brioche-tressee-aux-noix,https://staging.lacuisinedebernard.com/nusszopf-brioche-tressee-aux-noix
https://lacuisinedebernard.com/nusszopf-brioche-tressee-aux-noix/,https://staging.lacuisinedebernard.com/nusszopf-brioche-tressee-aux-noix
https://www.lacuisinedebernard.com/nusszopf-brioche-tressee-aux-noix,https://staging.lacuisinedebernard.com/nusszopf-brioche-tressee-aux-noix
https://www.lacuisinedebernard.com/nusszopf-brioche-tressee-aux-noix/,https://staging.lacuisinedebernard.com/nusszopf-brioche-tressee-aux-noix
https://lacuisinedebernard.com/omelette-du-cure-cepes-pommes-de-terre-foie-gras-poele,https://staging.lacuisinedebernard.com/omelette-du-cure-cepes-pommes-de-terre-foie-gras-poele
https://lacuisinedebernard.com/omelette-du-cure-cepes-pommes-de-terre-foie-gras-poele/,https://staging.lacuisinedebernard.com/omelette-du-cure-cepes-pommes-de-terre-foie-gras-poele
https://www.lacuisinedebernard.com/omelette-du-cure-cepes-pommes-de-terre-foie-gras-poele,https://staging.lacuisinedebernard.com/omelette-du-cure-cepes-pommes-de-terre-foie-gras-poele
https://www.lacuisinedebernard.com/omelette-du-cure-cepes-pommes-de-terre-foie-gras-poele/,https://staging.lacuisinedebernard.com/omelette-du-cure-cepes-pommes-de-terre-foie-gras-poele
https://lacuisinedebernard.com/entremet-praline-dubai-chantilly-et-ganache-lactee,https://staging.lacuisinedebernard.com/entremet-praline-dubai-chantilly-et-ganache-lactee
https://lacuisinedebernard.com/entremet-praline-dubai-chantilly-et-ganache-lactee/,https://staging.lacuisinedebernard.com/entremet-praline-dubai-chantilly-et-ganache-lactee
https://www.lacuisinedebernard.com/entremet-praline-dubai-chantilly-et-ganache-lactee,https://staging.lacuisinedebernard.com/entremet-praline-dubai-chantilly-et-ganache-lactee
https://www.lacuisinedebernard.com/entremet-praline-dubai-chantilly-et-ganache-lactee/,https://staging.lacuisinedebernard.com/entremet-praline-dubai-chantilly-et-ganache-lactee
https://lacuisinedebernard.com/tarte-feuilletee-poire-et-foie-gras-poele,https://staging.lacuisinedebernard.com/tarte-feuilletee-poire-et-foie-gras-poele
https://lacuisinedebernard.com/tarte-feuilletee-poire-et-foie-gras-poele/,https://staging.lacuisinedebernard.com/tarte-feuilletee-poire-et-foie-gras-poele
https://www.lacuisinedebernard.com/tarte-feuilletee-poire-et-foie-gras-poele,https://staging.lacuisinedebernard.com/tarte-feuilletee-poire-et-foie-gras-poele
https://www.lacuisinedebernard.com/tarte-feuilletee-poire-et-foie-gras-poele/,https://staging.lacuisinedebernard.com/tarte-feuilletee-poire-et-foie-gras-poele
https://lacuisinedebernard.com/gratin-de-courge-butternut-a-la-creme-de-cepes,https://staging.lacuisinedebernard.com/gratin-de-courge-butternut-a-la-creme-de-cepes
https://lacuisinedebernard.com/gratin-de-courge-butternut-a-la-creme-de-cepes/,https://staging.lacuisinedebernard.com/gratin-de-courge-butternut-a-la-creme-de-cepes
https://www.lacuisinedebernard.com/gratin-de-courge-butternut-a-la-creme-de-cepes,https://staging.lacuisinedebernard.com/gratin-de-courge-butternut-a-la-creme-de-cepes
https://www.lacuisinedebernard.com/gratin-de-courge-butternut-a-la-creme-de-cepes/,https://staging.lacuisinedebernard.com/gratin-de-courge-butternut-a-la-creme-de-cepes
https://lacuisinedebernard.com/seance-de-dedicaces-samedi-22-novembre-a-15h,https://staging.lacuisinedebernard.com/seance-de-dedicaces-samedi-22-novembre-a-15h
https://lacuisinedebernard.com/seance-de-dedicaces-samedi-22-novembre-a-15h/,https://staging.lacuisinedebernard.com/seance-de-dedicaces-samedi-22-novembre-a-15h
https://www.lacuisinedebernard.com/seance-de-dedicaces-samedi-22-novembre-a-15h,https://staging.lacuisinedebernard.com/seance-de-dedicaces-samedi-22-novembre-a-15h
https://www.lacuisinedebernard.com/seance-de-dedicaces-samedi-22-novembre-a-15h/,https://staging.lacuisinedebernard.com/seance-de-dedicaces-samedi-22-novembre-a-15h
https://lacuisinedebernard.com/cremes-brulees-salees-au-potimarron-et-chorizo,https://staging.lacuisinedebernard.com/cremes-brulees-salees-au-potimarron-et-chorizo
https://lacuisinedebernard.com/cremes-brulees-salees-au-potimarron-et-chorizo/,https://staging.lacuisinedebernard.com/cremes-brulees-salees-au-potimarron-et-chorizo
https://www.lacuisinedebernard.com/cremes-brulees-salees-au-potimarron-et-chorizo,https://staging.lacuisinedebernard.com/cremes-brulees-salees-au-potimarron-et-chorizo
https://www.lacuisinedebernard.com/cremes-brulees-salees-au-potimarron-et-chorizo/,https://staging.lacuisinedebernard.com/cremes-brulees-salees-au-potimarron-et-chorizo
https://lacuisinedebernard.com/creme-poire-chocolat-noix,https://staging.lacuisinedebernard.com/creme-poire-chocolat-noix
https://lacuisinedebernard.com/creme-poire-chocolat-noix/,https://staging.lacuisinedebernard.com/creme-poire-chocolat-noix
https://www.lacuisinedebernard.com/creme-poire-chocolat-noix,https://staging.lacuisinedebernard.com/creme-poire-chocolat-noix
https://www.lacuisinedebernard.com/creme-poire-chocolat-noix/,https://staging.lacuisinedebernard.com/creme-poire-chocolat-noix
https://lacuisinedebernard.com/tarte-figues-sechees-orange-et-noix,https://staging.lacuisinedebernard.com/tarte-figues-sechees-orange-et-noix
https://lacuisinedebernard.com/tarte-figues-sechees-orange-et-noix/,https://staging.lacuisinedebernard.com/tarte-figues-sechees-orange-et-noix
https://www.lacuisinedebernard.com/tarte-figues-sechees-orange-et-noix,https://staging.lacuisinedebernard.com/tarte-figues-sechees-orange-et-noix
https://www.lacuisinedebernard.com/tarte-figues-sechees-orange-et-noix/,https://staging.lacuisinedebernard.com/tarte-figues-sechees-orange-et-noix
https://lacuisinedebernard.com/gateau-pommes-noix,https://staging.lacuisinedebernard.com/gateau-pommes-noix
https://lacuisinedebernard.com/gateau-pommes-noix/,https://staging.lacuisinedebernard.com/gateau-pommes-noix
https://www.lacuisinedebernard.com/gateau-pommes-noix,https://staging.lacuisinedebernard.com/gateau-pommes-noix
https://www.lacuisinedebernard.com/gateau-pommes-noix/,https://staging.lacuisinedebernard.com/gateau-pommes-noix
https://lacuisinedebernard.com/soiree-de-lancement-et-dedicaces-asie-sucree,https://staging.lacuisinedebernard.com/soiree-de-lancement-et-dedicaces-asie-sucree
https://lacuisinedebernard.com/soiree-de-lancement-et-dedicaces-asie-sucree/,https://staging.lacuisinedebernard.com/soiree-de-lancement-et-dedicaces-asie-sucree
https://www.lacuisinedebernard.com/soiree-de-lancement-et-dedicaces-asie-sucree,https://staging.lacuisinedebernard.com/soiree-de-lancement-et-dedicaces-asie-sucree
https://www.lacuisinedebernard.com/soiree-de-lancement-et-dedicaces-asie-sucree/,https://staging.lacuisinedebernard.com/soiree-de-lancement-et-dedicaces-asie-sucree
https://lacuisinedebernard.com/boisson-champignons-cacao-et-orge-grille,https://staging.lacuisinedebernard.com/boisson-champignons-cacao-et-orge-grille
https://lacuisinedebernard.com/boisson-champignons-cacao-et-orge-grille/,https://staging.lacuisinedebernard.com/boisson-champignons-cacao-et-orge-grille
https://www.lacuisinedebernard.com/boisson-champignons-cacao-et-orge-grille,https://staging.lacuisinedebernard.com/boisson-champignons-cacao-et-orge-grille
https://www.lacuisinedebernard.com/boisson-champignons-cacao-et-orge-grille/,https://staging.lacuisinedebernard.com/boisson-champignons-cacao-et-orge-grille
https://lacuisinedebernard.com/caldo-de-feijao-soupe-bresilienne-de-haricots,https://staging.lacuisinedebernard.com/caldo-de-feijao-soupe-bresilienne-de-haricots
https://lacuisinedebernard.com/caldo-de-feijao-soupe-bresilienne-de-haricots/,https://staging.lacuisinedebernard.com/caldo-de-feijao-soupe-bresilienne-de-haricots
https://www.lacuisinedebernard.com/caldo-de-feijao-soupe-bresilienne-de-haricots,https://staging.lacuisinedebernard.com/caldo-de-feijao-soupe-bresilienne-de-haricots
https://www.lacuisinedebernard.com/caldo-de-feijao-soupe-bresilienne-de-haricots/,https://staging.lacuisinedebernard.com/caldo-de-feijao-soupe-bresilienne-de-haricots
https://lacuisinedebernard.com/butterscotch-pie,https://staging.lacuisinedebernard.com/butterscotch-pie
https://lacuisinedebernard.com/butterscotch-pie/,https://staging.lacuisinedebernard.com/butterscotch-pie
https://www.lacuisinedebernard.com/butterscotch-pie,https://staging.lacuisinedebernard.com/butterscotch-pie
https://www.lacuisinedebernard.com/butterscotch-pie/,https://staging.lacuisinedebernard.com/butterscotch-pie
https://lacuisinedebernard.com/gateau-renverse-aux-pommes-noix-et-miel,https://staging.lacuisinedebernard.com/gateau-renverse-aux-pommes-noix-et-miel
https://lacuisinedebernard.com/gateau-renverse-aux-pommes-noix-et-miel/,https://staging.lacuisinedebernard.com/gateau-renverse-aux-pommes-noix-et-miel
https://www.lacuisinedebernard.com/gateau-renverse-aux-pommes-noix-et-miel,https://staging.lacuisinedebernard.com/gateau-renverse-aux-pommes-noix-et-miel
https://www.lacuisinedebernard.com/gateau-renverse-aux-pommes-noix-et-miel/,https://staging.lacuisinedebernard.com/gateau-renverse-aux-pommes-noix-et-miel
https://lacuisinedebernard.com/soupe-cremeuse-et-legere-aux-shiitakes,https://staging.lacuisinedebernard.com/soupe-cremeuse-et-legere-aux-shiitakes
https://lacuisinedebernard.com/soupe-cremeuse-et-legere-aux-shiitakes/,https://staging.lacuisinedebernard.com/soupe-cremeuse-et-legere-aux-shiitakes
https://www.lacuisinedebernard.com/soupe-cremeuse-et-legere-aux-shiitakes,https://staging.lacuisinedebernard.com/soupe-cremeuse-et-legere-aux-shiitakes
https://www.lacuisinedebernard.com/soupe-cremeuse-et-legere-aux-shiitakes/,https://staging.lacuisinedebernard.com/soupe-cremeuse-et-legere-aux-shiitakes
https://lacuisinedebernard.com/pesto-citron-noix-de-cajou,https://staging.lacuisinedebernard.com/pesto-citron-noix-de-cajou
https://lacuisinedebernard.com/pesto-citron-noix-de-cajou/,https://staging.lacuisinedebernard.com/pesto-citron-noix-de-cajou
https://www.lacuisinedebernard.com/pesto-citron-noix-de-cajou,https://staging.lacuisinedebernard.com/pesto-citron-noix-de-cajou
https://www.lacuisinedebernard.com/pesto-citron-noix-de-cajou/,https://staging.lacuisinedebernard.com/pesto-citron-noix-de-cajou
https://lacuisinedebernard.com/onigirazu,https://staging.lacuisinedebernard.com/onigirazu
https://lacuisinedebernard.com/onigirazu/,https://staging.lacuisinedebernard.com/onigirazu
https://www.lacuisinedebernard.com/onigirazu,https://staging.lacuisinedebernard.com/onigirazu
https://www.lacuisinedebernard.com/onigirazu/,https://staging.lacuisinedebernard.com/onigirazu
https://lacuisinedebernard.com/asie-sucree-mon-8eme-livre-sort-le-15-octobre,https://staging.lacuisinedebernard.com/asie-sucree-mon-8eme-livre-sort-le-15-octobre
https://lacuisinedebernard.com/asie-sucree-mon-8eme-livre-sort-le-15-octobre/,https://staging.lacuisinedebernard.com/asie-sucree-mon-8eme-livre-sort-le-15-octobre
https://www.lacuisinedebernard.com/asie-sucree-mon-8eme-livre-sort-le-15-octobre,https://staging.lacuisinedebernard.com/asie-sucree-mon-8eme-livre-sort-le-15-octobre
https://www.lacuisinedebernard.com/asie-sucree-mon-8eme-livre-sort-le-15-octobre/,https://staging.lacuisinedebernard.com/asie-sucree-mon-8eme-livre-sort-le-15-octobre
https://lacuisinedebernard.com/cookies-au-chocolat-au-lait-noix-fleur-de-sel-et-confiture-de-lait,https://staging.lacuisinedebernard.com/cookies-au-chocolat-au-lait-noix-fleur-de-sel-et-confiture-de-lait
https://lacuisinedebernard.com/cookies-au-chocolat-au-lait-noix-fleur-de-sel-et-confiture-de-lait/,https://staging.lacuisinedebernard.com/cookies-au-chocolat-au-lait-noix-fleur-de-sel-et-confiture-de-lait
https://www.lacuisinedebernard.com/cookies-au-chocolat-au-lait-noix-fleur-de-sel-et-confiture-de-lait,https://staging.lacuisinedebernard.com/cookies-au-chocolat-au-lait-noix-fleur-de-sel-et-confiture-de-lait
https://www.lacuisinedebernard.com/cookies-au-chocolat-au-lait-noix-fleur-de-sel-et-confiture-de-lait/,https://staging.lacuisinedebernard.com/cookies-au-chocolat-au-lait-noix-fleur-de-sel-et-confiture-de-lait
https://lacuisinedebernard.com/cookies-avoine-cacahuetes-ig-bas,https://staging.lacuisinedebernard.com/cookies-avoine-cacahuetes-ig-bas
https://lacuisinedebernard.com/cookies-avoine-cacahuetes-ig-bas/,https://staging.lacuisinedebernard.com/cookies-avoine-cacahuetes-ig-bas
https://www.lacuisinedebernard.com/cookies-avoine-cacahuetes-ig-bas,https://staging.lacuisinedebernard.com/cookies-avoine-cacahuetes-ig-bas
https://www.lacuisinedebernard.com/cookies-avoine-cacahuetes-ig-bas/,https://staging.lacuisinedebernard.com/cookies-avoine-cacahuetes-ig-bas
https://lacuisinedebernard.com/concombres-marines,https://staging.lacuisinedebernard.com/concombres-marines
https://lacuisinedebernard.com/concombres-marines/,https://staging.lacuisinedebernard.com/concombres-marines
https://www.lacuisinedebernard.com/concombres-marines,https://staging.lacuisinedebernard.com/concombres-marines
https://www.lacuisinedebernard.com/concombres-marines/,https://staging.lacuisinedebernard.com/concombres-marines
https://lacuisinedebernard.com/pain-proteine-a-lavoine,https://staging.lacuisinedebernard.com/pain-proteine-a-lavoine
https://lacuisinedebernard.com/pain-proteine-a-lavoine/,https://staging.lacuisinedebernard.com/pain-proteine-a-lavoine
https://www.lacuisinedebernard.com/pain-proteine-a-lavoine,https://staging.lacuisinedebernard.com/pain-proteine-a-lavoine
https://www.lacuisinedebernard.com/pain-proteine-a-lavoine/,https://staging.lacuisinedebernard.com/pain-proteine-a-lavoine
https://lacuisinedebernard.com/cake-sale-de-limpossible,https://staging.lacuisinedebernard.com/cake-sale-de-limpossible
https://lacuisinedebernard.com/cake-sale-de-limpossible/,https://staging.lacuisinedebernard.com/cake-sale-de-limpossible
https://www.lacuisinedebernard.com/cake-sale-de-limpossible,https://staging.lacuisinedebernard.com/cake-sale-de-limpossible
https://www.lacuisinedebernard.com/cake-sale-de-limpossible/,https://staging.lacuisinedebernard.com/cake-sale-de-limpossible
https://lacuisinedebernard.com/panna-cotta-creme-lait-de-coco-vanille-et-fleur-doranger,https://staging.lacuisinedebernard.com/panna-cotta-creme-lait-de-coco-vanille-et-fleur-doranger
https://lacuisinedebernard.com/panna-cotta-creme-lait-de-coco-vanille-et-fleur-doranger/,https://staging.lacuisinedebernard.com/panna-cotta-creme-lait-de-coco-vanille-et-fleur-doranger
https://www.lacuisinedebernard.com/panna-cotta-creme-lait-de-coco-vanille-et-fleur-doranger,https://staging.lacuisinedebernard.com/panna-cotta-creme-lait-de-coco-vanille-et-fleur-doranger
https://www.lacuisinedebernard.com/panna-cotta-creme-lait-de-coco-vanille-et-fleur-doranger/,https://staging.lacuisinedebernard.com/panna-cotta-creme-lait-de-coco-vanille-et-fleur-doranger
https://lacuisinedebernard.com/cake-de-limpossible-banane-cacahuete,https://staging.lacuisinedebernard.com/cake-de-limpossible-banane-cacahuete
https://lacuisinedebernard.com/cake-de-limpossible-banane-cacahuete/,https://staging.lacuisinedebernard.com/cake-de-limpossible-banane-cacahuete
https://www.lacuisinedebernard.com/cake-de-limpossible-banane-cacahuete,https://staging.lacuisinedebernard.com/cake-de-limpossible-banane-cacahuete
https://www.lacuisinedebernard.com/cake-de-limpossible-banane-cacahuete/,https://staging.lacuisinedebernard.com/cake-de-limpossible-banane-cacahuete
https://lacuisinedebernard.com/salade-de-nouilles-de-tofu-aux-5-parfums-legumes-frais-et-sauce-huile-de-sesame,https://staging.lacuisinedebernard.com/salade-de-nouilles-de-tofu-aux-5-parfums-legumes-frais-et-sauce-huile-de-sesame
https://lacuisinedebernard.com/salade-de-nouilles-de-tofu-aux-5-parfums-legumes-frais-et-sauce-huile-de-sesame/,https://staging.lacuisinedebernard.com/salade-de-nouilles-de-tofu-aux-5-parfums-legumes-frais-et-sauce-huile-de-sesame
https://www.lacuisinedebernard.com/salade-de-nouilles-de-tofu-aux-5-parfums-legumes-frais-et-sauce-huile-de-sesame,https://staging.lacuisinedebernard.com/salade-de-nouilles-de-tofu-aux-5-parfums-legumes-frais-et-sauce-huile-de-sesame
https://www.lacuisinedebernard.com/salade-de-nouilles-de-tofu-aux-5-parfums-legumes-frais-et-sauce-huile-de-sesame/,https://staging.lacuisinedebernard.com/salade-de-nouilles-de-tofu-aux-5-parfums-legumes-frais-et-sauce-huile-de-sesame
https://lacuisinedebernard.com/cake-ultime-au-caramel-au-beurre-sale,https://staging.lacuisinedebernard.com/cake-ultime-au-caramel-au-beurre-sale
https://lacuisinedebernard.com/cake-ultime-au-caramel-au-beurre-sale/,https://staging.lacuisinedebernard.com/cake-ultime-au-caramel-au-beurre-sale
https://www.lacuisinedebernard.com/cake-ultime-au-caramel-au-beurre-sale,https://staging.lacuisinedebernard.com/cake-ultime-au-caramel-au-beurre-sale
https://www.lacuisinedebernard.com/cake-ultime-au-caramel-au-beurre-sale/,https://staging.lacuisinedebernard.com/cake-ultime-au-caramel-au-beurre-sale
https://lacuisinedebernard.com/haricots-blancs-tomates-sechees,https://staging.lacuisinedebernard.com/haricots-blancs-tomates-sechees
https://lacuisinedebernard.com/haricots-blancs-tomates-sechees/,https://staging.lacuisinedebernard.com/haricots-blancs-tomates-sechees
https://www.lacuisinedebernard.com/haricots-blancs-tomates-sechees,https://staging.lacuisinedebernard.com/haricots-blancs-tomates-sechees
https://www.lacuisinedebernard.com/haricots-blancs-tomates-sechees/,https://staging.lacuisinedebernard.com/haricots-blancs-tomates-sechees
https://lacuisinedebernard.com/chocolat-de-dubai,https://staging.lacuisinedebernard.com/chocolat-de-dubai
https://lacuisinedebernard.com/chocolat-de-dubai/,https://staging.lacuisinedebernard.com/chocolat-de-dubai
https://www.lacuisinedebernard.com/chocolat-de-dubai,https://staging.lacuisinedebernard.com/chocolat-de-dubai
https://www.lacuisinedebernard.com/chocolat-de-dubai/,https://staging.lacuisinedebernard.com/chocolat-de-dubai
https://lacuisinedebernard.com/sables-chocolat-et-amandes,https://staging.lacuisinedebernard.com/sables-chocolat-et-amandes
https://lacuisinedebernard.com/sables-chocolat-et-amandes/,https://staging.lacuisinedebernard.com/sables-chocolat-et-amandes
https://www.lacuisinedebernard.com/sables-chocolat-et-amandes,https://staging.lacuisinedebernard.com/sables-chocolat-et-amandes
https://www.lacuisinedebernard.com/sables-chocolat-et-amandes/,https://staging.lacuisinedebernard.com/sables-chocolat-et-amandes
https://lacuisinedebernard.com/gateau-financier-noisette-sarrasin-et-cafe,https://staging.lacuisinedebernard.com/gateau-financier-noisette-sarrasin-et-cafe
https://lacuisinedebernard.com/gateau-financier-noisette-sarrasin-et-cafe/,https://staging.lacuisinedebernard.com/gateau-financier-noisette-sarrasin-et-cafe
https://www.lacuisinedebernard.com/gateau-financier-noisette-sarrasin-et-cafe,https://staging.lacuisinedebernard.com/gateau-financier-noisette-sarrasin-et-cafe
https://www.lacuisinedebernard.com/gateau-financier-noisette-sarrasin-et-cafe/,https://staging.lacuisinedebernard.com/gateau-financier-noisette-sarrasin-et-cafe
https://lacuisinedebernard.com/bigoli-in-salsa,https://staging.lacuisinedebernard.com/bigoli-in-salsa
https://lacuisinedebernard.com/bigoli-in-salsa/,https://staging.lacuisinedebernard.com/bigoli-in-salsa
https://www.lacuisinedebernard.com/bigoli-in-salsa,https://staging.lacuisinedebernard.com/bigoli-in-salsa
https://www.lacuisinedebernard.com/bigoli-in-salsa/,https://staging.lacuisinedebernard.com/bigoli-in-salsa
https://lacuisinedebernard.com/tarte-folie-chocolat-cacahuetes,https://staging.lacuisinedebernard.com/tarte-folie-chocolat-cacahuetes
https://lacuisinedebernard.com/tarte-folie-chocolat-cacahuetes/,https://staging.lacuisinedebernard.com/tarte-folie-chocolat-cacahuetes
https://www.lacuisinedebernard.com/tarte-folie-chocolat-cacahuetes,https://staging.lacuisinedebernard.com/tarte-folie-chocolat-cacahuetes
https://www.lacuisinedebernard.com/tarte-folie-chocolat-cacahuetes/,https://staging.lacuisinedebernard.com/tarte-folie-chocolat-cacahuetes
https://lacuisinedebernard.com/buns-moelleux-methodepommedeterre,https://staging.lacuisinedebernard.com/buns-moelleux-methodepommedeterre
https://lacuisinedebernard.com/buns-moelleux-methodepommedeterre/,https://staging.lacuisinedebernard.com/buns-moelleux-methodepommedeterre
https://www.lacuisinedebernard.com/buns-moelleux-methodepommedeterre,https://staging.lacuisinedebernard.com/buns-moelleux-methodepommedeterre
https://www.lacuisinedebernard.com/buns-moelleux-methodepommedeterre/,https://staging.lacuisinedebernard.com/buns-moelleux-methodepommedeterre
https://lacuisinedebernard.com/pulled-pork,https://staging.lacuisinedebernard.com/pulled-pork
https://lacuisinedebernard.com/pulled-pork/,https://staging.lacuisinedebernard.com/pulled-pork
https://www.lacuisinedebernard.com/pulled-pork,https://staging.lacuisinedebernard.com/pulled-pork
https://www.lacuisinedebernard.com/pulled-pork/,https://staging.lacuisinedebernard.com/pulled-pork
https://lacuisinedebernard.com/tarte-creme-orange,https://staging.lacuisinedebernard.com/tarte-creme-orange
https://lacuisinedebernard.com/tarte-creme-orange/,https://staging.lacuisinedebernard.com/tarte-creme-orange
https://www.lacuisinedebernard.com/tarte-creme-orange,https://staging.lacuisinedebernard.com/tarte-creme-orange
https://www.lacuisinedebernard.com/tarte-creme-orange/,https://staging.lacuisinedebernard.com/tarte-creme-orange
https://lacuisinedebernard.com/tarte-tatin-salee-carottes-oignons-rouges-chevre-frais-et-cumin,https://staging.lacuisinedebernard.com/tarte-tatin-salee-carottes-oignons-rouges-chevre-frais-et-cumin
https://lacuisinedebernard.com/tarte-tatin-salee-carottes-oignons-rouges-chevre-frais-et-cumin/,https://staging.lacuisinedebernard.com/tarte-tatin-salee-carottes-oignons-rouges-chevre-frais-et-cumin
https://www.lacuisinedebernard.com/tarte-tatin-salee-carottes-oignons-rouges-chevre-frais-et-cumin,https://staging.lacuisinedebernard.com/tarte-tatin-salee-carottes-oignons-rouges-chevre-frais-et-cumin
https://www.lacuisinedebernard.com/tarte-tatin-salee-carottes-oignons-rouges-chevre-frais-et-cumin/,https://staging.lacuisinedebernard.com/tarte-tatin-salee-carottes-oignons-rouges-chevre-frais-et-cumin
https://lacuisinedebernard.com/galettes-shiitakes-tofu-et-lahe,https://staging.lacuisinedebernard.com/galettes-shiitakes-tofu-et-lahe
https://lacuisinedebernard.com/galettes-shiitakes-tofu-et-lahe/,https://staging.lacuisinedebernard.com/galettes-shiitakes-tofu-et-lahe
https://www.lacuisinedebernard.com/galettes-shiitakes-tofu-et-lahe,https://staging.lacuisinedebernard.com/galettes-shiitakes-tofu-et-lahe
https://www.lacuisinedebernard.com/galettes-shiitakes-tofu-et-lahe/,https://staging.lacuisinedebernard.com/galettes-shiitakes-tofu-et-lahe
https://lacuisinedebernard.com/madeleines-de-limpossible,https://staging.lacuisinedebernard.com/madeleines-de-limpossible
https://lacuisinedebernard.com/madeleines-de-limpossible/,https://staging.lacuisinedebernard.com/madeleines-de-limpossible
https://www.lacuisinedebernard.com/madeleines-de-limpossible,https://staging.lacuisinedebernard.com/madeleines-de-limpossible
https://www.lacuisinedebernard.com/madeleines-de-limpossible/,https://staging.lacuisinedebernard.com/madeleines-de-limpossible
https://lacuisinedebernard.com/gunkan-maki,https://staging.lacuisinedebernard.com/gunkan-maki
https://lacuisinedebernard.com/gunkan-maki/,https://staging.lacuisinedebernard.com/gunkan-maki
https://www.lacuisinedebernard.com/gunkan-maki,https://staging.lacuisinedebernard.com/gunkan-maki
https://www.lacuisinedebernard.com/gunkan-maki/,https://staging.lacuisinedebernard.com/gunkan-maki
https://lacuisinedebernard.com/galette-des-rois-cacahuetes-banane-et-caramel,https://staging.lacuisinedebernard.com/galette-des-rois-cacahuetes-banane-et-caramel
https://lacuisinedebernard.com/galette-des-rois-cacahuetes-banane-et-caramel/,https://staging.lacuisinedebernard.com/galette-des-rois-cacahuetes-banane-et-caramel
https://www.lacuisinedebernard.com/galette-des-rois-cacahuetes-banane-et-caramel,https://staging.lacuisinedebernard.com/galette-des-rois-cacahuetes-banane-et-caramel
https://www.lacuisinedebernard.com/galette-des-rois-cacahuetes-banane-et-caramel/,https://staging.lacuisinedebernard.com/galette-des-rois-cacahuetes-banane-et-caramel
https://lacuisinedebernard.com/cookies-mini-mms,https://staging.lacuisinedebernard.com/cookies-mini-mms
https://lacuisinedebernard.com/cookies-mini-mms/,https://staging.lacuisinedebernard.com/cookies-mini-mms
https://www.lacuisinedebernard.com/cookies-mini-mms,https://staging.lacuisinedebernard.com/cookies-mini-mms
https://www.lacuisinedebernard.com/cookies-mini-mms/,https://staging.lacuisinedebernard.com/cookies-mini-mms
https://lacuisinedebernard.com/spatzles-cepes-et-morilles-magret-grille,https://staging.lacuisinedebernard.com/spatzles-cepes-et-morilles-magret-grille
https://lacuisinedebernard.com/spatzles-cepes-et-morilles-magret-grille/,https://staging.lacuisinedebernard.com/spatzles-cepes-et-morilles-magret-grille
https://www.lacuisinedebernard.com/spatzles-cepes-et-morilles-magret-grille,https://staging.lacuisinedebernard.com/spatzles-cepes-et-morilles-magret-grille
https://www.lacuisinedebernard.com/spatzles-cepes-et-morilles-magret-grille/,https://staging.lacuisinedebernard.com/spatzles-cepes-et-morilles-magret-grille
https://lacuisinedebernard.com/sables-cacao-chocolat-amandes-grillees,https://staging.lacuisinedebernard.com/sables-cacao-chocolat-amandes-grillees
https://lacuisinedebernard.com/sables-cacao-chocolat-amandes-grillees/,https://staging.lacuisinedebernard.com/sables-cacao-chocolat-amandes-grillees
https://www.lacuisinedebernard.com/sables-cacao-chocolat-amandes-grillees,https://staging.lacuisinedebernard.com/sables-cacao-chocolat-amandes-grillees
https://www.lacuisinedebernard.com/sables-cacao-chocolat-amandes-grillees/,https://staging.lacuisinedebernard.com/sables-cacao-chocolat-amandes-grillees
https://lacuisinedebernard.com/flan-de-potimarron-et-a-lorange-coquilles-saint-jacques-et-beurre-a-lorange,https://staging.lacuisinedebernard.com/flan-de-potimarron-et-a-lorange-coquilles-saint-jacques-et-beurre-a-lorange
https://lacuisinedebernard.com/flan-de-potimarron-et-a-lorange-coquilles-saint-jacques-et-beurre-a-lorange/,https://staging.lacuisinedebernard.com/flan-de-potimarron-et-a-lorange-coquilles-saint-jacques-et-beurre-a-lorange
https://www.lacuisinedebernard.com/flan-de-potimarron-et-a-lorange-coquilles-saint-jacques-et-beurre-a-lorange,https://staging.lacuisinedebernard.com/flan-de-potimarron-et-a-lorange-coquilles-saint-jacques-et-beurre-a-lorange
https://www.lacuisinedebernard.com/flan-de-potimarron-et-a-lorange-coquilles-saint-jacques-et-beurre-a-lorange/,https://staging.lacuisinedebernard.com/flan-de-potimarron-et-a-lorange-coquilles-saint-jacques-et-beurre-a-lorange
https://lacuisinedebernard.com/pates-feves-girolles-sauce-gorgonzola-magret-fume,https://staging.lacuisinedebernard.com/pates-feves-girolles-sauce-gorgonzola-magret-fume
https://lacuisinedebernard.com/pates-feves-girolles-sauce-gorgonzola-magret-fume/,https://staging.lacuisinedebernard.com/pates-feves-girolles-sauce-gorgonzola-magret-fume
https://www.lacuisinedebernard.com/pates-feves-girolles-sauce-gorgonzola-magret-fume,https://staging.lacuisinedebernard.com/pates-feves-girolles-sauce-gorgonzola-magret-fume
https://www.lacuisinedebernard.com/pates-feves-girolles-sauce-gorgonzola-magret-fume/,https://staging.lacuisinedebernard.com/pates-feves-girolles-sauce-gorgonzola-magret-fume
https://lacuisinedebernard.com/gateau-chocolat-amande-et-pepites-de-chocolat,https://staging.lacuisinedebernard.com/gateau-chocolat-amande-et-pepites-de-chocolat
https://lacuisinedebernard.com/gateau-chocolat-amande-et-pepites-de-chocolat/,https://staging.lacuisinedebernard.com/gateau-chocolat-amande-et-pepites-de-chocolat
https://www.lacuisinedebernard.com/gateau-chocolat-amande-et-pepites-de-chocolat,https://staging.lacuisinedebernard.com/gateau-chocolat-amande-et-pepites-de-chocolat
https://www.lacuisinedebernard.com/gateau-chocolat-amande-et-pepites-de-chocolat/,https://staging.lacuisinedebernard.com/gateau-chocolat-amande-et-pepites-de-chocolat
https://lacuisinedebernard.com/raviolis-saumon-sauce-aneth-citron-vert-et-poutarge,https://staging.lacuisinedebernard.com/raviolis-saumon-sauce-aneth-citron-vert-et-poutarge
https://lacuisinedebernard.com/raviolis-saumon-sauce-aneth-citron-vert-et-poutarge/,https://staging.lacuisinedebernard.com/raviolis-saumon-sauce-aneth-citron-vert-et-poutarge
https://www.lacuisinedebernard.com/raviolis-saumon-sauce-aneth-citron-vert-et-poutarge,https://staging.lacuisinedebernard.com/raviolis-saumon-sauce-aneth-citron-vert-et-poutarge
https://www.lacuisinedebernard.com/raviolis-saumon-sauce-aneth-citron-vert-et-poutarge/,https://staging.lacuisinedebernard.com/raviolis-saumon-sauce-aneth-citron-vert-et-poutarge
https://lacuisinedebernard.com/raviolis-saumon-ricotta,https://staging.lacuisinedebernard.com/raviolis-saumon-ricotta
https://lacuisinedebernard.com/raviolis-saumon-ricotta/,https://staging.lacuisinedebernard.com/raviolis-saumon-ricotta
https://www.lacuisinedebernard.com/raviolis-saumon-ricotta,https://staging.lacuisinedebernard.com/raviolis-saumon-ricotta
https://www.lacuisinedebernard.com/raviolis-saumon-ricotta/,https://staging.lacuisinedebernard.com/raviolis-saumon-ricotta
https://lacuisinedebernard.com/%d8%a7%d9%84%d9%81%d9%84%d8%a7%d9%81%d9%84-%d8%a7%d9%84%d9%85%d8%ae%d8%a8%d9%88%d8%b2%d8%a9,https://staging.lacuisinedebernard.com/%d8%a7%d9%84%d9%81%d9%84%d8%a7%d9%81%d9%84-%d8%a7%d9%84%d9%85%d8%ae%d8%a8%d9%88%d8%b2%d8%a9
https://lacuisinedebernard.com/%d8%a7%d9%84%d9%81%d9%84%d8%a7%d9%81%d9%84-%d8%a7%d9%84%d9%85%d8%ae%d8%a8%d9%88%d8%b2%d8%a9/,https://staging.lacuisinedebernard.com/%d8%a7%d9%84%d9%81%d9%84%d8%a7%d9%81%d9%84-%d8%a7%d9%84%d9%85%d8%ae%d8%a8%d9%88%d8%b2%d8%a9
https://www.lacuisinedebernard.com/%d8%a7%d9%84%d9%81%d9%84%d8%a7%d9%81%d9%84-%d8%a7%d9%84%d9%85%d8%ae%d8%a8%d9%88%d8%b2%d8%a9,https://staging.lacuisinedebernard.com/%d8%a7%d9%84%d9%81%d9%84%d8%a7%d9%81%d9%84-%d8%a7%d9%84%d9%85%d8%ae%d8%a8%d9%88%d8%b2%d8%a9
https://www.lacuisinedebernard.com/%d8%a7%d9%84%d9%81%d9%84%d8%a7%d9%81%d9%84-%d8%a7%d9%84%d9%85%d8%ae%d8%a8%d9%88%d8%b2%d8%a9/,https://staging.lacuisinedebernard.com/%d8%a7%d9%84%d9%81%d9%84%d8%a7%d9%81%d9%84-%d8%a7%d9%84%d9%85%d8%ae%d8%a8%d9%88%d8%b2%d8%a9
https://lacuisinedebernard.com/bolo-de-figo-e-avela,https://staging.lacuisinedebernard.com/bolo-de-figo-e-avela
https://lacuisinedebernard.com/bolo-de-figo-e-avela/,https://staging.lacuisinedebernard.com/bolo-de-figo-e-avela
https://www.lacuisinedebernard.com/bolo-de-figo-e-avela,https://staging.lacuisinedebernard.com/bolo-de-figo-e-avela
https://www.lacuisinedebernard.com/bolo-de-figo-e-avela/,https://staging.lacuisinedebernard.com/bolo-de-figo-e-avela
https://lacuisinedebernard.com/tarta-de-higos-y-avellanas,https://staging.lacuisinedebernard.com/tarta-de-higos-y-avellanas
https://lacuisinedebernard.com/tarta-de-higos-y-avellanas/,https://staging.lacuisinedebernard.com/tarta-de-higos-y-avellanas
https://www.lacuisinedebernard.com/tarta-de-higos-y-avellanas,https://staging.lacuisinedebernard.com/tarta-de-higos-y-avellanas
https://www.lacuisinedebernard.com/tarta-de-higos-y-avellanas/,https://staging.lacuisinedebernard.com/tarta-de-higos-y-avellanas
https://lacuisinedebernard.com/falafels-al-horno,https://staging.lacuisinedebernard.com/falafels-al-horno
https://lacuisinedebernard.com/falafels-al-horno/,https://staging.lacuisinedebernard.com/falafels-al-horno
https://www.lacuisinedebernard.com/falafels-al-horno,https://staging.lacuisinedebernard.com/falafels-al-horno
https://www.lacuisinedebernard.com/falafels-al-horno/,https://staging.lacuisinedebernard.com/falafels-al-horno
https://lacuisinedebernard.com/%d9%83%d8%b9%d9%83%d8%a9-%d8%a7%d9%84%d8%aa%d9%8a%d9%86-%d9%88%d8%a7%d9%84%d8%a8%d9%86%d8%af%d9%82,https://staging.lacuisinedebernard.com/%d9%83%d8%b9%d9%83%d8%a9-%d8%a7%d9%84%d8%aa%d9%8a%d9%86-%d9%88%d8%a7%d9%84%d8%a8%d9%86%d8%af%d9%82
https://lacuisinedebernard.com/%d9%83%d8%b9%d9%83%d8%a9-%d8%a7%d9%84%d8%aa%d9%8a%d9%86-%d9%88%d8%a7%d9%84%d8%a8%d9%86%d8%af%d9%82/,https://staging.lacuisinedebernard.com/%d9%83%d8%b9%d9%83%d8%a9-%d8%a7%d9%84%d8%aa%d9%8a%d9%86-%d9%88%d8%a7%d9%84%d8%a8%d9%86%d8%af%d9%82
https://www.lacuisinedebernard.com/%d9%83%d8%b9%d9%83%d8%a9-%d8%a7%d9%84%d8%aa%d9%8a%d9%86-%d9%88%d8%a7%d9%84%d8%a8%d9%86%d8%af%d9%82,https://staging.lacuisinedebernard.com/%d9%83%d8%b9%d9%83%d8%a9-%d8%a7%d9%84%d8%aa%d9%8a%d9%86-%d9%88%d8%a7%d9%84%d8%a8%d9%86%d8%af%d9%82
https://www.lacuisinedebernard.com/%d9%83%d8%b9%d9%83%d8%a9-%d8%a7%d9%84%d8%aa%d9%8a%d9%86-%d9%88%d8%a7%d9%84%d8%a8%d9%86%d8%af%d9%82/,https://staging.lacuisinedebernard.com/%d9%83%d8%b9%d9%83%d8%a9-%d8%a7%d9%84%d8%aa%d9%8a%d9%86-%d9%88%d8%a7%d9%84%d8%a8%d9%86%d8%af%d9%82
https://lacuisinedebernard.com/falafels-assados,https://staging.lacuisinedebernard.com/falafels-assados
https://lacuisinedebernard.com/falafels-assados/,https://staging.lacuisinedebernard.com/falafels-assados
https://www.lacuisinedebernard.com/falafels-assados,https://staging.lacuisinedebernard.com/falafels-assados
https://www.lacuisinedebernard.com/falafels-assados/,https://staging.lacuisinedebernard.com/falafels-assados
https://lacuisinedebernard.com/fig-and-hazelnut-cake,https://staging.lacuisinedebernard.com/fig-and-hazelnut-cake
https://lacuisinedebernard.com/fig-and-hazelnut-cake/,https://staging.lacuisinedebernard.com/fig-and-hazelnut-cake
https://www.lacuisinedebernard.com/fig-and-hazelnut-cake,https://staging.lacuisinedebernard.com/fig-and-hazelnut-cake
https://www.lacuisinedebernard.com/fig-and-hazelnut-cake/,https://staging.lacuisinedebernard.com/fig-and-hazelnut-cake
https://lacuisinedebernard.com/lohikeitto-sopa-finlandesa-de-salmon,https://staging.lacuisinedebernard.com/lohikeitto-sopa-finlandesa-de-salmon
https://lacuisinedebernard.com/lohikeitto-sopa-finlandesa-de-salmon/,https://staging.lacuisinedebernard.com/lohikeitto-sopa-finlandesa-de-salmon
https://www.lacuisinedebernard.com/lohikeitto-sopa-finlandesa-de-salmon,https://staging.lacuisinedebernard.com/lohikeitto-sopa-finlandesa-de-salmon
https://www.lacuisinedebernard.com/lohikeitto-sopa-finlandesa-de-salmon/,https://staging.lacuisinedebernard.com/lohikeitto-sopa-finlandesa-de-salmon
https://lacuisinedebernard.com/%d9%84%d9%88%d9%87%d9%8a-%d9%83%d9%8a%d8%aa%d9%88-%d8%ad%d8%b3%d8%a7%d8%a1-%d8%a7%d9%84%d8%b3%d9%84%d9%85%d9%88%d9%86-%d8%a7%d9%84%d9%81%d9%86%d9%84%d9%86%d8%af%d9%8a,https://staging.lacuisinedebernard.com/%d9%84%d9%88%d9%87%d9%8a-%d9%83%d9%8a%d8%aa%d9%88-%d8%ad%d8%b3%d8%a7%d8%a1-%d8%a7%d9%84%d8%b3%d9%84%d9%85%d9%88%d9%86-%d8%a7%d9%84%d9%81%d9%86%d9%84%d9%86%d8%af%d9%8a
https://lacuisinedebernard.com/%d9%84%d9%88%d9%87%d9%8a-%d9%83%d9%8a%d8%aa%d9%88-%d8%ad%d8%b3%d8%a7%d8%a1-%d8%a7%d9%84%d8%b3%d9%84%d9%85%d9%88%d9%86-%d8%a7%d9%84%d9%81%d9%86%d9%84%d9%86%d8%af%d9%8a/,https://staging.lacuisinedebernard.com/%d9%84%d9%88%d9%87%d9%8a-%d9%83%d9%8a%d8%aa%d9%88-%d8%ad%d8%b3%d8%a7%d8%a1-%d8%a7%d9%84%d8%b3%d9%84%d9%85%d9%88%d9%86-%d8%a7%d9%84%d9%81%d9%86%d9%84%d9%86%d8%af%d9%8a
https://www.lacuisinedebernard.com/%d9%84%d9%88%d9%87%d9%8a-%d9%83%d9%8a%d8%aa%d9%88-%d8%ad%d8%b3%d8%a7%d8%a1-%d8%a7%d9%84%d8%b3%d9%84%d9%85%d9%88%d9%86-%d8%a7%d9%84%d9%81%d9%86%d9%84%d9%86%d8%af%d9%8a,https://staging.lacuisinedebernard.com/%d9%84%d9%88%d9%87%d9%8a-%d9%83%d9%8a%d8%aa%d9%88-%d8%ad%d8%b3%d8%a7%d8%a1-%d8%a7%d9%84%d8%b3%d9%84%d9%85%d9%88%d9%86-%d8%a7%d9%84%d9%81%d9%86%d9%84%d9%86%d8%af%d9%8a
https://www.lacuisinedebernard.com/%d9%84%d9%88%d9%87%d9%8a-%d9%83%d9%8a%d8%aa%d9%88-%d8%ad%d8%b3%d8%a7%d8%a1-%d8%a7%d9%84%d8%b3%d9%84%d9%85%d9%88%d9%86-%d8%a7%d9%84%d9%81%d9%86%d9%84%d9%86%d8%af%d9%8a/,https://staging.lacuisinedebernard.com/%d9%84%d9%88%d9%87%d9%8a-%d9%83%d9%8a%d8%aa%d9%88-%d8%ad%d8%b3%d8%a7%d8%a1-%d8%a7%d9%84%d8%b3%d9%84%d9%85%d9%88%d9%86-%d8%a7%d9%84%d9%81%d9%86%d9%84%d9%86%d8%af%d9%8a
https://lacuisinedebernard.com/cheesecake-de-maca-com-canela,https://staging.lacuisinedebernard.com/cheesecake-de-maca-com-canela
https://lacuisinedebernard.com/cheesecake-de-maca-com-canela/,https://staging.lacuisinedebernard.com/cheesecake-de-maca-com-canela
https://www.lacuisinedebernard.com/cheesecake-de-maca-com-canela,https://staging.lacuisinedebernard.com/cheesecake-de-maca-com-canela
https://www.lacuisinedebernard.com/cheesecake-de-maca-com-canela/,https://staging.lacuisinedebernard.com/cheesecake-de-maca-com-canela
https://lacuisinedebernard.com/lohikeitto-sopa-de-salmao-finlandesa,https://staging.lacuisinedebernard.com/lohikeitto-sopa-de-salmao-finlandesa
https://lacuisinedebernard.com/lohikeitto-sopa-de-salmao-finlandesa/,https://staging.lacuisinedebernard.com/lohikeitto-sopa-de-salmao-finlandesa
https://www.lacuisinedebernard.com/lohikeitto-sopa-de-salmao-finlandesa,https://staging.lacuisinedebernard.com/lohikeitto-sopa-de-salmao-finlandesa
https://www.lacuisinedebernard.com/lohikeitto-sopa-de-salmao-finlandesa/,https://staging.lacuisinedebernard.com/lohikeitto-sopa-de-salmao-finlandesa
https://lacuisinedebernard.com/apple-cinnamon-pannukakku,https://staging.lacuisinedebernard.com/apple-cinnamon-pannukakku
https://lacuisinedebernard.com/apple-cinnamon-pannukakku/,https://staging.lacuisinedebernard.com/apple-cinnamon-pannukakku
https://www.lacuisinedebernard.com/apple-cinnamon-pannukakku,https://staging.lacuisinedebernard.com/apple-cinnamon-pannukakku
https://www.lacuisinedebernard.com/apple-cinnamon-pannukakku/,https://staging.lacuisinedebernard.com/apple-cinnamon-pannukakku
https://lacuisinedebernard.com/tarta-de-queso-con-crumble-de-manzana-y-canela,https://staging.lacuisinedebernard.com/tarta-de-queso-con-crumble-de-manzana-y-canela
https://lacuisinedebernard.com/tarta-de-queso-con-crumble-de-manzana-y-canela/,https://staging.lacuisinedebernard.com/tarta-de-queso-con-crumble-de-manzana-y-canela
https://www.lacuisinedebernard.com/tarta-de-queso-con-crumble-de-manzana-y-canela,https://staging.lacuisinedebernard.com/tarta-de-queso-con-crumble-de-manzana-y-canela
https://www.lacuisinedebernard.com/tarta-de-queso-con-crumble-de-manzana-y-canela/,https://staging.lacuisinedebernard.com/tarta-de-queso-con-crumble-de-manzana-y-canela
https://lacuisinedebernard.com/pannukakku-de-manzana-y-canela,https://staging.lacuisinedebernard.com/pannukakku-de-manzana-y-canela
https://lacuisinedebernard.com/pannukakku-de-manzana-y-canela/,https://staging.lacuisinedebernard.com/pannukakku-de-manzana-y-canela
https://www.lacuisinedebernard.com/pannukakku-de-manzana-y-canela,https://staging.lacuisinedebernard.com/pannukakku-de-manzana-y-canela
https://www.lacuisinedebernard.com/pannukakku-de-manzana-y-canela/,https://staging.lacuisinedebernard.com/pannukakku-de-manzana-y-canela
https://lacuisinedebernard.com/%d8%aa%d8%b4%d9%8a%d8%b2-%d9%83%d9%8a%d9%83-%d8%a7%d9%84%d8%aa%d9%81%d8%a7%d8%ad-%d8%a8%d8%a7%d9%84%d9%82%d8%b1%d9%81%d8%a9-%d8%a7%d9%84%d9%85%d9%81%d8%aa%d8%aa%d8%a9-%d8%a8%d8%a7%d9%84%d8%aa%d9%81,https://staging.lacuisinedebernard.com/%d8%aa%d8%b4%d9%8a%d8%b2-%d9%83%d9%8a%d9%83-%d8%a7%d9%84%d8%aa%d9%81%d8%a7%d8%ad-%d8%a8%d8%a7%d9%84%d9%82%d8%b1%d9%81%d8%a9-%d8%a7%d9%84%d9%85%d9%81%d8%aa%d8%aa%d8%a9-%d8%a8%d8%a7%d9%84%d8%aa%d9%81
https://lacuisinedebernard.com/%d8%aa%d8%b4%d9%8a%d8%b2-%d9%83%d9%8a%d9%83-%d8%a7%d9%84%d8%aa%d9%81%d8%a7%d8%ad-%d8%a8%d8%a7%d9%84%d9%82%d8%b1%d9%81%d8%a9-%d8%a7%d9%84%d9%85%d9%81%d8%aa%d8%aa%d8%a9-%d8%a8%d8%a7%d9%84%d8%aa%d9%81/,https://staging.lacuisinedebernard.com/%d8%aa%d8%b4%d9%8a%d8%b2-%d9%83%d9%8a%d9%83-%d8%a7%d9%84%d8%aa%d9%81%d8%a7%d8%ad-%d8%a8%d8%a7%d9%84%d9%82%d8%b1%d9%81%d8%a9-%d8%a7%d9%84%d9%85%d9%81%d8%aa%d8%aa%d8%a9-%d8%a8%d8%a7%d9%84%d8%aa%d9%81
https://www.lacuisinedebernard.com/%d8%aa%d8%b4%d9%8a%d8%b2-%d9%83%d9%8a%d9%83-%d8%a7%d9%84%d8%aa%d9%81%d8%a7%d8%ad-%d8%a8%d8%a7%d9%84%d9%82%d8%b1%d9%81%d8%a9-%d8%a7%d9%84%d9%85%d9%81%d8%aa%d8%aa%d8%a9-%d8%a8%d8%a7%d9%84%d8%aa%d9%81,https://staging.lacuisinedebernard.com/%d8%aa%d8%b4%d9%8a%d8%b2-%d9%83%d9%8a%d9%83-%d8%a7%d9%84%d8%aa%d9%81%d8%a7%d8%ad-%d8%a8%d8%a7%d9%84%d9%82%d8%b1%d9%81%d8%a9-%d8%a7%d9%84%d9%85%d9%81%d8%aa%d8%aa%d8%a9-%d8%a8%d8%a7%d9%84%d8%aa%d9%81
https://www.lacuisinedebernard.com/%d8%aa%d8%b4%d9%8a%d8%b2-%d9%83%d9%8a%d9%83-%d8%a7%d9%84%d8%aa%d9%81%d8%a7%d8%ad-%d8%a8%d8%a7%d9%84%d9%82%d8%b1%d9%81%d8%a9-%d8%a7%d9%84%d9%85%d9%81%d8%aa%d8%aa%d8%a9-%d8%a8%d8%a7%d9%84%d8%aa%d9%81/,https://staging.lacuisinedebernard.com/%d8%aa%d8%b4%d9%8a%d8%b2-%d9%83%d9%8a%d9%83-%d8%a7%d9%84%d8%aa%d9%81%d8%a7%d8%ad-%d8%a8%d8%a7%d9%84%d9%82%d8%b1%d9%81%d8%a9-%d8%a7%d9%84%d9%85%d9%81%d8%aa%d8%aa%d8%a9-%d8%a8%d8%a7%d9%84%d8%aa%d9%81
https://lacuisinedebernard.com/pannukakku-de-maca-e-canela,https://staging.lacuisinedebernard.com/pannukakku-de-maca-e-canela
https://lacuisinedebernard.com/pannukakku-de-maca-e-canela/,https://staging.lacuisinedebernard.com/pannukakku-de-maca-e-canela
https://www.lacuisinedebernard.com/pannukakku-de-maca-e-canela,https://staging.lacuisinedebernard.com/pannukakku-de-maca-e-canela
https://www.lacuisinedebernard.com/pannukakku-de-maca-e-canela/,https://staging.lacuisinedebernard.com/pannukakku-de-maca-e-canela
https://lacuisinedebernard.com/apple-cinnamon-crumble-cheesecake,https://staging.lacuisinedebernard.com/apple-cinnamon-crumble-cheesecake
https://lacuisinedebernard.com/apple-cinnamon-crumble-cheesecake/,https://staging.lacuisinedebernard.com/apple-cinnamon-crumble-cheesecake
https://www.lacuisinedebernard.com/apple-cinnamon-crumble-cheesecake,https://staging.lacuisinedebernard.com/apple-cinnamon-crumble-cheesecake
https://www.lacuisinedebernard.com/apple-cinnamon-crumble-cheesecake/,https://staging.lacuisinedebernard.com/apple-cinnamon-crumble-cheesecake
https://lacuisinedebernard.com/lohikeitto-finnish-salmon-soup,https://staging.lacuisinedebernard.com/lohikeitto-finnish-salmon-soup
https://lacuisinedebernard.com/lohikeitto-finnish-salmon-soup/,https://staging.lacuisinedebernard.com/lohikeitto-finnish-salmon-soup
https://www.lacuisinedebernard.com/lohikeitto-finnish-salmon-soup,https://staging.lacuisinedebernard.com/lohikeitto-finnish-salmon-soup
https://www.lacuisinedebernard.com/lohikeitto-finnish-salmon-soup/,https://staging.lacuisinedebernard.com/lohikeitto-finnish-salmon-soup
https://lacuisinedebernard.com/%d8%a8%d8%a7%d9%86%d9%88%d9%83%d8%a7%d9%83%d9%88-%d8%a7%d9%84%d8%aa%d9%81%d8%a7%d8%ad-%d8%a8%d8%a7%d9%84%d9%82%d8%b1%d9%81%d8%a9-%d8%a8%d8%a7%d9%84%d8%aa%d9%81%d8%a7%d8%ad,https://staging.lacuisinedebernard.com/%d8%a8%d8%a7%d9%86%d9%88%d9%83%d8%a7%d9%83%d9%88-%d8%a7%d9%84%d8%aa%d9%81%d8%a7%d8%ad-%d8%a8%d8%a7%d9%84%d9%82%d8%b1%d9%81%d8%a9-%d8%a8%d8%a7%d9%84%d8%aa%d9%81%d8%a7%d8%ad
https://lacuisinedebernard.com/%d8%a8%d8%a7%d9%86%d9%88%d9%83%d8%a7%d9%83%d9%88-%d8%a7%d9%84%d8%aa%d9%81%d8%a7%d8%ad-%d8%a8%d8%a7%d9%84%d9%82%d8%b1%d9%81%d8%a9-%d8%a8%d8%a7%d9%84%d8%aa%d9%81%d8%a7%d8%ad/,https://staging.lacuisinedebernard.com/%d8%a8%d8%a7%d9%86%d9%88%d9%83%d8%a7%d9%83%d9%88-%d8%a7%d9%84%d8%aa%d9%81%d8%a7%d8%ad-%d8%a8%d8%a7%d9%84%d9%82%d8%b1%d9%81%d8%a9-%d8%a8%d8%a7%d9%84%d8%aa%d9%81%d8%a7%d8%ad
https://www.lacuisinedebernard.com/%d8%a8%d8%a7%d9%86%d9%88%d9%83%d8%a7%d9%83%d9%88-%d8%a7%d9%84%d8%aa%d9%81%d8%a7%d8%ad-%d8%a8%d8%a7%d9%84%d9%82%d8%b1%d9%81%d8%a9-%d8%a8%d8%a7%d9%84%d8%aa%d9%81%d8%a7%d8%ad,https://staging.lacuisinedebernard.com/%d8%a8%d8%a7%d9%86%d9%88%d9%83%d8%a7%d9%83%d9%88-%d8%a7%d9%84%d8%aa%d9%81%d8%a7%d8%ad-%d8%a8%d8%a7%d9%84%d9%82%d8%b1%d9%81%d8%a9-%d8%a8%d8%a7%d9%84%d8%aa%d9%81%d8%a7%d8%ad
https://www.lacuisinedebernard.com/%d8%a8%d8%a7%d9%86%d9%88%d9%83%d8%a7%d9%83%d9%88-%d8%a7%d9%84%d8%aa%d9%81%d8%a7%d8%ad-%d8%a8%d8%a7%d9%84%d9%82%d8%b1%d9%81%d8%a9-%d8%a8%d8%a7%d9%84%d8%aa%d9%81%d8%a7%d8%ad/,https://staging.lacuisinedebernard.com/%d8%a8%d8%a7%d9%86%d9%88%d9%83%d8%a7%d9%83%d9%88-%d8%a7%d9%84%d8%aa%d9%81%d8%a7%d8%ad-%d8%a8%d8%a7%d9%84%d9%82%d8%b1%d9%81%d8%a9-%d8%a8%d8%a7%d9%84%d8%aa%d9%81%d8%a7%d8%ad
https://lacuisinedebernard.com/hotteok-filled-sweet-korean-pancakes,https://staging.lacuisinedebernard.com/hotteok-filled-sweet-korean-pancakes
https://lacuisinedebernard.com/hotteok-filled-sweet-korean-pancakes/,https://staging.lacuisinedebernard.com/hotteok-filled-sweet-korean-pancakes
https://www.lacuisinedebernard.com/hotteok-filled-sweet-korean-pancakes,https://staging.lacuisinedebernard.com/hotteok-filled-sweet-korean-pancakes
https://www.lacuisinedebernard.com/hotteok-filled-sweet-korean-pancakes/,https://staging.lacuisinedebernard.com/hotteok-filled-sweet-korean-pancakes
https://lacuisinedebernard.com/chicken-and-mushroom-smorrebrod,https://staging.lacuisinedebernard.com/chicken-and-mushroom-smorrebrod
https://lacuisinedebernard.com/chicken-and-mushroom-smorrebrod/,https://staging.lacuisinedebernard.com/chicken-and-mushroom-smorrebrod
https://www.lacuisinedebernard.com/chicken-and-mushroom-smorrebrod,https://staging.lacuisinedebernard.com/chicken-and-mushroom-smorrebrod
https://www.lacuisinedebernard.com/chicken-and-mushroom-smorrebrod/,https://staging.lacuisinedebernard.com/chicken-and-mushroom-smorrebrod
https://lacuisinedebernard.com/%d8%b1%d9%88%d8%ac%d8%a8%d8%b1%d9%88%d8%af-%d8%ae%d8%a8%d8%b2-%d8%a7%d9%84%d8%ac%d8%a7%d9%88%d8%af%d8%a7%d8%b1,https://staging.lacuisinedebernard.com/%d8%b1%d9%88%d8%ac%d8%a8%d8%b1%d9%88%d8%af-%d8%ae%d8%a8%d8%b2-%d8%a7%d9%84%d8%ac%d8%a7%d9%88%d8%af%d8%a7%d8%b1
https://lacuisinedebernard.com/%d8%b1%d9%88%d8%ac%d8%a8%d8%b1%d9%88%d8%af-%d8%ae%d8%a8%d8%b2-%d8%a7%d9%84%d8%ac%d8%a7%d9%88%d8%af%d8%a7%d8%b1/,https://staging.lacuisinedebernard.com/%d8%b1%d9%88%d8%ac%d8%a8%d8%b1%d9%88%d8%af-%d8%ae%d8%a8%d8%b2-%d8%a7%d9%84%d8%ac%d8%a7%d9%88%d8%af%d8%a7%d8%b1
https://www.lacuisinedebernard.com/%d8%b1%d9%88%d8%ac%d8%a8%d8%b1%d9%88%d8%af-%d8%ae%d8%a8%d8%b2-%d8%a7%d9%84%d8%ac%d8%a7%d9%88%d8%af%d8%a7%d8%b1,https://staging.lacuisinedebernard.com/%d8%b1%d9%88%d8%ac%d8%a8%d8%b1%d9%88%d8%af-%d8%ae%d8%a8%d8%b2-%d8%a7%d9%84%d8%ac%d8%a7%d9%88%d8%af%d8%a7%d8%b1
https://www.lacuisinedebernard.com/%d8%b1%d9%88%d8%ac%d8%a8%d8%b1%d9%88%d8%af-%d8%ae%d8%a8%d8%b2-%d8%a7%d9%84%d8%ac%d8%a7%d9%88%d8%af%d8%a7%d8%b1/,https://staging.lacuisinedebernard.com/%d8%b1%d9%88%d8%ac%d8%a8%d8%b1%d9%88%d8%af-%d8%ae%d8%a8%d8%b2-%d8%a7%d9%84%d8%ac%d8%a7%d9%88%d8%af%d8%a7%d8%b1
https://lacuisinedebernard.com/smorrebrod-de-frango-e-cogumelos,https://staging.lacuisinedebernard.com/smorrebrod-de-frango-e-cogumelos
https://lacuisinedebernard.com/smorrebrod-de-frango-e-cogumelos/,https://staging.lacuisinedebernard.com/smorrebrod-de-frango-e-cogumelos
https://www.lacuisinedebernard.com/smorrebrod-de-frango-e-cogumelos,https://staging.lacuisinedebernard.com/smorrebrod-de-frango-e-cogumelos
https://www.lacuisinedebernard.com/smorrebrod-de-frango-e-cogumelos/,https://staging.lacuisinedebernard.com/smorrebrod-de-frango-e-cogumelos
https://lacuisinedebernard.com/%d8%a5%d9%8a%d8%aa%d8%b4%d9%8a%d8%ba%d9%88-%d8%af%d8%a7%d9%8a%d9%81%d9%88%d9%83%d9%88-%d9%85%d9%88%d8%aa%d8%b4%d9%8a,https://staging.lacuisinedebernard.com/%d8%a5%d9%8a%d8%aa%d8%b4%d9%8a%d8%ba%d9%88-%d8%af%d8%a7%d9%8a%d9%81%d9%88%d9%83%d9%88-%d9%85%d9%88%d8%aa%d8%b4%d9%8a
https://lacuisinedebernard.com/%d8%a5%d9%8a%d8%aa%d8%b4%d9%8a%d8%ba%d9%88-%d8%af%d8%a7%d9%8a%d9%81%d9%88%d9%83%d9%88-%d9%85%d9%88%d8%aa%d8%b4%d9%8a/,https://staging.lacuisinedebernard.com/%d8%a5%d9%8a%d8%aa%d8%b4%d9%8a%d8%ba%d9%88-%d8%af%d8%a7%d9%8a%d9%81%d9%88%d9%83%d9%88-%d9%85%d9%88%d8%aa%d8%b4%d9%8a
https://www.lacuisinedebernard.com/%d8%a5%d9%8a%d8%aa%d8%b4%d9%8a%d8%ba%d9%88-%d8%af%d8%a7%d9%8a%d9%81%d9%88%d9%83%d9%88-%d9%85%d9%88%d8%aa%d8%b4%d9%8a,https://staging.lacuisinedebernard.com/%d8%a5%d9%8a%d8%aa%d8%b4%d9%8a%d8%ba%d9%88-%d8%af%d8%a7%d9%8a%d9%81%d9%88%d9%83%d9%88-%d9%85%d9%88%d8%aa%d8%b4%d9%8a
https://www.lacuisinedebernard.com/%d8%a5%d9%8a%d8%aa%d8%b4%d9%8a%d8%ba%d9%88-%d8%af%d8%a7%d9%8a%d9%81%d9%88%d9%83%d9%88-%d9%85%d9%88%d8%aa%d8%b4%d9%8a/,https://staging.lacuisinedebernard.com/%d8%a5%d9%8a%d8%aa%d8%b4%d9%8a%d8%ba%d9%88-%d8%af%d8%a7%d9%8a%d9%81%d9%88%d9%83%d9%88-%d9%85%d9%88%d8%aa%d8%b4%d9%8a
https://lacuisinedebernard.com/smorrebrod-de-pollo-y-champinones,https://staging.lacuisinedebernard.com/smorrebrod-de-pollo-y-champinones
https://lacuisinedebernard.com/smorrebrod-de-pollo-y-champinones/,https://staging.lacuisinedebernard.com/smorrebrod-de-pollo-y-champinones
https://www.lacuisinedebernard.com/smorrebrod-de-pollo-y-champinones,https://staging.lacuisinedebernard.com/smorrebrod-de-pollo-y-champinones
https://www.lacuisinedebernard.com/smorrebrod-de-pollo-y-champinones/,https://staging.lacuisinedebernard.com/smorrebrod-de-pollo-y-champinones
https://lacuisinedebernard.com/%d8%af%d9%88%d8%b1%d8%a7%d9%8a%d8%a7%d9%83%d9%8a-%d9%88%d8%aa%d8%a7%d9%8a%d8%a7%d9%83%d9%8a,https://staging.lacuisinedebernard.com/%d8%af%d9%88%d8%b1%d8%a7%d9%8a%d8%a7%d9%83%d9%8a-%d9%88%d8%aa%d8%a7%d9%8a%d8%a7%d9%83%d9%8a
https://lacuisinedebernard.com/%d8%af%d9%88%d8%b1%d8%a7%d9%8a%d8%a7%d9%83%d9%8a-%d9%88%d8%aa%d8%a7%d9%8a%d8%a7%d9%83%d9%8a/,https://staging.lacuisinedebernard.com/%d8%af%d9%88%d8%b1%d8%a7%d9%8a%d8%a7%d9%83%d9%8a-%d9%88%d8%aa%d8%a7%d9%8a%d8%a7%d9%83%d9%8a
https://www.lacuisinedebernard.com/%d8%af%d9%88%d8%b1%d8%a7%d9%8a%d8%a7%d9%83%d9%8a-%d9%88%d8%aa%d8%a7%d9%8a%d8%a7%d9%83%d9%8a,https://staging.lacuisinedebernard.com/%d8%af%d9%88%d8%b1%d8%a7%d9%8a%d8%a7%d9%83%d9%8a-%d9%88%d8%aa%d8%a7%d9%8a%d8%a7%d9%83%d9%8a
https://www.lacuisinedebernard.com/%d8%af%d9%88%d8%b1%d8%a7%d9%8a%d8%a7%d9%83%d9%8a-%d9%88%d8%aa%d8%a7%d9%8a%d8%a7%d9%83%d9%8a/,https://staging.lacuisinedebernard.com/%d8%af%d9%88%d8%b1%d8%a7%d9%8a%d8%a7%d9%83%d9%8a-%d9%88%d8%aa%d8%a7%d9%8a%d8%a7%d9%83%d9%8a
https://lacuisinedebernard.com/%d8%b3%d9%85%d9%88%d8%b1%d8%a8%d8%b1%d9%88%d8%af-%d8%a7%d9%84%d9%82%d8%b1%d9%8a%d8%af%d8%b3,https://staging.lacuisinedebernard.com/%d8%b3%d9%85%d9%88%d8%b1%d8%a8%d8%b1%d9%88%d8%af-%d8%a7%d9%84%d9%82%d8%b1%d9%8a%d8%af%d8%b3
https://lacuisinedebernard.com/%d8%b3%d9%85%d9%88%d8%b1%d8%a8%d8%b1%d9%88%d8%af-%d8%a7%d9%84%d9%82%d8%b1%d9%8a%d8%af%d8%b3/,https://staging.lacuisinedebernard.com/%d8%b3%d9%85%d9%88%d8%b1%d8%a8%d8%b1%d9%88%d8%af-%d8%a7%d9%84%d9%82%d8%b1%d9%8a%d8%af%d8%b3
https://www.lacuisinedebernard.com/%d8%b3%d9%85%d9%88%d8%b1%d8%a8%d8%b1%d9%88%d8%af-%d8%a7%d9%84%d9%82%d8%b1%d9%8a%d8%af%d8%b3,https://staging.lacuisinedebernard.com/%d8%b3%d9%85%d9%88%d8%b1%d8%a8%d8%b1%d9%88%d8%af-%d8%a7%d9%84%d9%82%d8%b1%d9%8a%d8%af%d8%b3
https://www.lacuisinedebernard.com/%d8%b3%d9%85%d9%88%d8%b1%d8%a8%d8%b1%d9%88%d8%af-%d8%a7%d9%84%d9%82%d8%b1%d9%8a%d8%af%d8%b3/,https://staging.lacuisinedebernard.com/%d8%b3%d9%85%d9%88%d8%b1%d8%a8%d8%b1%d9%88%d8%af-%d8%a7%d9%84%d9%82%d8%b1%d9%8a%d8%af%d8%b3
https://lacuisinedebernard.com/dorayaki-y-taiyaki,https://staging.lacuisinedebernard.com/dorayaki-y-taiyaki
https://lacuisinedebernard.com/dorayaki-y-taiyaki/,https://staging.lacuisinedebernard.com/dorayaki-y-taiyaki
https://www.lacuisinedebernard.com/dorayaki-y-taiyaki,https://staging.lacuisinedebernard.com/dorayaki-y-taiyaki
https://www.lacuisinedebernard.com/dorayaki-y-taiyaki/,https://staging.lacuisinedebernard.com/dorayaki-y-taiyaki
https://lacuisinedebernard.com/shrimp-smorrebrod,https://staging.lacuisinedebernard.com/shrimp-smorrebrod
https://lacuisinedebernard.com/shrimp-smorrebrod/,https://staging.lacuisinedebernard.com/shrimp-smorrebrod
https://www.lacuisinedebernard.com/shrimp-smorrebrod,https://staging.lacuisinedebernard.com/shrimp-smorrebrod
https://www.lacuisinedebernard.com/shrimp-smorrebrod/,https://staging.lacuisinedebernard.com/shrimp-smorrebrod
https://lacuisinedebernard.com/pasteles-de-gambas-picantes,https://staging.lacuisinedebernard.com/pasteles-de-gambas-picantes
https://lacuisinedebernard.com/pasteles-de-gambas-picantes/,https://staging.lacuisinedebernard.com/pasteles-de-gambas-picantes
https://www.lacuisinedebernard.com/pasteles-de-gambas-picantes,https://staging.lacuisinedebernard.com/pasteles-de-gambas-picantes
https://www.lacuisinedebernard.com/pasteles-de-gambas-picantes/,https://staging.lacuisinedebernard.com/pasteles-de-gambas-picantes
https://lacuisinedebernard.com/sabor-de-camarao,https://staging.lacuisinedebernard.com/sabor-de-camarao
https://lacuisinedebernard.com/sabor-de-camarao/,https://staging.lacuisinedebernard.com/sabor-de-camarao
https://www.lacuisinedebernard.com/sabor-de-camarao,https://staging.lacuisinedebernard.com/sabor-de-camarao
https://www.lacuisinedebernard.com/sabor-de-camarao/,https://staging.lacuisinedebernard.com/sabor-de-camarao
https://lacuisinedebernard.com/smorrebrod-de-gambas,https://staging.lacuisinedebernard.com/smorrebrod-de-gambas
https://lacuisinedebernard.com/smorrebrod-de-gambas/,https://staging.lacuisinedebernard.com/smorrebrod-de-gambas
https://www.lacuisinedebernard.com/smorrebrod-de-gambas,https://staging.lacuisinedebernard.com/smorrebrod-de-gambas
https://www.lacuisinedebernard.com/smorrebrod-de-gambas/,https://staging.lacuisinedebernard.com/smorrebrod-de-gambas
https://lacuisinedebernard.com/%d9%84%d9%81%d8%a7%d8%a6%d9%81-%d8%b3%d9%84%d8%b7%d8%a9-%d8%a7%d9%84%d8%af%d8%ac%d8%a7%d8%ac-%d8%a8%d8%a7%d9%84%d9%83%d8%a7%d8%b1%d9%8a-%d9%88%d8%a7%d9%84%d8%aa%d9%81%d8%a7%d8%ad-%d8%a7%d9%84%d8%a3,https://staging.lacuisinedebernard.com/%d9%84%d9%81%d8%a7%d8%a6%d9%81-%d8%b3%d9%84%d8%b7%d8%a9-%d8%a7%d9%84%d8%af%d8%ac%d8%a7%d8%ac-%d8%a8%d8%a7%d9%84%d9%83%d8%a7%d8%b1%d9%8a-%d9%88%d8%a7%d9%84%d8%aa%d9%81%d8%a7%d8%ad-%d8%a7%d9%84%d8%a3
https://lacuisinedebernard.com/%d9%84%d9%81%d8%a7%d8%a6%d9%81-%d8%b3%d9%84%d8%b7%d8%a9-%d8%a7%d9%84%d8%af%d8%ac%d8%a7%d8%ac-%d8%a8%d8%a7%d9%84%d9%83%d8%a7%d8%b1%d9%8a-%d9%88%d8%a7%d9%84%d8%aa%d9%81%d8%a7%d8%ad-%d8%a7%d9%84%d8%a3/,https://staging.lacuisinedebernard.com/%d9%84%d9%81%d8%a7%d8%a6%d9%81-%d8%b3%d9%84%d8%b7%d8%a9-%d8%a7%d9%84%d8%af%d8%ac%d8%a7%d8%ac-%d8%a8%d8%a7%d9%84%d9%83%d8%a7%d8%b1%d9%8a-%d9%88%d8%a7%d9%84%d8%aa%d9%81%d8%a7%d8%ad-%d8%a7%d9%84%d8%a3
https://www.lacuisinedebernard.com/%d9%84%d9%81%d8%a7%d8%a6%d9%81-%d8%b3%d9%84%d8%b7%d8%a9-%d8%a7%d9%84%d8%af%d8%ac%d8%a7%d8%ac-%d8%a8%d8%a7%d9%84%d9%83%d8%a7%d8%b1%d9%8a-%d9%88%d8%a7%d9%84%d8%aa%d9%81%d8%a7%d8%ad-%d8%a7%d9%84%d8%a3,https://staging.lacuisinedebernard.com/%d9%84%d9%81%d8%a7%d8%a6%d9%81-%d8%b3%d9%84%d8%b7%d8%a9-%d8%a7%d9%84%d8%af%d8%ac%d8%a7%d8%ac-%d8%a8%d8%a7%d9%84%d9%83%d8%a7%d8%b1%d9%8a-%d9%88%d8%a7%d9%84%d8%aa%d9%81%d8%a7%d8%ad-%d8%a7%d9%84%d8%a3
https://www.lacuisinedebernard.com/%d9%84%d9%81%d8%a7%d8%a6%d9%81-%d8%b3%d9%84%d8%b7%d8%a9-%d8%a7%d9%84%d8%af%d8%ac%d8%a7%d8%ac-%d8%a8%d8%a7%d9%84%d9%83%d8%a7%d8%b1%d9%8a-%d9%88%d8%a7%d9%84%d8%aa%d9%81%d8%a7%d8%ad-%d8%a7%d9%84%d8%a3/,https://staging.lacuisinedebernard.com/%d9%84%d9%81%d8%a7%d8%a6%d9%81-%d8%b3%d9%84%d8%b7%d8%a9-%d8%a7%d9%84%d8%af%d8%ac%d8%a7%d8%ac-%d8%a8%d8%a7%d9%84%d9%83%d8%a7%d8%b1%d9%8a-%d9%88%d8%a7%d9%84%d8%aa%d9%81%d8%a7%d8%ad-%d8%a7%d9%84%d8%a3
https://lacuisinedebernard.com/%d9%83%d8%b9%d9%83-%d8%a7%d9%84%d8%b1%d9%88%d8%a8%d9%8a%d8%a7%d9%86-%d8%a7%d9%84%d8%ad%d8%a7%d8%b1,https://staging.lacuisinedebernard.com/%d9%83%d8%b9%d9%83-%d8%a7%d9%84%d8%b1%d9%88%d8%a8%d9%8a%d8%a7%d9%86-%d8%a7%d9%84%d8%ad%d8%a7%d8%b1
https://lacuisinedebernard.com/%d9%83%d8%b9%d9%83-%d8%a7%d9%84%d8%b1%d9%88%d8%a8%d9%8a%d8%a7%d9%86-%d8%a7%d9%84%d8%ad%d8%a7%d8%b1/,https://staging.lacuisinedebernard.com/%d9%83%d8%b9%d9%83-%d8%a7%d9%84%d8%b1%d9%88%d8%a8%d9%8a%d8%a7%d9%86-%d8%a7%d9%84%d8%ad%d8%a7%d8%b1
https://www.lacuisinedebernard.com/%d9%83%d8%b9%d9%83-%d8%a7%d9%84%d8%b1%d9%88%d8%a8%d9%8a%d8%a7%d9%86-%d8%a7%d9%84%d8%ad%d8%a7%d8%b1,https://staging.lacuisinedebernard.com/%d9%83%d8%b9%d9%83-%d8%a7%d9%84%d8%b1%d9%88%d8%a8%d9%8a%d8%a7%d9%86-%d8%a7%d9%84%d8%ad%d8%a7%d8%b1
https://www.lacuisinedebernard.com/%d9%83%d8%b9%d9%83-%d8%a7%d9%84%d8%b1%d9%88%d8%a8%d9%8a%d8%a7%d9%86-%d8%a7%d9%84%d8%ad%d8%a7%d8%b1/,https://staging.lacuisinedebernard.com/%d9%83%d8%b9%d9%83-%d8%a7%d9%84%d8%b1%d9%88%d8%a8%d9%8a%d8%a7%d9%86-%d8%a7%d9%84%d8%ad%d8%a7%d8%b1
https://lacuisinedebernard.com/chicken-curry-green-apple-and-avocado-salad-rolls,https://staging.lacuisinedebernard.com/chicken-curry-green-apple-and-avocado-salad-rolls
https://lacuisinedebernard.com/chicken-curry-green-apple-and-avocado-salad-rolls/,https://staging.lacuisinedebernard.com/chicken-curry-green-apple-and-avocado-salad-rolls
https://www.lacuisinedebernard.com/chicken-curry-green-apple-and-avocado-salad-rolls,https://staging.lacuisinedebernard.com/chicken-curry-green-apple-and-avocado-salad-rolls
https://www.lacuisinedebernard.com/chicken-curry-green-apple-and-avocado-salad-rolls/,https://staging.lacuisinedebernard.com/chicken-curry-green-apple-and-avocado-salad-rolls
https://lacuisinedebernard.com/spicy-shrimp-cakes,https://staging.lacuisinedebernard.com/spicy-shrimp-cakes
https://lacuisinedebernard.com/spicy-shrimp-cakes/,https://staging.lacuisinedebernard.com/spicy-shrimp-cakes
https://www.lacuisinedebernard.com/spicy-shrimp-cakes,https://staging.lacuisinedebernard.com/spicy-shrimp-cakes
https://www.lacuisinedebernard.com/spicy-shrimp-cakes/,https://staging.lacuisinedebernard.com/spicy-shrimp-cakes
https://lacuisinedebernard.com/rolinhos-de-salada-com-frango-ao-curry-maca-verde-e-abacate,https://staging.lacuisinedebernard.com/rolinhos-de-salada-com-frango-ao-curry-maca-verde-e-abacate
https://lacuisinedebernard.com/rolinhos-de-salada-com-frango-ao-curry-maca-verde-e-abacate/,https://staging.lacuisinedebernard.com/rolinhos-de-salada-com-frango-ao-curry-maca-verde-e-abacate
https://www.lacuisinedebernard.com/rolinhos-de-salada-com-frango-ao-curry-maca-verde-e-abacate,https://staging.lacuisinedebernard.com/rolinhos-de-salada-com-frango-ao-curry-maca-verde-e-abacate
https://www.lacuisinedebernard.com/rolinhos-de-salada-com-frango-ao-curry-maca-verde-e-abacate/,https://staging.lacuisinedebernard.com/rolinhos-de-salada-com-frango-ao-curry-maca-verde-e-abacate
https://lacuisinedebernard.com/rollitos-de-ensalada-de-pollo-al-curry-manzana-verde-y-aguacate,https://staging.lacuisinedebernard.com/rollitos-de-ensalada-de-pollo-al-curry-manzana-verde-y-aguacate
https://lacuisinedebernard.com/rollitos-de-ensalada-de-pollo-al-curry-manzana-verde-y-aguacate/,https://staging.lacuisinedebernard.com/rollitos-de-ensalada-de-pollo-al-curry-manzana-verde-y-aguacate
https://www.lacuisinedebernard.com/rollitos-de-ensalada-de-pollo-al-curry-manzana-verde-y-aguacate,https://staging.lacuisinedebernard.com/rollitos-de-ensalada-de-pollo-al-curry-manzana-verde-y-aguacate
https://www.lacuisinedebernard.com/rollitos-de-ensalada-de-pollo-al-curry-manzana-verde-y-aguacate/,https://staging.lacuisinedebernard.com/rollitos-de-ensalada-de-pollo-al-curry-manzana-verde-y-aguacate
https://lacuisinedebernard.com/bolinhos-de-camarao-picantes,https://staging.lacuisinedebernard.com/bolinhos-de-camarao-picantes
https://lacuisinedebernard.com/bolinhos-de-camarao-picantes/,https://staging.lacuisinedebernard.com/bolinhos-de-camarao-picantes
https://www.lacuisinedebernard.com/bolinhos-de-camarao-picantes,https://staging.lacuisinedebernard.com/bolinhos-de-camarao-picantes
https://www.lacuisinedebernard.com/bolinhos-de-camarao-picantes/,https://staging.lacuisinedebernard.com/bolinhos-de-camarao-picantes
https://lacuisinedebernard.com/%d9%83%d8%b9%d9%83%d8%a9-%d8%a7%d9%84%d8%b3%d9%85%d9%8a%d8%af-%d9%88%d8%a7%d9%84%d9%81%d8%b3%d8%aa%d9%82-%d9%88%d9%82%d8%b4%d8%b1-%d8%a7%d9%84%d8%a8%d8%b1%d8%aa%d9%82%d8%a7%d9%84-%d8%a8%d8%a7%d9%84,https://staging.lacuisinedebernard.com/%d9%83%d8%b9%d9%83%d8%a9-%d8%a7%d9%84%d8%b3%d9%85%d9%8a%d8%af-%d9%88%d8%a7%d9%84%d9%81%d8%b3%d8%aa%d9%82-%d9%88%d9%82%d8%b4%d8%b1-%d8%a7%d9%84%d8%a8%d8%b1%d8%aa%d9%82%d8%a7%d9%84-%d8%a8%d8%a7%d9%84
https://lacuisinedebernard.com/%d9%83%d8%b9%d9%83%d8%a9-%d8%a7%d9%84%d8%b3%d9%85%d9%8a%d8%af-%d9%88%d8%a7%d9%84%d9%81%d8%b3%d8%aa%d9%82-%d9%88%d9%82%d8%b4%d8%b1-%d8%a7%d9%84%d8%a8%d8%b1%d8%aa%d9%82%d8%a7%d9%84-%d8%a8%d8%a7%d9%84/,https://staging.lacuisinedebernard.com/%d9%83%d8%b9%d9%83%d8%a9-%d8%a7%d9%84%d8%b3%d9%85%d9%8a%d8%af-%d9%88%d8%a7%d9%84%d9%81%d8%b3%d8%aa%d9%82-%d9%88%d9%82%d8%b4%d8%b1-%d8%a7%d9%84%d8%a8%d8%b1%d8%aa%d9%82%d8%a7%d9%84-%d8%a8%d8%a7%d9%84
https://www.lacuisinedebernard.com/%d9%83%d8%b9%d9%83%d8%a9-%d8%a7%d9%84%d8%b3%d9%85%d9%8a%d8%af-%d9%88%d8%a7%d9%84%d9%81%d8%b3%d8%aa%d9%82-%d9%88%d9%82%d8%b4%d8%b1-%d8%a7%d9%84%d8%a8%d8%b1%d8%aa%d9%82%d8%a7%d9%84-%d8%a8%d8%a7%d9%84,https://staging.lacuisinedebernard.com/%d9%83%d8%b9%d9%83%d8%a9-%d8%a7%d9%84%d8%b3%d9%85%d9%8a%d8%af-%d9%88%d8%a7%d9%84%d9%81%d8%b3%d8%aa%d9%82-%d9%88%d9%82%d8%b4%d8%b1-%d8%a7%d9%84%d8%a8%d8%b1%d8%aa%d9%82%d8%a7%d9%84-%d8%a8%d8%a7%d9%84
https://www.lacuisinedebernard.com/%d9%83%d8%b9%d9%83%d8%a9-%d8%a7%d9%84%d8%b3%d9%85%d9%8a%d8%af-%d9%88%d8%a7%d9%84%d9%81%d8%b3%d8%aa%d9%82-%d9%88%d9%82%d8%b4%d8%b1-%d8%a7%d9%84%d8%a8%d8%b1%d8%aa%d9%82%d8%a7%d9%84-%d8%a8%d8%a7%d9%84/,https://staging.lacuisinedebernard.com/%d9%83%d8%b9%d9%83%d8%a9-%d8%a7%d9%84%d8%b3%d9%85%d9%8a%d8%af-%d9%88%d8%a7%d9%84%d9%81%d8%b3%d8%aa%d9%82-%d9%88%d9%82%d8%b4%d8%b1-%d8%a7%d9%84%d8%a8%d8%b1%d8%aa%d9%82%d8%a7%d9%84-%d8%a8%d8%a7%d9%84
https://lacuisinedebernard.com/semolina-pistachio-and-orange-zest-cake,https://staging.lacuisinedebernard.com/semolina-pistachio-and-orange-zest-cake
https://lacuisinedebernard.com/semolina-pistachio-and-orange-zest-cake/,https://staging.lacuisinedebernard.com/semolina-pistachio-and-orange-zest-cake
https://www.lacuisinedebernard.com/semolina-pistachio-and-orange-zest-cake,https://staging.lacuisinedebernard.com/semolina-pistachio-and-orange-zest-cake
https://www.lacuisinedebernard.com/semolina-pistachio-and-orange-zest-cake/,https://staging.lacuisinedebernard.com/semolina-pistachio-and-orange-zest-cake
https://lacuisinedebernard.com/bolo-de-semolina-pistache-e-raspas-de-laranja,https://staging.lacuisinedebernard.com/bolo-de-semolina-pistache-e-raspas-de-laranja
https://lacuisinedebernard.com/bolo-de-semolina-pistache-e-raspas-de-laranja/,https://staging.lacuisinedebernard.com/bolo-de-semolina-pistache-e-raspas-de-laranja
https://www.lacuisinedebernard.com/bolo-de-semolina-pistache-e-raspas-de-laranja,https://staging.lacuisinedebernard.com/bolo-de-semolina-pistache-e-raspas-de-laranja
https://www.lacuisinedebernard.com/bolo-de-semolina-pistache-e-raspas-de-laranja/,https://staging.lacuisinedebernard.com/bolo-de-semolina-pistache-e-raspas-de-laranja
https://lacuisinedebernard.com/%d8%a8%d8%a7%d8%a8%d9%83%d8%a7-%d8%a7%d9%84%d9%83%d8%b3%d8%aa%d9%86%d8%a7%d8%a1-%d9%88%d8%a7%d9%84%d8%ac%d9%88%d8%b2-%d9%88%d9%83%d8%b1%d9%8a%d9%85%d8%a9-%d8%a7%d9%84%d8%ac%d9%88%d8%b2-%d9%88%d8%a7,https://staging.lacuisinedebernard.com/%d8%a8%d8%a7%d8%a8%d9%83%d8%a7-%d8%a7%d9%84%d9%83%d8%b3%d8%aa%d9%86%d8%a7%d8%a1-%d9%88%d8%a7%d9%84%d8%ac%d9%88%d8%b2-%d9%88%d9%83%d8%b1%d9%8a%d9%85%d8%a9-%d8%a7%d9%84%d8%ac%d9%88%d8%b2-%d9%88%d8%a7
https://lacuisinedebernard.com/%d8%a8%d8%a7%d8%a8%d9%83%d8%a7-%d8%a7%d9%84%d9%83%d8%b3%d8%aa%d9%86%d8%a7%d8%a1-%d9%88%d8%a7%d9%84%d8%ac%d9%88%d8%b2-%d9%88%d9%83%d8%b1%d9%8a%d9%85%d8%a9-%d8%a7%d9%84%d8%ac%d9%88%d8%b2-%d9%88%d8%a7/,https://staging.lacuisinedebernard.com/%d8%a8%d8%a7%d8%a8%d9%83%d8%a7-%d8%a7%d9%84%d9%83%d8%b3%d8%aa%d9%86%d8%a7%d8%a1-%d9%88%d8%a7%d9%84%d8%ac%d9%88%d8%b2-%d9%88%d9%83%d8%b1%d9%8a%d9%85%d8%a9-%d8%a7%d9%84%d8%ac%d9%88%d8%b2-%d9%88%d8%a7
https://www.lacuisinedebernard.com/%d8%a8%d8%a7%d8%a8%d9%83%d8%a7-%d8%a7%d9%84%d9%83%d8%b3%d8%aa%d9%86%d8%a7%d8%a1-%d9%88%d8%a7%d9%84%d8%ac%d9%88%d8%b2-%d9%88%d9%83%d8%b1%d9%8a%d9%85%d8%a9-%d8%a7%d9%84%d8%ac%d9%88%d8%b2-%d9%88%d8%a7,https://staging.lacuisinedebernard.com/%d8%a8%d8%a7%d8%a8%d9%83%d8%a7-%d8%a7%d9%84%d9%83%d8%b3%d8%aa%d9%86%d8%a7%d8%a1-%d9%88%d8%a7%d9%84%d8%ac%d9%88%d8%b2-%d9%88%d9%83%d8%b1%d9%8a%d9%85%d8%a9-%d8%a7%d9%84%d8%ac%d9%88%d8%b2-%d9%88%d8%a7
https://www.lacuisinedebernard.com/%d8%a8%d8%a7%d8%a8%d9%83%d8%a7-%d8%a7%d9%84%d9%83%d8%b3%d8%aa%d9%86%d8%a7%d8%a1-%d9%88%d8%a7%d9%84%d8%ac%d9%88%d8%b2-%d9%88%d9%83%d8%b1%d9%8a%d9%85%d8%a9-%d8%a7%d9%84%d8%ac%d9%88%d8%b2-%d9%88%d8%a7/,https://staging.lacuisinedebernard.com/%d8%a8%d8%a7%d8%a8%d9%83%d8%a7-%d8%a7%d9%84%d9%83%d8%b3%d8%aa%d9%86%d8%a7%d8%a1-%d9%88%d8%a7%d9%84%d8%ac%d9%88%d8%b2-%d9%88%d9%83%d8%b1%d9%8a%d9%85%d8%a9-%d8%a7%d9%84%d8%ac%d9%88%d8%b2-%d9%88%d8%a7
https://lacuisinedebernard.com/pastel-de-semola-pistacho-y-ralladura-de-naranja,https://staging.lacuisinedebernard.com/pastel-de-semola-pistacho-y-ralladura-de-naranja
https://lacuisinedebernard.com/pastel-de-semola-pistacho-y-ralladura-de-naranja/,https://staging.lacuisinedebernard.com/pastel-de-semola-pistacho-y-ralladura-de-naranja
https://www.lacuisinedebernard.com/pastel-de-semola-pistacho-y-ralladura-de-naranja,https://staging.lacuisinedebernard.com/pastel-de-semola-pistacho-y-ralladura-de-naranja
https://www.lacuisinedebernard.com/pastel-de-semola-pistacho-y-ralladura-de-naranja/,https://staging.lacuisinedebernard.com/pastel-de-semola-pistacho-y-ralladura-de-naranja
https://lacuisinedebernard.com/babka-chestnut-cream-walnuts-and-cream-cheese,https://staging.lacuisinedebernard.com/babka-chestnut-cream-walnuts-and-cream-cheese
https://lacuisinedebernard.com/babka-chestnut-cream-walnuts-and-cream-cheese/,https://staging.lacuisinedebernard.com/babka-chestnut-cream-walnuts-and-cream-cheese
https://www.lacuisinedebernard.com/babka-chestnut-cream-walnuts-and-cream-cheese,https://staging.lacuisinedebernard.com/babka-chestnut-cream-walnuts-and-cream-cheese
https://www.lacuisinedebernard.com/babka-chestnut-cream-walnuts-and-cream-cheese/,https://staging.lacuisinedebernard.com/babka-chestnut-cream-walnuts-and-cream-cheese
https://lacuisinedebernard.com/babka-de-castanha-nozes-e-creme-de-queijo-cremoso,https://staging.lacuisinedebernard.com/babka-de-castanha-nozes-e-creme-de-queijo-cremoso
https://lacuisinedebernard.com/babka-de-castanha-nozes-e-creme-de-queijo-cremoso/,https://staging.lacuisinedebernard.com/babka-de-castanha-nozes-e-creme-de-queijo-cremoso
https://www.lacuisinedebernard.com/babka-de-castanha-nozes-e-creme-de-queijo-cremoso,https://staging.lacuisinedebernard.com/babka-de-castanha-nozes-e-creme-de-queijo-cremoso
https://www.lacuisinedebernard.com/babka-de-castanha-nozes-e-creme-de-queijo-cremoso/,https://staging.lacuisinedebernard.com/babka-de-castanha-nozes-e-creme-de-queijo-cremoso
https://lacuisinedebernard.com/galletas-de-avena-arandanos-naranja-y-chocolate-blanco,https://staging.lacuisinedebernard.com/galletas-de-avena-arandanos-naranja-y-chocolate-blanco
https://lacuisinedebernard.com/galletas-de-avena-arandanos-naranja-y-chocolate-blanco/,https://staging.lacuisinedebernard.com/galletas-de-avena-arandanos-naranja-y-chocolate-blanco
https://www.lacuisinedebernard.com/galletas-de-avena-arandanos-naranja-y-chocolate-blanco,https://staging.lacuisinedebernard.com/galletas-de-avena-arandanos-naranja-y-chocolate-blanco
https://www.lacuisinedebernard.com/galletas-de-avena-arandanos-naranja-y-chocolate-blanco/,https://staging.lacuisinedebernard.com/galletas-de-avena-arandanos-naranja-y-chocolate-blanco
https://lacuisinedebernard.com/%d9%85%d8%b1%d8%a8%d8%b9%d8%a7%d8%aa-%d8%a7%d9%84%d8%ac%d8%b1%d8%a7%d9%86%d9%88%d9%84%d8%a7,https://staging.lacuisinedebernard.com/%d9%85%d8%b1%d8%a8%d8%b9%d8%a7%d8%aa-%d8%a7%d9%84%d8%ac%d8%b1%d8%a7%d9%86%d9%88%d9%84%d8%a7
https://lacuisinedebernard.com/%d9%85%d8%b1%d8%a8%d8%b9%d8%a7%d8%aa-%d8%a7%d9%84%d8%ac%d8%b1%d8%a7%d9%86%d9%88%d9%84%d8%a7/,https://staging.lacuisinedebernard.com/%d9%85%d8%b1%d8%a8%d8%b9%d8%a7%d8%aa-%d8%a7%d9%84%d8%ac%d8%b1%d8%a7%d9%86%d9%88%d9%84%d8%a7
https://www.lacuisinedebernard.com/%d9%85%d8%b1%d8%a8%d8%b9%d8%a7%d8%aa-%d8%a7%d9%84%d8%ac%d8%b1%d8%a7%d9%86%d9%88%d9%84%d8%a7,https://staging.lacuisinedebernard.com/%d9%85%d8%b1%d8%a8%d8%b9%d8%a7%d8%aa-%d8%a7%d9%84%d8%ac%d8%b1%d8%a7%d9%86%d9%88%d9%84%d8%a7
https://www.lacuisinedebernard.com/%d9%85%d8%b1%d8%a8%d8%b9%d8%a7%d8%aa-%d8%a7%d9%84%d8%ac%d8%b1%d8%a7%d9%86%d9%88%d9%84%d8%a7/,https://staging.lacuisinedebernard.com/%d9%85%d8%b1%d8%a8%d8%b9%d8%a7%d8%aa-%d8%a7%d9%84%d8%ac%d8%b1%d8%a7%d9%86%d9%88%d9%84%d8%a7
https://lacuisinedebernard.com/babka-de-castanas-nueces-y-queso-crema,https://staging.lacuisinedebernard.com/babka-de-castanas-nueces-y-queso-crema
https://lacuisinedebernard.com/babka-de-castanas-nueces-y-queso-crema/,https://staging.lacuisinedebernard.com/babka-de-castanas-nueces-y-queso-crema
https://www.lacuisinedebernard.com/babka-de-castanas-nueces-y-queso-crema,https://staging.lacuisinedebernard.com/babka-de-castanas-nueces-y-queso-crema
https://www.lacuisinedebernard.com/babka-de-castanas-nueces-y-queso-crema/,https://staging.lacuisinedebernard.com/babka-de-castanas-nueces-y-queso-crema
https://lacuisinedebernard.com/granola-squares,https://staging.lacuisinedebernard.com/granola-squares
https://lacuisinedebernard.com/granola-squares/,https://staging.lacuisinedebernard.com/granola-squares
https://www.lacuisinedebernard.com/granola-squares,https://staging.lacuisinedebernard.com/granola-squares
https://www.lacuisinedebernard.com/granola-squares/,https://staging.lacuisinedebernard.com/granola-squares
https://lacuisinedebernard.com/%d9%83%d8%b9%d9%83%d8%a9-%d8%a7%d9%84%d8%b4%d9%88%d9%81%d8%a7%d9%86-%d8%a8%d8%a7%d9%84%d8%aa%d9%88%d8%aa-%d8%a7%d9%84%d8%a8%d8%b1%d9%8a-%d9%88%d8%a7%d9%84%d8%a8%d8%b1%d8%aa%d9%82%d8%a7%d9%84-%d9%88,https://staging.lacuisinedebernard.com/%d9%83%d8%b9%d9%83%d8%a9-%d8%a7%d9%84%d8%b4%d9%88%d9%81%d8%a7%d9%86-%d8%a8%d8%a7%d9%84%d8%aa%d9%88%d8%aa-%d8%a7%d9%84%d8%a8%d8%b1%d9%8a-%d9%88%d8%a7%d9%84%d8%a8%d8%b1%d8%aa%d9%82%d8%a7%d9%84-%d9%88
https://lacuisinedebernard.com/%d9%83%d8%b9%d9%83%d8%a9-%d8%a7%d9%84%d8%b4%d9%88%d9%81%d8%a7%d9%86-%d8%a8%d8%a7%d9%84%d8%aa%d9%88%d8%aa-%d8%a7%d9%84%d8%a8%d8%b1%d9%8a-%d9%88%d8%a7%d9%84%d8%a8%d8%b1%d8%aa%d9%82%d8%a7%d9%84-%d9%88/,https://staging.lacuisinedebernard.com/%d9%83%d8%b9%d9%83%d8%a9-%d8%a7%d9%84%d8%b4%d9%88%d9%81%d8%a7%d9%86-%d8%a8%d8%a7%d9%84%d8%aa%d9%88%d8%aa-%d8%a7%d9%84%d8%a8%d8%b1%d9%8a-%d9%88%d8%a7%d9%84%d8%a8%d8%b1%d8%aa%d9%82%d8%a7%d9%84-%d9%88
https://www.lacuisinedebernard.com/%d9%83%d8%b9%d9%83%d8%a9-%d8%a7%d9%84%d8%b4%d9%88%d9%81%d8%a7%d9%86-%d8%a8%d8%a7%d9%84%d8%aa%d9%88%d8%aa-%d8%a7%d9%84%d8%a8%d8%b1%d9%8a-%d9%88%d8%a7%d9%84%d8%a8%d8%b1%d8%aa%d9%82%d8%a7%d9%84-%d9%88,https://staging.lacuisinedebernard.com/%d9%83%d8%b9%d9%83%d8%a9-%d8%a7%d9%84%d8%b4%d9%88%d9%81%d8%a7%d9%86-%d8%a8%d8%a7%d9%84%d8%aa%d9%88%d8%aa-%d8%a7%d9%84%d8%a8%d8%b1%d9%8a-%d9%88%d8%a7%d9%84%d8%a8%d8%b1%d8%aa%d9%82%d8%a7%d9%84-%d9%88
https://www.lacuisinedebernard.com/%d9%83%d8%b9%d9%83%d8%a9-%d8%a7%d9%84%d8%b4%d9%88%d9%81%d8%a7%d9%86-%d8%a8%d8%a7%d9%84%d8%aa%d9%88%d8%aa-%d8%a7%d9%84%d8%a8%d8%b1%d9%8a-%d9%88%d8%a7%d9%84%d8%a8%d8%b1%d8%aa%d9%82%d8%a7%d9%84-%d9%88/,https://staging.lacuisinedebernard.com/%d9%83%d8%b9%d9%83%d8%a9-%d8%a7%d9%84%d8%b4%d9%88%d9%81%d8%a7%d9%86-%d8%a8%d8%a7%d9%84%d8%aa%d9%88%d8%aa-%d8%a7%d9%84%d8%a8%d8%b1%d9%8a-%d9%88%d8%a7%d9%84%d8%a8%d8%b1%d8%aa%d9%82%d8%a7%d9%84-%d9%88
https://lacuisinedebernard.com/oatmeal-cranberry-orange-and-white-chocolate-shortbread,https://staging.lacuisinedebernard.com/oatmeal-cranberry-orange-and-white-chocolate-shortbread
https://lacuisinedebernard.com/oatmeal-cranberry-orange-and-white-chocolate-shortbread/,https://staging.lacuisinedebernard.com/oatmeal-cranberry-orange-and-white-chocolate-shortbread
https://www.lacuisinedebernard.com/oatmeal-cranberry-orange-and-white-chocolate-shortbread,https://staging.lacuisinedebernard.com/oatmeal-cranberry-orange-and-white-chocolate-shortbread
https://www.lacuisinedebernard.com/oatmeal-cranberry-orange-and-white-chocolate-shortbread/,https://staging.lacuisinedebernard.com/oatmeal-cranberry-orange-and-white-chocolate-shortbread
https://lacuisinedebernard.com/quadrados-de-granola,https://staging.lacuisinedebernard.com/quadrados-de-granola
https://lacuisinedebernard.com/quadrados-de-granola/,https://staging.lacuisinedebernard.com/quadrados-de-granola
https://www.lacuisinedebernard.com/quadrados-de-granola,https://staging.lacuisinedebernard.com/quadrados-de-granola
https://www.lacuisinedebernard.com/quadrados-de-granola/,https://staging.lacuisinedebernard.com/quadrados-de-granola
https://lacuisinedebernard.com/biscoito-de-aveia-com-cranberry-laranja-e-chocolate-branco,https://staging.lacuisinedebernard.com/biscoito-de-aveia-com-cranberry-laranja-e-chocolate-branco
https://lacuisinedebernard.com/biscoito-de-aveia-com-cranberry-laranja-e-chocolate-branco/,https://staging.lacuisinedebernard.com/biscoito-de-aveia-com-cranberry-laranja-e-chocolate-branco
https://www.lacuisinedebernard.com/biscoito-de-aveia-com-cranberry-laranja-e-chocolate-branco,https://staging.lacuisinedebernard.com/biscoito-de-aveia-com-cranberry-laranja-e-chocolate-branco
https://www.lacuisinedebernard.com/biscoito-de-aveia-com-cranberry-laranja-e-chocolate-branco/,https://staging.lacuisinedebernard.com/biscoito-de-aveia-com-cranberry-laranja-e-chocolate-branco
https://lacuisinedebernard.com/cuadrados-de-granola,https://staging.lacuisinedebernard.com/cuadrados-de-granola
https://lacuisinedebernard.com/cuadrados-de-granola/,https://staging.lacuisinedebernard.com/cuadrados-de-granola
https://www.lacuisinedebernard.com/cuadrados-de-granola,https://staging.lacuisinedebernard.com/cuadrados-de-granola
https://www.lacuisinedebernard.com/cuadrados-de-granola/,https://staging.lacuisinedebernard.com/cuadrados-de-granola
https://lacuisinedebernard.com/semola-com-leite-e-passas-ao-rum,https://staging.lacuisinedebernard.com/semola-com-leite-e-passas-ao-rum
https://lacuisinedebernard.com/semola-com-leite-e-passas-ao-rum/,https://staging.lacuisinedebernard.com/semola-com-leite-e-passas-ao-rum
https://www.lacuisinedebernard.com/semola-com-leite-e-passas-ao-rum,https://staging.lacuisinedebernard.com/semola-com-leite-e-passas-ao-rum
https://www.lacuisinedebernard.com/semola-com-leite-e-passas-ao-rum/,https://staging.lacuisinedebernard.com/semola-com-leite-e-passas-ao-rum
https://lacuisinedebernard.com/rugbrod-rye-bread,https://staging.lacuisinedebernard.com/rugbrod-rye-bread
https://lacuisinedebernard.com/rugbrod-rye-bread/,https://staging.lacuisinedebernard.com/rugbrod-rye-bread
https://www.lacuisinedebernard.com/rugbrod-rye-bread,https://staging.lacuisinedebernard.com/rugbrod-rye-bread
https://www.lacuisinedebernard.com/rugbrod-rye-bread/,https://staging.lacuisinedebernard.com/rugbrod-rye-bread
https://lacuisinedebernard.com/ichigo-daifuku-mochi,https://staging.lacuisinedebernard.com/ichigo-daifuku-mochi
https://lacuisinedebernard.com/ichigo-daifuku-mochi/,https://staging.lacuisinedebernard.com/ichigo-daifuku-mochi
https://www.lacuisinedebernard.com/ichigo-daifuku-mochi,https://staging.lacuisinedebernard.com/ichigo-daifuku-mochi
https://www.lacuisinedebernard.com/ichigo-daifuku-mochi/,https://staging.lacuisinedebernard.com/ichigo-daifuku-mochi
https://lacuisinedebernard.com/%d9%83%d8%b9%d9%83%d8%a9-%d8%a7%d9%84%d9%84%d9%8a%d9%85%d9%88%d9%86-%d8%a7%d9%84%d8%b7%d8%a7%d8%b2%d8%ac%d8%a9-%d9%88%d8%a7%d9%84%d8%b1%d8%b7%d8%a8%d8%a9,https://staging.lacuisinedebernard.com/%d9%83%d8%b9%d9%83%d8%a9-%d8%a7%d9%84%d9%84%d9%8a%d9%85%d9%88%d9%86-%d8%a7%d9%84%d8%b7%d8%a7%d8%b2%d8%ac%d8%a9-%d9%88%d8%a7%d9%84%d8%b1%d8%b7%d8%a8%d8%a9
https://lacuisinedebernard.com/%d9%83%d8%b9%d9%83%d8%a9-%d8%a7%d9%84%d9%84%d9%8a%d9%85%d9%88%d9%86-%d8%a7%d9%84%d8%b7%d8%a7%d8%b2%d8%ac%d8%a9-%d9%88%d8%a7%d9%84%d8%b1%d8%b7%d8%a8%d8%a9/,https://staging.lacuisinedebernard.com/%d9%83%d8%b9%d9%83%d8%a9-%d8%a7%d9%84%d9%84%d9%8a%d9%85%d9%88%d9%86-%d8%a7%d9%84%d8%b7%d8%a7%d8%b2%d8%ac%d8%a9-%d9%88%d8%a7%d9%84%d8%b1%d8%b7%d8%a8%d8%a9
https://www.lacuisinedebernard.com/%d9%83%d8%b9%d9%83%d8%a9-%d8%a7%d9%84%d9%84%d9%8a%d9%85%d9%88%d9%86-%d8%a7%d9%84%d8%b7%d8%a7%d8%b2%d8%ac%d8%a9-%d9%88%d8%a7%d9%84%d8%b1%d8%b7%d8%a8%d8%a9,https://staging.lacuisinedebernard.com/%d9%83%d8%b9%d9%83%d8%a9-%d8%a7%d9%84%d9%84%d9%8a%d9%85%d9%88%d9%86-%d8%a7%d9%84%d8%b7%d8%a7%d8%b2%d8%ac%d8%a9-%d9%88%d8%a7%d9%84%d8%b1%d8%b7%d8%a8%d8%a9
https://www.lacuisinedebernard.com/%d9%83%d8%b9%d9%83%d8%a9-%d8%a7%d9%84%d9%84%d9%8a%d9%85%d9%88%d9%86-%d8%a7%d9%84%d8%b7%d8%a7%d8%b2%d8%ac%d8%a9-%d9%88%d8%a7%d9%84%d8%b1%d8%b7%d8%a8%d8%a9/,https://staging.lacuisinedebernard.com/%d9%83%d8%b9%d9%83%d8%a9-%d8%a7%d9%84%d9%84%d9%8a%d9%85%d9%88%d9%86-%d8%a7%d9%84%d8%b7%d8%a7%d8%b2%d8%ac%d8%a9-%d9%88%d8%a7%d9%84%d8%b1%d8%b7%d8%a8%d8%a9
https://lacuisinedebernard.com/fresh-moist-lemon-cake,https://staging.lacuisinedebernard.com/fresh-moist-lemon-cake
https://lacuisinedebernard.com/fresh-moist-lemon-cake/,https://staging.lacuisinedebernard.com/fresh-moist-lemon-cake
https://www.lacuisinedebernard.com/fresh-moist-lemon-cake,https://staging.lacuisinedebernard.com/fresh-moist-lemon-cake
https://www.lacuisinedebernard.com/fresh-moist-lemon-cake/,https://staging.lacuisinedebernard.com/fresh-moist-lemon-cake
https://lacuisinedebernard.com/dorayaki-e-taiyaki,https://staging.lacuisinedebernard.com/dorayaki-e-taiyaki
https://lacuisinedebernard.com/dorayaki-e-taiyaki/,https://staging.lacuisinedebernard.com/dorayaki-e-taiyaki
https://www.lacuisinedebernard.com/dorayaki-e-taiyaki,https://staging.lacuisinedebernard.com/dorayaki-e-taiyaki
https://www.lacuisinedebernard.com/dorayaki-e-taiyaki/,https://staging.lacuisinedebernard.com/dorayaki-e-taiyaki
https://lacuisinedebernard.com/%d8%b3%d9%85%d9%8a%d8%af-%d8%a8%d8%a7%d9%84%d9%84%d8%a8%d9%86-%d9%88%d8%a7%d9%84%d8%b2%d8%a8%d9%8a%d8%a8-%d8%a8%d8%a7%d9%84%d8%b1%d9%88%d9%85,https://staging.lacuisinedebernard.com/%d8%b3%d9%85%d9%8a%d8%af-%d8%a8%d8%a7%d9%84%d9%84%d8%a8%d9%86-%d9%88%d8%a7%d9%84%d8%b2%d8%a8%d9%8a%d8%a8-%d8%a8%d8%a7%d9%84%d8%b1%d9%88%d9%85
https://lacuisinedebernard.com/%d8%b3%d9%85%d9%8a%d8%af-%d8%a8%d8%a7%d9%84%d9%84%d8%a8%d9%86-%d9%88%d8%a7%d9%84%d8%b2%d8%a8%d9%8a%d8%a8-%d8%a8%d8%a7%d9%84%d8%b1%d9%88%d9%85/,https://staging.lacuisinedebernard.com/%d8%b3%d9%85%d9%8a%d8%af-%d8%a8%d8%a7%d9%84%d9%84%d8%a8%d9%86-%d9%88%d8%a7%d9%84%d8%b2%d8%a8%d9%8a%d8%a8-%d8%a8%d8%a7%d9%84%d8%b1%d9%88%d9%85
https://www.lacuisinedebernard.com/%d8%b3%d9%85%d9%8a%d8%af-%d8%a8%d8%a7%d9%84%d9%84%d8%a8%d9%86-%d9%88%d8%a7%d9%84%d8%b2%d8%a8%d9%8a%d8%a8-%d8%a8%d8%a7%d9%84%d8%b1%d9%88%d9%85,https://staging.lacuisinedebernard.com/%d8%b3%d9%85%d9%8a%d8%af-%d8%a8%d8%a7%d9%84%d9%84%d8%a8%d9%86-%d9%88%d8%a7%d9%84%d8%b2%d8%a8%d9%8a%d8%a8-%d8%a8%d8%a7%d9%84%d8%b1%d9%88%d9%85
https://www.lacuisinedebernard.com/%d8%b3%d9%85%d9%8a%d8%af-%d8%a8%d8%a7%d9%84%d9%84%d8%a8%d9%86-%d9%88%d8%a7%d9%84%d8%b2%d8%a8%d9%8a%d8%a8-%d8%a8%d8%a7%d9%84%d8%b1%d9%88%d9%85/,https://staging.lacuisinedebernard.com/%d8%b3%d9%85%d9%8a%d8%af-%d8%a8%d8%a7%d9%84%d9%84%d8%a8%d9%86-%d9%88%d8%a7%d9%84%d8%b2%d8%a8%d9%8a%d8%a8-%d8%a8%d8%a7%d9%84%d8%b1%d9%88%d9%85
https://lacuisinedebernard.com/semolina-with-milk-and-rum-raisins,https://staging.lacuisinedebernard.com/semolina-with-milk-and-rum-raisins
https://lacuisinedebernard.com/semolina-with-milk-and-rum-raisins/,https://staging.lacuisinedebernard.com/semolina-with-milk-and-rum-raisins
https://www.lacuisinedebernard.com/semolina-with-milk-and-rum-raisins,https://staging.lacuisinedebernard.com/semolina-with-milk-and-rum-raisins
https://www.lacuisinedebernard.com/semolina-with-milk-and-rum-raisins/,https://staging.lacuisinedebernard.com/semolina-with-milk-and-rum-raisins
https://lacuisinedebernard.com/%d8%b3%d9%85%d9%88%d8%b1%d8%a8%d8%b1%d9%88%d8%af-%d8%a7%d9%84%d8%af%d8%ac%d8%a7%d8%ac-%d9%88%d8%a7%d9%84%d9%81%d8%b7%d8%b1,https://staging.lacuisinedebernard.com/%d8%b3%d9%85%d9%88%d8%b1%d8%a8%d8%b1%d9%88%d8%af-%d8%a7%d9%84%d8%af%d8%ac%d8%a7%d8%ac-%d9%88%d8%a7%d9%84%d9%81%d8%b7%d8%b1
https://lacuisinedebernard.com/%d8%b3%d9%85%d9%88%d8%b1%d8%a8%d8%b1%d9%88%d8%af-%d8%a7%d9%84%d8%af%d8%ac%d8%a7%d8%ac-%d9%88%d8%a7%d9%84%d9%81%d8%b7%d8%b1/,https://staging.lacuisinedebernard.com/%d8%b3%d9%85%d9%88%d8%b1%d8%a8%d8%b1%d9%88%d8%af-%d8%a7%d9%84%d8%af%d8%ac%d8%a7%d8%ac-%d9%88%d8%a7%d9%84%d9%81%d8%b7%d8%b1
https://www.lacuisinedebernard.com/%d8%b3%d9%85%d9%88%d8%b1%d8%a8%d8%b1%d9%88%d8%af-%d8%a7%d9%84%d8%af%d8%ac%d8%a7%d8%ac-%d9%88%d8%a7%d9%84%d9%81%d8%b7%d8%b1,https://staging.lacuisinedebernard.com/%d8%b3%d9%85%d9%88%d8%b1%d8%a8%d8%b1%d9%88%d8%af-%d8%a7%d9%84%d8%af%d8%ac%d8%a7%d8%ac-%d9%88%d8%a7%d9%84%d9%81%d8%b7%d8%b1
https://www.lacuisinedebernard.com/%d8%b3%d9%85%d9%88%d8%b1%d8%a8%d8%b1%d9%88%d8%af-%d8%a7%d9%84%d8%af%d8%ac%d8%a7%d8%ac-%d9%88%d8%a7%d9%84%d9%81%d8%b7%d8%b1/,https://staging.lacuisinedebernard.com/%d8%b3%d9%85%d9%88%d8%b1%d8%a8%d8%b1%d9%88%d8%af-%d8%a7%d9%84%d8%af%d8%ac%d8%a7%d8%ac-%d9%88%d8%a7%d9%84%d9%81%d8%b7%d8%b1
https://lacuisinedebernard.com/cheesecake-crumble-pommes-cannelle,https://staging.lacuisinedebernard.com/cheesecake-crumble-pommes-cannelle
https://lacuisinedebernard.com/cheesecake-crumble-pommes-cannelle/,https://staging.lacuisinedebernard.com/cheesecake-crumble-pommes-cannelle
https://www.lacuisinedebernard.com/cheesecake-crumble-pommes-cannelle,https://staging.lacuisinedebernard.com/cheesecake-crumble-pommes-cannelle
https://www.lacuisinedebernard.com/cheesecake-crumble-pommes-cannelle/,https://staging.lacuisinedebernard.com/cheesecake-crumble-pommes-cannelle
https://lacuisinedebernard.com/pannukakku-pommes-cannelle,https://staging.lacuisinedebernard.com/pannukakku-pommes-cannelle
https://lacuisinedebernard.com/pannukakku-pommes-cannelle/,https://staging.lacuisinedebernard.com/pannukakku-pommes-cannelle
https://www.lacuisinedebernard.com/pannukakku-pommes-cannelle,https://staging.lacuisinedebernard.com/pannukakku-pommes-cannelle
https://www.lacuisinedebernard.com/pannukakku-pommes-cannelle/,https://staging.lacuisinedebernard.com/pannukakku-pommes-cannelle
https://lacuisinedebernard.com/lohikeitto-soupe-de-saumon-finlandaise,https://staging.lacuisinedebernard.com/lohikeitto-soupe-de-saumon-finlandaise
https://lacuisinedebernard.com/lohikeitto-soupe-de-saumon-finlandaise/,https://staging.lacuisinedebernard.com/lohikeitto-soupe-de-saumon-finlandaise
https://www.lacuisinedebernard.com/lohikeitto-soupe-de-saumon-finlandaise,https://staging.lacuisinedebernard.com/lohikeitto-soupe-de-saumon-finlandaise
https://www.lacuisinedebernard.com/lohikeitto-soupe-de-saumon-finlandaise/,https://staging.lacuisinedebernard.com/lohikeitto-soupe-de-saumon-finlandaise
https://lacuisinedebernard.com/gateau-figues-noisettes,https://staging.lacuisinedebernard.com/gateau-figues-noisettes
https://lacuisinedebernard.com/gateau-figues-noisettes/,https://staging.lacuisinedebernard.com/gateau-figues-noisettes
https://www.lacuisinedebernard.com/gateau-figues-noisettes,https://staging.lacuisinedebernard.com/gateau-figues-noisettes
https://www.lacuisinedebernard.com/gateau-figues-noisettes/,https://staging.lacuisinedebernard.com/gateau-figues-noisettes
https://lacuisinedebernard.com/gateau-amande-poire-et-flocons-davoine,https://staging.lacuisinedebernard.com/gateau-amande-poire-et-flocons-davoine
https://lacuisinedebernard.com/gateau-amande-poire-et-flocons-davoine/,https://staging.lacuisinedebernard.com/gateau-amande-poire-et-flocons-davoine
https://www.lacuisinedebernard.com/gateau-amande-poire-et-flocons-davoine,https://staging.lacuisinedebernard.com/gateau-amande-poire-et-flocons-davoine
https://www.lacuisinedebernard.com/gateau-amande-poire-et-flocons-davoine/,https://staging.lacuisinedebernard.com/gateau-amande-poire-et-flocons-davoine
https://lacuisinedebernard.com/falafels-au-four,https://staging.lacuisinedebernard.com/falafels-au-four
https://lacuisinedebernard.com/falafels-au-four/,https://staging.lacuisinedebernard.com/falafels-au-four
https://www.lacuisinedebernard.com/falafels-au-four,https://staging.lacuisinedebernard.com/falafels-au-four
https://www.lacuisinedebernard.com/falafels-au-four/,https://staging.lacuisinedebernard.com/falafels-au-four
https://lacuisinedebernard.com/linguine-alle-vongole,https://staging.lacuisinedebernard.com/linguine-alle-vongole
https://lacuisinedebernard.com/linguine-alle-vongole/,https://staging.lacuisinedebernard.com/linguine-alle-vongole
https://www.lacuisinedebernard.com/linguine-alle-vongole,https://staging.lacuisinedebernard.com/linguine-alle-vongole
https://www.lacuisinedebernard.com/linguine-alle-vongole/,https://staging.lacuisinedebernard.com/linguine-alle-vongole
https://lacuisinedebernard.com/cheesecake-pistache-chocolat-blanc,https://staging.lacuisinedebernard.com/cheesecake-pistache-chocolat-blanc
https://lacuisinedebernard.com/cheesecake-pistache-chocolat-blanc/,https://staging.lacuisinedebernard.com/cheesecake-pistache-chocolat-blanc
https://www.lacuisinedebernard.com/cheesecake-pistache-chocolat-blanc,https://staging.lacuisinedebernard.com/cheesecake-pistache-chocolat-blanc
https://www.lacuisinedebernard.com/cheesecake-pistache-chocolat-blanc/,https://staging.lacuisinedebernard.com/cheesecake-pistache-chocolat-blanc
https://lacuisinedebernard.com/aubergines-sauce-piquante,https://staging.lacuisinedebernard.com/aubergines-sauce-piquante
https://lacuisinedebernard.com/aubergines-sauce-piquante/,https://staging.lacuisinedebernard.com/aubergines-sauce-piquante
https://www.lacuisinedebernard.com/aubergines-sauce-piquante,https://staging.lacuisinedebernard.com/aubergines-sauce-piquante
https://www.lacuisinedebernard.com/aubergines-sauce-piquante/,https://staging.lacuisinedebernard.com/aubergines-sauce-piquante
https://lacuisinedebernard.com/lemon-rolls,https://staging.lacuisinedebernard.com/lemon-rolls
https://lacuisinedebernard.com/lemon-rolls/,https://staging.lacuisinedebernard.com/lemon-rolls
https://www.lacuisinedebernard.com/lemon-rolls,https://staging.lacuisinedebernard.com/lemon-rolls
https://www.lacuisinedebernard.com/lemon-rolls/,https://staging.lacuisinedebernard.com/lemon-rolls
https://lacuisinedebernard.com/oeufs-mimosa,https://staging.lacuisinedebernard.com/oeufs-mimosa
https://lacuisinedebernard.com/oeufs-mimosa/,https://staging.lacuisinedebernard.com/oeufs-mimosa
https://www.lacuisinedebernard.com/oeufs-mimosa,https://staging.lacuisinedebernard.com/oeufs-mimosa
https://www.lacuisinedebernard.com/oeufs-mimosa/,https://staging.lacuisinedebernard.com/oeufs-mimosa
https://lacuisinedebernard.com/clafoutis-abricot-amande-et-ricotta-citron,https://staging.lacuisinedebernard.com/clafoutis-abricot-amande-et-ricotta-citron
https://lacuisinedebernard.com/clafoutis-abricot-amande-et-ricotta-citron/,https://staging.lacuisinedebernard.com/clafoutis-abricot-amande-et-ricotta-citron
https://www.lacuisinedebernard.com/clafoutis-abricot-amande-et-ricotta-citron,https://staging.lacuisinedebernard.com/clafoutis-abricot-amande-et-ricotta-citron
https://www.lacuisinedebernard.com/clafoutis-abricot-amande-et-ricotta-citron/,https://staging.lacuisinedebernard.com/clafoutis-abricot-amande-et-ricotta-citron
https://lacuisinedebernard.com/salade-cesar,https://staging.lacuisinedebernard.com/salade-cesar
https://lacuisinedebernard.com/salade-cesar/,https://staging.lacuisinedebernard.com/salade-cesar
https://www.lacuisinedebernard.com/salade-cesar,https://staging.lacuisinedebernard.com/salade-cesar
https://www.lacuisinedebernard.com/salade-cesar/,https://staging.lacuisinedebernard.com/salade-cesar
https://lacuisinedebernard.com/cake-megamande,https://staging.lacuisinedebernard.com/cake-megamande
https://lacuisinedebernard.com/cake-megamande/,https://staging.lacuisinedebernard.com/cake-megamande
https://www.lacuisinedebernard.com/cake-megamande,https://staging.lacuisinedebernard.com/cake-megamande
https://www.lacuisinedebernard.com/cake-megamande/,https://staging.lacuisinedebernard.com/cake-megamande
https://lacuisinedebernard.com/baklavas-grecs-aux-noix,https://staging.lacuisinedebernard.com/baklavas-grecs-aux-noix
https://lacuisinedebernard.com/baklavas-grecs-aux-noix/,https://staging.lacuisinedebernard.com/baklavas-grecs-aux-noix
https://www.lacuisinedebernard.com/baklavas-grecs-aux-noix,https://staging.lacuisinedebernard.com/baklavas-grecs-aux-noix
https://www.lacuisinedebernard.com/baklavas-grecs-aux-noix/,https://staging.lacuisinedebernard.com/baklavas-grecs-aux-noix
https://lacuisinedebernard.com/carpaccio-de-thon-leche-del-tigre,https://staging.lacuisinedebernard.com/carpaccio-de-thon-leche-del-tigre
https://lacuisinedebernard.com/carpaccio-de-thon-leche-del-tigre/,https://staging.lacuisinedebernard.com/carpaccio-de-thon-leche-del-tigre
https://www.lacuisinedebernard.com/carpaccio-de-thon-leche-del-tigre,https://staging.lacuisinedebernard.com/carpaccio-de-thon-leche-del-tigre
https://www.lacuisinedebernard.com/carpaccio-de-thon-leche-del-tigre/,https://staging.lacuisinedebernard.com/carpaccio-de-thon-leche-del-tigre
https://lacuisinedebernard.com/beach-spritz,https://staging.lacuisinedebernard.com/beach-spritz
https://lacuisinedebernard.com/beach-spritz/,https://staging.lacuisinedebernard.com/beach-spritz
https://www.lacuisinedebernard.com/beach-spritz,https://staging.lacuisinedebernard.com/beach-spritz
https://www.lacuisinedebernard.com/beach-spritz/,https://staging.lacuisinedebernard.com/beach-spritz
https://lacuisinedebernard.com/feta-croustillante-miel-et-pistache,https://staging.lacuisinedebernard.com/feta-croustillante-miel-et-pistache
https://lacuisinedebernard.com/feta-croustillante-miel-et-pistache/,https://staging.lacuisinedebernard.com/feta-croustillante-miel-et-pistache
https://www.lacuisinedebernard.com/feta-croustillante-miel-et-pistache,https://staging.lacuisinedebernard.com/feta-croustillante-miel-et-pistache
https://www.lacuisinedebernard.com/feta-croustillante-miel-et-pistache/,https://staging.lacuisinedebernard.com/feta-croustillante-miel-et-pistache
https://lacuisinedebernard.com/esparragos-con-salsa-de-mantequilla-blanca-y-tahini-negro,https://staging.lacuisinedebernard.com/esparragos-con-salsa-de-mantequilla-blanca-y-tahini-negro
https://lacuisinedebernard.com/esparragos-con-salsa-de-mantequilla-blanca-y-tahini-negro/,https://staging.lacuisinedebernard.com/esparragos-con-salsa-de-mantequilla-blanca-y-tahini-negro
https://www.lacuisinedebernard.com/esparragos-con-salsa-de-mantequilla-blanca-y-tahini-negro,https://staging.lacuisinedebernard.com/esparragos-con-salsa-de-mantequilla-blanca-y-tahini-negro
https://www.lacuisinedebernard.com/esparragos-con-salsa-de-mantequilla-blanca-y-tahini-negro/,https://staging.lacuisinedebernard.com/esparragos-con-salsa-de-mantequilla-blanca-y-tahini-negro
https://lacuisinedebernard.com/aspargos-com-molho-de-manteiga-branca-e-tahini-preto,https://staging.lacuisinedebernard.com/aspargos-com-molho-de-manteiga-branca-e-tahini-preto
https://lacuisinedebernard.com/aspargos-com-molho-de-manteiga-branca-e-tahini-preto/,https://staging.lacuisinedebernard.com/aspargos-com-molho-de-manteiga-branca-e-tahini-preto
https://www.lacuisinedebernard.com/aspargos-com-molho-de-manteiga-branca-e-tahini-preto,https://staging.lacuisinedebernard.com/aspargos-com-molho-de-manteiga-branca-e-tahini-preto
https://www.lacuisinedebernard.com/aspargos-com-molho-de-manteiga-branca-e-tahini-preto/,https://staging.lacuisinedebernard.com/aspargos-com-molho-de-manteiga-branca-e-tahini-preto
https://lacuisinedebernard.com/asparagus-with-beurre-blanc-sauce-and-black-tahini,https://staging.lacuisinedebernard.com/asparagus-with-beurre-blanc-sauce-and-black-tahini
https://lacuisinedebernard.com/asparagus-with-beurre-blanc-sauce-and-black-tahini/,https://staging.lacuisinedebernard.com/asparagus-with-beurre-blanc-sauce-and-black-tahini
https://www.lacuisinedebernard.com/asparagus-with-beurre-blanc-sauce-and-black-tahini,https://staging.lacuisinedebernard.com/asparagus-with-beurre-blanc-sauce-and-black-tahini
https://www.lacuisinedebernard.com/asparagus-with-beurre-blanc-sauce-and-black-tahini/,https://staging.lacuisinedebernard.com/asparagus-with-beurre-blanc-sauce-and-black-tahini
https://lacuisinedebernard.com/%d9%87%d9%84%d9%8a%d9%88%d9%86-%d8%a8%d8%b5%d9%84%d8%b5%d8%a9-%d8%a7%d9%84%d8%b2%d8%a8%d8%af%d8%a9-%d8%a7%d9%84%d8%a8%d9%8a%d8%b6%d8%a7%d8%a1-%d9%88%d8%a7%d9%84%d8%b7%d8%ad%d9%8a%d9%86%d8%a9-%d8%a7,https://staging.lacuisinedebernard.com/%d9%87%d9%84%d9%8a%d9%88%d9%86-%d8%a8%d8%b5%d9%84%d8%b5%d8%a9-%d8%a7%d9%84%d8%b2%d8%a8%d8%af%d8%a9-%d8%a7%d9%84%d8%a8%d9%8a%d8%b6%d8%a7%d8%a1-%d9%88%d8%a7%d9%84%d8%b7%d8%ad%d9%8a%d9%86%d8%a9-%d8%a7
https://lacuisinedebernard.com/%d9%87%d9%84%d9%8a%d9%88%d9%86-%d8%a8%d8%b5%d9%84%d8%b5%d8%a9-%d8%a7%d9%84%d8%b2%d8%a8%d8%af%d8%a9-%d8%a7%d9%84%d8%a8%d9%8a%d8%b6%d8%a7%d8%a1-%d9%88%d8%a7%d9%84%d8%b7%d8%ad%d9%8a%d9%86%d8%a9-%d8%a7/,https://staging.lacuisinedebernard.com/%d9%87%d9%84%d9%8a%d9%88%d9%86-%d8%a8%d8%b5%d9%84%d8%b5%d8%a9-%d8%a7%d9%84%d8%b2%d8%a8%d8%af%d8%a9-%d8%a7%d9%84%d8%a8%d9%8a%d8%b6%d8%a7%d8%a1-%d9%88%d8%a7%d9%84%d8%b7%d8%ad%d9%8a%d9%86%d8%a9-%d8%a7
https://www.lacuisinedebernard.com/%d9%87%d9%84%d9%8a%d9%88%d9%86-%d8%a8%d8%b5%d9%84%d8%b5%d8%a9-%d8%a7%d9%84%d8%b2%d8%a8%d8%af%d8%a9-%d8%a7%d9%84%d8%a8%d9%8a%d8%b6%d8%a7%d8%a1-%d9%88%d8%a7%d9%84%d8%b7%d8%ad%d9%8a%d9%86%d8%a9-%d8%a7,https://staging.lacuisinedebernard.com/%d9%87%d9%84%d9%8a%d9%88%d9%86-%d8%a8%d8%b5%d9%84%d8%b5%d8%a9-%d8%a7%d9%84%d8%b2%d8%a8%d8%af%d8%a9-%d8%a7%d9%84%d8%a8%d9%8a%d8%b6%d8%a7%d8%a1-%d9%88%d8%a7%d9%84%d8%b7%d8%ad%d9%8a%d9%86%d8%a9-%d8%a7
https://www.lacuisinedebernard.com/%d9%87%d9%84%d9%8a%d9%88%d9%86-%d8%a8%d8%b5%d9%84%d8%b5%d8%a9-%d8%a7%d9%84%d8%b2%d8%a8%d8%af%d8%a9-%d8%a7%d9%84%d8%a8%d9%8a%d8%b6%d8%a7%d8%a1-%d9%88%d8%a7%d9%84%d8%b7%d8%ad%d9%8a%d9%86%d8%a9-%d8%a7/,https://staging.lacuisinedebernard.com/%d9%87%d9%84%d9%8a%d9%88%d9%86-%d8%a8%d8%b5%d9%84%d8%b5%d8%a9-%d8%a7%d9%84%d8%b2%d8%a8%d8%af%d8%a9-%d8%a7%d9%84%d8%a8%d9%8a%d8%b6%d8%a7%d8%a1-%d9%88%d8%a7%d9%84%d8%b7%d8%ad%d9%8a%d9%86%d8%a9-%d8%a7
https://lacuisinedebernard.com/asperges-sauce-beurre-blanc-tahine-noir,https://staging.lacuisinedebernard.com/asperges-sauce-beurre-blanc-tahine-noir
https://lacuisinedebernard.com/asperges-sauce-beurre-blanc-tahine-noir/,https://staging.lacuisinedebernard.com/asperges-sauce-beurre-blanc-tahine-noir
https://www.lacuisinedebernard.com/asperges-sauce-beurre-blanc-tahine-noir,https://staging.lacuisinedebernard.com/asperges-sauce-beurre-blanc-tahine-noir
https://www.lacuisinedebernard.com/asperges-sauce-beurre-blanc-tahine-noir/,https://staging.lacuisinedebernard.com/asperges-sauce-beurre-blanc-tahine-noir
https://lacuisinedebernard.com/bitter-almond-macaroons,https://staging.lacuisinedebernard.com/bitter-almond-macaroons
https://lacuisinedebernard.com/bitter-almond-macaroons/,https://staging.lacuisinedebernard.com/bitter-almond-macaroons
https://www.lacuisinedebernard.com/bitter-almond-macaroons,https://staging.lacuisinedebernard.com/bitter-almond-macaroons
https://www.lacuisinedebernard.com/bitter-almond-macaroons/,https://staging.lacuisinedebernard.com/bitter-almond-macaroons
https://lacuisinedebernard.com/%d9%85%d8%b9%d9%83%d8%b1%d9%88%d9%86%d8%a9-%d8%a7%d9%84%d9%84%d9%88%d8%b2-%d8%a7%d9%84%d9%85%d8%b1,https://staging.lacuisinedebernard.com/%d9%85%d8%b9%d9%83%d8%b1%d9%88%d9%86%d8%a9-%d8%a7%d9%84%d9%84%d9%88%d8%b2-%d8%a7%d9%84%d9%85%d8%b1
https://lacuisinedebernard.com/%d9%85%d8%b9%d9%83%d8%b1%d9%88%d9%86%d8%a9-%d8%a7%d9%84%d9%84%d9%88%d8%b2-%d8%a7%d9%84%d9%85%d8%b1/,https://staging.lacuisinedebernard.com/%d9%85%d8%b9%d9%83%d8%b1%d9%88%d9%86%d8%a9-%d8%a7%d9%84%d9%84%d9%88%d8%b2-%d8%a7%d9%84%d9%85%d8%b1
https://www.lacuisinedebernard.com/%d9%85%d8%b9%d9%83%d8%b1%d9%88%d9%86%d8%a9-%d8%a7%d9%84%d9%84%d9%88%d8%b2-%d8%a7%d9%84%d9%85%d8%b1,https://staging.lacuisinedebernard.com/%d9%85%d8%b9%d9%83%d8%b1%d9%88%d9%86%d8%a9-%d8%a7%d9%84%d9%84%d9%88%d8%b2-%d8%a7%d9%84%d9%85%d8%b1
https://www.lacuisinedebernard.com/%d9%85%d8%b9%d9%83%d8%b1%d9%88%d9%86%d8%a9-%d8%a7%d9%84%d9%84%d9%88%d8%b2-%d8%a7%d9%84%d9%85%d8%b1/,https://staging.lacuisinedebernard.com/%d9%85%d8%b9%d9%83%d8%b1%d9%88%d9%86%d8%a9-%d8%a7%d9%84%d9%84%d9%88%d8%b2-%d8%a7%d9%84%d9%85%d8%b1
https://lacuisinedebernard.com/dorayaki-and-taiyaki,https://staging.lacuisinedebernard.com/dorayaki-and-taiyaki
https://lacuisinedebernard.com/dorayaki-and-taiyaki/,https://staging.lacuisinedebernard.com/dorayaki-and-taiyaki
https://www.lacuisinedebernard.com/dorayaki-and-taiyaki,https://staging.lacuisinedebernard.com/dorayaki-and-taiyaki
https://www.lacuisinedebernard.com/dorayaki-and-taiyaki/,https://staging.lacuisinedebernard.com/dorayaki-and-taiyaki
https://lacuisinedebernard.com/semola-con-leche-y-pasas-al-ron,https://staging.lacuisinedebernard.com/semola-con-leche-y-pasas-al-ron
https://lacuisinedebernard.com/semola-con-leche-y-pasas-al-ron/,https://staging.lacuisinedebernard.com/semola-con-leche-y-pasas-al-ron
https://www.lacuisinedebernard.com/semola-con-leche-y-pasas-al-ron,https://staging.lacuisinedebernard.com/semola-con-leche-y-pasas-al-ron
https://www.lacuisinedebernard.com/semola-con-leche-y-pasas-al-ron/,https://staging.lacuisinedebernard.com/semola-con-leche-y-pasas-al-ron
https://lacuisinedebernard.com/macarons-de-amendoas-amargas,https://staging.lacuisinedebernard.com/macarons-de-amendoas-amargas
https://lacuisinedebernard.com/macarons-de-amendoas-amargas/,https://staging.lacuisinedebernard.com/macarons-de-amendoas-amargas
https://www.lacuisinedebernard.com/macarons-de-amendoas-amargas,https://staging.lacuisinedebernard.com/macarons-de-amendoas-amargas
https://www.lacuisinedebernard.com/macarons-de-amendoas-amargas/,https://staging.lacuisinedebernard.com/macarons-de-amendoas-amargas
https://lacuisinedebernard.com/tarta-tatin-salada-con-chalotas-y-queso-de-cabra-fresco,https://staging.lacuisinedebernard.com/tarta-tatin-salada-con-chalotas-y-queso-de-cabra-fresco
https://lacuisinedebernard.com/tarta-tatin-salada-con-chalotas-y-queso-de-cabra-fresco/,https://staging.lacuisinedebernard.com/tarta-tatin-salada-con-chalotas-y-queso-de-cabra-fresco
https://www.lacuisinedebernard.com/tarta-tatin-salada-con-chalotas-y-queso-de-cabra-fresco,https://staging.lacuisinedebernard.com/tarta-tatin-salada-con-chalotas-y-queso-de-cabra-fresco
https://www.lacuisinedebernard.com/tarta-tatin-salada-con-chalotas-y-queso-de-cabra-fresco/,https://staging.lacuisinedebernard.com/tarta-tatin-salada-con-chalotas-y-queso-de-cabra-fresco
https://lacuisinedebernard.com/torta-tatin-saborosa-com-chalotas-e-queijo-de-cabra-fresco,https://staging.lacuisinedebernard.com/torta-tatin-saborosa-com-chalotas-e-queijo-de-cabra-fresco
https://lacuisinedebernard.com/torta-tatin-saborosa-com-chalotas-e-queijo-de-cabra-fresco/,https://staging.lacuisinedebernard.com/torta-tatin-saborosa-com-chalotas-e-queijo-de-cabra-fresco
https://www.lacuisinedebernard.com/torta-tatin-saborosa-com-chalotas-e-queijo-de-cabra-fresco,https://staging.lacuisinedebernard.com/torta-tatin-saborosa-com-chalotas-e-queijo-de-cabra-fresco
https://www.lacuisinedebernard.com/torta-tatin-saborosa-com-chalotas-e-queijo-de-cabra-fresco/,https://staging.lacuisinedebernard.com/torta-tatin-saborosa-com-chalotas-e-queijo-de-cabra-fresco
https://lacuisinedebernard.com/tapenade-de-semillas-de-girasol-con-tomates-secos,https://staging.lacuisinedebernard.com/tapenade-de-semillas-de-girasol-con-tomates-secos
https://lacuisinedebernard.com/tapenade-de-semillas-de-girasol-con-tomates-secos/,https://staging.lacuisinedebernard.com/tapenade-de-semillas-de-girasol-con-tomates-secos
https://www.lacuisinedebernard.com/tapenade-de-semillas-de-girasol-con-tomates-secos,https://staging.lacuisinedebernard.com/tapenade-de-semillas-de-girasol-con-tomates-secos
https://www.lacuisinedebernard.com/tapenade-de-semillas-de-girasol-con-tomates-secos/,https://staging.lacuisinedebernard.com/tapenade-de-semillas-de-girasol-con-tomates-secos
https://lacuisinedebernard.com/trifle-de-fresas-ultrafrescas,https://staging.lacuisinedebernard.com/trifle-de-fresas-ultrafrescas
https://lacuisinedebernard.com/trifle-de-fresas-ultrafrescas/,https://staging.lacuisinedebernard.com/trifle-de-fresas-ultrafrescas
https://www.lacuisinedebernard.com/trifle-de-fresas-ultrafrescas,https://staging.lacuisinedebernard.com/trifle-de-fresas-ultrafrescas
https://www.lacuisinedebernard.com/trifle-de-fresas-ultrafrescas/,https://staging.lacuisinedebernard.com/trifle-de-fresas-ultrafrescas
https://lacuisinedebernard.com/pasta-salad-with-coral-lentils-shrimps-pesto-and-cherry-tomatoes,https://staging.lacuisinedebernard.com/pasta-salad-with-coral-lentils-shrimps-pesto-and-cherry-tomatoes
https://lacuisinedebernard.com/pasta-salad-with-coral-lentils-shrimps-pesto-and-cherry-tomatoes/,https://staging.lacuisinedebernard.com/pasta-salad-with-coral-lentils-shrimps-pesto-and-cherry-tomatoes
https://www.lacuisinedebernard.com/pasta-salad-with-coral-lentils-shrimps-pesto-and-cherry-tomatoes,https://staging.lacuisinedebernard.com/pasta-salad-with-coral-lentils-shrimps-pesto-and-cherry-tomatoes
https://www.lacuisinedebernard.com/pasta-salad-with-coral-lentils-shrimps-pesto-and-cherry-tomatoes/,https://staging.lacuisinedebernard.com/pasta-salad-with-coral-lentils-shrimps-pesto-and-cherry-tomatoes
https://lacuisinedebernard.com/cogumelos-crocantes-com-molho-de-pimenta,https://staging.lacuisinedebernard.com/cogumelos-crocantes-com-molho-de-pimenta
https://lacuisinedebernard.com/cogumelos-crocantes-com-molho-de-pimenta/,https://staging.lacuisinedebernard.com/cogumelos-crocantes-com-molho-de-pimenta
https://www.lacuisinedebernard.com/cogumelos-crocantes-com-molho-de-pimenta,https://staging.lacuisinedebernard.com/cogumelos-crocantes-com-molho-de-pimenta
https://www.lacuisinedebernard.com/cogumelos-crocantes-com-molho-de-pimenta/,https://staging.lacuisinedebernard.com/cogumelos-crocantes-com-molho-de-pimenta
https://lacuisinedebernard.com/limonada,https://staging.lacuisinedebernard.com/limonada
https://lacuisinedebernard.com/limonada/,https://staging.lacuisinedebernard.com/limonada
https://www.lacuisinedebernard.com/limonada,https://staging.lacuisinedebernard.com/limonada
https://www.lacuisinedebernard.com/limonada/,https://staging.lacuisinedebernard.com/limonada
https://lacuisinedebernard.com/bolo-de-morango-ultrafresco,https://staging.lacuisinedebernard.com/bolo-de-morango-ultrafresco
https://lacuisinedebernard.com/bolo-de-morango-ultrafresco/,https://staging.lacuisinedebernard.com/bolo-de-morango-ultrafresco
https://www.lacuisinedebernard.com/bolo-de-morango-ultrafresco,https://staging.lacuisinedebernard.com/bolo-de-morango-ultrafresco
https://www.lacuisinedebernard.com/bolo-de-morango-ultrafresco/,https://staging.lacuisinedebernard.com/bolo-de-morango-ultrafresco
https://lacuisinedebernard.com/limao-limoncello-e-tiramisu-de-limonada,https://staging.lacuisinedebernard.com/limao-limoncello-e-tiramisu-de-limonada
https://lacuisinedebernard.com/limao-limoncello-e-tiramisu-de-limonada/,https://staging.lacuisinedebernard.com/limao-limoncello-e-tiramisu-de-limonada
https://www.lacuisinedebernard.com/limao-limoncello-e-tiramisu-de-limonada,https://staging.lacuisinedebernard.com/limao-limoncello-e-tiramisu-de-limonada
https://www.lacuisinedebernard.com/limao-limoncello-e-tiramisu-de-limonada/,https://staging.lacuisinedebernard.com/limao-limoncello-e-tiramisu-de-limonada
https://lacuisinedebernard.com/%d8%b3%d9%84%d8%b7%d8%a9-%d8%a7%d9%84%d9%85%d8%b9%d9%83%d8%b1%d9%88%d9%86%d8%a9-%d8%a8%d8%a7%d9%84%d8%b9%d8%af%d8%b3-%d8%a7%d9%84%d9%85%d8%b1%d8%ac%d8%a7%d9%86%d9%8a-%d9%88%d8%a7%d9%84%d9%82%d8%b1,https://staging.lacuisinedebernard.com/%d8%b3%d9%84%d8%b7%d8%a9-%d8%a7%d9%84%d9%85%d8%b9%d9%83%d8%b1%d9%88%d9%86%d8%a9-%d8%a8%d8%a7%d9%84%d8%b9%d8%af%d8%b3-%d8%a7%d9%84%d9%85%d8%b1%d8%ac%d8%a7%d9%86%d9%8a-%d9%88%d8%a7%d9%84%d9%82%d8%b1
https://lacuisinedebernard.com/%d8%b3%d9%84%d8%b7%d8%a9-%d8%a7%d9%84%d9%85%d8%b9%d9%83%d8%b1%d9%88%d9%86%d8%a9-%d8%a8%d8%a7%d9%84%d8%b9%d8%af%d8%b3-%d8%a7%d9%84%d9%85%d8%b1%d8%ac%d8%a7%d9%86%d9%8a-%d9%88%d8%a7%d9%84%d9%82%d8%b1/,https://staging.lacuisinedebernard.com/%d8%b3%d9%84%d8%b7%d8%a9-%d8%a7%d9%84%d9%85%d8%b9%d9%83%d8%b1%d9%88%d9%86%d8%a9-%d8%a8%d8%a7%d9%84%d8%b9%d8%af%d8%b3-%d8%a7%d9%84%d9%85%d8%b1%d8%ac%d8%a7%d9%86%d9%8a-%d9%88%d8%a7%d9%84%d9%82%d8%b1
https://www.lacuisinedebernard.com/%d8%b3%d9%84%d8%b7%d8%a9-%d8%a7%d9%84%d9%85%d8%b9%d9%83%d8%b1%d9%88%d9%86%d8%a9-%d8%a8%d8%a7%d9%84%d8%b9%d8%af%d8%b3-%d8%a7%d9%84%d9%85%d8%b1%d8%ac%d8%a7%d9%86%d9%8a-%d9%88%d8%a7%d9%84%d9%82%d8%b1,https://staging.lacuisinedebernard.com/%d8%b3%d9%84%d8%b7%d8%a9-%d8%a7%d9%84%d9%85%d8%b9%d9%83%d8%b1%d9%88%d9%86%d8%a9-%d8%a8%d8%a7%d9%84%d8%b9%d8%af%d8%b3-%d8%a7%d9%84%d9%85%d8%b1%d8%ac%d8%a7%d9%86%d9%8a-%d9%88%d8%a7%d9%84%d9%82%d8%b1
https://www.lacuisinedebernard.com/%d8%b3%d9%84%d8%b7%d8%a9-%d8%a7%d9%84%d9%85%d8%b9%d9%83%d8%b1%d9%88%d9%86%d8%a9-%d8%a8%d8%a7%d9%84%d8%b9%d8%af%d8%b3-%d8%a7%d9%84%d9%85%d8%b1%d8%ac%d8%a7%d9%86%d9%8a-%d9%88%d8%a7%d9%84%d9%82%d8%b1/,https://staging.lacuisinedebernard.com/%d8%b3%d9%84%d8%b7%d8%a9-%d8%a7%d9%84%d9%85%d8%b9%d9%83%d8%b1%d9%88%d9%86%d8%a9-%d8%a8%d8%a7%d9%84%d8%b9%d8%af%d8%b3-%d8%a7%d9%84%d9%85%d8%b1%d8%ac%d8%a7%d9%86%d9%8a-%d9%88%d8%a7%d9%84%d9%82%d8%b1
https://lacuisinedebernard.com/crispy-mushrooms-in-spicy-sauce,https://staging.lacuisinedebernard.com/crispy-mushrooms-in-spicy-sauce
https://lacuisinedebernard.com/crispy-mushrooms-in-spicy-sauce/,https://staging.lacuisinedebernard.com/crispy-mushrooms-in-spicy-sauce
https://www.lacuisinedebernard.com/crispy-mushrooms-in-spicy-sauce,https://staging.lacuisinedebernard.com/crispy-mushrooms-in-spicy-sauce
https://www.lacuisinedebernard.com/crispy-mushrooms-in-spicy-sauce/,https://staging.lacuisinedebernard.com/crispy-mushrooms-in-spicy-sauce
https://lacuisinedebernard.com/fresh-pasta-salad-with-avocado-radish-and-lemon-zest,https://staging.lacuisinedebernard.com/fresh-pasta-salad-with-avocado-radish-and-lemon-zest
https://lacuisinedebernard.com/fresh-pasta-salad-with-avocado-radish-and-lemon-zest/,https://staging.lacuisinedebernard.com/fresh-pasta-salad-with-avocado-radish-and-lemon-zest
https://www.lacuisinedebernard.com/fresh-pasta-salad-with-avocado-radish-and-lemon-zest,https://staging.lacuisinedebernard.com/fresh-pasta-salad-with-avocado-radish-and-lemon-zest
https://www.lacuisinedebernard.com/fresh-pasta-salad-with-avocado-radish-and-lemon-zest/,https://staging.lacuisinedebernard.com/fresh-pasta-salad-with-avocado-radish-and-lemon-zest
https://lacuisinedebernard.com/%d9%83%d8%b9%d9%83%d8%a9-%d8%b4%d8%a7%d9%86%d8%aa%d9%8a%d9%84%d9%8a-%d8%a8%d8%a7%d9%84%d9%81%d8%b1%d8%a7%d9%88%d9%84%d8%a9-%d9%88%d8%a7%d9%84%d9%86%d8%a8%d9%8a%d8%b0-%d8%a7%d9%84%d9%88%d8%b1%d8%af,https://staging.lacuisinedebernard.com/%d9%83%d8%b9%d9%83%d8%a9-%d8%b4%d8%a7%d9%86%d8%aa%d9%8a%d9%84%d9%8a-%d8%a8%d8%a7%d9%84%d9%81%d8%b1%d8%a7%d9%88%d9%84%d8%a9-%d9%88%d8%a7%d9%84%d9%86%d8%a8%d9%8a%d8%b0-%d8%a7%d9%84%d9%88%d8%b1%d8%af
https://lacuisinedebernard.com/%d9%83%d8%b9%d9%83%d8%a9-%d8%b4%d8%a7%d9%86%d8%aa%d9%8a%d9%84%d9%8a-%d8%a8%d8%a7%d9%84%d9%81%d8%b1%d8%a7%d9%88%d9%84%d8%a9-%d9%88%d8%a7%d9%84%d9%86%d8%a8%d9%8a%d8%b0-%d8%a7%d9%84%d9%88%d8%b1%d8%af/,https://staging.lacuisinedebernard.com/%d9%83%d8%b9%d9%83%d8%a9-%d8%b4%d8%a7%d9%86%d8%aa%d9%8a%d9%84%d9%8a-%d8%a8%d8%a7%d9%84%d9%81%d8%b1%d8%a7%d9%88%d9%84%d8%a9-%d9%88%d8%a7%d9%84%d9%86%d8%a8%d9%8a%d8%b0-%d8%a7%d9%84%d9%88%d8%b1%d8%af
https://www.lacuisinedebernard.com/%d9%83%d8%b9%d9%83%d8%a9-%d8%b4%d8%a7%d9%86%d8%aa%d9%8a%d9%84%d9%8a-%d8%a8%d8%a7%d9%84%d9%81%d8%b1%d8%a7%d9%88%d9%84%d8%a9-%d9%88%d8%a7%d9%84%d9%86%d8%a8%d9%8a%d8%b0-%d8%a7%d9%84%d9%88%d8%b1%d8%af,https://staging.lacuisinedebernard.com/%d9%83%d8%b9%d9%83%d8%a9-%d8%b4%d8%a7%d9%86%d8%aa%d9%8a%d9%84%d9%8a-%d8%a8%d8%a7%d9%84%d9%81%d8%b1%d8%a7%d9%88%d9%84%d8%a9-%d9%88%d8%a7%d9%84%d9%86%d8%a8%d9%8a%d8%b0-%d8%a7%d9%84%d9%88%d8%b1%d8%af
https://www.lacuisinedebernard.com/%d9%83%d8%b9%d9%83%d8%a9-%d8%b4%d8%a7%d9%86%d8%aa%d9%8a%d9%84%d9%8a-%d8%a8%d8%a7%d9%84%d9%81%d8%b1%d8%a7%d9%88%d9%84%d8%a9-%d9%88%d8%a7%d9%84%d9%86%d8%a8%d9%8a%d8%b0-%d8%a7%d9%84%d9%88%d8%b1%d8%af/,https://staging.lacuisinedebernard.com/%d9%83%d8%b9%d9%83%d8%a9-%d8%b4%d8%a7%d9%86%d8%aa%d9%8a%d9%84%d9%8a-%d8%a8%d8%a7%d9%84%d9%81%d8%b1%d8%a7%d9%88%d9%84%d8%a9-%d9%88%d8%a7%d9%84%d9%86%d8%a8%d9%8a%d8%b0-%d8%a7%d9%84%d9%88%d8%b1%d8%af
https://lacuisinedebernard.com/dark-chocolate-banana-cinnamon-cake,https://staging.lacuisinedebernard.com/dark-chocolate-banana-cinnamon-cake
https://lacuisinedebernard.com/dark-chocolate-banana-cinnamon-cake/,https://staging.lacuisinedebernard.com/dark-chocolate-banana-cinnamon-cake
https://www.lacuisinedebernard.com/dark-chocolate-banana-cinnamon-cake,https://staging.lacuisinedebernard.com/dark-chocolate-banana-cinnamon-cake
https://www.lacuisinedebernard.com/dark-chocolate-banana-cinnamon-cake/,https://staging.lacuisinedebernard.com/dark-chocolate-banana-cinnamon-cake
https://lacuisinedebernard.com/%d8%b9%d8%ac%d9%8a%d9%86%d8%a9-%d8%a8%d9%8a%d8%ac%d8%a7-%d9%84%d9%84%d8%a8%d9%8a%d8%aa%d8%b2%d8%a7,https://staging.lacuisinedebernard.com/%d8%b9%d8%ac%d9%8a%d9%86%d8%a9-%d8%a8%d9%8a%d8%ac%d8%a7-%d9%84%d9%84%d8%a8%d9%8a%d8%aa%d8%b2%d8%a7
https://lacuisinedebernard.com/%d8%b9%d8%ac%d9%8a%d9%86%d8%a9-%d8%a8%d9%8a%d8%ac%d8%a7-%d9%84%d9%84%d8%a8%d9%8a%d8%aa%d8%b2%d8%a7/,https://staging.lacuisinedebernard.com/%d8%b9%d8%ac%d9%8a%d9%86%d8%a9-%d8%a8%d9%8a%d8%ac%d8%a7-%d9%84%d9%84%d8%a8%d9%8a%d8%aa%d8%b2%d8%a7
https://www.lacuisinedebernard.com/%d8%b9%d8%ac%d9%8a%d9%86%d8%a9-%d8%a8%d9%8a%d8%ac%d8%a7-%d9%84%d9%84%d8%a8%d9%8a%d8%aa%d8%b2%d8%a7,https://staging.lacuisinedebernard.com/%d8%b9%d8%ac%d9%8a%d9%86%d8%a9-%d8%a8%d9%8a%d8%ac%d8%a7-%d9%84%d9%84%d8%a8%d9%8a%d8%aa%d8%b2%d8%a7
https://www.lacuisinedebernard.com/%d8%b9%d8%ac%d9%8a%d9%86%d8%a9-%d8%a8%d9%8a%d8%ac%d8%a7-%d9%84%d9%84%d8%a8%d9%8a%d8%aa%d8%b2%d8%a7/,https://staging.lacuisinedebernard.com/%d8%b9%d8%ac%d9%8a%d9%86%d8%a9-%d8%a8%d9%8a%d8%ac%d8%a7-%d9%84%d9%84%d8%a8%d9%8a%d8%aa%d8%b2%d8%a7
https://lacuisinedebernard.com/coalhada-de-limao,https://staging.lacuisinedebernard.com/coalhada-de-limao
https://lacuisinedebernard.com/coalhada-de-limao/,https://staging.lacuisinedebernard.com/coalhada-de-limao
https://www.lacuisinedebernard.com/coalhada-de-limao,https://staging.lacuisinedebernard.com/coalhada-de-limao
https://www.lacuisinedebernard.com/coalhada-de-limao/,https://staging.lacuisinedebernard.com/coalhada-de-limao
https://lacuisinedebernard.com/ultra-fresh-strawberry-trifle,https://staging.lacuisinedebernard.com/ultra-fresh-strawberry-trifle
https://lacuisinedebernard.com/ultra-fresh-strawberry-trifle/,https://staging.lacuisinedebernard.com/ultra-fresh-strawberry-trifle
https://www.lacuisinedebernard.com/ultra-fresh-strawberry-trifle,https://staging.lacuisinedebernard.com/ultra-fresh-strawberry-trifle
https://www.lacuisinedebernard.com/ultra-fresh-strawberry-trifle/,https://staging.lacuisinedebernard.com/ultra-fresh-strawberry-trifle
https://lacuisinedebernard.com/savoury-tart-tatin-with-shallots-and-fresh-goats-cheese,https://staging.lacuisinedebernard.com/savoury-tart-tatin-with-shallots-and-fresh-goats-cheese
https://lacuisinedebernard.com/savoury-tart-tatin-with-shallots-and-fresh-goats-cheese/,https://staging.lacuisinedebernard.com/savoury-tart-tatin-with-shallots-and-fresh-goats-cheese
https://www.lacuisinedebernard.com/savoury-tart-tatin-with-shallots-and-fresh-goats-cheese,https://staging.lacuisinedebernard.com/savoury-tart-tatin-with-shallots-and-fresh-goats-cheese
https://www.lacuisinedebernard.com/savoury-tart-tatin-with-shallots-and-fresh-goats-cheese/,https://staging.lacuisinedebernard.com/savoury-tart-tatin-with-shallots-and-fresh-goats-cheese
https://lacuisinedebernard.com/lemon-limoncello-and-lemoncurd-tiramisu,https://staging.lacuisinedebernard.com/lemon-limoncello-and-lemoncurd-tiramisu
https://lacuisinedebernard.com/lemon-limoncello-and-lemoncurd-tiramisu/,https://staging.lacuisinedebernard.com/lemon-limoncello-and-lemoncurd-tiramisu
https://www.lacuisinedebernard.com/lemon-limoncello-and-lemoncurd-tiramisu,https://staging.lacuisinedebernard.com/lemon-limoncello-and-lemoncurd-tiramisu
https://www.lacuisinedebernard.com/lemon-limoncello-and-lemoncurd-tiramisu/,https://staging.lacuisinedebernard.com/lemon-limoncello-and-lemoncurd-tiramisu
https://lacuisinedebernard.com/pesto-de-alcachofa,https://staging.lacuisinedebernard.com/pesto-de-alcachofa
https://lacuisinedebernard.com/pesto-de-alcachofa/,https://staging.lacuisinedebernard.com/pesto-de-alcachofa
https://www.lacuisinedebernard.com/pesto-de-alcachofa,https://staging.lacuisinedebernard.com/pesto-de-alcachofa
https://www.lacuisinedebernard.com/pesto-de-alcachofa/,https://staging.lacuisinedebernard.com/pesto-de-alcachofa
https://lacuisinedebernard.com/%d9%81%d8%b7%d8%b1-%d9%85%d9%82%d8%b1%d9%85%d8%b4-%d9%81%d9%8a-%d8%b5%d9%84%d8%b5%d8%a9-%d8%a7%d9%84%d9%81%d9%84%d9%81%d9%84-%d8%a7%d9%84%d8%ad%d8%a7%d8%b1,https://staging.lacuisinedebernard.com/%d9%81%d8%b7%d8%b1-%d9%85%d9%82%d8%b1%d9%85%d8%b4-%d9%81%d9%8a-%d8%b5%d9%84%d8%b5%d8%a9-%d8%a7%d9%84%d9%81%d9%84%d9%81%d9%84-%d8%a7%d9%84%d8%ad%d8%a7%d8%b1
https://lacuisinedebernard.com/%d9%81%d8%b7%d8%b1-%d9%85%d9%82%d8%b1%d9%85%d8%b4-%d9%81%d9%8a-%d8%b5%d9%84%d8%b5%d8%a9-%d8%a7%d9%84%d9%81%d9%84%d9%81%d9%84-%d8%a7%d9%84%d8%ad%d8%a7%d8%b1/,https://staging.lacuisinedebernard.com/%d9%81%d8%b7%d8%b1-%d9%85%d9%82%d8%b1%d9%85%d8%b4-%d9%81%d9%8a-%d8%b5%d9%84%d8%b5%d8%a9-%d8%a7%d9%84%d9%81%d9%84%d9%81%d9%84-%d8%a7%d9%84%d8%ad%d8%a7%d8%b1
https://www.lacuisinedebernard.com/%d9%81%d8%b7%d8%b1-%d9%85%d9%82%d8%b1%d9%85%d8%b4-%d9%81%d9%8a-%d8%b5%d9%84%d8%b5%d8%a9-%d8%a7%d9%84%d9%81%d9%84%d9%81%d9%84-%d8%a7%d9%84%d8%ad%d8%a7%d8%b1,https://staging.lacuisinedebernard.com/%d9%81%d8%b7%d8%b1-%d9%85%d9%82%d8%b1%d9%85%d8%b4-%d9%81%d9%8a-%d8%b5%d9%84%d8%b5%d8%a9-%d8%a7%d9%84%d9%81%d9%84%d9%81%d9%84-%d8%a7%d9%84%d8%ad%d8%a7%d8%b1
https://www.lacuisinedebernard.com/%d9%81%d8%b7%d8%b1-%d9%85%d9%82%d8%b1%d9%85%d8%b4-%d9%81%d9%8a-%d8%b5%d9%84%d8%b5%d8%a9-%d8%a7%d9%84%d9%81%d9%84%d9%81%d9%84-%d8%a7%d9%84%d8%ad%d8%a7%d8%b1/,https://staging.lacuisinedebernard.com/%d9%81%d8%b7%d8%b1-%d9%85%d9%82%d8%b1%d9%85%d8%b4-%d9%81%d9%8a-%d8%b5%d9%84%d8%b5%d8%a9-%d8%a7%d9%84%d9%81%d9%84%d9%81%d9%84-%d8%a7%d9%84%d8%ad%d8%a7%d8%b1
https://lacuisinedebernard.com/%d8%b3%d9%84%d8%b7%d8%a9-%d8%a7%d9%84%d9%85%d8%b9%d9%83%d8%b1%d9%88%d9%86%d8%a9-%d8%a7%d9%84%d8%b7%d8%a7%d8%b2%d8%ac%d8%a9-%d9%85%d8%b9-%d8%a7%d9%84%d8%a3%d9%81%d9%88%d9%83%d8%a7%d8%af%d9%88-%d9%88,https://staging.lacuisinedebernard.com/%d8%b3%d9%84%d8%b7%d8%a9-%d8%a7%d9%84%d9%85%d8%b9%d9%83%d8%b1%d9%88%d9%86%d8%a9-%d8%a7%d9%84%d8%b7%d8%a7%d8%b2%d8%ac%d8%a9-%d9%85%d8%b9-%d8%a7%d9%84%d8%a3%d9%81%d9%88%d9%83%d8%a7%d8%af%d9%88-%d9%88
https://lacuisinedebernard.com/%d8%b3%d9%84%d8%b7%d8%a9-%d8%a7%d9%84%d9%85%d8%b9%d9%83%d8%b1%d9%88%d9%86%d8%a9-%d8%a7%d9%84%d8%b7%d8%a7%d8%b2%d8%ac%d8%a9-%d9%85%d8%b9-%d8%a7%d9%84%d8%a3%d9%81%d9%88%d9%83%d8%a7%d8%af%d9%88-%d9%88/,https://staging.lacuisinedebernard.com/%d8%b3%d9%84%d8%b7%d8%a9-%d8%a7%d9%84%d9%85%d8%b9%d9%83%d8%b1%d9%88%d9%86%d8%a9-%d8%a7%d9%84%d8%b7%d8%a7%d8%b2%d8%ac%d8%a9-%d9%85%d8%b9-%d8%a7%d9%84%d8%a3%d9%81%d9%88%d9%83%d8%a7%d8%af%d9%88-%d9%88
https://www.lacuisinedebernard.com/%d8%b3%d9%84%d8%b7%d8%a9-%d8%a7%d9%84%d9%85%d8%b9%d9%83%d8%b1%d9%88%d9%86%d8%a9-%d8%a7%d9%84%d8%b7%d8%a7%d8%b2%d8%ac%d8%a9-%d9%85%d8%b9-%d8%a7%d9%84%d8%a3%d9%81%d9%88%d9%83%d8%a7%d8%af%d9%88-%d9%88,https://staging.lacuisinedebernard.com/%d8%b3%d9%84%d8%b7%d8%a9-%d8%a7%d9%84%d9%85%d8%b9%d9%83%d8%b1%d9%88%d9%86%d8%a9-%d8%a7%d9%84%d8%b7%d8%a7%d8%b2%d8%ac%d8%a9-%d9%85%d8%b9-%d8%a7%d9%84%d8%a3%d9%81%d9%88%d9%83%d8%a7%d8%af%d9%88-%d9%88
https://www.lacuisinedebernard.com/%d8%b3%d9%84%d8%b7%d8%a9-%d8%a7%d9%84%d9%85%d8%b9%d9%83%d8%b1%d9%88%d9%86%d8%a9-%d8%a7%d9%84%d8%b7%d8%a7%d8%b2%d8%ac%d8%a9-%d9%85%d8%b9-%d8%a7%d9%84%d8%a3%d9%81%d9%88%d9%83%d8%a7%d8%af%d9%88-%d9%88/,https://staging.lacuisinedebernard.com/%d8%b3%d9%84%d8%b7%d8%a9-%d8%a7%d9%84%d9%85%d8%b9%d9%83%d8%b1%d9%88%d9%86%d8%a9-%d8%a7%d9%84%d8%b7%d8%a7%d8%b2%d8%ac%d8%a9-%d9%85%d8%b9-%d8%a7%d9%84%d8%a3%d9%81%d9%88%d9%83%d8%a7%d8%af%d9%88-%d9%88
https://lacuisinedebernard.com/tarta-chantilly-de-fresas-vino-rosado-y-crema-de-queso,https://staging.lacuisinedebernard.com/tarta-chantilly-de-fresas-vino-rosado-y-crema-de-queso
https://lacuisinedebernard.com/tarta-chantilly-de-fresas-vino-rosado-y-crema-de-queso/,https://staging.lacuisinedebernard.com/tarta-chantilly-de-fresas-vino-rosado-y-crema-de-queso
https://www.lacuisinedebernard.com/tarta-chantilly-de-fresas-vino-rosado-y-crema-de-queso,https://staging.lacuisinedebernard.com/tarta-chantilly-de-fresas-vino-rosado-y-crema-de-queso
https://www.lacuisinedebernard.com/tarta-chantilly-de-fresas-vino-rosado-y-crema-de-queso/,https://staging.lacuisinedebernard.com/tarta-chantilly-de-fresas-vino-rosado-y-crema-de-queso
https://lacuisinedebernard.com/lemoncurd,https://staging.lacuisinedebernard.com/lemoncurd
https://lacuisinedebernard.com/lemoncurd/,https://staging.lacuisinedebernard.com/lemoncurd
https://www.lacuisinedebernard.com/lemoncurd,https://staging.lacuisinedebernard.com/lemoncurd
https://www.lacuisinedebernard.com/lemoncurd/,https://staging.lacuisinedebernard.com/lemoncurd
https://lacuisinedebernard.com/%d9%83%d8%b9%d9%83%d8%a9-%d8%a7%d9%84%d9%85%d9%88%d8%b2-%d8%a8%d8%a7%d9%84%d8%b4%d9%88%d9%83%d9%88%d9%84%d8%a7%d8%aa%d8%a9-%d8%a7%d9%84%d8%af%d8%a7%d9%83%d9%86%d8%a9-%d9%88%d8%a7%d9%84%d9%85%d9%88,https://staging.lacuisinedebernard.com/%d9%83%d8%b9%d9%83%d8%a9-%d8%a7%d9%84%d9%85%d9%88%d8%b2-%d8%a8%d8%a7%d9%84%d8%b4%d9%88%d9%83%d9%88%d9%84%d8%a7%d8%aa%d8%a9-%d8%a7%d9%84%d8%af%d8%a7%d9%83%d9%86%d8%a9-%d9%88%d8%a7%d9%84%d9%85%d9%88
https://lacuisinedebernard.com/%d9%83%d8%b9%d9%83%d8%a9-%d8%a7%d9%84%d9%85%d9%88%d8%b2-%d8%a8%d8%a7%d9%84%d8%b4%d9%88%d9%83%d9%88%d9%84%d8%a7%d8%aa%d8%a9-%d8%a7%d9%84%d8%af%d8%a7%d9%83%d9%86%d8%a9-%d9%88%d8%a7%d9%84%d9%85%d9%88/,https://staging.lacuisinedebernard.com/%d9%83%d8%b9%d9%83%d8%a9-%d8%a7%d9%84%d9%85%d9%88%d8%b2-%d8%a8%d8%a7%d9%84%d8%b4%d9%88%d9%83%d9%88%d9%84%d8%a7%d8%aa%d8%a9-%d8%a7%d9%84%d8%af%d8%a7%d9%83%d9%86%d8%a9-%d9%88%d8%a7%d9%84%d9%85%d9%88
https://www.lacuisinedebernard.com/%d9%83%d8%b9%d9%83%d8%a9-%d8%a7%d9%84%d9%85%d9%88%d8%b2-%d8%a8%d8%a7%d9%84%d8%b4%d9%88%d9%83%d9%88%d9%84%d8%a7%d8%aa%d8%a9-%d8%a7%d9%84%d8%af%d8%a7%d9%83%d9%86%d8%a9-%d9%88%d8%a7%d9%84%d9%85%d9%88,https://staging.lacuisinedebernard.com/%d9%83%d8%b9%d9%83%d8%a9-%d8%a7%d9%84%d9%85%d9%88%d8%b2-%d8%a8%d8%a7%d9%84%d8%b4%d9%88%d9%83%d9%88%d9%84%d8%a7%d8%aa%d8%a9-%d8%a7%d9%84%d8%af%d8%a7%d9%83%d9%86%d8%a9-%d9%88%d8%a7%d9%84%d9%85%d9%88
https://www.lacuisinedebernard.com/%d9%83%d8%b9%d9%83%d8%a9-%d8%a7%d9%84%d9%85%d9%88%d8%b2-%d8%a8%d8%a7%d9%84%d8%b4%d9%88%d9%83%d9%88%d9%84%d8%a7%d8%aa%d8%a9-%d8%a7%d9%84%d8%af%d8%a7%d9%83%d9%86%d8%a9-%d9%88%d8%a7%d9%84%d9%85%d9%88/,https://staging.lacuisinedebernard.com/%d9%83%d8%b9%d9%83%d8%a9-%d8%a7%d9%84%d9%85%d9%88%d8%b2-%d8%a8%d8%a7%d9%84%d8%b4%d9%88%d9%83%d9%88%d9%84%d8%a7%d8%aa%d8%a9-%d8%a7%d9%84%d8%af%d8%a7%d9%83%d9%86%d8%a9-%d9%88%d8%a7%d9%84%d9%85%d9%88
https://lacuisinedebernard.com/%d8%aa%d8%a7%d8%b1%d8%aa-%d8%a7%d9%84%d8%aa%d8%a7%d8%aa%d8%a7%d9%86-%d8%a7%d9%84%d9%84%d8%b0%d9%8a%d8%b0-%d9%85%d8%b9-%d8%a7%d9%84%d9%83%d8%b1%d8%a7%d8%ab-%d9%88%d8%ac%d8%a8%d9%86-%d8%a7%d9%84%d9%85,https://staging.lacuisinedebernard.com/%d8%aa%d8%a7%d8%b1%d8%aa-%d8%a7%d9%84%d8%aa%d8%a7%d8%aa%d8%a7%d9%86-%d8%a7%d9%84%d9%84%d8%b0%d9%8a%d8%b0-%d9%85%d8%b9-%d8%a7%d9%84%d9%83%d8%b1%d8%a7%d8%ab-%d9%88%d8%ac%d8%a8%d9%86-%d8%a7%d9%84%d9%85
https://lacuisinedebernard.com/%d8%aa%d8%a7%d8%b1%d8%aa-%d8%a7%d9%84%d8%aa%d8%a7%d8%aa%d8%a7%d9%86-%d8%a7%d9%84%d9%84%d8%b0%d9%8a%d8%b0-%d9%85%d8%b9-%d8%a7%d9%84%d9%83%d8%b1%d8%a7%d8%ab-%d9%88%d8%ac%d8%a8%d9%86-%d8%a7%d9%84%d9%85/,https://staging.lacuisinedebernard.com/%d8%aa%d8%a7%d8%b1%d8%aa-%d8%a7%d9%84%d8%aa%d8%a7%d8%aa%d8%a7%d9%86-%d8%a7%d9%84%d9%84%d8%b0%d9%8a%d8%b0-%d9%85%d8%b9-%d8%a7%d9%84%d9%83%d8%b1%d8%a7%d8%ab-%d9%88%d8%ac%d8%a8%d9%86-%d8%a7%d9%84%d9%85
https://www.lacuisinedebernard.com/%d8%aa%d8%a7%d8%b1%d8%aa-%d8%a7%d9%84%d8%aa%d8%a7%d8%aa%d8%a7%d9%86-%d8%a7%d9%84%d9%84%d8%b0%d9%8a%d8%b0-%d9%85%d8%b9-%d8%a7%d9%84%d9%83%d8%b1%d8%a7%d8%ab-%d9%88%d8%ac%d8%a8%d9%86-%d8%a7%d9%84%d9%85,https://staging.lacuisinedebernard.com/%d8%aa%d8%a7%d8%b1%d8%aa-%d8%a7%d9%84%d8%aa%d8%a7%d8%aa%d8%a7%d9%86-%d8%a7%d9%84%d9%84%d8%b0%d9%8a%d8%b0-%d9%85%d8%b9-%d8%a7%d9%84%d9%83%d8%b1%d8%a7%d8%ab-%d9%88%d8%ac%d8%a8%d9%86-%d8%a7%d9%84%d9%85
https://www.lacuisinedebernard.com/%d8%aa%d8%a7%d8%b1%d8%aa-%d8%a7%d9%84%d8%aa%d8%a7%d8%aa%d8%a7%d9%86-%d8%a7%d9%84%d9%84%d8%b0%d9%8a%d8%b0-%d9%85%d8%b9-%d8%a7%d9%84%d9%83%d8%b1%d8%a7%d8%ab-%d9%88%d8%ac%d8%a8%d9%86-%d8%a7%d9%84%d9%85/,https://staging.lacuisinedebernard.com/%d8%aa%d8%a7%d8%b1%d8%aa-%d8%a7%d9%84%d8%aa%d8%a7%d8%aa%d8%a7%d9%86-%d8%a7%d9%84%d9%84%d8%b0%d9%8a%d8%b0-%d9%85%d8%b9-%d8%a7%d9%84%d9%83%d8%b1%d8%a7%d8%ab-%d9%88%d8%ac%d8%a8%d9%86-%d8%a7%d9%84%d9%85
https://lacuisinedebernard.com/pizza-de-gorgonzola-y-nueces,https://staging.lacuisinedebernard.com/pizza-de-gorgonzola-y-nueces
https://lacuisinedebernard.com/pizza-de-gorgonzola-y-nueces/,https://staging.lacuisinedebernard.com/pizza-de-gorgonzola-y-nueces
https://www.lacuisinedebernard.com/pizza-de-gorgonzola-y-nueces,https://staging.lacuisinedebernard.com/pizza-de-gorgonzola-y-nueces
https://www.lacuisinedebernard.com/pizza-de-gorgonzola-y-nueces/,https://staging.lacuisinedebernard.com/pizza-de-gorgonzola-y-nueces
https://lacuisinedebernard.com/%d8%aa%d8%a7%d9%81%d9%87-%d8%a7%d9%84%d9%81%d8%b1%d8%a7%d9%88%d9%84%d8%a9-%d8%a7%d9%84%d8%b7%d8%a7%d8%b2%d8%ac%d8%a9-%d8%ac%d8%af%d8%a7%d9%8b,https://staging.lacuisinedebernard.com/%d8%aa%d8%a7%d9%81%d9%87-%d8%a7%d9%84%d9%81%d8%b1%d8%a7%d9%88%d9%84%d8%a9-%d8%a7%d9%84%d8%b7%d8%a7%d8%b2%d8%ac%d8%a9-%d8%ac%d8%af%d8%a7%d9%8b
https://lacuisinedebernard.com/%d8%aa%d8%a7%d9%81%d9%87-%d8%a7%d9%84%d9%81%d8%b1%d8%a7%d9%88%d9%84%d8%a9-%d8%a7%d9%84%d8%b7%d8%a7%d8%b2%d8%ac%d8%a9-%d8%ac%d8%af%d8%a7%d9%8b/,https://staging.lacuisinedebernard.com/%d8%aa%d8%a7%d9%81%d9%87-%d8%a7%d9%84%d9%81%d8%b1%d8%a7%d9%88%d9%84%d8%a9-%d8%a7%d9%84%d8%b7%d8%a7%d8%b2%d8%ac%d8%a9-%d8%ac%d8%af%d8%a7%d9%8b
https://www.lacuisinedebernard.com/%d8%aa%d8%a7%d9%81%d9%87-%d8%a7%d9%84%d9%81%d8%b1%d8%a7%d9%88%d9%84%d8%a9-%d8%a7%d9%84%d8%b7%d8%a7%d8%b2%d8%ac%d8%a9-%d8%ac%d8%af%d8%a7%d9%8b,https://staging.lacuisinedebernard.com/%d8%aa%d8%a7%d9%81%d9%87-%d8%a7%d9%84%d9%81%d8%b1%d8%a7%d9%88%d9%84%d8%a9-%d8%a7%d9%84%d8%b7%d8%a7%d8%b2%d8%ac%d8%a9-%d8%ac%d8%af%d8%a7%d9%8b
https://www.lacuisinedebernard.com/%d8%aa%d8%a7%d9%81%d9%87-%d8%a7%d9%84%d9%81%d8%b1%d8%a7%d9%88%d9%84%d8%a9-%d8%a7%d9%84%d8%b7%d8%a7%d8%b2%d8%ac%d8%a9-%d8%ac%d8%af%d8%a7%d9%8b/,https://staging.lacuisinedebernard.com/%d8%aa%d8%a7%d9%81%d9%87-%d8%a7%d9%84%d9%81%d8%b1%d8%a7%d9%88%d9%84%d8%a9-%d8%a7%d9%84%d8%b7%d8%a7%d8%b2%d8%ac%d8%a9-%d8%ac%d8%af%d8%a7%d9%8b
https://lacuisinedebernard.com/pesto-de-alcachofra,https://staging.lacuisinedebernard.com/pesto-de-alcachofra
https://lacuisinedebernard.com/pesto-de-alcachofra/,https://staging.lacuisinedebernard.com/pesto-de-alcachofra
https://www.lacuisinedebernard.com/pesto-de-alcachofra,https://staging.lacuisinedebernard.com/pesto-de-alcachofra
https://www.lacuisinedebernard.com/pesto-de-alcachofra/,https://staging.lacuisinedebernard.com/pesto-de-alcachofra
https://lacuisinedebernard.com/ensalada-de-pasta-con-lentejas-coral-gambas-pesto-y-tomates-cherry,https://staging.lacuisinedebernard.com/ensalada-de-pasta-con-lentejas-coral-gambas-pesto-y-tomates-cherry
https://lacuisinedebernard.com/ensalada-de-pasta-con-lentejas-coral-gambas-pesto-y-tomates-cherry/,https://staging.lacuisinedebernard.com/ensalada-de-pasta-con-lentejas-coral-gambas-pesto-y-tomates-cherry
https://www.lacuisinedebernard.com/ensalada-de-pasta-con-lentejas-coral-gambas-pesto-y-tomates-cherry,https://staging.lacuisinedebernard.com/ensalada-de-pasta-con-lentejas-coral-gambas-pesto-y-tomates-cherry
https://www.lacuisinedebernard.com/ensalada-de-pasta-con-lentejas-coral-gambas-pesto-y-tomates-cherry/,https://staging.lacuisinedebernard.com/ensalada-de-pasta-con-lentejas-coral-gambas-pesto-y-tomates-cherry
https://lacuisinedebernard.com/%d8%aa%d9%8a%d8%b1%d8%a7%d9%85%d9%8a%d8%b3%d9%88-%d8%a7%d9%84%d9%84%d9%8a%d9%85%d9%88%d9%86-%d9%88%d8%a7%d9%84%d9%84%d9%8a%d9%85%d9%88%d9%86-%d9%88%d8%a7%d9%84%d9%84%d9%8a%d9%85%d9%88%d9%86-%d9%83,https://staging.lacuisinedebernard.com/%d8%aa%d9%8a%d8%b1%d8%a7%d9%85%d9%8a%d8%b3%d9%88-%d8%a7%d9%84%d9%84%d9%8a%d9%85%d9%88%d9%86-%d9%88%d8%a7%d9%84%d9%84%d9%8a%d9%85%d9%88%d9%86-%d9%88%d8%a7%d9%84%d9%84%d9%8a%d9%85%d9%88%d9%86-%d9%83
https://lacuisinedebernard.com/%d8%aa%d9%8a%d8%b1%d8%a7%d9%85%d9%8a%d8%b3%d9%88-%d8%a7%d9%84%d9%84%d9%8a%d9%85%d9%88%d9%86-%d9%88%d8%a7%d9%84%d9%84%d9%8a%d9%85%d9%88%d9%86-%d9%88%d8%a7%d9%84%d9%84%d9%8a%d9%85%d9%88%d9%86-%d9%83/,https://staging.lacuisinedebernard.com/%d8%aa%d9%8a%d8%b1%d8%a7%d9%85%d9%8a%d8%b3%d9%88-%d8%a7%d9%84%d9%84%d9%8a%d9%85%d9%88%d9%86-%d9%88%d8%a7%d9%84%d9%84%d9%8a%d9%85%d9%88%d9%86-%d9%88%d8%a7%d9%84%d9%84%d9%8a%d9%85%d9%88%d9%86-%d9%83
https://www.lacuisinedebernard.com/%d8%aa%d9%8a%d8%b1%d8%a7%d9%85%d9%8a%d8%b3%d9%88-%d8%a7%d9%84%d9%84%d9%8a%d9%85%d9%88%d9%86-%d9%88%d8%a7%d9%84%d9%84%d9%8a%d9%85%d9%88%d9%86-%d9%88%d8%a7%d9%84%d9%84%d9%8a%d9%85%d9%88%d9%86-%d9%83,https://staging.lacuisinedebernard.com/%d8%aa%d9%8a%d8%b1%d8%a7%d9%85%d9%8a%d8%b3%d9%88-%d8%a7%d9%84%d9%84%d9%8a%d9%85%d9%88%d9%86-%d9%88%d8%a7%d9%84%d9%84%d9%8a%d9%85%d9%88%d9%86-%d9%88%d8%a7%d9%84%d9%84%d9%8a%d9%85%d9%88%d9%86-%d9%83
https://www.lacuisinedebernard.com/%d8%aa%d9%8a%d8%b1%d8%a7%d9%85%d9%8a%d8%b3%d9%88-%d8%a7%d9%84%d9%84%d9%8a%d9%85%d9%88%d9%86-%d9%88%d8%a7%d9%84%d9%84%d9%8a%d9%85%d9%88%d9%86-%d9%88%d8%a7%d9%84%d9%84%d9%8a%d9%85%d9%88%d9%86-%d9%83/,https://staging.lacuisinedebernard.com/%d8%aa%d9%8a%d8%b1%d8%a7%d9%85%d9%8a%d8%b3%d9%88-%d8%a7%d9%84%d9%84%d9%8a%d9%85%d9%88%d9%86-%d9%88%d8%a7%d9%84%d9%84%d9%8a%d9%85%d9%88%d9%86-%d9%88%d8%a7%d9%84%d9%84%d9%8a%d9%85%d9%88%d9%86-%d9%83
https://lacuisinedebernard.com/masa-biga-para-pizza,https://staging.lacuisinedebernard.com/masa-biga-para-pizza
https://lacuisinedebernard.com/masa-biga-para-pizza/,https://staging.lacuisinedebernard.com/masa-biga-para-pizza
https://www.lacuisinedebernard.com/masa-biga-para-pizza,https://staging.lacuisinedebernard.com/masa-biga-para-pizza
https://www.lacuisinedebernard.com/masa-biga-para-pizza/,https://staging.lacuisinedebernard.com/masa-biga-para-pizza
https://lacuisinedebernard.com/bolo-chantilly-de-morango-vinho-rose-e-cream-cheese,https://staging.lacuisinedebernard.com/bolo-chantilly-de-morango-vinho-rose-e-cream-cheese
https://lacuisinedebernard.com/bolo-chantilly-de-morango-vinho-rose-e-cream-cheese/,https://staging.lacuisinedebernard.com/bolo-chantilly-de-morango-vinho-rose-e-cream-cheese
https://www.lacuisinedebernard.com/bolo-chantilly-de-morango-vinho-rose-e-cream-cheese,https://staging.lacuisinedebernard.com/bolo-chantilly-de-morango-vinho-rose-e-cream-cheese
https://www.lacuisinedebernard.com/bolo-chantilly-de-morango-vinho-rose-e-cream-cheese/,https://staging.lacuisinedebernard.com/bolo-chantilly-de-morango-vinho-rose-e-cream-cheese
https://lacuisinedebernard.com/%d9%84%d9%8a%d9%85%d9%88%d9%86%d9%83%d9%88%d8%b1%d8%af,https://staging.lacuisinedebernard.com/%d9%84%d9%8a%d9%85%d9%88%d9%86%d9%83%d9%88%d8%b1%d8%af
https://lacuisinedebernard.com/%d9%84%d9%8a%d9%85%d9%88%d9%86%d9%83%d9%88%d8%b1%d8%af/,https://staging.lacuisinedebernard.com/%d9%84%d9%8a%d9%85%d9%88%d9%86%d9%83%d9%88%d8%b1%d8%af
https://www.lacuisinedebernard.com/%d9%84%d9%8a%d9%85%d9%88%d9%86%d9%83%d9%88%d8%b1%d8%af,https://staging.lacuisinedebernard.com/%d9%84%d9%8a%d9%85%d9%88%d9%86%d9%83%d9%88%d8%b1%d8%af
https://www.lacuisinedebernard.com/%d9%84%d9%8a%d9%85%d9%88%d9%86%d9%83%d9%88%d8%b1%d8%af/,https://staging.lacuisinedebernard.com/%d9%84%d9%8a%d9%85%d9%88%d9%86%d9%83%d9%88%d8%b1%d8%af
https://lacuisinedebernard.com/chlorophyll-oil,https://staging.lacuisinedebernard.com/chlorophyll-oil
https://lacuisinedebernard.com/chlorophyll-oil/,https://staging.lacuisinedebernard.com/chlorophyll-oil
https://www.lacuisinedebernard.com/chlorophyll-oil,https://staging.lacuisinedebernard.com/chlorophyll-oil
https://www.lacuisinedebernard.com/chlorophyll-oil/,https://staging.lacuisinedebernard.com/chlorophyll-oil
https://lacuisinedebernard.com/pizza-de-nozes-com-gorgonzola,https://staging.lacuisinedebernard.com/pizza-de-nozes-com-gorgonzola
https://lacuisinedebernard.com/pizza-de-nozes-com-gorgonzola/,https://staging.lacuisinedebernard.com/pizza-de-nozes-com-gorgonzola
https://www.lacuisinedebernard.com/pizza-de-nozes-com-gorgonzola,https://staging.lacuisinedebernard.com/pizza-de-nozes-com-gorgonzola
https://www.lacuisinedebernard.com/pizza-de-nozes-com-gorgonzola/,https://staging.lacuisinedebernard.com/pizza-de-nozes-com-gorgonzola
https://lacuisinedebernard.com/artichoke-pesto,https://staging.lacuisinedebernard.com/artichoke-pesto
https://lacuisinedebernard.com/artichoke-pesto/,https://staging.lacuisinedebernard.com/artichoke-pesto
https://www.lacuisinedebernard.com/artichoke-pesto,https://staging.lacuisinedebernard.com/artichoke-pesto
https://www.lacuisinedebernard.com/artichoke-pesto/,https://staging.lacuisinedebernard.com/artichoke-pesto
https://lacuisinedebernard.com/champinones-crujientes-en-salsa-de-guindilla,https://staging.lacuisinedebernard.com/champinones-crujientes-en-salsa-de-guindilla
https://lacuisinedebernard.com/champinones-crujientes-en-salsa-de-guindilla/,https://staging.lacuisinedebernard.com/champinones-crujientes-en-salsa-de-guindilla
https://www.lacuisinedebernard.com/champinones-crujientes-en-salsa-de-guindilla,https://staging.lacuisinedebernard.com/champinones-crujientes-en-salsa-de-guindilla
https://www.lacuisinedebernard.com/champinones-crujientes-en-salsa-de-guindilla/,https://staging.lacuisinedebernard.com/champinones-crujientes-en-salsa-de-guindilla
https://lacuisinedebernard.com/ensalada-de-pasta-fresca-con-aguacate-rabano-y-ralladura-de-limon,https://staging.lacuisinedebernard.com/ensalada-de-pasta-fresca-con-aguacate-rabano-y-ralladura-de-limon
https://lacuisinedebernard.com/ensalada-de-pasta-fresca-con-aguacate-rabano-y-ralladura-de-limon/,https://staging.lacuisinedebernard.com/ensalada-de-pasta-fresca-con-aguacate-rabano-y-ralladura-de-limon
https://www.lacuisinedebernard.com/ensalada-de-pasta-fresca-con-aguacate-rabano-y-ralladura-de-limon,https://staging.lacuisinedebernard.com/ensalada-de-pasta-fresca-con-aguacate-rabano-y-ralladura-de-limon
https://www.lacuisinedebernard.com/ensalada-de-pasta-fresca-con-aguacate-rabano-y-ralladura-de-limon/,https://staging.lacuisinedebernard.com/ensalada-de-pasta-fresca-con-aguacate-rabano-y-ralladura-de-limon
https://lacuisinedebernard.com/salada-de-macarrao-com-lentilhas-de-coral-camaroes-pesto-e-tomates-cereja,https://staging.lacuisinedebernard.com/salada-de-macarrao-com-lentilhas-de-coral-camaroes-pesto-e-tomates-cereja
https://lacuisinedebernard.com/salada-de-macarrao-com-lentilhas-de-coral-camaroes-pesto-e-tomates-cereja/,https://staging.lacuisinedebernard.com/salada-de-macarrao-com-lentilhas-de-coral-camaroes-pesto-e-tomates-cereja
https://www.lacuisinedebernard.com/salada-de-macarrao-com-lentilhas-de-coral-camaroes-pesto-e-tomates-cereja,https://staging.lacuisinedebernard.com/salada-de-macarrao-com-lentilhas-de-coral-camaroes-pesto-e-tomates-cereja
https://www.lacuisinedebernard.com/salada-de-macarrao-com-lentilhas-de-coral-camaroes-pesto-e-tomates-cereja/,https://staging.lacuisinedebernard.com/salada-de-macarrao-com-lentilhas-de-coral-camaroes-pesto-e-tomates-cereja
https://lacuisinedebernard.com/massa-biga-para-pizza,https://staging.lacuisinedebernard.com/massa-biga-para-pizza
https://lacuisinedebernard.com/massa-biga-para-pizza/,https://staging.lacuisinedebernard.com/massa-biga-para-pizza
https://www.lacuisinedebernard.com/massa-biga-para-pizza,https://staging.lacuisinedebernard.com/massa-biga-para-pizza
https://www.lacuisinedebernard.com/massa-biga-para-pizza/,https://staging.lacuisinedebernard.com/massa-biga-para-pizza
https://lacuisinedebernard.com/sweet-cocoa-paste,https://staging.lacuisinedebernard.com/sweet-cocoa-paste
https://lacuisinedebernard.com/sweet-cocoa-paste/,https://staging.lacuisinedebernard.com/sweet-cocoa-paste
https://www.lacuisinedebernard.com/sweet-cocoa-paste,https://staging.lacuisinedebernard.com/sweet-cocoa-paste
https://www.lacuisinedebernard.com/sweet-cocoa-paste/,https://staging.lacuisinedebernard.com/sweet-cocoa-paste
https://lacuisinedebernard.com/gorgonzola-walnut-pizza,https://staging.lacuisinedebernard.com/gorgonzola-walnut-pizza
https://lacuisinedebernard.com/gorgonzola-walnut-pizza/,https://staging.lacuisinedebernard.com/gorgonzola-walnut-pizza
https://www.lacuisinedebernard.com/gorgonzola-walnut-pizza,https://staging.lacuisinedebernard.com/gorgonzola-walnut-pizza
https://www.lacuisinedebernard.com/gorgonzola-walnut-pizza/,https://staging.lacuisinedebernard.com/gorgonzola-walnut-pizza
https://lacuisinedebernard.com/strawberry-rose-wine-and-cream-cheese-chantilly-cake,https://staging.lacuisinedebernard.com/strawberry-rose-wine-and-cream-cheese-chantilly-cake
https://lacuisinedebernard.com/strawberry-rose-wine-and-cream-cheese-chantilly-cake/,https://staging.lacuisinedebernard.com/strawberry-rose-wine-and-cream-cheese-chantilly-cake
https://www.lacuisinedebernard.com/strawberry-rose-wine-and-cream-cheese-chantilly-cake,https://staging.lacuisinedebernard.com/strawberry-rose-wine-and-cream-cheese-chantilly-cake
https://www.lacuisinedebernard.com/strawberry-rose-wine-and-cream-cheese-chantilly-cake/,https://staging.lacuisinedebernard.com/strawberry-rose-wine-and-cream-cheese-chantilly-cake
https://lacuisinedebernard.com/tiramisu-de-limon-limoncello-y-lemoncurd,https://staging.lacuisinedebernard.com/tiramisu-de-limon-limoncello-y-lemoncurd
https://lacuisinedebernard.com/tiramisu-de-limon-limoncello-y-lemoncurd/,https://staging.lacuisinedebernard.com/tiramisu-de-limon-limoncello-y-lemoncurd
https://www.lacuisinedebernard.com/tiramisu-de-limon-limoncello-y-lemoncurd,https://staging.lacuisinedebernard.com/tiramisu-de-limon-limoncello-y-lemoncurd
https://www.lacuisinedebernard.com/tiramisu-de-limon-limoncello-y-lemoncurd/,https://staging.lacuisinedebernard.com/tiramisu-de-limon-limoncello-y-lemoncurd
https://lacuisinedebernard.com/%d8%a8%d9%8a%d8%b3%d8%aa%d9%88-%d8%a7%d9%84%d8%ae%d8%b1%d8%b4%d9%88%d9%81-%d8%a8%d8%a7%d9%84%d8%a8%d9%8a%d8%b3%d8%aa%d9%88,https://staging.lacuisinedebernard.com/%d8%a8%d9%8a%d8%b3%d8%aa%d9%88-%d8%a7%d9%84%d8%ae%d8%b1%d8%b4%d9%88%d9%81-%d8%a8%d8%a7%d9%84%d8%a8%d9%8a%d8%b3%d8%aa%d9%88
https://lacuisinedebernard.com/%d8%a8%d9%8a%d8%b3%d8%aa%d9%88-%d8%a7%d9%84%d8%ae%d8%b1%d8%b4%d9%88%d9%81-%d8%a8%d8%a7%d9%84%d8%a8%d9%8a%d8%b3%d8%aa%d9%88/,https://staging.lacuisinedebernard.com/%d8%a8%d9%8a%d8%b3%d8%aa%d9%88-%d8%a7%d9%84%d8%ae%d8%b1%d8%b4%d9%88%d9%81-%d8%a8%d8%a7%d9%84%d8%a8%d9%8a%d8%b3%d8%aa%d9%88
https://www.lacuisinedebernard.com/%d8%a8%d9%8a%d8%b3%d8%aa%d9%88-%d8%a7%d9%84%d8%ae%d8%b1%d8%b4%d9%88%d9%81-%d8%a8%d8%a7%d9%84%d8%a8%d9%8a%d8%b3%d8%aa%d9%88,https://staging.lacuisinedebernard.com/%d8%a8%d9%8a%d8%b3%d8%aa%d9%88-%d8%a7%d9%84%d8%ae%d8%b1%d8%b4%d9%88%d9%81-%d8%a8%d8%a7%d9%84%d8%a8%d9%8a%d8%b3%d8%aa%d9%88
https://www.lacuisinedebernard.com/%d8%a8%d9%8a%d8%b3%d8%aa%d9%88-%d8%a7%d9%84%d8%ae%d8%b1%d8%b4%d9%88%d9%81-%d8%a8%d8%a7%d9%84%d8%a8%d9%8a%d8%b3%d8%aa%d9%88/,https://staging.lacuisinedebernard.com/%d8%a8%d9%8a%d8%b3%d8%aa%d9%88-%d8%a7%d9%84%d8%ae%d8%b1%d8%b4%d9%88%d9%81-%d8%a8%d8%a7%d9%84%d8%a8%d9%8a%d8%b3%d8%aa%d9%88
https://lacuisinedebernard.com/salada-de-macarrao-fresco-com-abacate-rabanete-e-raspas-de-limao,https://staging.lacuisinedebernard.com/salada-de-macarrao-fresco-com-abacate-rabanete-e-raspas-de-limao
https://lacuisinedebernard.com/salada-de-macarrao-fresco-com-abacate-rabanete-e-raspas-de-limao/,https://staging.lacuisinedebernard.com/salada-de-macarrao-fresco-com-abacate-rabanete-e-raspas-de-limao
https://www.lacuisinedebernard.com/salada-de-macarrao-fresco-com-abacate-rabanete-e-raspas-de-limao,https://staging.lacuisinedebernard.com/salada-de-macarrao-fresco-com-abacate-rabanete-e-raspas-de-limao
https://www.lacuisinedebernard.com/salada-de-macarrao-fresco-com-abacate-rabanete-e-raspas-de-limao/,https://staging.lacuisinedebernard.com/salada-de-macarrao-fresco-com-abacate-rabanete-e-raspas-de-limao
https://lacuisinedebernard.com/biga-dough-for-pizza,https://staging.lacuisinedebernard.com/biga-dough-for-pizza
https://lacuisinedebernard.com/biga-dough-for-pizza/,https://staging.lacuisinedebernard.com/biga-dough-for-pizza
https://www.lacuisinedebernard.com/biga-dough-for-pizza,https://staging.lacuisinedebernard.com/biga-dough-for-pizza
https://www.lacuisinedebernard.com/biga-dough-for-pizza/,https://staging.lacuisinedebernard.com/biga-dough-for-pizza
https://lacuisinedebernard.com/flapjacks-de-naranja-y-nueces,https://staging.lacuisinedebernard.com/flapjacks-de-naranja-y-nueces
https://lacuisinedebernard.com/flapjacks-de-naranja-y-nueces/,https://staging.lacuisinedebernard.com/flapjacks-de-naranja-y-nueces
https://www.lacuisinedebernard.com/flapjacks-de-naranja-y-nueces,https://staging.lacuisinedebernard.com/flapjacks-de-naranja-y-nueces
https://www.lacuisinedebernard.com/flapjacks-de-naranja-y-nueces/,https://staging.lacuisinedebernard.com/flapjacks-de-naranja-y-nueces
https://lacuisinedebernard.com/%d8%a8%d9%8a%d8%aa%d8%b2%d8%a7-%d8%ac%d9%88%d8%b1%d8%ac%d9%88%d9%86%d8%b2%d9%88%d9%84%d8%a7-%d8%a8%d8%a7%d9%84%d8%ac%d9%88%d8%b2,https://staging.lacuisinedebernard.com/%d8%a8%d9%8a%d8%aa%d8%b2%d8%a7-%d8%ac%d9%88%d8%b1%d8%ac%d9%88%d9%86%d8%b2%d9%88%d9%84%d8%a7-%d8%a8%d8%a7%d9%84%d8%ac%d9%88%d8%b2
https://lacuisinedebernard.com/%d8%a8%d9%8a%d8%aa%d8%b2%d8%a7-%d8%ac%d9%88%d8%b1%d8%ac%d9%88%d9%86%d8%b2%d9%88%d9%84%d8%a7-%d8%a8%d8%a7%d9%84%d8%ac%d9%88%d8%b2/,https://staging.lacuisinedebernard.com/%d8%a8%d9%8a%d8%aa%d8%b2%d8%a7-%d8%ac%d9%88%d8%b1%d8%ac%d9%88%d9%86%d8%b2%d9%88%d9%84%d8%a7-%d8%a8%d8%a7%d9%84%d8%ac%d9%88%d8%b2
https://www.lacuisinedebernard.com/%d8%a8%d9%8a%d8%aa%d8%b2%d8%a7-%d8%ac%d9%88%d8%b1%d8%ac%d9%88%d9%86%d8%b2%d9%88%d9%84%d8%a7-%d8%a8%d8%a7%d9%84%d8%ac%d9%88%d8%b2,https://staging.lacuisinedebernard.com/%d8%a8%d9%8a%d8%aa%d8%b2%d8%a7-%d8%ac%d9%88%d8%b1%d8%ac%d9%88%d9%86%d8%b2%d9%88%d9%84%d8%a7-%d8%a8%d8%a7%d9%84%d8%ac%d9%88%d8%b2
https://www.lacuisinedebernard.com/%d8%a8%d9%8a%d8%aa%d8%b2%d8%a7-%d8%ac%d9%88%d8%b1%d8%ac%d9%88%d9%86%d8%b2%d9%88%d9%84%d8%a7-%d8%a8%d8%a7%d9%84%d8%ac%d9%88%d8%b2/,https://staging.lacuisinedebernard.com/%d8%a8%d9%8a%d8%aa%d8%b2%d8%a7-%d8%ac%d9%88%d8%b1%d8%ac%d9%88%d9%86%d8%b2%d9%88%d9%84%d8%a7-%d8%a8%d8%a7%d9%84%d8%ac%d9%88%d8%b2
https://lacuisinedebernard.com/%d9%87%d9%88%d8%aa%d9%8a%d9%88%d9%83-%d9%81%d8%b7%d8%a7%d8%a6%d8%b1-%d9%85%d8%ad%d8%b4%d9%88%d8%a9-%d9%83%d9%88%d8%b1%d9%8a%d8%a9-%d8%ad%d9%84%d9%88%d8%a9,https://staging.lacuisinedebernard.com/%d9%87%d9%88%d8%aa%d9%8a%d9%88%d9%83-%d9%81%d8%b7%d8%a7%d8%a6%d8%b1-%d9%85%d8%ad%d8%b4%d9%88%d8%a9-%d9%83%d9%88%d8%b1%d9%8a%d8%a9-%d8%ad%d9%84%d9%88%d8%a9
https://lacuisinedebernard.com/%d9%87%d9%88%d8%aa%d9%8a%d9%88%d9%83-%d9%81%d8%b7%d8%a7%d8%a6%d8%b1-%d9%85%d8%ad%d8%b4%d9%88%d8%a9-%d9%83%d9%88%d8%b1%d9%8a%d8%a9-%d8%ad%d9%84%d9%88%d8%a9/,https://staging.lacuisinedebernard.com/%d9%87%d9%88%d8%aa%d9%8a%d9%88%d9%83-%d9%81%d8%b7%d8%a7%d8%a6%d8%b1-%d9%85%d8%ad%d8%b4%d9%88%d8%a9-%d9%83%d9%88%d8%b1%d9%8a%d8%a9-%d8%ad%d9%84%d9%88%d8%a9
https://www.lacuisinedebernard.com/%d9%87%d9%88%d8%aa%d9%8a%d9%88%d9%83-%d9%81%d8%b7%d8%a7%d8%a6%d8%b1-%d9%85%d8%ad%d8%b4%d9%88%d8%a9-%d9%83%d9%88%d8%b1%d9%8a%d8%a9-%d8%ad%d9%84%d9%88%d8%a9,https://staging.lacuisinedebernard.com/%d9%87%d9%88%d8%aa%d9%8a%d9%88%d9%83-%d9%81%d8%b7%d8%a7%d8%a6%d8%b1-%d9%85%d8%ad%d8%b4%d9%88%d8%a9-%d9%83%d9%88%d8%b1%d9%8a%d8%a9-%d8%ad%d9%84%d9%88%d8%a9
https://www.lacuisinedebernard.com/%d9%87%d9%88%d8%aa%d9%8a%d9%88%d9%83-%d9%81%d8%b7%d8%a7%d8%a6%d8%b1-%d9%85%d8%ad%d8%b4%d9%88%d8%a9-%d9%83%d9%88%d8%b1%d9%8a%d8%a9-%d8%ad%d9%84%d9%88%d8%a9/,https://staging.lacuisinedebernard.com/%d9%87%d9%88%d8%aa%d9%8a%d9%88%d9%83-%d9%81%d8%b7%d8%a7%d8%a6%d8%b1-%d9%85%d8%ad%d8%b4%d9%88%d8%a9-%d9%83%d9%88%d8%b1%d9%8a%d8%a9-%d8%ad%d9%84%d9%88%d8%a9
https://lacuisinedebernard.com/pasta-de-cacau-doce,https://staging.lacuisinedebernard.com/pasta-de-cacau-doce
https://lacuisinedebernard.com/pasta-de-cacau-doce/,https://staging.lacuisinedebernard.com/pasta-de-cacau-doce
https://www.lacuisinedebernard.com/pasta-de-cacau-doce,https://staging.lacuisinedebernard.com/pasta-de-cacau-doce
https://www.lacuisinedebernard.com/pasta-de-cacau-doce/,https://staging.lacuisinedebernard.com/pasta-de-cacau-doce
https://lacuisinedebernard.com/flapjacks-de-laranja-e-nozes,https://staging.lacuisinedebernard.com/flapjacks-de-laranja-e-nozes
https://lacuisinedebernard.com/flapjacks-de-laranja-e-nozes/,https://staging.lacuisinedebernard.com/flapjacks-de-laranja-e-nozes
https://www.lacuisinedebernard.com/flapjacks-de-laranja-e-nozes,https://staging.lacuisinedebernard.com/flapjacks-de-laranja-e-nozes
https://www.lacuisinedebernard.com/flapjacks-de-laranja-e-nozes/,https://staging.lacuisinedebernard.com/flapjacks-de-laranja-e-nozes
https://lacuisinedebernard.com/%d8%a8%d8%b7%d8%a7%d8%b7%d8%b3-%d8%ad%d9%84%d9%88%d9%85%d9%8a-%d9%85%d9%82%d9%84%d9%8a%d8%a9,https://staging.lacuisinedebernard.com/%d8%a8%d8%b7%d8%a7%d8%b7%d8%b3-%d8%ad%d9%84%d9%88%d9%85%d9%8a-%d9%85%d9%82%d9%84%d9%8a%d8%a9
https://lacuisinedebernard.com/%d8%a8%d8%b7%d8%a7%d8%b7%d8%b3-%d8%ad%d9%84%d9%88%d9%85%d9%8a-%d9%85%d9%82%d9%84%d9%8a%d8%a9/,https://staging.lacuisinedebernard.com/%d8%a8%d8%b7%d8%a7%d8%b7%d8%b3-%d8%ad%d9%84%d9%88%d9%85%d9%8a-%d9%85%d9%82%d9%84%d9%8a%d8%a9
https://www.lacuisinedebernard.com/%d8%a8%d8%b7%d8%a7%d8%b7%d8%b3-%d8%ad%d9%84%d9%88%d9%85%d9%8a-%d9%85%d9%82%d9%84%d9%8a%d8%a9,https://staging.lacuisinedebernard.com/%d8%a8%d8%b7%d8%a7%d8%b7%d8%b3-%d8%ad%d9%84%d9%88%d9%85%d9%8a-%d9%85%d9%82%d9%84%d9%8a%d8%a9
https://www.lacuisinedebernard.com/%d8%a8%d8%b7%d8%a7%d8%b7%d8%b3-%d8%ad%d9%84%d9%88%d9%85%d9%8a-%d9%85%d9%82%d9%84%d9%8a%d8%a9/,https://staging.lacuisinedebernard.com/%d8%a8%d8%b7%d8%a7%d8%b7%d8%b3-%d8%ad%d9%84%d9%88%d9%85%d9%8a-%d9%85%d9%82%d9%84%d9%8a%d8%a9
https://lacuisinedebernard.com/bolo-de-chocolate-amargo-banana-e-canela,https://staging.lacuisinedebernard.com/bolo-de-chocolate-amargo-banana-e-canela
https://lacuisinedebernard.com/bolo-de-chocolate-amargo-banana-e-canela/,https://staging.lacuisinedebernard.com/bolo-de-chocolate-amargo-banana-e-canela
https://www.lacuisinedebernard.com/bolo-de-chocolate-amargo-banana-e-canela,https://staging.lacuisinedebernard.com/bolo-de-chocolate-amargo-banana-e-canela
https://www.lacuisinedebernard.com/bolo-de-chocolate-amargo-banana-e-canela/,https://staging.lacuisinedebernard.com/bolo-de-chocolate-amargo-banana-e-canela
https://lacuisinedebernard.com/bolo-de-limao-fresco-e-umido,https://staging.lacuisinedebernard.com/bolo-de-limao-fresco-e-umido
https://lacuisinedebernard.com/bolo-de-limao-fresco-e-umido/,https://staging.lacuisinedebernard.com/bolo-de-limao-fresco-e-umido
https://www.lacuisinedebernard.com/bolo-de-limao-fresco-e-umido,https://staging.lacuisinedebernard.com/bolo-de-limao-fresco-e-umido
https://www.lacuisinedebernard.com/bolo-de-limao-fresco-e-umido/,https://staging.lacuisinedebernard.com/bolo-de-limao-fresco-e-umido
https://lacuisinedebernard.com/%d8%a7%d9%84%d8%b1%d9%8a%d9%83%d9%88%d8%aa%d8%a7-%d9%88%d8%a7%d9%84%d9%85%d8%a7%d8%b3%d9%83%d8%a7%d8%b1%d8%a8%d9%88%d9%86%d9%8a-%d9%88%d8%a7%d9%84%d9%81%d8%a7%d9%83%d9%87%d8%a9-%d8%a7%d9%84%d8%ad,https://staging.lacuisinedebernard.com/%d8%a7%d9%84%d8%b1%d9%8a%d9%83%d9%88%d8%aa%d8%a7-%d9%88%d8%a7%d9%84%d9%85%d8%a7%d8%b3%d9%83%d8%a7%d8%b1%d8%a8%d9%88%d9%86%d9%8a-%d9%88%d8%a7%d9%84%d9%81%d8%a7%d9%83%d9%87%d8%a9-%d8%a7%d9%84%d8%ad
https://lacuisinedebernard.com/%d8%a7%d9%84%d8%b1%d9%8a%d9%83%d9%88%d8%aa%d8%a7-%d9%88%d8%a7%d9%84%d9%85%d8%a7%d8%b3%d9%83%d8%a7%d8%b1%d8%a8%d9%88%d9%86%d9%8a-%d9%88%d8%a7%d9%84%d9%81%d8%a7%d9%83%d9%87%d8%a9-%d8%a7%d9%84%d8%ad/,https://staging.lacuisinedebernard.com/%d8%a7%d9%84%d8%b1%d9%8a%d9%83%d9%88%d8%aa%d8%a7-%d9%88%d8%a7%d9%84%d9%85%d8%a7%d8%b3%d9%83%d8%a7%d8%b1%d8%a8%d9%88%d9%86%d9%8a-%d9%88%d8%a7%d9%84%d9%81%d8%a7%d9%83%d9%87%d8%a9-%d8%a7%d9%84%d8%ad
https://www.lacuisinedebernard.com/%d8%a7%d9%84%d8%b1%d9%8a%d9%83%d9%88%d8%aa%d8%a7-%d9%88%d8%a7%d9%84%d9%85%d8%a7%d8%b3%d9%83%d8%a7%d8%b1%d8%a8%d9%88%d9%86%d9%8a-%d9%88%d8%a7%d9%84%d9%81%d8%a7%d9%83%d9%87%d8%a9-%d8%a7%d9%84%d8%ad,https://staging.lacuisinedebernard.com/%d8%a7%d9%84%d8%b1%d9%8a%d9%83%d9%88%d8%aa%d8%a7-%d9%88%d8%a7%d9%84%d9%85%d8%a7%d8%b3%d9%83%d8%a7%d8%b1%d8%a8%d9%88%d9%86%d9%8a-%d9%88%d8%a7%d9%84%d9%81%d8%a7%d9%83%d9%87%d8%a9-%d8%a7%d9%84%d8%ad
https://www.lacuisinedebernard.com/%d8%a7%d9%84%d8%b1%d9%8a%d9%83%d9%88%d8%aa%d8%a7-%d9%88%d8%a7%d9%84%d9%85%d8%a7%d8%b3%d9%83%d8%a7%d8%b1%d8%a8%d9%88%d9%86%d9%8a-%d9%88%d8%a7%d9%84%d9%81%d8%a7%d9%83%d9%87%d8%a9-%d8%a7%d9%84%d8%ad/,https://staging.lacuisinedebernard.com/%d8%a7%d9%84%d8%b1%d9%8a%d9%83%d9%88%d8%aa%d8%a7-%d9%88%d8%a7%d9%84%d9%85%d8%a7%d8%b3%d9%83%d8%a7%d8%b1%d8%a8%d9%88%d9%86%d9%8a-%d9%88%d8%a7%d9%84%d9%81%d8%a7%d9%83%d9%87%d8%a9-%d8%a7%d9%84%d8%ad
https://lacuisinedebernard.com/macarrones-de-almendra-amarga,https://staging.lacuisinedebernard.com/macarrones-de-almendra-amarga
https://lacuisinedebernard.com/macarrones-de-almendra-amarga/,https://staging.lacuisinedebernard.com/macarrones-de-almendra-amarga
https://www.lacuisinedebernard.com/macarrones-de-almendra-amarga,https://staging.lacuisinedebernard.com/macarrones-de-almendra-amarga
https://www.lacuisinedebernard.com/macarrones-de-almendra-amarga/,https://staging.lacuisinedebernard.com/macarrones-de-almendra-amarga
https://lacuisinedebernard.com/%d9%85%d8%b9%d8%ac%d9%88%d9%86-%d8%a7%d9%84%d9%83%d8%a7%d9%83%d8%a7%d9%88-%d8%a7%d9%84%d8%ad%d9%84%d9%88,https://staging.lacuisinedebernard.com/%d9%85%d8%b9%d8%ac%d9%88%d9%86-%d8%a7%d9%84%d9%83%d8%a7%d9%83%d8%a7%d9%88-%d8%a7%d9%84%d8%ad%d9%84%d9%88
https://lacuisinedebernard.com/%d9%85%d8%b9%d8%ac%d9%88%d9%86-%d8%a7%d9%84%d9%83%d8%a7%d9%83%d8%a7%d9%88-%d8%a7%d9%84%d8%ad%d9%84%d9%88/,https://staging.lacuisinedebernard.com/%d9%85%d8%b9%d8%ac%d9%88%d9%86-%d8%a7%d9%84%d9%83%d8%a7%d9%83%d8%a7%d9%88-%d8%a7%d9%84%d8%ad%d9%84%d9%88
https://www.lacuisinedebernard.com/%d9%85%d8%b9%d8%ac%d9%88%d9%86-%d8%a7%d9%84%d9%83%d8%a7%d9%83%d8%a7%d9%88-%d8%a7%d9%84%d8%ad%d9%84%d9%88,https://staging.lacuisinedebernard.com/%d9%85%d8%b9%d8%ac%d9%88%d9%86-%d8%a7%d9%84%d9%83%d8%a7%d9%83%d8%a7%d9%88-%d8%a7%d9%84%d8%ad%d9%84%d9%88
https://www.lacuisinedebernard.com/%d9%85%d8%b9%d8%ac%d9%88%d9%86-%d8%a7%d9%84%d9%83%d8%a7%d9%83%d8%a7%d9%88-%d8%a7%d9%84%d8%ad%d9%84%d9%88/,https://staging.lacuisinedebernard.com/%d9%85%d8%b9%d8%ac%d9%88%d9%86-%d8%a7%d9%84%d9%83%d8%a7%d9%83%d8%a7%d9%88-%d8%a7%d9%84%d8%ad%d9%84%d9%88
https://lacuisinedebernard.com/aceite-de-clorofila,https://staging.lacuisinedebernard.com/aceite-de-clorofila
https://lacuisinedebernard.com/aceite-de-clorofila/,https://staging.lacuisinedebernard.com/aceite-de-clorofila
https://www.lacuisinedebernard.com/aceite-de-clorofila,https://staging.lacuisinedebernard.com/aceite-de-clorofila
https://www.lacuisinedebernard.com/aceite-de-clorofila/,https://staging.lacuisinedebernard.com/aceite-de-clorofila
https://lacuisinedebernard.com/tarta-de-nueces-de-macadamia-y-caramelo,https://staging.lacuisinedebernard.com/tarta-de-nueces-de-macadamia-y-caramelo
https://lacuisinedebernard.com/tarta-de-nueces-de-macadamia-y-caramelo/,https://staging.lacuisinedebernard.com/tarta-de-nueces-de-macadamia-y-caramelo
https://www.lacuisinedebernard.com/tarta-de-nueces-de-macadamia-y-caramelo,https://staging.lacuisinedebernard.com/tarta-de-nueces-de-macadamia-y-caramelo
https://www.lacuisinedebernard.com/tarta-de-nueces-de-macadamia-y-caramelo/,https://staging.lacuisinedebernard.com/tarta-de-nueces-de-macadamia-y-caramelo
https://lacuisinedebernard.com/orange-and-pecan-flapjacks,https://staging.lacuisinedebernard.com/orange-and-pecan-flapjacks
https://lacuisinedebernard.com/orange-and-pecan-flapjacks/,https://staging.lacuisinedebernard.com/orange-and-pecan-flapjacks
https://www.lacuisinedebernard.com/orange-and-pecan-flapjacks,https://staging.lacuisinedebernard.com/orange-and-pecan-flapjacks
https://www.lacuisinedebernard.com/orange-and-pecan-flapjacks/,https://staging.lacuisinedebernard.com/orange-and-pecan-flapjacks
https://lacuisinedebernard.com/rugbrod-pan-de-centeno,https://staging.lacuisinedebernard.com/rugbrod-pan-de-centeno
https://lacuisinedebernard.com/rugbrod-pan-de-centeno/,https://staging.lacuisinedebernard.com/rugbrod-pan-de-centeno
https://www.lacuisinedebernard.com/rugbrod-pan-de-centeno,https://staging.lacuisinedebernard.com/rugbrod-pan-de-centeno
https://www.lacuisinedebernard.com/rugbrod-pan-de-centeno/,https://staging.lacuisinedebernard.com/rugbrod-pan-de-centeno
https://lacuisinedebernard.com/tapenade-de-sementes-de-girassol-com-tomates-secos,https://staging.lacuisinedebernard.com/tapenade-de-sementes-de-girassol-com-tomates-secos
https://lacuisinedebernard.com/tapenade-de-sementes-de-girassol-com-tomates-secos/,https://staging.lacuisinedebernard.com/tapenade-de-sementes-de-girassol-com-tomates-secos
https://www.lacuisinedebernard.com/tapenade-de-sementes-de-girassol-com-tomates-secos,https://staging.lacuisinedebernard.com/tapenade-de-sementes-de-girassol-com-tomates-secos
https://www.lacuisinedebernard.com/tapenade-de-sementes-de-girassol-com-tomates-secos/,https://staging.lacuisinedebernard.com/tapenade-de-sementes-de-girassol-com-tomates-secos
https://lacuisinedebernard.com/entremet-de-ricotta-mascarpone-y-frutos-rojos,https://staging.lacuisinedebernard.com/entremet-de-ricotta-mascarpone-y-frutos-rojos
https://lacuisinedebernard.com/entremet-de-ricotta-mascarpone-y-frutos-rojos/,https://staging.lacuisinedebernard.com/entremet-de-ricotta-mascarpone-y-frutos-rojos
https://www.lacuisinedebernard.com/entremet-de-ricotta-mascarpone-y-frutos-rojos,https://staging.lacuisinedebernard.com/entremet-de-ricotta-mascarpone-y-frutos-rojos
https://www.lacuisinedebernard.com/entremet-de-ricotta-mascarpone-y-frutos-rojos/,https://staging.lacuisinedebernard.com/entremet-de-ricotta-mascarpone-y-frutos-rojos
https://lacuisinedebernard.com/patatas-fritas-con-alhoumi,https://staging.lacuisinedebernard.com/patatas-fritas-con-alhoumi
https://lacuisinedebernard.com/patatas-fritas-con-alhoumi/,https://staging.lacuisinedebernard.com/patatas-fritas-con-alhoumi
https://www.lacuisinedebernard.com/patatas-fritas-con-alhoumi,https://staging.lacuisinedebernard.com/patatas-fritas-con-alhoumi
https://www.lacuisinedebernard.com/patatas-fritas-con-alhoumi/,https://staging.lacuisinedebernard.com/patatas-fritas-con-alhoumi
https://lacuisinedebernard.com/oleo-de-clorofila,https://staging.lacuisinedebernard.com/oleo-de-clorofila
https://lacuisinedebernard.com/oleo-de-clorofila/,https://staging.lacuisinedebernard.com/oleo-de-clorofila
https://www.lacuisinedebernard.com/oleo-de-clorofila,https://staging.lacuisinedebernard.com/oleo-de-clorofila
https://www.lacuisinedebernard.com/oleo-de-clorofila/,https://staging.lacuisinedebernard.com/oleo-de-clorofila
https://lacuisinedebernard.com/torta-de-nozes-de-macadamia-e-caramelo,https://staging.lacuisinedebernard.com/torta-de-nozes-de-macadamia-e-caramelo
https://lacuisinedebernard.com/torta-de-nozes-de-macadamia-e-caramelo/,https://staging.lacuisinedebernard.com/torta-de-nozes-de-macadamia-e-caramelo
https://www.lacuisinedebernard.com/torta-de-nozes-de-macadamia-e-caramelo,https://staging.lacuisinedebernard.com/torta-de-nozes-de-macadamia-e-caramelo
https://www.lacuisinedebernard.com/torta-de-nozes-de-macadamia-e-caramelo/,https://staging.lacuisinedebernard.com/torta-de-nozes-de-macadamia-e-caramelo
https://lacuisinedebernard.com/%d9%81%d8%b7%d8%a7%d8%a6%d8%b1-%d8%a7%d9%84%d8%a8%d8%b1%d8%aa%d9%82%d8%a7%d9%84-%d9%88%d8%ac%d9%88%d8%b2-%d8%a7%d9%84%d8%a8%d9%82%d8%a7%d9%86,https://staging.lacuisinedebernard.com/%d9%81%d8%b7%d8%a7%d8%a6%d8%b1-%d8%a7%d9%84%d8%a8%d8%b1%d8%aa%d9%82%d8%a7%d9%84-%d9%88%d8%ac%d9%88%d8%b2-%d8%a7%d9%84%d8%a8%d9%82%d8%a7%d9%86
https://lacuisinedebernard.com/%d9%81%d8%b7%d8%a7%d8%a6%d8%b1-%d8%a7%d9%84%d8%a8%d8%b1%d8%aa%d9%82%d8%a7%d9%84-%d9%88%d8%ac%d9%88%d8%b2-%d8%a7%d9%84%d8%a8%d9%82%d8%a7%d9%86/,https://staging.lacuisinedebernard.com/%d9%81%d8%b7%d8%a7%d8%a6%d8%b1-%d8%a7%d9%84%d8%a8%d8%b1%d8%aa%d9%82%d8%a7%d9%84-%d9%88%d8%ac%d9%88%d8%b2-%d8%a7%d9%84%d8%a8%d9%82%d8%a7%d9%86
https://www.lacuisinedebernard.com/%d9%81%d8%b7%d8%a7%d8%a6%d8%b1-%d8%a7%d9%84%d8%a8%d8%b1%d8%aa%d9%82%d8%a7%d9%84-%d9%88%d8%ac%d9%88%d8%b2-%d8%a7%d9%84%d8%a8%d9%82%d8%a7%d9%86,https://staging.lacuisinedebernard.com/%d9%81%d8%b7%d8%a7%d8%a6%d8%b1-%d8%a7%d9%84%d8%a8%d8%b1%d8%aa%d9%82%d8%a7%d9%84-%d9%88%d8%ac%d9%88%d8%b2-%d8%a7%d9%84%d8%a8%d9%82%d8%a7%d9%86
https://www.lacuisinedebernard.com/%d9%81%d8%b7%d8%a7%d8%a6%d8%b1-%d8%a7%d9%84%d8%a8%d8%b1%d8%aa%d9%82%d8%a7%d9%84-%d9%88%d8%ac%d9%88%d8%b2-%d8%a7%d9%84%d8%a8%d9%82%d8%a7%d9%86/,https://staging.lacuisinedebernard.com/%d9%81%d8%b7%d8%a7%d8%a6%d8%b1-%d8%a7%d9%84%d8%a8%d8%b1%d8%aa%d9%82%d8%a7%d9%84-%d9%88%d8%ac%d9%88%d8%b2-%d8%a7%d9%84%d8%a8%d9%82%d8%a7%d9%86
https://lacuisinedebernard.com/entremeio-de-ricota-mascarpone-e-frutas-vermelhas,https://staging.lacuisinedebernard.com/entremeio-de-ricota-mascarpone-e-frutas-vermelhas
https://lacuisinedebernard.com/entremeio-de-ricota-mascarpone-e-frutas-vermelhas/,https://staging.lacuisinedebernard.com/entremeio-de-ricota-mascarpone-e-frutas-vermelhas
https://www.lacuisinedebernard.com/entremeio-de-ricota-mascarpone-e-frutas-vermelhas,https://staging.lacuisinedebernard.com/entremeio-de-ricota-mascarpone-e-frutas-vermelhas
https://www.lacuisinedebernard.com/entremeio-de-ricota-mascarpone-e-frutas-vermelhas/,https://staging.lacuisinedebernard.com/entremeio-de-ricota-mascarpone-e-frutas-vermelhas
https://lacuisinedebernard.com/rugbrod-pao-de-centeio,https://staging.lacuisinedebernard.com/rugbrod-pao-de-centeio
https://lacuisinedebernard.com/rugbrod-pao-de-centeio/,https://staging.lacuisinedebernard.com/rugbrod-pao-de-centeio
https://www.lacuisinedebernard.com/rugbrod-pao-de-centeio,https://staging.lacuisinedebernard.com/rugbrod-pao-de-centeio
https://www.lacuisinedebernard.com/rugbrod-pao-de-centeio/,https://staging.lacuisinedebernard.com/rugbrod-pao-de-centeio
https://lacuisinedebernard.com/sunflower-seed-tapenade-with-sun-dried-tomatoes,https://staging.lacuisinedebernard.com/sunflower-seed-tapenade-with-sun-dried-tomatoes
https://lacuisinedebernard.com/sunflower-seed-tapenade-with-sun-dried-tomatoes/,https://staging.lacuisinedebernard.com/sunflower-seed-tapenade-with-sun-dried-tomatoes
https://www.lacuisinedebernard.com/sunflower-seed-tapenade-with-sun-dried-tomatoes,https://staging.lacuisinedebernard.com/sunflower-seed-tapenade-with-sun-dried-tomatoes
https://www.lacuisinedebernard.com/sunflower-seed-tapenade-with-sun-dried-tomatoes/,https://staging.lacuisinedebernard.com/sunflower-seed-tapenade-with-sun-dried-tomatoes
https://lacuisinedebernard.com/batatas-fritas-halloumi,https://staging.lacuisinedebernard.com/batatas-fritas-halloumi
https://lacuisinedebernard.com/batatas-fritas-halloumi/,https://staging.lacuisinedebernard.com/batatas-fritas-halloumi
https://www.lacuisinedebernard.com/batatas-fritas-halloumi,https://staging.lacuisinedebernard.com/batatas-fritas-halloumi
https://www.lacuisinedebernard.com/batatas-fritas-halloumi/,https://staging.lacuisinedebernard.com/batatas-fritas-halloumi
https://lacuisinedebernard.com/%d8%b2%d9%8a%d8%aa-%d8%a7%d9%84%d9%83%d9%84%d9%88%d8%b1%d9%88%d9%81%d9%8a%d9%84,https://staging.lacuisinedebernard.com/%d8%b2%d9%8a%d8%aa-%d8%a7%d9%84%d9%83%d9%84%d9%88%d8%b1%d9%88%d9%81%d9%8a%d9%84
https://lacuisinedebernard.com/%d8%b2%d9%8a%d8%aa-%d8%a7%d9%84%d9%83%d9%84%d9%88%d8%b1%d9%88%d9%81%d9%8a%d9%84/,https://staging.lacuisinedebernard.com/%d8%b2%d9%8a%d8%aa-%d8%a7%d9%84%d9%83%d9%84%d9%88%d8%b1%d9%88%d9%81%d9%8a%d9%84
https://www.lacuisinedebernard.com/%d8%b2%d9%8a%d8%aa-%d8%a7%d9%84%d9%83%d9%84%d9%88%d8%b1%d9%88%d9%81%d9%8a%d9%84,https://staging.lacuisinedebernard.com/%d8%b2%d9%8a%d8%aa-%d8%a7%d9%84%d9%83%d9%84%d9%88%d8%b1%d9%88%d9%81%d9%8a%d9%84
https://www.lacuisinedebernard.com/%d8%b2%d9%8a%d8%aa-%d8%a7%d9%84%d9%83%d9%84%d9%88%d8%b1%d9%88%d9%81%d9%8a%d9%84/,https://staging.lacuisinedebernard.com/%d8%b2%d9%8a%d8%aa-%d8%a7%d9%84%d9%83%d9%84%d9%88%d8%b1%d9%88%d9%81%d9%8a%d9%84
https://lacuisinedebernard.com/macadamia-nut-and-caramel-tart,https://staging.lacuisinedebernard.com/macadamia-nut-and-caramel-tart
https://lacuisinedebernard.com/macadamia-nut-and-caramel-tart/,https://staging.lacuisinedebernard.com/macadamia-nut-and-caramel-tart
https://www.lacuisinedebernard.com/macadamia-nut-and-caramel-tart,https://staging.lacuisinedebernard.com/macadamia-nut-and-caramel-tart
https://www.lacuisinedebernard.com/macadamia-nut-and-caramel-tart/,https://staging.lacuisinedebernard.com/macadamia-nut-and-caramel-tart
https://lacuisinedebernard.com/%d8%a7%d9%84%d8%b1%d8%a7%d9%81%d9%8a%d9%88%d9%84%d9%8a-%d9%85%d8%b9-%d9%81%d8%b7%d8%b1-%d8%a7%d9%84%d8%a8%d9%88%d8%b1%d8%b3%d9%8a%d9%86%d9%8a-%d9%88%d8%a7%d9%84%d9%82%d8%b1%d9%86%d9%81%d9%84-%d9%88,https://staging.lacuisinedebernard.com/%d8%a7%d9%84%d8%b1%d8%a7%d9%81%d9%8a%d9%88%d9%84%d9%8a-%d9%85%d8%b9-%d9%81%d8%b7%d8%b1-%d8%a7%d9%84%d8%a8%d9%88%d8%b1%d8%b3%d9%8a%d9%86%d9%8a-%d9%88%d8%a7%d9%84%d9%82%d8%b1%d9%86%d9%81%d9%84-%d9%88
https://lacuisinedebernard.com/%d8%a7%d9%84%d8%b1%d8%a7%d9%81%d9%8a%d9%88%d9%84%d9%8a-%d9%85%d8%b9-%d9%81%d8%b7%d8%b1-%d8%a7%d9%84%d8%a8%d9%88%d8%b1%d8%b3%d9%8a%d9%86%d9%8a-%d9%88%d8%a7%d9%84%d9%82%d8%b1%d9%86%d9%81%d9%84-%d9%88/,https://staging.lacuisinedebernard.com/%d8%a7%d9%84%d8%b1%d8%a7%d9%81%d9%8a%d9%88%d9%84%d9%8a-%d9%85%d8%b9-%d9%81%d8%b7%d8%b1-%d8%a7%d9%84%d8%a8%d9%88%d8%b1%d8%b3%d9%8a%d9%86%d9%8a-%d9%88%d8%a7%d9%84%d9%82%d8%b1%d9%86%d9%81%d9%84-%d9%88
https://www.lacuisinedebernard.com/%d8%a7%d9%84%d8%b1%d8%a7%d9%81%d9%8a%d9%88%d9%84%d9%8a-%d9%85%d8%b9-%d9%81%d8%b7%d8%b1-%d8%a7%d9%84%d8%a8%d9%88%d8%b1%d8%b3%d9%8a%d9%86%d9%8a-%d9%88%d8%a7%d9%84%d9%82%d8%b1%d9%86%d9%81%d9%84-%d9%88,https://staging.lacuisinedebernard.com/%d8%a7%d9%84%d8%b1%d8%a7%d9%81%d9%8a%d9%88%d9%84%d9%8a-%d9%85%d8%b9-%d9%81%d8%b7%d8%b1-%d8%a7%d9%84%d8%a8%d9%88%d8%b1%d8%b3%d9%8a%d9%86%d9%8a-%d9%88%d8%a7%d9%84%d9%82%d8%b1%d9%86%d9%81%d9%84-%d9%88
https://www.lacuisinedebernard.com/%d8%a7%d9%84%d8%b1%d8%a7%d9%81%d9%8a%d9%88%d9%84%d9%8a-%d9%85%d8%b9-%d9%81%d8%b7%d8%b1-%d8%a7%d9%84%d8%a8%d9%88%d8%b1%d8%b3%d9%8a%d9%86%d9%8a-%d9%88%d8%a7%d9%84%d9%82%d8%b1%d9%86%d9%81%d9%84-%d9%88/,https://staging.lacuisinedebernard.com/%d8%a7%d9%84%d8%b1%d8%a7%d9%81%d9%8a%d9%88%d9%84%d9%8a-%d9%85%d8%b9-%d9%81%d8%b7%d8%b1-%d8%a7%d9%84%d8%a8%d9%88%d8%b1%d8%b3%d9%8a%d9%86%d9%8a-%d9%88%d8%a7%d9%84%d9%82%d8%b1%d9%86%d9%81%d9%84-%d9%88
https://lacuisinedebernard.com/%d8%aa%d8%a7%d8%a8%d9%8a%d9%86%d8%a7%d8%af-%d8%a8%d8%b0%d9%88%d8%b1-%d8%b9%d8%a8%d8%a7%d8%af-%d8%a7%d9%84%d8%b4%d9%85%d8%b3-%d9%85%d8%b9-%d8%a7%d9%84%d8%b7%d9%85%d8%a7%d8%b7%d9%85-%d8%a7%d9%84%d9%85,https://staging.lacuisinedebernard.com/%d8%aa%d8%a7%d8%a8%d9%8a%d9%86%d8%a7%d8%af-%d8%a8%d8%b0%d9%88%d8%b1-%d8%b9%d8%a8%d8%a7%d8%af-%d8%a7%d9%84%d8%b4%d9%85%d8%b3-%d9%85%d8%b9-%d8%a7%d9%84%d8%b7%d9%85%d8%a7%d8%b7%d9%85-%d8%a7%d9%84%d9%85
https://lacuisinedebernard.com/%d8%aa%d8%a7%d8%a8%d9%8a%d9%86%d8%a7%d8%af-%d8%a8%d8%b0%d9%88%d8%b1-%d8%b9%d8%a8%d8%a7%d8%af-%d8%a7%d9%84%d8%b4%d9%85%d8%b3-%d9%85%d8%b9-%d8%a7%d9%84%d8%b7%d9%85%d8%a7%d8%b7%d9%85-%d8%a7%d9%84%d9%85/,https://staging.lacuisinedebernard.com/%d8%aa%d8%a7%d8%a8%d9%8a%d9%86%d8%a7%d8%af-%d8%a8%d8%b0%d9%88%d8%b1-%d8%b9%d8%a8%d8%a7%d8%af-%d8%a7%d9%84%d8%b4%d9%85%d8%b3-%d9%85%d8%b9-%d8%a7%d9%84%d8%b7%d9%85%d8%a7%d8%b7%d9%85-%d8%a7%d9%84%d9%85
https://www.lacuisinedebernard.com/%d8%aa%d8%a7%d8%a8%d9%8a%d9%86%d8%a7%d8%af-%d8%a8%d8%b0%d9%88%d8%b1-%d8%b9%d8%a8%d8%a7%d8%af-%d8%a7%d9%84%d8%b4%d9%85%d8%b3-%d9%85%d8%b9-%d8%a7%d9%84%d8%b7%d9%85%d8%a7%d8%b7%d9%85-%d8%a7%d9%84%d9%85,https://staging.lacuisinedebernard.com/%d8%aa%d8%a7%d8%a8%d9%8a%d9%86%d8%a7%d8%af-%d8%a8%d8%b0%d9%88%d8%b1-%d8%b9%d8%a8%d8%a7%d8%af-%d8%a7%d9%84%d8%b4%d9%85%d8%b3-%d9%85%d8%b9-%d8%a7%d9%84%d8%b7%d9%85%d8%a7%d8%b7%d9%85-%d8%a7%d9%84%d9%85
https://www.lacuisinedebernard.com/%d8%aa%d8%a7%d8%a8%d9%8a%d9%86%d8%a7%d8%af-%d8%a8%d8%b0%d9%88%d8%b1-%d8%b9%d8%a8%d8%a7%d8%af-%d8%a7%d9%84%d8%b4%d9%85%d8%b3-%d9%85%d8%b9-%d8%a7%d9%84%d8%b7%d9%85%d8%a7%d8%b7%d9%85-%d8%a7%d9%84%d9%85/,https://staging.lacuisinedebernard.com/%d8%aa%d8%a7%d8%a8%d9%8a%d9%86%d8%a7%d8%af-%d8%a8%d8%b0%d9%88%d8%b1-%d8%b9%d8%a8%d8%a7%d8%af-%d8%a7%d9%84%d8%b4%d9%85%d8%b3-%d9%85%d8%b9-%d8%a7%d9%84%d8%b7%d9%85%d8%a7%d8%b7%d9%85-%d8%a7%d9%84%d9%85
https://lacuisinedebernard.com/hotteok-tortitas-dulces-coreanas-rellenas,https://staging.lacuisinedebernard.com/hotteok-tortitas-dulces-coreanas-rellenas
https://lacuisinedebernard.com/hotteok-tortitas-dulces-coreanas-rellenas/,https://staging.lacuisinedebernard.com/hotteok-tortitas-dulces-coreanas-rellenas
https://www.lacuisinedebernard.com/hotteok-tortitas-dulces-coreanas-rellenas,https://staging.lacuisinedebernard.com/hotteok-tortitas-dulces-coreanas-rellenas
https://www.lacuisinedebernard.com/hotteok-tortitas-dulces-coreanas-rellenas/,https://staging.lacuisinedebernard.com/hotteok-tortitas-dulces-coreanas-rellenas
https://lacuisinedebernard.com/ricotta-mascarpone-and-red-fruit-entremet,https://staging.lacuisinedebernard.com/ricotta-mascarpone-and-red-fruit-entremet
https://lacuisinedebernard.com/ricotta-mascarpone-and-red-fruit-entremet/,https://staging.lacuisinedebernard.com/ricotta-mascarpone-and-red-fruit-entremet
https://www.lacuisinedebernard.com/ricotta-mascarpone-and-red-fruit-entremet,https://staging.lacuisinedebernard.com/ricotta-mascarpone-and-red-fruit-entremet
https://www.lacuisinedebernard.com/ricotta-mascarpone-and-red-fruit-entremet/,https://staging.lacuisinedebernard.com/ricotta-mascarpone-and-red-fruit-entremet
https://lacuisinedebernard.com/halloumi-fries,https://staging.lacuisinedebernard.com/halloumi-fries
https://lacuisinedebernard.com/halloumi-fries/,https://staging.lacuisinedebernard.com/halloumi-fries
https://www.lacuisinedebernard.com/halloumi-fries,https://staging.lacuisinedebernard.com/halloumi-fries
https://www.lacuisinedebernard.com/halloumi-fries/,https://staging.lacuisinedebernard.com/halloumi-fries
https://lacuisinedebernard.com/pasta-de-cacao-dulce,https://staging.lacuisinedebernard.com/pasta-de-cacao-dulce
https://lacuisinedebernard.com/pasta-de-cacao-dulce/,https://staging.lacuisinedebernard.com/pasta-de-cacao-dulce
https://www.lacuisinedebernard.com/pasta-de-cacao-dulce,https://staging.lacuisinedebernard.com/pasta-de-cacao-dulce
https://www.lacuisinedebernard.com/pasta-de-cacao-dulce/,https://staging.lacuisinedebernard.com/pasta-de-cacao-dulce
https://lacuisinedebernard.com/%d8%aa%d9%88%d8%b1%d8%aa%d8%a9-%d8%a7%d9%84%d9%85%d9%83%d8%a7%d8%af%d9%8a%d9%85%d9%8a%d8%a7-%d8%a8%d8%a7%d9%84%d8%ac%d9%88%d8%b2-%d9%88%d8%a7%d9%84%d9%83%d8%b1%d8%a7%d9%85%d9%8a%d9%84,https://staging.lacuisinedebernard.com/%d8%aa%d9%88%d8%b1%d8%aa%d8%a9-%d8%a7%d9%84%d9%85%d9%83%d8%a7%d8%af%d9%8a%d9%85%d9%8a%d8%a7-%d8%a8%d8%a7%d9%84%d8%ac%d9%88%d8%b2-%d9%88%d8%a7%d9%84%d9%83%d8%b1%d8%a7%d9%85%d9%8a%d9%84
https://lacuisinedebernard.com/%d8%aa%d9%88%d8%b1%d8%aa%d8%a9-%d8%a7%d9%84%d9%85%d9%83%d8%a7%d8%af%d9%8a%d9%85%d9%8a%d8%a7-%d8%a8%d8%a7%d9%84%d8%ac%d9%88%d8%b2-%d9%88%d8%a7%d9%84%d9%83%d8%b1%d8%a7%d9%85%d9%8a%d9%84/,https://staging.lacuisinedebernard.com/%d8%aa%d9%88%d8%b1%d8%aa%d8%a9-%d8%a7%d9%84%d9%85%d9%83%d8%a7%d8%af%d9%8a%d9%85%d9%8a%d8%a7-%d8%a8%d8%a7%d9%84%d8%ac%d9%88%d8%b2-%d9%88%d8%a7%d9%84%d9%83%d8%b1%d8%a7%d9%85%d9%8a%d9%84
https://www.lacuisinedebernard.com/%d8%aa%d9%88%d8%b1%d8%aa%d8%a9-%d8%a7%d9%84%d9%85%d9%83%d8%a7%d8%af%d9%8a%d9%85%d9%8a%d8%a7-%d8%a8%d8%a7%d9%84%d8%ac%d9%88%d8%b2-%d9%88%d8%a7%d9%84%d9%83%d8%b1%d8%a7%d9%85%d9%8a%d9%84,https://staging.lacuisinedebernard.com/%d8%aa%d9%88%d8%b1%d8%aa%d8%a9-%d8%a7%d9%84%d9%85%d9%83%d8%a7%d8%af%d9%8a%d9%85%d9%8a%d8%a7-%d8%a8%d8%a7%d9%84%d8%ac%d9%88%d8%b2-%d9%88%d8%a7%d9%84%d9%83%d8%b1%d8%a7%d9%85%d9%8a%d9%84
https://www.lacuisinedebernard.com/%d8%aa%d9%88%d8%b1%d8%aa%d8%a9-%d8%a7%d9%84%d9%85%d9%83%d8%a7%d8%af%d9%8a%d9%85%d9%8a%d8%a7-%d8%a8%d8%a7%d9%84%d8%ac%d9%88%d8%b2-%d9%88%d8%a7%d9%84%d9%83%d8%b1%d8%a7%d9%85%d9%8a%d9%84/,https://staging.lacuisinedebernard.com/%d8%aa%d9%88%d8%b1%d8%aa%d8%a9-%d8%a7%d9%84%d9%85%d9%83%d8%a7%d8%af%d9%8a%d9%85%d9%8a%d8%a7-%d8%a8%d8%a7%d9%84%d8%ac%d9%88%d8%b2-%d9%88%d8%a7%d9%84%d9%83%d8%b1%d8%a7%d9%85%d9%8a%d9%84
https://lacuisinedebernard.com/tarta-de-chocolate-negro-platano-y-canela,https://staging.lacuisinedebernard.com/tarta-de-chocolate-negro-platano-y-canela
https://lacuisinedebernard.com/tarta-de-chocolate-negro-platano-y-canela/,https://staging.lacuisinedebernard.com/tarta-de-chocolate-negro-platano-y-canela
https://www.lacuisinedebernard.com/tarta-de-chocolate-negro-platano-y-canela,https://staging.lacuisinedebernard.com/tarta-de-chocolate-negro-platano-y-canela
https://www.lacuisinedebernard.com/tarta-de-chocolate-negro-platano-y-canela/,https://staging.lacuisinedebernard.com/tarta-de-chocolate-negro-platano-y-canela
https://lacuisinedebernard.com/tarta-de-limon-fresca-y-humeda,https://staging.lacuisinedebernard.com/tarta-de-limon-fresca-y-humeda
https://lacuisinedebernard.com/tarta-de-limon-fresca-y-humeda/,https://staging.lacuisinedebernard.com/tarta-de-limon-fresca-y-humeda
https://www.lacuisinedebernard.com/tarta-de-limon-fresca-y-humeda,https://staging.lacuisinedebernard.com/tarta-de-limon-fresca-y-humeda
https://www.lacuisinedebernard.com/tarta-de-limon-fresca-y-humeda/,https://staging.lacuisinedebernard.com/tarta-de-limon-fresca-y-humeda
https://lacuisinedebernard.com/hotteok-panquecas-coreanas-doces-recheadas,https://staging.lacuisinedebernard.com/hotteok-panquecas-coreanas-doces-recheadas
https://lacuisinedebernard.com/hotteok-panquecas-coreanas-doces-recheadas/,https://staging.lacuisinedebernard.com/hotteok-panquecas-coreanas-doces-recheadas
https://www.lacuisinedebernard.com/hotteok-panquecas-coreanas-doces-recheadas,https://staging.lacuisinedebernard.com/hotteok-panquecas-coreanas-doces-recheadas
https://www.lacuisinedebernard.com/hotteok-panquecas-coreanas-doces-recheadas/,https://staging.lacuisinedebernard.com/hotteok-panquecas-coreanas-doces-recheadas
https://lacuisinedebernard.com/ravioli-con-setas-porcini-clavo-y-nueces-pecanas,https://staging.lacuisinedebernard.com/ravioli-con-setas-porcini-clavo-y-nueces-pecanas
https://lacuisinedebernard.com/ravioli-con-setas-porcini-clavo-y-nueces-pecanas/,https://staging.lacuisinedebernard.com/ravioli-con-setas-porcini-clavo-y-nueces-pecanas
https://www.lacuisinedebernard.com/ravioli-con-setas-porcini-clavo-y-nueces-pecanas,https://staging.lacuisinedebernard.com/ravioli-con-setas-porcini-clavo-y-nueces-pecanas
https://www.lacuisinedebernard.com/ravioli-con-setas-porcini-clavo-y-nueces-pecanas/,https://staging.lacuisinedebernard.com/ravioli-con-setas-porcini-clavo-y-nueces-pecanas
https://lacuisinedebernard.com/pastel-de-limon-coco-y-leche-condensada-azucarada,https://staging.lacuisinedebernard.com/pastel-de-limon-coco-y-leche-condensada-azucarada
https://lacuisinedebernard.com/pastel-de-limon-coco-y-leche-condensada-azucarada/,https://staging.lacuisinedebernard.com/pastel-de-limon-coco-y-leche-condensada-azucarada
https://www.lacuisinedebernard.com/pastel-de-limon-coco-y-leche-condensada-azucarada,https://staging.lacuisinedebernard.com/pastel-de-limon-coco-y-leche-condensada-azucarada
https://www.lacuisinedebernard.com/pastel-de-limon-coco-y-leche-condensada-azucarada/,https://staging.lacuisinedebernard.com/pastel-de-limon-coco-y-leche-condensada-azucarada
https://lacuisinedebernard.com/bolo-de-limao-coco-e-leite-condensado,https://staging.lacuisinedebernard.com/bolo-de-limao-coco-e-leite-condensado
https://lacuisinedebernard.com/bolo-de-limao-coco-e-leite-condensado/,https://staging.lacuisinedebernard.com/bolo-de-limao-coco-e-leite-condensado
https://www.lacuisinedebernard.com/bolo-de-limao-coco-e-leite-condensado,https://staging.lacuisinedebernard.com/bolo-de-limao-coco-e-leite-condensado
https://www.lacuisinedebernard.com/bolo-de-limao-coco-e-leite-condensado/,https://staging.lacuisinedebernard.com/bolo-de-limao-coco-e-leite-condensado
https://lacuisinedebernard.com/lemon-coconut-and-sweetened-condensed-milk-cake,https://staging.lacuisinedebernard.com/lemon-coconut-and-sweetened-condensed-milk-cake
https://lacuisinedebernard.com/lemon-coconut-and-sweetened-condensed-milk-cake/,https://staging.lacuisinedebernard.com/lemon-coconut-and-sweetened-condensed-milk-cake
https://www.lacuisinedebernard.com/lemon-coconut-and-sweetened-condensed-milk-cake,https://staging.lacuisinedebernard.com/lemon-coconut-and-sweetened-condensed-milk-cake
https://www.lacuisinedebernard.com/lemon-coconut-and-sweetened-condensed-milk-cake/,https://staging.lacuisinedebernard.com/lemon-coconut-and-sweetened-condensed-milk-cake
https://lacuisinedebernard.com/ravioli-com-cogumelos-porcini-cravo-e-nozes,https://staging.lacuisinedebernard.com/ravioli-com-cogumelos-porcini-cravo-e-nozes
https://lacuisinedebernard.com/ravioli-com-cogumelos-porcini-cravo-e-nozes/,https://staging.lacuisinedebernard.com/ravioli-com-cogumelos-porcini-cravo-e-nozes
https://www.lacuisinedebernard.com/ravioli-com-cogumelos-porcini-cravo-e-nozes,https://staging.lacuisinedebernard.com/ravioli-com-cogumelos-porcini-cravo-e-nozes
https://www.lacuisinedebernard.com/ravioli-com-cogumelos-porcini-cravo-e-nozes/,https://staging.lacuisinedebernard.com/ravioli-com-cogumelos-porcini-cravo-e-nozes
https://lacuisinedebernard.com/%d9%83%d8%b9%d9%83%d8%a9-%d8%a8%d8%a7%d9%84%d9%84%d9%8a%d9%85%d9%88%d9%86-%d9%88%d8%ac%d9%88%d8%b2-%d8%a7%d9%84%d9%87%d9%86%d8%af-%d9%88%d8%a7%d9%84%d8%ad%d9%84%d9%8a%d8%a8-%d8%a7%d9%84%d9%85%d9%83,https://staging.lacuisinedebernard.com/%d9%83%d8%b9%d9%83%d8%a9-%d8%a8%d8%a7%d9%84%d9%84%d9%8a%d9%85%d9%88%d9%86-%d9%88%d8%ac%d9%88%d8%b2-%d8%a7%d9%84%d9%87%d9%86%d8%af-%d9%88%d8%a7%d9%84%d8%ad%d9%84%d9%8a%d8%a8-%d8%a7%d9%84%d9%85%d9%83
https://lacuisinedebernard.com/%d9%83%d8%b9%d9%83%d8%a9-%d8%a8%d8%a7%d9%84%d9%84%d9%8a%d9%85%d9%88%d9%86-%d9%88%d8%ac%d9%88%d8%b2-%d8%a7%d9%84%d9%87%d9%86%d8%af-%d9%88%d8%a7%d9%84%d8%ad%d9%84%d9%8a%d8%a8-%d8%a7%d9%84%d9%85%d9%83/,https://staging.lacuisinedebernard.com/%d9%83%d8%b9%d9%83%d8%a9-%d8%a8%d8%a7%d9%84%d9%84%d9%8a%d9%85%d9%88%d9%86-%d9%88%d8%ac%d9%88%d8%b2-%d8%a7%d9%84%d9%87%d9%86%d8%af-%d9%88%d8%a7%d9%84%d8%ad%d9%84%d9%8a%d8%a8-%d8%a7%d9%84%d9%85%d9%83
https://www.lacuisinedebernard.com/%d9%83%d8%b9%d9%83%d8%a9-%d8%a8%d8%a7%d9%84%d9%84%d9%8a%d9%85%d9%88%d9%86-%d9%88%d8%ac%d9%88%d8%b2-%d8%a7%d9%84%d9%87%d9%86%d8%af-%d9%88%d8%a7%d9%84%d8%ad%d9%84%d9%8a%d8%a8-%d8%a7%d9%84%d9%85%d9%83,https://staging.lacuisinedebernard.com/%d9%83%d8%b9%d9%83%d8%a9-%d8%a8%d8%a7%d9%84%d9%84%d9%8a%d9%85%d9%88%d9%86-%d9%88%d8%ac%d9%88%d8%b2-%d8%a7%d9%84%d9%87%d9%86%d8%af-%d9%88%d8%a7%d9%84%d8%ad%d9%84%d9%8a%d8%a8-%d8%a7%d9%84%d9%85%d9%83
https://www.lacuisinedebernard.com/%d9%83%d8%b9%d9%83%d8%a9-%d8%a8%d8%a7%d9%84%d9%84%d9%8a%d9%85%d9%88%d9%86-%d9%88%d8%ac%d9%88%d8%b2-%d8%a7%d9%84%d9%87%d9%86%d8%af-%d9%88%d8%a7%d9%84%d8%ad%d9%84%d9%8a%d8%a8-%d8%a7%d9%84%d9%85%d9%83/,https://staging.lacuisinedebernard.com/%d9%83%d8%b9%d9%83%d8%a9-%d8%a8%d8%a7%d9%84%d9%84%d9%8a%d9%85%d9%88%d9%86-%d9%88%d8%ac%d9%88%d8%b2-%d8%a7%d9%84%d9%87%d9%86%d8%af-%d9%88%d8%a7%d9%84%d8%ad%d9%84%d9%8a%d8%a8-%d8%a7%d9%84%d9%85%d9%83
https://lacuisinedebernard.com/tiramindoim-banana-peanut-tiramisu,https://staging.lacuisinedebernard.com/tiramindoim-banana-peanut-tiramisu
https://lacuisinedebernard.com/tiramindoim-banana-peanut-tiramisu/,https://staging.lacuisinedebernard.com/tiramindoim-banana-peanut-tiramisu
https://www.lacuisinedebernard.com/tiramindoim-banana-peanut-tiramisu,https://staging.lacuisinedebernard.com/tiramindoim-banana-peanut-tiramisu
https://www.lacuisinedebernard.com/tiramindoim-banana-peanut-tiramisu/,https://staging.lacuisinedebernard.com/tiramindoim-banana-peanut-tiramisu
https://lacuisinedebernard.com/ravioli-with-porcini-mushrooms-cloves-and-pecans,https://staging.lacuisinedebernard.com/ravioli-with-porcini-mushrooms-cloves-and-pecans
https://lacuisinedebernard.com/ravioli-with-porcini-mushrooms-cloves-and-pecans/,https://staging.lacuisinedebernard.com/ravioli-with-porcini-mushrooms-cloves-and-pecans
https://www.lacuisinedebernard.com/ravioli-with-porcini-mushrooms-cloves-and-pecans,https://staging.lacuisinedebernard.com/ravioli-with-porcini-mushrooms-cloves-and-pecans
https://www.lacuisinedebernard.com/ravioli-with-porcini-mushrooms-cloves-and-pecans/,https://staging.lacuisinedebernard.com/ravioli-with-porcini-mushrooms-cloves-and-pecans
https://lacuisinedebernard.com/rice-noodles-with-shrimp-and-satay,https://staging.lacuisinedebernard.com/rice-noodles-with-shrimp-and-satay
https://lacuisinedebernard.com/rice-noodles-with-shrimp-and-satay/,https://staging.lacuisinedebernard.com/rice-noodles-with-shrimp-and-satay
https://www.lacuisinedebernard.com/rice-noodles-with-shrimp-and-satay,https://staging.lacuisinedebernard.com/rice-noodles-with-shrimp-and-satay
https://www.lacuisinedebernard.com/rice-noodles-with-shrimp-and-satay/,https://staging.lacuisinedebernard.com/rice-noodles-with-shrimp-and-satay
https://lacuisinedebernard.com/%d9%86%d9%88%d8%af%d9%84%d8%b2-%d8%a7%d9%84%d8%a3%d8%b1%d8%b2-%d9%85%d8%b9-%d8%a7%d9%84%d8%b1%d9%88%d8%a8%d9%8a%d8%a7%d9%86-%d9%88%d8%a7%d9%84%d8%b3%d8%a7%d8%aa%d9%8a%d9%87,https://staging.lacuisinedebernard.com/%d9%86%d9%88%d8%af%d9%84%d8%b2-%d8%a7%d9%84%d8%a3%d8%b1%d8%b2-%d9%85%d8%b9-%d8%a7%d9%84%d8%b1%d9%88%d8%a8%d9%8a%d8%a7%d9%86-%d9%88%d8%a7%d9%84%d8%b3%d8%a7%d8%aa%d9%8a%d9%87
https://lacuisinedebernard.com/%d9%86%d9%88%d8%af%d9%84%d8%b2-%d8%a7%d9%84%d8%a3%d8%b1%d8%b2-%d9%85%d8%b9-%d8%a7%d9%84%d8%b1%d9%88%d8%a8%d9%8a%d8%a7%d9%86-%d9%88%d8%a7%d9%84%d8%b3%d8%a7%d8%aa%d9%8a%d9%87/,https://staging.lacuisinedebernard.com/%d9%86%d9%88%d8%af%d9%84%d8%b2-%d8%a7%d9%84%d8%a3%d8%b1%d8%b2-%d9%85%d8%b9-%d8%a7%d9%84%d8%b1%d9%88%d8%a8%d9%8a%d8%a7%d9%86-%d9%88%d8%a7%d9%84%d8%b3%d8%a7%d8%aa%d9%8a%d9%87
https://www.lacuisinedebernard.com/%d9%86%d9%88%d8%af%d9%84%d8%b2-%d8%a7%d9%84%d8%a3%d8%b1%d8%b2-%d9%85%d8%b9-%d8%a7%d9%84%d8%b1%d9%88%d8%a8%d9%8a%d8%a7%d9%86-%d9%88%d8%a7%d9%84%d8%b3%d8%a7%d8%aa%d9%8a%d9%87,https://staging.lacuisinedebernard.com/%d9%86%d9%88%d8%af%d9%84%d8%b2-%d8%a7%d9%84%d8%a3%d8%b1%d8%b2-%d9%85%d8%b9-%d8%a7%d9%84%d8%b1%d9%88%d8%a8%d9%8a%d8%a7%d9%86-%d9%88%d8%a7%d9%84%d8%b3%d8%a7%d8%aa%d9%8a%d9%87
https://www.lacuisinedebernard.com/%d9%86%d9%88%d8%af%d9%84%d8%b2-%d8%a7%d9%84%d8%a3%d8%b1%d8%b2-%d9%85%d8%b9-%d8%a7%d9%84%d8%b1%d9%88%d8%a8%d9%8a%d8%a7%d9%86-%d9%88%d8%a7%d9%84%d8%b3%d8%a7%d8%aa%d9%8a%d9%87/,https://staging.lacuisinedebernard.com/%d9%86%d9%88%d8%af%d9%84%d8%b2-%d8%a7%d9%84%d8%a3%d8%b1%d8%b2-%d9%85%d8%b9-%d8%a7%d9%84%d8%b1%d9%88%d8%a8%d9%8a%d8%a7%d9%86-%d9%88%d8%a7%d9%84%d8%b3%d8%a7%d8%aa%d9%8a%d9%87
https://lacuisinedebernard.com/tiramindoim-tiramisu-de-platano-y-cacahuete,https://staging.lacuisinedebernard.com/tiramindoim-tiramisu-de-platano-y-cacahuete
https://lacuisinedebernard.com/tiramindoim-tiramisu-de-platano-y-cacahuete/,https://staging.lacuisinedebernard.com/tiramindoim-tiramisu-de-platano-y-cacahuete
https://www.lacuisinedebernard.com/tiramindoim-tiramisu-de-platano-y-cacahuete,https://staging.lacuisinedebernard.com/tiramindoim-tiramisu-de-platano-y-cacahuete
https://www.lacuisinedebernard.com/tiramindoim-tiramisu-de-platano-y-cacahuete/,https://staging.lacuisinedebernard.com/tiramindoim-tiramisu-de-platano-y-cacahuete
https://lacuisinedebernard.com/tiramindoim-tiramisu-de-banana-e-amendoim,https://staging.lacuisinedebernard.com/tiramindoim-tiramisu-de-banana-e-amendoim
https://lacuisinedebernard.com/tiramindoim-tiramisu-de-banana-e-amendoim/,https://staging.lacuisinedebernard.com/tiramindoim-tiramisu-de-banana-e-amendoim
https://www.lacuisinedebernard.com/tiramindoim-tiramisu-de-banana-e-amendoim,https://staging.lacuisinedebernard.com/tiramindoim-tiramisu-de-banana-e-amendoim
https://www.lacuisinedebernard.com/tiramindoim-tiramisu-de-banana-e-amendoim/,https://staging.lacuisinedebernard.com/tiramindoim-tiramisu-de-banana-e-amendoim
https://lacuisinedebernard.com/%d8%aa%d9%8a%d8%b1%d8%a7%d9%85%d9%86%d8%af%d9%88%d9%8a%d9%85-%d8%aa%d9%8a%d8%b1%d8%a7%d9%85%d9%8a%d8%b3%d9%88-%d8%a7%d9%84%d9%85%d9%88%d8%b2-%d9%88%d8%a7%d9%84%d9%81%d9%88%d9%84-%d8%a7%d9%84%d8%b3,https://staging.lacuisinedebernard.com/%d8%aa%d9%8a%d8%b1%d8%a7%d9%85%d9%86%d8%af%d9%88%d9%8a%d9%85-%d8%aa%d9%8a%d8%b1%d8%a7%d9%85%d9%8a%d8%b3%d9%88-%d8%a7%d9%84%d9%85%d9%88%d8%b2-%d9%88%d8%a7%d9%84%d9%81%d9%88%d9%84-%d8%a7%d9%84%d8%b3
https://lacuisinedebernard.com/%d8%aa%d9%8a%d8%b1%d8%a7%d9%85%d9%86%d8%af%d9%88%d9%8a%d9%85-%d8%aa%d9%8a%d8%b1%d8%a7%d9%85%d9%8a%d8%b3%d9%88-%d8%a7%d9%84%d9%85%d9%88%d8%b2-%d9%88%d8%a7%d9%84%d9%81%d9%88%d9%84-%d8%a7%d9%84%d8%b3/,https://staging.lacuisinedebernard.com/%d8%aa%d9%8a%d8%b1%d8%a7%d9%85%d9%86%d8%af%d9%88%d9%8a%d9%85-%d8%aa%d9%8a%d8%b1%d8%a7%d9%85%d9%8a%d8%b3%d9%88-%d8%a7%d9%84%d9%85%d9%88%d8%b2-%d9%88%d8%a7%d9%84%d9%81%d9%88%d9%84-%d8%a7%d9%84%d8%b3
https://www.lacuisinedebernard.com/%d8%aa%d9%8a%d8%b1%d8%a7%d9%85%d9%86%d8%af%d9%88%d9%8a%d9%85-%d8%aa%d9%8a%d8%b1%d8%a7%d9%85%d9%8a%d8%b3%d9%88-%d8%a7%d9%84%d9%85%d9%88%d8%b2-%d9%88%d8%a7%d9%84%d9%81%d9%88%d9%84-%d8%a7%d9%84%d8%b3,https://staging.lacuisinedebernard.com/%d8%aa%d9%8a%d8%b1%d8%a7%d9%85%d9%86%d8%af%d9%88%d9%8a%d9%85-%d8%aa%d9%8a%d8%b1%d8%a7%d9%85%d9%8a%d8%b3%d9%88-%d8%a7%d9%84%d9%85%d9%88%d8%b2-%d9%88%d8%a7%d9%84%d9%81%d9%88%d9%84-%d8%a7%d9%84%d8%b3
https://www.lacuisinedebernard.com/%d8%aa%d9%8a%d8%b1%d8%a7%d9%85%d9%86%d8%af%d9%88%d9%8a%d9%85-%d8%aa%d9%8a%d8%b1%d8%a7%d9%85%d9%8a%d8%b3%d9%88-%d8%a7%d9%84%d9%85%d9%88%d8%b2-%d9%88%d8%a7%d9%84%d9%81%d9%88%d9%84-%d8%a7%d9%84%d8%b3/,https://staging.lacuisinedebernard.com/%d8%aa%d9%8a%d8%b1%d8%a7%d9%85%d9%86%d8%af%d9%88%d9%8a%d9%85-%d8%aa%d9%8a%d8%b1%d8%a7%d9%85%d9%8a%d8%b3%d9%88-%d8%a7%d9%84%d9%85%d9%88%d8%b2-%d9%88%d8%a7%d9%84%d9%81%d9%88%d9%84-%d8%a7%d9%84%d8%b3
https://lacuisinedebernard.com/fideos-de-arroz-con-gambas-y-satay,https://staging.lacuisinedebernard.com/fideos-de-arroz-con-gambas-y-satay
https://lacuisinedebernard.com/fideos-de-arroz-con-gambas-y-satay/,https://staging.lacuisinedebernard.com/fideos-de-arroz-con-gambas-y-satay
https://www.lacuisinedebernard.com/fideos-de-arroz-con-gambas-y-satay,https://staging.lacuisinedebernard.com/fideos-de-arroz-con-gambas-y-satay
https://www.lacuisinedebernard.com/fideos-de-arroz-con-gambas-y-satay/,https://staging.lacuisinedebernard.com/fideos-de-arroz-con-gambas-y-satay
https://lacuisinedebernard.com/biscoitos-de-natal-especiarias-cream-cheese-de-gengibre-citrico,https://staging.lacuisinedebernard.com/biscoitos-de-natal-especiarias-cream-cheese-de-gengibre-citrico
https://lacuisinedebernard.com/biscoitos-de-natal-especiarias-cream-cheese-de-gengibre-citrico/,https://staging.lacuisinedebernard.com/biscoitos-de-natal-especiarias-cream-cheese-de-gengibre-citrico
https://www.lacuisinedebernard.com/biscoitos-de-natal-especiarias-cream-cheese-de-gengibre-citrico,https://staging.lacuisinedebernard.com/biscoitos-de-natal-especiarias-cream-cheese-de-gengibre-citrico
https://www.lacuisinedebernard.com/biscoitos-de-natal-especiarias-cream-cheese-de-gengibre-citrico/,https://staging.lacuisinedebernard.com/biscoitos-de-natal-especiarias-cream-cheese-de-gengibre-citrico
https://lacuisinedebernard.com/biscoito-crocante-com-recheio-de-manteiga-de-amendoim,https://staging.lacuisinedebernard.com/biscoito-crocante-com-recheio-de-manteiga-de-amendoim
https://lacuisinedebernard.com/biscoito-crocante-com-recheio-de-manteiga-de-amendoim/,https://staging.lacuisinedebernard.com/biscoito-crocante-com-recheio-de-manteiga-de-amendoim
https://www.lacuisinedebernard.com/biscoito-crocante-com-recheio-de-manteiga-de-amendoim,https://staging.lacuisinedebernard.com/biscoito-crocante-com-recheio-de-manteiga-de-amendoim
https://www.lacuisinedebernard.com/biscoito-crocante-com-recheio-de-manteiga-de-amendoim/,https://staging.lacuisinedebernard.com/biscoito-crocante-com-recheio-de-manteiga-de-amendoim
https://lacuisinedebernard.com/macarrao-de-arroz-com-camarao-e-satay,https://staging.lacuisinedebernard.com/macarrao-de-arroz-com-camarao-e-satay
https://lacuisinedebernard.com/macarrao-de-arroz-com-camarao-e-satay/,https://staging.lacuisinedebernard.com/macarrao-de-arroz-com-camarao-e-satay
https://www.lacuisinedebernard.com/macarrao-de-arroz-com-camarao-e-satay,https://staging.lacuisinedebernard.com/macarrao-de-arroz-com-camarao-e-satay
https://www.lacuisinedebernard.com/macarrao-de-arroz-com-camarao-e-satay/,https://staging.lacuisinedebernard.com/macarrao-de-arroz-com-camarao-e-satay
https://lacuisinedebernard.com/mochi-apple-pear-walnut,https://staging.lacuisinedebernard.com/mochi-apple-pear-walnut
https://lacuisinedebernard.com/mochi-apple-pear-walnut/,https://staging.lacuisinedebernard.com/mochi-apple-pear-walnut
https://www.lacuisinedebernard.com/mochi-apple-pear-walnut,https://staging.lacuisinedebernard.com/mochi-apple-pear-walnut
https://www.lacuisinedebernard.com/mochi-apple-pear-walnut/,https://staging.lacuisinedebernard.com/mochi-apple-pear-walnut
https://lacuisinedebernard.com/%d8%a8%d8%b1%d9%8a%d9%88%d8%b4-%d8%af%d9%8a-%d8%b1%d9%88%d8%a7,https://staging.lacuisinedebernard.com/%d8%a8%d8%b1%d9%8a%d9%88%d8%b4-%d8%af%d9%8a-%d8%b1%d9%88%d8%a7
https://lacuisinedebernard.com/%d8%a8%d8%b1%d9%8a%d9%88%d8%b4-%d8%af%d9%8a-%d8%b1%d9%88%d8%a7/,https://staging.lacuisinedebernard.com/%d8%a8%d8%b1%d9%8a%d9%88%d8%b4-%d8%af%d9%8a-%d8%b1%d9%88%d8%a7
https://www.lacuisinedebernard.com/%d8%a8%d8%b1%d9%8a%d9%88%d8%b4-%d8%af%d9%8a-%d8%b1%d9%88%d8%a7,https://staging.lacuisinedebernard.com/%d8%a8%d8%b1%d9%8a%d9%88%d8%b4-%d8%af%d9%8a-%d8%b1%d9%88%d8%a7
https://www.lacuisinedebernard.com/%d8%a8%d8%b1%d9%8a%d9%88%d8%b4-%d8%af%d9%8a-%d8%b1%d9%88%d8%a7/,https://staging.lacuisinedebernard.com/%d8%a8%d8%b1%d9%8a%d9%88%d8%b4-%d8%af%d9%8a-%d8%b1%d9%88%d8%a7
https://lacuisinedebernard.com/champinones-con-mantequilla-de-caracol-en-conchas-crujientes,https://staging.lacuisinedebernard.com/champinones-con-mantequilla-de-caracol-en-conchas-crujientes
https://lacuisinedebernard.com/champinones-con-mantequilla-de-caracol-en-conchas-crujientes/,https://staging.lacuisinedebernard.com/champinones-con-mantequilla-de-caracol-en-conchas-crujientes
https://www.lacuisinedebernard.com/champinones-con-mantequilla-de-caracol-en-conchas-crujientes,https://staging.lacuisinedebernard.com/champinones-con-mantequilla-de-caracol-en-conchas-crujientes
https://www.lacuisinedebernard.com/champinones-con-mantequilla-de-caracol-en-conchas-crujientes/,https://staging.lacuisinedebernard.com/champinones-con-mantequilla-de-caracol-en-conchas-crujientes
https://lacuisinedebernard.com/crunchy-shortbread-with-peanut-butter-filling,https://staging.lacuisinedebernard.com/crunchy-shortbread-with-peanut-butter-filling
https://lacuisinedebernard.com/crunchy-shortbread-with-peanut-butter-filling/,https://staging.lacuisinedebernard.com/crunchy-shortbread-with-peanut-butter-filling
https://www.lacuisinedebernard.com/crunchy-shortbread-with-peanut-butter-filling,https://staging.lacuisinedebernard.com/crunchy-shortbread-with-peanut-butter-filling
https://www.lacuisinedebernard.com/crunchy-shortbread-with-peanut-butter-filling/,https://staging.lacuisinedebernard.com/crunchy-shortbread-with-peanut-butter-filling
https://lacuisinedebernard.com/galletas-de-navidad-especias-citricos-jengibre-queso-crema,https://staging.lacuisinedebernard.com/galletas-de-navidad-especias-citricos-jengibre-queso-crema
https://lacuisinedebernard.com/galletas-de-navidad-especias-citricos-jengibre-queso-crema/,https://staging.lacuisinedebernard.com/galletas-de-navidad-especias-citricos-jengibre-queso-crema
https://www.lacuisinedebernard.com/galletas-de-navidad-especias-citricos-jengibre-queso-crema,https://staging.lacuisinedebernard.com/galletas-de-navidad-especias-citricos-jengibre-queso-crema
https://www.lacuisinedebernard.com/galletas-de-navidad-especias-citricos-jengibre-queso-crema/,https://staging.lacuisinedebernard.com/galletas-de-navidad-especias-citricos-jengibre-queso-crema
https://lacuisinedebernard.com/lubina-a-la-sarten-con-polenta-cremosa-de-trufa,https://staging.lacuisinedebernard.com/lubina-a-la-sarten-con-polenta-cremosa-de-trufa
https://lacuisinedebernard.com/lubina-a-la-sarten-con-polenta-cremosa-de-trufa/,https://staging.lacuisinedebernard.com/lubina-a-la-sarten-con-polenta-cremosa-de-trufa
https://www.lacuisinedebernard.com/lubina-a-la-sarten-con-polenta-cremosa-de-trufa,https://staging.lacuisinedebernard.com/lubina-a-la-sarten-con-polenta-cremosa-de-trufa
https://www.lacuisinedebernard.com/lubina-a-la-sarten-con-polenta-cremosa-de-trufa/,https://staging.lacuisinedebernard.com/lubina-a-la-sarten-con-polenta-cremosa-de-trufa
https://lacuisinedebernard.com/%d9%85%d9%88%d8%aa%d8%b4%d9%8a-%d8%a7%d9%84%d8%aa%d9%81%d8%a7%d8%ad-%d9%88%d8%a7%d9%84%d8%aa%d9%81%d8%a7%d8%ad-%d9%88%d8%a7%d9%84%d9%83%d9%85%d8%ab%d8%b1%d9%89-%d9%88%d8%a7%d9%84%d8%ac%d9%88%d8%b2,https://staging.lacuisinedebernard.com/%d9%85%d9%88%d8%aa%d8%b4%d9%8a-%d8%a7%d9%84%d8%aa%d9%81%d8%a7%d8%ad-%d9%88%d8%a7%d9%84%d8%aa%d9%81%d8%a7%d8%ad-%d9%88%d8%a7%d9%84%d9%83%d9%85%d8%ab%d8%b1%d9%89-%d9%88%d8%a7%d9%84%d8%ac%d9%88%d8%b2
https://lacuisinedebernard.com/%d9%85%d9%88%d8%aa%d8%b4%d9%8a-%d8%a7%d9%84%d8%aa%d9%81%d8%a7%d8%ad-%d9%88%d8%a7%d9%84%d8%aa%d9%81%d8%a7%d8%ad-%d9%88%d8%a7%d9%84%d9%83%d9%85%d8%ab%d8%b1%d9%89-%d9%88%d8%a7%d9%84%d8%ac%d9%88%d8%b2/,https://staging.lacuisinedebernard.com/%d9%85%d9%88%d8%aa%d8%b4%d9%8a-%d8%a7%d9%84%d8%aa%d9%81%d8%a7%d8%ad-%d9%88%d8%a7%d9%84%d8%aa%d9%81%d8%a7%d8%ad-%d9%88%d8%a7%d9%84%d9%83%d9%85%d8%ab%d8%b1%d9%89-%d9%88%d8%a7%d9%84%d8%ac%d9%88%d8%b2
https://www.lacuisinedebernard.com/%d9%85%d9%88%d8%aa%d8%b4%d9%8a-%d8%a7%d9%84%d8%aa%d9%81%d8%a7%d8%ad-%d9%88%d8%a7%d9%84%d8%aa%d9%81%d8%a7%d8%ad-%d9%88%d8%a7%d9%84%d9%83%d9%85%d8%ab%d8%b1%d9%89-%d9%88%d8%a7%d9%84%d8%ac%d9%88%d8%b2,https://staging.lacuisinedebernard.com/%d9%85%d9%88%d8%aa%d8%b4%d9%8a-%d8%a7%d9%84%d8%aa%d9%81%d8%a7%d8%ad-%d9%88%d8%a7%d9%84%d8%aa%d9%81%d8%a7%d8%ad-%d9%88%d8%a7%d9%84%d9%83%d9%85%d8%ab%d8%b1%d9%89-%d9%88%d8%a7%d9%84%d8%ac%d9%88%d8%b2
https://www.lacuisinedebernard.com/%d9%85%d9%88%d8%aa%d8%b4%d9%8a-%d8%a7%d9%84%d8%aa%d9%81%d8%a7%d8%ad-%d9%88%d8%a7%d9%84%d8%aa%d9%81%d8%a7%d8%ad-%d9%88%d8%a7%d9%84%d9%83%d9%85%d8%ab%d8%b1%d9%89-%d9%88%d8%a7%d9%84%d8%ac%d9%88%d8%b2/,https://staging.lacuisinedebernard.com/%d9%85%d9%88%d8%aa%d8%b4%d9%8a-%d8%a7%d9%84%d8%aa%d9%81%d8%a7%d8%ad-%d9%88%d8%a7%d9%84%d8%aa%d9%81%d8%a7%d8%ad-%d9%88%d8%a7%d9%84%d9%83%d9%85%d8%ab%d8%b1%d9%89-%d9%88%d8%a7%d9%84%d8%ac%d9%88%d8%b2
https://lacuisinedebernard.com/galette-des-rois-con-fruta-confitada-y-azahar,https://staging.lacuisinedebernard.com/galette-des-rois-con-fruta-confitada-y-azahar
https://lacuisinedebernard.com/galette-des-rois-con-fruta-confitada-y-azahar/,https://staging.lacuisinedebernard.com/galette-des-rois-con-fruta-confitada-y-azahar
https://www.lacuisinedebernard.com/galette-des-rois-con-fruta-confitada-y-azahar,https://staging.lacuisinedebernard.com/galette-des-rois-con-fruta-confitada-y-azahar
https://www.lacuisinedebernard.com/galette-des-rois-con-fruta-confitada-y-azahar/,https://staging.lacuisinedebernard.com/galette-des-rois-con-fruta-confitada-y-azahar
https://lacuisinedebernard.com/ravioli-com-abobora-assada-e-ricota,https://staging.lacuisinedebernard.com/ravioli-com-abobora-assada-e-ricota
https://lacuisinedebernard.com/ravioli-com-abobora-assada-e-ricota/,https://staging.lacuisinedebernard.com/ravioli-com-abobora-assada-e-ricota
https://www.lacuisinedebernard.com/ravioli-com-abobora-assada-e-ricota,https://staging.lacuisinedebernard.com/ravioli-com-abobora-assada-e-ricota
https://www.lacuisinedebernard.com/ravioli-com-abobora-assada-e-ricota/,https://staging.lacuisinedebernard.com/ravioli-com-abobora-assada-e-ricota
https://lacuisinedebernard.com/cogumelos-com-manteiga-de-caracol-em-cascas-crocantes,https://staging.lacuisinedebernard.com/cogumelos-com-manteiga-de-caracol-em-cascas-crocantes
https://lacuisinedebernard.com/cogumelos-com-manteiga-de-caracol-em-cascas-crocantes/,https://staging.lacuisinedebernard.com/cogumelos-com-manteiga-de-caracol-em-cascas-crocantes
https://www.lacuisinedebernard.com/cogumelos-com-manteiga-de-caracol-em-cascas-crocantes,https://staging.lacuisinedebernard.com/cogumelos-com-manteiga-de-caracol-em-cascas-crocantes
https://www.lacuisinedebernard.com/cogumelos-com-manteiga-de-caracol-em-cascas-crocantes/,https://staging.lacuisinedebernard.com/cogumelos-com-manteiga-de-caracol-em-cascas-crocantes
https://lacuisinedebernard.com/christmas-cookies-spices-citrus-ginger-cream-cheese,https://staging.lacuisinedebernard.com/christmas-cookies-spices-citrus-ginger-cream-cheese
https://lacuisinedebernard.com/christmas-cookies-spices-citrus-ginger-cream-cheese/,https://staging.lacuisinedebernard.com/christmas-cookies-spices-citrus-ginger-cream-cheese
https://www.lacuisinedebernard.com/christmas-cookies-spices-citrus-ginger-cream-cheese,https://staging.lacuisinedebernard.com/christmas-cookies-spices-citrus-ginger-cream-cheese
https://www.lacuisinedebernard.com/christmas-cookies-spices-citrus-ginger-cream-cheese/,https://staging.lacuisinedebernard.com/christmas-cookies-spices-citrus-ginger-cream-cheese
https://lacuisinedebernard.com/robalo-grelhado-na-frigideira-com-polenta-cremosa-trufada,https://staging.lacuisinedebernard.com/robalo-grelhado-na-frigideira-com-polenta-cremosa-trufada
https://lacuisinedebernard.com/robalo-grelhado-na-frigideira-com-polenta-cremosa-trufada/,https://staging.lacuisinedebernard.com/robalo-grelhado-na-frigideira-com-polenta-cremosa-trufada
https://www.lacuisinedebernard.com/robalo-grelhado-na-frigideira-com-polenta-cremosa-trufada,https://staging.lacuisinedebernard.com/robalo-grelhado-na-frigideira-com-polenta-cremosa-trufada
https://www.lacuisinedebernard.com/robalo-grelhado-na-frigideira-com-polenta-cremosa-trufada/,https://staging.lacuisinedebernard.com/robalo-grelhado-na-frigideira-com-polenta-cremosa-trufada
https://lacuisinedebernard.com/%d8%ae%d8%a8%d8%b2-%d8%a7%d9%84%d8%ba%d8%b1%d9%8a%d8%a8%d8%a9-%d8%a7%d9%84%d9%85%d9%82%d8%b1%d9%85%d8%b4-%d8%a7%d9%84%d9%85%d9%82%d8%b1%d9%85%d8%b4-%d8%a8%d8%ad%d8%b4%d9%88%d8%a9-%d8%b2%d8%a8%d8%af,https://staging.lacuisinedebernard.com/%d8%ae%d8%a8%d8%b2-%d8%a7%d9%84%d8%ba%d8%b1%d9%8a%d8%a8%d8%a9-%d8%a7%d9%84%d9%85%d9%82%d8%b1%d9%85%d8%b4-%d8%a7%d9%84%d9%85%d9%82%d8%b1%d9%85%d8%b4-%d8%a8%d8%ad%d8%b4%d9%88%d8%a9-%d8%b2%d8%a8%d8%af
https://lacuisinedebernard.com/%d8%ae%d8%a8%d8%b2-%d8%a7%d9%84%d8%ba%d8%b1%d9%8a%d8%a8%d8%a9-%d8%a7%d9%84%d9%85%d9%82%d8%b1%d9%85%d8%b4-%d8%a7%d9%84%d9%85%d9%82%d8%b1%d9%85%d8%b4-%d8%a8%d8%ad%d8%b4%d9%88%d8%a9-%d8%b2%d8%a8%d8%af/,https://staging.lacuisinedebernard.com/%d8%ae%d8%a8%d8%b2-%d8%a7%d9%84%d8%ba%d8%b1%d9%8a%d8%a8%d8%a9-%d8%a7%d9%84%d9%85%d9%82%d8%b1%d9%85%d8%b4-%d8%a7%d9%84%d9%85%d9%82%d8%b1%d9%85%d8%b4-%d8%a8%d8%ad%d8%b4%d9%88%d8%a9-%d8%b2%d8%a8%d8%af
https://www.lacuisinedebernard.com/%d8%ae%d8%a8%d8%b2-%d8%a7%d9%84%d8%ba%d8%b1%d9%8a%d8%a8%d8%a9-%d8%a7%d9%84%d9%85%d9%82%d8%b1%d9%85%d8%b4-%d8%a7%d9%84%d9%85%d9%82%d8%b1%d9%85%d8%b4-%d8%a8%d8%ad%d8%b4%d9%88%d8%a9-%d8%b2%d8%a8%d8%af,https://staging.lacuisinedebernard.com/%d8%ae%d8%a8%d8%b2-%d8%a7%d9%84%d8%ba%d8%b1%d9%8a%d8%a8%d8%a9-%d8%a7%d9%84%d9%85%d9%82%d8%b1%d9%85%d8%b4-%d8%a7%d9%84%d9%85%d9%82%d8%b1%d9%85%d8%b4-%d8%a8%d8%ad%d8%b4%d9%88%d8%a9-%d8%b2%d8%a8%d8%af
https://www.lacuisinedebernard.com/%d8%ae%d8%a8%d8%b2-%d8%a7%d9%84%d8%ba%d8%b1%d9%8a%d8%a8%d8%a9-%d8%a7%d9%84%d9%85%d9%82%d8%b1%d9%85%d8%b4-%d8%a7%d9%84%d9%85%d9%82%d8%b1%d9%85%d8%b4-%d8%a8%d8%ad%d8%b4%d9%88%d8%a9-%d8%b2%d8%a8%d8%af/,https://staging.lacuisinedebernard.com/%d8%ae%d8%a8%d8%b2-%d8%a7%d9%84%d8%ba%d8%b1%d9%8a%d8%a8%d8%a9-%d8%a7%d9%84%d9%85%d9%82%d8%b1%d9%85%d8%b4-%d8%a7%d9%84%d9%85%d9%82%d8%b1%d9%85%d8%b4-%d8%a8%d8%ad%d8%b4%d9%88%d8%a9-%d8%b2%d8%a8%d8%af
https://lacuisinedebernard.com/%d8%a7%d9%84%d8%b1%d8%a7%d9%81%d9%8a%d9%88%d9%84%d9%8a-%d8%a8%d8%a7%d9%84%d9%82%d8%b1%d8%b9-%d8%a7%d9%84%d9%85%d8%b4%d9%88%d9%8a-%d9%88%d8%a7%d9%84%d8%b1%d9%8a%d9%83%d9%88%d8%aa%d8%a7,https://staging.lacuisinedebernard.com/%d8%a7%d9%84%d8%b1%d8%a7%d9%81%d9%8a%d9%88%d9%84%d9%8a-%d8%a8%d8%a7%d9%84%d9%82%d8%b1%d8%b9-%d8%a7%d9%84%d9%85%d8%b4%d9%88%d9%8a-%d9%88%d8%a7%d9%84%d8%b1%d9%8a%d9%83%d9%88%d8%aa%d8%a7
https://lacuisinedebernard.com/%d8%a7%d9%84%d8%b1%d8%a7%d9%81%d9%8a%d9%88%d9%84%d9%8a-%d8%a8%d8%a7%d9%84%d9%82%d8%b1%d8%b9-%d8%a7%d9%84%d9%85%d8%b4%d9%88%d9%8a-%d9%88%d8%a7%d9%84%d8%b1%d9%8a%d9%83%d9%88%d8%aa%d8%a7/,https://staging.lacuisinedebernard.com/%d8%a7%d9%84%d8%b1%d8%a7%d9%81%d9%8a%d9%88%d9%84%d9%8a-%d8%a8%d8%a7%d9%84%d9%82%d8%b1%d8%b9-%d8%a7%d9%84%d9%85%d8%b4%d9%88%d9%8a-%d9%88%d8%a7%d9%84%d8%b1%d9%8a%d9%83%d9%88%d8%aa%d8%a7
https://www.lacuisinedebernard.com/%d8%a7%d9%84%d8%b1%d8%a7%d9%81%d9%8a%d9%88%d9%84%d9%8a-%d8%a8%d8%a7%d9%84%d9%82%d8%b1%d8%b9-%d8%a7%d9%84%d9%85%d8%b4%d9%88%d9%8a-%d9%88%d8%a7%d9%84%d8%b1%d9%8a%d9%83%d9%88%d8%aa%d8%a7,https://staging.lacuisinedebernard.com/%d8%a7%d9%84%d8%b1%d8%a7%d9%81%d9%8a%d9%88%d9%84%d9%8a-%d8%a8%d8%a7%d9%84%d9%82%d8%b1%d8%b9-%d8%a7%d9%84%d9%85%d8%b4%d9%88%d9%8a-%d9%88%d8%a7%d9%84%d8%b1%d9%8a%d9%83%d9%88%d8%aa%d8%a7
https://www.lacuisinedebernard.com/%d8%a7%d9%84%d8%b1%d8%a7%d9%81%d9%8a%d9%88%d9%84%d9%8a-%d8%a8%d8%a7%d9%84%d9%82%d8%b1%d8%b9-%d8%a7%d9%84%d9%85%d8%b4%d9%88%d9%8a-%d9%88%d8%a7%d9%84%d8%b1%d9%8a%d9%83%d9%88%d8%aa%d8%a7/,https://staging.lacuisinedebernard.com/%d8%a7%d9%84%d8%b1%d8%a7%d9%81%d9%8a%d9%88%d9%84%d9%8a-%d8%a8%d8%a7%d9%84%d9%82%d8%b1%d8%b9-%d8%a7%d9%84%d9%85%d8%b4%d9%88%d9%8a-%d9%88%d8%a7%d9%84%d8%b1%d9%8a%d9%83%d9%88%d8%aa%d8%a7
https://lacuisinedebernard.com/brioche-des-rois,https://staging.lacuisinedebernard.com/brioche-des-rois
https://lacuisinedebernard.com/brioche-des-rois/,https://staging.lacuisinedebernard.com/brioche-des-rois
https://www.lacuisinedebernard.com/brioche-des-rois,https://staging.lacuisinedebernard.com/brioche-des-rois
https://www.lacuisinedebernard.com/brioche-des-rois/,https://staging.lacuisinedebernard.com/brioche-des-rois
https://lacuisinedebernard.com/galette-des-rois-com-frutas-cristalizadas-e-flor-de-laranjeira,https://staging.lacuisinedebernard.com/galette-des-rois-com-frutas-cristalizadas-e-flor-de-laranjeira
https://lacuisinedebernard.com/galette-des-rois-com-frutas-cristalizadas-e-flor-de-laranjeira/,https://staging.lacuisinedebernard.com/galette-des-rois-com-frutas-cristalizadas-e-flor-de-laranjeira
https://www.lacuisinedebernard.com/galette-des-rois-com-frutas-cristalizadas-e-flor-de-laranjeira,https://staging.lacuisinedebernard.com/galette-des-rois-com-frutas-cristalizadas-e-flor-de-laranjeira
https://www.lacuisinedebernard.com/galette-des-rois-com-frutas-cristalizadas-e-flor-de-laranjeira/,https://staging.lacuisinedebernard.com/galette-des-rois-com-frutas-cristalizadas-e-flor-de-laranjeira
https://lacuisinedebernard.com/mushrooms-with-snail-butter-in-crispy-shells,https://staging.lacuisinedebernard.com/mushrooms-with-snail-butter-in-crispy-shells
https://lacuisinedebernard.com/mushrooms-with-snail-butter-in-crispy-shells/,https://staging.lacuisinedebernard.com/mushrooms-with-snail-butter-in-crispy-shells
https://www.lacuisinedebernard.com/mushrooms-with-snail-butter-in-crispy-shells,https://staging.lacuisinedebernard.com/mushrooms-with-snail-butter-in-crispy-shells
https://www.lacuisinedebernard.com/mushrooms-with-snail-butter-in-crispy-shells/,https://staging.lacuisinedebernard.com/mushrooms-with-snail-butter-in-crispy-shells
https://lacuisinedebernard.com/pan-seared-sea-bass-creamy-truffle-polenta,https://staging.lacuisinedebernard.com/pan-seared-sea-bass-creamy-truffle-polenta
https://lacuisinedebernard.com/pan-seared-sea-bass-creamy-truffle-polenta/,https://staging.lacuisinedebernard.com/pan-seared-sea-bass-creamy-truffle-polenta
https://www.lacuisinedebernard.com/pan-seared-sea-bass-creamy-truffle-polenta,https://staging.lacuisinedebernard.com/pan-seared-sea-bass-creamy-truffle-polenta
https://www.lacuisinedebernard.com/pan-seared-sea-bass-creamy-truffle-polenta/,https://staging.lacuisinedebernard.com/pan-seared-sea-bass-creamy-truffle-polenta
https://lacuisinedebernard.com/%d9%83%d8%b9%d9%83-%d8%b9%d9%8a%d8%af-%d8%a7%d9%84%d9%85%d9%8a%d9%84%d8%a7%d8%af-%d8%aa%d9%88%d8%a7%d8%a8%d9%84-%d9%88%d8%ac%d8%a8%d9%86-%d8%a7%d9%84%d8%b2%d9%86%d8%ac%d8%a8%d9%8a%d9%84-%d8%a8%d8%a7,https://staging.lacuisinedebernard.com/%d9%83%d8%b9%d9%83-%d8%b9%d9%8a%d8%af-%d8%a7%d9%84%d9%85%d9%8a%d9%84%d8%a7%d8%af-%d8%aa%d9%88%d8%a7%d8%a8%d9%84-%d9%88%d8%ac%d8%a8%d9%86-%d8%a7%d9%84%d8%b2%d9%86%d8%ac%d8%a8%d9%8a%d9%84-%d8%a8%d8%a7
https://lacuisinedebernard.com/%d9%83%d8%b9%d9%83-%d8%b9%d9%8a%d8%af-%d8%a7%d9%84%d9%85%d9%8a%d9%84%d8%a7%d8%af-%d8%aa%d9%88%d8%a7%d8%a8%d9%84-%d9%88%d8%ac%d8%a8%d9%86-%d8%a7%d9%84%d8%b2%d9%86%d8%ac%d8%a8%d9%8a%d9%84-%d8%a8%d8%a7/,https://staging.lacuisinedebernard.com/%d9%83%d8%b9%d9%83-%d8%b9%d9%8a%d8%af-%d8%a7%d9%84%d9%85%d9%8a%d9%84%d8%a7%d8%af-%d8%aa%d9%88%d8%a7%d8%a8%d9%84-%d9%88%d8%ac%d8%a8%d9%86-%d8%a7%d9%84%d8%b2%d9%86%d8%ac%d8%a8%d9%8a%d9%84-%d8%a8%d8%a7
https://www.lacuisinedebernard.com/%d9%83%d8%b9%d9%83-%d8%b9%d9%8a%d8%af-%d8%a7%d9%84%d9%85%d9%8a%d9%84%d8%a7%d8%af-%d8%aa%d9%88%d8%a7%d8%a8%d9%84-%d9%88%d8%ac%d8%a8%d9%86-%d8%a7%d9%84%d8%b2%d9%86%d8%ac%d8%a8%d9%8a%d9%84-%d8%a8%d8%a7,https://staging.lacuisinedebernard.com/%d9%83%d8%b9%d9%83-%d8%b9%d9%8a%d8%af-%d8%a7%d9%84%d9%85%d9%8a%d9%84%d8%a7%d8%af-%d8%aa%d9%88%d8%a7%d8%a8%d9%84-%d9%88%d8%ac%d8%a8%d9%86-%d8%a7%d9%84%d8%b2%d9%86%d8%ac%d8%a8%d9%8a%d9%84-%d8%a8%d8%a7
https://www.lacuisinedebernard.com/%d9%83%d8%b9%d9%83-%d8%b9%d9%8a%d8%af-%d8%a7%d9%84%d9%85%d9%8a%d9%84%d8%a7%d8%af-%d8%aa%d9%88%d8%a7%d8%a8%d9%84-%d9%88%d8%ac%d8%a8%d9%86-%d8%a7%d9%84%d8%b2%d9%86%d8%ac%d8%a8%d9%8a%d9%84-%d8%a8%d8%a7/,https://staging.lacuisinedebernard.com/%d9%83%d8%b9%d9%83-%d8%b9%d9%8a%d8%af-%d8%a7%d9%84%d9%85%d9%8a%d9%84%d8%a7%d8%af-%d8%aa%d9%88%d8%a7%d8%a8%d9%84-%d9%88%d8%ac%d8%a8%d9%86-%d8%a7%d9%84%d8%b2%d9%86%d8%ac%d8%a8%d9%8a%d9%84-%d8%a8%d8%a7
https://lacuisinedebernard.com/roasted-squash-and-ricotta-ravioli,https://staging.lacuisinedebernard.com/roasted-squash-and-ricotta-ravioli
https://lacuisinedebernard.com/roasted-squash-and-ricotta-ravioli/,https://staging.lacuisinedebernard.com/roasted-squash-and-ricotta-ravioli
https://www.lacuisinedebernard.com/roasted-squash-and-ricotta-ravioli,https://staging.lacuisinedebernard.com/roasted-squash-and-ricotta-ravioli
https://www.lacuisinedebernard.com/roasted-squash-and-ricotta-ravioli/,https://staging.lacuisinedebernard.com/roasted-squash-and-ricotta-ravioli
https://lacuisinedebernard.com/mochi-manzana-pera-nuez,https://staging.lacuisinedebernard.com/mochi-manzana-pera-nuez
https://lacuisinedebernard.com/mochi-manzana-pera-nuez/,https://staging.lacuisinedebernard.com/mochi-manzana-pera-nuez
https://www.lacuisinedebernard.com/mochi-manzana-pera-nuez,https://staging.lacuisinedebernard.com/mochi-manzana-pera-nuez
https://www.lacuisinedebernard.com/mochi-manzana-pera-nuez/,https://staging.lacuisinedebernard.com/mochi-manzana-pera-nuez
https://lacuisinedebernard.com/galette-des-rois-with-candied-fruit-and-orange-blossom,https://staging.lacuisinedebernard.com/galette-des-rois-with-candied-fruit-and-orange-blossom
https://lacuisinedebernard.com/galette-des-rois-with-candied-fruit-and-orange-blossom/,https://staging.lacuisinedebernard.com/galette-des-rois-with-candied-fruit-and-orange-blossom
https://www.lacuisinedebernard.com/galette-des-rois-with-candied-fruit-and-orange-blossom,https://staging.lacuisinedebernard.com/galette-des-rois-with-candied-fruit-and-orange-blossom
https://www.lacuisinedebernard.com/galette-des-rois-with-candied-fruit-and-orange-blossom/,https://staging.lacuisinedebernard.com/galette-des-rois-with-candied-fruit-and-orange-blossom
https://lacuisinedebernard.com/%d9%81%d8%b7%d8%b1-%d9%85%d8%b9-%d8%b2%d8%a8%d8%af%d8%a9-%d8%a7%d9%84%d8%ad%d9%84%d8%b2%d9%88%d9%86-%d9%81%d9%8a-%d9%82%d8%b4%d9%88%d8%b1-%d9%85%d9%82%d8%b1%d9%85%d8%b4%d8%a9,https://staging.lacuisinedebernard.com/%d9%81%d8%b7%d8%b1-%d9%85%d8%b9-%d8%b2%d8%a8%d8%af%d8%a9-%d8%a7%d9%84%d8%ad%d9%84%d8%b2%d9%88%d9%86-%d9%81%d9%8a-%d9%82%d8%b4%d9%88%d8%b1-%d9%85%d9%82%d8%b1%d9%85%d8%b4%d8%a9
https://lacuisinedebernard.com/%d9%81%d8%b7%d8%b1-%d9%85%d8%b9-%d8%b2%d8%a8%d8%af%d8%a9-%d8%a7%d9%84%d8%ad%d9%84%d8%b2%d9%88%d9%86-%d9%81%d9%8a-%d9%82%d8%b4%d9%88%d8%b1-%d9%85%d9%82%d8%b1%d9%85%d8%b4%d8%a9/,https://staging.lacuisinedebernard.com/%d9%81%d8%b7%d8%b1-%d9%85%d8%b9-%d8%b2%d8%a8%d8%af%d8%a9-%d8%a7%d9%84%d8%ad%d9%84%d8%b2%d9%88%d9%86-%d9%81%d9%8a-%d9%82%d8%b4%d9%88%d8%b1-%d9%85%d9%82%d8%b1%d9%85%d8%b4%d8%a9
https://www.lacuisinedebernard.com/%d9%81%d8%b7%d8%b1-%d9%85%d8%b9-%d8%b2%d8%a8%d8%af%d8%a9-%d8%a7%d9%84%d8%ad%d9%84%d8%b2%d9%88%d9%86-%d9%81%d9%8a-%d9%82%d8%b4%d9%88%d8%b1-%d9%85%d9%82%d8%b1%d9%85%d8%b4%d8%a9,https://staging.lacuisinedebernard.com/%d9%81%d8%b7%d8%b1-%d9%85%d8%b9-%d8%b2%d8%a8%d8%af%d8%a9-%d8%a7%d9%84%d8%ad%d9%84%d8%b2%d9%88%d9%86-%d9%81%d9%8a-%d9%82%d8%b4%d9%88%d8%b1-%d9%85%d9%82%d8%b1%d9%85%d8%b4%d8%a9
https://www.lacuisinedebernard.com/%d9%81%d8%b7%d8%b1-%d9%85%d8%b9-%d8%b2%d8%a8%d8%af%d8%a9-%d8%a7%d9%84%d8%ad%d9%84%d8%b2%d9%88%d9%86-%d9%81%d9%8a-%d9%82%d8%b4%d9%88%d8%b1-%d9%85%d9%82%d8%b1%d9%85%d8%b4%d8%a9/,https://staging.lacuisinedebernard.com/%d9%81%d8%b7%d8%b1-%d9%85%d8%b9-%d8%b2%d8%a8%d8%af%d8%a9-%d8%a7%d9%84%d8%ad%d9%84%d8%b2%d9%88%d9%86-%d9%81%d9%8a-%d9%82%d8%b4%d9%88%d8%b1-%d9%85%d9%82%d8%b1%d9%85%d8%b4%d8%a9
https://lacuisinedebernard.com/%d8%b3%d9%85%d9%83-%d8%a7%d9%84%d9%82%d8%a7%d8%b1%d9%88%d8%b5-%d8%a7%d9%84%d9%85%d8%ad%d9%85%d8%b1-%d9%85%d8%b9-%d8%b9%d8%b5%d9%8a%d8%af%d8%a9-%d9%85%d9%86-%d8%af%d9%82%d9%8a%d9%82-%d8%a7%d9%84%d8%b0,https://staging.lacuisinedebernard.com/%d8%b3%d9%85%d9%83-%d8%a7%d9%84%d9%82%d8%a7%d8%b1%d9%88%d8%b5-%d8%a7%d9%84%d9%85%d8%ad%d9%85%d8%b1-%d9%85%d8%b9-%d8%b9%d8%b5%d9%8a%d8%af%d8%a9-%d9%85%d9%86-%d8%af%d9%82%d9%8a%d9%82-%d8%a7%d9%84%d8%b0
https://lacuisinedebernard.com/%d8%b3%d9%85%d9%83-%d8%a7%d9%84%d9%82%d8%a7%d8%b1%d9%88%d8%b5-%d8%a7%d9%84%d9%85%d8%ad%d9%85%d8%b1-%d9%85%d8%b9-%d8%b9%d8%b5%d9%8a%d8%af%d8%a9-%d9%85%d9%86-%d8%af%d9%82%d9%8a%d9%82-%d8%a7%d9%84%d8%b0/,https://staging.lacuisinedebernard.com/%d8%b3%d9%85%d9%83-%d8%a7%d9%84%d9%82%d8%a7%d8%b1%d9%88%d8%b5-%d8%a7%d9%84%d9%85%d8%ad%d9%85%d8%b1-%d9%85%d8%b9-%d8%b9%d8%b5%d9%8a%d8%af%d8%a9-%d9%85%d9%86-%d8%af%d9%82%d9%8a%d9%82-%d8%a7%d9%84%d8%b0
https://www.lacuisinedebernard.com/%d8%b3%d9%85%d9%83-%d8%a7%d9%84%d9%82%d8%a7%d8%b1%d9%88%d8%b5-%d8%a7%d9%84%d9%85%d8%ad%d9%85%d8%b1-%d9%85%d8%b9-%d8%b9%d8%b5%d9%8a%d8%af%d8%a9-%d9%85%d9%86-%d8%af%d9%82%d9%8a%d9%82-%d8%a7%d9%84%d8%b0,https://staging.lacuisinedebernard.com/%d8%b3%d9%85%d9%83-%d8%a7%d9%84%d9%82%d8%a7%d8%b1%d9%88%d8%b5-%d8%a7%d9%84%d9%85%d8%ad%d9%85%d8%b1-%d9%85%d8%b9-%d8%b9%d8%b5%d9%8a%d8%af%d8%a9-%d9%85%d9%86-%d8%af%d9%82%d9%8a%d9%82-%d8%a7%d9%84%d8%b0
https://www.lacuisinedebernard.com/%d8%b3%d9%85%d9%83-%d8%a7%d9%84%d9%82%d8%a7%d8%b1%d9%88%d8%b5-%d8%a7%d9%84%d9%85%d8%ad%d9%85%d8%b1-%d9%85%d8%b9-%d8%b9%d8%b5%d9%8a%d8%af%d8%a9-%d9%85%d9%86-%d8%af%d9%82%d9%8a%d9%82-%d8%a7%d9%84%d8%b0/,https://staging.lacuisinedebernard.com/%d8%b3%d9%85%d9%83-%d8%a7%d9%84%d9%82%d8%a7%d8%b1%d9%88%d8%b5-%d8%a7%d9%84%d9%85%d8%ad%d9%85%d8%b1-%d9%85%d8%b9-%d8%b9%d8%b5%d9%8a%d8%af%d8%a9-%d9%85%d9%86-%d8%af%d9%82%d9%8a%d9%82-%d8%a7%d9%84%d8%b0
https://lacuisinedebernard.com/raviolis-con-calabaza-asada-y-requeson,https://staging.lacuisinedebernard.com/raviolis-con-calabaza-asada-y-requeson
https://lacuisinedebernard.com/raviolis-con-calabaza-asada-y-requeson/,https://staging.lacuisinedebernard.com/raviolis-con-calabaza-asada-y-requeson
https://www.lacuisinedebernard.com/raviolis-con-calabaza-asada-y-requeson,https://staging.lacuisinedebernard.com/raviolis-con-calabaza-asada-y-requeson
https://www.lacuisinedebernard.com/raviolis-con-calabaza-asada-y-requeson/,https://staging.lacuisinedebernard.com/raviolis-con-calabaza-asada-y-requeson
https://lacuisinedebernard.com/mochi-maca-pera-nozes,https://staging.lacuisinedebernard.com/mochi-maca-pera-nozes
https://lacuisinedebernard.com/mochi-maca-pera-nozes/,https://staging.lacuisinedebernard.com/mochi-maca-pera-nozes
https://www.lacuisinedebernard.com/mochi-maca-pera-nozes,https://staging.lacuisinedebernard.com/mochi-maca-pera-nozes
https://www.lacuisinedebernard.com/mochi-maca-pera-nozes/,https://staging.lacuisinedebernard.com/mochi-maca-pera-nozes
https://lacuisinedebernard.com/%d8%ba%d8%a7%d9%84%d9%8a%d8%aa-%d8%af%d9%8a-%d8%b1%d9%88%d8%a7-%d9%85%d8%b9-%d8%a7%d9%84%d9%81%d8%a7%d9%83%d9%87%d8%a9-%d8%a7%d9%84%d9%85%d8%b3%d9%83%d8%b1%d8%a9-%d9%88%d8%b2%d9%87%d8%b1-%d8%a7%d9%84,https://staging.lacuisinedebernard.com/%d8%ba%d8%a7%d9%84%d9%8a%d8%aa-%d8%af%d9%8a-%d8%b1%d9%88%d8%a7-%d9%85%d8%b9-%d8%a7%d9%84%d9%81%d8%a7%d9%83%d9%87%d8%a9-%d8%a7%d9%84%d9%85%d8%b3%d9%83%d8%b1%d8%a9-%d9%88%d8%b2%d9%87%d8%b1-%d8%a7%d9%84
https://lacuisinedebernard.com/%d8%ba%d8%a7%d9%84%d9%8a%d8%aa-%d8%af%d9%8a-%d8%b1%d9%88%d8%a7-%d9%85%d8%b9-%d8%a7%d9%84%d9%81%d8%a7%d9%83%d9%87%d8%a9-%d8%a7%d9%84%d9%85%d8%b3%d9%83%d8%b1%d8%a9-%d9%88%d8%b2%d9%87%d8%b1-%d8%a7%d9%84/,https://staging.lacuisinedebernard.com/%d8%ba%d8%a7%d9%84%d9%8a%d8%aa-%d8%af%d9%8a-%d8%b1%d9%88%d8%a7-%d9%85%d8%b9-%d8%a7%d9%84%d9%81%d8%a7%d9%83%d9%87%d8%a9-%d8%a7%d9%84%d9%85%d8%b3%d9%83%d8%b1%d8%a9-%d9%88%d8%b2%d9%87%d8%b1-%d8%a7%d9%84
https://www.lacuisinedebernard.com/%d8%ba%d8%a7%d9%84%d9%8a%d8%aa-%d8%af%d9%8a-%d8%b1%d9%88%d8%a7-%d9%85%d8%b9-%d8%a7%d9%84%d9%81%d8%a7%d9%83%d9%87%d8%a9-%d8%a7%d9%84%d9%85%d8%b3%d9%83%d8%b1%d8%a9-%d9%88%d8%b2%d9%87%d8%b1-%d8%a7%d9%84,https://staging.lacuisinedebernard.com/%d8%ba%d8%a7%d9%84%d9%8a%d8%aa-%d8%af%d9%8a-%d8%b1%d9%88%d8%a7-%d9%85%d8%b9-%d8%a7%d9%84%d9%81%d8%a7%d9%83%d9%87%d8%a9-%d8%a7%d9%84%d9%85%d8%b3%d9%83%d8%b1%d8%a9-%d9%88%d8%b2%d9%87%d8%b1-%d8%a7%d9%84
https://www.lacuisinedebernard.com/%d8%ba%d8%a7%d9%84%d9%8a%d8%aa-%d8%af%d9%8a-%d8%b1%d9%88%d8%a7-%d9%85%d8%b9-%d8%a7%d9%84%d9%81%d8%a7%d9%83%d9%87%d8%a9-%d8%a7%d9%84%d9%85%d8%b3%d9%83%d8%b1%d8%a9-%d9%88%d8%b2%d9%87%d8%b1-%d8%a7%d9%84/,https://staging.lacuisinedebernard.com/%d8%ba%d8%a7%d9%84%d9%8a%d8%aa-%d8%af%d9%8a-%d8%b1%d9%88%d8%a7-%d9%85%d8%b9-%d8%a7%d9%84%d9%81%d8%a7%d9%83%d9%87%d8%a9-%d8%a7%d9%84%d9%85%d8%b3%d9%83%d8%b1%d8%a9-%d9%88%d8%b2%d9%87%d8%b1-%d8%a7%d9%84
https://lacuisinedebernard.com/pan-de-molde-crujiente-relleno-de-mantequilla-de-cacahuete,https://staging.lacuisinedebernard.com/pan-de-molde-crujiente-relleno-de-mantequilla-de-cacahuete
https://lacuisinedebernard.com/pan-de-molde-crujiente-relleno-de-mantequilla-de-cacahuete/,https://staging.lacuisinedebernard.com/pan-de-molde-crujiente-relleno-de-mantequilla-de-cacahuete
https://www.lacuisinedebernard.com/pan-de-molde-crujiente-relleno-de-mantequilla-de-cacahuete,https://staging.lacuisinedebernard.com/pan-de-molde-crujiente-relleno-de-mantequilla-de-cacahuete
https://www.lacuisinedebernard.com/pan-de-molde-crujiente-relleno-de-mantequilla-de-cacahuete/,https://staging.lacuisinedebernard.com/pan-de-molde-crujiente-relleno-de-mantequilla-de-cacahuete
https://lacuisinedebernard.com/bolas-de-mozzarella-empanadas-con-panko-de-cacahuete-y-mayonesa-de-wasabi,https://staging.lacuisinedebernard.com/bolas-de-mozzarella-empanadas-con-panko-de-cacahuete-y-mayonesa-de-wasabi
https://lacuisinedebernard.com/bolas-de-mozzarella-empanadas-con-panko-de-cacahuete-y-mayonesa-de-wasabi/,https://staging.lacuisinedebernard.com/bolas-de-mozzarella-empanadas-con-panko-de-cacahuete-y-mayonesa-de-wasabi
https://www.lacuisinedebernard.com/bolas-de-mozzarella-empanadas-con-panko-de-cacahuete-y-mayonesa-de-wasabi,https://staging.lacuisinedebernard.com/bolas-de-mozzarella-empanadas-con-panko-de-cacahuete-y-mayonesa-de-wasabi
https://www.lacuisinedebernard.com/bolas-de-mozzarella-empanadas-con-panko-de-cacahuete-y-mayonesa-de-wasabi/,https://staging.lacuisinedebernard.com/bolas-de-mozzarella-empanadas-con-panko-de-cacahuete-y-mayonesa-de-wasabi
https://lacuisinedebernard.com/breaded-mozzarella-balls-with-peanut-panko-and-wasabi-mayonnaise,https://staging.lacuisinedebernard.com/breaded-mozzarella-balls-with-peanut-panko-and-wasabi-mayonnaise
https://lacuisinedebernard.com/breaded-mozzarella-balls-with-peanut-panko-and-wasabi-mayonnaise/,https://staging.lacuisinedebernard.com/breaded-mozzarella-balls-with-peanut-panko-and-wasabi-mayonnaise
https://www.lacuisinedebernard.com/breaded-mozzarella-balls-with-peanut-panko-and-wasabi-mayonnaise,https://staging.lacuisinedebernard.com/breaded-mozzarella-balls-with-peanut-panko-and-wasabi-mayonnaise
https://www.lacuisinedebernard.com/breaded-mozzarella-balls-with-peanut-panko-and-wasabi-mayonnaise/,https://staging.lacuisinedebernard.com/breaded-mozzarella-balls-with-peanut-panko-and-wasabi-mayonnaise
https://lacuisinedebernard.com/ginger-sauce,https://staging.lacuisinedebernard.com/ginger-sauce
https://lacuisinedebernard.com/ginger-sauce/,https://staging.lacuisinedebernard.com/ginger-sauce
https://www.lacuisinedebernard.com/ginger-sauce,https://staging.lacuisinedebernard.com/ginger-sauce
https://www.lacuisinedebernard.com/ginger-sauce/,https://staging.lacuisinedebernard.com/ginger-sauce
https://lacuisinedebernard.com/%d9%84%d8%ad%d9%85-%d8%a8%d8%b7%d9%86-%d8%a7%d9%84%d8%ae%d9%86%d8%b2%d9%8a%d8%b1-%d8%a7%d9%84%d9%85%d9%82%d8%b1%d9%85%d8%b4-%d8%a7%d9%84%d9%85%d9%82%d8%b1%d9%85%d8%b4,https://staging.lacuisinedebernard.com/%d9%84%d8%ad%d9%85-%d8%a8%d8%b7%d9%86-%d8%a7%d9%84%d8%ae%d9%86%d8%b2%d9%8a%d8%b1-%d8%a7%d9%84%d9%85%d9%82%d8%b1%d9%85%d8%b4-%d8%a7%d9%84%d9%85%d9%82%d8%b1%d9%85%d8%b4
https://lacuisinedebernard.com/%d9%84%d8%ad%d9%85-%d8%a8%d8%b7%d9%86-%d8%a7%d9%84%d8%ae%d9%86%d8%b2%d9%8a%d8%b1-%d8%a7%d9%84%d9%85%d9%82%d8%b1%d9%85%d8%b4-%d8%a7%d9%84%d9%85%d9%82%d8%b1%d9%85%d8%b4/,https://staging.lacuisinedebernard.com/%d9%84%d8%ad%d9%85-%d8%a8%d8%b7%d9%86-%d8%a7%d9%84%d8%ae%d9%86%d8%b2%d9%8a%d8%b1-%d8%a7%d9%84%d9%85%d9%82%d8%b1%d9%85%d8%b4-%d8%a7%d9%84%d9%85%d9%82%d8%b1%d9%85%d8%b4
https://www.lacuisinedebernard.com/%d9%84%d8%ad%d9%85-%d8%a8%d8%b7%d9%86-%d8%a7%d9%84%d8%ae%d9%86%d8%b2%d9%8a%d8%b1-%d8%a7%d9%84%d9%85%d9%82%d8%b1%d9%85%d8%b4-%d8%a7%d9%84%d9%85%d9%82%d8%b1%d9%85%d8%b4,https://staging.lacuisinedebernard.com/%d9%84%d8%ad%d9%85-%d8%a8%d8%b7%d9%86-%d8%a7%d9%84%d8%ae%d9%86%d8%b2%d9%8a%d8%b1-%d8%a7%d9%84%d9%85%d9%82%d8%b1%d9%85%d8%b4-%d8%a7%d9%84%d9%85%d9%82%d8%b1%d9%85%d8%b4
https://www.lacuisinedebernard.com/%d9%84%d8%ad%d9%85-%d8%a8%d8%b7%d9%86-%d8%a7%d9%84%d8%ae%d9%86%d8%b2%d9%8a%d8%b1-%d8%a7%d9%84%d9%85%d9%82%d8%b1%d9%85%d8%b4-%d8%a7%d9%84%d9%85%d9%82%d8%b1%d9%85%d8%b4/,https://staging.lacuisinedebernard.com/%d9%84%d8%ad%d9%85-%d8%a8%d8%b7%d9%86-%d8%a7%d9%84%d8%ae%d9%86%d8%b2%d9%8a%d8%b1-%d8%a7%d9%84%d9%85%d9%82%d8%b1%d9%85%d8%b4-%d8%a7%d9%84%d9%85%d9%82%d8%b1%d9%85%d8%b4
https://lacuisinedebernard.com/panceta-de-cerdo-extra-crujiente,https://staging.lacuisinedebernard.com/panceta-de-cerdo-extra-crujiente
https://lacuisinedebernard.com/panceta-de-cerdo-extra-crujiente/,https://staging.lacuisinedebernard.com/panceta-de-cerdo-extra-crujiente
https://www.lacuisinedebernard.com/panceta-de-cerdo-extra-crujiente,https://staging.lacuisinedebernard.com/panceta-de-cerdo-extra-crujiente
https://www.lacuisinedebernard.com/panceta-de-cerdo-extra-crujiente/,https://staging.lacuisinedebernard.com/panceta-de-cerdo-extra-crujiente
https://lacuisinedebernard.com/salsa-de-jengibre,https://staging.lacuisinedebernard.com/salsa-de-jengibre
https://lacuisinedebernard.com/salsa-de-jengibre/,https://staging.lacuisinedebernard.com/salsa-de-jengibre
https://www.lacuisinedebernard.com/salsa-de-jengibre,https://staging.lacuisinedebernard.com/salsa-de-jengibre
https://www.lacuisinedebernard.com/salsa-de-jengibre/,https://staging.lacuisinedebernard.com/salsa-de-jengibre
https://lacuisinedebernard.com/%d9%83%d8%b1%d8%a7%d8%aa-%d8%a7%d9%84%d9%85%d9%88%d8%b2%d8%a7%d8%b1%d9%8a%d9%84%d8%a7-%d8%a7%d9%84%d9%85%d8%ae%d8%a8%d9%88%d8%b2%d8%a9-%d9%85%d8%b9-%d8%a7%d9%84%d8%a8%d8%a7%d9%86%d9%83%d9%88-%d8%a8,https://staging.lacuisinedebernard.com/%d9%83%d8%b1%d8%a7%d8%aa-%d8%a7%d9%84%d9%85%d9%88%d8%b2%d8%a7%d8%b1%d9%8a%d9%84%d8%a7-%d8%a7%d9%84%d9%85%d8%ae%d8%a8%d9%88%d8%b2%d8%a9-%d9%85%d8%b9-%d8%a7%d9%84%d8%a8%d8%a7%d9%86%d9%83%d9%88-%d8%a8
https://lacuisinedebernard.com/%d9%83%d8%b1%d8%a7%d8%aa-%d8%a7%d9%84%d9%85%d9%88%d8%b2%d8%a7%d8%b1%d9%8a%d9%84%d8%a7-%d8%a7%d9%84%d9%85%d8%ae%d8%a8%d9%88%d8%b2%d8%a9-%d9%85%d8%b9-%d8%a7%d9%84%d8%a8%d8%a7%d9%86%d9%83%d9%88-%d8%a8/,https://staging.lacuisinedebernard.com/%d9%83%d8%b1%d8%a7%d8%aa-%d8%a7%d9%84%d9%85%d9%88%d8%b2%d8%a7%d8%b1%d9%8a%d9%84%d8%a7-%d8%a7%d9%84%d9%85%d8%ae%d8%a8%d9%88%d8%b2%d8%a9-%d9%85%d8%b9-%d8%a7%d9%84%d8%a8%d8%a7%d9%86%d9%83%d9%88-%d8%a8
https://www.lacuisinedebernard.com/%d9%83%d8%b1%d8%a7%d8%aa-%d8%a7%d9%84%d9%85%d9%88%d8%b2%d8%a7%d8%b1%d9%8a%d9%84%d8%a7-%d8%a7%d9%84%d9%85%d8%ae%d8%a8%d9%88%d8%b2%d8%a9-%d9%85%d8%b9-%d8%a7%d9%84%d8%a8%d8%a7%d9%86%d9%83%d9%88-%d8%a8,https://staging.lacuisinedebernard.com/%d9%83%d8%b1%d8%a7%d8%aa-%d8%a7%d9%84%d9%85%d9%88%d8%b2%d8%a7%d8%b1%d9%8a%d9%84%d8%a7-%d8%a7%d9%84%d9%85%d8%ae%d8%a8%d9%88%d8%b2%d8%a9-%d9%85%d8%b9-%d8%a7%d9%84%d8%a8%d8%a7%d9%86%d9%83%d9%88-%d8%a8
https://www.lacuisinedebernard.com/%d9%83%d8%b1%d8%a7%d8%aa-%d8%a7%d9%84%d9%85%d9%88%d8%b2%d8%a7%d8%b1%d9%8a%d9%84%d8%a7-%d8%a7%d9%84%d9%85%d8%ae%d8%a8%d9%88%d8%b2%d8%a9-%d9%85%d8%b9-%d8%a7%d9%84%d8%a8%d8%a7%d9%86%d9%83%d9%88-%d8%a8/,https://staging.lacuisinedebernard.com/%d9%83%d8%b1%d8%a7%d8%aa-%d8%a7%d9%84%d9%85%d9%88%d8%b2%d8%a7%d8%b1%d9%8a%d9%84%d8%a7-%d8%a7%d9%84%d9%85%d8%ae%d8%a8%d9%88%d8%b2%d8%a9-%d9%85%d8%b9-%d8%a7%d9%84%d8%a8%d8%a7%d9%86%d9%83%d9%88-%d8%a8
https://lacuisinedebernard.com/extra-crispy-pork-belly,https://staging.lacuisinedebernard.com/extra-crispy-pork-belly
https://lacuisinedebernard.com/extra-crispy-pork-belly/,https://staging.lacuisinedebernard.com/extra-crispy-pork-belly
https://www.lacuisinedebernard.com/extra-crispy-pork-belly,https://staging.lacuisinedebernard.com/extra-crispy-pork-belly
https://www.lacuisinedebernard.com/extra-crispy-pork-belly/,https://staging.lacuisinedebernard.com/extra-crispy-pork-belly
https://lacuisinedebernard.com/barriga-de-porco-extra-crocante,https://staging.lacuisinedebernard.com/barriga-de-porco-extra-crocante
https://lacuisinedebernard.com/barriga-de-porco-extra-crocante/,https://staging.lacuisinedebernard.com/barriga-de-porco-extra-crocante
https://www.lacuisinedebernard.com/barriga-de-porco-extra-crocante,https://staging.lacuisinedebernard.com/barriga-de-porco-extra-crocante
https://www.lacuisinedebernard.com/barriga-de-porco-extra-crocante/,https://staging.lacuisinedebernard.com/barriga-de-porco-extra-crocante
https://lacuisinedebernard.com/bolinhas-de-mussarela-empanadas-com-panko-de-amendoim-e-maionese-de-wasabi,https://staging.lacuisinedebernard.com/bolinhas-de-mussarela-empanadas-com-panko-de-amendoim-e-maionese-de-wasabi
https://lacuisinedebernard.com/bolinhas-de-mussarela-empanadas-com-panko-de-amendoim-e-maionese-de-wasabi/,https://staging.lacuisinedebernard.com/bolinhas-de-mussarela-empanadas-com-panko-de-amendoim-e-maionese-de-wasabi
https://www.lacuisinedebernard.com/bolinhas-de-mussarela-empanadas-com-panko-de-amendoim-e-maionese-de-wasabi,https://staging.lacuisinedebernard.com/bolinhas-de-mussarela-empanadas-com-panko-de-amendoim-e-maionese-de-wasabi
https://www.lacuisinedebernard.com/bolinhas-de-mussarela-empanadas-com-panko-de-amendoim-e-maionese-de-wasabi/,https://staging.lacuisinedebernard.com/bolinhas-de-mussarela-empanadas-com-panko-de-amendoim-e-maionese-de-wasabi
https://lacuisinedebernard.com/%d8%b5%d9%84%d8%b5%d8%a9-%d8%a7%d9%84%d8%b2%d9%86%d8%ac%d8%a8%d9%8a%d9%84,https://staging.lacuisinedebernard.com/%d8%b5%d9%84%d8%b5%d8%a9-%d8%a7%d9%84%d8%b2%d9%86%d8%ac%d8%a8%d9%8a%d9%84
https://lacuisinedebernard.com/%d8%b5%d9%84%d8%b5%d8%a9-%d8%a7%d9%84%d8%b2%d9%86%d8%ac%d8%a8%d9%8a%d9%84/,https://staging.lacuisinedebernard.com/%d8%b5%d9%84%d8%b5%d8%a9-%d8%a7%d9%84%d8%b2%d9%86%d8%ac%d8%a8%d9%8a%d9%84
https://www.lacuisinedebernard.com/%d8%b5%d9%84%d8%b5%d8%a9-%d8%a7%d9%84%d8%b2%d9%86%d8%ac%d8%a8%d9%8a%d9%84,https://staging.lacuisinedebernard.com/%d8%b5%d9%84%d8%b5%d8%a9-%d8%a7%d9%84%d8%b2%d9%86%d8%ac%d8%a8%d9%8a%d9%84
https://www.lacuisinedebernard.com/%d8%b5%d9%84%d8%b5%d8%a9-%d8%a7%d9%84%d8%b2%d9%86%d8%ac%d8%a8%d9%8a%d9%84/,https://staging.lacuisinedebernard.com/%d8%b5%d9%84%d8%b5%d8%a9-%d8%a7%d9%84%d8%b2%d9%86%d8%ac%d8%a8%d9%8a%d9%84
https://lacuisinedebernard.com/molho-de-gengibre,https://staging.lacuisinedebernard.com/molho-de-gengibre
https://lacuisinedebernard.com/molho-de-gengibre/,https://staging.lacuisinedebernard.com/molho-de-gengibre
https://www.lacuisinedebernard.com/molho-de-gengibre,https://staging.lacuisinedebernard.com/molho-de-gengibre
https://www.lacuisinedebernard.com/molho-de-gengibre/,https://staging.lacuisinedebernard.com/molho-de-gengibre
https://lacuisinedebernard.com/tartelettes-fraise-creme-basilic-chocolat-blanc-chantilly-mascarpone-citron-vert,https://staging.lacuisinedebernard.com/tartelettes-fraise-creme-basilic-chocolat-blanc-chantilly-mascarpone-citron-vert
https://lacuisinedebernard.com/tartelettes-fraise-creme-basilic-chocolat-blanc-chantilly-mascarpone-citron-vert/,https://staging.lacuisinedebernard.com/tartelettes-fraise-creme-basilic-chocolat-blanc-chantilly-mascarpone-citron-vert
https://www.lacuisinedebernard.com/tartelettes-fraise-creme-basilic-chocolat-blanc-chantilly-mascarpone-citron-vert,https://staging.lacuisinedebernard.com/tartelettes-fraise-creme-basilic-chocolat-blanc-chantilly-mascarpone-citron-vert
https://www.lacuisinedebernard.com/tartelettes-fraise-creme-basilic-chocolat-blanc-chantilly-mascarpone-citron-vert/,https://staging.lacuisinedebernard.com/tartelettes-fraise-creme-basilic-chocolat-blanc-chantilly-mascarpone-citron-vert
https://lacuisinedebernard.com/sauce-gingembre,https://staging.lacuisinedebernard.com/sauce-gingembre
https://lacuisinedebernard.com/sauce-gingembre/,https://staging.lacuisinedebernard.com/sauce-gingembre
https://www.lacuisinedebernard.com/sauce-gingembre,https://staging.lacuisinedebernard.com/sauce-gingembre
https://www.lacuisinedebernard.com/sauce-gingembre/,https://staging.lacuisinedebernard.com/sauce-gingembre
https://lacuisinedebernard.com/billes-de-mozzarella-panees-panko-cacahuete-mayonnaise-au-wasabi,https://staging.lacuisinedebernard.com/billes-de-mozzarella-panees-panko-cacahuete-mayonnaise-au-wasabi
https://lacuisinedebernard.com/billes-de-mozzarella-panees-panko-cacahuete-mayonnaise-au-wasabi/,https://staging.lacuisinedebernard.com/billes-de-mozzarella-panees-panko-cacahuete-mayonnaise-au-wasabi
https://www.lacuisinedebernard.com/billes-de-mozzarella-panees-panko-cacahuete-mayonnaise-au-wasabi,https://staging.lacuisinedebernard.com/billes-de-mozzarella-panees-panko-cacahuete-mayonnaise-au-wasabi
https://www.lacuisinedebernard.com/billes-de-mozzarella-panees-panko-cacahuete-mayonnaise-au-wasabi/,https://staging.lacuisinedebernard.com/billes-de-mozzarella-panees-panko-cacahuete-mayonnaise-au-wasabi
https://lacuisinedebernard.com/kannelbullar-rollo-de-canela,https://staging.lacuisinedebernard.com/kannelbullar-rollo-de-canela
https://lacuisinedebernard.com/kannelbullar-rollo-de-canela/,https://staging.lacuisinedebernard.com/kannelbullar-rollo-de-canela
https://www.lacuisinedebernard.com/kannelbullar-rollo-de-canela,https://staging.lacuisinedebernard.com/kannelbullar-rollo-de-canela
https://www.lacuisinedebernard.com/kannelbullar-rollo-de-canela/,https://staging.lacuisinedebernard.com/kannelbullar-rollo-de-canela
https://lacuisinedebernard.com/sopa-de-lentilha-coral-tomate-e-leite-de-coco,https://staging.lacuisinedebernard.com/sopa-de-lentilha-coral-tomate-e-leite-de-coco
https://lacuisinedebernard.com/sopa-de-lentilha-coral-tomate-e-leite-de-coco/,https://staging.lacuisinedebernard.com/sopa-de-lentilha-coral-tomate-e-leite-de-coco
https://www.lacuisinedebernard.com/sopa-de-lentilha-coral-tomate-e-leite-de-coco,https://staging.lacuisinedebernard.com/sopa-de-lentilha-coral-tomate-e-leite-de-coco
https://www.lacuisinedebernard.com/sopa-de-lentilha-coral-tomate-e-leite-de-coco/,https://staging.lacuisinedebernard.com/sopa-de-lentilha-coral-tomate-e-leite-de-coco
https://lacuisinedebernard.com/coral-lentil-tomato-and-coconut-milk-soup,https://staging.lacuisinedebernard.com/coral-lentil-tomato-and-coconut-milk-soup
https://lacuisinedebernard.com/coral-lentil-tomato-and-coconut-milk-soup/,https://staging.lacuisinedebernard.com/coral-lentil-tomato-and-coconut-milk-soup
https://www.lacuisinedebernard.com/coral-lentil-tomato-and-coconut-milk-soup,https://staging.lacuisinedebernard.com/coral-lentil-tomato-and-coconut-milk-soup
https://www.lacuisinedebernard.com/coral-lentil-tomato-and-coconut-milk-soup/,https://staging.lacuisinedebernard.com/coral-lentil-tomato-and-coconut-milk-soup
https://lacuisinedebernard.com/pollo-crujiente-al-horno-con-salsa-dulce-y-picante,https://staging.lacuisinedebernard.com/pollo-crujiente-al-horno-con-salsa-dulce-y-picante
https://lacuisinedebernard.com/pollo-crujiente-al-horno-con-salsa-dulce-y-picante/,https://staging.lacuisinedebernard.com/pollo-crujiente-al-horno-con-salsa-dulce-y-picante
https://www.lacuisinedebernard.com/pollo-crujiente-al-horno-con-salsa-dulce-y-picante,https://staging.lacuisinedebernard.com/pollo-crujiente-al-horno-con-salsa-dulce-y-picante
https://www.lacuisinedebernard.com/pollo-crujiente-al-horno-con-salsa-dulce-y-picante/,https://staging.lacuisinedebernard.com/pollo-crujiente-al-horno-con-salsa-dulce-y-picante
https://lacuisinedebernard.com/%d8%b4%d9%88%d8%b1%d8%a8%d8%a9-%d8%a7%d9%84%d8%b9%d8%af%d8%b3-%d8%a7%d9%84%d9%85%d8%b1%d8%ac%d8%a7%d9%86%d9%8a%d8%8c-%d8%a7%d9%84%d8%b7%d9%85%d8%a7%d8%b7%d9%85-%d9%88%d8%ad%d9%84%d9%8a%d8%a8-%d8%ac,https://staging.lacuisinedebernard.com/%d8%b4%d9%88%d8%b1%d8%a8%d8%a9-%d8%a7%d9%84%d8%b9%d8%af%d8%b3-%d8%a7%d9%84%d9%85%d8%b1%d8%ac%d8%a7%d9%86%d9%8a%d8%8c-%d8%a7%d9%84%d8%b7%d9%85%d8%a7%d8%b7%d9%85-%d9%88%d8%ad%d9%84%d9%8a%d8%a8-%d8%ac
https://lacuisinedebernard.com/%d8%b4%d9%88%d8%b1%d8%a8%d8%a9-%d8%a7%d9%84%d8%b9%d8%af%d8%b3-%d8%a7%d9%84%d9%85%d8%b1%d8%ac%d8%a7%d9%86%d9%8a%d8%8c-%d8%a7%d9%84%d8%b7%d9%85%d8%a7%d8%b7%d9%85-%d9%88%d8%ad%d9%84%d9%8a%d8%a8-%d8%ac/,https://staging.lacuisinedebernard.com/%d8%b4%d9%88%d8%b1%d8%a8%d8%a9-%d8%a7%d9%84%d8%b9%d8%af%d8%b3-%d8%a7%d9%84%d9%85%d8%b1%d8%ac%d8%a7%d9%86%d9%8a%d8%8c-%d8%a7%d9%84%d8%b7%d9%85%d8%a7%d8%b7%d9%85-%d9%88%d8%ad%d9%84%d9%8a%d8%a8-%d8%ac
https://www.lacuisinedebernard.com/%d8%b4%d9%88%d8%b1%d8%a8%d8%a9-%d8%a7%d9%84%d8%b9%d8%af%d8%b3-%d8%a7%d9%84%d9%85%d8%b1%d8%ac%d8%a7%d9%86%d9%8a%d8%8c-%d8%a7%d9%84%d8%b7%d9%85%d8%a7%d8%b7%d9%85-%d9%88%d8%ad%d9%84%d9%8a%d8%a8-%d8%ac,https://staging.lacuisinedebernard.com/%d8%b4%d9%88%d8%b1%d8%a8%d8%a9-%d8%a7%d9%84%d8%b9%d8%af%d8%b3-%d8%a7%d9%84%d9%85%d8%b1%d8%ac%d8%a7%d9%86%d9%8a%d8%8c-%d8%a7%d9%84%d8%b7%d9%85%d8%a7%d8%b7%d9%85-%d9%88%d8%ad%d9%84%d9%8a%d8%a8-%d8%ac
https://www.lacuisinedebernard.com/%d8%b4%d9%88%d8%b1%d8%a8%d8%a9-%d8%a7%d9%84%d8%b9%d8%af%d8%b3-%d8%a7%d9%84%d9%85%d8%b1%d8%ac%d8%a7%d9%86%d9%8a%d8%8c-%d8%a7%d9%84%d8%b7%d9%85%d8%a7%d8%b7%d9%85-%d9%88%d8%ad%d9%84%d9%8a%d8%a8-%d8%ac/,https://staging.lacuisinedebernard.com/%d8%b4%d9%88%d8%b1%d8%a8%d8%a9-%d8%a7%d9%84%d8%b9%d8%af%d8%b3-%d8%a7%d9%84%d9%85%d8%b1%d8%ac%d8%a7%d9%86%d9%8a%d8%8c-%d8%a7%d9%84%d8%b7%d9%85%d8%a7%d8%b7%d9%85-%d9%88%d8%ad%d9%84%d9%8a%d8%a8-%d8%ac
https://lacuisinedebernard.com/%d9%83%d8%a7%d9%86%d9%8a%d9%84%d8%a8%d9%88%d9%84%d8%a7%d8%b1-%d8%b1%d9%88%d9%84-%d8%a7%d9%84%d9%82%d8%b1%d9%81%d8%a9,https://staging.lacuisinedebernard.com/%d9%83%d8%a7%d9%86%d9%8a%d9%84%d8%a8%d9%88%d9%84%d8%a7%d8%b1-%d8%b1%d9%88%d9%84-%d8%a7%d9%84%d9%82%d8%b1%d9%81%d8%a9
https://lacuisinedebernard.com/%d9%83%d8%a7%d9%86%d9%8a%d9%84%d8%a8%d9%88%d9%84%d8%a7%d8%b1-%d8%b1%d9%88%d9%84-%d8%a7%d9%84%d9%82%d8%b1%d9%81%d8%a9/,https://staging.lacuisinedebernard.com/%d9%83%d8%a7%d9%86%d9%8a%d9%84%d8%a8%d9%88%d9%84%d8%a7%d8%b1-%d8%b1%d9%88%d9%84-%d8%a7%d9%84%d9%82%d8%b1%d9%81%d8%a9
https://www.lacuisinedebernard.com/%d9%83%d8%a7%d9%86%d9%8a%d9%84%d8%a8%d9%88%d9%84%d8%a7%d8%b1-%d8%b1%d9%88%d9%84-%d8%a7%d9%84%d9%82%d8%b1%d9%81%d8%a9,https://staging.lacuisinedebernard.com/%d9%83%d8%a7%d9%86%d9%8a%d9%84%d8%a8%d9%88%d9%84%d8%a7%d8%b1-%d8%b1%d9%88%d9%84-%d8%a7%d9%84%d9%82%d8%b1%d9%81%d8%a9
https://www.lacuisinedebernard.com/%d9%83%d8%a7%d9%86%d9%8a%d9%84%d8%a8%d9%88%d9%84%d8%a7%d8%b1-%d8%b1%d9%88%d9%84-%d8%a7%d9%84%d9%82%d8%b1%d9%81%d8%a9/,https://staging.lacuisinedebernard.com/%d9%83%d8%a7%d9%86%d9%8a%d9%84%d8%a8%d9%88%d9%84%d8%a7%d8%b1-%d8%b1%d9%88%d9%84-%d8%a7%d9%84%d9%82%d8%b1%d9%81%d8%a9
https://lacuisinedebernard.com/frango-crocante-assado-em-flocos-de-milho-com-molho-doce-e-picante,https://staging.lacuisinedebernard.com/frango-crocante-assado-em-flocos-de-milho-com-molho-doce-e-picante
https://lacuisinedebernard.com/frango-crocante-assado-em-flocos-de-milho-com-molho-doce-e-picante/,https://staging.lacuisinedebernard.com/frango-crocante-assado-em-flocos-de-milho-com-molho-doce-e-picante
https://www.lacuisinedebernard.com/frango-crocante-assado-em-flocos-de-milho-com-molho-doce-e-picante,https://staging.lacuisinedebernard.com/frango-crocante-assado-em-flocos-de-milho-com-molho-doce-e-picante
https://www.lacuisinedebernard.com/frango-crocante-assado-em-flocos-de-milho-com-molho-doce-e-picante/,https://staging.lacuisinedebernard.com/frango-crocante-assado-em-flocos-de-milho-com-molho-doce-e-picante
https://lacuisinedebernard.com/kannelbullar-paozinho-de-canela,https://staging.lacuisinedebernard.com/kannelbullar-paozinho-de-canela
https://lacuisinedebernard.com/kannelbullar-paozinho-de-canela/,https://staging.lacuisinedebernard.com/kannelbullar-paozinho-de-canela
https://www.lacuisinedebernard.com/kannelbullar-paozinho-de-canela,https://staging.lacuisinedebernard.com/kannelbullar-paozinho-de-canela
https://www.lacuisinedebernard.com/kannelbullar-paozinho-de-canela/,https://staging.lacuisinedebernard.com/kannelbullar-paozinho-de-canela
https://lacuisinedebernard.com/crispy-chicken-with-baked-corn-flakes-sweet-and-spicy-sauce,https://staging.lacuisinedebernard.com/crispy-chicken-with-baked-corn-flakes-sweet-and-spicy-sauce
https://lacuisinedebernard.com/crispy-chicken-with-baked-corn-flakes-sweet-and-spicy-sauce/,https://staging.lacuisinedebernard.com/crispy-chicken-with-baked-corn-flakes-sweet-and-spicy-sauce
https://www.lacuisinedebernard.com/crispy-chicken-with-baked-corn-flakes-sweet-and-spicy-sauce,https://staging.lacuisinedebernard.com/crispy-chicken-with-baked-corn-flakes-sweet-and-spicy-sauce
https://www.lacuisinedebernard.com/crispy-chicken-with-baked-corn-flakes-sweet-and-spicy-sauce/,https://staging.lacuisinedebernard.com/crispy-chicken-with-baked-corn-flakes-sweet-and-spicy-sauce
https://lacuisinedebernard.com/kannelbullar-cinnamon-roll,https://staging.lacuisinedebernard.com/kannelbullar-cinnamon-roll
https://lacuisinedebernard.com/kannelbullar-cinnamon-roll/,https://staging.lacuisinedebernard.com/kannelbullar-cinnamon-roll
https://www.lacuisinedebernard.com/kannelbullar-cinnamon-roll,https://staging.lacuisinedebernard.com/kannelbullar-cinnamon-roll
https://www.lacuisinedebernard.com/kannelbullar-cinnamon-roll/,https://staging.lacuisinedebernard.com/kannelbullar-cinnamon-roll
https://lacuisinedebernard.com/%d8%af%d8%ac%d8%a7%d8%ac-%d9%85%d9%82%d8%b1%d9%85%d8%b4-%d9%85%d8%b9-%d8%b1%d9%82%d8%a7%d8%a6%d9%82-%d8%a7%d9%84%d8%b0%d8%b1%d8%a9-%d8%a7%d9%84%d9%85%d8%ae%d8%a8%d9%88%d8%b2%d8%a9%d8%8c-%d8%b5%d9%84,https://staging.lacuisinedebernard.com/%d8%af%d8%ac%d8%a7%d8%ac-%d9%85%d9%82%d8%b1%d9%85%d8%b4-%d9%85%d8%b9-%d8%b1%d9%82%d8%a7%d8%a6%d9%82-%d8%a7%d9%84%d8%b0%d8%b1%d8%a9-%d8%a7%d9%84%d9%85%d8%ae%d8%a8%d9%88%d8%b2%d8%a9%d8%8c-%d8%b5%d9%84
https://lacuisinedebernard.com/%d8%af%d8%ac%d8%a7%d8%ac-%d9%85%d9%82%d8%b1%d9%85%d8%b4-%d9%85%d8%b9-%d8%b1%d9%82%d8%a7%d8%a6%d9%82-%d8%a7%d9%84%d8%b0%d8%b1%d8%a9-%d8%a7%d9%84%d9%85%d8%ae%d8%a8%d9%88%d8%b2%d8%a9%d8%8c-%d8%b5%d9%84/,https://staging.lacuisinedebernard.com/%d8%af%d8%ac%d8%a7%d8%ac-%d9%85%d9%82%d8%b1%d9%85%d8%b4-%d9%85%d8%b9-%d8%b1%d9%82%d8%a7%d8%a6%d9%82-%d8%a7%d9%84%d8%b0%d8%b1%d8%a9-%d8%a7%d9%84%d9%85%d8%ae%d8%a8%d9%88%d8%b2%d8%a9%d8%8c-%d8%b5%d9%84
https://www.lacuisinedebernard.com/%d8%af%d8%ac%d8%a7%d8%ac-%d9%85%d9%82%d8%b1%d9%85%d8%b4-%d9%85%d8%b9-%d8%b1%d9%82%d8%a7%d8%a6%d9%82-%d8%a7%d9%84%d8%b0%d8%b1%d8%a9-%d8%a7%d9%84%d9%85%d8%ae%d8%a8%d9%88%d8%b2%d8%a9%d8%8c-%d8%b5%d9%84,https://staging.lacuisinedebernard.com/%d8%af%d8%ac%d8%a7%d8%ac-%d9%85%d9%82%d8%b1%d9%85%d8%b4-%d9%85%d8%b9-%d8%b1%d9%82%d8%a7%d8%a6%d9%82-%d8%a7%d9%84%d8%b0%d8%b1%d8%a9-%d8%a7%d9%84%d9%85%d8%ae%d8%a8%d9%88%d8%b2%d8%a9%d8%8c-%d8%b5%d9%84
https://www.lacuisinedebernard.com/%d8%af%d8%ac%d8%a7%d8%ac-%d9%85%d9%82%d8%b1%d9%85%d8%b4-%d9%85%d8%b9-%d8%b1%d9%82%d8%a7%d8%a6%d9%82-%d8%a7%d9%84%d8%b0%d8%b1%d8%a9-%d8%a7%d9%84%d9%85%d8%ae%d8%a8%d9%88%d8%b2%d8%a9%d8%8c-%d8%b5%d9%84/,https://staging.lacuisinedebernard.com/%d8%af%d8%ac%d8%a7%d8%ac-%d9%85%d9%82%d8%b1%d9%85%d8%b4-%d9%85%d8%b9-%d8%b1%d9%82%d8%a7%d8%a6%d9%82-%d8%a7%d9%84%d8%b0%d8%b1%d8%a9-%d8%a7%d9%84%d9%85%d8%ae%d8%a8%d9%88%d8%b2%d8%a9%d8%8c-%d8%b5%d9%84
https://lacuisinedebernard.com/sopa-coral-de-lentejas-tomate-y-leche-de-coco,https://staging.lacuisinedebernard.com/sopa-coral-de-lentejas-tomate-y-leche-de-coco
https://lacuisinedebernard.com/sopa-coral-de-lentejas-tomate-y-leche-de-coco/,https://staging.lacuisinedebernard.com/sopa-coral-de-lentejas-tomate-y-leche-de-coco
https://www.lacuisinedebernard.com/sopa-coral-de-lentejas-tomate-y-leche-de-coco,https://staging.lacuisinedebernard.com/sopa-coral-de-lentejas-tomate-y-leche-de-coco
https://www.lacuisinedebernard.com/sopa-coral-de-lentejas-tomate-y-leche-de-coco/,https://staging.lacuisinedebernard.com/sopa-coral-de-lentejas-tomate-y-leche-de-coco
https://lacuisinedebernard.com/%d8%b7%d9%85%d8%a7%d8%b7%d9%85-%d9%85%d8%ac%d9%81%d9%81%d8%a9-%d9%88%d8%ad%d9%85%d8%b5-%d8%a8%d8%a7%d9%84%d8%b1%d9%8a%d8%ad%d8%a7%d9%86,https://staging.lacuisinedebernard.com/%d8%b7%d9%85%d8%a7%d8%b7%d9%85-%d9%85%d8%ac%d9%81%d9%81%d8%a9-%d9%88%d8%ad%d9%85%d8%b5-%d8%a8%d8%a7%d9%84%d8%b1%d9%8a%d8%ad%d8%a7%d9%86
https://lacuisinedebernard.com/%d8%b7%d9%85%d8%a7%d8%b7%d9%85-%d9%85%d8%ac%d9%81%d9%81%d8%a9-%d9%88%d8%ad%d9%85%d8%b5-%d8%a8%d8%a7%d9%84%d8%b1%d9%8a%d8%ad%d8%a7%d9%86/,https://staging.lacuisinedebernard.com/%d8%b7%d9%85%d8%a7%d8%b7%d9%85-%d9%85%d8%ac%d9%81%d9%81%d8%a9-%d9%88%d8%ad%d9%85%d8%b5-%d8%a8%d8%a7%d9%84%d8%b1%d9%8a%d8%ad%d8%a7%d9%86
https://www.lacuisinedebernard.com/%d8%b7%d9%85%d8%a7%d8%b7%d9%85-%d9%85%d8%ac%d9%81%d9%81%d8%a9-%d9%88%d8%ad%d9%85%d8%b5-%d8%a8%d8%a7%d9%84%d8%b1%d9%8a%d8%ad%d8%a7%d9%86,https://staging.lacuisinedebernard.com/%d8%b7%d9%85%d8%a7%d8%b7%d9%85-%d9%85%d8%ac%d9%81%d9%81%d8%a9-%d9%88%d8%ad%d9%85%d8%b5-%d8%a8%d8%a7%d9%84%d8%b1%d9%8a%d8%ad%d8%a7%d9%86
https://www.lacuisinedebernard.com/%d8%b7%d9%85%d8%a7%d8%b7%d9%85-%d9%85%d8%ac%d9%81%d9%81%d8%a9-%d9%88%d8%ad%d9%85%d8%b5-%d8%a8%d8%a7%d9%84%d8%b1%d9%8a%d8%ad%d8%a7%d9%86/,https://staging.lacuisinedebernard.com/%d8%b7%d9%85%d8%a7%d8%b7%d9%85-%d9%85%d8%ac%d9%81%d9%81%d8%a9-%d9%88%d8%ad%d9%85%d8%b5-%d8%a8%d8%a7%d9%84%d8%b1%d9%8a%d8%ad%d8%a7%d9%86
https://lacuisinedebernard.com/bolo-de-pistache-e-amendoas,https://staging.lacuisinedebernard.com/bolo-de-pistache-e-amendoas
https://lacuisinedebernard.com/bolo-de-pistache-e-amendoas/,https://staging.lacuisinedebernard.com/bolo-de-pistache-e-amendoas
https://www.lacuisinedebernard.com/bolo-de-pistache-e-amendoas,https://staging.lacuisinedebernard.com/bolo-de-pistache-e-amendoas
https://www.lacuisinedebernard.com/bolo-de-pistache-e-amendoas/,https://staging.lacuisinedebernard.com/bolo-de-pistache-e-amendoas
https://lacuisinedebernard.com/avelas-crocantes-de-chocolate-branco-ao-leite-ou-amargo,https://staging.lacuisinedebernard.com/avelas-crocantes-de-chocolate-branco-ao-leite-ou-amargo
https://lacuisinedebernard.com/avelas-crocantes-de-chocolate-branco-ao-leite-ou-amargo/,https://staging.lacuisinedebernard.com/avelas-crocantes-de-chocolate-branco-ao-leite-ou-amargo
https://www.lacuisinedebernard.com/avelas-crocantes-de-chocolate-branco-ao-leite-ou-amargo,https://staging.lacuisinedebernard.com/avelas-crocantes-de-chocolate-branco-ao-leite-ou-amargo
https://www.lacuisinedebernard.com/avelas-crocantes-de-chocolate-branco-ao-leite-ou-amargo/,https://staging.lacuisinedebernard.com/avelas-crocantes-de-chocolate-branco-ao-leite-ou-amargo
https://lacuisinedebernard.com/savoury-cake-with-morbier-cheese-parsley-and-hazelnuts,https://staging.lacuisinedebernard.com/savoury-cake-with-morbier-cheese-parsley-and-hazelnuts
https://lacuisinedebernard.com/savoury-cake-with-morbier-cheese-parsley-and-hazelnuts/,https://staging.lacuisinedebernard.com/savoury-cake-with-morbier-cheese-parsley-and-hazelnuts
https://www.lacuisinedebernard.com/savoury-cake-with-morbier-cheese-parsley-and-hazelnuts,https://staging.lacuisinedebernard.com/savoury-cake-with-morbier-cheese-parsley-and-hazelnuts
https://www.lacuisinedebernard.com/savoury-cake-with-morbier-cheese-parsley-and-hazelnuts/,https://staging.lacuisinedebernard.com/savoury-cake-with-morbier-cheese-parsley-and-hazelnuts
https://lacuisinedebernard.com/pistachio-almond-cake,https://staging.lacuisinedebernard.com/pistachio-almond-cake
https://lacuisinedebernard.com/pistachio-almond-cake/,https://staging.lacuisinedebernard.com/pistachio-almond-cake
https://www.lacuisinedebernard.com/pistachio-almond-cake,https://staging.lacuisinedebernard.com/pistachio-almond-cake
https://www.lacuisinedebernard.com/pistachio-almond-cake/,https://staging.lacuisinedebernard.com/pistachio-almond-cake
https://lacuisinedebernard.com/crunchy-chocolate-hazelnuts-white-milk-or-dark,https://staging.lacuisinedebernard.com/crunchy-chocolate-hazelnuts-white-milk-or-dark
https://lacuisinedebernard.com/crunchy-chocolate-hazelnuts-white-milk-or-dark/,https://staging.lacuisinedebernard.com/crunchy-chocolate-hazelnuts-white-milk-or-dark
https://www.lacuisinedebernard.com/crunchy-chocolate-hazelnuts-white-milk-or-dark,https://staging.lacuisinedebernard.com/crunchy-chocolate-hazelnuts-white-milk-or-dark
https://www.lacuisinedebernard.com/crunchy-chocolate-hazelnuts-white-milk-or-dark/,https://staging.lacuisinedebernard.com/crunchy-chocolate-hazelnuts-white-milk-or-dark
https://lacuisinedebernard.com/%d9%83%d9%8a%d9%83%d8%a9-%d8%a7%d9%84%d9%84%d9%88%d8%b2-%d9%88%d8%a7%d9%84%d9%81%d8%b3%d8%aa%d9%82,https://staging.lacuisinedebernard.com/%d9%83%d9%8a%d9%83%d8%a9-%d8%a7%d9%84%d9%84%d9%88%d8%b2-%d9%88%d8%a7%d9%84%d9%81%d8%b3%d8%aa%d9%82
https://lacuisinedebernard.com/%d9%83%d9%8a%d9%83%d8%a9-%d8%a7%d9%84%d9%84%d9%88%d8%b2-%d9%88%d8%a7%d9%84%d9%81%d8%b3%d8%aa%d9%82/,https://staging.lacuisinedebernard.com/%d9%83%d9%8a%d9%83%d8%a9-%d8%a7%d9%84%d9%84%d9%88%d8%b2-%d9%88%d8%a7%d9%84%d9%81%d8%b3%d8%aa%d9%82
https://www.lacuisinedebernard.com/%d9%83%d9%8a%d9%83%d8%a9-%d8%a7%d9%84%d9%84%d9%88%d8%b2-%d9%88%d8%a7%d9%84%d9%81%d8%b3%d8%aa%d9%82,https://staging.lacuisinedebernard.com/%d9%83%d9%8a%d9%83%d8%a9-%d8%a7%d9%84%d9%84%d9%88%d8%b2-%d9%88%d8%a7%d9%84%d9%81%d8%b3%d8%aa%d9%82
https://www.lacuisinedebernard.com/%d9%83%d9%8a%d9%83%d8%a9-%d8%a7%d9%84%d9%84%d9%88%d8%b2-%d9%88%d8%a7%d9%84%d9%81%d8%b3%d8%aa%d9%82/,https://staging.lacuisinedebernard.com/%d9%83%d9%8a%d9%83%d8%a9-%d8%a7%d9%84%d9%84%d9%88%d8%b2-%d9%88%d8%a7%d9%84%d9%81%d8%b3%d8%aa%d9%82
https://lacuisinedebernard.com/gnocchi-con-espinacas,https://staging.lacuisinedebernard.com/gnocchi-con-espinacas
https://lacuisinedebernard.com/gnocchi-con-espinacas/,https://staging.lacuisinedebernard.com/gnocchi-con-espinacas
https://www.lacuisinedebernard.com/gnocchi-con-espinacas,https://staging.lacuisinedebernard.com/gnocchi-con-espinacas
https://www.lacuisinedebernard.com/gnocchi-con-espinacas/,https://staging.lacuisinedebernard.com/gnocchi-con-espinacas
https://lacuisinedebernard.com/hummus-de-tomate-seco-y-albahaca,https://staging.lacuisinedebernard.com/hummus-de-tomate-seco-y-albahaca
https://lacuisinedebernard.com/hummus-de-tomate-seco-y-albahaca/,https://staging.lacuisinedebernard.com/hummus-de-tomate-seco-y-albahaca
https://www.lacuisinedebernard.com/hummus-de-tomate-seco-y-albahaca,https://staging.lacuisinedebernard.com/hummus-de-tomate-seco-y-albahaca
https://www.lacuisinedebernard.com/hummus-de-tomate-seco-y-albahaca/,https://staging.lacuisinedebernard.com/hummus-de-tomate-seco-y-albahaca
https://lacuisinedebernard.com/%d8%ac%d9%86%d9%88%d9%83%d8%aa%d8%b4%d9%8a-%d8%a7%d9%84%d8%b3%d8%a8%d8%a7%d9%86%d8%ae,https://staging.lacuisinedebernard.com/%d8%ac%d9%86%d9%88%d9%83%d8%aa%d8%b4%d9%8a-%d8%a7%d9%84%d8%b3%d8%a8%d8%a7%d9%86%d8%ae
https://lacuisinedebernard.com/%d8%ac%d9%86%d9%88%d9%83%d8%aa%d8%b4%d9%8a-%d8%a7%d9%84%d8%b3%d8%a8%d8%a7%d9%86%d8%ae/,https://staging.lacuisinedebernard.com/%d8%ac%d9%86%d9%88%d9%83%d8%aa%d8%b4%d9%8a-%d8%a7%d9%84%d8%b3%d8%a8%d8%a7%d9%86%d8%ae
https://www.lacuisinedebernard.com/%d8%ac%d9%86%d9%88%d9%83%d8%aa%d8%b4%d9%8a-%d8%a7%d9%84%d8%b3%d8%a8%d8%a7%d9%86%d8%ae,https://staging.lacuisinedebernard.com/%d8%ac%d9%86%d9%88%d9%83%d8%aa%d8%b4%d9%8a-%d8%a7%d9%84%d8%b3%d8%a8%d8%a7%d9%86%d8%ae
https://www.lacuisinedebernard.com/%d8%ac%d9%86%d9%88%d9%83%d8%aa%d8%b4%d9%8a-%d8%a7%d9%84%d8%b3%d8%a8%d8%a7%d9%86%d8%ae/,https://staging.lacuisinedebernard.com/%d8%ac%d9%86%d9%88%d9%83%d8%aa%d8%b4%d9%8a-%d8%a7%d9%84%d8%b3%d8%a8%d8%a7%d9%86%d8%ae
https://lacuisinedebernard.com/%d8%a7%d9%84%d8%a8%d9%86%d8%af%d9%82-%d8%a7%d9%84%d9%85%d9%82%d8%b1%d9%85%d8%b4-%d9%85%d8%b9-%d8%a7%d9%84%d8%b4%d9%88%d9%83%d9%88%d9%84%d8%a7%d8%aa%d8%a9-%d8%a7%d9%84%d8%a3%d8%a8%d9%8a%d8%b6-%d8%a3,https://staging.lacuisinedebernard.com/%d8%a7%d9%84%d8%a8%d9%86%d8%af%d9%82-%d8%a7%d9%84%d9%85%d9%82%d8%b1%d9%85%d8%b4-%d9%85%d8%b9-%d8%a7%d9%84%d8%b4%d9%88%d9%83%d9%88%d9%84%d8%a7%d8%aa%d8%a9-%d8%a7%d9%84%d8%a3%d8%a8%d9%8a%d8%b6-%d8%a3
https://lacuisinedebernard.com/%d8%a7%d9%84%d8%a8%d9%86%d8%af%d9%82-%d8%a7%d9%84%d9%85%d9%82%d8%b1%d9%85%d8%b4-%d9%85%d8%b9-%d8%a7%d9%84%d8%b4%d9%88%d9%83%d9%88%d9%84%d8%a7%d8%aa%d8%a9-%d8%a7%d9%84%d8%a3%d8%a8%d9%8a%d8%b6-%d8%a3/,https://staging.lacuisinedebernard.com/%d8%a7%d9%84%d8%a8%d9%86%d8%af%d9%82-%d8%a7%d9%84%d9%85%d9%82%d8%b1%d9%85%d8%b4-%d9%85%d8%b9-%d8%a7%d9%84%d8%b4%d9%88%d9%83%d9%88%d9%84%d8%a7%d8%aa%d8%a9-%d8%a7%d9%84%d8%a3%d8%a8%d9%8a%d8%b6-%d8%a3
https://www.lacuisinedebernard.com/%d8%a7%d9%84%d8%a8%d9%86%d8%af%d9%82-%d8%a7%d9%84%d9%85%d9%82%d8%b1%d9%85%d8%b4-%d9%85%d8%b9-%d8%a7%d9%84%d8%b4%d9%88%d9%83%d9%88%d9%84%d8%a7%d8%aa%d8%a9-%d8%a7%d9%84%d8%a3%d8%a8%d9%8a%d8%b6-%d8%a3,https://staging.lacuisinedebernard.com/%d8%a7%d9%84%d8%a8%d9%86%d8%af%d9%82-%d8%a7%d9%84%d9%85%d9%82%d8%b1%d9%85%d8%b4-%d9%85%d8%b9-%d8%a7%d9%84%d8%b4%d9%88%d9%83%d9%88%d9%84%d8%a7%d8%aa%d8%a9-%d8%a7%d9%84%d8%a3%d8%a8%d9%8a%d8%b6-%d8%a3
https://www.lacuisinedebernard.com/%d8%a7%d9%84%d8%a8%d9%86%d8%af%d9%82-%d8%a7%d9%84%d9%85%d9%82%d8%b1%d9%85%d8%b4-%d9%85%d8%b9-%d8%a7%d9%84%d8%b4%d9%88%d9%83%d9%88%d9%84%d8%a7%d8%aa%d8%a9-%d8%a7%d9%84%d8%a3%d8%a8%d9%8a%d8%b6-%d8%a3/,https://staging.lacuisinedebernard.com/%d8%a7%d9%84%d8%a8%d9%86%d8%af%d9%82-%d8%a7%d9%84%d9%85%d9%82%d8%b1%d9%85%d8%b4-%d9%85%d8%b9-%d8%a7%d9%84%d8%b4%d9%88%d9%83%d9%88%d9%84%d8%a7%d8%aa%d8%a9-%d8%a7%d9%84%d8%a3%d8%a8%d9%8a%d8%b6-%d8%a3
https://lacuisinedebernard.com/humus-de-tomate-seco-e-manjericao,https://staging.lacuisinedebernard.com/humus-de-tomate-seco-e-manjericao
https://lacuisinedebernard.com/humus-de-tomate-seco-e-manjericao/,https://staging.lacuisinedebernard.com/humus-de-tomate-seco-e-manjericao
https://www.lacuisinedebernard.com/humus-de-tomate-seco-e-manjericao,https://staging.lacuisinedebernard.com/humus-de-tomate-seco-e-manjericao
https://www.lacuisinedebernard.com/humus-de-tomate-seco-e-manjericao/,https://staging.lacuisinedebernard.com/humus-de-tomate-seco-e-manjericao
https://lacuisinedebernard.com/%d9%83%d8%a7%d8%b3%d8%aa%d8%a7%d9%86%d9%8a%d8%a7%d8%aa%d8%b4%d9%8a%d9%88,https://staging.lacuisinedebernard.com/%d9%83%d8%a7%d8%b3%d8%aa%d8%a7%d9%86%d9%8a%d8%a7%d8%aa%d8%b4%d9%8a%d9%88
https://lacuisinedebernard.com/%d9%83%d8%a7%d8%b3%d8%aa%d8%a7%d9%86%d9%8a%d8%a7%d8%aa%d8%b4%d9%8a%d9%88/,https://staging.lacuisinedebernard.com/%d9%83%d8%a7%d8%b3%d8%aa%d8%a7%d9%86%d9%8a%d8%a7%d8%aa%d8%b4%d9%8a%d9%88
https://www.lacuisinedebernard.com/%d9%83%d8%a7%d8%b3%d8%aa%d8%a7%d9%86%d9%8a%d8%a7%d8%aa%d8%b4%d9%8a%d9%88,https://staging.lacuisinedebernard.com/%d9%83%d8%a7%d8%b3%d8%aa%d8%a7%d9%86%d9%8a%d8%a7%d8%aa%d8%b4%d9%8a%d9%88
https://www.lacuisinedebernard.com/%d9%83%d8%a7%d8%b3%d8%aa%d8%a7%d9%86%d9%8a%d8%a7%d8%aa%d8%b4%d9%8a%d9%88/,https://staging.lacuisinedebernard.com/%d9%83%d8%a7%d8%b3%d8%aa%d8%a7%d9%86%d9%8a%d8%a7%d8%aa%d8%b4%d9%8a%d9%88
https://lacuisinedebernard.com/sundried-tomato-and-basil-hummus,https://staging.lacuisinedebernard.com/sundried-tomato-and-basil-hummus
https://lacuisinedebernard.com/sundried-tomato-and-basil-hummus/,https://staging.lacuisinedebernard.com/sundried-tomato-and-basil-hummus
https://www.lacuisinedebernard.com/sundried-tomato-and-basil-hummus,https://staging.lacuisinedebernard.com/sundried-tomato-and-basil-hummus
https://www.lacuisinedebernard.com/sundried-tomato-and-basil-hummus/,https://staging.lacuisinedebernard.com/sundried-tomato-and-basil-hummus
https://lacuisinedebernard.com/castagnaccio,https://staging.lacuisinedebernard.com/castagnaccio
https://lacuisinedebernard.com/castagnaccio/,https://staging.lacuisinedebernard.com/castagnaccio
https://www.lacuisinedebernard.com/castagnaccio,https://staging.lacuisinedebernard.com/castagnaccio
https://www.lacuisinedebernard.com/castagnaccio/,https://staging.lacuisinedebernard.com/castagnaccio
https://lacuisinedebernard.com/pastel-salado-con-queso-morbier-perejil-y-avellanas,https://staging.lacuisinedebernard.com/pastel-salado-con-queso-morbier-perejil-y-avellanas
https://lacuisinedebernard.com/pastel-salado-con-queso-morbier-perejil-y-avellanas/,https://staging.lacuisinedebernard.com/pastel-salado-con-queso-morbier-perejil-y-avellanas
https://www.lacuisinedebernard.com/pastel-salado-con-queso-morbier-perejil-y-avellanas,https://staging.lacuisinedebernard.com/pastel-salado-con-queso-morbier-perejil-y-avellanas
https://www.lacuisinedebernard.com/pastel-salado-con-queso-morbier-perejil-y-avellanas/,https://staging.lacuisinedebernard.com/pastel-salado-con-queso-morbier-perejil-y-avellanas
https://lacuisinedebernard.com/nhoque-com-espinafre,https://staging.lacuisinedebernard.com/nhoque-com-espinafre
https://lacuisinedebernard.com/nhoque-com-espinafre/,https://staging.lacuisinedebernard.com/nhoque-com-espinafre
https://www.lacuisinedebernard.com/nhoque-com-espinafre,https://staging.lacuisinedebernard.com/nhoque-com-espinafre
https://www.lacuisinedebernard.com/nhoque-com-espinafre/,https://staging.lacuisinedebernard.com/nhoque-com-espinafre
https://lacuisinedebernard.com/bolo-saboroso-com-queijo-morbier-salsa-e-avelas,https://staging.lacuisinedebernard.com/bolo-saboroso-com-queijo-morbier-salsa-e-avelas
https://lacuisinedebernard.com/bolo-saboroso-com-queijo-morbier-salsa-e-avelas/,https://staging.lacuisinedebernard.com/bolo-saboroso-com-queijo-morbier-salsa-e-avelas
https://www.lacuisinedebernard.com/bolo-saboroso-com-queijo-morbier-salsa-e-avelas,https://staging.lacuisinedebernard.com/bolo-saboroso-com-queijo-morbier-salsa-e-avelas
https://www.lacuisinedebernard.com/bolo-saboroso-com-queijo-morbier-salsa-e-avelas/,https://staging.lacuisinedebernard.com/bolo-saboroso-com-queijo-morbier-salsa-e-avelas
https://lacuisinedebernard.com/tarta-de-almendra-y-pistacho,https://staging.lacuisinedebernard.com/tarta-de-almendra-y-pistacho
https://lacuisinedebernard.com/tarta-de-almendra-y-pistacho/,https://staging.lacuisinedebernard.com/tarta-de-almendra-y-pistacho
https://www.lacuisinedebernard.com/tarta-de-almendra-y-pistacho,https://staging.lacuisinedebernard.com/tarta-de-almendra-y-pistacho
https://www.lacuisinedebernard.com/tarta-de-almendra-y-pistacho/,https://staging.lacuisinedebernard.com/tarta-de-almendra-y-pistacho
https://lacuisinedebernard.com/avellanas-crujientes-de-chocolate-blanco-con-leche-o-negro,https://staging.lacuisinedebernard.com/avellanas-crujientes-de-chocolate-blanco-con-leche-o-negro
https://lacuisinedebernard.com/avellanas-crujientes-de-chocolate-blanco-con-leche-o-negro/,https://staging.lacuisinedebernard.com/avellanas-crujientes-de-chocolate-blanco-con-leche-o-negro
https://www.lacuisinedebernard.com/avellanas-crujientes-de-chocolate-blanco-con-leche-o-negro,https://staging.lacuisinedebernard.com/avellanas-crujientes-de-chocolate-blanco-con-leche-o-negro
https://www.lacuisinedebernard.com/avellanas-crujientes-de-chocolate-blanco-con-leche-o-negro/,https://staging.lacuisinedebernard.com/avellanas-crujientes-de-chocolate-blanco-con-leche-o-negro
https://lacuisinedebernard.com/gnocchi-with-spinach,https://staging.lacuisinedebernard.com/gnocchi-with-spinach
https://lacuisinedebernard.com/gnocchi-with-spinach/,https://staging.lacuisinedebernard.com/gnocchi-with-spinach
https://www.lacuisinedebernard.com/gnocchi-with-spinach,https://staging.lacuisinedebernard.com/gnocchi-with-spinach
https://www.lacuisinedebernard.com/gnocchi-with-spinach/,https://staging.lacuisinedebernard.com/gnocchi-with-spinach
https://lacuisinedebernard.com/%d9%83%d8%b9%d9%83%d8%a9-%d9%84%d8%b0%d9%8a%d8%b0%d8%a9-%d9%85%d8%b9-%d9%85%d9%88%d8%b1%d8%a8%d9%8a%d8%b1%d8%8c-%d8%a8%d9%82%d8%af%d9%88%d9%86%d8%b3-%d9%88%d8%a8%d9%86%d8%af%d9%82,https://staging.lacuisinedebernard.com/%d9%83%d8%b9%d9%83%d8%a9-%d9%84%d8%b0%d9%8a%d8%b0%d8%a9-%d9%85%d8%b9-%d9%85%d9%88%d8%b1%d8%a8%d9%8a%d8%b1%d8%8c-%d8%a8%d9%82%d8%af%d9%88%d9%86%d8%b3-%d9%88%d8%a8%d9%86%d8%af%d9%82
https://lacuisinedebernard.com/%d9%83%d8%b9%d9%83%d8%a9-%d9%84%d8%b0%d9%8a%d8%b0%d8%a9-%d9%85%d8%b9-%d9%85%d9%88%d8%b1%d8%a8%d9%8a%d8%b1%d8%8c-%d8%a8%d9%82%d8%af%d9%88%d9%86%d8%b3-%d9%88%d8%a8%d9%86%d8%af%d9%82/,https://staging.lacuisinedebernard.com/%d9%83%d8%b9%d9%83%d8%a9-%d9%84%d8%b0%d9%8a%d8%b0%d8%a9-%d9%85%d8%b9-%d9%85%d9%88%d8%b1%d8%a8%d9%8a%d8%b1%d8%8c-%d8%a8%d9%82%d8%af%d9%88%d9%86%d8%b3-%d9%88%d8%a8%d9%86%d8%af%d9%82
https://www.lacuisinedebernard.com/%d9%83%d8%b9%d9%83%d8%a9-%d9%84%d8%b0%d9%8a%d8%b0%d8%a9-%d9%85%d8%b9-%d9%85%d9%88%d8%b1%d8%a8%d9%8a%d8%b1%d8%8c-%d8%a8%d9%82%d8%af%d9%88%d9%86%d8%b3-%d9%88%d8%a8%d9%86%d8%af%d9%82,https://staging.lacuisinedebernard.com/%d9%83%d8%b9%d9%83%d8%a9-%d9%84%d8%b0%d9%8a%d8%b0%d8%a9-%d9%85%d8%b9-%d9%85%d9%88%d8%b1%d8%a8%d9%8a%d8%b1%d8%8c-%d8%a8%d9%82%d8%af%d9%88%d9%86%d8%b3-%d9%88%d8%a8%d9%86%d8%af%d9%82
https://www.lacuisinedebernard.com/%d9%83%d8%b9%d9%83%d8%a9-%d9%84%d8%b0%d9%8a%d8%b0%d8%a9-%d9%85%d8%b9-%d9%85%d9%88%d8%b1%d8%a8%d9%8a%d8%b1%d8%8c-%d8%a8%d9%82%d8%af%d9%88%d9%86%d8%b3-%d9%88%d8%a8%d9%86%d8%af%d9%82/,https://staging.lacuisinedebernard.com/%d9%83%d8%b9%d9%83%d8%a9-%d9%84%d8%b0%d9%8a%d8%b0%d8%a9-%d9%85%d8%b9-%d9%85%d9%88%d8%b1%d8%a8%d9%8a%d8%b1%d8%8c-%d8%a8%d9%82%d8%af%d9%88%d9%86%d8%b3-%d9%88%d8%a8%d9%86%d8%af%d9%82
https://lacuisinedebernard.com/fondant-de-ultra-chocolate-con-almendras-tostadas,https://staging.lacuisinedebernard.com/fondant-de-ultra-chocolate-con-almendras-tostadas
https://lacuisinedebernard.com/fondant-de-ultra-chocolate-con-almendras-tostadas/,https://staging.lacuisinedebernard.com/fondant-de-ultra-chocolate-con-almendras-tostadas
https://www.lacuisinedebernard.com/fondant-de-ultra-chocolate-con-almendras-tostadas,https://staging.lacuisinedebernard.com/fondant-de-ultra-chocolate-con-almendras-tostadas
https://www.lacuisinedebernard.com/fondant-de-ultra-chocolate-con-almendras-tostadas/,https://staging.lacuisinedebernard.com/fondant-de-ultra-chocolate-con-almendras-tostadas
https://lacuisinedebernard.com/orange-and-almond-fondant-cake,https://staging.lacuisinedebernard.com/orange-and-almond-fondant-cake
https://lacuisinedebernard.com/orange-and-almond-fondant-cake/,https://staging.lacuisinedebernard.com/orange-and-almond-fondant-cake
https://www.lacuisinedebernard.com/orange-and-almond-fondant-cake,https://staging.lacuisinedebernard.com/orange-and-almond-fondant-cake
https://www.lacuisinedebernard.com/orange-and-almond-fondant-cake/,https://staging.lacuisinedebernard.com/orange-and-almond-fondant-cake
https://lacuisinedebernard.com/%d9%81%d9%88%d9%86%d8%af%d8%a7%d9%86-%d8%b4%d9%88%d9%83%d9%88%d9%84%d8%a7%d8%aa%d8%a9-%d8%a7%d9%84%d8%aa%d8%b1%d8%a7-%d9%88%d9%84%d9%88%d8%b2-%d9%85%d8%ad%d9%85%d8%b5,https://staging.lacuisinedebernard.com/%d9%81%d9%88%d9%86%d8%af%d8%a7%d9%86-%d8%b4%d9%88%d9%83%d9%88%d9%84%d8%a7%d8%aa%d8%a9-%d8%a7%d9%84%d8%aa%d8%b1%d8%a7-%d9%88%d9%84%d9%88%d8%b2-%d9%85%d8%ad%d9%85%d8%b5
https://lacuisinedebernard.com/%d9%81%d9%88%d9%86%d8%af%d8%a7%d9%86-%d8%b4%d9%88%d9%83%d9%88%d9%84%d8%a7%d8%aa%d8%a9-%d8%a7%d9%84%d8%aa%d8%b1%d8%a7-%d9%88%d9%84%d9%88%d8%b2-%d9%85%d8%ad%d9%85%d8%b5/,https://staging.lacuisinedebernard.com/%d9%81%d9%88%d9%86%d8%af%d8%a7%d9%86-%d8%b4%d9%88%d9%83%d9%88%d9%84%d8%a7%d8%aa%d8%a9-%d8%a7%d9%84%d8%aa%d8%b1%d8%a7-%d9%88%d9%84%d9%88%d8%b2-%d9%85%d8%ad%d9%85%d8%b5
https://www.lacuisinedebernard.com/%d9%81%d9%88%d9%86%d8%af%d8%a7%d9%86-%d8%b4%d9%88%d9%83%d9%88%d9%84%d8%a7%d8%aa%d8%a9-%d8%a7%d9%84%d8%aa%d8%b1%d8%a7-%d9%88%d9%84%d9%88%d8%b2-%d9%85%d8%ad%d9%85%d8%b5,https://staging.lacuisinedebernard.com/%d9%81%d9%88%d9%86%d8%af%d8%a7%d9%86-%d8%b4%d9%88%d9%83%d9%88%d9%84%d8%a7%d8%aa%d8%a9-%d8%a7%d9%84%d8%aa%d8%b1%d8%a7-%d9%88%d9%84%d9%88%d8%b2-%d9%85%d8%ad%d9%85%d8%b5
https://www.lacuisinedebernard.com/%d9%81%d9%88%d9%86%d8%af%d8%a7%d9%86-%d8%b4%d9%88%d9%83%d9%88%d9%84%d8%a7%d8%aa%d8%a9-%d8%a7%d9%84%d8%aa%d8%b1%d8%a7-%d9%88%d9%84%d9%88%d8%b2-%d9%85%d8%ad%d9%85%d8%b5/,https://staging.lacuisinedebernard.com/%d9%81%d9%88%d9%86%d8%af%d8%a7%d9%86-%d8%b4%d9%88%d9%83%d9%88%d9%84%d8%a7%d8%aa%d8%a9-%d8%a7%d9%84%d8%aa%d8%b1%d8%a7-%d9%88%d9%84%d9%88%d8%b2-%d9%85%d8%ad%d9%85%d8%b5
https://lacuisinedebernard.com/bolo-de-fondant-de-laranja-e-amendoas,https://staging.lacuisinedebernard.com/bolo-de-fondant-de-laranja-e-amendoas
https://lacuisinedebernard.com/bolo-de-fondant-de-laranja-e-amendoas/,https://staging.lacuisinedebernard.com/bolo-de-fondant-de-laranja-e-amendoas
https://www.lacuisinedebernard.com/bolo-de-fondant-de-laranja-e-amendoas,https://staging.lacuisinedebernard.com/bolo-de-fondant-de-laranja-e-amendoas
https://www.lacuisinedebernard.com/bolo-de-fondant-de-laranja-e-amendoas/,https://staging.lacuisinedebernard.com/bolo-de-fondant-de-laranja-e-amendoas
https://lacuisinedebernard.com/ultra-chocolate-fondant-with-roasted-almonds,https://staging.lacuisinedebernard.com/ultra-chocolate-fondant-with-roasted-almonds
https://lacuisinedebernard.com/ultra-chocolate-fondant-with-roasted-almonds/,https://staging.lacuisinedebernard.com/ultra-chocolate-fondant-with-roasted-almonds
https://www.lacuisinedebernard.com/ultra-chocolate-fondant-with-roasted-almonds,https://staging.lacuisinedebernard.com/ultra-chocolate-fondant-with-roasted-almonds
https://www.lacuisinedebernard.com/ultra-chocolate-fondant-with-roasted-almonds/,https://staging.lacuisinedebernard.com/ultra-chocolate-fondant-with-roasted-almonds
https://lacuisinedebernard.com/beef-stew-with-garlic-ginger-and-white-sweet-potato,https://staging.lacuisinedebernard.com/beef-stew-with-garlic-ginger-and-white-sweet-potato
https://lacuisinedebernard.com/beef-stew-with-garlic-ginger-and-white-sweet-potato/,https://staging.lacuisinedebernard.com/beef-stew-with-garlic-ginger-and-white-sweet-potato
https://www.lacuisinedebernard.com/beef-stew-with-garlic-ginger-and-white-sweet-potato,https://staging.lacuisinedebernard.com/beef-stew-with-garlic-ginger-and-white-sweet-potato
https://www.lacuisinedebernard.com/beef-stew-with-garlic-ginger-and-white-sweet-potato/,https://staging.lacuisinedebernard.com/beef-stew-with-garlic-ginger-and-white-sweet-potato
https://lacuisinedebernard.com/%d9%8a%d8%ae%d9%86%d8%a9-%d9%84%d8%ad%d9%85-%d8%a8%d9%82%d8%b1%d9%8a%d8%8c-%d8%ab%d9%88%d9%85%d8%8c-%d8%b2%d9%86%d8%ac%d8%a8%d9%8a%d9%84-%d9%88%d8%a8%d8%b7%d8%a7%d8%b7%d8%a7-%d8%ad%d9%84%d9%88%d8%a9,https://staging.lacuisinedebernard.com/%d9%8a%d8%ae%d9%86%d8%a9-%d9%84%d8%ad%d9%85-%d8%a8%d9%82%d8%b1%d9%8a%d8%8c-%d8%ab%d9%88%d9%85%d8%8c-%d8%b2%d9%86%d8%ac%d8%a8%d9%8a%d9%84-%d9%88%d8%a8%d8%b7%d8%a7%d8%b7%d8%a7-%d8%ad%d9%84%d9%88%d8%a9
https://lacuisinedebernard.com/%d9%8a%d8%ae%d9%86%d8%a9-%d9%84%d8%ad%d9%85-%d8%a8%d9%82%d8%b1%d9%8a%d8%8c-%d8%ab%d9%88%d9%85%d8%8c-%d8%b2%d9%86%d8%ac%d8%a8%d9%8a%d9%84-%d9%88%d8%a8%d8%b7%d8%a7%d8%b7%d8%a7-%d8%ad%d9%84%d9%88%d8%a9/,https://staging.lacuisinedebernard.com/%d9%8a%d8%ae%d9%86%d8%a9-%d9%84%d8%ad%d9%85-%d8%a8%d9%82%d8%b1%d9%8a%d8%8c-%d8%ab%d9%88%d9%85%d8%8c-%d8%b2%d9%86%d8%ac%d8%a8%d9%8a%d9%84-%d9%88%d8%a8%d8%b7%d8%a7%d8%b7%d8%a7-%d8%ad%d9%84%d9%88%d8%a9
https://www.lacuisinedebernard.com/%d9%8a%d8%ae%d9%86%d8%a9-%d9%84%d8%ad%d9%85-%d8%a8%d9%82%d8%b1%d9%8a%d8%8c-%d8%ab%d9%88%d9%85%d8%8c-%d8%b2%d9%86%d8%ac%d8%a8%d9%8a%d9%84-%d9%88%d8%a8%d8%b7%d8%a7%d8%b7%d8%a7-%d8%ad%d9%84%d9%88%d8%a9,https://staging.lacuisinedebernard.com/%d9%8a%d8%ae%d9%86%d8%a9-%d9%84%d8%ad%d9%85-%d8%a8%d9%82%d8%b1%d9%8a%d8%8c-%d8%ab%d9%88%d9%85%d8%8c-%d8%b2%d9%86%d8%ac%d8%a8%d9%8a%d9%84-%d9%88%d8%a8%d8%b7%d8%a7%d8%b7%d8%a7-%d8%ad%d9%84%d9%88%d8%a9
https://www.lacuisinedebernard.com/%d9%8a%d8%ae%d9%86%d8%a9-%d9%84%d8%ad%d9%85-%d8%a8%d9%82%d8%b1%d9%8a%d8%8c-%d8%ab%d9%88%d9%85%d8%8c-%d8%b2%d9%86%d8%ac%d8%a8%d9%8a%d9%84-%d9%88%d8%a8%d8%b7%d8%a7%d8%b7%d8%a7-%d8%ad%d9%84%d9%88%d8%a9/,https://staging.lacuisinedebernard.com/%d9%8a%d8%ae%d9%86%d8%a9-%d9%84%d8%ad%d9%85-%d8%a8%d9%82%d8%b1%d9%8a%d8%8c-%d8%ab%d9%88%d9%85%d8%8c-%d8%b2%d9%86%d8%ac%d8%a8%d9%8a%d9%84-%d9%88%d8%a8%d8%b7%d8%a7%d8%b7%d8%a7-%d8%ad%d9%84%d9%88%d8%a9
https://lacuisinedebernard.com/tarta-de-miel-y-almendras,https://staging.lacuisinedebernard.com/tarta-de-miel-y-almendras
https://lacuisinedebernard.com/tarta-de-miel-y-almendras/,https://staging.lacuisinedebernard.com/tarta-de-miel-y-almendras
https://www.lacuisinedebernard.com/tarta-de-miel-y-almendras,https://staging.lacuisinedebernard.com/tarta-de-miel-y-almendras
https://www.lacuisinedebernard.com/tarta-de-miel-y-almendras/,https://staging.lacuisinedebernard.com/tarta-de-miel-y-almendras
https://lacuisinedebernard.com/bolo-de-mel-e-amendoas,https://staging.lacuisinedebernard.com/bolo-de-mel-e-amendoas
https://lacuisinedebernard.com/bolo-de-mel-e-amendoas/,https://staging.lacuisinedebernard.com/bolo-de-mel-e-amendoas
https://www.lacuisinedebernard.com/bolo-de-mel-e-amendoas,https://staging.lacuisinedebernard.com/bolo-de-mel-e-amendoas
https://www.lacuisinedebernard.com/bolo-de-mel-e-amendoas/,https://staging.lacuisinedebernard.com/bolo-de-mel-e-amendoas
https://lacuisinedebernard.com/honey-almond-cake,https://staging.lacuisinedebernard.com/honey-almond-cake
https://lacuisinedebernard.com/honey-almond-cake/,https://staging.lacuisinedebernard.com/honey-almond-cake
https://www.lacuisinedebernard.com/honey-almond-cake,https://staging.lacuisinedebernard.com/honey-almond-cake
https://www.lacuisinedebernard.com/honey-almond-cake/,https://staging.lacuisinedebernard.com/honey-almond-cake
https://lacuisinedebernard.com/%d9%83%d8%b9%d9%83%d8%a9-%d8%a7%d9%84%d9%84%d9%88%d8%b2-%d8%a8%d8%a7%d9%84%d8%b9%d8%b3%d9%84,https://staging.lacuisinedebernard.com/%d9%83%d8%b9%d9%83%d8%a9-%d8%a7%d9%84%d9%84%d9%88%d8%b2-%d8%a8%d8%a7%d9%84%d8%b9%d8%b3%d9%84
https://lacuisinedebernard.com/%d9%83%d8%b9%d9%83%d8%a9-%d8%a7%d9%84%d9%84%d9%88%d8%b2-%d8%a8%d8%a7%d9%84%d8%b9%d8%b3%d9%84/,https://staging.lacuisinedebernard.com/%d9%83%d8%b9%d9%83%d8%a9-%d8%a7%d9%84%d9%84%d9%88%d8%b2-%d8%a8%d8%a7%d9%84%d8%b9%d8%b3%d9%84
https://www.lacuisinedebernard.com/%d9%83%d8%b9%d9%83%d8%a9-%d8%a7%d9%84%d9%84%d9%88%d8%b2-%d8%a8%d8%a7%d9%84%d8%b9%d8%b3%d9%84,https://staging.lacuisinedebernard.com/%d9%83%d8%b9%d9%83%d8%a9-%d8%a7%d9%84%d9%84%d9%88%d8%b2-%d8%a8%d8%a7%d9%84%d8%b9%d8%b3%d9%84
https://www.lacuisinedebernard.com/%d9%83%d8%b9%d9%83%d8%a9-%d8%a7%d9%84%d9%84%d9%88%d8%b2-%d8%a8%d8%a7%d9%84%d8%b9%d8%b3%d9%84/,https://staging.lacuisinedebernard.com/%d9%83%d8%b9%d9%83%d8%a9-%d8%a7%d9%84%d9%84%d9%88%d8%b2-%d8%a8%d8%a7%d9%84%d8%b9%d8%b3%d9%84
https://lacuisinedebernard.com/%d9%83%d8%b9%d9%83%d8%a9-%d8%a7%d9%84%d9%83%d8%a7%d9%83%d8%a7%d9%88-%d9%88%d8%ac%d9%88%d8%b2-%d8%a7%d9%84%d8%a8%d9%82%d8%a7%d9%86,https://staging.lacuisinedebernard.com/%d9%83%d8%b9%d9%83%d8%a9-%d8%a7%d9%84%d9%83%d8%a7%d9%83%d8%a7%d9%88-%d9%88%d8%ac%d9%88%d8%b2-%d8%a7%d9%84%d8%a8%d9%82%d8%a7%d9%86
https://lacuisinedebernard.com/%d9%83%d8%b9%d9%83%d8%a9-%d8%a7%d9%84%d9%83%d8%a7%d9%83%d8%a7%d9%88-%d9%88%d8%ac%d9%88%d8%b2-%d8%a7%d9%84%d8%a8%d9%82%d8%a7%d9%86/,https://staging.lacuisinedebernard.com/%d9%83%d8%b9%d9%83%d8%a9-%d8%a7%d9%84%d9%83%d8%a7%d9%83%d8%a7%d9%88-%d9%88%d8%ac%d9%88%d8%b2-%d8%a7%d9%84%d8%a8%d9%82%d8%a7%d9%86
https://www.lacuisinedebernard.com/%d9%83%d8%b9%d9%83%d8%a9-%d8%a7%d9%84%d9%83%d8%a7%d9%83%d8%a7%d9%88-%d9%88%d8%ac%d9%88%d8%b2-%d8%a7%d9%84%d8%a8%d9%82%d8%a7%d9%86,https://staging.lacuisinedebernard.com/%d9%83%d8%b9%d9%83%d8%a9-%d8%a7%d9%84%d9%83%d8%a7%d9%83%d8%a7%d9%88-%d9%88%d8%ac%d9%88%d8%b2-%d8%a7%d9%84%d8%a8%d9%82%d8%a7%d9%86
https://www.lacuisinedebernard.com/%d9%83%d8%b9%d9%83%d8%a9-%d8%a7%d9%84%d9%83%d8%a7%d9%83%d8%a7%d9%88-%d9%88%d8%ac%d9%88%d8%b2-%d8%a7%d9%84%d8%a8%d9%82%d8%a7%d9%86/,https://staging.lacuisinedebernard.com/%d9%83%d8%b9%d9%83%d8%a9-%d8%a7%d9%84%d9%83%d8%a7%d9%83%d8%a7%d9%88-%d9%88%d8%ac%d9%88%d8%b2-%d8%a7%d9%84%d8%a8%d9%82%d8%a7%d9%86
https://lacuisinedebernard.com/%d9%88%d8%b1%d8%b4-%d8%a7%d9%84%d8%b9%d9%85%d9%84-%d9%85%d8%a7%d9%8a%d9%88-%d9%8a%d9%88%d9%86%d9%8a%d9%88-2024,https://staging.lacuisinedebernard.com/%d9%88%d8%b1%d8%b4-%d8%a7%d9%84%d8%b9%d9%85%d9%84-%d9%85%d8%a7%d9%8a%d9%88-%d9%8a%d9%88%d9%86%d9%8a%d9%88-2024
https://lacuisinedebernard.com/%d9%88%d8%b1%d8%b4-%d8%a7%d9%84%d8%b9%d9%85%d9%84-%d9%85%d8%a7%d9%8a%d9%88-%d9%8a%d9%88%d9%86%d9%8a%d9%88-2024/,https://staging.lacuisinedebernard.com/%d9%88%d8%b1%d8%b4-%d8%a7%d9%84%d8%b9%d9%85%d9%84-%d9%85%d8%a7%d9%8a%d9%88-%d9%8a%d9%88%d9%86%d9%8a%d9%88-2024
https://www.lacuisinedebernard.com/%d9%88%d8%b1%d8%b4-%d8%a7%d9%84%d8%b9%d9%85%d9%84-%d9%85%d8%a7%d9%8a%d9%88-%d9%8a%d9%88%d9%86%d9%8a%d9%88-2024,https://staging.lacuisinedebernard.com/%d9%88%d8%b1%d8%b4-%d8%a7%d9%84%d8%b9%d9%85%d9%84-%d9%85%d8%a7%d9%8a%d9%88-%d9%8a%d9%88%d9%86%d9%8a%d9%88-2024
https://www.lacuisinedebernard.com/%d9%88%d8%b1%d8%b4-%d8%a7%d9%84%d8%b9%d9%85%d9%84-%d9%85%d8%a7%d9%8a%d9%88-%d9%8a%d9%88%d9%86%d9%8a%d9%88-2024/,https://staging.lacuisinedebernard.com/%d9%88%d8%b1%d8%b4-%d8%a7%d9%84%d8%b9%d9%85%d9%84-%d9%85%d8%a7%d9%8a%d9%88-%d9%8a%d9%88%d9%86%d9%8a%d9%88-2024
https://lacuisinedebernard.com/halloumi-frito-con-copos-de-avena,https://staging.lacuisinedebernard.com/halloumi-frito-con-copos-de-avena
https://lacuisinedebernard.com/halloumi-frito-con-copos-de-avena/,https://staging.lacuisinedebernard.com/halloumi-frito-con-copos-de-avena
https://www.lacuisinedebernard.com/halloumi-frito-con-copos-de-avena,https://staging.lacuisinedebernard.com/halloumi-frito-con-copos-de-avena
https://www.lacuisinedebernard.com/halloumi-frito-con-copos-de-avena/,https://staging.lacuisinedebernard.com/halloumi-frito-con-copos-de-avena
https://lacuisinedebernard.com/intense-hazelnut-cake,https://staging.lacuisinedebernard.com/intense-hazelnut-cake
https://lacuisinedebernard.com/intense-hazelnut-cake/,https://staging.lacuisinedebernard.com/intense-hazelnut-cake
https://www.lacuisinedebernard.com/intense-hazelnut-cake,https://staging.lacuisinedebernard.com/intense-hazelnut-cake
https://www.lacuisinedebernard.com/intense-hazelnut-cake/,https://staging.lacuisinedebernard.com/intense-hazelnut-cake
https://lacuisinedebernard.com/zucchini-caviar-with-mint-and-lime,https://staging.lacuisinedebernard.com/zucchini-caviar-with-mint-and-lime
https://lacuisinedebernard.com/zucchini-caviar-with-mint-and-lime/,https://staging.lacuisinedebernard.com/zucchini-caviar-with-mint-and-lime
https://www.lacuisinedebernard.com/zucchini-caviar-with-mint-and-lime,https://staging.lacuisinedebernard.com/zucchini-caviar-with-mint-and-lime
https://www.lacuisinedebernard.com/zucchini-caviar-with-mint-and-lime/,https://staging.lacuisinedebernard.com/zucchini-caviar-with-mint-and-lime
https://lacuisinedebernard.com/shortbread-con-nibs-de-cacao-y-nueces-pecanas,https://staging.lacuisinedebernard.com/shortbread-con-nibs-de-cacao-y-nueces-pecanas
https://lacuisinedebernard.com/shortbread-con-nibs-de-cacao-y-nueces-pecanas/,https://staging.lacuisinedebernard.com/shortbread-con-nibs-de-cacao-y-nueces-pecanas
https://www.lacuisinedebernard.com/shortbread-con-nibs-de-cacao-y-nueces-pecanas,https://staging.lacuisinedebernard.com/shortbread-con-nibs-de-cacao-y-nueces-pecanas
https://www.lacuisinedebernard.com/shortbread-con-nibs-de-cacao-y-nueces-pecanas/,https://staging.lacuisinedebernard.com/shortbread-con-nibs-de-cacao-y-nueces-pecanas
https://lacuisinedebernard.com/cookies-de-avela-e-manteiga-de-avela,https://staging.lacuisinedebernard.com/cookies-de-avela-e-manteiga-de-avela
https://lacuisinedebernard.com/cookies-de-avela-e-manteiga-de-avela/,https://staging.lacuisinedebernard.com/cookies-de-avela-e-manteiga-de-avela
https://www.lacuisinedebernard.com/cookies-de-avela-e-manteiga-de-avela,https://staging.lacuisinedebernard.com/cookies-de-avela-e-manteiga-de-avela
https://www.lacuisinedebernard.com/cookies-de-avela-e-manteiga-de-avela/,https://staging.lacuisinedebernard.com/cookies-de-avela-e-manteiga-de-avela
https://lacuisinedebernard.com/halloumi-frito-com-flocos-de-aveia,https://staging.lacuisinedebernard.com/halloumi-frito-com-flocos-de-aveia
https://lacuisinedebernard.com/halloumi-frito-com-flocos-de-aveia/,https://staging.lacuisinedebernard.com/halloumi-frito-com-flocos-de-aveia
https://www.lacuisinedebernard.com/halloumi-frito-com-flocos-de-aveia,https://staging.lacuisinedebernard.com/halloumi-frito-com-flocos-de-aveia
https://www.lacuisinedebernard.com/halloumi-frito-com-flocos-de-aveia/,https://staging.lacuisinedebernard.com/halloumi-frito-com-flocos-de-aveia
https://lacuisinedebernard.com/%d9%83%d9%88%d8%b3%d8%a9%d8%8c-%d9%86%d8%b9%d9%86%d8%a7%d8%b9-%d9%88%d9%83%d8%a7%d9%81%d9%8a%d8%a7%d8%b1-%d9%84%d9%8a%d9%85%d9%88%d9%86,https://staging.lacuisinedebernard.com/%d9%83%d9%88%d8%b3%d8%a9%d8%8c-%d9%86%d8%b9%d9%86%d8%a7%d8%b9-%d9%88%d9%83%d8%a7%d9%81%d9%8a%d8%a7%d8%b1-%d9%84%d9%8a%d9%85%d9%88%d9%86
https://lacuisinedebernard.com/%d9%83%d9%88%d8%b3%d8%a9%d8%8c-%d9%86%d8%b9%d9%86%d8%a7%d8%b9-%d9%88%d9%83%d8%a7%d9%81%d9%8a%d8%a7%d8%b1-%d9%84%d9%8a%d9%85%d9%88%d9%86/,https://staging.lacuisinedebernard.com/%d9%83%d9%88%d8%b3%d8%a9%d8%8c-%d9%86%d8%b9%d9%86%d8%a7%d8%b9-%d9%88%d9%83%d8%a7%d9%81%d9%8a%d8%a7%d8%b1-%d9%84%d9%8a%d9%85%d9%88%d9%86
https://www.lacuisinedebernard.com/%d9%83%d9%88%d8%b3%d8%a9%d8%8c-%d9%86%d8%b9%d9%86%d8%a7%d8%b9-%d9%88%d9%83%d8%a7%d9%81%d9%8a%d8%a7%d8%b1-%d9%84%d9%8a%d9%85%d9%88%d9%86,https://staging.lacuisinedebernard.com/%d9%83%d9%88%d8%b3%d8%a9%d8%8c-%d9%86%d8%b9%d9%86%d8%a7%d8%b9-%d9%88%d9%83%d8%a7%d9%81%d9%8a%d8%a7%d8%b1-%d9%84%d9%8a%d9%85%d9%88%d9%86
https://www.lacuisinedebernard.com/%d9%83%d9%88%d8%b3%d8%a9%d8%8c-%d9%86%d8%b9%d9%86%d8%a7%d8%b9-%d9%88%d9%83%d8%a7%d9%81%d9%8a%d8%a7%d8%b1-%d9%84%d9%8a%d9%85%d9%88%d9%86/,https://staging.lacuisinedebernard.com/%d9%83%d9%88%d8%b3%d8%a9%d8%8c-%d9%86%d8%b9%d9%86%d8%a7%d8%b9-%d9%88%d9%83%d8%a7%d9%81%d9%8a%d8%a7%d8%b1-%d9%84%d9%8a%d9%85%d9%88%d9%86
https://lacuisinedebernard.com/caviar-de-calabacin-menta-y-lima,https://staging.lacuisinedebernard.com/caviar-de-calabacin-menta-y-lima
https://lacuisinedebernard.com/caviar-de-calabacin-menta-y-lima/,https://staging.lacuisinedebernard.com/caviar-de-calabacin-menta-y-lima
https://www.lacuisinedebernard.com/caviar-de-calabacin-menta-y-lima,https://staging.lacuisinedebernard.com/caviar-de-calabacin-menta-y-lima
https://www.lacuisinedebernard.com/caviar-de-calabacin-menta-y-lima/,https://staging.lacuisinedebernard.com/caviar-de-calabacin-menta-y-lima
https://lacuisinedebernard.com/%d9%83%d8%b9%d9%83%d8%a9-%d8%a7%d9%84%d8%a8%d9%86%d8%af%d9%82-%d8%a7%d9%84%d9%85%d9%83%d8%ab%d9%81%d8%a9,https://staging.lacuisinedebernard.com/%d9%83%d8%b9%d9%83%d8%a9-%d8%a7%d9%84%d8%a8%d9%86%d8%af%d9%82-%d8%a7%d9%84%d9%85%d9%83%d8%ab%d9%81%d8%a9
https://lacuisinedebernard.com/%d9%83%d8%b9%d9%83%d8%a9-%d8%a7%d9%84%d8%a8%d9%86%d8%af%d9%82-%d8%a7%d9%84%d9%85%d9%83%d8%ab%d9%81%d8%a9/,https://staging.lacuisinedebernard.com/%d9%83%d8%b9%d9%83%d8%a9-%d8%a7%d9%84%d8%a8%d9%86%d8%af%d9%82-%d8%a7%d9%84%d9%85%d9%83%d8%ab%d9%81%d8%a9
https://www.lacuisinedebernard.com/%d9%83%d8%b9%d9%83%d8%a9-%d8%a7%d9%84%d8%a8%d9%86%d8%af%d9%82-%d8%a7%d9%84%d9%85%d9%83%d8%ab%d9%81%d8%a9,https://staging.lacuisinedebernard.com/%d9%83%d8%b9%d9%83%d8%a9-%d8%a7%d9%84%d8%a8%d9%86%d8%af%d9%82-%d8%a7%d9%84%d9%85%d9%83%d8%ab%d9%81%d8%a9
https://www.lacuisinedebernard.com/%d9%83%d8%b9%d9%83%d8%a9-%d8%a7%d9%84%d8%a8%d9%86%d8%af%d9%82-%d8%a7%d9%84%d9%85%d9%83%d8%ab%d9%81%d8%a9/,https://staging.lacuisinedebernard.com/%d9%83%d8%b9%d9%83%d8%a9-%d8%a7%d9%84%d8%a8%d9%86%d8%af%d9%82-%d8%a7%d9%84%d9%85%d9%83%d8%ab%d9%81%d8%a9
https://lacuisinedebernard.com/shortbread-com-nibs-de-cacau-e-nozes,https://staging.lacuisinedebernard.com/shortbread-com-nibs-de-cacau-e-nozes
https://lacuisinedebernard.com/shortbread-com-nibs-de-cacau-e-nozes/,https://staging.lacuisinedebernard.com/shortbread-com-nibs-de-cacau-e-nozes
https://www.lacuisinedebernard.com/shortbread-com-nibs-de-cacau-e-nozes,https://staging.lacuisinedebernard.com/shortbread-com-nibs-de-cacau-e-nozes
https://www.lacuisinedebernard.com/shortbread-com-nibs-de-cacau-e-nozes/,https://staging.lacuisinedebernard.com/shortbread-com-nibs-de-cacau-e-nozes
https://lacuisinedebernard.com/pastel-de-avellanas-intenso,https://staging.lacuisinedebernard.com/pastel-de-avellanas-intenso
https://lacuisinedebernard.com/pastel-de-avellanas-intenso/,https://staging.lacuisinedebernard.com/pastel-de-avellanas-intenso
https://www.lacuisinedebernard.com/pastel-de-avellanas-intenso,https://staging.lacuisinedebernard.com/pastel-de-avellanas-intenso
https://www.lacuisinedebernard.com/pastel-de-avellanas-intenso/,https://staging.lacuisinedebernard.com/pastel-de-avellanas-intenso
https://lacuisinedebernard.com/hazelnut-cookies-with-hazelnut-butter,https://staging.lacuisinedebernard.com/hazelnut-cookies-with-hazelnut-butter
https://lacuisinedebernard.com/hazelnut-cookies-with-hazelnut-butter/,https://staging.lacuisinedebernard.com/hazelnut-cookies-with-hazelnut-butter
https://www.lacuisinedebernard.com/hazelnut-cookies-with-hazelnut-butter,https://staging.lacuisinedebernard.com/hazelnut-cookies-with-hazelnut-butter
https://www.lacuisinedebernard.com/hazelnut-cookies-with-hazelnut-butter/,https://staging.lacuisinedebernard.com/hazelnut-cookies-with-hazelnut-butter
https://lacuisinedebernard.com/tarta-de-queso-vasca,https://staging.lacuisinedebernard.com/tarta-de-queso-vasca
https://lacuisinedebernard.com/tarta-de-queso-vasca/,https://staging.lacuisinedebernard.com/tarta-de-queso-vasca
https://www.lacuisinedebernard.com/tarta-de-queso-vasca,https://staging.lacuisinedebernard.com/tarta-de-queso-vasca
https://www.lacuisinedebernard.com/tarta-de-queso-vasca/,https://staging.lacuisinedebernard.com/tarta-de-queso-vasca
https://lacuisinedebernard.com/talleres-de-mayo-junio-de-2024,https://staging.lacuisinedebernard.com/talleres-de-mayo-junio-de-2024
https://lacuisinedebernard.com/talleres-de-mayo-junio-de-2024/,https://staging.lacuisinedebernard.com/talleres-de-mayo-junio-de-2024
https://www.lacuisinedebernard.com/talleres-de-mayo-junio-de-2024,https://staging.lacuisinedebernard.com/talleres-de-mayo-junio-de-2024
https://www.lacuisinedebernard.com/talleres-de-mayo-junio-de-2024/,https://staging.lacuisinedebernard.com/talleres-de-mayo-junio-de-2024
https://lacuisinedebernard.com/basque-cheesecake,https://staging.lacuisinedebernard.com/basque-cheesecake
https://lacuisinedebernard.com/basque-cheesecake/,https://staging.lacuisinedebernard.com/basque-cheesecake
https://www.lacuisinedebernard.com/basque-cheesecake,https://staging.lacuisinedebernard.com/basque-cheesecake
https://www.lacuisinedebernard.com/basque-cheesecake/,https://staging.lacuisinedebernard.com/basque-cheesecake
https://lacuisinedebernard.com/fried-halloumi-with-oat-flakes,https://staging.lacuisinedebernard.com/fried-halloumi-with-oat-flakes
https://lacuisinedebernard.com/fried-halloumi-with-oat-flakes/,https://staging.lacuisinedebernard.com/fried-halloumi-with-oat-flakes
https://www.lacuisinedebernard.com/fried-halloumi-with-oat-flakes,https://staging.lacuisinedebernard.com/fried-halloumi-with-oat-flakes
https://www.lacuisinedebernard.com/fried-halloumi-with-oat-flakes/,https://staging.lacuisinedebernard.com/fried-halloumi-with-oat-flakes
https://lacuisinedebernard.com/workshops-de-maio-a-junho-de-2024,https://staging.lacuisinedebernard.com/workshops-de-maio-a-junho-de-2024
https://lacuisinedebernard.com/workshops-de-maio-a-junho-de-2024/,https://staging.lacuisinedebernard.com/workshops-de-maio-a-junho-de-2024
https://www.lacuisinedebernard.com/workshops-de-maio-a-junho-de-2024,https://staging.lacuisinedebernard.com/workshops-de-maio-a-junho-de-2024
https://www.lacuisinedebernard.com/workshops-de-maio-a-junho-de-2024/,https://staging.lacuisinedebernard.com/workshops-de-maio-a-junho-de-2024
https://lacuisinedebernard.com/bolo-de-avela-intenso,https://staging.lacuisinedebernard.com/bolo-de-avela-intenso
https://lacuisinedebernard.com/bolo-de-avela-intenso/,https://staging.lacuisinedebernard.com/bolo-de-avela-intenso
https://www.lacuisinedebernard.com/bolo-de-avela-intenso,https://staging.lacuisinedebernard.com/bolo-de-avela-intenso
https://www.lacuisinedebernard.com/bolo-de-avela-intenso/,https://staging.lacuisinedebernard.com/bolo-de-avela-intenso
https://lacuisinedebernard.com/%d8%ad%d9%84%d9%88%d9%85%d9%8a-%d9%85%d9%82%d9%84%d9%8a-%d9%85%d8%b9-%d8%a7%d9%84%d8%b4%d9%88%d9%81%d8%a7%d9%86,https://staging.lacuisinedebernard.com/%d8%ad%d9%84%d9%88%d9%85%d9%8a-%d9%85%d9%82%d9%84%d9%8a-%d9%85%d8%b9-%d8%a7%d9%84%d8%b4%d9%88%d9%81%d8%a7%d9%86
https://lacuisinedebernard.com/%d8%ad%d9%84%d9%88%d9%85%d9%8a-%d9%85%d9%82%d9%84%d9%8a-%d9%85%d8%b9-%d8%a7%d9%84%d8%b4%d9%88%d9%81%d8%a7%d9%86/,https://staging.lacuisinedebernard.com/%d8%ad%d9%84%d9%88%d9%85%d9%8a-%d9%85%d9%82%d9%84%d9%8a-%d9%85%d8%b9-%d8%a7%d9%84%d8%b4%d9%88%d9%81%d8%a7%d9%86
https://www.lacuisinedebernard.com/%d8%ad%d9%84%d9%88%d9%85%d9%8a-%d9%85%d9%82%d9%84%d9%8a-%d9%85%d8%b9-%d8%a7%d9%84%d8%b4%d9%88%d9%81%d8%a7%d9%86,https://staging.lacuisinedebernard.com/%d8%ad%d9%84%d9%88%d9%85%d9%8a-%d9%85%d9%82%d9%84%d9%8a-%d9%85%d8%b9-%d8%a7%d9%84%d8%b4%d9%88%d9%81%d8%a7%d9%86
https://www.lacuisinedebernard.com/%d8%ad%d9%84%d9%88%d9%85%d9%8a-%d9%85%d9%82%d9%84%d9%8a-%d9%85%d8%b9-%d8%a7%d9%84%d8%b4%d9%88%d9%81%d8%a7%d9%86/,https://staging.lacuisinedebernard.com/%d8%ad%d9%84%d9%88%d9%85%d9%8a-%d9%85%d9%82%d9%84%d9%8a-%d9%85%d8%b9-%d8%a7%d9%84%d8%b4%d9%88%d9%81%d8%a7%d9%86
https://lacuisinedebernard.com/%d9%83%d9%88%d9%83%d9%8a%d8%b2-%d8%a7%d9%84%d8%a8%d9%86%d8%af%d9%82-%d9%88%d8%a7%d9%84%d8%b2%d8%a8%d8%af%d8%a9-%d8%a7%d9%84%d8%a8%d9%86%d9%8a%d8%a9,https://staging.lacuisinedebernard.com/%d9%83%d9%88%d9%83%d9%8a%d8%b2-%d8%a7%d9%84%d8%a8%d9%86%d8%af%d9%82-%d9%88%d8%a7%d9%84%d8%b2%d8%a8%d8%af%d8%a9-%d8%a7%d9%84%d8%a8%d9%86%d9%8a%d8%a9
https://lacuisinedebernard.com/%d9%83%d9%88%d9%83%d9%8a%d8%b2-%d8%a7%d9%84%d8%a8%d9%86%d8%af%d9%82-%d9%88%d8%a7%d9%84%d8%b2%d8%a8%d8%af%d8%a9-%d8%a7%d9%84%d8%a8%d9%86%d9%8a%d8%a9/,https://staging.lacuisinedebernard.com/%d9%83%d9%88%d9%83%d9%8a%d8%b2-%d8%a7%d9%84%d8%a8%d9%86%d8%af%d9%82-%d9%88%d8%a7%d9%84%d8%b2%d8%a8%d8%af%d8%a9-%d8%a7%d9%84%d8%a8%d9%86%d9%8a%d8%a9
https://www.lacuisinedebernard.com/%d9%83%d9%88%d9%83%d9%8a%d8%b2-%d8%a7%d9%84%d8%a8%d9%86%d8%af%d9%82-%d9%88%d8%a7%d9%84%d8%b2%d8%a8%d8%af%d8%a9-%d8%a7%d9%84%d8%a8%d9%86%d9%8a%d8%a9,https://staging.lacuisinedebernard.com/%d9%83%d9%88%d9%83%d9%8a%d8%b2-%d8%a7%d9%84%d8%a8%d9%86%d8%af%d9%82-%d9%88%d8%a7%d9%84%d8%b2%d8%a8%d8%af%d8%a9-%d8%a7%d9%84%d8%a8%d9%86%d9%8a%d8%a9
https://www.lacuisinedebernard.com/%d9%83%d9%88%d9%83%d9%8a%d8%b2-%d8%a7%d9%84%d8%a8%d9%86%d8%af%d9%82-%d9%88%d8%a7%d9%84%d8%b2%d8%a8%d8%af%d8%a9-%d8%a7%d9%84%d8%a8%d9%86%d9%8a%d8%a9/,https://staging.lacuisinedebernard.com/%d9%83%d9%88%d9%83%d9%8a%d8%b2-%d8%a7%d9%84%d8%a8%d9%86%d8%af%d9%82-%d9%88%d8%a7%d9%84%d8%b2%d8%a8%d8%af%d8%a9-%d8%a7%d9%84%d8%a8%d9%86%d9%8a%d8%a9
https://lacuisinedebernard.com/%d8%aa%d8%b4%d9%8a%d8%b2-%d9%83%d9%8a%d9%83-%d8%a7%d9%84%d8%a8%d8%a7%d8%b3%d9%83,https://staging.lacuisinedebernard.com/%d8%aa%d8%b4%d9%8a%d8%b2-%d9%83%d9%8a%d9%83-%d8%a7%d9%84%d8%a8%d8%a7%d8%b3%d9%83
https://lacuisinedebernard.com/%d8%aa%d8%b4%d9%8a%d8%b2-%d9%83%d9%8a%d9%83-%d8%a7%d9%84%d8%a8%d8%a7%d8%b3%d9%83/,https://staging.lacuisinedebernard.com/%d8%aa%d8%b4%d9%8a%d8%b2-%d9%83%d9%8a%d9%83-%d8%a7%d9%84%d8%a8%d8%a7%d8%b3%d9%83
https://www.lacuisinedebernard.com/%d8%aa%d8%b4%d9%8a%d8%b2-%d9%83%d9%8a%d9%83-%d8%a7%d9%84%d8%a8%d8%a7%d8%b3%d9%83,https://staging.lacuisinedebernard.com/%d8%aa%d8%b4%d9%8a%d8%b2-%d9%83%d9%8a%d9%83-%d8%a7%d9%84%d8%a8%d8%a7%d8%b3%d9%83
https://www.lacuisinedebernard.com/%d8%aa%d8%b4%d9%8a%d8%b2-%d9%83%d9%8a%d9%83-%d8%a7%d9%84%d8%a8%d8%a7%d8%b3%d9%83/,https://staging.lacuisinedebernard.com/%d8%aa%d8%b4%d9%8a%d8%b2-%d9%83%d9%8a%d9%83-%d8%a7%d9%84%d8%a8%d8%a7%d8%b3%d9%83
https://lacuisinedebernard.com/caviar-de-abobrinha-hortela-e-limao,https://staging.lacuisinedebernard.com/caviar-de-abobrinha-hortela-e-limao
https://lacuisinedebernard.com/caviar-de-abobrinha-hortela-e-limao/,https://staging.lacuisinedebernard.com/caviar-de-abobrinha-hortela-e-limao
https://www.lacuisinedebernard.com/caviar-de-abobrinha-hortela-e-limao,https://staging.lacuisinedebernard.com/caviar-de-abobrinha-hortela-e-limao
https://www.lacuisinedebernard.com/caviar-de-abobrinha-hortela-e-limao/,https://staging.lacuisinedebernard.com/caviar-de-abobrinha-hortela-e-limao
https://lacuisinedebernard.com/cheesecake-basco,https://staging.lacuisinedebernard.com/cheesecake-basco
https://lacuisinedebernard.com/cheesecake-basco/,https://staging.lacuisinedebernard.com/cheesecake-basco
https://www.lacuisinedebernard.com/cheesecake-basco,https://staging.lacuisinedebernard.com/cheesecake-basco
https://www.lacuisinedebernard.com/cheesecake-basco/,https://staging.lacuisinedebernard.com/cheesecake-basco
https://lacuisinedebernard.com/may-june-2024-workshops,https://staging.lacuisinedebernard.com/may-june-2024-workshops
https://lacuisinedebernard.com/may-june-2024-workshops/,https://staging.lacuisinedebernard.com/may-june-2024-workshops
https://www.lacuisinedebernard.com/may-june-2024-workshops,https://staging.lacuisinedebernard.com/may-june-2024-workshops
https://www.lacuisinedebernard.com/may-june-2024-workshops/,https://staging.lacuisinedebernard.com/may-june-2024-workshops
https://lacuisinedebernard.com/oatmeal-cocoa-and-pecan-shortbread,https://staging.lacuisinedebernard.com/oatmeal-cocoa-and-pecan-shortbread
https://lacuisinedebernard.com/oatmeal-cocoa-and-pecan-shortbread/,https://staging.lacuisinedebernard.com/oatmeal-cocoa-and-pecan-shortbread
https://www.lacuisinedebernard.com/oatmeal-cocoa-and-pecan-shortbread,https://staging.lacuisinedebernard.com/oatmeal-cocoa-and-pecan-shortbread
https://www.lacuisinedebernard.com/oatmeal-cocoa-and-pecan-shortbread/,https://staging.lacuisinedebernard.com/oatmeal-cocoa-and-pecan-shortbread
https://lacuisinedebernard.com/galletas-de-avellana-y-mantequilla-de-avellana,https://staging.lacuisinedebernard.com/galletas-de-avellana-y-mantequilla-de-avellana
https://lacuisinedebernard.com/galletas-de-avellana-y-mantequilla-de-avellana/,https://staging.lacuisinedebernard.com/galletas-de-avellana-y-mantequilla-de-avellana
https://www.lacuisinedebernard.com/galletas-de-avellana-y-mantequilla-de-avellana,https://staging.lacuisinedebernard.com/galletas-de-avellana-y-mantequilla-de-avellana
https://www.lacuisinedebernard.com/galletas-de-avellana-y-mantequilla-de-avellana/,https://staging.lacuisinedebernard.com/galletas-de-avellana-y-mantequilla-de-avellana
https://lacuisinedebernard.com/poitrine-de-porc-extra-croustillante,https://staging.lacuisinedebernard.com/poitrine-de-porc-extra-croustillante
https://lacuisinedebernard.com/poitrine-de-porc-extra-croustillante/,https://staging.lacuisinedebernard.com/poitrine-de-porc-extra-croustillante
https://www.lacuisinedebernard.com/poitrine-de-porc-extra-croustillante,https://staging.lacuisinedebernard.com/poitrine-de-porc-extra-croustillante
https://www.lacuisinedebernard.com/poitrine-de-porc-extra-croustillante/,https://staging.lacuisinedebernard.com/poitrine-de-porc-extra-croustillante
https://lacuisinedebernard.com/cookies-noisettes-et-beurre-noisette,https://staging.lacuisinedebernard.com/cookies-noisettes-et-beurre-noisette
https://lacuisinedebernard.com/cookies-noisettes-et-beurre-noisette/,https://staging.lacuisinedebernard.com/cookies-noisettes-et-beurre-noisette
https://www.lacuisinedebernard.com/cookies-noisettes-et-beurre-noisette,https://staging.lacuisinedebernard.com/cookies-noisettes-et-beurre-noisette
https://www.lacuisinedebernard.com/cookies-noisettes-et-beurre-noisette/,https://staging.lacuisinedebernard.com/cookies-noisettes-et-beurre-noisette
https://lacuisinedebernard.com/caviar-de-courgettes-menthe-et-citron-vert,https://staging.lacuisinedebernard.com/caviar-de-courgettes-menthe-et-citron-vert
https://lacuisinedebernard.com/caviar-de-courgettes-menthe-et-citron-vert/,https://staging.lacuisinedebernard.com/caviar-de-courgettes-menthe-et-citron-vert
https://www.lacuisinedebernard.com/caviar-de-courgettes-menthe-et-citron-vert,https://staging.lacuisinedebernard.com/caviar-de-courgettes-menthe-et-citron-vert
https://www.lacuisinedebernard.com/caviar-de-courgettes-menthe-et-citron-vert/,https://staging.lacuisinedebernard.com/caviar-de-courgettes-menthe-et-citron-vert
https://lacuisinedebernard.com/cheesecake-basque,https://staging.lacuisinedebernard.com/cheesecake-basque
https://lacuisinedebernard.com/cheesecake-basque/,https://staging.lacuisinedebernard.com/cheesecake-basque
https://www.lacuisinedebernard.com/cheesecake-basque,https://staging.lacuisinedebernard.com/cheesecake-basque
https://www.lacuisinedebernard.com/cheesecake-basque/,https://staging.lacuisinedebernard.com/cheesecake-basque
https://lacuisinedebernard.com/halloumi-frit-aux-flocons-davoine,https://staging.lacuisinedebernard.com/halloumi-frit-aux-flocons-davoine
https://lacuisinedebernard.com/halloumi-frit-aux-flocons-davoine/,https://staging.lacuisinedebernard.com/halloumi-frit-aux-flocons-davoine
https://www.lacuisinedebernard.com/halloumi-frit-aux-flocons-davoine,https://staging.lacuisinedebernard.com/halloumi-frit-aux-flocons-davoine
https://www.lacuisinedebernard.com/halloumi-frit-aux-flocons-davoine/,https://staging.lacuisinedebernard.com/halloumi-frit-aux-flocons-davoine
https://lacuisinedebernard.com/sables-grue-cacao-et-noix-de-pecan,https://staging.lacuisinedebernard.com/sables-grue-cacao-et-noix-de-pecan
https://lacuisinedebernard.com/sables-grue-cacao-et-noix-de-pecan/,https://staging.lacuisinedebernard.com/sables-grue-cacao-et-noix-de-pecan
https://www.lacuisinedebernard.com/sables-grue-cacao-et-noix-de-pecan,https://staging.lacuisinedebernard.com/sables-grue-cacao-et-noix-de-pecan
https://www.lacuisinedebernard.com/sables-grue-cacao-et-noix-de-pecan/,https://staging.lacuisinedebernard.com/sables-grue-cacao-et-noix-de-pecan
https://lacuisinedebernard.com/gateau-noisette-intense,https://staging.lacuisinedebernard.com/gateau-noisette-intense
https://lacuisinedebernard.com/gateau-noisette-intense/,https://staging.lacuisinedebernard.com/gateau-noisette-intense
https://www.lacuisinedebernard.com/gateau-noisette-intense,https://staging.lacuisinedebernard.com/gateau-noisette-intense
https://www.lacuisinedebernard.com/gateau-noisette-intense/,https://staging.lacuisinedebernard.com/gateau-noisette-intense
https://lacuisinedebernard.com/gateau-miel-amande,https://staging.lacuisinedebernard.com/gateau-miel-amande
https://lacuisinedebernard.com/gateau-miel-amande/,https://staging.lacuisinedebernard.com/gateau-miel-amande
https://www.lacuisinedebernard.com/gateau-miel-amande,https://staging.lacuisinedebernard.com/gateau-miel-amande
https://www.lacuisinedebernard.com/gateau-miel-amande/,https://staging.lacuisinedebernard.com/gateau-miel-amande
https://lacuisinedebernard.com/daube_boeuf_patatedouceblanche,https://staging.lacuisinedebernard.com/daube_boeuf_patatedouceblanche
https://lacuisinedebernard.com/daube_boeuf_patatedouceblanche/,https://staging.lacuisinedebernard.com/daube_boeuf_patatedouceblanche
https://www.lacuisinedebernard.com/daube_boeuf_patatedouceblanche,https://staging.lacuisinedebernard.com/daube_boeuf_patatedouceblanche
https://www.lacuisinedebernard.com/daube_boeuf_patatedouceblanche/,https://staging.lacuisinedebernard.com/daube_boeuf_patatedouceblanche
https://lacuisinedebernard.com/fondant-ultra-chocolat-et-amandes-grillees,https://staging.lacuisinedebernard.com/fondant-ultra-chocolat-et-amandes-grillees
https://lacuisinedebernard.com/fondant-ultra-chocolat-et-amandes-grillees/,https://staging.lacuisinedebernard.com/fondant-ultra-chocolat-et-amandes-grillees
https://www.lacuisinedebernard.com/fondant-ultra-chocolat-et-amandes-grillees,https://staging.lacuisinedebernard.com/fondant-ultra-chocolat-et-amandes-grillees
https://www.lacuisinedebernard.com/fondant-ultra-chocolat-et-amandes-grillees/,https://staging.lacuisinedebernard.com/fondant-ultra-chocolat-et-amandes-grillees
https://lacuisinedebernard.com/gateau-fondant-a-lorange-et-aux-amandes,https://staging.lacuisinedebernard.com/gateau-fondant-a-lorange-et-aux-amandes
https://lacuisinedebernard.com/gateau-fondant-a-lorange-et-aux-amandes/,https://staging.lacuisinedebernard.com/gateau-fondant-a-lorange-et-aux-amandes
https://www.lacuisinedebernard.com/gateau-fondant-a-lorange-et-aux-amandes,https://staging.lacuisinedebernard.com/gateau-fondant-a-lorange-et-aux-amandes
https://www.lacuisinedebernard.com/gateau-fondant-a-lorange-et-aux-amandes/,https://staging.lacuisinedebernard.com/gateau-fondant-a-lorange-et-aux-amandes
https://lacuisinedebernard.com/gateau-sale-au-morbier-persil-et-noisette,https://staging.lacuisinedebernard.com/gateau-sale-au-morbier-persil-et-noisette
https://lacuisinedebernard.com/gateau-sale-au-morbier-persil-et-noisette/,https://staging.lacuisinedebernard.com/gateau-sale-au-morbier-persil-et-noisette
https://www.lacuisinedebernard.com/gateau-sale-au-morbier-persil-et-noisette,https://staging.lacuisinedebernard.com/gateau-sale-au-morbier-persil-et-noisette
https://www.lacuisinedebernard.com/gateau-sale-au-morbier-persil-et-noisette/,https://staging.lacuisinedebernard.com/gateau-sale-au-morbier-persil-et-noisette
https://lacuisinedebernard.com/gnocchis-aux-epinards,https://staging.lacuisinedebernard.com/gnocchis-aux-epinards
https://lacuisinedebernard.com/gnocchis-aux-epinards/,https://staging.lacuisinedebernard.com/gnocchis-aux-epinards
https://www.lacuisinedebernard.com/gnocchis-aux-epinards,https://staging.lacuisinedebernard.com/gnocchis-aux-epinards
https://www.lacuisinedebernard.com/gnocchis-aux-epinards/,https://staging.lacuisinedebernard.com/gnocchis-aux-epinards
https://lacuisinedebernard.com/noisettes-craquantes-au-chocolat-blanc-lait-ou-noir,https://staging.lacuisinedebernard.com/noisettes-craquantes-au-chocolat-blanc-lait-ou-noir
https://lacuisinedebernard.com/noisettes-craquantes-au-chocolat-blanc-lait-ou-noir/,https://staging.lacuisinedebernard.com/noisettes-craquantes-au-chocolat-blanc-lait-ou-noir
https://www.lacuisinedebernard.com/noisettes-craquantes-au-chocolat-blanc-lait-ou-noir,https://staging.lacuisinedebernard.com/noisettes-craquantes-au-chocolat-blanc-lait-ou-noir
https://www.lacuisinedebernard.com/noisettes-craquantes-au-chocolat-blanc-lait-ou-noir/,https://staging.lacuisinedebernard.com/noisettes-craquantes-au-chocolat-blanc-lait-ou-noir
https://lacuisinedebernard.com/hoummos-de-tomates-sechees-et-basilic,https://staging.lacuisinedebernard.com/hoummos-de-tomates-sechees-et-basilic
https://lacuisinedebernard.com/hoummos-de-tomates-sechees-et-basilic/,https://staging.lacuisinedebernard.com/hoummos-de-tomates-sechees-et-basilic
https://www.lacuisinedebernard.com/hoummos-de-tomates-sechees-et-basilic,https://staging.lacuisinedebernard.com/hoummos-de-tomates-sechees-et-basilic
https://www.lacuisinedebernard.com/hoummos-de-tomates-sechees-et-basilic/,https://staging.lacuisinedebernard.com/hoummos-de-tomates-sechees-et-basilic
https://lacuisinedebernard.com/gateau-amande-pistache,https://staging.lacuisinedebernard.com/gateau-amande-pistache
https://lacuisinedebernard.com/gateau-amande-pistache/,https://staging.lacuisinedebernard.com/gateau-amande-pistache
https://www.lacuisinedebernard.com/gateau-amande-pistache,https://staging.lacuisinedebernard.com/gateau-amande-pistache
https://www.lacuisinedebernard.com/gateau-amande-pistache/,https://staging.lacuisinedebernard.com/gateau-amande-pistache
https://lacuisinedebernard.com/ateliers-janvier-2026,https://staging.lacuisinedebernard.com/ateliers-janvier-2026
https://lacuisinedebernard.com/ateliers-janvier-2026/,https://staging.lacuisinedebernard.com/ateliers-janvier-2026
https://www.lacuisinedebernard.com/ateliers-janvier-2026,https://staging.lacuisinedebernard.com/ateliers-janvier-2026
https://www.lacuisinedebernard.com/ateliers-janvier-2026/,https://staging.lacuisinedebernard.com/ateliers-janvier-2026
https://lacuisinedebernard.com/poulet-croustillant-aux-corn-flakes-au-four-sauce-sucree-et-pimentee,https://staging.lacuisinedebernard.com/poulet-croustillant-aux-corn-flakes-au-four-sauce-sucree-et-pimentee
https://lacuisinedebernard.com/poulet-croustillant-aux-corn-flakes-au-four-sauce-sucree-et-pimentee/,https://staging.lacuisinedebernard.com/poulet-croustillant-aux-corn-flakes-au-four-sauce-sucree-et-pimentee
https://www.lacuisinedebernard.com/poulet-croustillant-aux-corn-flakes-au-four-sauce-sucree-et-pimentee,https://staging.lacuisinedebernard.com/poulet-croustillant-aux-corn-flakes-au-four-sauce-sucree-et-pimentee
https://www.lacuisinedebernard.com/poulet-croustillant-aux-corn-flakes-au-four-sauce-sucree-et-pimentee/,https://staging.lacuisinedebernard.com/poulet-croustillant-aux-corn-flakes-au-four-sauce-sucree-et-pimentee
https://lacuisinedebernard.com/soupe-lentilles-corail-tomates-et-lait-de-coco,https://staging.lacuisinedebernard.com/soupe-lentilles-corail-tomates-et-lait-de-coco
https://lacuisinedebernard.com/soupe-lentilles-corail-tomates-et-lait-de-coco/,https://staging.lacuisinedebernard.com/soupe-lentilles-corail-tomates-et-lait-de-coco
https://www.lacuisinedebernard.com/soupe-lentilles-corail-tomates-et-lait-de-coco,https://staging.lacuisinedebernard.com/soupe-lentilles-corail-tomates-et-lait-de-coco
https://www.lacuisinedebernard.com/soupe-lentilles-corail-tomates-et-lait-de-coco/,https://staging.lacuisinedebernard.com/soupe-lentilles-corail-tomates-et-lait-de-coco
https://lacuisinedebernard.com/galette-des-rois-aux-fruits-confits-et-fleur-doranger,https://staging.lacuisinedebernard.com/galette-des-rois-aux-fruits-confits-et-fleur-doranger
https://lacuisinedebernard.com/galette-des-rois-aux-fruits-confits-et-fleur-doranger/,https://staging.lacuisinedebernard.com/galette-des-rois-aux-fruits-confits-et-fleur-doranger
https://www.lacuisinedebernard.com/galette-des-rois-aux-fruits-confits-et-fleur-doranger,https://staging.lacuisinedebernard.com/galette-des-rois-aux-fruits-confits-et-fleur-doranger
https://www.lacuisinedebernard.com/galette-des-rois-aux-fruits-confits-et-fleur-doranger/,https://staging.lacuisinedebernard.com/galette-des-rois-aux-fruits-confits-et-fleur-doranger
https://lacuisinedebernard.com/sables-croustillants-fourres-au-beurre-de-cacahuete,https://staging.lacuisinedebernard.com/sables-croustillants-fourres-au-beurre-de-cacahuete
https://lacuisinedebernard.com/sables-croustillants-fourres-au-beurre-de-cacahuete/,https://staging.lacuisinedebernard.com/sables-croustillants-fourres-au-beurre-de-cacahuete
https://www.lacuisinedebernard.com/sables-croustillants-fourres-au-beurre-de-cacahuete,https://staging.lacuisinedebernard.com/sables-croustillants-fourres-au-beurre-de-cacahuete
https://www.lacuisinedebernard.com/sables-croustillants-fourres-au-beurre-de-cacahuete/,https://staging.lacuisinedebernard.com/sables-croustillants-fourres-au-beurre-de-cacahuete
https://lacuisinedebernard.com/mochi-pomme-poire-noix,https://staging.lacuisinedebernard.com/mochi-pomme-poire-noix
https://lacuisinedebernard.com/mochi-pomme-poire-noix/,https://staging.lacuisinedebernard.com/mochi-pomme-poire-noix
https://www.lacuisinedebernard.com/mochi-pomme-poire-noix,https://staging.lacuisinedebernard.com/mochi-pomme-poire-noix
https://www.lacuisinedebernard.com/mochi-pomme-poire-noix/,https://staging.lacuisinedebernard.com/mochi-pomme-poire-noix
https://lacuisinedebernard.com/champignons-au-beurre-descargot-en-coquilles-croustillantes,https://staging.lacuisinedebernard.com/champignons-au-beurre-descargot-en-coquilles-croustillantes
https://lacuisinedebernard.com/champignons-au-beurre-descargot-en-coquilles-croustillantes/,https://staging.lacuisinedebernard.com/champignons-au-beurre-descargot-en-coquilles-croustillantes
https://www.lacuisinedebernard.com/champignons-au-beurre-descargot-en-coquilles-croustillantes,https://staging.lacuisinedebernard.com/champignons-au-beurre-descargot-en-coquilles-croustillantes
https://www.lacuisinedebernard.com/champignons-au-beurre-descargot-en-coquilles-croustillantes/,https://staging.lacuisinedebernard.com/champignons-au-beurre-descargot-en-coquilles-croustillantes
https://lacuisinedebernard.com/bar-poele-polenta-cremeuse-a-la-truffe,https://staging.lacuisinedebernard.com/bar-poele-polenta-cremeuse-a-la-truffe
https://lacuisinedebernard.com/bar-poele-polenta-cremeuse-a-la-truffe/,https://staging.lacuisinedebernard.com/bar-poele-polenta-cremeuse-a-la-truffe
https://www.lacuisinedebernard.com/bar-poele-polenta-cremeuse-a-la-truffe,https://staging.lacuisinedebernard.com/bar-poele-polenta-cremeuse-a-la-truffe
https://www.lacuisinedebernard.com/bar-poele-polenta-cremeuse-a-la-truffe/,https://staging.lacuisinedebernard.com/bar-poele-polenta-cremeuse-a-la-truffe
https://lacuisinedebernard.com/raviolis-a-la-courge-rotie-et-ricotta,https://staging.lacuisinedebernard.com/raviolis-a-la-courge-rotie-et-ricotta
https://lacuisinedebernard.com/raviolis-a-la-courge-rotie-et-ricotta/,https://staging.lacuisinedebernard.com/raviolis-a-la-courge-rotie-et-ricotta
https://www.lacuisinedebernard.com/raviolis-a-la-courge-rotie-et-ricotta,https://staging.lacuisinedebernard.com/raviolis-a-la-courge-rotie-et-ricotta
https://www.lacuisinedebernard.com/raviolis-a-la-courge-rotie-et-ricotta/,https://staging.lacuisinedebernard.com/raviolis-a-la-courge-rotie-et-ricotta
https://lacuisinedebernard.com/cookies-de-noel-epices-cream-cheese-agrume-gingembre,https://staging.lacuisinedebernard.com/cookies-de-noel-epices-cream-cheese-agrume-gingembre
https://lacuisinedebernard.com/cookies-de-noel-epices-cream-cheese-agrume-gingembre/,https://staging.lacuisinedebernard.com/cookies-de-noel-epices-cream-cheese-agrume-gingembre
https://www.lacuisinedebernard.com/cookies-de-noel-epices-cream-cheese-agrume-gingembre,https://staging.lacuisinedebernard.com/cookies-de-noel-epices-cream-cheese-agrume-gingembre
https://www.lacuisinedebernard.com/cookies-de-noel-epices-cream-cheese-agrume-gingembre/,https://staging.lacuisinedebernard.com/cookies-de-noel-epices-cream-cheese-agrume-gingembre
https://lacuisinedebernard.com/tiramindoim-tiramisu-banane-cacahuete,https://staging.lacuisinedebernard.com/tiramindoim-tiramisu-banane-cacahuete
https://lacuisinedebernard.com/tiramindoim-tiramisu-banane-cacahuete/,https://staging.lacuisinedebernard.com/tiramindoim-tiramisu-banane-cacahuete
https://www.lacuisinedebernard.com/tiramindoim-tiramisu-banane-cacahuete,https://staging.lacuisinedebernard.com/tiramindoim-tiramisu-banane-cacahuete
https://www.lacuisinedebernard.com/tiramindoim-tiramisu-banane-cacahuete/,https://staging.lacuisinedebernard.com/tiramindoim-tiramisu-banane-cacahuete
https://lacuisinedebernard.com/nouilles-de-riz-aux-crevettes-et-sate,https://staging.lacuisinedebernard.com/nouilles-de-riz-aux-crevettes-et-sate
https://lacuisinedebernard.com/nouilles-de-riz-aux-crevettes-et-sate/,https://staging.lacuisinedebernard.com/nouilles-de-riz-aux-crevettes-et-sate
https://www.lacuisinedebernard.com/nouilles-de-riz-aux-crevettes-et-sate,https://staging.lacuisinedebernard.com/nouilles-de-riz-aux-crevettes-et-sate
https://www.lacuisinedebernard.com/nouilles-de-riz-aux-crevettes-et-sate/,https://staging.lacuisinedebernard.com/nouilles-de-riz-aux-crevettes-et-sate
https://lacuisinedebernard.com/gateau-citron-noix-de-coco-et-lait-concentre-sucre,https://staging.lacuisinedebernard.com/gateau-citron-noix-de-coco-et-lait-concentre-sucre
https://lacuisinedebernard.com/gateau-citron-noix-de-coco-et-lait-concentre-sucre/,https://staging.lacuisinedebernard.com/gateau-citron-noix-de-coco-et-lait-concentre-sucre
https://www.lacuisinedebernard.com/gateau-citron-noix-de-coco-et-lait-concentre-sucre,https://staging.lacuisinedebernard.com/gateau-citron-noix-de-coco-et-lait-concentre-sucre
https://www.lacuisinedebernard.com/gateau-citron-noix-de-coco-et-lait-concentre-sucre/,https://staging.lacuisinedebernard.com/gateau-citron-noix-de-coco-et-lait-concentre-sucre
https://lacuisinedebernard.com/raviolis-aux-cepes-giroles-et-noix-de-pecan,https://staging.lacuisinedebernard.com/raviolis-aux-cepes-giroles-et-noix-de-pecan
https://lacuisinedebernard.com/raviolis-aux-cepes-giroles-et-noix-de-pecan/,https://staging.lacuisinedebernard.com/raviolis-aux-cepes-giroles-et-noix-de-pecan
https://www.lacuisinedebernard.com/raviolis-aux-cepes-giroles-et-noix-de-pecan,https://staging.lacuisinedebernard.com/raviolis-aux-cepes-giroles-et-noix-de-pecan
https://www.lacuisinedebernard.com/raviolis-aux-cepes-giroles-et-noix-de-pecan/,https://staging.lacuisinedebernard.com/raviolis-aux-cepes-giroles-et-noix-de-pecan
https://lacuisinedebernard.com/flapjacks-orange-et-noix-de-pecan,https://staging.lacuisinedebernard.com/flapjacks-orange-et-noix-de-pecan
https://lacuisinedebernard.com/flapjacks-orange-et-noix-de-pecan/,https://staging.lacuisinedebernard.com/flapjacks-orange-et-noix-de-pecan
https://www.lacuisinedebernard.com/flapjacks-orange-et-noix-de-pecan,https://staging.lacuisinedebernard.com/flapjacks-orange-et-noix-de-pecan
https://www.lacuisinedebernard.com/flapjacks-orange-et-noix-de-pecan/,https://staging.lacuisinedebernard.com/flapjacks-orange-et-noix-de-pecan
https://lacuisinedebernard.com/tarte-noix-de-macadamia-et-caramel,https://staging.lacuisinedebernard.com/tarte-noix-de-macadamia-et-caramel
https://lacuisinedebernard.com/tarte-noix-de-macadamia-et-caramel/,https://staging.lacuisinedebernard.com/tarte-noix-de-macadamia-et-caramel
https://www.lacuisinedebernard.com/tarte-noix-de-macadamia-et-caramel,https://staging.lacuisinedebernard.com/tarte-noix-de-macadamia-et-caramel
https://www.lacuisinedebernard.com/tarte-noix-de-macadamia-et-caramel/,https://staging.lacuisinedebernard.com/tarte-noix-de-macadamia-et-caramel
https://lacuisinedebernard.com/frites-de-halloumi,https://staging.lacuisinedebernard.com/frites-de-halloumi
https://lacuisinedebernard.com/frites-de-halloumi/,https://staging.lacuisinedebernard.com/frites-de-halloumi
https://www.lacuisinedebernard.com/frites-de-halloumi,https://staging.lacuisinedebernard.com/frites-de-halloumi
https://www.lacuisinedebernard.com/frites-de-halloumi/,https://staging.lacuisinedebernard.com/frites-de-halloumi
https://lacuisinedebernard.com/pate-sucree-au-cacao,https://staging.lacuisinedebernard.com/pate-sucree-au-cacao
https://lacuisinedebernard.com/pate-sucree-au-cacao/,https://staging.lacuisinedebernard.com/pate-sucree-au-cacao
https://www.lacuisinedebernard.com/pate-sucree-au-cacao,https://staging.lacuisinedebernard.com/pate-sucree-au-cacao
https://www.lacuisinedebernard.com/pate-sucree-au-cacao/,https://staging.lacuisinedebernard.com/pate-sucree-au-cacao
https://lacuisinedebernard.com/huile-chlorophyllee,https://staging.lacuisinedebernard.com/huile-chlorophyllee
https://lacuisinedebernard.com/huile-chlorophyllee/,https://staging.lacuisinedebernard.com/huile-chlorophyllee
https://www.lacuisinedebernard.com/huile-chlorophyllee,https://staging.lacuisinedebernard.com/huile-chlorophyllee
https://www.lacuisinedebernard.com/huile-chlorophyllee/,https://staging.lacuisinedebernard.com/huile-chlorophyllee
https://lacuisinedebernard.com/cake-banane-chocolat-noir-cannelle,https://staging.lacuisinedebernard.com/cake-banane-chocolat-noir-cannelle
https://lacuisinedebernard.com/cake-banane-chocolat-noir-cannelle/,https://staging.lacuisinedebernard.com/cake-banane-chocolat-noir-cannelle
https://www.lacuisinedebernard.com/cake-banane-chocolat-noir-cannelle,https://staging.lacuisinedebernard.com/cake-banane-chocolat-noir-cannelle
https://www.lacuisinedebernard.com/cake-banane-chocolat-noir-cannelle/,https://staging.lacuisinedebernard.com/cake-banane-chocolat-noir-cannelle
https://lacuisinedebernard.com/bons-cadeaux-disponibles,https://staging.lacuisinedebernard.com/bons-cadeaux-disponibles
https://lacuisinedebernard.com/bons-cadeaux-disponibles/,https://staging.lacuisinedebernard.com/bons-cadeaux-disponibles
https://www.lacuisinedebernard.com/bons-cadeaux-disponibles,https://staging.lacuisinedebernard.com/bons-cadeaux-disponibles
https://www.lacuisinedebernard.com/bons-cadeaux-disponibles/,https://staging.lacuisinedebernard.com/bons-cadeaux-disponibles
https://lacuisinedebernard.com/pizza-noix-gorgonzola,https://staging.lacuisinedebernard.com/pizza-noix-gorgonzola
https://lacuisinedebernard.com/pizza-noix-gorgonzola/,https://staging.lacuisinedebernard.com/pizza-noix-gorgonzola
https://www.lacuisinedebernard.com/pizza-noix-gorgonzola,https://staging.lacuisinedebernard.com/pizza-noix-gorgonzola
https://www.lacuisinedebernard.com/pizza-noix-gorgonzola/,https://staging.lacuisinedebernard.com/pizza-noix-gorgonzola
https://lacuisinedebernard.com/pate-bigga-pour-pizza,https://staging.lacuisinedebernard.com/pate-bigga-pour-pizza
https://lacuisinedebernard.com/pate-bigga-pour-pizza/,https://staging.lacuisinedebernard.com/pate-bigga-pour-pizza
https://www.lacuisinedebernard.com/pate-bigga-pour-pizza,https://staging.lacuisinedebernard.com/pate-bigga-pour-pizza
https://www.lacuisinedebernard.com/pate-bigga-pour-pizza/,https://staging.lacuisinedebernard.com/pate-bigga-pour-pizza
https://lacuisinedebernard.com/salade-fraiche-de-pates-avocats-radis-et-zeste-de-citron,https://staging.lacuisinedebernard.com/salade-fraiche-de-pates-avocats-radis-et-zeste-de-citron
https://lacuisinedebernard.com/salade-fraiche-de-pates-avocats-radis-et-zeste-de-citron/,https://staging.lacuisinedebernard.com/salade-fraiche-de-pates-avocats-radis-et-zeste-de-citron
https://www.lacuisinedebernard.com/salade-fraiche-de-pates-avocats-radis-et-zeste-de-citron,https://staging.lacuisinedebernard.com/salade-fraiche-de-pates-avocats-radis-et-zeste-de-citron
https://www.lacuisinedebernard.com/salade-fraiche-de-pates-avocats-radis-et-zeste-de-citron/,https://staging.lacuisinedebernard.com/salade-fraiche-de-pates-avocats-radis-et-zeste-de-citron
https://lacuisinedebernard.com/tiramisulimoncello,https://staging.lacuisinedebernard.com/tiramisulimoncello
https://lacuisinedebernard.com/tiramisulimoncello/,https://staging.lacuisinedebernard.com/tiramisulimoncello
https://www.lacuisinedebernard.com/tiramisulimoncello,https://staging.lacuisinedebernard.com/tiramisulimoncello
https://www.lacuisinedebernard.com/tiramisulimoncello/,https://staging.lacuisinedebernard.com/tiramisulimoncello
https://lacuisinedebernard.com/pesto-aux-artichauts,https://staging.lacuisinedebernard.com/pesto-aux-artichauts
https://lacuisinedebernard.com/pesto-aux-artichauts/,https://staging.lacuisinedebernard.com/pesto-aux-artichauts
https://www.lacuisinedebernard.com/pesto-aux-artichauts,https://staging.lacuisinedebernard.com/pesto-aux-artichauts
https://www.lacuisinedebernard.com/pesto-aux-artichauts/,https://staging.lacuisinedebernard.com/pesto-aux-artichauts
https://lacuisinedebernard.com/gateau-fraises-rose-et-chantilly-au-cream-cheese,https://staging.lacuisinedebernard.com/gateau-fraises-rose-et-chantilly-au-cream-cheese
https://lacuisinedebernard.com/gateau-fraises-rose-et-chantilly-au-cream-cheese/,https://staging.lacuisinedebernard.com/gateau-fraises-rose-et-chantilly-au-cream-cheese
https://www.lacuisinedebernard.com/gateau-fraises-rose-et-chantilly-au-cream-cheese,https://staging.lacuisinedebernard.com/gateau-fraises-rose-et-chantilly-au-cream-cheese
https://www.lacuisinedebernard.com/gateau-fraises-rose-et-chantilly-au-cream-cheese/,https://staging.lacuisinedebernard.com/gateau-fraises-rose-et-chantilly-au-cream-cheese
https://lacuisinedebernard.com/salade-pates-de-lentille-corail-crevettes-pesto-et-tomates-cerises,https://staging.lacuisinedebernard.com/salade-pates-de-lentille-corail-crevettes-pesto-et-tomates-cerises
https://lacuisinedebernard.com/salade-pates-de-lentille-corail-crevettes-pesto-et-tomates-cerises/,https://staging.lacuisinedebernard.com/salade-pates-de-lentille-corail-crevettes-pesto-et-tomates-cerises
https://www.lacuisinedebernard.com/salade-pates-de-lentille-corail-crevettes-pesto-et-tomates-cerises,https://staging.lacuisinedebernard.com/salade-pates-de-lentille-corail-crevettes-pesto-et-tomates-cerises
https://www.lacuisinedebernard.com/salade-pates-de-lentille-corail-crevettes-pesto-et-tomates-cerises/,https://staging.lacuisinedebernard.com/salade-pates-de-lentille-corail-crevettes-pesto-et-tomates-cerises
https://lacuisinedebernard.com/champignons-croustillants-sauce-pimentee,https://staging.lacuisinedebernard.com/champignons-croustillants-sauce-pimentee
https://lacuisinedebernard.com/champignons-croustillants-sauce-pimentee/,https://staging.lacuisinedebernard.com/champignons-croustillants-sauce-pimentee
https://www.lacuisinedebernard.com/champignons-croustillants-sauce-pimentee,https://staging.lacuisinedebernard.com/champignons-croustillants-sauce-pimentee
https://www.lacuisinedebernard.com/champignons-croustillants-sauce-pimentee/,https://staging.lacuisinedebernard.com/champignons-croustillants-sauce-pimentee
https://lacuisinedebernard.com/trifle-ultra-frais-aux-fraises,https://staging.lacuisinedebernard.com/trifle-ultra-frais-aux-fraises
https://lacuisinedebernard.com/trifle-ultra-frais-aux-fraises/,https://staging.lacuisinedebernard.com/trifle-ultra-frais-aux-fraises
https://www.lacuisinedebernard.com/trifle-ultra-frais-aux-fraises,https://staging.lacuisinedebernard.com/trifle-ultra-frais-aux-fraises
https://www.lacuisinedebernard.com/trifle-ultra-frais-aux-fraises/,https://staging.lacuisinedebernard.com/trifle-ultra-frais-aux-fraises
https://lacuisinedebernard.com/tarte-tatin-salee-aux-echalotes,https://staging.lacuisinedebernard.com/tarte-tatin-salee-aux-echalotes
https://lacuisinedebernard.com/tarte-tatin-salee-aux-echalotes/,https://staging.lacuisinedebernard.com/tarte-tatin-salee-aux-echalotes
https://www.lacuisinedebernard.com/tarte-tatin-salee-aux-echalotes,https://staging.lacuisinedebernard.com/tarte-tatin-salee-aux-echalotes
https://www.lacuisinedebernard.com/tarte-tatin-salee-aux-echalotes/,https://staging.lacuisinedebernard.com/tarte-tatin-salee-aux-echalotes
https://lacuisinedebernard.com/tapenade-de-graines-de-tournesol-aux-tomates-sechees,https://staging.lacuisinedebernard.com/tapenade-de-graines-de-tournesol-aux-tomates-sechees
https://lacuisinedebernard.com/tapenade-de-graines-de-tournesol-aux-tomates-sechees/,https://staging.lacuisinedebernard.com/tapenade-de-graines-de-tournesol-aux-tomates-sechees
https://www.lacuisinedebernard.com/tapenade-de-graines-de-tournesol-aux-tomates-sechees,https://staging.lacuisinedebernard.com/tapenade-de-graines-de-tournesol-aux-tomates-sechees
https://www.lacuisinedebernard.com/tapenade-de-graines-de-tournesol-aux-tomates-sechees/,https://staging.lacuisinedebernard.com/tapenade-de-graines-de-tournesol-aux-tomates-sechees
https://lacuisinedebernard.com/entremet-ricotta-mascarpone-et-fruits-rouges,https://staging.lacuisinedebernard.com/entremet-ricotta-mascarpone-et-fruits-rouges
https://lacuisinedebernard.com/entremet-ricotta-mascarpone-et-fruits-rouges/,https://staging.lacuisinedebernard.com/entremet-ricotta-mascarpone-et-fruits-rouges
https://www.lacuisinedebernard.com/entremet-ricotta-mascarpone-et-fruits-rouges,https://staging.lacuisinedebernard.com/entremet-ricotta-mascarpone-et-fruits-rouges
https://www.lacuisinedebernard.com/entremet-ricotta-mascarpone-et-fruits-rouges/,https://staging.lacuisinedebernard.com/entremet-ricotta-mascarpone-et-fruits-rouges
https://lacuisinedebernard.com/macarons-amande-amere,https://staging.lacuisinedebernard.com/macarons-amande-amere
https://lacuisinedebernard.com/macarons-amande-amere/,https://staging.lacuisinedebernard.com/macarons-amande-amere
https://www.lacuisinedebernard.com/macarons-amande-amere,https://staging.lacuisinedebernard.com/macarons-amande-amere
https://www.lacuisinedebernard.com/macarons-amande-amere/,https://staging.lacuisinedebernard.com/macarons-amande-amere
https://lacuisinedebernard.com/hotteok-galettes-coreennes-sucrees-fourrees,https://staging.lacuisinedebernard.com/hotteok-galettes-coreennes-sucrees-fourrees
https://lacuisinedebernard.com/hotteok-galettes-coreennes-sucrees-fourrees/,https://staging.lacuisinedebernard.com/hotteok-galettes-coreennes-sucrees-fourrees
https://www.lacuisinedebernard.com/hotteok-galettes-coreennes-sucrees-fourrees,https://staging.lacuisinedebernard.com/hotteok-galettes-coreennes-sucrees-fourrees
https://www.lacuisinedebernard.com/hotteok-galettes-coreennes-sucrees-fourrees/,https://staging.lacuisinedebernard.com/hotteok-galettes-coreennes-sucrees-fourrees
https://lacuisinedebernard.com/rugbrod,https://staging.lacuisinedebernard.com/rugbrod
https://lacuisinedebernard.com/rugbrod/,https://staging.lacuisinedebernard.com/rugbrod
https://www.lacuisinedebernard.com/rugbrod,https://staging.lacuisinedebernard.com/rugbrod
https://www.lacuisinedebernard.com/rugbrod/,https://staging.lacuisinedebernard.com/rugbrod
https://lacuisinedebernard.com/gateau-frais-et-moelleux-au-citron,https://staging.lacuisinedebernard.com/gateau-frais-et-moelleux-au-citron
https://lacuisinedebernard.com/gateau-frais-et-moelleux-au-citron/,https://staging.lacuisinedebernard.com/gateau-frais-et-moelleux-au-citron
https://www.lacuisinedebernard.com/gateau-frais-et-moelleux-au-citron,https://staging.lacuisinedebernard.com/gateau-frais-et-moelleux-au-citron
https://www.lacuisinedebernard.com/gateau-frais-et-moelleux-au-citron/,https://staging.lacuisinedebernard.com/gateau-frais-et-moelleux-au-citron
https://lacuisinedebernard.com/semoule-au-lait-raisins-au-rhum,https://staging.lacuisinedebernard.com/semoule-au-lait-raisins-au-rhum
https://lacuisinedebernard.com/semoule-au-lait-raisins-au-rhum/,https://staging.lacuisinedebernard.com/semoule-au-lait-raisins-au-rhum
https://www.lacuisinedebernard.com/semoule-au-lait-raisins-au-rhum,https://staging.lacuisinedebernard.com/semoule-au-lait-raisins-au-rhum
https://www.lacuisinedebernard.com/semoule-au-lait-raisins-au-rhum/,https://staging.lacuisinedebernard.com/semoule-au-lait-raisins-au-rhum
https://lacuisinedebernard.com/smorrebrod-de-salmon,https://staging.lacuisinedebernard.com/smorrebrod-de-salmon
https://lacuisinedebernard.com/smorrebrod-de-salmon/,https://staging.lacuisinedebernard.com/smorrebrod-de-salmon
https://www.lacuisinedebernard.com/smorrebrod-de-salmon,https://staging.lacuisinedebernard.com/smorrebrod-de-salmon
https://www.lacuisinedebernard.com/smorrebrod-de-salmon/,https://staging.lacuisinedebernard.com/smorrebrod-de-salmon
https://lacuisinedebernard.com/salmao-smorrebrod,https://staging.lacuisinedebernard.com/salmao-smorrebrod
https://lacuisinedebernard.com/salmao-smorrebrod/,https://staging.lacuisinedebernard.com/salmao-smorrebrod
https://www.lacuisinedebernard.com/salmao-smorrebrod,https://staging.lacuisinedebernard.com/salmao-smorrebrod
https://www.lacuisinedebernard.com/salmao-smorrebrod/,https://staging.lacuisinedebernard.com/salmao-smorrebrod
https://lacuisinedebernard.com/salmon-smorrebrod,https://staging.lacuisinedebernard.com/salmon-smorrebrod
https://lacuisinedebernard.com/salmon-smorrebrod/,https://staging.lacuisinedebernard.com/salmon-smorrebrod
https://www.lacuisinedebernard.com/salmon-smorrebrod,https://staging.lacuisinedebernard.com/salmon-smorrebrod
https://www.lacuisinedebernard.com/salmon-smorrebrod/,https://staging.lacuisinedebernard.com/salmon-smorrebrod
https://lacuisinedebernard.com/smorrebrod-%d9%85%d8%b9-%d8%b3%d9%85%d9%83-%d8%a7%d9%84%d8%b3%d9%84%d9%85%d9%88%d9%86,https://staging.lacuisinedebernard.com/smorrebrod-%d9%85%d8%b9-%d8%b3%d9%85%d9%83-%d8%a7%d9%84%d8%b3%d9%84%d9%85%d9%88%d9%86
https://lacuisinedebernard.com/smorrebrod-%d9%85%d8%b9-%d8%b3%d9%85%d9%83-%d8%a7%d9%84%d8%b3%d9%84%d9%85%d9%88%d9%86/,https://staging.lacuisinedebernard.com/smorrebrod-%d9%85%d8%b9-%d8%b3%d9%85%d9%83-%d8%a7%d9%84%d8%b3%d9%84%d9%85%d9%88%d9%86
https://www.lacuisinedebernard.com/smorrebrod-%d9%85%d8%b9-%d8%b3%d9%85%d9%83-%d8%a7%d9%84%d8%b3%d9%84%d9%85%d9%88%d9%86,https://staging.lacuisinedebernard.com/smorrebrod-%d9%85%d8%b9-%d8%b3%d9%85%d9%83-%d8%a7%d9%84%d8%b3%d9%84%d9%85%d9%88%d9%86
https://www.lacuisinedebernard.com/smorrebrod-%d9%85%d8%b9-%d8%b3%d9%85%d9%83-%d8%a7%d9%84%d8%b3%d9%84%d9%85%d9%88%d9%86/,https://staging.lacuisinedebernard.com/smorrebrod-%d9%85%d8%b9-%d8%b3%d9%85%d9%83-%d8%a7%d9%84%d8%b3%d9%84%d9%85%d9%88%d9%86
https://lacuisinedebernard.com/anko-pasta-de-judias-azuki-tsubuan-y-koshian,https://staging.lacuisinedebernard.com/anko-pasta-de-judias-azuki-tsubuan-y-koshian
https://lacuisinedebernard.com/anko-pasta-de-judias-azuki-tsubuan-y-koshian/,https://staging.lacuisinedebernard.com/anko-pasta-de-judias-azuki-tsubuan-y-koshian
https://www.lacuisinedebernard.com/anko-pasta-de-judias-azuki-tsubuan-y-koshian,https://staging.lacuisinedebernard.com/anko-pasta-de-judias-azuki-tsubuan-y-koshian
https://www.lacuisinedebernard.com/anko-pasta-de-judias-azuki-tsubuan-y-koshian/,https://staging.lacuisinedebernard.com/anko-pasta-de-judias-azuki-tsubuan-y-koshian
https://lacuisinedebernard.com/anko-pasta-de-feijao-azuki-tsubuan-e-koshian,https://staging.lacuisinedebernard.com/anko-pasta-de-feijao-azuki-tsubuan-e-koshian
https://lacuisinedebernard.com/anko-pasta-de-feijao-azuki-tsubuan-e-koshian/,https://staging.lacuisinedebernard.com/anko-pasta-de-feijao-azuki-tsubuan-e-koshian
https://www.lacuisinedebernard.com/anko-pasta-de-feijao-azuki-tsubuan-e-koshian,https://staging.lacuisinedebernard.com/anko-pasta-de-feijao-azuki-tsubuan-e-koshian
https://www.lacuisinedebernard.com/anko-pasta-de-feijao-azuki-tsubuan-e-koshian/,https://staging.lacuisinedebernard.com/anko-pasta-de-feijao-azuki-tsubuan-e-koshian
https://lacuisinedebernard.com/anko-azuki-bean-paste-tsubuan-and-koshian,https://staging.lacuisinedebernard.com/anko-azuki-bean-paste-tsubuan-and-koshian
https://lacuisinedebernard.com/anko-azuki-bean-paste-tsubuan-and-koshian/,https://staging.lacuisinedebernard.com/anko-azuki-bean-paste-tsubuan-and-koshian
https://www.lacuisinedebernard.com/anko-azuki-bean-paste-tsubuan-and-koshian,https://staging.lacuisinedebernard.com/anko-azuki-bean-paste-tsubuan-and-koshian
https://www.lacuisinedebernard.com/anko-azuki-bean-paste-tsubuan-and-koshian/,https://staging.lacuisinedebernard.com/anko-azuki-bean-paste-tsubuan-and-koshian
https://lacuisinedebernard.com/%d8%a3%d9%86%d9%83%d9%88-%d9%85%d8%b9%d8%ac%d9%88%d9%86-%d8%a7%d9%84%d9%81%d9%88%d9%84-%d8%a3%d8%af%d8%b2%d9%88%d9%83%d9%8a-%d8%aa%d8%b3%d9%88%d8%a8%d9%88%d8%a7%d9%86-%d9%88%d9%83%d9%88%d8%b4%d9%8a,https://staging.lacuisinedebernard.com/%d8%a3%d9%86%d9%83%d9%88-%d9%85%d8%b9%d8%ac%d9%88%d9%86-%d8%a7%d9%84%d9%81%d9%88%d9%84-%d8%a3%d8%af%d8%b2%d9%88%d9%83%d9%8a-%d8%aa%d8%b3%d9%88%d8%a8%d9%88%d8%a7%d9%86-%d9%88%d9%83%d9%88%d8%b4%d9%8a
https://lacuisinedebernard.com/%d8%a3%d9%86%d9%83%d9%88-%d9%85%d8%b9%d8%ac%d9%88%d9%86-%d8%a7%d9%84%d9%81%d9%88%d9%84-%d8%a3%d8%af%d8%b2%d9%88%d9%83%d9%8a-%d8%aa%d8%b3%d9%88%d8%a8%d9%88%d8%a7%d9%86-%d9%88%d9%83%d9%88%d8%b4%d9%8a/,https://staging.lacuisinedebernard.com/%d8%a3%d9%86%d9%83%d9%88-%d9%85%d8%b9%d8%ac%d9%88%d9%86-%d8%a7%d9%84%d9%81%d9%88%d9%84-%d8%a3%d8%af%d8%b2%d9%88%d9%83%d9%8a-%d8%aa%d8%b3%d9%88%d8%a8%d9%88%d8%a7%d9%86-%d9%88%d9%83%d9%88%d8%b4%d9%8a
https://www.lacuisinedebernard.com/%d8%a3%d9%86%d9%83%d9%88-%d9%85%d8%b9%d8%ac%d9%88%d9%86-%d8%a7%d9%84%d9%81%d9%88%d9%84-%d8%a3%d8%af%d8%b2%d9%88%d9%83%d9%8a-%d8%aa%d8%b3%d9%88%d8%a8%d9%88%d8%a7%d9%86-%d9%88%d9%83%d9%88%d8%b4%d9%8a,https://staging.lacuisinedebernard.com/%d8%a3%d9%86%d9%83%d9%88-%d9%85%d8%b9%d8%ac%d9%88%d9%86-%d8%a7%d9%84%d9%81%d9%88%d9%84-%d8%a3%d8%af%d8%b2%d9%88%d9%83%d9%8a-%d8%aa%d8%b3%d9%88%d8%a8%d9%88%d8%a7%d9%86-%d9%88%d9%83%d9%88%d8%b4%d9%8a
https://www.lacuisinedebernard.com/%d8%a3%d9%86%d9%83%d9%88-%d9%85%d8%b9%d8%ac%d9%88%d9%86-%d8%a7%d9%84%d9%81%d9%88%d9%84-%d8%a3%d8%af%d8%b2%d9%88%d9%83%d9%8a-%d8%aa%d8%b3%d9%88%d8%a8%d9%88%d8%a7%d9%86-%d9%88%d9%83%d9%88%d8%b4%d9%8a/,https://staging.lacuisinedebernard.com/%d8%a3%d9%86%d9%83%d9%88-%d9%85%d8%b9%d8%ac%d9%88%d9%86-%d8%a7%d9%84%d9%81%d9%88%d9%84-%d8%a3%d8%af%d8%b2%d9%88%d9%83%d9%8a-%d8%aa%d8%b3%d9%88%d8%a8%d9%88%d8%a7%d9%86-%d9%88%d9%83%d9%88%d8%b4%d9%8a
https://lacuisinedebernard.com/dorayaki-et-taiyaki,https://staging.lacuisinedebernard.com/dorayaki-et-taiyaki
https://lacuisinedebernard.com/dorayaki-et-taiyaki/,https://staging.lacuisinedebernard.com/dorayaki-et-taiyaki
https://www.lacuisinedebernard.com/dorayaki-et-taiyaki,https://staging.lacuisinedebernard.com/dorayaki-et-taiyaki
https://www.lacuisinedebernard.com/dorayaki-et-taiyaki/,https://staging.lacuisinedebernard.com/dorayaki-et-taiyaki
https://lacuisinedebernard.com/anko-pate-de-haricot-azuki-tsubuan-et-koshian,https://staging.lacuisinedebernard.com/anko-pate-de-haricot-azuki-tsubuan-et-koshian
https://lacuisinedebernard.com/anko-pate-de-haricot-azuki-tsubuan-et-koshian/,https://staging.lacuisinedebernard.com/anko-pate-de-haricot-azuki-tsubuan-et-koshian
https://www.lacuisinedebernard.com/anko-pate-de-haricot-azuki-tsubuan-et-koshian,https://staging.lacuisinedebernard.com/anko-pate-de-haricot-azuki-tsubuan-et-koshian
https://www.lacuisinedebernard.com/anko-pate-de-haricot-azuki-tsubuan-et-koshian/,https://staging.lacuisinedebernard.com/anko-pate-de-haricot-azuki-tsubuan-et-koshian
https://lacuisinedebernard.com/smorrebrod-au-saumon,https://staging.lacuisinedebernard.com/smorrebrod-au-saumon
https://lacuisinedebernard.com/smorrebrod-au-saumon/,https://staging.lacuisinedebernard.com/smorrebrod-au-saumon
https://www.lacuisinedebernard.com/smorrebrod-au-saumon,https://staging.lacuisinedebernard.com/smorrebrod-au-saumon
https://www.lacuisinedebernard.com/smorrebrod-au-saumon/,https://staging.lacuisinedebernard.com/smorrebrod-au-saumon
https://lacuisinedebernard.com/smorrebrod-au-poulet-et-champignons,https://staging.lacuisinedebernard.com/smorrebrod-au-poulet-et-champignons
https://lacuisinedebernard.com/smorrebrod-au-poulet-et-champignons/,https://staging.lacuisinedebernard.com/smorrebrod-au-poulet-et-champignons
https://www.lacuisinedebernard.com/smorrebrod-au-poulet-et-champignons,https://staging.lacuisinedebernard.com/smorrebrod-au-poulet-et-champignons
https://www.lacuisinedebernard.com/smorrebrod-au-poulet-et-champignons/,https://staging.lacuisinedebernard.com/smorrebrod-au-poulet-et-champignons
https://lacuisinedebernard.com/smorrebrod-aux-crevettes,https://staging.lacuisinedebernard.com/smorrebrod-aux-crevettes
https://lacuisinedebernard.com/smorrebrod-aux-crevettes/,https://staging.lacuisinedebernard.com/smorrebrod-aux-crevettes
https://www.lacuisinedebernard.com/smorrebrod-aux-crevettes,https://staging.lacuisinedebernard.com/smorrebrod-aux-crevettes
https://www.lacuisinedebernard.com/smorrebrod-aux-crevettes/,https://staging.lacuisinedebernard.com/smorrebrod-aux-crevettes
https://lacuisinedebernard.com/shrimp-cakes-pimentes,https://staging.lacuisinedebernard.com/shrimp-cakes-pimentes
https://lacuisinedebernard.com/shrimp-cakes-pimentes/,https://staging.lacuisinedebernard.com/shrimp-cakes-pimentes
https://www.lacuisinedebernard.com/shrimp-cakes-pimentes,https://staging.lacuisinedebernard.com/shrimp-cakes-pimentes
https://www.lacuisinedebernard.com/shrimp-cakes-pimentes/,https://staging.lacuisinedebernard.com/shrimp-cakes-pimentes
https://lacuisinedebernard.com/rouleaux-de-salade-poulet-au-curry-pomme-verte-et-avocat,https://staging.lacuisinedebernard.com/rouleaux-de-salade-poulet-au-curry-pomme-verte-et-avocat
https://lacuisinedebernard.com/rouleaux-de-salade-poulet-au-curry-pomme-verte-et-avocat/,https://staging.lacuisinedebernard.com/rouleaux-de-salade-poulet-au-curry-pomme-verte-et-avocat
https://www.lacuisinedebernard.com/rouleaux-de-salade-poulet-au-curry-pomme-verte-et-avocat,https://staging.lacuisinedebernard.com/rouleaux-de-salade-poulet-au-curry-pomme-verte-et-avocat
https://www.lacuisinedebernard.com/rouleaux-de-salade-poulet-au-curry-pomme-verte-et-avocat/,https://staging.lacuisinedebernard.com/rouleaux-de-salade-poulet-au-curry-pomme-verte-et-avocat
https://lacuisinedebernard.com/cake-semoule-pistache-et-zeste-dorange,https://staging.lacuisinedebernard.com/cake-semoule-pistache-et-zeste-dorange
https://lacuisinedebernard.com/cake-semoule-pistache-et-zeste-dorange/,https://staging.lacuisinedebernard.com/cake-semoule-pistache-et-zeste-dorange
https://www.lacuisinedebernard.com/cake-semoule-pistache-et-zeste-dorange,https://staging.lacuisinedebernard.com/cake-semoule-pistache-et-zeste-dorange
https://www.lacuisinedebernard.com/cake-semoule-pistache-et-zeste-dorange/,https://staging.lacuisinedebernard.com/cake-semoule-pistache-et-zeste-dorange
https://lacuisinedebernard.com/babka-creme-de-marrons-noix-et-cream-cheese,https://staging.lacuisinedebernard.com/babka-creme-de-marrons-noix-et-cream-cheese
https://lacuisinedebernard.com/babka-creme-de-marrons-noix-et-cream-cheese/,https://staging.lacuisinedebernard.com/babka-creme-de-marrons-noix-et-cream-cheese
https://www.lacuisinedebernard.com/babka-creme-de-marrons-noix-et-cream-cheese,https://staging.lacuisinedebernard.com/babka-creme-de-marrons-noix-et-cream-cheese
https://www.lacuisinedebernard.com/babka-creme-de-marrons-noix-et-cream-cheese/,https://staging.lacuisinedebernard.com/babka-creme-de-marrons-noix-et-cream-cheese
https://lacuisinedebernard.com/sableavoinecannebergeorange,https://staging.lacuisinedebernard.com/sableavoinecannebergeorange
https://lacuisinedebernard.com/sableavoinecannebergeorange/,https://staging.lacuisinedebernard.com/sableavoinecannebergeorange
https://www.lacuisinedebernard.com/sableavoinecannebergeorange,https://staging.lacuisinedebernard.com/sableavoinecannebergeorange
https://www.lacuisinedebernard.com/sableavoinecannebergeorange/,https://staging.lacuisinedebernard.com/sableavoinecannebergeorange
https://lacuisinedebernard.com/carres-granola,https://staging.lacuisinedebernard.com/carres-granola
https://lacuisinedebernard.com/carres-granola/,https://staging.lacuisinedebernard.com/carres-granola
https://www.lacuisinedebernard.com/carres-granola,https://staging.lacuisinedebernard.com/carres-granola
https://www.lacuisinedebernard.com/carres-granola/,https://staging.lacuisinedebernard.com/carres-granola
https://lacuisinedebernard.com/yaki-onigiri-with-spicy-tuna,https://staging.lacuisinedebernard.com/yaki-onigiri-with-spicy-tuna
https://lacuisinedebernard.com/yaki-onigiri-with-spicy-tuna/,https://staging.lacuisinedebernard.com/yaki-onigiri-with-spicy-tuna
https://www.lacuisinedebernard.com/yaki-onigiri-with-spicy-tuna,https://staging.lacuisinedebernard.com/yaki-onigiri-with-spicy-tuna
https://www.lacuisinedebernard.com/yaki-onigiri-with-spicy-tuna/,https://staging.lacuisinedebernard.com/yaki-onigiri-with-spicy-tuna
https://lacuisinedebernard.com/%d8%a8%d8%b1%d9%88%d8%b4%d9%8a%d8%aa%d8%a7-%d9%85%d8%b9-%d8%a7%d9%84%d9%81%d8%b7%d8%b1-%d9%88%d8%a7%d9%84%d8%a8%d8%a7%d8%b1%d9%85%d9%8a%d8%b2%d8%a7%d9%86,https://staging.lacuisinedebernard.com/%d8%a8%d8%b1%d9%88%d8%b4%d9%8a%d8%aa%d8%a7-%d9%85%d8%b9-%d8%a7%d9%84%d9%81%d8%b7%d8%b1-%d9%88%d8%a7%d9%84%d8%a8%d8%a7%d8%b1%d9%85%d9%8a%d8%b2%d8%a7%d9%86
https://lacuisinedebernard.com/%d8%a8%d8%b1%d9%88%d8%b4%d9%8a%d8%aa%d8%a7-%d9%85%d8%b9-%d8%a7%d9%84%d9%81%d8%b7%d8%b1-%d9%88%d8%a7%d9%84%d8%a8%d8%a7%d8%b1%d9%85%d9%8a%d8%b2%d8%a7%d9%86/,https://staging.lacuisinedebernard.com/%d8%a8%d8%b1%d9%88%d8%b4%d9%8a%d8%aa%d8%a7-%d9%85%d8%b9-%d8%a7%d9%84%d9%81%d8%b7%d8%b1-%d9%88%d8%a7%d9%84%d8%a8%d8%a7%d8%b1%d9%85%d9%8a%d8%b2%d8%a7%d9%86
https://www.lacuisinedebernard.com/%d8%a8%d8%b1%d9%88%d8%b4%d9%8a%d8%aa%d8%a7-%d9%85%d8%b9-%d8%a7%d9%84%d9%81%d8%b7%d8%b1-%d9%88%d8%a7%d9%84%d8%a8%d8%a7%d8%b1%d9%85%d9%8a%d8%b2%d8%a7%d9%86,https://staging.lacuisinedebernard.com/%d8%a8%d8%b1%d9%88%d8%b4%d9%8a%d8%aa%d8%a7-%d9%85%d8%b9-%d8%a7%d9%84%d9%81%d8%b7%d8%b1-%d9%88%d8%a7%d9%84%d8%a8%d8%a7%d8%b1%d9%85%d9%8a%d8%b2%d8%a7%d9%86
https://www.lacuisinedebernard.com/%d8%a8%d8%b1%d9%88%d8%b4%d9%8a%d8%aa%d8%a7-%d9%85%d8%b9-%d8%a7%d9%84%d9%81%d8%b7%d8%b1-%d9%88%d8%a7%d9%84%d8%a8%d8%a7%d8%b1%d9%85%d9%8a%d8%b2%d8%a7%d9%86/,https://staging.lacuisinedebernard.com/%d8%a8%d8%b1%d9%88%d8%b4%d9%8a%d8%aa%d8%a7-%d9%85%d8%b9-%d8%a7%d9%84%d9%81%d8%b7%d8%b1-%d9%88%d8%a7%d9%84%d8%a8%d8%a7%d8%b1%d9%85%d9%8a%d8%b2%d8%a7%d9%86
https://lacuisinedebernard.com/galletas-de-chocolate-y-nueces,https://staging.lacuisinedebernard.com/galletas-de-chocolate-y-nueces
https://lacuisinedebernard.com/galletas-de-chocolate-y-nueces/,https://staging.lacuisinedebernard.com/galletas-de-chocolate-y-nueces
https://www.lacuisinedebernard.com/galletas-de-chocolate-y-nueces,https://staging.lacuisinedebernard.com/galletas-de-chocolate-y-nueces
https://www.lacuisinedebernard.com/galletas-de-chocolate-y-nueces/,https://staging.lacuisinedebernard.com/galletas-de-chocolate-y-nueces
https://lacuisinedebernard.com/couves-de-bruxelas-cogumelos-com-molho-de-gorgonzola-e-nozes-peca-parmesao-desmoronadas,https://staging.lacuisinedebernard.com/couves-de-bruxelas-cogumelos-com-molho-de-gorgonzola-e-nozes-peca-parmesao-desmoronadas
https://lacuisinedebernard.com/couves-de-bruxelas-cogumelos-com-molho-de-gorgonzola-e-nozes-peca-parmesao-desmoronadas/,https://staging.lacuisinedebernard.com/couves-de-bruxelas-cogumelos-com-molho-de-gorgonzola-e-nozes-peca-parmesao-desmoronadas
https://www.lacuisinedebernard.com/couves-de-bruxelas-cogumelos-com-molho-de-gorgonzola-e-nozes-peca-parmesao-desmoronadas,https://staging.lacuisinedebernard.com/couves-de-bruxelas-cogumelos-com-molho-de-gorgonzola-e-nozes-peca-parmesao-desmoronadas
https://www.lacuisinedebernard.com/couves-de-bruxelas-cogumelos-com-molho-de-gorgonzola-e-nozes-peca-parmesao-desmoronadas/,https://staging.lacuisinedebernard.com/couves-de-bruxelas-cogumelos-com-molho-de-gorgonzola-e-nozes-peca-parmesao-desmoronadas
https://lacuisinedebernard.com/brussels-sprouts-mushrooms-with-gorgonzola-sauce-and-parmesan-pecan-crumble,https://staging.lacuisinedebernard.com/brussels-sprouts-mushrooms-with-gorgonzola-sauce-and-parmesan-pecan-crumble
https://lacuisinedebernard.com/brussels-sprouts-mushrooms-with-gorgonzola-sauce-and-parmesan-pecan-crumble/,https://staging.lacuisinedebernard.com/brussels-sprouts-mushrooms-with-gorgonzola-sauce-and-parmesan-pecan-crumble
https://www.lacuisinedebernard.com/brussels-sprouts-mushrooms-with-gorgonzola-sauce-and-parmesan-pecan-crumble,https://staging.lacuisinedebernard.com/brussels-sprouts-mushrooms-with-gorgonzola-sauce-and-parmesan-pecan-crumble
https://www.lacuisinedebernard.com/brussels-sprouts-mushrooms-with-gorgonzola-sauce-and-parmesan-pecan-crumble/,https://staging.lacuisinedebernard.com/brussels-sprouts-mushrooms-with-gorgonzola-sauce-and-parmesan-pecan-crumble
https://lacuisinedebernard.com/%d9%83%d8%b1%d9%86%d8%a8-%d8%a8%d8%b1%d9%88%d9%83%d8%b3%d9%8a%d9%84-%d8%8c-%d9%81%d8%b7%d8%b1-%d9%85%d8%b9-%d8%b5%d9%84%d8%b5%d8%a9-%d8%ac%d9%88%d8%b1%d8%ac%d9%88%d9%86%d8%b2%d9%88%d9%84%d8%a7-%d9%88,https://staging.lacuisinedebernard.com/%d9%83%d8%b1%d9%86%d8%a8-%d8%a8%d8%b1%d9%88%d9%83%d8%b3%d9%8a%d9%84-%d8%8c-%d9%81%d8%b7%d8%b1-%d9%85%d8%b9-%d8%b5%d9%84%d8%b5%d8%a9-%d8%ac%d9%88%d8%b1%d8%ac%d9%88%d9%86%d8%b2%d9%88%d9%84%d8%a7-%d9%88
https://lacuisinedebernard.com/%d9%83%d8%b1%d9%86%d8%a8-%d8%a8%d8%b1%d9%88%d9%83%d8%b3%d9%8a%d9%84-%d8%8c-%d9%81%d8%b7%d8%b1-%d9%85%d8%b9-%d8%b5%d9%84%d8%b5%d8%a9-%d8%ac%d9%88%d8%b1%d8%ac%d9%88%d9%86%d8%b2%d9%88%d9%84%d8%a7-%d9%88/,https://staging.lacuisinedebernard.com/%d9%83%d8%b1%d9%86%d8%a8-%d8%a8%d8%b1%d9%88%d9%83%d8%b3%d9%8a%d9%84-%d8%8c-%d9%81%d8%b7%d8%b1-%d9%85%d8%b9-%d8%b5%d9%84%d8%b5%d8%a9-%d8%ac%d9%88%d8%b1%d8%ac%d9%88%d9%86%d8%b2%d9%88%d9%84%d8%a7-%d9%88
https://www.lacuisinedebernard.com/%d9%83%d8%b1%d9%86%d8%a8-%d8%a8%d8%b1%d9%88%d9%83%d8%b3%d9%8a%d9%84-%d8%8c-%d9%81%d8%b7%d8%b1-%d9%85%d8%b9-%d8%b5%d9%84%d8%b5%d8%a9-%d8%ac%d9%88%d8%b1%d8%ac%d9%88%d9%86%d8%b2%d9%88%d9%84%d8%a7-%d9%88,https://staging.lacuisinedebernard.com/%d9%83%d8%b1%d9%86%d8%a8-%d8%a8%d8%b1%d9%88%d9%83%d8%b3%d9%8a%d9%84-%d8%8c-%d9%81%d8%b7%d8%b1-%d9%85%d8%b9-%d8%b5%d9%84%d8%b5%d8%a9-%d8%ac%d9%88%d8%b1%d8%ac%d9%88%d9%86%d8%b2%d9%88%d9%84%d8%a7-%d9%88
https://www.lacuisinedebernard.com/%d9%83%d8%b1%d9%86%d8%a8-%d8%a8%d8%b1%d9%88%d9%83%d8%b3%d9%8a%d9%84-%d8%8c-%d9%81%d8%b7%d8%b1-%d9%85%d8%b9-%d8%b5%d9%84%d8%b5%d8%a9-%d8%ac%d9%88%d8%b1%d8%ac%d9%88%d9%86%d8%b2%d9%88%d9%84%d8%a7-%d9%88/,https://staging.lacuisinedebernard.com/%d9%83%d8%b1%d9%86%d8%a8-%d8%a8%d8%b1%d9%88%d9%83%d8%b3%d9%8a%d9%84-%d8%8c-%d9%81%d8%b7%d8%b1-%d9%85%d8%b9-%d8%b5%d9%84%d8%b5%d8%a9-%d8%ac%d9%88%d8%b1%d8%ac%d9%88%d9%86%d8%b2%d9%88%d9%84%d8%a7-%d9%88
https://lacuisinedebernard.com/bruschetta-con-champinones-y-parmesano,https://staging.lacuisinedebernard.com/bruschetta-con-champinones-y-parmesano
https://lacuisinedebernard.com/bruschetta-con-champinones-y-parmesano/,https://staging.lacuisinedebernard.com/bruschetta-con-champinones-y-parmesano
https://www.lacuisinedebernard.com/bruschetta-con-champinones-y-parmesano,https://staging.lacuisinedebernard.com/bruschetta-con-champinones-y-parmesano
https://www.lacuisinedebernard.com/bruschetta-con-champinones-y-parmesano/,https://staging.lacuisinedebernard.com/bruschetta-con-champinones-y-parmesano
https://lacuisinedebernard.com/bruschetta-com-cogumelos-e-parmesao,https://staging.lacuisinedebernard.com/bruschetta-com-cogumelos-e-parmesao
https://lacuisinedebernard.com/bruschetta-com-cogumelos-e-parmesao/,https://staging.lacuisinedebernard.com/bruschetta-com-cogumelos-e-parmesao
https://www.lacuisinedebernard.com/bruschetta-com-cogumelos-e-parmesao,https://staging.lacuisinedebernard.com/bruschetta-com-cogumelos-e-parmesao
https://www.lacuisinedebernard.com/bruschetta-com-cogumelos-e-parmesao/,https://staging.lacuisinedebernard.com/bruschetta-com-cogumelos-e-parmesao
https://lacuisinedebernard.com/coles-de-bruselas-champinones-con-salsa-de-gorgonzola-y-crumble-de-nueces-y-parmesano,https://staging.lacuisinedebernard.com/coles-de-bruselas-champinones-con-salsa-de-gorgonzola-y-crumble-de-nueces-y-parmesano
https://lacuisinedebernard.com/coles-de-bruselas-champinones-con-salsa-de-gorgonzola-y-crumble-de-nueces-y-parmesano/,https://staging.lacuisinedebernard.com/coles-de-bruselas-champinones-con-salsa-de-gorgonzola-y-crumble-de-nueces-y-parmesano
https://www.lacuisinedebernard.com/coles-de-bruselas-champinones-con-salsa-de-gorgonzola-y-crumble-de-nueces-y-parmesano,https://staging.lacuisinedebernard.com/coles-de-bruselas-champinones-con-salsa-de-gorgonzola-y-crumble-de-nueces-y-parmesano
https://www.lacuisinedebernard.com/coles-de-bruselas-champinones-con-salsa-de-gorgonzola-y-crumble-de-nueces-y-parmesano/,https://staging.lacuisinedebernard.com/coles-de-bruselas-champinones-con-salsa-de-gorgonzola-y-crumble-de-nueces-y-parmesano
https://lacuisinedebernard.com/choux-de-bruxelles-champignons-sauce-gorgonzola-et-crumble-parmesan-noix-de-pecan,https://staging.lacuisinedebernard.com/choux-de-bruxelles-champignons-sauce-gorgonzola-et-crumble-parmesan-noix-de-pecan
https://lacuisinedebernard.com/choux-de-bruxelles-champignons-sauce-gorgonzola-et-crumble-parmesan-noix-de-pecan/,https://staging.lacuisinedebernard.com/choux-de-bruxelles-champignons-sauce-gorgonzola-et-crumble-parmesan-noix-de-pecan
https://www.lacuisinedebernard.com/choux-de-bruxelles-champignons-sauce-gorgonzola-et-crumble-parmesan-noix-de-pecan,https://staging.lacuisinedebernard.com/choux-de-bruxelles-champignons-sauce-gorgonzola-et-crumble-parmesan-noix-de-pecan
https://www.lacuisinedebernard.com/choux-de-bruxelles-champignons-sauce-gorgonzola-et-crumble-parmesan-noix-de-pecan/,https://staging.lacuisinedebernard.com/choux-de-bruxelles-champignons-sauce-gorgonzola-et-crumble-parmesan-noix-de-pecan
https://lacuisinedebernard.com/yaki-onigiri-au-thon-pimente,https://staging.lacuisinedebernard.com/yaki-onigiri-au-thon-pimente
https://lacuisinedebernard.com/yaki-onigiri-au-thon-pimente/,https://staging.lacuisinedebernard.com/yaki-onigiri-au-thon-pimente
https://www.lacuisinedebernard.com/yaki-onigiri-au-thon-pimente,https://staging.lacuisinedebernard.com/yaki-onigiri-au-thon-pimente
https://www.lacuisinedebernard.com/yaki-onigiri-au-thon-pimente/,https://staging.lacuisinedebernard.com/yaki-onigiri-au-thon-pimente
https://lacuisinedebernard.com/cookies-chocolat-noix-de-pecan-2,https://staging.lacuisinedebernard.com/cookies-chocolat-noix-de-pecan-2
https://lacuisinedebernard.com/cookies-chocolat-noix-de-pecan-2/,https://staging.lacuisinedebernard.com/cookies-chocolat-noix-de-pecan-2
https://www.lacuisinedebernard.com/cookies-chocolat-noix-de-pecan-2,https://staging.lacuisinedebernard.com/cookies-chocolat-noix-de-pecan-2
https://www.lacuisinedebernard.com/cookies-chocolat-noix-de-pecan-2/,https://staging.lacuisinedebernard.com/cookies-chocolat-noix-de-pecan-2
https://lacuisinedebernard.com/bruschetta-aux-champignons-et-parmesan,https://staging.lacuisinedebernard.com/bruschetta-aux-champignons-et-parmesan
https://lacuisinedebernard.com/bruschetta-aux-champignons-et-parmesan/,https://staging.lacuisinedebernard.com/bruschetta-aux-champignons-et-parmesan
https://www.lacuisinedebernard.com/bruschetta-aux-champignons-et-parmesan,https://staging.lacuisinedebernard.com/bruschetta-aux-champignons-et-parmesan
https://www.lacuisinedebernard.com/bruschetta-aux-champignons-et-parmesan/,https://staging.lacuisinedebernard.com/bruschetta-aux-champignons-et-parmesan
https://lacuisinedebernard.com/tarte-rhum-amande-chocolat-et-poire,https://staging.lacuisinedebernard.com/tarte-rhum-amande-chocolat-et-poire
https://lacuisinedebernard.com/tarte-rhum-amande-chocolat-et-poire/,https://staging.lacuisinedebernard.com/tarte-rhum-amande-chocolat-et-poire
https://www.lacuisinedebernard.com/tarte-rhum-amande-chocolat-et-poire,https://staging.lacuisinedebernard.com/tarte-rhum-amande-chocolat-et-poire
https://www.lacuisinedebernard.com/tarte-rhum-amande-chocolat-et-poire/,https://staging.lacuisinedebernard.com/tarte-rhum-amande-chocolat-et-poire
https://lacuisinedebernard.com/bolo-de-banana-chocolate-e-manteiga-de-amendoim,https://staging.lacuisinedebernard.com/bolo-de-banana-chocolate-e-manteiga-de-amendoim
https://lacuisinedebernard.com/bolo-de-banana-chocolate-e-manteiga-de-amendoim/,https://staging.lacuisinedebernard.com/bolo-de-banana-chocolate-e-manteiga-de-amendoim
https://www.lacuisinedebernard.com/bolo-de-banana-chocolate-e-manteiga-de-amendoim,https://staging.lacuisinedebernard.com/bolo-de-banana-chocolate-e-manteiga-de-amendoim
https://www.lacuisinedebernard.com/bolo-de-banana-chocolate-e-manteiga-de-amendoim/,https://staging.lacuisinedebernard.com/bolo-de-banana-chocolate-e-manteiga-de-amendoim
https://lacuisinedebernard.com/tarta-de-platano-chocolate-y-mantequilla-de-cacahuete,https://staging.lacuisinedebernard.com/tarta-de-platano-chocolate-y-mantequilla-de-cacahuete
https://lacuisinedebernard.com/tarta-de-platano-chocolate-y-mantequilla-de-cacahuete/,https://staging.lacuisinedebernard.com/tarta-de-platano-chocolate-y-mantequilla-de-cacahuete
https://www.lacuisinedebernard.com/tarta-de-platano-chocolate-y-mantequilla-de-cacahuete,https://staging.lacuisinedebernard.com/tarta-de-platano-chocolate-y-mantequilla-de-cacahuete
https://www.lacuisinedebernard.com/tarta-de-platano-chocolate-y-mantequilla-de-cacahuete/,https://staging.lacuisinedebernard.com/tarta-de-platano-chocolate-y-mantequilla-de-cacahuete
https://lacuisinedebernard.com/banana-chocolate-and-peanut-butter-cake,https://staging.lacuisinedebernard.com/banana-chocolate-and-peanut-butter-cake
https://lacuisinedebernard.com/banana-chocolate-and-peanut-butter-cake/,https://staging.lacuisinedebernard.com/banana-chocolate-and-peanut-butter-cake
https://www.lacuisinedebernard.com/banana-chocolate-and-peanut-butter-cake,https://staging.lacuisinedebernard.com/banana-chocolate-and-peanut-butter-cake
https://www.lacuisinedebernard.com/banana-chocolate-and-peanut-butter-cake/,https://staging.lacuisinedebernard.com/banana-chocolate-and-peanut-butter-cake
https://lacuisinedebernard.com/%d9%83%d9%8a%d9%83-%d8%a7%d9%84%d9%85%d9%88%d8%b2-%d9%88%d8%a7%d9%84%d8%b4%d9%88%d9%83%d9%88%d9%84%d8%a7%d8%aa%d8%a9-%d9%88%d8%b2%d8%a8%d8%af%d8%a9-%d8%a7%d9%84%d9%81%d9%88%d9%84-%d8%a7%d9%84%d8%b3,https://staging.lacuisinedebernard.com/%d9%83%d9%8a%d9%83-%d8%a7%d9%84%d9%85%d9%88%d8%b2-%d9%88%d8%a7%d9%84%d8%b4%d9%88%d9%83%d9%88%d9%84%d8%a7%d8%aa%d8%a9-%d9%88%d8%b2%d8%a8%d8%af%d8%a9-%d8%a7%d9%84%d9%81%d9%88%d9%84-%d8%a7%d9%84%d8%b3
https://lacuisinedebernard.com/%d9%83%d9%8a%d9%83-%d8%a7%d9%84%d9%85%d9%88%d8%b2-%d9%88%d8%a7%d9%84%d8%b4%d9%88%d9%83%d9%88%d9%84%d8%a7%d8%aa%d8%a9-%d9%88%d8%b2%d8%a8%d8%af%d8%a9-%d8%a7%d9%84%d9%81%d9%88%d9%84-%d8%a7%d9%84%d8%b3/,https://staging.lacuisinedebernard.com/%d9%83%d9%8a%d9%83-%d8%a7%d9%84%d9%85%d9%88%d8%b2-%d9%88%d8%a7%d9%84%d8%b4%d9%88%d9%83%d9%88%d9%84%d8%a7%d8%aa%d8%a9-%d9%88%d8%b2%d8%a8%d8%af%d8%a9-%d8%a7%d9%84%d9%81%d9%88%d9%84-%d8%a7%d9%84%d8%b3
https://www.lacuisinedebernard.com/%d9%83%d9%8a%d9%83-%d8%a7%d9%84%d9%85%d9%88%d8%b2-%d9%88%d8%a7%d9%84%d8%b4%d9%88%d9%83%d9%88%d9%84%d8%a7%d8%aa%d8%a9-%d9%88%d8%b2%d8%a8%d8%af%d8%a9-%d8%a7%d9%84%d9%81%d9%88%d9%84-%d8%a7%d9%84%d8%b3,https://staging.lacuisinedebernard.com/%d9%83%d9%8a%d9%83-%d8%a7%d9%84%d9%85%d9%88%d8%b2-%d9%88%d8%a7%d9%84%d8%b4%d9%88%d9%83%d9%88%d9%84%d8%a7%d8%aa%d8%a9-%d9%88%d8%b2%d8%a8%d8%af%d8%a9-%d8%a7%d9%84%d9%81%d9%88%d9%84-%d8%a7%d9%84%d8%b3
https://www.lacuisinedebernard.com/%d9%83%d9%8a%d9%83-%d8%a7%d9%84%d9%85%d9%88%d8%b2-%d9%88%d8%a7%d9%84%d8%b4%d9%88%d9%83%d9%88%d9%84%d8%a7%d8%aa%d8%a9-%d9%88%d8%b2%d8%a8%d8%af%d8%a9-%d8%a7%d9%84%d9%81%d9%88%d9%84-%d8%a7%d9%84%d8%b3/,https://staging.lacuisinedebernard.com/%d9%83%d9%8a%d9%83-%d8%a7%d9%84%d9%85%d9%88%d8%b2-%d9%88%d8%a7%d9%84%d8%b4%d9%88%d9%83%d9%88%d9%84%d8%a7%d8%aa%d8%a9-%d9%88%d8%b2%d8%a8%d8%af%d8%a9-%d8%a7%d9%84%d9%81%d9%88%d9%84-%d8%a7%d9%84%d8%b3
https://lacuisinedebernard.com/cake-banane-chocolat-et-beurre-de-cacahuete,https://staging.lacuisinedebernard.com/cake-banane-chocolat-et-beurre-de-cacahuete
https://lacuisinedebernard.com/cake-banane-chocolat-et-beurre-de-cacahuete/,https://staging.lacuisinedebernard.com/cake-banane-chocolat-et-beurre-de-cacahuete
https://www.lacuisinedebernard.com/cake-banane-chocolat-et-beurre-de-cacahuete,https://staging.lacuisinedebernard.com/cake-banane-chocolat-et-beurre-de-cacahuete
https://www.lacuisinedebernard.com/cake-banane-chocolat-et-beurre-de-cacahuete/,https://staging.lacuisinedebernard.com/cake-banane-chocolat-et-beurre-de-cacahuete
https://lacuisinedebernard.com/galette-des-rois-de-naranja-y-limon-con-grand-marnier,https://staging.lacuisinedebernard.com/galette-des-rois-de-naranja-y-limon-con-grand-marnier
https://lacuisinedebernard.com/galette-des-rois-de-naranja-y-limon-con-grand-marnier/,https://staging.lacuisinedebernard.com/galette-des-rois-de-naranja-y-limon-con-grand-marnier
https://www.lacuisinedebernard.com/galette-des-rois-de-naranja-y-limon-con-grand-marnier,https://staging.lacuisinedebernard.com/galette-des-rois-de-naranja-y-limon-con-grand-marnier
https://www.lacuisinedebernard.com/galette-des-rois-de-naranja-y-limon-con-grand-marnier/,https://staging.lacuisinedebernard.com/galette-des-rois-de-naranja-y-limon-con-grand-marnier
https://lacuisinedebernard.com/orange-and-lemon-galette-des-rois-with-grand-marnier,https://staging.lacuisinedebernard.com/orange-and-lemon-galette-des-rois-with-grand-marnier
https://lacuisinedebernard.com/orange-and-lemon-galette-des-rois-with-grand-marnier/,https://staging.lacuisinedebernard.com/orange-and-lemon-galette-des-rois-with-grand-marnier
https://www.lacuisinedebernard.com/orange-and-lemon-galette-des-rois-with-grand-marnier,https://staging.lacuisinedebernard.com/orange-and-lemon-galette-des-rois-with-grand-marnier
https://www.lacuisinedebernard.com/orange-and-lemon-galette-des-rois-with-grand-marnier/,https://staging.lacuisinedebernard.com/orange-and-lemon-galette-des-rois-with-grand-marnier
https://lacuisinedebernard.com/galette-des-rois-laranja-e-limao-com-grand-marnier,https://staging.lacuisinedebernard.com/galette-des-rois-laranja-e-limao-com-grand-marnier
https://lacuisinedebernard.com/galette-des-rois-laranja-e-limao-com-grand-marnier/,https://staging.lacuisinedebernard.com/galette-des-rois-laranja-e-limao-com-grand-marnier
https://www.lacuisinedebernard.com/galette-des-rois-laranja-e-limao-com-grand-marnier,https://staging.lacuisinedebernard.com/galette-des-rois-laranja-e-limao-com-grand-marnier
https://www.lacuisinedebernard.com/galette-des-rois-laranja-e-limao-com-grand-marnier/,https://staging.lacuisinedebernard.com/galette-des-rois-laranja-e-limao-com-grand-marnier
https://lacuisinedebernard.com/%d9%84%d9%8a%d9%85%d9%88%d9%86-%d8%a3%d9%88%d8%b1%d8%a7%d9%86%d8%ac-%d9%88-grand-marnier-galette-des-rois,https://staging.lacuisinedebernard.com/%d9%84%d9%8a%d9%85%d9%88%d9%86-%d8%a3%d9%88%d8%b1%d8%a7%d9%86%d8%ac-%d9%88-grand-marnier-galette-des-rois
https://lacuisinedebernard.com/%d9%84%d9%8a%d9%85%d9%88%d9%86-%d8%a3%d9%88%d8%b1%d8%a7%d9%86%d8%ac-%d9%88-grand-marnier-galette-des-rois/,https://staging.lacuisinedebernard.com/%d9%84%d9%8a%d9%85%d9%88%d9%86-%d8%a3%d9%88%d8%b1%d8%a7%d9%86%d8%ac-%d9%88-grand-marnier-galette-des-rois
https://www.lacuisinedebernard.com/%d9%84%d9%8a%d9%85%d9%88%d9%86-%d8%a3%d9%88%d8%b1%d8%a7%d9%86%d8%ac-%d9%88-grand-marnier-galette-des-rois,https://staging.lacuisinedebernard.com/%d9%84%d9%8a%d9%85%d9%88%d9%86-%d8%a3%d9%88%d8%b1%d8%a7%d9%86%d8%ac-%d9%88-grand-marnier-galette-des-rois
https://www.lacuisinedebernard.com/%d9%84%d9%8a%d9%85%d9%88%d9%86-%d8%a3%d9%88%d8%b1%d8%a7%d9%86%d8%ac-%d9%88-grand-marnier-galette-des-rois/,https://staging.lacuisinedebernard.com/%d9%84%d9%8a%d9%85%d9%88%d9%86-%d8%a3%d9%88%d8%b1%d8%a7%d9%86%d8%ac-%d9%88-grand-marnier-galette-des-rois
https://lacuisinedebernard.com/galette-des-rois-orange-citron-et-grand-marnier,https://staging.lacuisinedebernard.com/galette-des-rois-orange-citron-et-grand-marnier
https://lacuisinedebernard.com/galette-des-rois-orange-citron-et-grand-marnier/,https://staging.lacuisinedebernard.com/galette-des-rois-orange-citron-et-grand-marnier
https://www.lacuisinedebernard.com/galette-des-rois-orange-citron-et-grand-marnier,https://staging.lacuisinedebernard.com/galette-des-rois-orange-citron-et-grand-marnier
https://www.lacuisinedebernard.com/galette-des-rois-orange-citron-et-grand-marnier/,https://staging.lacuisinedebernard.com/galette-des-rois-orange-citron-et-grand-marnier
https://lacuisinedebernard.com/navarin-de-cordero-miel-naranja-y-especias-navidenas,https://staging.lacuisinedebernard.com/navarin-de-cordero-miel-naranja-y-especias-navidenas
https://lacuisinedebernard.com/navarin-de-cordero-miel-naranja-y-especias-navidenas/,https://staging.lacuisinedebernard.com/navarin-de-cordero-miel-naranja-y-especias-navidenas
https://www.lacuisinedebernard.com/navarin-de-cordero-miel-naranja-y-especias-navidenas,https://staging.lacuisinedebernard.com/navarin-de-cordero-miel-naranja-y-especias-navidenas
https://www.lacuisinedebernard.com/navarin-de-cordero-miel-naranja-y-especias-navidenas/,https://staging.lacuisinedebernard.com/navarin-de-cordero-miel-naranja-y-especias-navidenas
https://lacuisinedebernard.com/navarin-de-cordeiro-mel-laranja-e-especiarias-de-natal,https://staging.lacuisinedebernard.com/navarin-de-cordeiro-mel-laranja-e-especiarias-de-natal
https://lacuisinedebernard.com/navarin-de-cordeiro-mel-laranja-e-especiarias-de-natal/,https://staging.lacuisinedebernard.com/navarin-de-cordeiro-mel-laranja-e-especiarias-de-natal
https://www.lacuisinedebernard.com/navarin-de-cordeiro-mel-laranja-e-especiarias-de-natal,https://staging.lacuisinedebernard.com/navarin-de-cordeiro-mel-laranja-e-especiarias-de-natal
https://www.lacuisinedebernard.com/navarin-de-cordeiro-mel-laranja-e-especiarias-de-natal/,https://staging.lacuisinedebernard.com/navarin-de-cordeiro-mel-laranja-e-especiarias-de-natal
https://lacuisinedebernard.com/navarin-of-lamb-honey-orange-and-christmas-spices,https://staging.lacuisinedebernard.com/navarin-of-lamb-honey-orange-and-christmas-spices
https://lacuisinedebernard.com/navarin-of-lamb-honey-orange-and-christmas-spices/,https://staging.lacuisinedebernard.com/navarin-of-lamb-honey-orange-and-christmas-spices
https://www.lacuisinedebernard.com/navarin-of-lamb-honey-orange-and-christmas-spices,https://staging.lacuisinedebernard.com/navarin-of-lamb-honey-orange-and-christmas-spices
https://www.lacuisinedebernard.com/navarin-of-lamb-honey-orange-and-christmas-spices/,https://staging.lacuisinedebernard.com/navarin-of-lamb-honey-orange-and-christmas-spices
https://lacuisinedebernard.com/%d9%86%d8%a7%d9%81%d8%a7%d8%b1%d9%8a%d9%86-%d9%85%d9%86-%d9%84%d8%ad%d9%85-%d8%a7%d9%84%d8%b6%d8%a3%d9%86-%d9%88%d8%a7%d9%84%d8%b9%d8%b3%d9%84-%d9%88%d8%a7%d9%84%d8%a8%d8%b1%d8%aa%d9%82%d8%a7%d9%84,https://staging.lacuisinedebernard.com/%d9%86%d8%a7%d9%81%d8%a7%d8%b1%d9%8a%d9%86-%d9%85%d9%86-%d9%84%d8%ad%d9%85-%d8%a7%d9%84%d8%b6%d8%a3%d9%86-%d9%88%d8%a7%d9%84%d8%b9%d8%b3%d9%84-%d9%88%d8%a7%d9%84%d8%a8%d8%b1%d8%aa%d9%82%d8%a7%d9%84
https://lacuisinedebernard.com/%d9%86%d8%a7%d9%81%d8%a7%d8%b1%d9%8a%d9%86-%d9%85%d9%86-%d9%84%d8%ad%d9%85-%d8%a7%d9%84%d8%b6%d8%a3%d9%86-%d9%88%d8%a7%d9%84%d8%b9%d8%b3%d9%84-%d9%88%d8%a7%d9%84%d8%a8%d8%b1%d8%aa%d9%82%d8%a7%d9%84/,https://staging.lacuisinedebernard.com/%d9%86%d8%a7%d9%81%d8%a7%d8%b1%d9%8a%d9%86-%d9%85%d9%86-%d9%84%d8%ad%d9%85-%d8%a7%d9%84%d8%b6%d8%a3%d9%86-%d9%88%d8%a7%d9%84%d8%b9%d8%b3%d9%84-%d9%88%d8%a7%d9%84%d8%a8%d8%b1%d8%aa%d9%82%d8%a7%d9%84
https://www.lacuisinedebernard.com/%d9%86%d8%a7%d9%81%d8%a7%d8%b1%d9%8a%d9%86-%d9%85%d9%86-%d9%84%d8%ad%d9%85-%d8%a7%d9%84%d8%b6%d8%a3%d9%86-%d9%88%d8%a7%d9%84%d8%b9%d8%b3%d9%84-%d9%88%d8%a7%d9%84%d8%a8%d8%b1%d8%aa%d9%82%d8%a7%d9%84,https://staging.lacuisinedebernard.com/%d9%86%d8%a7%d9%81%d8%a7%d8%b1%d9%8a%d9%86-%d9%85%d9%86-%d9%84%d8%ad%d9%85-%d8%a7%d9%84%d8%b6%d8%a3%d9%86-%d9%88%d8%a7%d9%84%d8%b9%d8%b3%d9%84-%d9%88%d8%a7%d9%84%d8%a8%d8%b1%d8%aa%d9%82%d8%a7%d9%84
https://www.lacuisinedebernard.com/%d9%86%d8%a7%d9%81%d8%a7%d8%b1%d9%8a%d9%86-%d9%85%d9%86-%d9%84%d8%ad%d9%85-%d8%a7%d9%84%d8%b6%d8%a3%d9%86-%d9%88%d8%a7%d9%84%d8%b9%d8%b3%d9%84-%d9%88%d8%a7%d9%84%d8%a8%d8%b1%d8%aa%d9%82%d8%a7%d9%84/,https://staging.lacuisinedebernard.com/%d9%86%d8%a7%d9%81%d8%a7%d8%b1%d9%8a%d9%86-%d9%85%d9%86-%d9%84%d8%ad%d9%85-%d8%a7%d9%84%d8%b6%d8%a3%d9%86-%d9%88%d8%a7%d9%84%d8%b9%d8%b3%d9%84-%d9%88%d8%a7%d9%84%d8%a8%d8%b1%d8%aa%d9%82%d8%a7%d9%84
https://lacuisinedebernard.com/bollo-thangzhong-extra-suave,https://staging.lacuisinedebernard.com/bollo-thangzhong-extra-suave
https://lacuisinedebernard.com/bollo-thangzhong-extra-suave/,https://staging.lacuisinedebernard.com/bollo-thangzhong-extra-suave
https://www.lacuisinedebernard.com/bollo-thangzhong-extra-suave,https://staging.lacuisinedebernard.com/bollo-thangzhong-extra-suave
https://www.lacuisinedebernard.com/bollo-thangzhong-extra-suave/,https://staging.lacuisinedebernard.com/bollo-thangzhong-extra-suave
https://lacuisinedebernard.com/pao-de-tangzhong-extra-macio,https://staging.lacuisinedebernard.com/pao-de-tangzhong-extra-macio
https://lacuisinedebernard.com/pao-de-tangzhong-extra-macio/,https://staging.lacuisinedebernard.com/pao-de-tangzhong-extra-macio
https://www.lacuisinedebernard.com/pao-de-tangzhong-extra-macio,https://staging.lacuisinedebernard.com/pao-de-tangzhong-extra-macio
https://www.lacuisinedebernard.com/pao-de-tangzhong-extra-macio/,https://staging.lacuisinedebernard.com/pao-de-tangzhong-extra-macio
https://lacuisinedebernard.com/extra-soft-brioche-with-thangzhong,https://staging.lacuisinedebernard.com/extra-soft-brioche-with-thangzhong
https://lacuisinedebernard.com/extra-soft-brioche-with-thangzhong/,https://staging.lacuisinedebernard.com/extra-soft-brioche-with-thangzhong
https://www.lacuisinedebernard.com/extra-soft-brioche-with-thangzhong,https://staging.lacuisinedebernard.com/extra-soft-brioche-with-thangzhong
https://www.lacuisinedebernard.com/extra-soft-brioche-with-thangzhong/,https://staging.lacuisinedebernard.com/extra-soft-brioche-with-thangzhong
https://lacuisinedebernard.com/%d8%a8%d8%b1%d9%8a%d9%88%d8%b4-%d9%86%d8%a7%d8%b9%d9%85-%d9%84%d9%84%d8%ba%d8%a7%d9%8a%d8%a9-%d9%85%d8%b9-%d8%ab%d8%a7%d9%86%d8%ba-%d8%aa%d8%b4%d9%88%d9%86%d8%ba,https://staging.lacuisinedebernard.com/%d8%a8%d8%b1%d9%8a%d9%88%d8%b4-%d9%86%d8%a7%d8%b9%d9%85-%d9%84%d9%84%d8%ba%d8%a7%d9%8a%d8%a9-%d9%85%d8%b9-%d8%ab%d8%a7%d9%86%d8%ba-%d8%aa%d8%b4%d9%88%d9%86%d8%ba
https://lacuisinedebernard.com/%d8%a8%d8%b1%d9%8a%d9%88%d8%b4-%d9%86%d8%a7%d8%b9%d9%85-%d9%84%d9%84%d8%ba%d8%a7%d9%8a%d8%a9-%d9%85%d8%b9-%d8%ab%d8%a7%d9%86%d8%ba-%d8%aa%d8%b4%d9%88%d9%86%d8%ba/,https://staging.lacuisinedebernard.com/%d8%a8%d8%b1%d9%8a%d9%88%d8%b4-%d9%86%d8%a7%d8%b9%d9%85-%d9%84%d9%84%d8%ba%d8%a7%d9%8a%d8%a9-%d9%85%d8%b9-%d8%ab%d8%a7%d9%86%d8%ba-%d8%aa%d8%b4%d9%88%d9%86%d8%ba
https://www.lacuisinedebernard.com/%d8%a8%d8%b1%d9%8a%d9%88%d8%b4-%d9%86%d8%a7%d8%b9%d9%85-%d9%84%d9%84%d8%ba%d8%a7%d9%8a%d8%a9-%d9%85%d8%b9-%d8%ab%d8%a7%d9%86%d8%ba-%d8%aa%d8%b4%d9%88%d9%86%d8%ba,https://staging.lacuisinedebernard.com/%d8%a8%d8%b1%d9%8a%d9%88%d8%b4-%d9%86%d8%a7%d8%b9%d9%85-%d9%84%d9%84%d8%ba%d8%a7%d9%8a%d8%a9-%d9%85%d8%b9-%d8%ab%d8%a7%d9%86%d8%ba-%d8%aa%d8%b4%d9%88%d9%86%d8%ba
https://www.lacuisinedebernard.com/%d8%a8%d8%b1%d9%8a%d9%88%d8%b4-%d9%86%d8%a7%d8%b9%d9%85-%d9%84%d9%84%d8%ba%d8%a7%d9%8a%d8%a9-%d9%85%d8%b9-%d8%ab%d8%a7%d9%86%d8%ba-%d8%aa%d8%b4%d9%88%d9%86%d8%ba/,https://staging.lacuisinedebernard.com/%d8%a8%d8%b1%d9%8a%d9%88%d8%b4-%d9%86%d8%a7%d8%b9%d9%85-%d9%84%d9%84%d8%ba%d8%a7%d9%8a%d8%a9-%d9%85%d8%b9-%d8%ab%d8%a7%d9%86%d8%ba-%d8%aa%d8%b4%d9%88%d9%86%d8%ba
https://lacuisinedebernard.com/brioche-extra-moelleuse-au-thangzhong,https://staging.lacuisinedebernard.com/brioche-extra-moelleuse-au-thangzhong
https://lacuisinedebernard.com/brioche-extra-moelleuse-au-thangzhong/,https://staging.lacuisinedebernard.com/brioche-extra-moelleuse-au-thangzhong
https://www.lacuisinedebernard.com/brioche-extra-moelleuse-au-thangzhong,https://staging.lacuisinedebernard.com/brioche-extra-moelleuse-au-thangzhong
https://www.lacuisinedebernard.com/brioche-extra-moelleuse-au-thangzhong/,https://staging.lacuisinedebernard.com/brioche-extra-moelleuse-au-thangzhong
https://lacuisinedebernard.com/la-banda-de-musica,https://staging.lacuisinedebernard.com/la-banda-de-musica
https://lacuisinedebernard.com/la-banda-de-musica/,https://staging.lacuisinedebernard.com/la-banda-de-musica
https://www.lacuisinedebernard.com/la-banda-de-musica,https://staging.lacuisinedebernard.com/la-banda-de-musica
https://www.lacuisinedebernard.com/la-banda-de-musica/,https://staging.lacuisinedebernard.com/la-banda-de-musica
https://lacuisinedebernard.com/navarin-dagneau-miel-orange-et-epices-de-noel,https://staging.lacuisinedebernard.com/navarin-dagneau-miel-orange-et-epices-de-noel
https://lacuisinedebernard.com/navarin-dagneau-miel-orange-et-epices-de-noel/,https://staging.lacuisinedebernard.com/navarin-dagneau-miel-orange-et-epices-de-noel
https://www.lacuisinedebernard.com/navarin-dagneau-miel-orange-et-epices-de-noel,https://staging.lacuisinedebernard.com/navarin-dagneau-miel-orange-et-epices-de-noel
https://www.lacuisinedebernard.com/navarin-dagneau-miel-orange-et-epices-de-noel/,https://staging.lacuisinedebernard.com/navarin-dagneau-miel-orange-et-epices-de-noel
https://lacuisinedebernard.com/galette-des-rois-mes-recettes-traditionnelles-et-creatives,https://staging.lacuisinedebernard.com/galette-des-rois-mes-recettes-traditionnelles-et-creatives
https://lacuisinedebernard.com/galette-des-rois-mes-recettes-traditionnelles-et-creatives/,https://staging.lacuisinedebernard.com/galette-des-rois-mes-recettes-traditionnelles-et-creatives
https://www.lacuisinedebernard.com/galette-des-rois-mes-recettes-traditionnelles-et-creatives,https://staging.lacuisinedebernard.com/galette-des-rois-mes-recettes-traditionnelles-et-creatives
https://www.lacuisinedebernard.com/galette-des-rois-mes-recettes-traditionnelles-et-creatives/,https://staging.lacuisinedebernard.com/galette-des-rois-mes-recettes-traditionnelles-et-creatives
https://lacuisinedebernard.com/foie-gras-maison-conseils-et-recettes,https://staging.lacuisinedebernard.com/foie-gras-maison-conseils-et-recettes
https://lacuisinedebernard.com/foie-gras-maison-conseils-et-recettes/,https://staging.lacuisinedebernard.com/foie-gras-maison-conseils-et-recettes
https://www.lacuisinedebernard.com/foie-gras-maison-conseils-et-recettes,https://staging.lacuisinedebernard.com/foie-gras-maison-conseils-et-recettes
https://www.lacuisinedebernard.com/foie-gras-maison-conseils-et-recettes/,https://staging.lacuisinedebernard.com/foie-gras-maison-conseils-et-recettes
https://lacuisinedebernard.com/%d8%a7%d8%b3%d8%a8%d8%a7%d8%ac%d9%8a%d8%aa%d9%8a-%d8%a7%d9%84%d8%a7%d8%b3%d9%83%d9%88%d8%a7%d8%b4-%d9%85%d8%b9-%d8%b5%d9%84%d8%b5%d8%a9-%d8%ac%d9%88%d8%b1%d8%ac%d9%88%d9%86%d8%b2%d9%88%d9%84%d8%a7,https://staging.lacuisinedebernard.com/%d8%a7%d8%b3%d8%a8%d8%a7%d8%ac%d9%8a%d8%aa%d9%8a-%d8%a7%d9%84%d8%a7%d8%b3%d9%83%d9%88%d8%a7%d8%b4-%d9%85%d8%b9-%d8%b5%d9%84%d8%b5%d8%a9-%d8%ac%d9%88%d8%b1%d8%ac%d9%88%d9%86%d8%b2%d9%88%d9%84%d8%a7
https://lacuisinedebernard.com/%d8%a7%d8%b3%d8%a8%d8%a7%d8%ac%d9%8a%d8%aa%d9%8a-%d8%a7%d9%84%d8%a7%d8%b3%d9%83%d9%88%d8%a7%d8%b4-%d9%85%d8%b9-%d8%b5%d9%84%d8%b5%d8%a9-%d8%ac%d9%88%d8%b1%d8%ac%d9%88%d9%86%d8%b2%d9%88%d9%84%d8%a7/,https://staging.lacuisinedebernard.com/%d8%a7%d8%b3%d8%a8%d8%a7%d8%ac%d9%8a%d8%aa%d9%8a-%d8%a7%d9%84%d8%a7%d8%b3%d9%83%d9%88%d8%a7%d8%b4-%d9%85%d8%b9-%d8%b5%d9%84%d8%b5%d8%a9-%d8%ac%d9%88%d8%b1%d8%ac%d9%88%d9%86%d8%b2%d9%88%d9%84%d8%a7
https://www.lacuisinedebernard.com/%d8%a7%d8%b3%d8%a8%d8%a7%d8%ac%d9%8a%d8%aa%d9%8a-%d8%a7%d9%84%d8%a7%d8%b3%d9%83%d9%88%d8%a7%d8%b4-%d9%85%d8%b9-%d8%b5%d9%84%d8%b5%d8%a9-%d8%ac%d9%88%d8%b1%d8%ac%d9%88%d9%86%d8%b2%d9%88%d9%84%d8%a7,https://staging.lacuisinedebernard.com/%d8%a7%d8%b3%d8%a8%d8%a7%d8%ac%d9%8a%d8%aa%d9%8a-%d8%a7%d9%84%d8%a7%d8%b3%d9%83%d9%88%d8%a7%d8%b4-%d9%85%d8%b9-%d8%b5%d9%84%d8%b5%d8%a9-%d8%ac%d9%88%d8%b1%d8%ac%d9%88%d9%86%d8%b2%d9%88%d9%84%d8%a7
https://www.lacuisinedebernard.com/%d8%a7%d8%b3%d8%a8%d8%a7%d8%ac%d9%8a%d8%aa%d9%8a-%d8%a7%d9%84%d8%a7%d8%b3%d9%83%d9%88%d8%a7%d8%b4-%d9%85%d8%b9-%d8%b5%d9%84%d8%b5%d8%a9-%d8%ac%d9%88%d8%b1%d8%ac%d9%88%d9%86%d8%b2%d9%88%d9%84%d8%a7/,https://staging.lacuisinedebernard.com/%d8%a7%d8%b3%d8%a8%d8%a7%d8%ac%d9%8a%d8%aa%d9%8a-%d8%a7%d9%84%d8%a7%d8%b3%d9%83%d9%88%d8%a7%d8%b4-%d9%85%d8%b9-%d8%b5%d9%84%d8%b5%d8%a9-%d8%ac%d9%88%d8%b1%d8%ac%d9%88%d9%86%d8%b2%d9%88%d9%84%d8%a7
https://lacuisinedebernard.com/esparguete-squash-com-molho-de-gorgonzola-pinhoes-e-avelas,https://staging.lacuisinedebernard.com/esparguete-squash-com-molho-de-gorgonzola-pinhoes-e-avelas
https://lacuisinedebernard.com/esparguete-squash-com-molho-de-gorgonzola-pinhoes-e-avelas/,https://staging.lacuisinedebernard.com/esparguete-squash-com-molho-de-gorgonzola-pinhoes-e-avelas
https://www.lacuisinedebernard.com/esparguete-squash-com-molho-de-gorgonzola-pinhoes-e-avelas,https://staging.lacuisinedebernard.com/esparguete-squash-com-molho-de-gorgonzola-pinhoes-e-avelas
https://www.lacuisinedebernard.com/esparguete-squash-com-molho-de-gorgonzola-pinhoes-e-avelas/,https://staging.lacuisinedebernard.com/esparguete-squash-com-molho-de-gorgonzola-pinhoes-e-avelas
https://lacuisinedebernard.com/spaghetti-squash-with-gorgonzola-sauce-pine-nuts-and-hazelnuts,https://staging.lacuisinedebernard.com/spaghetti-squash-with-gorgonzola-sauce-pine-nuts-and-hazelnuts
https://lacuisinedebernard.com/spaghetti-squash-with-gorgonzola-sauce-pine-nuts-and-hazelnuts/,https://staging.lacuisinedebernard.com/spaghetti-squash-with-gorgonzola-sauce-pine-nuts-and-hazelnuts
https://www.lacuisinedebernard.com/spaghetti-squash-with-gorgonzola-sauce-pine-nuts-and-hazelnuts,https://staging.lacuisinedebernard.com/spaghetti-squash-with-gorgonzola-sauce-pine-nuts-and-hazelnuts
https://www.lacuisinedebernard.com/spaghetti-squash-with-gorgonzola-sauce-pine-nuts-and-hazelnuts/,https://staging.lacuisinedebernard.com/spaghetti-squash-with-gorgonzola-sauce-pine-nuts-and-hazelnuts
https://lacuisinedebernard.com/espaguetis-de-calabaza-con-salsa-de-gorgonzola-pinones-y-avellanas,https://staging.lacuisinedebernard.com/espaguetis-de-calabaza-con-salsa-de-gorgonzola-pinones-y-avellanas
https://lacuisinedebernard.com/espaguetis-de-calabaza-con-salsa-de-gorgonzola-pinones-y-avellanas/,https://staging.lacuisinedebernard.com/espaguetis-de-calabaza-con-salsa-de-gorgonzola-pinones-y-avellanas
https://www.lacuisinedebernard.com/espaguetis-de-calabaza-con-salsa-de-gorgonzola-pinones-y-avellanas,https://staging.lacuisinedebernard.com/espaguetis-de-calabaza-con-salsa-de-gorgonzola-pinones-y-avellanas
https://www.lacuisinedebernard.com/espaguetis-de-calabaza-con-salsa-de-gorgonzola-pinones-y-avellanas/,https://staging.lacuisinedebernard.com/espaguetis-de-calabaza-con-salsa-de-gorgonzola-pinones-y-avellanas
https://lacuisinedebernard.com/figos-secos-de-baglama-recheados-com-foie-gras,https://staging.lacuisinedebernard.com/figos-secos-de-baglama-recheados-com-foie-gras
https://lacuisinedebernard.com/figos-secos-de-baglama-recheados-com-foie-gras/,https://staging.lacuisinedebernard.com/figos-secos-de-baglama-recheados-com-foie-gras
https://www.lacuisinedebernard.com/figos-secos-de-baglama-recheados-com-foie-gras,https://staging.lacuisinedebernard.com/figos-secos-de-baglama-recheados-com-foie-gras
https://www.lacuisinedebernard.com/figos-secos-de-baglama-recheados-com-foie-gras/,https://staging.lacuisinedebernard.com/figos-secos-de-baglama-recheados-com-foie-gras
https://lacuisinedebernard.com/baglama-higos-secos-rellenos-de-foie-gras,https://staging.lacuisinedebernard.com/baglama-higos-secos-rellenos-de-foie-gras
https://lacuisinedebernard.com/baglama-higos-secos-rellenos-de-foie-gras/,https://staging.lacuisinedebernard.com/baglama-higos-secos-rellenos-de-foie-gras
https://www.lacuisinedebernard.com/baglama-higos-secos-rellenos-de-foie-gras,https://staging.lacuisinedebernard.com/baglama-higos-secos-rellenos-de-foie-gras
https://www.lacuisinedebernard.com/baglama-higos-secos-rellenos-de-foie-gras/,https://staging.lacuisinedebernard.com/baglama-higos-secos-rellenos-de-foie-gras
https://lacuisinedebernard.com/baglama-dried-figs-filled-with-foie-gras,https://staging.lacuisinedebernard.com/baglama-dried-figs-filled-with-foie-gras
https://lacuisinedebernard.com/baglama-dried-figs-filled-with-foie-gras/,https://staging.lacuisinedebernard.com/baglama-dried-figs-filled-with-foie-gras
https://www.lacuisinedebernard.com/baglama-dried-figs-filled-with-foie-gras,https://staging.lacuisinedebernard.com/baglama-dried-figs-filled-with-foie-gras
https://www.lacuisinedebernard.com/baglama-dried-figs-filled-with-foie-gras/,https://staging.lacuisinedebernard.com/baglama-dried-figs-filled-with-foie-gras
https://lacuisinedebernard.com/%d8%a8%d8%a7%d8%ac%d8%a7%d9%85%d8%a7-%d8%aa%d9%8a%d9%86-%d9%85%d8%ac%d9%81%d9%81-%d9%85%d8%ad%d8%b4%d9%88-%d9%81%d9%88%d8%a7-%d8%ac%d8%b1%d8%a7,https://staging.lacuisinedebernard.com/%d8%a8%d8%a7%d8%ac%d8%a7%d9%85%d8%a7-%d8%aa%d9%8a%d9%86-%d9%85%d8%ac%d9%81%d9%81-%d9%85%d8%ad%d8%b4%d9%88-%d9%81%d9%88%d8%a7-%d8%ac%d8%b1%d8%a7
https://lacuisinedebernard.com/%d8%a8%d8%a7%d8%ac%d8%a7%d9%85%d8%a7-%d8%aa%d9%8a%d9%86-%d9%85%d8%ac%d9%81%d9%81-%d9%85%d8%ad%d8%b4%d9%88-%d9%81%d9%88%d8%a7-%d8%ac%d8%b1%d8%a7/,https://staging.lacuisinedebernard.com/%d8%a8%d8%a7%d8%ac%d8%a7%d9%85%d8%a7-%d8%aa%d9%8a%d9%86-%d9%85%d8%ac%d9%81%d9%81-%d9%85%d8%ad%d8%b4%d9%88-%d9%81%d9%88%d8%a7-%d8%ac%d8%b1%d8%a7
https://www.lacuisinedebernard.com/%d8%a8%d8%a7%d8%ac%d8%a7%d9%85%d8%a7-%d8%aa%d9%8a%d9%86-%d9%85%d8%ac%d9%81%d9%81-%d9%85%d8%ad%d8%b4%d9%88-%d9%81%d9%88%d8%a7-%d8%ac%d8%b1%d8%a7,https://staging.lacuisinedebernard.com/%d8%a8%d8%a7%d8%ac%d8%a7%d9%85%d8%a7-%d8%aa%d9%8a%d9%86-%d9%85%d8%ac%d9%81%d9%81-%d9%85%d8%ad%d8%b4%d9%88-%d9%81%d9%88%d8%a7-%d8%ac%d8%b1%d8%a7
https://www.lacuisinedebernard.com/%d8%a8%d8%a7%d8%ac%d8%a7%d9%85%d8%a7-%d8%aa%d9%8a%d9%86-%d9%85%d8%ac%d9%81%d9%81-%d9%85%d8%ad%d8%b4%d9%88-%d9%81%d9%88%d8%a7-%d8%ac%d8%b1%d8%a7/,https://staging.lacuisinedebernard.com/%d8%a8%d8%a7%d8%ac%d8%a7%d9%85%d8%a7-%d8%aa%d9%8a%d9%86-%d9%85%d8%ac%d9%81%d9%81-%d9%85%d8%ad%d8%b4%d9%88-%d9%81%d9%88%d8%a7-%d8%ac%d8%b1%d8%a7
https://lacuisinedebernard.com/figues-sechees-baglama-fourrees-au-foie-gras,https://staging.lacuisinedebernard.com/figues-sechees-baglama-fourrees-au-foie-gras
https://lacuisinedebernard.com/figues-sechees-baglama-fourrees-au-foie-gras/,https://staging.lacuisinedebernard.com/figues-sechees-baglama-fourrees-au-foie-gras
https://www.lacuisinedebernard.com/figues-sechees-baglama-fourrees-au-foie-gras,https://staging.lacuisinedebernard.com/figues-sechees-baglama-fourrees-au-foie-gras
https://www.lacuisinedebernard.com/figues-sechees-baglama-fourrees-au-foie-gras/,https://staging.lacuisinedebernard.com/figues-sechees-baglama-fourrees-au-foie-gras
https://lacuisinedebernard.com/courge-spaghetti-sauce-gorgonzola-pignons-et-noisettes,https://staging.lacuisinedebernard.com/courge-spaghetti-sauce-gorgonzola-pignons-et-noisettes
https://lacuisinedebernard.com/courge-spaghetti-sauce-gorgonzola-pignons-et-noisettes/,https://staging.lacuisinedebernard.com/courge-spaghetti-sauce-gorgonzola-pignons-et-noisettes
https://www.lacuisinedebernard.com/courge-spaghetti-sauce-gorgonzola-pignons-et-noisettes,https://staging.lacuisinedebernard.com/courge-spaghetti-sauce-gorgonzola-pignons-et-noisettes
https://www.lacuisinedebernard.com/courge-spaghetti-sauce-gorgonzola-pignons-et-noisettes/,https://staging.lacuisinedebernard.com/courge-spaghetti-sauce-gorgonzola-pignons-et-noisettes
https://lacuisinedebernard.com/gingerbread-with-orange-and-nuts,https://staging.lacuisinedebernard.com/gingerbread-with-orange-and-nuts
https://lacuisinedebernard.com/gingerbread-with-orange-and-nuts/,https://staging.lacuisinedebernard.com/gingerbread-with-orange-and-nuts
https://www.lacuisinedebernard.com/gingerbread-with-orange-and-nuts,https://staging.lacuisinedebernard.com/gingerbread-with-orange-and-nuts
https://www.lacuisinedebernard.com/gingerbread-with-orange-and-nuts/,https://staging.lacuisinedebernard.com/gingerbread-with-orange-and-nuts
https://lacuisinedebernard.com/%d9%85%d8%b3%d8%a7%d8%a8%d9%82%d8%a9-%d8%b3%d9%8a%d8%aa%d9%85-%d8%b1%d8%a8%d8%ad-%d8%b1%d9%88%d8%a8%d9%88%d8%aa-%d9%83%d9%8a%d8%aa%d8%b4%d9%86-%d8%a7%d9%8a%d8%af-%d9%88-4-%d9%83%d8%aa%d8%a8,https://staging.lacuisinedebernard.com/%d9%85%d8%b3%d8%a7%d8%a8%d9%82%d8%a9-%d8%b3%d9%8a%d8%aa%d9%85-%d8%b1%d8%a8%d8%ad-%d8%b1%d9%88%d8%a8%d9%88%d8%aa-%d9%83%d9%8a%d8%aa%d8%b4%d9%86-%d8%a7%d9%8a%d8%af-%d9%88-4-%d9%83%d8%aa%d8%a8
https://lacuisinedebernard.com/%d9%85%d8%b3%d8%a7%d8%a8%d9%82%d8%a9-%d8%b3%d9%8a%d8%aa%d9%85-%d8%b1%d8%a8%d8%ad-%d8%b1%d9%88%d8%a8%d9%88%d8%aa-%d9%83%d9%8a%d8%aa%d8%b4%d9%86-%d8%a7%d9%8a%d8%af-%d9%88-4-%d9%83%d8%aa%d8%a8/,https://staging.lacuisinedebernard.com/%d9%85%d8%b3%d8%a7%d8%a8%d9%82%d8%a9-%d8%b3%d9%8a%d8%aa%d9%85-%d8%b1%d8%a8%d8%ad-%d8%b1%d9%88%d8%a8%d9%88%d8%aa-%d9%83%d9%8a%d8%aa%d8%b4%d9%86-%d8%a7%d9%8a%d8%af-%d9%88-4-%d9%83%d8%aa%d8%a8
https://www.lacuisinedebernard.com/%d9%85%d8%b3%d8%a7%d8%a8%d9%82%d8%a9-%d8%b3%d9%8a%d8%aa%d9%85-%d8%b1%d8%a8%d8%ad-%d8%b1%d9%88%d8%a8%d9%88%d8%aa-%d9%83%d9%8a%d8%aa%d8%b4%d9%86-%d8%a7%d9%8a%d8%af-%d9%88-4-%d9%83%d8%aa%d8%a8,https://staging.lacuisinedebernard.com/%d9%85%d8%b3%d8%a7%d8%a8%d9%82%d8%a9-%d8%b3%d9%8a%d8%aa%d9%85-%d8%b1%d8%a8%d8%ad-%d8%b1%d9%88%d8%a8%d9%88%d8%aa-%d9%83%d9%8a%d8%aa%d8%b4%d9%86-%d8%a7%d9%8a%d8%af-%d9%88-4-%d9%83%d8%aa%d8%a8
https://www.lacuisinedebernard.com/%d9%85%d8%b3%d8%a7%d8%a8%d9%82%d8%a9-%d8%b3%d9%8a%d8%aa%d9%85-%d8%b1%d8%a8%d8%ad-%d8%b1%d9%88%d8%a8%d9%88%d8%aa-%d9%83%d9%8a%d8%aa%d8%b4%d9%86-%d8%a7%d9%8a%d8%af-%d9%88-4-%d9%83%d8%aa%d8%a8/,https://staging.lacuisinedebernard.com/%d9%85%d8%b3%d8%a7%d8%a8%d9%82%d8%a9-%d8%b3%d9%8a%d8%aa%d9%85-%d8%b1%d8%a8%d8%ad-%d8%b1%d9%88%d8%a8%d9%88%d8%aa-%d9%83%d9%8a%d8%aa%d8%b4%d9%86-%d8%a7%d9%8a%d8%af-%d9%88-4-%d9%83%d8%aa%d8%a8
https://lacuisinedebernard.com/%d8%aa%d9%88%d8%b3%d8%aa-%d9%81%d8%b1%d9%86%d8%b3%d9%8a-%d8%b4%d9%8a%d8%b7%d8%a7%d9%86%d9%8a,https://staging.lacuisinedebernard.com/%d8%aa%d9%88%d8%b3%d8%aa-%d9%81%d8%b1%d9%86%d8%b3%d9%8a-%d8%b4%d9%8a%d8%b7%d8%a7%d9%86%d9%8a
https://lacuisinedebernard.com/%d8%aa%d9%88%d8%b3%d8%aa-%d9%81%d8%b1%d9%86%d8%b3%d9%8a-%d8%b4%d9%8a%d8%b7%d8%a7%d9%86%d9%8a/,https://staging.lacuisinedebernard.com/%d8%aa%d9%88%d8%b3%d8%aa-%d9%81%d8%b1%d9%86%d8%b3%d9%8a-%d8%b4%d9%8a%d8%b7%d8%a7%d9%86%d9%8a
https://www.lacuisinedebernard.com/%d8%aa%d9%88%d8%b3%d8%aa-%d9%81%d8%b1%d9%86%d8%b3%d9%8a-%d8%b4%d9%8a%d8%b7%d8%a7%d9%86%d9%8a,https://staging.lacuisinedebernard.com/%d8%aa%d9%88%d8%b3%d8%aa-%d9%81%d8%b1%d9%86%d8%b3%d9%8a-%d8%b4%d9%8a%d8%b7%d8%a7%d9%86%d9%8a
https://www.lacuisinedebernard.com/%d8%aa%d9%88%d8%b3%d8%aa-%d9%81%d8%b1%d9%86%d8%b3%d9%8a-%d8%b4%d9%8a%d8%b7%d8%a7%d9%86%d9%8a/,https://staging.lacuisinedebernard.com/%d8%aa%d9%88%d8%b3%d8%aa-%d9%81%d8%b1%d9%86%d8%b3%d9%8a-%d8%b4%d9%8a%d8%b7%d8%a7%d9%86%d9%8a
https://lacuisinedebernard.com/demonic-french-toast,https://staging.lacuisinedebernard.com/demonic-french-toast
https://lacuisinedebernard.com/demonic-french-toast/,https://staging.lacuisinedebernard.com/demonic-french-toast
https://www.lacuisinedebernard.com/demonic-french-toast,https://staging.lacuisinedebernard.com/demonic-french-toast
https://www.lacuisinedebernard.com/demonic-french-toast/,https://staging.lacuisinedebernard.com/demonic-french-toast
https://lacuisinedebernard.com/tostadas-demoniacas,https://staging.lacuisinedebernard.com/tostadas-demoniacas
https://lacuisinedebernard.com/tostadas-demoniacas/,https://staging.lacuisinedebernard.com/tostadas-demoniacas
https://www.lacuisinedebernard.com/tostadas-demoniacas,https://staging.lacuisinedebernard.com/tostadas-demoniacas
https://www.lacuisinedebernard.com/tostadas-demoniacas/,https://staging.lacuisinedebernard.com/tostadas-demoniacas
https://lacuisinedebernard.com/%d8%a8%d8%b1%d9%8a%d9%88%d8%b4-%d8%a7%d9%84%d8%b4%d9%88%d9%83%d9%88%d9%84%d8%a7%d8%aa%d8%a9-%d9%88%d8%a7%d9%84%d8%ac%d9%88%d8%b2,https://staging.lacuisinedebernard.com/%d8%a8%d8%b1%d9%8a%d9%88%d8%b4-%d8%a7%d9%84%d8%b4%d9%88%d9%83%d9%88%d9%84%d8%a7%d8%aa%d8%a9-%d9%88%d8%a7%d9%84%d8%ac%d9%88%d8%b2
https://lacuisinedebernard.com/%d8%a8%d8%b1%d9%8a%d9%88%d8%b4-%d8%a7%d9%84%d8%b4%d9%88%d9%83%d9%88%d9%84%d8%a7%d8%aa%d8%a9-%d9%88%d8%a7%d9%84%d8%ac%d9%88%d8%b2/,https://staging.lacuisinedebernard.com/%d8%a8%d8%b1%d9%8a%d9%88%d8%b4-%d8%a7%d9%84%d8%b4%d9%88%d9%83%d9%88%d9%84%d8%a7%d8%aa%d8%a9-%d9%88%d8%a7%d9%84%d8%ac%d9%88%d8%b2
https://www.lacuisinedebernard.com/%d8%a8%d8%b1%d9%8a%d9%88%d8%b4-%d8%a7%d9%84%d8%b4%d9%88%d9%83%d9%88%d9%84%d8%a7%d8%aa%d8%a9-%d9%88%d8%a7%d9%84%d8%ac%d9%88%d8%b2,https://staging.lacuisinedebernard.com/%d8%a8%d8%b1%d9%8a%d9%88%d8%b4-%d8%a7%d9%84%d8%b4%d9%88%d9%83%d9%88%d9%84%d8%a7%d8%aa%d8%a9-%d9%88%d8%a7%d9%84%d8%ac%d9%88%d8%b2
https://www.lacuisinedebernard.com/%d8%a8%d8%b1%d9%8a%d9%88%d8%b4-%d8%a7%d9%84%d8%b4%d9%88%d9%83%d9%88%d9%84%d8%a7%d8%aa%d8%a9-%d9%88%d8%a7%d9%84%d8%ac%d9%88%d8%b2/,https://staging.lacuisinedebernard.com/%d8%a8%d8%b1%d9%8a%d9%88%d8%b4-%d8%a7%d9%84%d8%b4%d9%88%d9%83%d9%88%d9%84%d8%a7%d8%aa%d8%a9-%d9%88%d8%a7%d9%84%d8%ac%d9%88%d8%b2
https://lacuisinedebernard.com/brioche-de-chocolate-y-nueces,https://staging.lacuisinedebernard.com/brioche-de-chocolate-y-nueces
https://lacuisinedebernard.com/brioche-de-chocolate-y-nueces/,https://staging.lacuisinedebernard.com/brioche-de-chocolate-y-nueces
https://www.lacuisinedebernard.com/brioche-de-chocolate-y-nueces,https://staging.lacuisinedebernard.com/brioche-de-chocolate-y-nueces
https://www.lacuisinedebernard.com/brioche-de-chocolate-y-nueces/,https://staging.lacuisinedebernard.com/brioche-de-chocolate-y-nueces
https://lacuisinedebernard.com/chocolate-nut-brioche,https://staging.lacuisinedebernard.com/chocolate-nut-brioche
https://lacuisinedebernard.com/chocolate-nut-brioche/,https://staging.lacuisinedebernard.com/chocolate-nut-brioche
https://www.lacuisinedebernard.com/chocolate-nut-brioche,https://staging.lacuisinedebernard.com/chocolate-nut-brioche
https://www.lacuisinedebernard.com/chocolate-nut-brioche/,https://staging.lacuisinedebernard.com/chocolate-nut-brioche
https://lacuisinedebernard.com/galletas-de-caramelo,https://staging.lacuisinedebernard.com/galletas-de-caramelo
https://lacuisinedebernard.com/galletas-de-caramelo/,https://staging.lacuisinedebernard.com/galletas-de-caramelo
https://www.lacuisinedebernard.com/galletas-de-caramelo,https://staging.lacuisinedebernard.com/galletas-de-caramelo
https://www.lacuisinedebernard.com/galletas-de-caramelo/,https://staging.lacuisinedebernard.com/galletas-de-caramelo
https://lacuisinedebernard.com/pao-curto-de-caramelo,https://staging.lacuisinedebernard.com/pao-curto-de-caramelo
https://lacuisinedebernard.com/pao-curto-de-caramelo/,https://staging.lacuisinedebernard.com/pao-curto-de-caramelo
https://www.lacuisinedebernard.com/pao-curto-de-caramelo,https://staging.lacuisinedebernard.com/pao-curto-de-caramelo
https://www.lacuisinedebernard.com/pao-curto-de-caramelo/,https://staging.lacuisinedebernard.com/pao-curto-de-caramelo
https://lacuisinedebernard.com/brioche-de-nozes-de-chocolate,https://staging.lacuisinedebernard.com/brioche-de-nozes-de-chocolate
https://lacuisinedebernard.com/brioche-de-nozes-de-chocolate/,https://staging.lacuisinedebernard.com/brioche-de-nozes-de-chocolate
https://www.lacuisinedebernard.com/brioche-de-nozes-de-chocolate,https://staging.lacuisinedebernard.com/brioche-de-nozes-de-chocolate
https://www.lacuisinedebernard.com/brioche-de-nozes-de-chocolate/,https://staging.lacuisinedebernard.com/brioche-de-nozes-de-chocolate
https://lacuisinedebernard.com/torradas-demoniacas-francesas,https://staging.lacuisinedebernard.com/torradas-demoniacas-francesas
https://lacuisinedebernard.com/torradas-demoniacas-francesas/,https://staging.lacuisinedebernard.com/torradas-demoniacas-francesas
https://www.lacuisinedebernard.com/torradas-demoniacas-francesas,https://staging.lacuisinedebernard.com/torradas-demoniacas-francesas
https://www.lacuisinedebernard.com/torradas-demoniacas-francesas/,https://staging.lacuisinedebernard.com/torradas-demoniacas-francesas
https://lacuisinedebernard.com/caramel-shortbread,https://staging.lacuisinedebernard.com/caramel-shortbread
https://lacuisinedebernard.com/caramel-shortbread/,https://staging.lacuisinedebernard.com/caramel-shortbread
https://www.lacuisinedebernard.com/caramel-shortbread,https://staging.lacuisinedebernard.com/caramel-shortbread
https://www.lacuisinedebernard.com/caramel-shortbread/,https://staging.lacuisinedebernard.com/caramel-shortbread
https://lacuisinedebernard.com/%d9%83%d8%b9%d9%83%d8%a9-%d9%83%d8%b1%d8%a7%d9%85%d9%8a%d9%84,https://staging.lacuisinedebernard.com/%d9%83%d8%b9%d9%83%d8%a9-%d9%83%d8%b1%d8%a7%d9%85%d9%8a%d9%84
https://lacuisinedebernard.com/%d9%83%d8%b9%d9%83%d8%a9-%d9%83%d8%b1%d8%a7%d9%85%d9%8a%d9%84/,https://staging.lacuisinedebernard.com/%d9%83%d8%b9%d9%83%d8%a9-%d9%83%d8%b1%d8%a7%d9%85%d9%8a%d9%84
https://www.lacuisinedebernard.com/%d9%83%d8%b9%d9%83%d8%a9-%d9%83%d8%b1%d8%a7%d9%85%d9%8a%d9%84,https://staging.lacuisinedebernard.com/%d9%83%d8%b9%d9%83%d8%a9-%d9%83%d8%b1%d8%a7%d9%85%d9%8a%d9%84
https://www.lacuisinedebernard.com/%d9%83%d8%b9%d9%83%d8%a9-%d9%83%d8%b1%d8%a7%d9%85%d9%8a%d9%84/,https://staging.lacuisinedebernard.com/%d9%83%d8%b9%d9%83%d8%a9-%d9%83%d8%b1%d8%a7%d9%85%d9%8a%d9%84
https://lacuisinedebernard.com/concurso-gana-un-robot-de-cocina-kitchenaid-y-4-libros,https://staging.lacuisinedebernard.com/concurso-gana-un-robot-de-cocina-kitchenaid-y-4-libros
https://lacuisinedebernard.com/concurso-gana-un-robot-de-cocina-kitchenaid-y-4-libros/,https://staging.lacuisinedebernard.com/concurso-gana-un-robot-de-cocina-kitchenaid-y-4-libros
https://www.lacuisinedebernard.com/concurso-gana-un-robot-de-cocina-kitchenaid-y-4-libros,https://staging.lacuisinedebernard.com/concurso-gana-un-robot-de-cocina-kitchenaid-y-4-libros
https://www.lacuisinedebernard.com/concurso-gana-un-robot-de-cocina-kitchenaid-y-4-libros/,https://staging.lacuisinedebernard.com/concurso-gana-un-robot-de-cocina-kitchenaid-y-4-libros
https://lacuisinedebernard.com/competicao-ganhe-um-processador-de-comida-kitchenaid-e-4-livros,https://staging.lacuisinedebernard.com/competicao-ganhe-um-processador-de-comida-kitchenaid-e-4-livros
https://lacuisinedebernard.com/competicao-ganhe-um-processador-de-comida-kitchenaid-e-4-livros/,https://staging.lacuisinedebernard.com/competicao-ganhe-um-processador-de-comida-kitchenaid-e-4-livros
https://www.lacuisinedebernard.com/competicao-ganhe-um-processador-de-comida-kitchenaid-e-4-livros,https://staging.lacuisinedebernard.com/competicao-ganhe-um-processador-de-comida-kitchenaid-e-4-livros
https://www.lacuisinedebernard.com/competicao-ganhe-um-processador-de-comida-kitchenaid-e-4-livros/,https://staging.lacuisinedebernard.com/competicao-ganhe-um-processador-de-comida-kitchenaid-e-4-livros
https://lacuisinedebernard.com/contest-a-kitchenaid-food-processor-and-4-books-to-win,https://staging.lacuisinedebernard.com/contest-a-kitchenaid-food-processor-and-4-books-to-win
https://lacuisinedebernard.com/contest-a-kitchenaid-food-processor-and-4-books-to-win/,https://staging.lacuisinedebernard.com/contest-a-kitchenaid-food-processor-and-4-books-to-win
https://www.lacuisinedebernard.com/contest-a-kitchenaid-food-processor-and-4-books-to-win,https://staging.lacuisinedebernard.com/contest-a-kitchenaid-food-processor-and-4-books-to-win
https://www.lacuisinedebernard.com/contest-a-kitchenaid-food-processor-and-4-books-to-win/,https://staging.lacuisinedebernard.com/contest-a-kitchenaid-food-processor-and-4-books-to-win
https://lacuisinedebernard.com/jeu-concours-un-robot-kitchenaid-et-4-livres-a-gagner,https://staging.lacuisinedebernard.com/jeu-concours-un-robot-kitchenaid-et-4-livres-a-gagner
https://lacuisinedebernard.com/jeu-concours-un-robot-kitchenaid-et-4-livres-a-gagner/,https://staging.lacuisinedebernard.com/jeu-concours-un-robot-kitchenaid-et-4-livres-a-gagner
https://www.lacuisinedebernard.com/jeu-concours-un-robot-kitchenaid-et-4-livres-a-gagner,https://staging.lacuisinedebernard.com/jeu-concours-un-robot-kitchenaid-et-4-livres-a-gagner
https://www.lacuisinedebernard.com/jeu-concours-un-robot-kitchenaid-et-4-livres-a-gagner/,https://staging.lacuisinedebernard.com/jeu-concours-un-robot-kitchenaid-et-4-livres-a-gagner
https://lacuisinedebernard.com/sables-caramel,https://staging.lacuisinedebernard.com/sables-caramel
https://lacuisinedebernard.com/sables-caramel/,https://staging.lacuisinedebernard.com/sables-caramel
https://www.lacuisinedebernard.com/sables-caramel,https://staging.lacuisinedebernard.com/sables-caramel
https://www.lacuisinedebernard.com/sables-caramel/,https://staging.lacuisinedebernard.com/sables-caramel
https://lacuisinedebernard.com/pain-perdu-demoniaque,https://staging.lacuisinedebernard.com/pain-perdu-demoniaque
https://lacuisinedebernard.com/pain-perdu-demoniaque/,https://staging.lacuisinedebernard.com/pain-perdu-demoniaque
https://www.lacuisinedebernard.com/pain-perdu-demoniaque,https://staging.lacuisinedebernard.com/pain-perdu-demoniaque
https://www.lacuisinedebernard.com/pain-perdu-demoniaque/,https://staging.lacuisinedebernard.com/pain-perdu-demoniaque
https://lacuisinedebernard.com/hamburguesa-de-pollo-con-chile-crujiente,https://staging.lacuisinedebernard.com/hamburguesa-de-pollo-con-chile-crujiente
https://lacuisinedebernard.com/hamburguesa-de-pollo-con-chile-crujiente/,https://staging.lacuisinedebernard.com/hamburguesa-de-pollo-con-chile-crujiente
https://www.lacuisinedebernard.com/hamburguesa-de-pollo-con-chile-crujiente,https://staging.lacuisinedebernard.com/hamburguesa-de-pollo-con-chile-crujiente
https://www.lacuisinedebernard.com/hamburguesa-de-pollo-con-chile-crujiente/,https://staging.lacuisinedebernard.com/hamburguesa-de-pollo-con-chile-crujiente
https://lacuisinedebernard.com/crispy-chicken-chilli-burger,https://staging.lacuisinedebernard.com/crispy-chicken-chilli-burger
https://lacuisinedebernard.com/crispy-chicken-chilli-burger/,https://staging.lacuisinedebernard.com/crispy-chicken-chilli-burger
https://www.lacuisinedebernard.com/crispy-chicken-chilli-burger,https://staging.lacuisinedebernard.com/crispy-chicken-chilli-burger
https://www.lacuisinedebernard.com/crispy-chicken-chilli-burger/,https://staging.lacuisinedebernard.com/crispy-chicken-chilli-burger
https://lacuisinedebernard.com/mochi-de-chocolate,https://staging.lacuisinedebernard.com/mochi-de-chocolate
https://lacuisinedebernard.com/mochi-de-chocolate/,https://staging.lacuisinedebernard.com/mochi-de-chocolate
https://www.lacuisinedebernard.com/mochi-de-chocolate,https://staging.lacuisinedebernard.com/mochi-de-chocolate
https://www.lacuisinedebernard.com/mochi-de-chocolate/,https://staging.lacuisinedebernard.com/mochi-de-chocolate
https://lacuisinedebernard.com/hamburguer-de-frango-crocante-chilli-burger,https://staging.lacuisinedebernard.com/hamburguer-de-frango-crocante-chilli-burger
https://lacuisinedebernard.com/hamburguer-de-frango-crocante-chilli-burger/,https://staging.lacuisinedebernard.com/hamburguer-de-frango-crocante-chilli-burger
https://www.lacuisinedebernard.com/hamburguer-de-frango-crocante-chilli-burger,https://staging.lacuisinedebernard.com/hamburguer-de-frango-crocante-chilli-burger
https://www.lacuisinedebernard.com/hamburguer-de-frango-crocante-chilli-burger/,https://staging.lacuisinedebernard.com/hamburguer-de-frango-crocante-chilli-burger
https://lacuisinedebernard.com/chocolate-mochi,https://staging.lacuisinedebernard.com/chocolate-mochi
https://lacuisinedebernard.com/chocolate-mochi/,https://staging.lacuisinedebernard.com/chocolate-mochi
https://www.lacuisinedebernard.com/chocolate-mochi,https://staging.lacuisinedebernard.com/chocolate-mochi
https://www.lacuisinedebernard.com/chocolate-mochi/,https://staging.lacuisinedebernard.com/chocolate-mochi
https://lacuisinedebernard.com/%d8%a8%d8%b1%d8%ac%d8%b1-%d8%af%d8%ac%d8%a7%d8%ac-%d9%85%d9%82%d8%b1%d9%85%d8%b4-%d8%ad%d8%a7%d8%b1,https://staging.lacuisinedebernard.com/%d8%a8%d8%b1%d8%ac%d8%b1-%d8%af%d8%ac%d8%a7%d8%ac-%d9%85%d9%82%d8%b1%d9%85%d8%b4-%d8%ad%d8%a7%d8%b1
https://lacuisinedebernard.com/%d8%a8%d8%b1%d8%ac%d8%b1-%d8%af%d8%ac%d8%a7%d8%ac-%d9%85%d9%82%d8%b1%d9%85%d8%b4-%d8%ad%d8%a7%d8%b1/,https://staging.lacuisinedebernard.com/%d8%a8%d8%b1%d8%ac%d8%b1-%d8%af%d8%ac%d8%a7%d8%ac-%d9%85%d9%82%d8%b1%d9%85%d8%b4-%d8%ad%d8%a7%d8%b1
https://www.lacuisinedebernard.com/%d8%a8%d8%b1%d8%ac%d8%b1-%d8%af%d8%ac%d8%a7%d8%ac-%d9%85%d9%82%d8%b1%d9%85%d8%b4-%d8%ad%d8%a7%d8%b1,https://staging.lacuisinedebernard.com/%d8%a8%d8%b1%d8%ac%d8%b1-%d8%af%d8%ac%d8%a7%d8%ac-%d9%85%d9%82%d8%b1%d9%85%d8%b4-%d8%ad%d8%a7%d8%b1
https://www.lacuisinedebernard.com/%d8%a8%d8%b1%d8%ac%d8%b1-%d8%af%d8%ac%d8%a7%d8%ac-%d9%85%d9%82%d8%b1%d9%85%d8%b4-%d8%ad%d8%a7%d8%b1/,https://staging.lacuisinedebernard.com/%d8%a8%d8%b1%d8%ac%d8%b1-%d8%af%d8%ac%d8%a7%d8%ac-%d9%85%d9%82%d8%b1%d9%85%d8%b4-%d8%ad%d8%a7%d8%b1
https://lacuisinedebernard.com/%d9%85%d9%88%d8%aa%d8%b4%d9%8a-%d8%a7%d9%84%d8%b4%d9%88%d9%83%d9%88%d9%84%d8%a7%d8%aa%d8%a9,https://staging.lacuisinedebernard.com/%d9%85%d9%88%d8%aa%d8%b4%d9%8a-%d8%a7%d9%84%d8%b4%d9%88%d9%83%d9%88%d9%84%d8%a7%d8%aa%d8%a9
https://lacuisinedebernard.com/%d9%85%d9%88%d8%aa%d8%b4%d9%8a-%d8%a7%d9%84%d8%b4%d9%88%d9%83%d9%88%d9%84%d8%a7%d8%aa%d8%a9/,https://staging.lacuisinedebernard.com/%d9%85%d9%88%d8%aa%d8%b4%d9%8a-%d8%a7%d9%84%d8%b4%d9%88%d9%83%d9%88%d9%84%d8%a7%d8%aa%d8%a9
https://www.lacuisinedebernard.com/%d9%85%d9%88%d8%aa%d8%b4%d9%8a-%d8%a7%d9%84%d8%b4%d9%88%d9%83%d9%88%d9%84%d8%a7%d8%aa%d8%a9,https://staging.lacuisinedebernard.com/%d9%85%d9%88%d8%aa%d8%b4%d9%8a-%d8%a7%d9%84%d8%b4%d9%88%d9%83%d9%88%d9%84%d8%a7%d8%aa%d8%a9
https://www.lacuisinedebernard.com/%d9%85%d9%88%d8%aa%d8%b4%d9%8a-%d8%a7%d9%84%d8%b4%d9%88%d9%83%d9%88%d9%84%d8%a7%d8%aa%d8%a9/,https://staging.lacuisinedebernard.com/%d9%85%d9%88%d8%aa%d8%b4%d9%8a-%d8%a7%d9%84%d8%b4%d9%88%d9%83%d9%88%d9%84%d8%a7%d8%aa%d8%a9
https://lacuisinedebernard.com/bollos-en-thangzong,https://staging.lacuisinedebernard.com/bollos-en-thangzong
https://lacuisinedebernard.com/bollos-en-thangzong/,https://staging.lacuisinedebernard.com/bollos-en-thangzong
https://www.lacuisinedebernard.com/bollos-en-thangzong,https://staging.lacuisinedebernard.com/bollos-en-thangzong
https://www.lacuisinedebernard.com/bollos-en-thangzong/,https://staging.lacuisinedebernard.com/bollos-en-thangzong
https://lacuisinedebernard.com/paezinhos-em-thangzong,https://staging.lacuisinedebernard.com/paezinhos-em-thangzong
https://lacuisinedebernard.com/paezinhos-em-thangzong/,https://staging.lacuisinedebernard.com/paezinhos-em-thangzong
https://www.lacuisinedebernard.com/paezinhos-em-thangzong,https://staging.lacuisinedebernard.com/paezinhos-em-thangzong
https://www.lacuisinedebernard.com/paezinhos-em-thangzong/,https://staging.lacuisinedebernard.com/paezinhos-em-thangzong
https://lacuisinedebernard.com/buns-at-thangzong,https://staging.lacuisinedebernard.com/buns-at-thangzong
https://lacuisinedebernard.com/buns-at-thangzong/,https://staging.lacuisinedebernard.com/buns-at-thangzong
https://www.lacuisinedebernard.com/buns-at-thangzong,https://staging.lacuisinedebernard.com/buns-at-thangzong
https://www.lacuisinedebernard.com/buns-at-thangzong/,https://staging.lacuisinedebernard.com/buns-at-thangzong
https://lacuisinedebernard.com/torta-de-chocolate-e-trufa-de-cafe,https://staging.lacuisinedebernard.com/torta-de-chocolate-e-trufa-de-cafe
https://lacuisinedebernard.com/torta-de-chocolate-e-trufa-de-cafe/,https://staging.lacuisinedebernard.com/torta-de-chocolate-e-trufa-de-cafe
https://www.lacuisinedebernard.com/torta-de-chocolate-e-trufa-de-cafe,https://staging.lacuisinedebernard.com/torta-de-chocolate-e-trufa-de-cafe
https://www.lacuisinedebernard.com/torta-de-chocolate-e-trufa-de-cafe/,https://staging.lacuisinedebernard.com/torta-de-chocolate-e-trufa-de-cafe
https://lacuisinedebernard.com/tarta-de-trufa-de-chocolate-y-cafe,https://staging.lacuisinedebernard.com/tarta-de-trufa-de-chocolate-y-cafe
https://lacuisinedebernard.com/tarta-de-trufa-de-chocolate-y-cafe/,https://staging.lacuisinedebernard.com/tarta-de-trufa-de-chocolate-y-cafe
https://www.lacuisinedebernard.com/tarta-de-trufa-de-chocolate-y-cafe,https://staging.lacuisinedebernard.com/tarta-de-trufa-de-chocolate-y-cafe
https://www.lacuisinedebernard.com/tarta-de-trufa-de-chocolate-y-cafe/,https://staging.lacuisinedebernard.com/tarta-de-trufa-de-chocolate-y-cafe
https://lacuisinedebernard.com/chocolate-and-coffee-truffle-pie,https://staging.lacuisinedebernard.com/chocolate-and-coffee-truffle-pie
https://lacuisinedebernard.com/chocolate-and-coffee-truffle-pie/,https://staging.lacuisinedebernard.com/chocolate-and-coffee-truffle-pie
https://www.lacuisinedebernard.com/chocolate-and-coffee-truffle-pie,https://staging.lacuisinedebernard.com/chocolate-and-coffee-truffle-pie
https://www.lacuisinedebernard.com/chocolate-and-coffee-truffle-pie/,https://staging.lacuisinedebernard.com/chocolate-and-coffee-truffle-pie
https://lacuisinedebernard.com/%d8%a7%d9%84%d9%83%d8%b9%d9%83-%d9%81%d9%8a-thangzong,https://staging.lacuisinedebernard.com/%d8%a7%d9%84%d9%83%d8%b9%d9%83-%d9%81%d9%8a-thangzong
https://lacuisinedebernard.com/%d8%a7%d9%84%d9%83%d8%b9%d9%83-%d9%81%d9%8a-thangzong/,https://staging.lacuisinedebernard.com/%d8%a7%d9%84%d9%83%d8%b9%d9%83-%d9%81%d9%8a-thangzong
https://www.lacuisinedebernard.com/%d8%a7%d9%84%d9%83%d8%b9%d9%83-%d9%81%d9%8a-thangzong,https://staging.lacuisinedebernard.com/%d8%a7%d9%84%d9%83%d8%b9%d9%83-%d9%81%d9%8a-thangzong
https://www.lacuisinedebernard.com/%d8%a7%d9%84%d9%83%d8%b9%d9%83-%d9%81%d9%8a-thangzong/,https://staging.lacuisinedebernard.com/%d8%a7%d9%84%d9%83%d8%b9%d9%83-%d9%81%d9%8a-thangzong
https://lacuisinedebernard.com/%d8%aa%d8%a7%d8%b1%d8%aa-%d8%aa%d8%b1%d8%a7%d9%81%d9%84-%d8%a7%d9%84%d9%82%d9%87%d9%88%d8%a9-%d8%a8%d8%a7%d9%84%d8%b4%d9%88%d9%83%d9%88%d9%84%d8%a7%d8%aa%d8%a9,https://staging.lacuisinedebernard.com/%d8%aa%d8%a7%d8%b1%d8%aa-%d8%aa%d8%b1%d8%a7%d9%81%d9%84-%d8%a7%d9%84%d9%82%d9%87%d9%88%d8%a9-%d8%a8%d8%a7%d9%84%d8%b4%d9%88%d9%83%d9%88%d9%84%d8%a7%d8%aa%d8%a9
https://lacuisinedebernard.com/%d8%aa%d8%a7%d8%b1%d8%aa-%d8%aa%d8%b1%d8%a7%d9%81%d9%84-%d8%a7%d9%84%d9%82%d9%87%d9%88%d8%a9-%d8%a8%d8%a7%d9%84%d8%b4%d9%88%d9%83%d9%88%d9%84%d8%a7%d8%aa%d8%a9/,https://staging.lacuisinedebernard.com/%d8%aa%d8%a7%d8%b1%d8%aa-%d8%aa%d8%b1%d8%a7%d9%81%d9%84-%d8%a7%d9%84%d9%82%d9%87%d9%88%d8%a9-%d8%a8%d8%a7%d9%84%d8%b4%d9%88%d9%83%d9%88%d9%84%d8%a7%d8%aa%d8%a9
https://www.lacuisinedebernard.com/%d8%aa%d8%a7%d8%b1%d8%aa-%d8%aa%d8%b1%d8%a7%d9%81%d9%84-%d8%a7%d9%84%d9%82%d9%87%d9%88%d8%a9-%d8%a8%d8%a7%d9%84%d8%b4%d9%88%d9%83%d9%88%d9%84%d8%a7%d8%aa%d8%a9,https://staging.lacuisinedebernard.com/%d8%aa%d8%a7%d8%b1%d8%aa-%d8%aa%d8%b1%d8%a7%d9%81%d9%84-%d8%a7%d9%84%d9%82%d9%87%d9%88%d8%a9-%d8%a8%d8%a7%d9%84%d8%b4%d9%88%d9%83%d9%88%d9%84%d8%a7%d8%aa%d8%a9
https://www.lacuisinedebernard.com/%d8%aa%d8%a7%d8%b1%d8%aa-%d8%aa%d8%b1%d8%a7%d9%81%d9%84-%d8%a7%d9%84%d9%82%d9%87%d9%88%d8%a9-%d8%a8%d8%a7%d9%84%d8%b4%d9%88%d9%83%d9%88%d9%84%d8%a7%d8%aa%d8%a9/,https://staging.lacuisinedebernard.com/%d8%aa%d8%a7%d8%b1%d8%aa-%d8%aa%d8%b1%d8%a7%d9%81%d9%84-%d8%a7%d9%84%d9%82%d9%87%d9%88%d8%a9-%d8%a8%d8%a7%d9%84%d8%b4%d9%88%d9%83%d9%88%d9%84%d8%a7%d8%aa%d8%a9
https://lacuisinedebernard.com/gnocchi-com-abobora-nozes-e-manteiga-de-salvia,https://staging.lacuisinedebernard.com/gnocchi-com-abobora-nozes-e-manteiga-de-salvia
https://lacuisinedebernard.com/gnocchi-com-abobora-nozes-e-manteiga-de-salvia/,https://staging.lacuisinedebernard.com/gnocchi-com-abobora-nozes-e-manteiga-de-salvia
https://www.lacuisinedebernard.com/gnocchi-com-abobora-nozes-e-manteiga-de-salvia,https://staging.lacuisinedebernard.com/gnocchi-com-abobora-nozes-e-manteiga-de-salvia
https://www.lacuisinedebernard.com/gnocchi-com-abobora-nozes-e-manteiga-de-salvia/,https://staging.lacuisinedebernard.com/gnocchi-com-abobora-nozes-e-manteiga-de-salvia
https://lacuisinedebernard.com/gnocchi-con-calabaza-nueces-y-mantequilla-de-salvia,https://staging.lacuisinedebernard.com/gnocchi-con-calabaza-nueces-y-mantequilla-de-salvia
https://lacuisinedebernard.com/gnocchi-con-calabaza-nueces-y-mantequilla-de-salvia/,https://staging.lacuisinedebernard.com/gnocchi-con-calabaza-nueces-y-mantequilla-de-salvia
https://www.lacuisinedebernard.com/gnocchi-con-calabaza-nueces-y-mantequilla-de-salvia,https://staging.lacuisinedebernard.com/gnocchi-con-calabaza-nueces-y-mantequilla-de-salvia
https://www.lacuisinedebernard.com/gnocchi-con-calabaza-nueces-y-mantequilla-de-salvia/,https://staging.lacuisinedebernard.com/gnocchi-con-calabaza-nueces-y-mantequilla-de-salvia
https://lacuisinedebernard.com/gnocchi-with-pumpkin-nuts-and-sage-butter,https://staging.lacuisinedebernard.com/gnocchi-with-pumpkin-nuts-and-sage-butter
https://lacuisinedebernard.com/gnocchi-with-pumpkin-nuts-and-sage-butter/,https://staging.lacuisinedebernard.com/gnocchi-with-pumpkin-nuts-and-sage-butter
https://www.lacuisinedebernard.com/gnocchi-with-pumpkin-nuts-and-sage-butter,https://staging.lacuisinedebernard.com/gnocchi-with-pumpkin-nuts-and-sage-butter
https://www.lacuisinedebernard.com/gnocchi-with-pumpkin-nuts-and-sage-butter/,https://staging.lacuisinedebernard.com/gnocchi-with-pumpkin-nuts-and-sage-butter
https://lacuisinedebernard.com/%d8%ac%d9%86%d9%88%d9%83%d8%aa%d8%b4%d9%8a-%d9%85%d8%b9-%d8%a7%d9%84%d9%8a%d9%82%d8%b7%d9%8a%d9%86-%d9%88%d8%a7%d9%84%d8%ac%d9%88%d8%b2-%d9%88%d8%a7%d9%84%d8%b2%d8%a8%d8%af%d8%a9-%d8%a7%d9%84%d9%85,https://staging.lacuisinedebernard.com/%d8%ac%d9%86%d9%88%d9%83%d8%aa%d8%b4%d9%8a-%d9%85%d8%b9-%d8%a7%d9%84%d9%8a%d9%82%d8%b7%d9%8a%d9%86-%d9%88%d8%a7%d9%84%d8%ac%d9%88%d8%b2-%d9%88%d8%a7%d9%84%d8%b2%d8%a8%d8%af%d8%a9-%d8%a7%d9%84%d9%85
https://lacuisinedebernard.com/%d8%ac%d9%86%d9%88%d9%83%d8%aa%d8%b4%d9%8a-%d9%85%d8%b9-%d8%a7%d9%84%d9%8a%d9%82%d8%b7%d9%8a%d9%86-%d9%88%d8%a7%d9%84%d8%ac%d9%88%d8%b2-%d9%88%d8%a7%d9%84%d8%b2%d8%a8%d8%af%d8%a9-%d8%a7%d9%84%d9%85/,https://staging.lacuisinedebernard.com/%d8%ac%d9%86%d9%88%d9%83%d8%aa%d8%b4%d9%8a-%d9%85%d8%b9-%d8%a7%d9%84%d9%8a%d9%82%d8%b7%d9%8a%d9%86-%d9%88%d8%a7%d9%84%d8%ac%d9%88%d8%b2-%d9%88%d8%a7%d9%84%d8%b2%d8%a8%d8%af%d8%a9-%d8%a7%d9%84%d9%85
https://www.lacuisinedebernard.com/%d8%ac%d9%86%d9%88%d9%83%d8%aa%d8%b4%d9%8a-%d9%85%d8%b9-%d8%a7%d9%84%d9%8a%d9%82%d8%b7%d9%8a%d9%86-%d9%88%d8%a7%d9%84%d8%ac%d9%88%d8%b2-%d9%88%d8%a7%d9%84%d8%b2%d8%a8%d8%af%d8%a9-%d8%a7%d9%84%d9%85,https://staging.lacuisinedebernard.com/%d8%ac%d9%86%d9%88%d9%83%d8%aa%d8%b4%d9%8a-%d9%85%d8%b9-%d8%a7%d9%84%d9%8a%d9%82%d8%b7%d9%8a%d9%86-%d9%88%d8%a7%d9%84%d8%ac%d9%88%d8%b2-%d9%88%d8%a7%d9%84%d8%b2%d8%a8%d8%af%d8%a9-%d8%a7%d9%84%d9%85
https://www.lacuisinedebernard.com/%d8%ac%d9%86%d9%88%d9%83%d8%aa%d8%b4%d9%8a-%d9%85%d8%b9-%d8%a7%d9%84%d9%8a%d9%82%d8%b7%d9%8a%d9%86-%d9%88%d8%a7%d9%84%d8%ac%d9%88%d8%b2-%d9%88%d8%a7%d9%84%d8%b2%d8%a8%d8%af%d8%a9-%d8%a7%d9%84%d9%85/,https://staging.lacuisinedebernard.com/%d8%ac%d9%86%d9%88%d9%83%d8%aa%d8%b4%d9%8a-%d9%85%d8%b9-%d8%a7%d9%84%d9%8a%d9%82%d8%b7%d9%8a%d9%86-%d9%88%d8%a7%d9%84%d8%ac%d9%88%d8%b2-%d9%88%d8%a7%d9%84%d8%b2%d8%a8%d8%af%d8%a9-%d8%a7%d9%84%d9%85
https://lacuisinedebernard.com/mochi-au-chocolat,https://staging.lacuisinedebernard.com/mochi-au-chocolat
https://lacuisinedebernard.com/mochi-au-chocolat/,https://staging.lacuisinedebernard.com/mochi-au-chocolat
https://www.lacuisinedebernard.com/mochi-au-chocolat,https://staging.lacuisinedebernard.com/mochi-au-chocolat
https://www.lacuisinedebernard.com/mochi-au-chocolat/,https://staging.lacuisinedebernard.com/mochi-au-chocolat
https://lacuisinedebernard.com/gnocchi-con-calabaza,https://staging.lacuisinedebernard.com/gnocchi-con-calabaza
https://lacuisinedebernard.com/gnocchi-con-calabaza/,https://staging.lacuisinedebernard.com/gnocchi-con-calabaza
https://www.lacuisinedebernard.com/gnocchi-con-calabaza,https://staging.lacuisinedebernard.com/gnocchi-con-calabaza
https://www.lacuisinedebernard.com/gnocchi-con-calabaza/,https://staging.lacuisinedebernard.com/gnocchi-con-calabaza
https://lacuisinedebernard.com/gnocchi-com-abobora,https://staging.lacuisinedebernard.com/gnocchi-com-abobora
https://lacuisinedebernard.com/gnocchi-com-abobora/,https://staging.lacuisinedebernard.com/gnocchi-com-abobora
https://www.lacuisinedebernard.com/gnocchi-com-abobora,https://staging.lacuisinedebernard.com/gnocchi-com-abobora
https://www.lacuisinedebernard.com/gnocchi-com-abobora/,https://staging.lacuisinedebernard.com/gnocchi-com-abobora
https://lacuisinedebernard.com/gnocchi-with-pumpkin,https://staging.lacuisinedebernard.com/gnocchi-with-pumpkin
https://lacuisinedebernard.com/gnocchi-with-pumpkin/,https://staging.lacuisinedebernard.com/gnocchi-with-pumpkin
https://www.lacuisinedebernard.com/gnocchi-with-pumpkin,https://staging.lacuisinedebernard.com/gnocchi-with-pumpkin
https://www.lacuisinedebernard.com/gnocchi-with-pumpkin/,https://staging.lacuisinedebernard.com/gnocchi-with-pumpkin
https://lacuisinedebernard.com/%d9%86%d9%88%d9%83%d9%8a-%d8%a7%d9%84%d9%8a%d9%82%d8%b7%d9%8a%d9%86,https://staging.lacuisinedebernard.com/%d9%86%d9%88%d9%83%d9%8a-%d8%a7%d9%84%d9%8a%d9%82%d8%b7%d9%8a%d9%86
https://lacuisinedebernard.com/%d9%86%d9%88%d9%83%d9%8a-%d8%a7%d9%84%d9%8a%d9%82%d8%b7%d9%8a%d9%86/,https://staging.lacuisinedebernard.com/%d9%86%d9%88%d9%83%d9%8a-%d8%a7%d9%84%d9%8a%d9%82%d8%b7%d9%8a%d9%86
https://www.lacuisinedebernard.com/%d9%86%d9%88%d9%83%d9%8a-%d8%a7%d9%84%d9%8a%d9%82%d8%b7%d9%8a%d9%86,https://staging.lacuisinedebernard.com/%d9%86%d9%88%d9%83%d9%8a-%d8%a7%d9%84%d9%8a%d9%82%d8%b7%d9%8a%d9%86
https://www.lacuisinedebernard.com/%d9%86%d9%88%d9%83%d9%8a-%d8%a7%d9%84%d9%8a%d9%82%d8%b7%d9%8a%d9%86/,https://staging.lacuisinedebernard.com/%d9%86%d9%88%d9%83%d9%8a-%d8%a7%d9%84%d9%8a%d9%82%d8%b7%d9%8a%d9%86
https://lacuisinedebernard.com/cocoa-nut-cake,https://staging.lacuisinedebernard.com/cocoa-nut-cake
https://lacuisinedebernard.com/cocoa-nut-cake/,https://staging.lacuisinedebernard.com/cocoa-nut-cake
https://www.lacuisinedebernard.com/cocoa-nut-cake,https://staging.lacuisinedebernard.com/cocoa-nut-cake
https://www.lacuisinedebernard.com/cocoa-nut-cake/,https://staging.lacuisinedebernard.com/cocoa-nut-cake
https://lacuisinedebernard.com/pastel-de-cacao-y-nueces,https://staging.lacuisinedebernard.com/pastel-de-cacao-y-nueces
https://lacuisinedebernard.com/pastel-de-cacao-y-nueces/,https://staging.lacuisinedebernard.com/pastel-de-cacao-y-nueces
https://www.lacuisinedebernard.com/pastel-de-cacao-y-nueces,https://staging.lacuisinedebernard.com/pastel-de-cacao-y-nueces
https://www.lacuisinedebernard.com/pastel-de-cacao-y-nueces/,https://staging.lacuisinedebernard.com/pastel-de-cacao-y-nueces
https://lacuisinedebernard.com/bolo-de-nozes-de-cacau,https://staging.lacuisinedebernard.com/bolo-de-nozes-de-cacau
https://lacuisinedebernard.com/bolo-de-nozes-de-cacau/,https://staging.lacuisinedebernard.com/bolo-de-nozes-de-cacau
https://www.lacuisinedebernard.com/bolo-de-nozes-de-cacau,https://staging.lacuisinedebernard.com/bolo-de-nozes-de-cacau
https://www.lacuisinedebernard.com/bolo-de-nozes-de-cacau/,https://staging.lacuisinedebernard.com/bolo-de-nozes-de-cacau
https://lacuisinedebernard.com/%d9%83%d8%b9%d9%83%d8%a9-%d8%ac%d9%88%d8%b2-%d8%a7%d9%84%d9%83%d8%a7%d9%83%d8%a7%d9%88,https://staging.lacuisinedebernard.com/%d9%83%d8%b9%d9%83%d8%a9-%d8%ac%d9%88%d8%b2-%d8%a7%d9%84%d9%83%d8%a7%d9%83%d8%a7%d9%88
https://lacuisinedebernard.com/%d9%83%d8%b9%d9%83%d8%a9-%d8%ac%d9%88%d8%b2-%d8%a7%d9%84%d9%83%d8%a7%d9%83%d8%a7%d9%88/,https://staging.lacuisinedebernard.com/%d9%83%d8%b9%d9%83%d8%a9-%d8%ac%d9%88%d8%b2-%d8%a7%d9%84%d9%83%d8%a7%d9%83%d8%a7%d9%88
https://www.lacuisinedebernard.com/%d9%83%d8%b9%d9%83%d8%a9-%d8%ac%d9%88%d8%b2-%d8%a7%d9%84%d9%83%d8%a7%d9%83%d8%a7%d9%88,https://staging.lacuisinedebernard.com/%d9%83%d8%b9%d9%83%d8%a9-%d8%ac%d9%88%d8%b2-%d8%a7%d9%84%d9%83%d8%a7%d9%83%d8%a7%d9%88
https://www.lacuisinedebernard.com/%d9%83%d8%b9%d9%83%d8%a9-%d8%ac%d9%88%d8%b2-%d8%a7%d9%84%d9%83%d8%a7%d9%83%d8%a7%d9%88/,https://staging.lacuisinedebernard.com/%d9%83%d8%b9%d9%83%d8%a9-%d8%ac%d9%88%d8%b2-%d8%a7%d9%84%d9%83%d8%a7%d9%83%d8%a7%d9%88
https://lacuisinedebernard.com/crumble-de-manzana-pera-y-avellanas-con-chocolate-con-leche-y-praline,https://staging.lacuisinedebernard.com/crumble-de-manzana-pera-y-avellanas-con-chocolate-con-leche-y-praline
https://lacuisinedebernard.com/crumble-de-manzana-pera-y-avellanas-con-chocolate-con-leche-y-praline/,https://staging.lacuisinedebernard.com/crumble-de-manzana-pera-y-avellanas-con-chocolate-con-leche-y-praline
https://www.lacuisinedebernard.com/crumble-de-manzana-pera-y-avellanas-con-chocolate-con-leche-y-praline,https://staging.lacuisinedebernard.com/crumble-de-manzana-pera-y-avellanas-con-chocolate-con-leche-y-praline
https://www.lacuisinedebernard.com/crumble-de-manzana-pera-y-avellanas-con-chocolate-con-leche-y-praline/,https://staging.lacuisinedebernard.com/crumble-de-manzana-pera-y-avellanas-con-chocolate-con-leche-y-praline
https://lacuisinedebernard.com/apple-pear-hazelnut-crumble-with-milk-chocolate-and-praline,https://staging.lacuisinedebernard.com/apple-pear-hazelnut-crumble-with-milk-chocolate-and-praline
https://lacuisinedebernard.com/apple-pear-hazelnut-crumble-with-milk-chocolate-and-praline/,https://staging.lacuisinedebernard.com/apple-pear-hazelnut-crumble-with-milk-chocolate-and-praline
https://www.lacuisinedebernard.com/apple-pear-hazelnut-crumble-with-milk-chocolate-and-praline,https://staging.lacuisinedebernard.com/apple-pear-hazelnut-crumble-with-milk-chocolate-and-praline
https://www.lacuisinedebernard.com/apple-pear-hazelnut-crumble-with-milk-chocolate-and-praline/,https://staging.lacuisinedebernard.com/apple-pear-hazelnut-crumble-with-milk-chocolate-and-praline
https://lacuisinedebernard.com/avela-de-pera-de-maca-desfiada-com-chocolate-de-leite-e-pralina,https://staging.lacuisinedebernard.com/avela-de-pera-de-maca-desfiada-com-chocolate-de-leite-e-pralina
https://lacuisinedebernard.com/avela-de-pera-de-maca-desfiada-com-chocolate-de-leite-e-pralina/,https://staging.lacuisinedebernard.com/avela-de-pera-de-maca-desfiada-com-chocolate-de-leite-e-pralina
https://www.lacuisinedebernard.com/avela-de-pera-de-maca-desfiada-com-chocolate-de-leite-e-pralina,https://staging.lacuisinedebernard.com/avela-de-pera-de-maca-desfiada-com-chocolate-de-leite-e-pralina
https://www.lacuisinedebernard.com/avela-de-pera-de-maca-desfiada-com-chocolate-de-leite-e-pralina/,https://staging.lacuisinedebernard.com/avela-de-pera-de-maca-desfiada-com-chocolate-de-leite-e-pralina
https://lacuisinedebernard.com/%d8%a7%d9%84%d8%aa%d9%81%d8%a7%d8%ad-%d8%a7%d9%84%d9%83%d9%85%d8%ab%d8%b1%d9%89-%d9%88%d8%a7%d9%84%d8%a8%d9%86%d8%af%d9%82-%d8%aa%d9%86%d9%87%d8%a7%d8%b1-%d9%85%d8%b9-%d8%b4%d9%88%d9%83%d9%88%d9%84,https://staging.lacuisinedebernard.com/%d8%a7%d9%84%d8%aa%d9%81%d8%a7%d8%ad-%d8%a7%d9%84%d9%83%d9%85%d8%ab%d8%b1%d9%89-%d9%88%d8%a7%d9%84%d8%a8%d9%86%d8%af%d9%82-%d8%aa%d9%86%d9%87%d8%a7%d8%b1-%d9%85%d8%b9-%d8%b4%d9%88%d9%83%d9%88%d9%84
https://lacuisinedebernard.com/%d8%a7%d9%84%d8%aa%d9%81%d8%a7%d8%ad-%d8%a7%d9%84%d9%83%d9%85%d8%ab%d8%b1%d9%89-%d9%88%d8%a7%d9%84%d8%a8%d9%86%d8%af%d9%82-%d8%aa%d9%86%d9%87%d8%a7%d8%b1-%d9%85%d8%b9-%d8%b4%d9%88%d9%83%d9%88%d9%84/,https://staging.lacuisinedebernard.com/%d8%a7%d9%84%d8%aa%d9%81%d8%a7%d8%ad-%d8%a7%d9%84%d9%83%d9%85%d8%ab%d8%b1%d9%89-%d9%88%d8%a7%d9%84%d8%a8%d9%86%d8%af%d9%82-%d8%aa%d9%86%d9%87%d8%a7%d8%b1-%d9%85%d8%b9-%d8%b4%d9%88%d9%83%d9%88%d9%84
https://www.lacuisinedebernard.com/%d8%a7%d9%84%d8%aa%d9%81%d8%a7%d8%ad-%d8%a7%d9%84%d9%83%d9%85%d8%ab%d8%b1%d9%89-%d9%88%d8%a7%d9%84%d8%a8%d9%86%d8%af%d9%82-%d8%aa%d9%86%d9%87%d8%a7%d8%b1-%d9%85%d8%b9-%d8%b4%d9%88%d9%83%d9%88%d9%84,https://staging.lacuisinedebernard.com/%d8%a7%d9%84%d8%aa%d9%81%d8%a7%d8%ad-%d8%a7%d9%84%d9%83%d9%85%d8%ab%d8%b1%d9%89-%d9%88%d8%a7%d9%84%d8%a8%d9%86%d8%af%d9%82-%d8%aa%d9%86%d9%87%d8%a7%d8%b1-%d9%85%d8%b9-%d8%b4%d9%88%d9%83%d9%88%d9%84
https://www.lacuisinedebernard.com/%d8%a7%d9%84%d8%aa%d9%81%d8%a7%d8%ad-%d8%a7%d9%84%d9%83%d9%85%d8%ab%d8%b1%d9%89-%d9%88%d8%a7%d9%84%d8%a8%d9%86%d8%af%d9%82-%d8%aa%d9%86%d9%87%d8%a7%d8%b1-%d9%85%d8%b9-%d8%b4%d9%88%d9%83%d9%88%d9%84/,https://staging.lacuisinedebernard.com/%d8%a7%d9%84%d8%aa%d9%81%d8%a7%d8%ad-%d8%a7%d9%84%d9%83%d9%85%d8%ab%d8%b1%d9%89-%d9%88%d8%a7%d9%84%d8%a8%d9%86%d8%af%d9%82-%d8%aa%d9%86%d9%87%d8%a7%d8%b1-%d9%85%d8%b9-%d8%b4%d9%88%d9%83%d9%88%d9%84
https://lacuisinedebernard.com/pao-de-abobora-pao-de-abobora,https://staging.lacuisinedebernard.com/pao-de-abobora-pao-de-abobora
https://lacuisinedebernard.com/pao-de-abobora-pao-de-abobora/,https://staging.lacuisinedebernard.com/pao-de-abobora-pao-de-abobora
https://www.lacuisinedebernard.com/pao-de-abobora-pao-de-abobora,https://staging.lacuisinedebernard.com/pao-de-abobora-pao-de-abobora
https://www.lacuisinedebernard.com/pao-de-abobora-pao-de-abobora/,https://staging.lacuisinedebernard.com/pao-de-abobora-pao-de-abobora
https://lacuisinedebernard.com/pao-de-abobora-bollo-de-calabaza,https://staging.lacuisinedebernard.com/pao-de-abobora-bollo-de-calabaza
https://lacuisinedebernard.com/pao-de-abobora-bollo-de-calabaza/,https://staging.lacuisinedebernard.com/pao-de-abobora-bollo-de-calabaza
https://www.lacuisinedebernard.com/pao-de-abobora-bollo-de-calabaza,https://staging.lacuisinedebernard.com/pao-de-abobora-bollo-de-calabaza
https://www.lacuisinedebernard.com/pao-de-abobora-bollo-de-calabaza/,https://staging.lacuisinedebernard.com/pao-de-abobora-bollo-de-calabaza
https://lacuisinedebernard.com/pao-de-abobora-pumpkin-bun,https://staging.lacuisinedebernard.com/pao-de-abobora-pumpkin-bun
https://lacuisinedebernard.com/pao-de-abobora-pumpkin-bun/,https://staging.lacuisinedebernard.com/pao-de-abobora-pumpkin-bun
https://www.lacuisinedebernard.com/pao-de-abobora-pumpkin-bun,https://staging.lacuisinedebernard.com/pao-de-abobora-pumpkin-bun
https://www.lacuisinedebernard.com/pao-de-abobora-pumpkin-bun/,https://staging.lacuisinedebernard.com/pao-de-abobora-pumpkin-bun
https://lacuisinedebernard.com/pao-de-abobora-%d8%8c-%d9%83%d8%b9%d9%83%d8%a9-%d8%a7%d9%84%d8%a7%d8%b3%d9%83%d9%88%d8%a7%d8%b4,https://staging.lacuisinedebernard.com/pao-de-abobora-%d8%8c-%d9%83%d8%b9%d9%83%d8%a9-%d8%a7%d9%84%d8%a7%d8%b3%d9%83%d9%88%d8%a7%d8%b4
https://lacuisinedebernard.com/pao-de-abobora-%d8%8c-%d9%83%d8%b9%d9%83%d8%a9-%d8%a7%d9%84%d8%a7%d8%b3%d9%83%d9%88%d8%a7%d8%b4/,https://staging.lacuisinedebernard.com/pao-de-abobora-%d8%8c-%d9%83%d8%b9%d9%83%d8%a9-%d8%a7%d9%84%d8%a7%d8%b3%d9%83%d9%88%d8%a7%d8%b4
https://www.lacuisinedebernard.com/pao-de-abobora-%d8%8c-%d9%83%d8%b9%d9%83%d8%a9-%d8%a7%d9%84%d8%a7%d8%b3%d9%83%d9%88%d8%a7%d8%b4,https://staging.lacuisinedebernard.com/pao-de-abobora-%d8%8c-%d9%83%d8%b9%d9%83%d8%a9-%d8%a7%d9%84%d8%a7%d8%b3%d9%83%d9%88%d8%a7%d8%b4
https://www.lacuisinedebernard.com/pao-de-abobora-%d8%8c-%d9%83%d8%b9%d9%83%d8%a9-%d8%a7%d9%84%d8%a7%d8%b3%d9%83%d9%88%d8%a7%d8%b4/,https://staging.lacuisinedebernard.com/pao-de-abobora-%d8%8c-%d9%83%d8%b9%d9%83%d8%a9-%d8%a7%d9%84%d8%a7%d8%b3%d9%83%d9%88%d8%a7%d8%b4
https://lacuisinedebernard.com/gnocchis-au-potimarron,https://staging.lacuisinedebernard.com/gnocchis-au-potimarron
https://lacuisinedebernard.com/gnocchis-au-potimarron/,https://staging.lacuisinedebernard.com/gnocchis-au-potimarron
https://www.lacuisinedebernard.com/gnocchis-au-potimarron,https://staging.lacuisinedebernard.com/gnocchis-au-potimarron
https://www.lacuisinedebernard.com/gnocchis-au-potimarron/,https://staging.lacuisinedebernard.com/gnocchis-au-potimarron
https://lacuisinedebernard.com/burger-pimente-de-poulet-croustillant,https://staging.lacuisinedebernard.com/burger-pimente-de-poulet-croustillant
https://lacuisinedebernard.com/burger-pimente-de-poulet-croustillant/,https://staging.lacuisinedebernard.com/burger-pimente-de-poulet-croustillant
https://www.lacuisinedebernard.com/burger-pimente-de-poulet-croustillant,https://staging.lacuisinedebernard.com/burger-pimente-de-poulet-croustillant
https://www.lacuisinedebernard.com/burger-pimente-de-poulet-croustillant/,https://staging.lacuisinedebernard.com/burger-pimente-de-poulet-croustillant
https://lacuisinedebernard.com/gnocchis-au-potimarron-noix-et-beurre-de-sauge,https://staging.lacuisinedebernard.com/gnocchis-au-potimarron-noix-et-beurre-de-sauge
https://lacuisinedebernard.com/gnocchis-au-potimarron-noix-et-beurre-de-sauge/,https://staging.lacuisinedebernard.com/gnocchis-au-potimarron-noix-et-beurre-de-sauge
https://www.lacuisinedebernard.com/gnocchis-au-potimarron-noix-et-beurre-de-sauge,https://staging.lacuisinedebernard.com/gnocchis-au-potimarron-noix-et-beurre-de-sauge
https://www.lacuisinedebernard.com/gnocchis-au-potimarron-noix-et-beurre-de-sauge/,https://staging.lacuisinedebernard.com/gnocchis-au-potimarron-noix-et-beurre-de-sauge
https://lacuisinedebernard.com/sables-cacao-fourrage-cream-cheese,https://staging.lacuisinedebernard.com/sables-cacao-fourrage-cream-cheese
https://lacuisinedebernard.com/sables-cacao-fourrage-cream-cheese/,https://staging.lacuisinedebernard.com/sables-cacao-fourrage-cream-cheese
https://www.lacuisinedebernard.com/sables-cacao-fourrage-cream-cheese,https://staging.lacuisinedebernard.com/sables-cacao-fourrage-cream-cheese
https://www.lacuisinedebernard.com/sables-cacao-fourrage-cream-cheese/,https://staging.lacuisinedebernard.com/sables-cacao-fourrage-cream-cheese
https://lacuisinedebernard.com/tarte-truffee-chocolat-cafe,https://staging.lacuisinedebernard.com/tarte-truffee-chocolat-cafe
https://lacuisinedebernard.com/tarte-truffee-chocolat-cafe/,https://staging.lacuisinedebernard.com/tarte-truffee-chocolat-cafe
https://www.lacuisinedebernard.com/tarte-truffee-chocolat-cafe,https://staging.lacuisinedebernard.com/tarte-truffee-chocolat-cafe
https://www.lacuisinedebernard.com/tarte-truffee-chocolat-cafe/,https://staging.lacuisinedebernard.com/tarte-truffee-chocolat-cafe
https://lacuisinedebernard.com/brioche-chocolat-noix,https://staging.lacuisinedebernard.com/brioche-chocolat-noix
https://lacuisinedebernard.com/brioche-chocolat-noix/,https://staging.lacuisinedebernard.com/brioche-chocolat-noix
https://www.lacuisinedebernard.com/brioche-chocolat-noix,https://staging.lacuisinedebernard.com/brioche-chocolat-noix
https://www.lacuisinedebernard.com/brioche-chocolat-noix/,https://staging.lacuisinedebernard.com/brioche-chocolat-noix
https://lacuisinedebernard.com/buns-au-thangzong,https://staging.lacuisinedebernard.com/buns-au-thangzong
https://lacuisinedebernard.com/buns-au-thangzong/,https://staging.lacuisinedebernard.com/buns-au-thangzong
https://www.lacuisinedebernard.com/buns-au-thangzong,https://staging.lacuisinedebernard.com/buns-au-thangzong
https://www.lacuisinedebernard.com/buns-au-thangzong/,https://staging.lacuisinedebernard.com/buns-au-thangzong
https://lacuisinedebernard.com/pao-de-abobora-brioche-a-la-courge,https://staging.lacuisinedebernard.com/pao-de-abobora-brioche-a-la-courge
https://lacuisinedebernard.com/pao-de-abobora-brioche-a-la-courge/,https://staging.lacuisinedebernard.com/pao-de-abobora-brioche-a-la-courge
https://www.lacuisinedebernard.com/pao-de-abobora-brioche-a-la-courge,https://staging.lacuisinedebernard.com/pao-de-abobora-brioche-a-la-courge
https://www.lacuisinedebernard.com/pao-de-abobora-brioche-a-la-courge/,https://staging.lacuisinedebernard.com/pao-de-abobora-brioche-a-la-courge
https://lacuisinedebernard.com/crumble-pomme-poire-noisette-chocolat-au-lait-et-praline,https://staging.lacuisinedebernard.com/crumble-pomme-poire-noisette-chocolat-au-lait-et-praline
https://lacuisinedebernard.com/crumble-pomme-poire-noisette-chocolat-au-lait-et-praline/,https://staging.lacuisinedebernard.com/crumble-pomme-poire-noisette-chocolat-au-lait-et-praline
https://www.lacuisinedebernard.com/crumble-pomme-poire-noisette-chocolat-au-lait-et-praline,https://staging.lacuisinedebernard.com/crumble-pomme-poire-noisette-chocolat-au-lait-et-praline
https://www.lacuisinedebernard.com/crumble-pomme-poire-noisette-chocolat-au-lait-et-praline/,https://staging.lacuisinedebernard.com/crumble-pomme-poire-noisette-chocolat-au-lait-et-praline
https://lacuisinedebernard.com/cake-cacao-noix,https://staging.lacuisinedebernard.com/cake-cacao-noix
https://lacuisinedebernard.com/cake-cacao-noix/,https://staging.lacuisinedebernard.com/cake-cacao-noix
https://www.lacuisinedebernard.com/cake-cacao-noix,https://staging.lacuisinedebernard.com/cake-cacao-noix
https://www.lacuisinedebernard.com/cake-cacao-noix/,https://staging.lacuisinedebernard.com/cake-cacao-noix
https://lacuisinedebernard.com/hojaldre-salado-con-restos-de-hojaldre-casero,https://staging.lacuisinedebernard.com/hojaldre-salado-con-restos-de-hojaldre-casero
https://lacuisinedebernard.com/hojaldre-salado-con-restos-de-hojaldre-casero/,https://staging.lacuisinedebernard.com/hojaldre-salado-con-restos-de-hojaldre-casero
https://www.lacuisinedebernard.com/hojaldre-salado-con-restos-de-hojaldre-casero,https://staging.lacuisinedebernard.com/hojaldre-salado-con-restos-de-hojaldre-casero
https://www.lacuisinedebernard.com/hojaldre-salado-con-restos-de-hojaldre-casero/,https://staging.lacuisinedebernard.com/hojaldre-salado-con-restos-de-hojaldre-casero
https://lacuisinedebernard.com/savoury-puff-pastry-with-leftover-homemade-puff-pastry,https://staging.lacuisinedebernard.com/savoury-puff-pastry-with-leftover-homemade-puff-pastry
https://lacuisinedebernard.com/savoury-puff-pastry-with-leftover-homemade-puff-pastry/,https://staging.lacuisinedebernard.com/savoury-puff-pastry-with-leftover-homemade-puff-pastry
https://www.lacuisinedebernard.com/savoury-puff-pastry-with-leftover-homemade-puff-pastry,https://staging.lacuisinedebernard.com/savoury-puff-pastry-with-leftover-homemade-puff-pastry
https://www.lacuisinedebernard.com/savoury-puff-pastry-with-leftover-homemade-puff-pastry/,https://staging.lacuisinedebernard.com/savoury-puff-pastry-with-leftover-homemade-puff-pastry
https://lacuisinedebernard.com/massa-folhada-salgada-com-restos-de-massa-folhada-caseira,https://staging.lacuisinedebernard.com/massa-folhada-salgada-com-restos-de-massa-folhada-caseira
https://lacuisinedebernard.com/massa-folhada-salgada-com-restos-de-massa-folhada-caseira/,https://staging.lacuisinedebernard.com/massa-folhada-salgada-com-restos-de-massa-folhada-caseira
https://www.lacuisinedebernard.com/massa-folhada-salgada-com-restos-de-massa-folhada-caseira,https://staging.lacuisinedebernard.com/massa-folhada-salgada-com-restos-de-massa-folhada-caseira
https://www.lacuisinedebernard.com/massa-folhada-salgada-com-restos-de-massa-folhada-caseira/,https://staging.lacuisinedebernard.com/massa-folhada-salgada-com-restos-de-massa-folhada-caseira
https://lacuisinedebernard.com/%d9%85%d8%b9%d8%ac%d9%86%d8%a7%d8%aa-%d8%a7%d9%84%d8%a8%d9%81-%d8%a7%d9%84%d9%84%d8%b0%d9%8a%d8%b0%d8%a9-%d9%85%d8%b9-%d8%a8%d9%82%d8%a7%d9%8a%d8%a7-%d8%b9%d8%ac%d9%8a%d9%86%d8%a9-%d8%a7%d9%84%d8%a8,https://staging.lacuisinedebernard.com/%d9%85%d8%b9%d8%ac%d9%86%d8%a7%d8%aa-%d8%a7%d9%84%d8%a8%d9%81-%d8%a7%d9%84%d9%84%d8%b0%d9%8a%d8%b0%d8%a9-%d9%85%d8%b9-%d8%a8%d9%82%d8%a7%d9%8a%d8%a7-%d8%b9%d8%ac%d9%8a%d9%86%d8%a9-%d8%a7%d9%84%d8%a8
https://lacuisinedebernard.com/%d9%85%d8%b9%d8%ac%d9%86%d8%a7%d8%aa-%d8%a7%d9%84%d8%a8%d9%81-%d8%a7%d9%84%d9%84%d8%b0%d9%8a%d8%b0%d8%a9-%d9%85%d8%b9-%d8%a8%d9%82%d8%a7%d9%8a%d8%a7-%d8%b9%d8%ac%d9%8a%d9%86%d8%a9-%d8%a7%d9%84%d8%a8/,https://staging.lacuisinedebernard.com/%d9%85%d8%b9%d8%ac%d9%86%d8%a7%d8%aa-%d8%a7%d9%84%d8%a8%d9%81-%d8%a7%d9%84%d9%84%d8%b0%d9%8a%d8%b0%d8%a9-%d9%85%d8%b9-%d8%a8%d9%82%d8%a7%d9%8a%d8%a7-%d8%b9%d8%ac%d9%8a%d9%86%d8%a9-%d8%a7%d9%84%d8%a8
https://www.lacuisinedebernard.com/%d9%85%d8%b9%d8%ac%d9%86%d8%a7%d8%aa-%d8%a7%d9%84%d8%a8%d9%81-%d8%a7%d9%84%d9%84%d8%b0%d9%8a%d8%b0%d8%a9-%d9%85%d8%b9-%d8%a8%d9%82%d8%a7%d9%8a%d8%a7-%d8%b9%d8%ac%d9%8a%d9%86%d8%a9-%d8%a7%d9%84%d8%a8,https://staging.lacuisinedebernard.com/%d9%85%d8%b9%d8%ac%d9%86%d8%a7%d8%aa-%d8%a7%d9%84%d8%a8%d9%81-%d8%a7%d9%84%d9%84%d8%b0%d9%8a%d8%b0%d8%a9-%d9%85%d8%b9-%d8%a8%d9%82%d8%a7%d9%8a%d8%a7-%d8%b9%d8%ac%d9%8a%d9%86%d8%a9-%d8%a7%d9%84%d8%a8
https://www.lacuisinedebernard.com/%d9%85%d8%b9%d8%ac%d9%86%d8%a7%d8%aa-%d8%a7%d9%84%d8%a8%d9%81-%d8%a7%d9%84%d9%84%d8%b0%d9%8a%d8%b0%d8%a9-%d9%85%d8%b9-%d8%a8%d9%82%d8%a7%d9%8a%d8%a7-%d8%b9%d8%ac%d9%8a%d9%86%d8%a9-%d8%a7%d9%84%d8%a8/,https://staging.lacuisinedebernard.com/%d9%85%d8%b9%d8%ac%d9%86%d8%a7%d8%aa-%d8%a7%d9%84%d8%a8%d9%81-%d8%a7%d9%84%d9%84%d8%b0%d9%8a%d8%b0%d8%a9-%d9%85%d8%b9-%d8%a8%d9%82%d8%a7%d9%8a%d8%a7-%d8%b9%d8%ac%d9%8a%d9%86%d8%a9-%d8%a7%d9%84%d8%a8
https://lacuisinedebernard.com/sables-noisettes,https://staging.lacuisinedebernard.com/sables-noisettes
https://lacuisinedebernard.com/sables-noisettes/,https://staging.lacuisinedebernard.com/sables-noisettes
https://www.lacuisinedebernard.com/sables-noisettes,https://staging.lacuisinedebernard.com/sables-noisettes
https://www.lacuisinedebernard.com/sables-noisettes/,https://staging.lacuisinedebernard.com/sables-noisettes
https://lacuisinedebernard.com/feuilletes-sales-avec-reste-de-pate-feuilletee-maison,https://staging.lacuisinedebernard.com/feuilletes-sales-avec-reste-de-pate-feuilletee-maison
https://lacuisinedebernard.com/feuilletes-sales-avec-reste-de-pate-feuilletee-maison/,https://staging.lacuisinedebernard.com/feuilletes-sales-avec-reste-de-pate-feuilletee-maison
https://www.lacuisinedebernard.com/feuilletes-sales-avec-reste-de-pate-feuilletee-maison,https://staging.lacuisinedebernard.com/feuilletes-sales-avec-reste-de-pate-feuilletee-maison
https://www.lacuisinedebernard.com/feuilletes-sales-avec-reste-de-pate-feuilletee-maison/,https://staging.lacuisinedebernard.com/feuilletes-sales-avec-reste-de-pate-feuilletee-maison
https://lacuisinedebernard.com/biscoitos-de-chocolate-monster,https://staging.lacuisinedebernard.com/biscoitos-de-chocolate-monster
https://lacuisinedebernard.com/biscoitos-de-chocolate-monster/,https://staging.lacuisinedebernard.com/biscoitos-de-chocolate-monster
https://www.lacuisinedebernard.com/biscoitos-de-chocolate-monster,https://staging.lacuisinedebernard.com/biscoitos-de-chocolate-monster
https://www.lacuisinedebernard.com/biscoitos-de-chocolate-monster/,https://staging.lacuisinedebernard.com/biscoitos-de-chocolate-monster
https://lacuisinedebernard.com/monster-chocolate-cookies,https://staging.lacuisinedebernard.com/monster-chocolate-cookies
https://lacuisinedebernard.com/monster-chocolate-cookies/,https://staging.lacuisinedebernard.com/monster-chocolate-cookies
https://www.lacuisinedebernard.com/monster-chocolate-cookies,https://staging.lacuisinedebernard.com/monster-chocolate-cookies
https://www.lacuisinedebernard.com/monster-chocolate-cookies/,https://staging.lacuisinedebernard.com/monster-chocolate-cookies
https://lacuisinedebernard.com/galletas-de-chocolate-monstruosas,https://staging.lacuisinedebernard.com/galletas-de-chocolate-monstruosas
https://lacuisinedebernard.com/galletas-de-chocolate-monstruosas/,https://staging.lacuisinedebernard.com/galletas-de-chocolate-monstruosas
https://www.lacuisinedebernard.com/galletas-de-chocolate-monstruosas,https://staging.lacuisinedebernard.com/galletas-de-chocolate-monstruosas
https://www.lacuisinedebernard.com/galletas-de-chocolate-monstruosas/,https://staging.lacuisinedebernard.com/galletas-de-chocolate-monstruosas
https://lacuisinedebernard.com/%d9%83%d9%88%d9%83%d9%8a%d8%b2-%d8%b4%d9%88%d9%83%d9%88%d9%84%d8%a7%d8%aa%d8%a9-%d9%85%d9%88%d9%86%d8%b3%d8%aa%d8%b1,https://staging.lacuisinedebernard.com/%d9%83%d9%88%d9%83%d9%8a%d8%b2-%d8%b4%d9%88%d9%83%d9%88%d9%84%d8%a7%d8%aa%d8%a9-%d9%85%d9%88%d9%86%d8%b3%d8%aa%d8%b1
https://lacuisinedebernard.com/%d9%83%d9%88%d9%83%d9%8a%d8%b2-%d8%b4%d9%88%d9%83%d9%88%d9%84%d8%a7%d8%aa%d8%a9-%d9%85%d9%88%d9%86%d8%b3%d8%aa%d8%b1/,https://staging.lacuisinedebernard.com/%d9%83%d9%88%d9%83%d9%8a%d8%b2-%d8%b4%d9%88%d9%83%d9%88%d9%84%d8%a7%d8%aa%d8%a9-%d9%85%d9%88%d9%86%d8%b3%d8%aa%d8%b1
https://www.lacuisinedebernard.com/%d9%83%d9%88%d9%83%d9%8a%d8%b2-%d8%b4%d9%88%d9%83%d9%88%d9%84%d8%a7%d8%aa%d8%a9-%d9%85%d9%88%d9%86%d8%b3%d8%aa%d8%b1,https://staging.lacuisinedebernard.com/%d9%83%d9%88%d9%83%d9%8a%d8%b2-%d8%b4%d9%88%d9%83%d9%88%d9%84%d8%a7%d8%aa%d8%a9-%d9%85%d9%88%d9%86%d8%b3%d8%aa%d8%b1
https://www.lacuisinedebernard.com/%d9%83%d9%88%d9%83%d9%8a%d8%b2-%d8%b4%d9%88%d9%83%d9%88%d9%84%d8%a7%d8%aa%d8%a9-%d9%85%d9%88%d9%86%d8%b3%d8%aa%d8%b1/,https://staging.lacuisinedebernard.com/%d9%83%d9%88%d9%83%d9%8a%d8%b2-%d8%b4%d9%88%d9%83%d9%88%d9%84%d8%a7%d8%aa%d8%a9-%d9%85%d9%88%d9%86%d8%b3%d8%aa%d8%b1
https://lacuisinedebernard.com/cookies-monstrueux-au-chocolat,https://staging.lacuisinedebernard.com/cookies-monstrueux-au-chocolat
https://lacuisinedebernard.com/cookies-monstrueux-au-chocolat/,https://staging.lacuisinedebernard.com/cookies-monstrueux-au-chocolat
https://www.lacuisinedebernard.com/cookies-monstrueux-au-chocolat,https://staging.lacuisinedebernard.com/cookies-monstrueux-au-chocolat
https://www.lacuisinedebernard.com/cookies-monstrueux-au-chocolat/,https://staging.lacuisinedebernard.com/cookies-monstrueux-au-chocolat
https://lacuisinedebernard.com/%d8%af%d8%ac%d8%a7%d8%ac-%d8%a7%d9%84%d8%b7%d8%b1%d8%ae%d9%88%d9%86,https://staging.lacuisinedebernard.com/%d8%af%d8%ac%d8%a7%d8%ac-%d8%a7%d9%84%d8%b7%d8%b1%d8%ae%d9%88%d9%86
https://lacuisinedebernard.com/%d8%af%d8%ac%d8%a7%d8%ac-%d8%a7%d9%84%d8%b7%d8%b1%d8%ae%d9%88%d9%86/,https://staging.lacuisinedebernard.com/%d8%af%d8%ac%d8%a7%d8%ac-%d8%a7%d9%84%d8%b7%d8%b1%d8%ae%d9%88%d9%86
https://www.lacuisinedebernard.com/%d8%af%d8%ac%d8%a7%d8%ac-%d8%a7%d9%84%d8%b7%d8%b1%d8%ae%d9%88%d9%86,https://staging.lacuisinedebernard.com/%d8%af%d8%ac%d8%a7%d8%ac-%d8%a7%d9%84%d8%b7%d8%b1%d8%ae%d9%88%d9%86
https://www.lacuisinedebernard.com/%d8%af%d8%ac%d8%a7%d8%ac-%d8%a7%d9%84%d8%b7%d8%b1%d8%ae%d9%88%d9%86/,https://staging.lacuisinedebernard.com/%d8%af%d8%ac%d8%a7%d8%ac-%d8%a7%d9%84%d8%b7%d8%b1%d8%ae%d9%88%d9%86
https://lacuisinedebernard.com/frango-com-estragao,https://staging.lacuisinedebernard.com/frango-com-estragao
https://lacuisinedebernard.com/frango-com-estragao/,https://staging.lacuisinedebernard.com/frango-com-estragao
https://www.lacuisinedebernard.com/frango-com-estragao,https://staging.lacuisinedebernard.com/frango-com-estragao
https://www.lacuisinedebernard.com/frango-com-estragao/,https://staging.lacuisinedebernard.com/frango-com-estragao
https://lacuisinedebernard.com/sauteed-pork-satay-and-coconut-milk-pasta,https://staging.lacuisinedebernard.com/sauteed-pork-satay-and-coconut-milk-pasta
https://lacuisinedebernard.com/sauteed-pork-satay-and-coconut-milk-pasta/,https://staging.lacuisinedebernard.com/sauteed-pork-satay-and-coconut-milk-pasta
https://www.lacuisinedebernard.com/sauteed-pork-satay-and-coconut-milk-pasta,https://staging.lacuisinedebernard.com/sauteed-pork-satay-and-coconut-milk-pasta
https://www.lacuisinedebernard.com/sauteed-pork-satay-and-coconut-milk-pasta/,https://staging.lacuisinedebernard.com/sauteed-pork-satay-and-coconut-milk-pasta
https://lacuisinedebernard.com/massa-de-porco-frito-satay-e-leite-de-coco,https://staging.lacuisinedebernard.com/massa-de-porco-frito-satay-e-leite-de-coco
https://lacuisinedebernard.com/massa-de-porco-frito-satay-e-leite-de-coco/,https://staging.lacuisinedebernard.com/massa-de-porco-frito-satay-e-leite-de-coco
https://www.lacuisinedebernard.com/massa-de-porco-frito-satay-e-leite-de-coco,https://staging.lacuisinedebernard.com/massa-de-porco-frito-satay-e-leite-de-coco
https://www.lacuisinedebernard.com/massa-de-porco-frito-satay-e-leite-de-coco/,https://staging.lacuisinedebernard.com/massa-de-porco-frito-satay-e-leite-de-coco
https://lacuisinedebernard.com/cerdo-frito-satay-y-pasta-de-leche-de-coco,https://staging.lacuisinedebernard.com/cerdo-frito-satay-y-pasta-de-leche-de-coco
https://lacuisinedebernard.com/cerdo-frito-satay-y-pasta-de-leche-de-coco/,https://staging.lacuisinedebernard.com/cerdo-frito-satay-y-pasta-de-leche-de-coco
https://www.lacuisinedebernard.com/cerdo-frito-satay-y-pasta-de-leche-de-coco,https://staging.lacuisinedebernard.com/cerdo-frito-satay-y-pasta-de-leche-de-coco
https://www.lacuisinedebernard.com/cerdo-frito-satay-y-pasta-de-leche-de-coco/,https://staging.lacuisinedebernard.com/cerdo-frito-satay-y-pasta-de-leche-de-coco
https://lacuisinedebernard.com/%d8%a8%d8%a7%d8%b3%d8%aa%d8%a7-%d9%85%d9%82%d9%84%d9%8a%d8%a9-%d9%85%d8%b9-%d9%84%d8%ad%d9%85-%d8%a7%d9%84%d8%ae%d9%86%d8%b2%d9%8a%d8%b1-%d9%88%d8%a7%d9%84%d8%b3%d8%a7%d8%aa%d9%8a%d9%87-%d9%88%d8%ad,https://staging.lacuisinedebernard.com/%d8%a8%d8%a7%d8%b3%d8%aa%d8%a7-%d9%85%d9%82%d9%84%d9%8a%d8%a9-%d9%85%d8%b9-%d9%84%d8%ad%d9%85-%d8%a7%d9%84%d8%ae%d9%86%d8%b2%d9%8a%d8%b1-%d9%88%d8%a7%d9%84%d8%b3%d8%a7%d8%aa%d9%8a%d9%87-%d9%88%d8%ad
https://lacuisinedebernard.com/%d8%a8%d8%a7%d8%b3%d8%aa%d8%a7-%d9%85%d9%82%d9%84%d9%8a%d8%a9-%d9%85%d8%b9-%d9%84%d8%ad%d9%85-%d8%a7%d9%84%d8%ae%d9%86%d8%b2%d9%8a%d8%b1-%d9%88%d8%a7%d9%84%d8%b3%d8%a7%d8%aa%d9%8a%d9%87-%d9%88%d8%ad/,https://staging.lacuisinedebernard.com/%d8%a8%d8%a7%d8%b3%d8%aa%d8%a7-%d9%85%d9%82%d9%84%d9%8a%d8%a9-%d9%85%d8%b9-%d9%84%d8%ad%d9%85-%d8%a7%d9%84%d8%ae%d9%86%d8%b2%d9%8a%d8%b1-%d9%88%d8%a7%d9%84%d8%b3%d8%a7%d8%aa%d9%8a%d9%87-%d9%88%d8%ad
https://www.lacuisinedebernard.com/%d8%a8%d8%a7%d8%b3%d8%aa%d8%a7-%d9%85%d9%82%d9%84%d9%8a%d8%a9-%d9%85%d8%b9-%d9%84%d8%ad%d9%85-%d8%a7%d9%84%d8%ae%d9%86%d8%b2%d9%8a%d8%b1-%d9%88%d8%a7%d9%84%d8%b3%d8%a7%d8%aa%d9%8a%d9%87-%d9%88%d8%ad,https://staging.lacuisinedebernard.com/%d8%a8%d8%a7%d8%b3%d8%aa%d8%a7-%d9%85%d9%82%d9%84%d9%8a%d8%a9-%d9%85%d8%b9-%d9%84%d8%ad%d9%85-%d8%a7%d9%84%d8%ae%d9%86%d8%b2%d9%8a%d8%b1-%d9%88%d8%a7%d9%84%d8%b3%d8%a7%d8%aa%d9%8a%d9%87-%d9%88%d8%ad
https://www.lacuisinedebernard.com/%d8%a8%d8%a7%d8%b3%d8%aa%d8%a7-%d9%85%d9%82%d9%84%d9%8a%d8%a9-%d9%85%d8%b9-%d9%84%d8%ad%d9%85-%d8%a7%d9%84%d8%ae%d9%86%d8%b2%d9%8a%d8%b1-%d9%88%d8%a7%d9%84%d8%b3%d8%a7%d8%aa%d9%8a%d9%87-%d9%88%d8%ad/,https://staging.lacuisinedebernard.com/%d8%a8%d8%a7%d8%b3%d8%aa%d8%a7-%d9%85%d9%82%d9%84%d9%8a%d8%a9-%d9%85%d8%b9-%d9%84%d8%ad%d9%85-%d8%a7%d9%84%d8%ae%d9%86%d8%b2%d9%8a%d8%b1-%d9%88%d8%a7%d9%84%d8%b3%d8%a7%d8%aa%d9%8a%d9%87-%d9%88%d8%ad
https://lacuisinedebernard.com/tarta-de-lima,https://staging.lacuisinedebernard.com/tarta-de-lima
https://lacuisinedebernard.com/tarta-de-lima/,https://staging.lacuisinedebernard.com/tarta-de-lima
https://www.lacuisinedebernard.com/tarta-de-lima,https://staging.lacuisinedebernard.com/tarta-de-lima
https://www.lacuisinedebernard.com/tarta-de-lima/,https://staging.lacuisinedebernard.com/tarta-de-lima
https://lacuisinedebernard.com/torta-de-lima-de-chave,https://staging.lacuisinedebernard.com/torta-de-lima-de-chave
https://lacuisinedebernard.com/torta-de-lima-de-chave/,https://staging.lacuisinedebernard.com/torta-de-lima-de-chave
https://www.lacuisinedebernard.com/torta-de-lima-de-chave,https://staging.lacuisinedebernard.com/torta-de-lima-de-chave
https://www.lacuisinedebernard.com/torta-de-lima-de-chave/,https://staging.lacuisinedebernard.com/torta-de-lima-de-chave
https://lacuisinedebernard.com/key-lime-pie,https://staging.lacuisinedebernard.com/key-lime-pie
https://lacuisinedebernard.com/key-lime-pie/,https://staging.lacuisinedebernard.com/key-lime-pie
https://www.lacuisinedebernard.com/key-lime-pie,https://staging.lacuisinedebernard.com/key-lime-pie
https://www.lacuisinedebernard.com/key-lime-pie/,https://staging.lacuisinedebernard.com/key-lime-pie
https://lacuisinedebernard.com/omelete-picante-com-camaroes,https://staging.lacuisinedebernard.com/omelete-picante-com-camaroes
https://lacuisinedebernard.com/omelete-picante-com-camaroes/,https://staging.lacuisinedebernard.com/omelete-picante-com-camaroes
https://www.lacuisinedebernard.com/omelete-picante-com-camaroes,https://staging.lacuisinedebernard.com/omelete-picante-com-camaroes
https://www.lacuisinedebernard.com/omelete-picante-com-camaroes/,https://staging.lacuisinedebernard.com/omelete-picante-com-camaroes
https://lacuisinedebernard.com/tortilla-picante-con-gambas,https://staging.lacuisinedebernard.com/tortilla-picante-con-gambas
https://lacuisinedebernard.com/tortilla-picante-con-gambas/,https://staging.lacuisinedebernard.com/tortilla-picante-con-gambas
https://www.lacuisinedebernard.com/tortilla-picante-con-gambas,https://staging.lacuisinedebernard.com/tortilla-picante-con-gambas
https://www.lacuisinedebernard.com/tortilla-picante-con-gambas/,https://staging.lacuisinedebernard.com/tortilla-picante-con-gambas
https://lacuisinedebernard.com/spicy-shrimp-omelet,https://staging.lacuisinedebernard.com/spicy-shrimp-omelet
https://lacuisinedebernard.com/spicy-shrimp-omelet/,https://staging.lacuisinedebernard.com/spicy-shrimp-omelet
https://www.lacuisinedebernard.com/spicy-shrimp-omelet,https://staging.lacuisinedebernard.com/spicy-shrimp-omelet
https://www.lacuisinedebernard.com/spicy-shrimp-omelet/,https://staging.lacuisinedebernard.com/spicy-shrimp-omelet
https://lacuisinedebernard.com/%d8%a3%d9%88%d9%85%d9%84%d9%8a%d8%aa-%d8%b1%d9%88%d8%a8%d9%8a%d8%a7%d9%86-%d8%ad%d8%a7%d8%b1,https://staging.lacuisinedebernard.com/%d8%a3%d9%88%d9%85%d9%84%d9%8a%d8%aa-%d8%b1%d9%88%d8%a8%d9%8a%d8%a7%d9%86-%d8%ad%d8%a7%d8%b1
https://lacuisinedebernard.com/%d8%a3%d9%88%d9%85%d9%84%d9%8a%d8%aa-%d8%b1%d9%88%d8%a8%d9%8a%d8%a7%d9%86-%d8%ad%d8%a7%d8%b1/,https://staging.lacuisinedebernard.com/%d8%a3%d9%88%d9%85%d9%84%d9%8a%d8%aa-%d8%b1%d9%88%d8%a8%d9%8a%d8%a7%d9%86-%d8%ad%d8%a7%d8%b1
https://www.lacuisinedebernard.com/%d8%a3%d9%88%d9%85%d9%84%d9%8a%d8%aa-%d8%b1%d9%88%d8%a8%d9%8a%d8%a7%d9%86-%d8%ad%d8%a7%d8%b1,https://staging.lacuisinedebernard.com/%d8%a3%d9%88%d9%85%d9%84%d9%8a%d8%aa-%d8%b1%d9%88%d8%a8%d9%8a%d8%a7%d9%86-%d8%ad%d8%a7%d8%b1
https://www.lacuisinedebernard.com/%d8%a3%d9%88%d9%85%d9%84%d9%8a%d8%aa-%d8%b1%d9%88%d8%a8%d9%8a%d8%a7%d9%86-%d8%ad%d8%a7%d8%b1/,https://staging.lacuisinedebernard.com/%d8%a3%d9%88%d9%85%d9%84%d9%8a%d8%aa-%d8%b1%d9%88%d8%a8%d9%8a%d8%a7%d9%86-%d8%ad%d8%a7%d8%b1
https://lacuisinedebernard.com/omelette-pimentee-aux-crevettes,https://staging.lacuisinedebernard.com/omelette-pimentee-aux-crevettes
https://lacuisinedebernard.com/omelette-pimentee-aux-crevettes/,https://staging.lacuisinedebernard.com/omelette-pimentee-aux-crevettes
https://www.lacuisinedebernard.com/omelette-pimentee-aux-crevettes,https://staging.lacuisinedebernard.com/omelette-pimentee-aux-crevettes
https://www.lacuisinedebernard.com/omelette-pimentee-aux-crevettes/,https://staging.lacuisinedebernard.com/omelette-pimentee-aux-crevettes
https://lacuisinedebernard.com/pates-sautees-au-porc-satay-et-lait-de-coco,https://staging.lacuisinedebernard.com/pates-sautees-au-porc-satay-et-lait-de-coco
https://lacuisinedebernard.com/pates-sautees-au-porc-satay-et-lait-de-coco/,https://staging.lacuisinedebernard.com/pates-sautees-au-porc-satay-et-lait-de-coco
https://www.lacuisinedebernard.com/pates-sautees-au-porc-satay-et-lait-de-coco,https://staging.lacuisinedebernard.com/pates-sautees-au-porc-satay-et-lait-de-coco
https://www.lacuisinedebernard.com/pates-sautees-au-porc-satay-et-lait-de-coco/,https://staging.lacuisinedebernard.com/pates-sautees-au-porc-satay-et-lait-de-coco
https://lacuisinedebernard.com/%d9%85%d9%81%d8%aa%d8%a7%d8%ad-%d9%81%d8%b7%d9%8a%d8%b1%d8%a9-%d8%a7%d9%84%d8%ac%d9%8a%d8%b1,https://staging.lacuisinedebernard.com/%d9%85%d9%81%d8%aa%d8%a7%d8%ad-%d9%81%d8%b7%d9%8a%d8%b1%d8%a9-%d8%a7%d9%84%d8%ac%d9%8a%d8%b1
https://lacuisinedebernard.com/%d9%85%d9%81%d8%aa%d8%a7%d8%ad-%d9%81%d8%b7%d9%8a%d8%b1%d8%a9-%d8%a7%d9%84%d8%ac%d9%8a%d8%b1/,https://staging.lacuisinedebernard.com/%d9%85%d9%81%d8%aa%d8%a7%d8%ad-%d9%81%d8%b7%d9%8a%d8%b1%d8%a9-%d8%a7%d9%84%d8%ac%d9%8a%d8%b1
https://www.lacuisinedebernard.com/%d9%85%d9%81%d8%aa%d8%a7%d8%ad-%d9%81%d8%b7%d9%8a%d8%b1%d8%a9-%d8%a7%d9%84%d8%ac%d9%8a%d8%b1,https://staging.lacuisinedebernard.com/%d9%85%d9%81%d8%aa%d8%a7%d8%ad-%d9%81%d8%b7%d9%8a%d8%b1%d8%a9-%d8%a7%d9%84%d8%ac%d9%8a%d8%b1
https://www.lacuisinedebernard.com/%d9%85%d9%81%d8%aa%d8%a7%d8%ad-%d9%81%d8%b7%d9%8a%d8%b1%d8%a9-%d8%a7%d9%84%d8%ac%d9%8a%d8%b1/,https://staging.lacuisinedebernard.com/%d9%85%d9%81%d8%aa%d8%a7%d8%ad-%d9%81%d8%b7%d9%8a%d8%b1%d8%a9-%d8%a7%d9%84%d8%ac%d9%8a%d8%b1
https://lacuisinedebernard.com/flapjacks-de-frambuesa-y-almendra,https://staging.lacuisinedebernard.com/flapjacks-de-frambuesa-y-almendra
https://lacuisinedebernard.com/flapjacks-de-frambuesa-y-almendra/,https://staging.lacuisinedebernard.com/flapjacks-de-frambuesa-y-almendra
https://www.lacuisinedebernard.com/flapjacks-de-frambuesa-y-almendra,https://staging.lacuisinedebernard.com/flapjacks-de-frambuesa-y-almendra
https://www.lacuisinedebernard.com/flapjacks-de-frambuesa-y-almendra/,https://staging.lacuisinedebernard.com/flapjacks-de-frambuesa-y-almendra
https://lacuisinedebernard.com/%d9%85%d8%a7%d9%83%d8%b1%d9%88%d9%86-%d8%a7%d9%84%d8%aa%d9%88%d8%aa,https://staging.lacuisinedebernard.com/%d9%85%d8%a7%d9%83%d8%b1%d9%88%d9%86-%d8%a7%d9%84%d8%aa%d9%88%d8%aa
https://lacuisinedebernard.com/%d9%85%d8%a7%d9%83%d8%b1%d9%88%d9%86-%d8%a7%d9%84%d8%aa%d9%88%d8%aa/,https://staging.lacuisinedebernard.com/%d9%85%d8%a7%d9%83%d8%b1%d9%88%d9%86-%d8%a7%d9%84%d8%aa%d9%88%d8%aa
https://www.lacuisinedebernard.com/%d9%85%d8%a7%d9%83%d8%b1%d9%88%d9%86-%d8%a7%d9%84%d8%aa%d9%88%d8%aa,https://staging.lacuisinedebernard.com/%d9%85%d8%a7%d9%83%d8%b1%d9%88%d9%86-%d8%a7%d9%84%d8%aa%d9%88%d8%aa
https://www.lacuisinedebernard.com/%d9%85%d8%a7%d9%83%d8%b1%d9%88%d9%86-%d8%a7%d9%84%d8%aa%d9%88%d8%aa/,https://staging.lacuisinedebernard.com/%d9%85%d8%a7%d9%83%d8%b1%d9%88%d9%86-%d8%a7%d9%84%d8%aa%d9%88%d8%aa
https://lacuisinedebernard.com/linzertorte,https://staging.lacuisinedebernard.com/linzertorte
https://lacuisinedebernard.com/linzertorte/,https://staging.lacuisinedebernard.com/linzertorte
https://www.lacuisinedebernard.com/linzertorte,https://staging.lacuisinedebernard.com/linzertorte
https://www.lacuisinedebernard.com/linzertorte/,https://staging.lacuisinedebernard.com/linzertorte
https://lacuisinedebernard.com/chocolate-peanut-butter-cookies,https://staging.lacuisinedebernard.com/chocolate-peanut-butter-cookies
https://lacuisinedebernard.com/chocolate-peanut-butter-cookies/,https://staging.lacuisinedebernard.com/chocolate-peanut-butter-cookies
https://www.lacuisinedebernard.com/chocolate-peanut-butter-cookies,https://staging.lacuisinedebernard.com/chocolate-peanut-butter-cookies
https://www.lacuisinedebernard.com/chocolate-peanut-butter-cookies/,https://staging.lacuisinedebernard.com/chocolate-peanut-butter-cookies
https://lacuisinedebernard.com/crema-catalana,https://staging.lacuisinedebernard.com/crema-catalana
https://lacuisinedebernard.com/crema-catalana/,https://staging.lacuisinedebernard.com/crema-catalana
https://www.lacuisinedebernard.com/crema-catalana,https://staging.lacuisinedebernard.com/crema-catalana
https://www.lacuisinedebernard.com/crema-catalana/,https://staging.lacuisinedebernard.com/crema-catalana
https://lacuisinedebernard.com/hazelnut-toucans,https://staging.lacuisinedebernard.com/hazelnut-toucans
https://lacuisinedebernard.com/hazelnut-toucans/,https://staging.lacuisinedebernard.com/hazelnut-toucans
https://www.lacuisinedebernard.com/hazelnut-toucans,https://staging.lacuisinedebernard.com/hazelnut-toucans
https://www.lacuisinedebernard.com/hazelnut-toucans/,https://staging.lacuisinedebernard.com/hazelnut-toucans
https://lacuisinedebernard.com/epinal-pie,https://staging.lacuisinedebernard.com/epinal-pie
https://lacuisinedebernard.com/epinal-pie/,https://staging.lacuisinedebernard.com/epinal-pie
https://www.lacuisinedebernard.com/epinal-pie,https://staging.lacuisinedebernard.com/epinal-pie
https://www.lacuisinedebernard.com/epinal-pie/,https://staging.lacuisinedebernard.com/epinal-pie
https://lacuisinedebernard.com/tronco-de-chocolate-con-cafe-y-almendras,https://staging.lacuisinedebernard.com/tronco-de-chocolate-con-cafe-y-almendras
https://lacuisinedebernard.com/tronco-de-chocolate-con-cafe-y-almendras/,https://staging.lacuisinedebernard.com/tronco-de-chocolate-con-cafe-y-almendras
https://www.lacuisinedebernard.com/tronco-de-chocolate-con-cafe-y-almendras,https://staging.lacuisinedebernard.com/tronco-de-chocolate-con-cafe-y-almendras
https://www.lacuisinedebernard.com/tronco-de-chocolate-con-cafe-y-almendras/,https://staging.lacuisinedebernard.com/tronco-de-chocolate-con-cafe-y-almendras
https://lacuisinedebernard.com/%d8%a7%d9%84%d8%a3%d9%84%d9%88%d8%a7%d8%ad-%d8%a8%d8%a7%d9%84%d9%84%d9%88%d8%b2-%d9%88%d8%a7%d9%84%d8%b5%d9%86%d9%88%d8%a8%d8%b1-empinonados,https://staging.lacuisinedebernard.com/%d8%a7%d9%84%d8%a3%d9%84%d9%88%d8%a7%d8%ad-%d8%a8%d8%a7%d9%84%d9%84%d9%88%d8%b2-%d9%88%d8%a7%d9%84%d8%b5%d9%86%d9%88%d8%a8%d8%b1-empinonados
https://lacuisinedebernard.com/%d8%a7%d9%84%d8%a3%d9%84%d9%88%d8%a7%d8%ad-%d8%a8%d8%a7%d9%84%d9%84%d9%88%d8%b2-%d9%88%d8%a7%d9%84%d8%b5%d9%86%d9%88%d8%a8%d8%b1-empinonados/,https://staging.lacuisinedebernard.com/%d8%a7%d9%84%d8%a3%d9%84%d9%88%d8%a7%d8%ad-%d8%a8%d8%a7%d9%84%d9%84%d9%88%d8%b2-%d9%88%d8%a7%d9%84%d8%b5%d9%86%d9%88%d8%a8%d8%b1-empinonados
https://www.lacuisinedebernard.com/%d8%a7%d9%84%d8%a3%d9%84%d9%88%d8%a7%d8%ad-%d8%a8%d8%a7%d9%84%d9%84%d9%88%d8%b2-%d9%88%d8%a7%d9%84%d8%b5%d9%86%d9%88%d8%a8%d8%b1-empinonados,https://staging.lacuisinedebernard.com/%d8%a7%d9%84%d8%a3%d9%84%d9%88%d8%a7%d8%ad-%d8%a8%d8%a7%d9%84%d9%84%d9%88%d8%b2-%d9%88%d8%a7%d9%84%d8%b5%d9%86%d9%88%d8%a8%d8%b1-empinonados
https://www.lacuisinedebernard.com/%d8%a7%d9%84%d8%a3%d9%84%d9%88%d8%a7%d8%ad-%d8%a8%d8%a7%d9%84%d9%84%d9%88%d8%b2-%d9%88%d8%a7%d9%84%d8%b5%d9%86%d9%88%d8%a8%d8%b1-empinonados/,https://staging.lacuisinedebernard.com/%d8%a7%d9%84%d8%a3%d9%84%d9%88%d8%a7%d8%ad-%d8%a8%d8%a7%d9%84%d9%84%d9%88%d8%b2-%d9%88%d8%a7%d9%84%d8%b5%d9%86%d9%88%d8%a8%d8%b1-empinonados
https://lacuisinedebernard.com/macarroes-macios-da-baronnies-provencales-com-mel,https://staging.lacuisinedebernard.com/macarroes-macios-da-baronnies-provencales-com-mel
https://lacuisinedebernard.com/macarroes-macios-da-baronnies-provencales-com-mel/,https://staging.lacuisinedebernard.com/macarroes-macios-da-baronnies-provencales-com-mel
https://www.lacuisinedebernard.com/macarroes-macios-da-baronnies-provencales-com-mel,https://staging.lacuisinedebernard.com/macarroes-macios-da-baronnies-provencales-com-mel
https://www.lacuisinedebernard.com/macarroes-macios-da-baronnies-provencales-com-mel/,https://staging.lacuisinedebernard.com/macarroes-macios-da-baronnies-provencales-com-mel
https://lacuisinedebernard.com/%d9%83%d9%88%d9%83%d9%8a%d8%b2-%d8%b4%d9%88%d9%83%d9%88%d9%84%d8%a7%d8%aa%d8%a9-%d8%b2%d8%a8%d8%af%d8%a9-%d8%a7%d9%84%d9%81%d9%88%d9%84-%d8%a7%d9%84%d8%b3%d9%88%d8%af%d8%a7%d9%86%d9%8a,https://staging.lacuisinedebernard.com/%d9%83%d9%88%d9%83%d9%8a%d8%b2-%d8%b4%d9%88%d9%83%d9%88%d9%84%d8%a7%d8%aa%d8%a9-%d8%b2%d8%a8%d8%af%d8%a9-%d8%a7%d9%84%d9%81%d9%88%d9%84-%d8%a7%d9%84%d8%b3%d9%88%d8%af%d8%a7%d9%86%d9%8a
https://lacuisinedebernard.com/%d9%83%d9%88%d9%83%d9%8a%d8%b2-%d8%b4%d9%88%d9%83%d9%88%d9%84%d8%a7%d8%aa%d8%a9-%d8%b2%d8%a8%d8%af%d8%a9-%d8%a7%d9%84%d9%81%d9%88%d9%84-%d8%a7%d9%84%d8%b3%d9%88%d8%af%d8%a7%d9%86%d9%8a/,https://staging.lacuisinedebernard.com/%d9%83%d9%88%d9%83%d9%8a%d8%b2-%d8%b4%d9%88%d9%83%d9%88%d9%84%d8%a7%d8%aa%d8%a9-%d8%b2%d8%a8%d8%af%d8%a9-%d8%a7%d9%84%d9%81%d9%88%d9%84-%d8%a7%d9%84%d8%b3%d9%88%d8%af%d8%a7%d9%86%d9%8a
https://www.lacuisinedebernard.com/%d9%83%d9%88%d9%83%d9%8a%d8%b2-%d8%b4%d9%88%d9%83%d9%88%d9%84%d8%a7%d8%aa%d8%a9-%d8%b2%d8%a8%d8%af%d8%a9-%d8%a7%d9%84%d9%81%d9%88%d9%84-%d8%a7%d9%84%d8%b3%d9%88%d8%af%d8%a7%d9%86%d9%8a,https://staging.lacuisinedebernard.com/%d9%83%d9%88%d9%83%d9%8a%d8%b2-%d8%b4%d9%88%d9%83%d9%88%d9%84%d8%a7%d8%aa%d8%a9-%d8%b2%d8%a8%d8%af%d8%a9-%d8%a7%d9%84%d9%81%d9%88%d9%84-%d8%a7%d9%84%d8%b3%d9%88%d8%af%d8%a7%d9%86%d9%8a
https://www.lacuisinedebernard.com/%d9%83%d9%88%d9%83%d9%8a%d8%b2-%d8%b4%d9%88%d9%83%d9%88%d9%84%d8%a7%d8%aa%d8%a9-%d8%b2%d8%a8%d8%af%d8%a9-%d8%a7%d9%84%d9%81%d9%88%d9%84-%d8%a7%d9%84%d8%b3%d9%88%d8%af%d8%a7%d9%86%d9%8a/,https://staging.lacuisinedebernard.com/%d9%83%d9%88%d9%83%d9%8a%d8%b2-%d8%b4%d9%88%d9%83%d9%88%d9%84%d8%a7%d8%aa%d8%a9-%d8%b2%d8%a8%d8%af%d8%a9-%d8%a7%d9%84%d9%81%d9%88%d9%84-%d8%a7%d9%84%d8%b3%d9%88%d8%af%d8%a7%d9%86%d9%8a
https://lacuisinedebernard.com/tac-tac-con-miel-y-sesamo,https://staging.lacuisinedebernard.com/tac-tac-con-miel-y-sesamo
https://lacuisinedebernard.com/tac-tac-con-miel-y-sesamo/,https://staging.lacuisinedebernard.com/tac-tac-con-miel-y-sesamo
https://www.lacuisinedebernard.com/tac-tac-con-miel-y-sesamo,https://staging.lacuisinedebernard.com/tac-tac-con-miel-y-sesamo
https://www.lacuisinedebernard.com/tac-tac-con-miel-y-sesamo/,https://staging.lacuisinedebernard.com/tac-tac-con-miel-y-sesamo
https://lacuisinedebernard.com/cafe-amendoa-chocolate-log,https://staging.lacuisinedebernard.com/cafe-amendoa-chocolate-log
https://lacuisinedebernard.com/cafe-amendoa-chocolate-log/,https://staging.lacuisinedebernard.com/cafe-amendoa-chocolate-log
https://www.lacuisinedebernard.com/cafe-amendoa-chocolate-log,https://staging.lacuisinedebernard.com/cafe-amendoa-chocolate-log
https://www.lacuisinedebernard.com/cafe-amendoa-chocolate-log/,https://staging.lacuisinedebernard.com/cafe-amendoa-chocolate-log
https://lacuisinedebernard.com/%d8%a5%d8%a8%d9%8a%d9%86%d8%a7%d9%84-%d8%aa%d8%a7%d8%b1%d8%aa,https://staging.lacuisinedebernard.com/%d8%a5%d8%a8%d9%8a%d9%86%d8%a7%d9%84-%d8%aa%d8%a7%d8%b1%d8%aa
https://lacuisinedebernard.com/%d8%a5%d8%a8%d9%8a%d9%86%d8%a7%d9%84-%d8%aa%d8%a7%d8%b1%d8%aa/,https://staging.lacuisinedebernard.com/%d8%a5%d8%a8%d9%8a%d9%86%d8%a7%d9%84-%d8%aa%d8%a7%d8%b1%d8%aa
https://www.lacuisinedebernard.com/%d8%a5%d8%a8%d9%8a%d9%86%d8%a7%d9%84-%d8%aa%d8%a7%d8%b1%d8%aa,https://staging.lacuisinedebernard.com/%d8%a5%d8%a8%d9%8a%d9%86%d8%a7%d9%84-%d8%aa%d8%a7%d8%b1%d8%aa
https://www.lacuisinedebernard.com/%d8%a5%d8%a8%d9%8a%d9%86%d8%a7%d9%84-%d8%aa%d8%a7%d8%b1%d8%aa/,https://staging.lacuisinedebernard.com/%d8%a5%d8%a8%d9%8a%d9%86%d8%a7%d9%84-%d8%aa%d8%a7%d8%b1%d8%aa
https://lacuisinedebernard.com/%d8%a7%d9%84%d8%a8%d9%86%d8%af%d9%82-%d8%a7%d9%84%d8%b7%d9%88%d9%82%d8%a7%d9%86,https://staging.lacuisinedebernard.com/%d8%a7%d9%84%d8%a8%d9%86%d8%af%d9%82-%d8%a7%d9%84%d8%b7%d9%88%d9%82%d8%a7%d9%86
https://lacuisinedebernard.com/%d8%a7%d9%84%d8%a8%d9%86%d8%af%d9%82-%d8%a7%d9%84%d8%b7%d9%88%d9%82%d8%a7%d9%86/,https://staging.lacuisinedebernard.com/%d8%a7%d9%84%d8%a8%d9%86%d8%af%d9%82-%d8%a7%d9%84%d8%b7%d9%88%d9%82%d8%a7%d9%86
https://www.lacuisinedebernard.com/%d8%a7%d9%84%d8%a8%d9%86%d8%af%d9%82-%d8%a7%d9%84%d8%b7%d9%88%d9%82%d8%a7%d9%86,https://staging.lacuisinedebernard.com/%d8%a7%d9%84%d8%a8%d9%86%d8%af%d9%82-%d8%a7%d9%84%d8%b7%d9%88%d9%82%d8%a7%d9%86
https://www.lacuisinedebernard.com/%d8%a7%d9%84%d8%a8%d9%86%d8%af%d9%82-%d8%a7%d9%84%d8%b7%d9%88%d9%82%d8%a7%d9%86/,https://staging.lacuisinedebernard.com/%d8%a7%d9%84%d8%a8%d9%86%d8%af%d9%82-%d8%a7%d9%84%d8%b7%d9%88%d9%82%d8%a7%d9%86
https://lacuisinedebernard.com/creme-catalao,https://staging.lacuisinedebernard.com/creme-catalao
https://lacuisinedebernard.com/creme-catalao/,https://staging.lacuisinedebernard.com/creme-catalao
https://www.lacuisinedebernard.com/creme-catalao,https://staging.lacuisinedebernard.com/creme-catalao
https://www.lacuisinedebernard.com/creme-catalao/,https://staging.lacuisinedebernard.com/creme-catalao
https://lacuisinedebernard.com/soft-macaroons-of-the-baronnies-provencales-with-honey,https://staging.lacuisinedebernard.com/soft-macaroons-of-the-baronnies-provencales-with-honey
https://lacuisinedebernard.com/soft-macaroons-of-the-baronnies-provencales-with-honey/,https://staging.lacuisinedebernard.com/soft-macaroons-of-the-baronnies-provencales-with-honey
https://www.lacuisinedebernard.com/soft-macaroons-of-the-baronnies-provencales-with-honey,https://staging.lacuisinedebernard.com/soft-macaroons-of-the-baronnies-provencales-with-honey
https://www.lacuisinedebernard.com/soft-macaroons-of-the-baronnies-provencales-with-honey/,https://staging.lacuisinedebernard.com/soft-macaroons-of-the-baronnies-provencales-with-honey
https://lacuisinedebernard.com/turron-con-78-de-almendras,https://staging.lacuisinedebernard.com/turron-con-78-de-almendras
https://lacuisinedebernard.com/turron-con-78-de-almendras/,https://staging.lacuisinedebernard.com/turron-con-78-de-almendras
https://www.lacuisinedebernard.com/turron-con-78-de-almendras,https://staging.lacuisinedebernard.com/turron-con-78-de-almendras
https://www.lacuisinedebernard.com/turron-con-78-de-almendras/,https://staging.lacuisinedebernard.com/turron-con-78-de-almendras
https://lacuisinedebernard.com/tac-tac-com-mel-e-sesamo,https://staging.lacuisinedebernard.com/tac-tac-com-mel-e-sesamo
https://lacuisinedebernard.com/tac-tac-com-mel-e-sesamo/,https://staging.lacuisinedebernard.com/tac-tac-com-mel-e-sesamo
https://www.lacuisinedebernard.com/tac-tac-com-mel-e-sesamo,https://staging.lacuisinedebernard.com/tac-tac-com-mel-e-sesamo
https://www.lacuisinedebernard.com/tac-tac-com-mel-e-sesamo/,https://staging.lacuisinedebernard.com/tac-tac-com-mel-e-sesamo
https://lacuisinedebernard.com/tartas-de-caramelo-y-creme-brulee,https://staging.lacuisinedebernard.com/tartas-de-caramelo-y-creme-brulee
https://lacuisinedebernard.com/tartas-de-caramelo-y-creme-brulee/,https://staging.lacuisinedebernard.com/tartas-de-caramelo-y-creme-brulee
https://www.lacuisinedebernard.com/tartas-de-caramelo-y-creme-brulee,https://staging.lacuisinedebernard.com/tartas-de-caramelo-y-creme-brulee
https://www.lacuisinedebernard.com/tartas-de-caramelo-y-creme-brulee/,https://staging.lacuisinedebernard.com/tartas-de-caramelo-y-creme-brulee
https://lacuisinedebernard.com/%d9%84%d9%8a%d9%86%d8%b2%d8%b1%d8%aa%d9%88%d8%b1%d8%aa,https://staging.lacuisinedebernard.com/%d9%84%d9%8a%d9%86%d8%b2%d8%b1%d8%aa%d9%88%d8%b1%d8%aa
https://lacuisinedebernard.com/%d9%84%d9%8a%d9%86%d8%b2%d8%b1%d8%aa%d9%88%d8%b1%d8%aa/,https://staging.lacuisinedebernard.com/%d9%84%d9%8a%d9%86%d8%b2%d8%b1%d8%aa%d9%88%d8%b1%d8%aa
https://www.lacuisinedebernard.com/%d9%84%d9%8a%d9%86%d8%b2%d8%b1%d8%aa%d9%88%d8%b1%d8%aa,https://staging.lacuisinedebernard.com/%d9%84%d9%8a%d9%86%d8%b2%d8%b1%d8%aa%d9%88%d8%b1%d8%aa
https://www.lacuisinedebernard.com/%d9%84%d9%8a%d9%86%d8%b2%d8%b1%d8%aa%d9%88%d8%b1%d8%aa/,https://staging.lacuisinedebernard.com/%d9%84%d9%8a%d9%86%d8%b2%d8%b1%d8%aa%d9%88%d8%b1%d8%aa
https://lacuisinedebernard.com/catalan-cream,https://staging.lacuisinedebernard.com/catalan-cream
https://lacuisinedebernard.com/catalan-cream/,https://staging.lacuisinedebernard.com/catalan-cream
https://www.lacuisinedebernard.com/catalan-cream,https://staging.lacuisinedebernard.com/catalan-cream
https://www.lacuisinedebernard.com/catalan-cream/,https://staging.lacuisinedebernard.com/catalan-cream
https://lacuisinedebernard.com/panellets-de-almendra-y-pinones-empinonados,https://staging.lacuisinedebernard.com/panellets-de-almendra-y-pinones-empinonados
https://lacuisinedebernard.com/panellets-de-almendra-y-pinones-empinonados/,https://staging.lacuisinedebernard.com/panellets-de-almendra-y-pinones-empinonados
https://www.lacuisinedebernard.com/panellets-de-almendra-y-pinones-empinonados,https://staging.lacuisinedebernard.com/panellets-de-almendra-y-pinones-empinonados
https://www.lacuisinedebernard.com/panellets-de-almendra-y-pinones-empinonados/,https://staging.lacuisinedebernard.com/panellets-de-almendra-y-pinones-empinonados
https://lacuisinedebernard.com/coffee-almond-chocolate-log,https://staging.lacuisinedebernard.com/coffee-almond-chocolate-log
https://lacuisinedebernard.com/coffee-almond-chocolate-log/,https://staging.lacuisinedebernard.com/coffee-almond-chocolate-log
https://www.lacuisinedebernard.com/coffee-almond-chocolate-log,https://staging.lacuisinedebernard.com/coffee-almond-chocolate-log
https://www.lacuisinedebernard.com/coffee-almond-chocolate-log/,https://staging.lacuisinedebernard.com/coffee-almond-chocolate-log
https://lacuisinedebernard.com/macarrones-de-frambuesa,https://staging.lacuisinedebernard.com/macarrones-de-frambuesa
https://lacuisinedebernard.com/macarrones-de-frambuesa/,https://staging.lacuisinedebernard.com/macarrones-de-frambuesa
https://www.lacuisinedebernard.com/macarrones-de-frambuesa,https://staging.lacuisinedebernard.com/macarrones-de-frambuesa
https://www.lacuisinedebernard.com/macarrones-de-frambuesa/,https://staging.lacuisinedebernard.com/macarrones-de-frambuesa
https://lacuisinedebernard.com/turron-com-78-de-amendoas,https://staging.lacuisinedebernard.com/turron-com-78-de-amendoas
https://lacuisinedebernard.com/turron-com-78-de-amendoas/,https://staging.lacuisinedebernard.com/turron-com-78-de-amendoas
https://www.lacuisinedebernard.com/turron-com-78-de-amendoas,https://staging.lacuisinedebernard.com/turron-com-78-de-amendoas
https://www.lacuisinedebernard.com/turron-com-78-de-amendoas/,https://staging.lacuisinedebernard.com/turron-com-78-de-amendoas
https://lacuisinedebernard.com/%d8%ad%d9%84%d9%88%d9%89-%d8%a7%d9%84%d9%85%d8%a7%d9%83%d8%b1%d9%88%d9%86-%d9%85%d9%86-%d8%a8%d8%a7%d8%b1%d9%88%d9%86%d9%8a%d8%b3-%d8%a8%d8%b1%d9%88%d9%81%d9%86%d8%b3-%d9%85%d8%b9-%d8%a7%d9%84%d8%b9,https://staging.lacuisinedebernard.com/%d8%ad%d9%84%d9%88%d9%89-%d8%a7%d9%84%d9%85%d8%a7%d9%83%d8%b1%d9%88%d9%86-%d9%85%d9%86-%d8%a8%d8%a7%d8%b1%d9%88%d9%86%d9%8a%d8%b3-%d8%a8%d8%b1%d9%88%d9%81%d9%86%d8%b3-%d9%85%d8%b9-%d8%a7%d9%84%d8%b9
https://lacuisinedebernard.com/%d8%ad%d9%84%d9%88%d9%89-%d8%a7%d9%84%d9%85%d8%a7%d9%83%d8%b1%d9%88%d9%86-%d9%85%d9%86-%d8%a8%d8%a7%d8%b1%d9%88%d9%86%d9%8a%d8%b3-%d8%a8%d8%b1%d9%88%d9%81%d9%86%d8%b3-%d9%85%d8%b9-%d8%a7%d9%84%d8%b9/,https://staging.lacuisinedebernard.com/%d8%ad%d9%84%d9%88%d9%89-%d8%a7%d9%84%d9%85%d8%a7%d9%83%d8%b1%d9%88%d9%86-%d9%85%d9%86-%d8%a8%d8%a7%d8%b1%d9%88%d9%86%d9%8a%d8%b3-%d8%a8%d8%b1%d9%88%d9%81%d9%86%d8%b3-%d9%85%d8%b9-%d8%a7%d9%84%d8%b9
https://www.lacuisinedebernard.com/%d8%ad%d9%84%d9%88%d9%89-%d8%a7%d9%84%d9%85%d8%a7%d9%83%d8%b1%d9%88%d9%86-%d9%85%d9%86-%d8%a8%d8%a7%d8%b1%d9%88%d9%86%d9%8a%d8%b3-%d8%a8%d8%b1%d9%88%d9%81%d9%86%d8%b3-%d9%85%d8%b9-%d8%a7%d9%84%d8%b9,https://staging.lacuisinedebernard.com/%d8%ad%d9%84%d9%88%d9%89-%d8%a7%d9%84%d9%85%d8%a7%d9%83%d8%b1%d9%88%d9%86-%d9%85%d9%86-%d8%a8%d8%a7%d8%b1%d9%88%d9%86%d9%8a%d8%b3-%d8%a8%d8%b1%d9%88%d9%81%d9%86%d8%b3-%d9%85%d8%b9-%d8%a7%d9%84%d8%b9
https://www.lacuisinedebernard.com/%d8%ad%d9%84%d9%88%d9%89-%d8%a7%d9%84%d9%85%d8%a7%d9%83%d8%b1%d9%88%d9%86-%d9%85%d9%86-%d8%a8%d8%a7%d8%b1%d9%88%d9%86%d9%8a%d8%b3-%d8%a8%d8%b1%d9%88%d9%81%d9%86%d8%b3-%d9%85%d8%b9-%d8%a7%d9%84%d8%b9/,https://staging.lacuisinedebernard.com/%d8%ad%d9%84%d9%88%d9%89-%d8%a7%d9%84%d9%85%d8%a7%d9%83%d8%b1%d9%88%d9%86-%d9%85%d9%86-%d8%a8%d8%a7%d8%b1%d9%88%d9%86%d9%8a%d8%b3-%d8%a8%d8%b1%d9%88%d9%81%d9%86%d8%b3-%d9%85%d8%b9-%d8%a7%d9%84%d8%b9
https://lacuisinedebernard.com/tartes-de-caramelo-e-creme-brulee,https://staging.lacuisinedebernard.com/tartes-de-caramelo-e-creme-brulee
https://lacuisinedebernard.com/tartes-de-caramelo-e-creme-brulee/,https://staging.lacuisinedebernard.com/tartes-de-caramelo-e-creme-brulee
https://www.lacuisinedebernard.com/tartes-de-caramelo-e-creme-brulee,https://staging.lacuisinedebernard.com/tartes-de-caramelo-e-creme-brulee
https://www.lacuisinedebernard.com/tartes-de-caramelo-e-creme-brulee/,https://staging.lacuisinedebernard.com/tartes-de-caramelo-e-creme-brulee
https://lacuisinedebernard.com/%d9%84%d9%88%d8%ac-%d8%a7%d9%84%d9%82%d9%87%d9%88%d8%a9-%d8%b4%d9%88%d9%83%d9%88%d9%84%d8%a7%d8%aa%d8%a9-%d8%a7%d9%84%d9%84%d9%88%d8%b2,https://staging.lacuisinedebernard.com/%d9%84%d9%88%d8%ac-%d8%a7%d9%84%d9%82%d9%87%d9%88%d8%a9-%d8%b4%d9%88%d9%83%d9%88%d9%84%d8%a7%d8%aa%d8%a9-%d8%a7%d9%84%d9%84%d9%88%d8%b2
https://lacuisinedebernard.com/%d9%84%d9%88%d8%ac-%d8%a7%d9%84%d9%82%d9%87%d9%88%d8%a9-%d8%b4%d9%88%d9%83%d9%88%d9%84%d8%a7%d8%aa%d8%a9-%d8%a7%d9%84%d9%84%d9%88%d8%b2/,https://staging.lacuisinedebernard.com/%d9%84%d9%88%d8%ac-%d8%a7%d9%84%d9%82%d9%87%d9%88%d8%a9-%d8%b4%d9%88%d9%83%d9%88%d9%84%d8%a7%d8%aa%d8%a9-%d8%a7%d9%84%d9%84%d9%88%d8%b2
https://www.lacuisinedebernard.com/%d9%84%d9%88%d8%ac-%d8%a7%d9%84%d9%82%d9%87%d9%88%d8%a9-%d8%b4%d9%88%d9%83%d9%88%d9%84%d8%a7%d8%aa%d8%a9-%d8%a7%d9%84%d9%84%d9%88%d8%b2,https://staging.lacuisinedebernard.com/%d9%84%d9%88%d8%ac-%d8%a7%d9%84%d9%82%d9%87%d9%88%d8%a9-%d8%b4%d9%88%d9%83%d9%88%d9%84%d8%a7%d8%aa%d8%a9-%d8%a7%d9%84%d9%84%d9%88%d8%b2
https://www.lacuisinedebernard.com/%d9%84%d9%88%d8%ac-%d8%a7%d9%84%d9%82%d9%87%d9%88%d8%a9-%d8%b4%d9%88%d9%83%d9%88%d9%84%d8%a7%d8%aa%d8%a9-%d8%a7%d9%84%d9%84%d9%88%d8%b2/,https://staging.lacuisinedebernard.com/%d9%84%d9%88%d8%ac-%d8%a7%d9%84%d9%82%d9%87%d9%88%d8%a9-%d8%b4%d9%88%d9%83%d9%88%d9%84%d8%a7%d8%aa%d8%a9-%d8%a7%d9%84%d9%84%d9%88%d8%b2
https://lacuisinedebernard.com/honey-and-sesame-tac-tac,https://staging.lacuisinedebernard.com/honey-and-sesame-tac-tac
https://lacuisinedebernard.com/honey-and-sesame-tac-tac/,https://staging.lacuisinedebernard.com/honey-and-sesame-tac-tac
https://www.lacuisinedebernard.com/honey-and-sesame-tac-tac,https://staging.lacuisinedebernard.com/honey-and-sesame-tac-tac
https://www.lacuisinedebernard.com/honey-and-sesame-tac-tac/,https://staging.lacuisinedebernard.com/honey-and-sesame-tac-tac
https://lacuisinedebernard.com/turron-with-78-almonds,https://staging.lacuisinedebernard.com/turron-with-78-almonds
https://lacuisinedebernard.com/turron-with-78-almonds/,https://staging.lacuisinedebernard.com/turron-with-78-almonds
https://www.lacuisinedebernard.com/turron-with-78-almonds,https://staging.lacuisinedebernard.com/turron-with-78-almonds
https://www.lacuisinedebernard.com/turron-with-78-almonds/,https://staging.lacuisinedebernard.com/turron-with-78-almonds
https://lacuisinedebernard.com/tocones-de-avellana,https://staging.lacuisinedebernard.com/tocones-de-avellana
https://lacuisinedebernard.com/tocones-de-avellana/,https://staging.lacuisinedebernard.com/tocones-de-avellana
https://www.lacuisinedebernard.com/tocones-de-avellana,https://staging.lacuisinedebernard.com/tocones-de-avellana
https://www.lacuisinedebernard.com/tocones-de-avellana/,https://staging.lacuisinedebernard.com/tocones-de-avellana
https://lacuisinedebernard.com/%d9%83%d8%b1%d9%8a%d9%85-%d9%83%d8%a7%d8%aa%d8%a7%d9%84%d9%88%d9%86%d9%8a,https://staging.lacuisinedebernard.com/%d9%83%d8%b1%d9%8a%d9%85-%d9%83%d8%a7%d8%aa%d8%a7%d9%84%d9%88%d9%86%d9%8a
https://lacuisinedebernard.com/%d9%83%d8%b1%d9%8a%d9%85-%d9%83%d8%a7%d8%aa%d8%a7%d9%84%d9%88%d9%86%d9%8a/,https://staging.lacuisinedebernard.com/%d9%83%d8%b1%d9%8a%d9%85-%d9%83%d8%a7%d8%aa%d8%a7%d9%84%d9%88%d9%86%d9%8a
https://www.lacuisinedebernard.com/%d9%83%d8%b1%d9%8a%d9%85-%d9%83%d8%a7%d8%aa%d8%a7%d9%84%d9%88%d9%86%d9%8a,https://staging.lacuisinedebernard.com/%d9%83%d8%b1%d9%8a%d9%85-%d9%83%d8%a7%d8%aa%d8%a7%d9%84%d9%88%d9%86%d9%8a
https://www.lacuisinedebernard.com/%d9%83%d8%b1%d9%8a%d9%85-%d9%83%d8%a7%d8%aa%d8%a7%d9%84%d9%88%d9%86%d9%8a/,https://staging.lacuisinedebernard.com/%d9%83%d8%b1%d9%8a%d9%85-%d9%83%d8%a7%d8%aa%d8%a7%d9%84%d9%88%d9%86%d9%8a
https://lacuisinedebernard.com/panellets-de-amendoas-e-pinhoes-empinonados,https://staging.lacuisinedebernard.com/panellets-de-amendoas-e-pinhoes-empinonados
https://lacuisinedebernard.com/panellets-de-amendoas-e-pinhoes-empinonados/,https://staging.lacuisinedebernard.com/panellets-de-amendoas-e-pinhoes-empinonados
https://www.lacuisinedebernard.com/panellets-de-amendoas-e-pinhoes-empinonados,https://staging.lacuisinedebernard.com/panellets-de-amendoas-e-pinhoes-empinonados
https://www.lacuisinedebernard.com/panellets-de-amendoas-e-pinhoes-empinonados/,https://staging.lacuisinedebernard.com/panellets-de-amendoas-e-pinhoes-empinonados
https://lacuisinedebernard.com/pastel-de-epinal,https://staging.lacuisinedebernard.com/pastel-de-epinal
https://lacuisinedebernard.com/pastel-de-epinal/,https://staging.lacuisinedebernard.com/pastel-de-epinal
https://www.lacuisinedebernard.com/pastel-de-epinal,https://staging.lacuisinedebernard.com/pastel-de-epinal
https://www.lacuisinedebernard.com/pastel-de-epinal/,https://staging.lacuisinedebernard.com/pastel-de-epinal
https://lacuisinedebernard.com/macarroes-de-framboesa,https://staging.lacuisinedebernard.com/macarroes-de-framboesa
https://lacuisinedebernard.com/macarroes-de-framboesa/,https://staging.lacuisinedebernard.com/macarroes-de-framboesa
https://www.lacuisinedebernard.com/macarroes-de-framboesa,https://staging.lacuisinedebernard.com/macarroes-de-framboesa
https://www.lacuisinedebernard.com/macarroes-de-framboesa/,https://staging.lacuisinedebernard.com/macarroes-de-framboesa
https://lacuisinedebernard.com/galletas-de-chocolate-y-mantequilla-de-cacahuete,https://staging.lacuisinedebernard.com/galletas-de-chocolate-y-mantequilla-de-cacahuete
https://lacuisinedebernard.com/galletas-de-chocolate-y-mantequilla-de-cacahuete/,https://staging.lacuisinedebernard.com/galletas-de-chocolate-y-mantequilla-de-cacahuete
https://www.lacuisinedebernard.com/galletas-de-chocolate-y-mantequilla-de-cacahuete,https://staging.lacuisinedebernard.com/galletas-de-chocolate-y-mantequilla-de-cacahuete
https://www.lacuisinedebernard.com/galletas-de-chocolate-y-mantequilla-de-cacahuete/,https://staging.lacuisinedebernard.com/galletas-de-chocolate-y-mantequilla-de-cacahuete
https://lacuisinedebernard.com/caramel-and-creme-brulee-tarts,https://staging.lacuisinedebernard.com/caramel-and-creme-brulee-tarts
https://lacuisinedebernard.com/caramel-and-creme-brulee-tarts/,https://staging.lacuisinedebernard.com/caramel-and-creme-brulee-tarts
https://www.lacuisinedebernard.com/caramel-and-creme-brulee-tarts,https://staging.lacuisinedebernard.com/caramel-and-creme-brulee-tarts
https://www.lacuisinedebernard.com/caramel-and-creme-brulee-tarts/,https://staging.lacuisinedebernard.com/caramel-and-creme-brulee-tarts
https://lacuisinedebernard.com/macarrones-blandos-de-las-baronnies-provencales-con-miel,https://staging.lacuisinedebernard.com/macarrones-blandos-de-las-baronnies-provencales-con-miel
https://lacuisinedebernard.com/macarrones-blandos-de-las-baronnies-provencales-con-miel/,https://staging.lacuisinedebernard.com/macarrones-blandos-de-las-baronnies-provencales-con-miel
https://www.lacuisinedebernard.com/macarrones-blandos-de-las-baronnies-provencales-con-miel,https://staging.lacuisinedebernard.com/macarrones-blandos-de-las-baronnies-provencales-con-miel
https://www.lacuisinedebernard.com/macarrones-blandos-de-las-baronnies-provencales-con-miel/,https://staging.lacuisinedebernard.com/macarrones-blandos-de-las-baronnies-provencales-con-miel
https://lacuisinedebernard.com/biscoitos-de-chocolate-com-manteiga-de-amendoim,https://staging.lacuisinedebernard.com/biscoitos-de-chocolate-com-manteiga-de-amendoim
https://lacuisinedebernard.com/biscoitos-de-chocolate-com-manteiga-de-amendoim/,https://staging.lacuisinedebernard.com/biscoitos-de-chocolate-com-manteiga-de-amendoim
https://www.lacuisinedebernard.com/biscoitos-de-chocolate-com-manteiga-de-amendoim,https://staging.lacuisinedebernard.com/biscoitos-de-chocolate-com-manteiga-de-amendoim
https://www.lacuisinedebernard.com/biscoitos-de-chocolate-com-manteiga-de-amendoim/,https://staging.lacuisinedebernard.com/biscoitos-de-chocolate-com-manteiga-de-amendoim
https://lacuisinedebernard.com/tarte-epinal,https://staging.lacuisinedebernard.com/tarte-epinal
https://lacuisinedebernard.com/tarte-epinal/,https://staging.lacuisinedebernard.com/tarte-epinal
https://www.lacuisinedebernard.com/tarte-epinal,https://staging.lacuisinedebernard.com/tarte-epinal
https://www.lacuisinedebernard.com/tarte-epinal/,https://staging.lacuisinedebernard.com/tarte-epinal
https://lacuisinedebernard.com/almond-and-pine-nut-panellets-empinonados,https://staging.lacuisinedebernard.com/almond-and-pine-nut-panellets-empinonados
https://lacuisinedebernard.com/almond-and-pine-nut-panellets-empinonados/,https://staging.lacuisinedebernard.com/almond-and-pine-nut-panellets-empinonados
https://www.lacuisinedebernard.com/almond-and-pine-nut-panellets-empinonados,https://staging.lacuisinedebernard.com/almond-and-pine-nut-panellets-empinonados
https://www.lacuisinedebernard.com/almond-and-pine-nut-panellets-empinonados/,https://staging.lacuisinedebernard.com/almond-and-pine-nut-panellets-empinonados
https://lacuisinedebernard.com/78%d9%aa-%d8%aa%d9%88%d8%b1%d9%88%d9%86-%d8%a7%d9%84%d9%84%d9%88%d8%b2,https://staging.lacuisinedebernard.com/78%d9%aa-%d8%aa%d9%88%d8%b1%d9%88%d9%86-%d8%a7%d9%84%d9%84%d9%88%d8%b2
https://lacuisinedebernard.com/78%d9%aa-%d8%aa%d9%88%d8%b1%d9%88%d9%86-%d8%a7%d9%84%d9%84%d9%88%d8%b2/,https://staging.lacuisinedebernard.com/78%d9%aa-%d8%aa%d9%88%d8%b1%d9%88%d9%86-%d8%a7%d9%84%d9%84%d9%88%d8%b2
https://www.lacuisinedebernard.com/78%d9%aa-%d8%aa%d9%88%d8%b1%d9%88%d9%86-%d8%a7%d9%84%d9%84%d9%88%d8%b2,https://staging.lacuisinedebernard.com/78%d9%aa-%d8%aa%d9%88%d8%b1%d9%88%d9%86-%d8%a7%d9%84%d9%84%d9%88%d8%b2
https://www.lacuisinedebernard.com/78%d9%aa-%d8%aa%d9%88%d8%b1%d9%88%d9%86-%d8%a7%d9%84%d9%84%d9%88%d8%b2/,https://staging.lacuisinedebernard.com/78%d9%aa-%d8%aa%d9%88%d8%b1%d9%88%d9%86-%d8%a7%d9%84%d9%84%d9%88%d8%b2
https://lacuisinedebernard.com/%d8%a7%d9%84%d8%b9%d8%b3%d9%84-%d9%88%d8%a7%d9%84%d8%b3%d9%85%d8%b3%d9%85-%d8%aa%d8%a7%d9%83-%d8%aa%d8%a7%d9%83,https://staging.lacuisinedebernard.com/%d8%a7%d9%84%d8%b9%d8%b3%d9%84-%d9%88%d8%a7%d9%84%d8%b3%d9%85%d8%b3%d9%85-%d8%aa%d8%a7%d9%83-%d8%aa%d8%a7%d9%83
https://lacuisinedebernard.com/%d8%a7%d9%84%d8%b9%d8%b3%d9%84-%d9%88%d8%a7%d9%84%d8%b3%d9%85%d8%b3%d9%85-%d8%aa%d8%a7%d9%83-%d8%aa%d8%a7%d9%83/,https://staging.lacuisinedebernard.com/%d8%a7%d9%84%d8%b9%d8%b3%d9%84-%d9%88%d8%a7%d9%84%d8%b3%d9%85%d8%b3%d9%85-%d8%aa%d8%a7%d9%83-%d8%aa%d8%a7%d9%83
https://www.lacuisinedebernard.com/%d8%a7%d9%84%d8%b9%d8%b3%d9%84-%d9%88%d8%a7%d9%84%d8%b3%d9%85%d8%b3%d9%85-%d8%aa%d8%a7%d9%83-%d8%aa%d8%a7%d9%83,https://staging.lacuisinedebernard.com/%d8%a7%d9%84%d8%b9%d8%b3%d9%84-%d9%88%d8%a7%d9%84%d8%b3%d9%85%d8%b3%d9%85-%d8%aa%d8%a7%d9%83-%d8%aa%d8%a7%d9%83
https://www.lacuisinedebernard.com/%d8%a7%d9%84%d8%b9%d8%b3%d9%84-%d9%88%d8%a7%d9%84%d8%b3%d9%85%d8%b3%d9%85-%d8%aa%d8%a7%d9%83-%d8%aa%d8%a7%d9%83/,https://staging.lacuisinedebernard.com/%d8%a7%d9%84%d8%b9%d8%b3%d9%84-%d9%88%d8%a7%d9%84%d8%b3%d9%85%d8%b3%d9%85-%d8%aa%d8%a7%d9%83-%d8%aa%d8%a7%d9%83
https://lacuisinedebernard.com/tucanos-de-avela,https://staging.lacuisinedebernard.com/tucanos-de-avela
https://lacuisinedebernard.com/tucanos-de-avela/,https://staging.lacuisinedebernard.com/tucanos-de-avela
https://www.lacuisinedebernard.com/tucanos-de-avela,https://staging.lacuisinedebernard.com/tucanos-de-avela
https://www.lacuisinedebernard.com/tucanos-de-avela/,https://staging.lacuisinedebernard.com/tucanos-de-avela
https://lacuisinedebernard.com/raspberry-macaroons,https://staging.lacuisinedebernard.com/raspberry-macaroons
https://lacuisinedebernard.com/raspberry-macaroons/,https://staging.lacuisinedebernard.com/raspberry-macaroons
https://www.lacuisinedebernard.com/raspberry-macaroons,https://staging.lacuisinedebernard.com/raspberry-macaroons
https://www.lacuisinedebernard.com/raspberry-macaroons/,https://staging.lacuisinedebernard.com/raspberry-macaroons
https://lacuisinedebernard.com/%d8%aa%d8%a7%d8%b1%d8%aa%d9%84%d9%8a%d8%aa-%d8%a8%d8%a7%d9%84%d9%83%d8%b1%d8%a7%d9%85%d9%8a%d9%84-%d9%88%d9%83%d8%b1%d9%8a%d9%85-%d8%a8%d8%b1%d9%88%d9%84%d9%8a%d9%87,https://staging.lacuisinedebernard.com/%d8%aa%d8%a7%d8%b1%d8%aa%d9%84%d9%8a%d8%aa-%d8%a8%d8%a7%d9%84%d9%83%d8%b1%d8%a7%d9%85%d9%8a%d9%84-%d9%88%d9%83%d8%b1%d9%8a%d9%85-%d8%a8%d8%b1%d9%88%d9%84%d9%8a%d9%87
https://lacuisinedebernard.com/%d8%aa%d8%a7%d8%b1%d8%aa%d9%84%d9%8a%d8%aa-%d8%a8%d8%a7%d9%84%d9%83%d8%b1%d8%a7%d9%85%d9%8a%d9%84-%d9%88%d9%83%d8%b1%d9%8a%d9%85-%d8%a8%d8%b1%d9%88%d9%84%d9%8a%d9%87/,https://staging.lacuisinedebernard.com/%d8%aa%d8%a7%d8%b1%d8%aa%d9%84%d9%8a%d8%aa-%d8%a8%d8%a7%d9%84%d9%83%d8%b1%d8%a7%d9%85%d9%8a%d9%84-%d9%88%d9%83%d8%b1%d9%8a%d9%85-%d8%a8%d8%b1%d9%88%d9%84%d9%8a%d9%87
https://www.lacuisinedebernard.com/%d8%aa%d8%a7%d8%b1%d8%aa%d9%84%d9%8a%d8%aa-%d8%a8%d8%a7%d9%84%d9%83%d8%b1%d8%a7%d9%85%d9%8a%d9%84-%d9%88%d9%83%d8%b1%d9%8a%d9%85-%d8%a8%d8%b1%d9%88%d9%84%d9%8a%d9%87,https://staging.lacuisinedebernard.com/%d8%aa%d8%a7%d8%b1%d8%aa%d9%84%d9%8a%d8%aa-%d8%a8%d8%a7%d9%84%d9%83%d8%b1%d8%a7%d9%85%d9%8a%d9%84-%d9%88%d9%83%d8%b1%d9%8a%d9%85-%d8%a8%d8%b1%d9%88%d9%84%d9%8a%d9%87
https://www.lacuisinedebernard.com/%d8%aa%d8%a7%d8%b1%d8%aa%d9%84%d9%8a%d8%aa-%d8%a8%d8%a7%d9%84%d9%83%d8%b1%d8%a7%d9%85%d9%8a%d9%84-%d9%88%d9%83%d8%b1%d9%8a%d9%85-%d8%a8%d8%b1%d9%88%d9%84%d9%8a%d9%87/,https://staging.lacuisinedebernard.com/%d8%aa%d8%a7%d8%b1%d8%aa%d9%84%d9%8a%d8%aa-%d8%a8%d8%a7%d9%84%d9%83%d8%b1%d8%a7%d9%85%d9%8a%d9%84-%d9%88%d9%83%d8%b1%d9%8a%d9%85-%d8%a8%d8%b1%d9%88%d9%84%d9%8a%d9%87
https://lacuisinedebernard.com/tarta-de-limon-con-crema-pastelera,https://staging.lacuisinedebernard.com/tarta-de-limon-con-crema-pastelera
https://lacuisinedebernard.com/tarta-de-limon-con-crema-pastelera/,https://staging.lacuisinedebernard.com/tarta-de-limon-con-crema-pastelera
https://www.lacuisinedebernard.com/tarta-de-limon-con-crema-pastelera,https://staging.lacuisinedebernard.com/tarta-de-limon-con-crema-pastelera
https://www.lacuisinedebernard.com/tarta-de-limon-con-crema-pastelera/,https://staging.lacuisinedebernard.com/tarta-de-limon-con-crema-pastelera
https://lacuisinedebernard.com/torta-de-limao-com-creme-de-limao,https://staging.lacuisinedebernard.com/torta-de-limao-com-creme-de-limao
https://lacuisinedebernard.com/torta-de-limao-com-creme-de-limao/,https://staging.lacuisinedebernard.com/torta-de-limao-com-creme-de-limao
https://www.lacuisinedebernard.com/torta-de-limao-com-creme-de-limao,https://staging.lacuisinedebernard.com/torta-de-limao-com-creme-de-limao
https://www.lacuisinedebernard.com/torta-de-limao-com-creme-de-limao/,https://staging.lacuisinedebernard.com/torta-de-limao-com-creme-de-limao
https://lacuisinedebernard.com/lemon-tart-with-baked-cream,https://staging.lacuisinedebernard.com/lemon-tart-with-baked-cream
https://lacuisinedebernard.com/lemon-tart-with-baked-cream/,https://staging.lacuisinedebernard.com/lemon-tart-with-baked-cream
https://www.lacuisinedebernard.com/lemon-tart-with-baked-cream,https://staging.lacuisinedebernard.com/lemon-tart-with-baked-cream
https://www.lacuisinedebernard.com/lemon-tart-with-baked-cream/,https://staging.lacuisinedebernard.com/lemon-tart-with-baked-cream
https://lacuisinedebernard.com/bolo-de-mel-e-nozes,https://staging.lacuisinedebernard.com/bolo-de-mel-e-nozes
https://lacuisinedebernard.com/bolo-de-mel-e-nozes/,https://staging.lacuisinedebernard.com/bolo-de-mel-e-nozes
https://www.lacuisinedebernard.com/bolo-de-mel-e-nozes,https://staging.lacuisinedebernard.com/bolo-de-mel-e-nozes
https://www.lacuisinedebernard.com/bolo-de-mel-e-nozes/,https://staging.lacuisinedebernard.com/bolo-de-mel-e-nozes
https://lacuisinedebernard.com/honey-and-walnut-cake,https://staging.lacuisinedebernard.com/honey-and-walnut-cake
https://lacuisinedebernard.com/honey-and-walnut-cake/,https://staging.lacuisinedebernard.com/honey-and-walnut-cake
https://www.lacuisinedebernard.com/honey-and-walnut-cake,https://staging.lacuisinedebernard.com/honey-and-walnut-cake
https://www.lacuisinedebernard.com/honey-and-walnut-cake/,https://staging.lacuisinedebernard.com/honey-and-walnut-cake
https://lacuisinedebernard.com/%d8%aa%d8%a7%d8%b1%d8%aa-%d8%a7%d9%84%d9%84%d9%8a%d9%85%d9%88%d9%86-%d9%85%d8%b9-%d8%a7%d9%84%d9%83%d8%b1%d9%8a%d9%85%d8%a9-%d8%a7%d9%84%d9%85%d8%ae%d8%a8%d9%88%d8%b2%d8%a9,https://staging.lacuisinedebernard.com/%d8%aa%d8%a7%d8%b1%d8%aa-%d8%a7%d9%84%d9%84%d9%8a%d9%85%d9%88%d9%86-%d9%85%d8%b9-%d8%a7%d9%84%d9%83%d8%b1%d9%8a%d9%85%d8%a9-%d8%a7%d9%84%d9%85%d8%ae%d8%a8%d9%88%d8%b2%d8%a9
https://lacuisinedebernard.com/%d8%aa%d8%a7%d8%b1%d8%aa-%d8%a7%d9%84%d9%84%d9%8a%d9%85%d9%88%d9%86-%d9%85%d8%b9-%d8%a7%d9%84%d9%83%d8%b1%d9%8a%d9%85%d8%a9-%d8%a7%d9%84%d9%85%d8%ae%d8%a8%d9%88%d8%b2%d8%a9/,https://staging.lacuisinedebernard.com/%d8%aa%d8%a7%d8%b1%d8%aa-%d8%a7%d9%84%d9%84%d9%8a%d9%85%d9%88%d9%86-%d9%85%d8%b9-%d8%a7%d9%84%d9%83%d8%b1%d9%8a%d9%85%d8%a9-%d8%a7%d9%84%d9%85%d8%ae%d8%a8%d9%88%d8%b2%d8%a9
https://www.lacuisinedebernard.com/%d8%aa%d8%a7%d8%b1%d8%aa-%d8%a7%d9%84%d9%84%d9%8a%d9%85%d9%88%d9%86-%d9%85%d8%b9-%d8%a7%d9%84%d9%83%d8%b1%d9%8a%d9%85%d8%a9-%d8%a7%d9%84%d9%85%d8%ae%d8%a8%d9%88%d8%b2%d8%a9,https://staging.lacuisinedebernard.com/%d8%aa%d8%a7%d8%b1%d8%aa-%d8%a7%d9%84%d9%84%d9%8a%d9%85%d9%88%d9%86-%d9%85%d8%b9-%d8%a7%d9%84%d9%83%d8%b1%d9%8a%d9%85%d8%a9-%d8%a7%d9%84%d9%85%d8%ae%d8%a8%d9%88%d8%b2%d8%a9
https://www.lacuisinedebernard.com/%d8%aa%d8%a7%d8%b1%d8%aa-%d8%a7%d9%84%d9%84%d9%8a%d9%85%d9%88%d9%86-%d9%85%d8%b9-%d8%a7%d9%84%d9%83%d8%b1%d9%8a%d9%85%d8%a9-%d8%a7%d9%84%d9%85%d8%ae%d8%a8%d9%88%d8%b2%d8%a9/,https://staging.lacuisinedebernard.com/%d8%aa%d8%a7%d8%b1%d8%aa-%d8%a7%d9%84%d9%84%d9%8a%d9%85%d9%88%d9%86-%d9%85%d8%b9-%d8%a7%d9%84%d9%83%d8%b1%d9%8a%d9%85%d8%a9-%d8%a7%d9%84%d9%85%d8%ae%d8%a8%d9%88%d8%b2%d8%a9
https://lacuisinedebernard.com/%d9%83%d9%8a%d9%83-%d8%a7%d9%84%d8%a8%d8%b1%d8%aa%d9%82%d8%a7%d9%84-%d9%88%d8%a7%d9%84%d8%b4%d9%88%d9%83%d9%88%d9%84%d8%a7%d8%aa%d8%a9,https://staging.lacuisinedebernard.com/%d9%83%d9%8a%d9%83-%d8%a7%d9%84%d8%a8%d8%b1%d8%aa%d9%82%d8%a7%d9%84-%d9%88%d8%a7%d9%84%d8%b4%d9%88%d9%83%d9%88%d9%84%d8%a7%d8%aa%d8%a9
https://lacuisinedebernard.com/%d9%83%d9%8a%d9%83-%d8%a7%d9%84%d8%a8%d8%b1%d8%aa%d9%82%d8%a7%d9%84-%d9%88%d8%a7%d9%84%d8%b4%d9%88%d9%83%d9%88%d9%84%d8%a7%d8%aa%d8%a9/,https://staging.lacuisinedebernard.com/%d9%83%d9%8a%d9%83-%d8%a7%d9%84%d8%a8%d8%b1%d8%aa%d9%82%d8%a7%d9%84-%d9%88%d8%a7%d9%84%d8%b4%d9%88%d9%83%d9%88%d9%84%d8%a7%d8%aa%d8%a9
https://www.lacuisinedebernard.com/%d9%83%d9%8a%d9%83-%d8%a7%d9%84%d8%a8%d8%b1%d8%aa%d9%82%d8%a7%d9%84-%d9%88%d8%a7%d9%84%d8%b4%d9%88%d9%83%d9%88%d9%84%d8%a7%d8%aa%d8%a9,https://staging.lacuisinedebernard.com/%d9%83%d9%8a%d9%83-%d8%a7%d9%84%d8%a8%d8%b1%d8%aa%d9%82%d8%a7%d9%84-%d9%88%d8%a7%d9%84%d8%b4%d9%88%d9%83%d9%88%d9%84%d8%a7%d8%aa%d8%a9
https://www.lacuisinedebernard.com/%d9%83%d9%8a%d9%83-%d8%a7%d9%84%d8%a8%d8%b1%d8%aa%d9%82%d8%a7%d9%84-%d9%88%d8%a7%d9%84%d8%b4%d9%88%d9%83%d9%88%d9%84%d8%a7%d8%aa%d8%a9/,https://staging.lacuisinedebernard.com/%d9%83%d9%8a%d9%83-%d8%a7%d9%84%d8%a8%d8%b1%d8%aa%d9%82%d8%a7%d9%84-%d9%88%d8%a7%d9%84%d8%b4%d9%88%d9%83%d9%88%d9%84%d8%a7%d8%aa%d8%a9
https://lacuisinedebernard.com/caneles-bordelais,https://staging.lacuisinedebernard.com/caneles-bordelais
https://lacuisinedebernard.com/caneles-bordelais/,https://staging.lacuisinedebernard.com/caneles-bordelais
https://www.lacuisinedebernard.com/caneles-bordelais,https://staging.lacuisinedebernard.com/caneles-bordelais
https://www.lacuisinedebernard.com/caneles-bordelais/,https://staging.lacuisinedebernard.com/caneles-bordelais
https://lacuisinedebernard.com/%d8%a8%d8%a7%d9%86-%d9%83%d9%8a%d9%83-%d9%85%d9%82%d8%b1%d9%85%d8%b4-%d9%85%d8%b9-%d9%81%d8%b1%d8%a7%d9%88%d9%84%d8%a9-%d9%88-%d9%83%d8%b1%d9%8a%d9%85%d8%a9-%d9%85%d8%ae%d9%81%d9%88%d9%82%d8%a9,https://staging.lacuisinedebernard.com/%d8%a8%d8%a7%d9%86-%d9%83%d9%8a%d9%83-%d9%85%d9%82%d8%b1%d9%85%d8%b4-%d9%85%d8%b9-%d9%81%d8%b1%d8%a7%d9%88%d9%84%d8%a9-%d9%88-%d9%83%d8%b1%d9%8a%d9%85%d8%a9-%d9%85%d8%ae%d9%81%d9%88%d9%82%d8%a9
https://lacuisinedebernard.com/%d8%a8%d8%a7%d9%86-%d9%83%d9%8a%d9%83-%d9%85%d9%82%d8%b1%d9%85%d8%b4-%d9%85%d8%b9-%d9%81%d8%b1%d8%a7%d9%88%d9%84%d8%a9-%d9%88-%d9%83%d8%b1%d9%8a%d9%85%d8%a9-%d9%85%d8%ae%d9%81%d9%88%d9%82%d8%a9/,https://staging.lacuisinedebernard.com/%d8%a8%d8%a7%d9%86-%d9%83%d9%8a%d9%83-%d9%85%d9%82%d8%b1%d9%85%d8%b4-%d9%85%d8%b9-%d9%81%d8%b1%d8%a7%d9%88%d9%84%d8%a9-%d9%88-%d9%83%d8%b1%d9%8a%d9%85%d8%a9-%d9%85%d8%ae%d9%81%d9%88%d9%82%d8%a9
https://www.lacuisinedebernard.com/%d8%a8%d8%a7%d9%86-%d9%83%d9%8a%d9%83-%d9%85%d9%82%d8%b1%d9%85%d8%b4-%d9%85%d8%b9-%d9%81%d8%b1%d8%a7%d9%88%d9%84%d8%a9-%d9%88-%d9%83%d8%b1%d9%8a%d9%85%d8%a9-%d9%85%d8%ae%d9%81%d9%88%d9%82%d8%a9,https://staging.lacuisinedebernard.com/%d8%a8%d8%a7%d9%86-%d9%83%d9%8a%d9%83-%d9%85%d9%82%d8%b1%d9%85%d8%b4-%d9%85%d8%b9-%d9%81%d8%b1%d8%a7%d9%88%d9%84%d8%a9-%d9%88-%d9%83%d8%b1%d9%8a%d9%85%d8%a9-%d9%85%d8%ae%d9%81%d9%88%d9%82%d8%a9
https://www.lacuisinedebernard.com/%d8%a8%d8%a7%d9%86-%d9%83%d9%8a%d9%83-%d9%85%d9%82%d8%b1%d9%85%d8%b4-%d9%85%d8%b9-%d9%81%d8%b1%d8%a7%d9%88%d9%84%d8%a9-%d9%88-%d9%83%d8%b1%d9%8a%d9%85%d8%a9-%d9%85%d8%ae%d9%81%d9%88%d9%82%d8%a9/,https://staging.lacuisinedebernard.com/%d8%a8%d8%a7%d9%86-%d9%83%d9%8a%d9%83-%d9%85%d9%82%d8%b1%d9%85%d8%b4-%d9%85%d8%b9-%d9%81%d8%b1%d8%a7%d9%88%d9%84%d8%a9-%d9%88-%d9%83%d8%b1%d9%8a%d9%85%d8%a9-%d9%85%d8%ae%d9%81%d9%88%d9%82%d8%a9
https://lacuisinedebernard.com/zingiber-cookies,https://staging.lacuisinedebernard.com/zingiber-cookies
https://lacuisinedebernard.com/zingiber-cookies/,https://staging.lacuisinedebernard.com/zingiber-cookies
https://www.lacuisinedebernard.com/zingiber-cookies,https://staging.lacuisinedebernard.com/zingiber-cookies
https://www.lacuisinedebernard.com/zingiber-cookies/,https://staging.lacuisinedebernard.com/zingiber-cookies
https://lacuisinedebernard.com/strawberry-tree,https://staging.lacuisinedebernard.com/strawberry-tree
https://lacuisinedebernard.com/strawberry-tree/,https://staging.lacuisinedebernard.com/strawberry-tree
https://www.lacuisinedebernard.com/strawberry-tree,https://staging.lacuisinedebernard.com/strawberry-tree
https://www.lacuisinedebernard.com/strawberry-tree/,https://staging.lacuisinedebernard.com/strawberry-tree
https://lacuisinedebernard.com/tarta-de-macarrones-de-pistacho,https://staging.lacuisinedebernard.com/tarta-de-macarrones-de-pistacho
https://lacuisinedebernard.com/tarta-de-macarrones-de-pistacho/,https://staging.lacuisinedebernard.com/tarta-de-macarrones-de-pistacho
https://www.lacuisinedebernard.com/tarta-de-macarrones-de-pistacho,https://staging.lacuisinedebernard.com/tarta-de-macarrones-de-pistacho
https://www.lacuisinedebernard.com/tarta-de-macarrones-de-pistacho/,https://staging.lacuisinedebernard.com/tarta-de-macarrones-de-pistacho
https://lacuisinedebernard.com/caneles-%d9%85%d9%86-%d8%a8%d9%88%d8%b1%d8%af%d9%88,https://staging.lacuisinedebernard.com/caneles-%d9%85%d9%86-%d8%a8%d9%88%d8%b1%d8%af%d9%88
https://lacuisinedebernard.com/caneles-%d9%85%d9%86-%d8%a8%d9%88%d8%b1%d8%af%d9%88/,https://staging.lacuisinedebernard.com/caneles-%d9%85%d9%86-%d8%a8%d9%88%d8%b1%d8%af%d9%88
https://www.lacuisinedebernard.com/caneles-%d9%85%d9%86-%d8%a8%d9%88%d8%b1%d8%af%d9%88,https://staging.lacuisinedebernard.com/caneles-%d9%85%d9%86-%d8%a8%d9%88%d8%b1%d8%af%d9%88
https://www.lacuisinedebernard.com/caneles-%d9%85%d9%86-%d8%a8%d9%88%d8%b1%d8%af%d9%88/,https://staging.lacuisinedebernard.com/caneles-%d9%85%d9%86-%d8%a8%d9%88%d8%b1%d8%af%d9%88
https://lacuisinedebernard.com/bolo-de-amendoa-e-rum-nantais-com-gelo-real,https://staging.lacuisinedebernard.com/bolo-de-amendoa-e-rum-nantais-com-gelo-real
https://lacuisinedebernard.com/bolo-de-amendoa-e-rum-nantais-com-gelo-real/,https://staging.lacuisinedebernard.com/bolo-de-amendoa-e-rum-nantais-com-gelo-real
https://www.lacuisinedebernard.com/bolo-de-amendoa-e-rum-nantais-com-gelo-real,https://staging.lacuisinedebernard.com/bolo-de-amendoa-e-rum-nantais-com-gelo-real
https://www.lacuisinedebernard.com/bolo-de-amendoa-e-rum-nantais-com-gelo-real/,https://staging.lacuisinedebernard.com/bolo-de-amendoa-e-rum-nantais-com-gelo-real
https://lacuisinedebernard.com/macarrones-cornes-de-gazelles,https://staging.lacuisinedebernard.com/macarrones-cornes-de-gazelles
https://lacuisinedebernard.com/macarrones-cornes-de-gazelles/,https://staging.lacuisinedebernard.com/macarrones-cornes-de-gazelles
https://www.lacuisinedebernard.com/macarrones-cornes-de-gazelles,https://staging.lacuisinedebernard.com/macarrones-cornes-de-gazelles
https://www.lacuisinedebernard.com/macarrones-cornes-de-gazelles/,https://staging.lacuisinedebernard.com/macarrones-cornes-de-gazelles
https://lacuisinedebernard.com/%d8%b4%d8%ac%d8%b1%d8%a9-%d8%a7%d9%84%d9%81%d8%b1%d8%a7%d9%88%d9%84%d8%a9,https://staging.lacuisinedebernard.com/%d8%b4%d8%ac%d8%b1%d8%a9-%d8%a7%d9%84%d9%81%d8%b1%d8%a7%d9%88%d9%84%d8%a9
https://lacuisinedebernard.com/%d8%b4%d8%ac%d8%b1%d8%a9-%d8%a7%d9%84%d9%81%d8%b1%d8%a7%d9%88%d9%84%d8%a9/,https://staging.lacuisinedebernard.com/%d8%b4%d8%ac%d8%b1%d8%a9-%d8%a7%d9%84%d9%81%d8%b1%d8%a7%d9%88%d9%84%d8%a9
https://www.lacuisinedebernard.com/%d8%b4%d8%ac%d8%b1%d8%a9-%d8%a7%d9%84%d9%81%d8%b1%d8%a7%d9%88%d9%84%d8%a9,https://staging.lacuisinedebernard.com/%d8%b4%d8%ac%d8%b1%d8%a9-%d8%a7%d9%84%d9%81%d8%b1%d8%a7%d9%88%d9%84%d8%a9
https://www.lacuisinedebernard.com/%d8%b4%d8%ac%d8%b1%d8%a9-%d8%a7%d9%84%d9%81%d8%b1%d8%a7%d9%88%d9%84%d8%a9/,https://staging.lacuisinedebernard.com/%d8%b4%d8%ac%d8%b1%d8%a9-%d8%a7%d9%84%d9%81%d8%b1%d8%a7%d9%88%d9%84%d8%a9
https://lacuisinedebernard.com/%d9%85%d9%84%d9%81%d8%a7%d8%aa-%d8%aa%d8%b9%d8%b1%d9%8a%d9%81-%d8%a7%d9%84%d8%a7%d8%b1%d8%aa%d8%a8%d8%a7%d8%b7-zingiber,https://staging.lacuisinedebernard.com/%d9%85%d9%84%d9%81%d8%a7%d8%aa-%d8%aa%d8%b9%d8%b1%d9%8a%d9%81-%d8%a7%d9%84%d8%a7%d8%b1%d8%aa%d8%a8%d8%a7%d8%b7-zingiber
https://lacuisinedebernard.com/%d9%85%d9%84%d9%81%d8%a7%d8%aa-%d8%aa%d8%b9%d8%b1%d9%8a%d9%81-%d8%a7%d9%84%d8%a7%d8%b1%d8%aa%d8%a8%d8%a7%d8%b7-zingiber/,https://staging.lacuisinedebernard.com/%d9%85%d9%84%d9%81%d8%a7%d8%aa-%d8%aa%d8%b9%d8%b1%d9%8a%d9%81-%d8%a7%d9%84%d8%a7%d8%b1%d8%aa%d8%a8%d8%a7%d8%b7-zingiber
https://www.lacuisinedebernard.com/%d9%85%d9%84%d9%81%d8%a7%d8%aa-%d8%aa%d8%b9%d8%b1%d9%8a%d9%81-%d8%a7%d9%84%d8%a7%d8%b1%d8%aa%d8%a8%d8%a7%d8%b7-zingiber,https://staging.lacuisinedebernard.com/%d9%85%d9%84%d9%81%d8%a7%d8%aa-%d8%aa%d8%b9%d8%b1%d9%8a%d9%81-%d8%a7%d9%84%d8%a7%d8%b1%d8%aa%d8%a8%d8%a7%d8%b7-zingiber
https://www.lacuisinedebernard.com/%d9%85%d9%84%d9%81%d8%a7%d8%aa-%d8%aa%d8%b9%d8%b1%d9%8a%d9%81-%d8%a7%d9%84%d8%a7%d8%b1%d8%aa%d8%a8%d8%a7%d8%b7-zingiber/,https://staging.lacuisinedebernard.com/%d9%85%d9%84%d9%81%d8%a7%d8%aa-%d8%aa%d8%b9%d8%b1%d9%8a%d9%81-%d8%a7%d9%84%d8%a7%d8%b1%d8%aa%d8%a8%d8%a7%d8%b7-zingiber
https://lacuisinedebernard.com/bolo-de-pistachio-macaroon,https://staging.lacuisinedebernard.com/bolo-de-pistachio-macaroon
https://lacuisinedebernard.com/bolo-de-pistachio-macaroon/,https://staging.lacuisinedebernard.com/bolo-de-pistachio-macaroon
https://www.lacuisinedebernard.com/bolo-de-pistachio-macaroon,https://staging.lacuisinedebernard.com/bolo-de-pistachio-macaroon
https://www.lacuisinedebernard.com/bolo-de-pistachio-macaroon/,https://staging.lacuisinedebernard.com/bolo-de-pistachio-macaroon
https://lacuisinedebernard.com/nantais-almond-and-rum-cake-with-royal-icing,https://staging.lacuisinedebernard.com/nantais-almond-and-rum-cake-with-royal-icing
https://lacuisinedebernard.com/nantais-almond-and-rum-cake-with-royal-icing/,https://staging.lacuisinedebernard.com/nantais-almond-and-rum-cake-with-royal-icing
https://www.lacuisinedebernard.com/nantais-almond-and-rum-cake-with-royal-icing,https://staging.lacuisinedebernard.com/nantais-almond-and-rum-cake-with-royal-icing
https://www.lacuisinedebernard.com/nantais-almond-and-rum-cake-with-royal-icing/,https://staging.lacuisinedebernard.com/nantais-almond-and-rum-cake-with-royal-icing
https://lacuisinedebernard.com/tortitas-crujientes-de-fresa-y-chantilly,https://staging.lacuisinedebernard.com/tortitas-crujientes-de-fresa-y-chantilly
https://lacuisinedebernard.com/tortitas-crujientes-de-fresa-y-chantilly/,https://staging.lacuisinedebernard.com/tortitas-crujientes-de-fresa-y-chantilly
https://www.lacuisinedebernard.com/tortitas-crujientes-de-fresa-y-chantilly,https://staging.lacuisinedebernard.com/tortitas-crujientes-de-fresa-y-chantilly
https://www.lacuisinedebernard.com/tortitas-crujientes-de-fresa-y-chantilly/,https://staging.lacuisinedebernard.com/tortitas-crujientes-de-fresa-y-chantilly
https://lacuisinedebernard.com/tarta-de-naranja-y-chocolate,https://staging.lacuisinedebernard.com/tarta-de-naranja-y-chocolate
https://lacuisinedebernard.com/tarta-de-naranja-y-chocolate/,https://staging.lacuisinedebernard.com/tarta-de-naranja-y-chocolate
https://www.lacuisinedebernard.com/tarta-de-naranja-y-chocolate,https://staging.lacuisinedebernard.com/tarta-de-naranja-y-chocolate
https://www.lacuisinedebernard.com/tarta-de-naranja-y-chocolate/,https://staging.lacuisinedebernard.com/tarta-de-naranja-y-chocolate
https://lacuisinedebernard.com/macaroons-cornes-de-gazelles,https://staging.lacuisinedebernard.com/macaroons-cornes-de-gazelles
https://lacuisinedebernard.com/macaroons-cornes-de-gazelles/,https://staging.lacuisinedebernard.com/macaroons-cornes-de-gazelles
https://www.lacuisinedebernard.com/macaroons-cornes-de-gazelles,https://staging.lacuisinedebernard.com/macaroons-cornes-de-gazelles
https://www.lacuisinedebernard.com/macaroons-cornes-de-gazelles/,https://staging.lacuisinedebernard.com/macaroons-cornes-de-gazelles
https://lacuisinedebernard.com/pistachio-macaroon-cake,https://staging.lacuisinedebernard.com/pistachio-macaroon-cake
https://lacuisinedebernard.com/pistachio-macaroon-cake/,https://staging.lacuisinedebernard.com/pistachio-macaroon-cake
https://www.lacuisinedebernard.com/pistachio-macaroon-cake,https://staging.lacuisinedebernard.com/pistachio-macaroon-cake
https://www.lacuisinedebernard.com/pistachio-macaroon-cake/,https://staging.lacuisinedebernard.com/pistachio-macaroon-cake
https://lacuisinedebernard.com/%d9%83%d8%b9%d9%83%d8%a9-%d9%86%d8%a7%d9%86%d8%aa-%d8%a8%d8%a7%d9%84%d9%84%d9%88%d8%b2-%d9%88%d8%a7%d9%84%d8%b1%d9%85-%d8%8c-%d9%85%d8%ab%d9%84%d8%ac%d8%a9-%d8%b1%d9%88%d9%8a%d8%a7%d9%84,https://staging.lacuisinedebernard.com/%d9%83%d8%b9%d9%83%d8%a9-%d9%86%d8%a7%d9%86%d8%aa-%d8%a8%d8%a7%d9%84%d9%84%d9%88%d8%b2-%d9%88%d8%a7%d9%84%d8%b1%d9%85-%d8%8c-%d9%85%d8%ab%d9%84%d8%ac%d8%a9-%d8%b1%d9%88%d9%8a%d8%a7%d9%84
https://lacuisinedebernard.com/%d9%83%d8%b9%d9%83%d8%a9-%d9%86%d8%a7%d9%86%d8%aa-%d8%a8%d8%a7%d9%84%d9%84%d9%88%d8%b2-%d9%88%d8%a7%d9%84%d8%b1%d9%85-%d8%8c-%d9%85%d8%ab%d9%84%d8%ac%d8%a9-%d8%b1%d9%88%d9%8a%d8%a7%d9%84/,https://staging.lacuisinedebernard.com/%d9%83%d8%b9%d9%83%d8%a9-%d9%86%d8%a7%d9%86%d8%aa-%d8%a8%d8%a7%d9%84%d9%84%d9%88%d8%b2-%d9%88%d8%a7%d9%84%d8%b1%d9%85-%d8%8c-%d9%85%d8%ab%d9%84%d8%ac%d8%a9-%d8%b1%d9%88%d9%8a%d8%a7%d9%84
https://www.lacuisinedebernard.com/%d9%83%d8%b9%d9%83%d8%a9-%d9%86%d8%a7%d9%86%d8%aa-%d8%a8%d8%a7%d9%84%d9%84%d9%88%d8%b2-%d9%88%d8%a7%d9%84%d8%b1%d9%85-%d8%8c-%d9%85%d8%ab%d9%84%d8%ac%d8%a9-%d8%b1%d9%88%d9%8a%d8%a7%d9%84,https://staging.lacuisinedebernard.com/%d9%83%d8%b9%d9%83%d8%a9-%d9%86%d8%a7%d9%86%d8%aa-%d8%a8%d8%a7%d9%84%d9%84%d9%88%d8%b2-%d9%88%d8%a7%d9%84%d8%b1%d9%85-%d8%8c-%d9%85%d8%ab%d9%84%d8%ac%d8%a9-%d8%b1%d9%88%d9%8a%d8%a7%d9%84
https://www.lacuisinedebernard.com/%d9%83%d8%b9%d9%83%d8%a9-%d9%86%d8%a7%d9%86%d8%aa-%d8%a8%d8%a7%d9%84%d9%84%d9%88%d8%b2-%d9%88%d8%a7%d9%84%d8%b1%d9%85-%d8%8c-%d9%85%d8%ab%d9%84%d8%ac%d8%a9-%d8%b1%d9%88%d9%8a%d8%a7%d9%84/,https://staging.lacuisinedebernard.com/%d9%83%d8%b9%d9%83%d8%a9-%d9%86%d8%a7%d9%86%d8%aa-%d8%a8%d8%a7%d9%84%d9%84%d9%88%d8%b2-%d9%88%d8%a7%d9%84%d8%b1%d9%85-%d8%8c-%d9%85%d8%ab%d9%84%d8%ac%d8%a9-%d8%b1%d9%88%d9%8a%d8%a7%d9%84
https://lacuisinedebernard.com/panquecas-crocantes-de-morango-e-chantilly,https://staging.lacuisinedebernard.com/panquecas-crocantes-de-morango-e-chantilly
https://lacuisinedebernard.com/panquecas-crocantes-de-morango-e-chantilly/,https://staging.lacuisinedebernard.com/panquecas-crocantes-de-morango-e-chantilly
https://www.lacuisinedebernard.com/panquecas-crocantes-de-morango-e-chantilly,https://staging.lacuisinedebernard.com/panquecas-crocantes-de-morango-e-chantilly
https://www.lacuisinedebernard.com/panquecas-crocantes-de-morango-e-chantilly/,https://staging.lacuisinedebernard.com/panquecas-crocantes-de-morango-e-chantilly
https://lacuisinedebernard.com/bolo-de-laranja-e-chocolate,https://staging.lacuisinedebernard.com/bolo-de-laranja-e-chocolate
https://lacuisinedebernard.com/bolo-de-laranja-e-chocolate/,https://staging.lacuisinedebernard.com/bolo-de-laranja-e-chocolate
https://www.lacuisinedebernard.com/bolo-de-laranja-e-chocolate,https://staging.lacuisinedebernard.com/bolo-de-laranja-e-chocolate
https://www.lacuisinedebernard.com/bolo-de-laranja-e-chocolate/,https://staging.lacuisinedebernard.com/bolo-de-laranja-e-chocolate
https://lacuisinedebernard.com/%d9%83%d9%8a%d9%83%d8%a9-%d8%a7%d9%84%d9%81%d8%b3%d8%aa%d9%82-%d9%85%d8%b9%d9%83%d8%b1%d9%88%d9%86,https://staging.lacuisinedebernard.com/%d9%83%d9%8a%d9%83%d8%a9-%d8%a7%d9%84%d9%81%d8%b3%d8%aa%d9%82-%d9%85%d8%b9%d9%83%d8%b1%d9%88%d9%86
https://lacuisinedebernard.com/%d9%83%d9%8a%d9%83%d8%a9-%d8%a7%d9%84%d9%81%d8%b3%d8%aa%d9%82-%d9%85%d8%b9%d9%83%d8%b1%d9%88%d9%86/,https://staging.lacuisinedebernard.com/%d9%83%d9%8a%d9%83%d8%a9-%d8%a7%d9%84%d9%81%d8%b3%d8%aa%d9%82-%d9%85%d8%b9%d9%83%d8%b1%d9%88%d9%86
https://www.lacuisinedebernard.com/%d9%83%d9%8a%d9%83%d8%a9-%d8%a7%d9%84%d9%81%d8%b3%d8%aa%d9%82-%d9%85%d8%b9%d9%83%d8%b1%d9%88%d9%86,https://staging.lacuisinedebernard.com/%d9%83%d9%8a%d9%83%d8%a9-%d8%a7%d9%84%d9%81%d8%b3%d8%aa%d9%82-%d9%85%d8%b9%d9%83%d8%b1%d9%88%d9%86
https://www.lacuisinedebernard.com/%d9%83%d9%8a%d9%83%d8%a9-%d8%a7%d9%84%d9%81%d8%b3%d8%aa%d9%82-%d9%85%d8%b9%d9%83%d8%b1%d9%88%d9%86/,https://staging.lacuisinedebernard.com/%d9%83%d9%8a%d9%83%d8%a9-%d8%a7%d9%84%d9%81%d8%b3%d8%aa%d9%82-%d9%85%d8%b9%d9%83%d8%b1%d9%88%d9%86
https://lacuisinedebernard.com/madrono,https://staging.lacuisinedebernard.com/madrono
https://lacuisinedebernard.com/madrono/,https://staging.lacuisinedebernard.com/madrono
https://www.lacuisinedebernard.com/madrono,https://staging.lacuisinedebernard.com/madrono
https://www.lacuisinedebernard.com/madrono/,https://staging.lacuisinedebernard.com/madrono
https://lacuisinedebernard.com/galletas-zingiber,https://staging.lacuisinedebernard.com/galletas-zingiber
https://lacuisinedebernard.com/galletas-zingiber/,https://staging.lacuisinedebernard.com/galletas-zingiber
https://www.lacuisinedebernard.com/galletas-zingiber,https://staging.lacuisinedebernard.com/galletas-zingiber
https://www.lacuisinedebernard.com/galletas-zingiber/,https://staging.lacuisinedebernard.com/galletas-zingiber
https://lacuisinedebernard.com/biscoitos-zingiber,https://staging.lacuisinedebernard.com/biscoitos-zingiber
https://lacuisinedebernard.com/biscoitos-zingiber/,https://staging.lacuisinedebernard.com/biscoitos-zingiber
https://www.lacuisinedebernard.com/biscoitos-zingiber,https://staging.lacuisinedebernard.com/biscoitos-zingiber
https://www.lacuisinedebernard.com/biscoitos-zingiber/,https://staging.lacuisinedebernard.com/biscoitos-zingiber
https://lacuisinedebernard.com/morangueiro,https://staging.lacuisinedebernard.com/morangueiro
https://lacuisinedebernard.com/morangueiro/,https://staging.lacuisinedebernard.com/morangueiro
https://www.lacuisinedebernard.com/morangueiro,https://staging.lacuisinedebernard.com/morangueiro
https://www.lacuisinedebernard.com/morangueiro/,https://staging.lacuisinedebernard.com/morangueiro
https://lacuisinedebernard.com/crunchy-strawberry-and-chantilly-pancakes,https://staging.lacuisinedebernard.com/crunchy-strawberry-and-chantilly-pancakes
https://lacuisinedebernard.com/crunchy-strawberry-and-chantilly-pancakes/,https://staging.lacuisinedebernard.com/crunchy-strawberry-and-chantilly-pancakes
https://www.lacuisinedebernard.com/crunchy-strawberry-and-chantilly-pancakes,https://staging.lacuisinedebernard.com/crunchy-strawberry-and-chantilly-pancakes
https://www.lacuisinedebernard.com/crunchy-strawberry-and-chantilly-pancakes/,https://staging.lacuisinedebernard.com/crunchy-strawberry-and-chantilly-pancakes
https://lacuisinedebernard.com/tarta-de-almendras-y-ron-con-glaseado-real,https://staging.lacuisinedebernard.com/tarta-de-almendras-y-ron-con-glaseado-real
https://lacuisinedebernard.com/tarta-de-almendras-y-ron-con-glaseado-real/,https://staging.lacuisinedebernard.com/tarta-de-almendras-y-ron-con-glaseado-real
https://www.lacuisinedebernard.com/tarta-de-almendras-y-ron-con-glaseado-real,https://staging.lacuisinedebernard.com/tarta-de-almendras-y-ron-con-glaseado-real
https://www.lacuisinedebernard.com/tarta-de-almendras-y-ron-con-glaseado-real/,https://staging.lacuisinedebernard.com/tarta-de-almendras-y-ron-con-glaseado-real
https://lacuisinedebernard.com/farz-buen,https://staging.lacuisinedebernard.com/farz-buen
https://lacuisinedebernard.com/farz-buen/,https://staging.lacuisinedebernard.com/farz-buen
https://www.lacuisinedebernard.com/farz-buen,https://staging.lacuisinedebernard.com/farz-buen
https://www.lacuisinedebernard.com/farz-buen/,https://staging.lacuisinedebernard.com/farz-buen
https://lacuisinedebernard.com/orange-and-chocolate-cake,https://staging.lacuisinedebernard.com/orange-and-chocolate-cake
https://lacuisinedebernard.com/orange-and-chocolate-cake/,https://staging.lacuisinedebernard.com/orange-and-chocolate-cake
https://www.lacuisinedebernard.com/orange-and-chocolate-cake,https://staging.lacuisinedebernard.com/orange-and-chocolate-cake
https://www.lacuisinedebernard.com/orange-and-chocolate-cake/,https://staging.lacuisinedebernard.com/orange-and-chocolate-cake
https://lacuisinedebernard.com/muffins-atomicos-de-nueces-de-macadamia,https://staging.lacuisinedebernard.com/muffins-atomicos-de-nueces-de-macadamia
https://lacuisinedebernard.com/muffins-atomicos-de-nueces-de-macadamia/,https://staging.lacuisinedebernard.com/muffins-atomicos-de-nueces-de-macadamia
https://www.lacuisinedebernard.com/muffins-atomicos-de-nueces-de-macadamia,https://staging.lacuisinedebernard.com/muffins-atomicos-de-nueces-de-macadamia
https://www.lacuisinedebernard.com/muffins-atomicos-de-nueces-de-macadamia/,https://staging.lacuisinedebernard.com/muffins-atomicos-de-nueces-de-macadamia
https://lacuisinedebernard.com/muffins-atomicos-de-nozes-de-macadamia,https://staging.lacuisinedebernard.com/muffins-atomicos-de-nozes-de-macadamia
https://lacuisinedebernard.com/muffins-atomicos-de-nozes-de-macadamia/,https://staging.lacuisinedebernard.com/muffins-atomicos-de-nozes-de-macadamia
https://www.lacuisinedebernard.com/muffins-atomicos-de-nozes-de-macadamia,https://staging.lacuisinedebernard.com/muffins-atomicos-de-nozes-de-macadamia
https://www.lacuisinedebernard.com/muffins-atomicos-de-nozes-de-macadamia/,https://staging.lacuisinedebernard.com/muffins-atomicos-de-nozes-de-macadamia
https://lacuisinedebernard.com/macadamia-nut-atomic-muffins,https://staging.lacuisinedebernard.com/macadamia-nut-atomic-muffins
https://lacuisinedebernard.com/macadamia-nut-atomic-muffins/,https://staging.lacuisinedebernard.com/macadamia-nut-atomic-muffins
https://www.lacuisinedebernard.com/macadamia-nut-atomic-muffins,https://staging.lacuisinedebernard.com/macadamia-nut-atomic-muffins
https://www.lacuisinedebernard.com/macadamia-nut-atomic-muffins/,https://staging.lacuisinedebernard.com/macadamia-nut-atomic-muffins
https://lacuisinedebernard.com/%d8%b0%d8%b1%d9%8a%d8%a9-%d9%85%d9%83%d8%a7%d8%af%d8%a7%d9%85%d9%8a%d8%a7-%d8%a7%d9%84%d8%ac%d9%88%d8%b2-%d8%a7%d9%84%d9%83%d8%b9%d9%83,https://staging.lacuisinedebernard.com/%d8%b0%d8%b1%d9%8a%d8%a9-%d9%85%d9%83%d8%a7%d8%af%d8%a7%d9%85%d9%8a%d8%a7-%d8%a7%d9%84%d8%ac%d9%88%d8%b2-%d8%a7%d9%84%d9%83%d8%b9%d9%83
https://lacuisinedebernard.com/%d8%b0%d8%b1%d9%8a%d8%a9-%d9%85%d9%83%d8%a7%d8%af%d8%a7%d9%85%d9%8a%d8%a7-%d8%a7%d9%84%d8%ac%d9%88%d8%b2-%d8%a7%d9%84%d9%83%d8%b9%d9%83/,https://staging.lacuisinedebernard.com/%d8%b0%d8%b1%d9%8a%d8%a9-%d9%85%d9%83%d8%a7%d8%af%d8%a7%d9%85%d9%8a%d8%a7-%d8%a7%d9%84%d8%ac%d9%88%d8%b2-%d8%a7%d9%84%d9%83%d8%b9%d9%83
https://www.lacuisinedebernard.com/%d8%b0%d8%b1%d9%8a%d8%a9-%d9%85%d9%83%d8%a7%d8%af%d8%a7%d9%85%d9%8a%d8%a7-%d8%a7%d9%84%d8%ac%d9%88%d8%b2-%d8%a7%d9%84%d9%83%d8%b9%d9%83,https://staging.lacuisinedebernard.com/%d8%b0%d8%b1%d9%8a%d8%a9-%d9%85%d9%83%d8%a7%d8%af%d8%a7%d9%85%d9%8a%d8%a7-%d8%a7%d9%84%d8%ac%d9%88%d8%b2-%d8%a7%d9%84%d9%83%d8%b9%d9%83
https://www.lacuisinedebernard.com/%d8%b0%d8%b1%d9%8a%d8%a9-%d9%85%d9%83%d8%a7%d8%af%d8%a7%d9%85%d9%8a%d8%a7-%d8%a7%d9%84%d8%ac%d9%88%d8%b2-%d8%a7%d9%84%d9%83%d8%b9%d9%83/,https://staging.lacuisinedebernard.com/%d8%b0%d8%b1%d9%8a%d8%a9-%d9%85%d9%83%d8%a7%d8%af%d8%a7%d9%85%d9%8a%d8%a7-%d8%a7%d9%84%d8%ac%d9%88%d8%b2-%d8%a7%d9%84%d9%83%d8%b9%d9%83
https://lacuisinedebernard.com/tarta-de-semillas-de-amapola,https://staging.lacuisinedebernard.com/tarta-de-semillas-de-amapola
https://lacuisinedebernard.com/tarta-de-semillas-de-amapola/,https://staging.lacuisinedebernard.com/tarta-de-semillas-de-amapola
https://www.lacuisinedebernard.com/tarta-de-semillas-de-amapola,https://staging.lacuisinedebernard.com/tarta-de-semillas-de-amapola
https://www.lacuisinedebernard.com/tarta-de-semillas-de-amapola/,https://staging.lacuisinedebernard.com/tarta-de-semillas-de-amapola
https://lacuisinedebernard.com/%d9%83%d8%b9%d9%83%d8%a9-%d8%a7%d9%84%d8%b9%d8%b3%d9%84-%d9%88%d8%a7%d9%84%d8%ac%d9%88%d8%b2,https://staging.lacuisinedebernard.com/%d9%83%d8%b9%d9%83%d8%a9-%d8%a7%d9%84%d8%b9%d8%b3%d9%84-%d9%88%d8%a7%d9%84%d8%ac%d9%88%d8%b2
https://lacuisinedebernard.com/%d9%83%d8%b9%d9%83%d8%a9-%d8%a7%d9%84%d8%b9%d8%b3%d9%84-%d9%88%d8%a7%d9%84%d8%ac%d9%88%d8%b2/,https://staging.lacuisinedebernard.com/%d9%83%d8%b9%d9%83%d8%a9-%d8%a7%d9%84%d8%b9%d8%b3%d9%84-%d9%88%d8%a7%d9%84%d8%ac%d9%88%d8%b2
https://www.lacuisinedebernard.com/%d9%83%d8%b9%d9%83%d8%a9-%d8%a7%d9%84%d8%b9%d8%b3%d9%84-%d9%88%d8%a7%d9%84%d8%ac%d9%88%d8%b2,https://staging.lacuisinedebernard.com/%d9%83%d8%b9%d9%83%d8%a9-%d8%a7%d9%84%d8%b9%d8%b3%d9%84-%d9%88%d8%a7%d9%84%d8%ac%d9%88%d8%b2
https://www.lacuisinedebernard.com/%d9%83%d8%b9%d9%83%d8%a9-%d8%a7%d9%84%d8%b9%d8%b3%d9%84-%d9%88%d8%a7%d9%84%d8%ac%d9%88%d8%b2/,https://staging.lacuisinedebernard.com/%d9%83%d8%b9%d9%83%d8%a9-%d8%a7%d9%84%d8%b9%d8%b3%d9%84-%d9%88%d8%a7%d9%84%d8%ac%d9%88%d8%b2
https://lacuisinedebernard.com/bolo-de-semente-de-papoila,https://staging.lacuisinedebernard.com/bolo-de-semente-de-papoila
https://lacuisinedebernard.com/bolo-de-semente-de-papoila/,https://staging.lacuisinedebernard.com/bolo-de-semente-de-papoila
https://www.lacuisinedebernard.com/bolo-de-semente-de-papoila,https://staging.lacuisinedebernard.com/bolo-de-semente-de-papoila
https://www.lacuisinedebernard.com/bolo-de-semente-de-papoila/,https://staging.lacuisinedebernard.com/bolo-de-semente-de-papoila
https://lacuisinedebernard.com/millasson,https://staging.lacuisinedebernard.com/millasson
https://lacuisinedebernard.com/millasson/,https://staging.lacuisinedebernard.com/millasson
https://www.lacuisinedebernard.com/millasson,https://staging.lacuisinedebernard.com/millasson
https://www.lacuisinedebernard.com/millasson/,https://staging.lacuisinedebernard.com/millasson
https://lacuisinedebernard.com/tarta-de-miel-y-nueces,https://staging.lacuisinedebernard.com/tarta-de-miel-y-nueces
https://lacuisinedebernard.com/tarta-de-miel-y-nueces/,https://staging.lacuisinedebernard.com/tarta-de-miel-y-nueces
https://www.lacuisinedebernard.com/tarta-de-miel-y-nueces,https://staging.lacuisinedebernard.com/tarta-de-miel-y-nueces
https://www.lacuisinedebernard.com/tarta-de-miel-y-nueces/,https://staging.lacuisinedebernard.com/tarta-de-miel-y-nueces
https://lacuisinedebernard.com/%d9%81%d9%86%d8%af%d8%a7%d9%86-%d8%a7%d9%84%d8%aa%d8%b1%d8%a7-%d8%a8%d8%a7%d9%84%d8%b4%d9%88%d9%83%d9%88%d9%84%d8%a7%d8%aa%d8%a9-%d9%88%d9%83%d8%b1%d9%8a%d9%85%d8%a9-%d8%a7%d9%84%d9%83%d8%b3%d8%aa,https://staging.lacuisinedebernard.com/%d9%81%d9%86%d8%af%d8%a7%d9%86-%d8%a7%d9%84%d8%aa%d8%b1%d8%a7-%d8%a8%d8%a7%d9%84%d8%b4%d9%88%d9%83%d9%88%d9%84%d8%a7%d8%aa%d8%a9-%d9%88%d9%83%d8%b1%d9%8a%d9%85%d8%a9-%d8%a7%d9%84%d9%83%d8%b3%d8%aa
https://lacuisinedebernard.com/%d9%81%d9%86%d8%af%d8%a7%d9%86-%d8%a7%d9%84%d8%aa%d8%b1%d8%a7-%d8%a8%d8%a7%d9%84%d8%b4%d9%88%d9%83%d9%88%d9%84%d8%a7%d8%aa%d8%a9-%d9%88%d9%83%d8%b1%d9%8a%d9%85%d8%a9-%d8%a7%d9%84%d9%83%d8%b3%d8%aa/,https://staging.lacuisinedebernard.com/%d9%81%d9%86%d8%af%d8%a7%d9%86-%d8%a7%d9%84%d8%aa%d8%b1%d8%a7-%d8%a8%d8%a7%d9%84%d8%b4%d9%88%d9%83%d9%88%d9%84%d8%a7%d8%aa%d8%a9-%d9%88%d9%83%d8%b1%d9%8a%d9%85%d8%a9-%d8%a7%d9%84%d9%83%d8%b3%d8%aa
https://www.lacuisinedebernard.com/%d9%81%d9%86%d8%af%d8%a7%d9%86-%d8%a7%d9%84%d8%aa%d8%b1%d8%a7-%d8%a8%d8%a7%d9%84%d8%b4%d9%88%d9%83%d9%88%d9%84%d8%a7%d8%aa%d8%a9-%d9%88%d9%83%d8%b1%d9%8a%d9%85%d8%a9-%d8%a7%d9%84%d9%83%d8%b3%d8%aa,https://staging.lacuisinedebernard.com/%d9%81%d9%86%d8%af%d8%a7%d9%86-%d8%a7%d9%84%d8%aa%d8%b1%d8%a7-%d8%a8%d8%a7%d9%84%d8%b4%d9%88%d9%83%d9%88%d9%84%d8%a7%d8%aa%d8%a9-%d9%88%d9%83%d8%b1%d9%8a%d9%85%d8%a9-%d8%a7%d9%84%d9%83%d8%b3%d8%aa
https://www.lacuisinedebernard.com/%d9%81%d9%86%d8%af%d8%a7%d9%86-%d8%a7%d9%84%d8%aa%d8%b1%d8%a7-%d8%a8%d8%a7%d9%84%d8%b4%d9%88%d9%83%d9%88%d9%84%d8%a7%d8%aa%d8%a9-%d9%88%d9%83%d8%b1%d9%8a%d9%85%d8%a9-%d8%a7%d9%84%d9%83%d8%b3%d8%aa/,https://staging.lacuisinedebernard.com/%d9%81%d9%86%d8%af%d8%a7%d9%86-%d8%a7%d9%84%d8%aa%d8%b1%d8%a7-%d8%a8%d8%a7%d9%84%d8%b4%d9%88%d9%83%d9%88%d9%84%d8%a7%d8%aa%d8%a9-%d9%88%d9%83%d8%b1%d9%8a%d9%85%d8%a9-%d8%a7%d9%84%d9%83%d8%b3%d8%aa
https://lacuisinedebernard.com/poppy-seed-cake,https://staging.lacuisinedebernard.com/poppy-seed-cake
https://lacuisinedebernard.com/poppy-seed-cake/,https://staging.lacuisinedebernard.com/poppy-seed-cake
https://www.lacuisinedebernard.com/poppy-seed-cake,https://staging.lacuisinedebernard.com/poppy-seed-cake
https://www.lacuisinedebernard.com/poppy-seed-cake/,https://staging.lacuisinedebernard.com/poppy-seed-cake
https://lacuisinedebernard.com/%d9%81%d8%b1%d8%b2-%d8%a8%d9%88%d9%8a%d9%86,https://staging.lacuisinedebernard.com/%d9%81%d8%b1%d8%b2-%d8%a8%d9%88%d9%8a%d9%86
https://lacuisinedebernard.com/%d9%81%d8%b1%d8%b2-%d8%a8%d9%88%d9%8a%d9%86/,https://staging.lacuisinedebernard.com/%d9%81%d8%b1%d8%b2-%d8%a8%d9%88%d9%8a%d9%86
https://www.lacuisinedebernard.com/%d9%81%d8%b1%d8%b2-%d8%a8%d9%88%d9%8a%d9%86,https://staging.lacuisinedebernard.com/%d9%81%d8%b1%d8%b2-%d8%a8%d9%88%d9%8a%d9%86
https://www.lacuisinedebernard.com/%d9%81%d8%b1%d8%b2-%d8%a8%d9%88%d9%8a%d9%86/,https://staging.lacuisinedebernard.com/%d9%81%d8%b1%d8%b2-%d8%a8%d9%88%d9%8a%d9%86
https://lacuisinedebernard.com/%d9%85%d9%8a%d9%84%d8%a7%d8%b3%d9%88%d9%86,https://staging.lacuisinedebernard.com/%d9%85%d9%8a%d9%84%d8%a7%d8%b3%d9%88%d9%86
https://lacuisinedebernard.com/%d9%85%d9%8a%d9%84%d8%a7%d8%b3%d9%88%d9%86/,https://staging.lacuisinedebernard.com/%d9%85%d9%8a%d9%84%d8%a7%d8%b3%d9%88%d9%86
https://www.lacuisinedebernard.com/%d9%85%d9%8a%d9%84%d8%a7%d8%b3%d9%88%d9%86,https://staging.lacuisinedebernard.com/%d9%85%d9%8a%d9%84%d8%a7%d8%b3%d9%88%d9%86
https://www.lacuisinedebernard.com/%d9%85%d9%8a%d9%84%d8%a7%d8%b3%d9%88%d9%86/,https://staging.lacuisinedebernard.com/%d9%85%d9%8a%d9%84%d8%a7%d8%b3%d9%88%d9%86
https://lacuisinedebernard.com/ultra-chocolate-and-chestnut-cream-fondant,https://staging.lacuisinedebernard.com/ultra-chocolate-and-chestnut-cream-fondant
https://lacuisinedebernard.com/ultra-chocolate-and-chestnut-cream-fondant/,https://staging.lacuisinedebernard.com/ultra-chocolate-and-chestnut-cream-fondant
https://www.lacuisinedebernard.com/ultra-chocolate-and-chestnut-cream-fondant,https://staging.lacuisinedebernard.com/ultra-chocolate-and-chestnut-cream-fondant
https://www.lacuisinedebernard.com/ultra-chocolate-and-chestnut-cream-fondant/,https://staging.lacuisinedebernard.com/ultra-chocolate-and-chestnut-cream-fondant
https://lacuisinedebernard.com/%d9%83%d8%b9%d9%83%d8%a9-%d8%a8%d8%b0%d9%88%d8%b1-%d8%a7%d9%84%d8%ae%d8%b4%d8%ae%d8%a7%d8%b4,https://staging.lacuisinedebernard.com/%d9%83%d8%b9%d9%83%d8%a9-%d8%a8%d8%b0%d9%88%d8%b1-%d8%a7%d9%84%d8%ae%d8%b4%d8%ae%d8%a7%d8%b4
https://lacuisinedebernard.com/%d9%83%d8%b9%d9%83%d8%a9-%d8%a8%d8%b0%d9%88%d8%b1-%d8%a7%d9%84%d8%ae%d8%b4%d8%ae%d8%a7%d8%b4/,https://staging.lacuisinedebernard.com/%d9%83%d8%b9%d9%83%d8%a9-%d8%a8%d8%b0%d9%88%d8%b1-%d8%a7%d9%84%d8%ae%d8%b4%d8%ae%d8%a7%d8%b4
https://www.lacuisinedebernard.com/%d9%83%d8%b9%d9%83%d8%a9-%d8%a8%d8%b0%d9%88%d8%b1-%d8%a7%d9%84%d8%ae%d8%b4%d8%ae%d8%a7%d8%b4,https://staging.lacuisinedebernard.com/%d9%83%d8%b9%d9%83%d8%a9-%d8%a8%d8%b0%d9%88%d8%b1-%d8%a7%d9%84%d8%ae%d8%b4%d8%ae%d8%a7%d8%b4
https://www.lacuisinedebernard.com/%d9%83%d8%b9%d9%83%d8%a9-%d8%a8%d8%b0%d9%88%d8%b1-%d8%a7%d9%84%d8%ae%d8%b4%d8%ae%d8%a7%d8%b4/,https://staging.lacuisinedebernard.com/%d9%83%d8%b9%d9%83%d8%a9-%d8%a8%d8%b0%d9%88%d8%b1-%d8%a7%d9%84%d8%ae%d8%b4%d8%ae%d8%a7%d8%b4
https://lacuisinedebernard.com/ultra-chocolate-e-creme-de-castanha-fondant,https://staging.lacuisinedebernard.com/ultra-chocolate-e-creme-de-castanha-fondant
https://lacuisinedebernard.com/ultra-chocolate-e-creme-de-castanha-fondant/,https://staging.lacuisinedebernard.com/ultra-chocolate-e-creme-de-castanha-fondant
https://www.lacuisinedebernard.com/ultra-chocolate-e-creme-de-castanha-fondant,https://staging.lacuisinedebernard.com/ultra-chocolate-e-creme-de-castanha-fondant
https://www.lacuisinedebernard.com/ultra-chocolate-e-creme-de-castanha-fondant/,https://staging.lacuisinedebernard.com/ultra-chocolate-e-creme-de-castanha-fondant
https://lacuisinedebernard.com/mochi-de-mantequilla-de-cacahuete-daifuku,https://staging.lacuisinedebernard.com/mochi-de-mantequilla-de-cacahuete-daifuku
https://lacuisinedebernard.com/mochi-de-mantequilla-de-cacahuete-daifuku/,https://staging.lacuisinedebernard.com/mochi-de-mantequilla-de-cacahuete-daifuku
https://www.lacuisinedebernard.com/mochi-de-mantequilla-de-cacahuete-daifuku,https://staging.lacuisinedebernard.com/mochi-de-mantequilla-de-cacahuete-daifuku
https://www.lacuisinedebernard.com/mochi-de-mantequilla-de-cacahuete-daifuku/,https://staging.lacuisinedebernard.com/mochi-de-mantequilla-de-cacahuete-daifuku
https://lacuisinedebernard.com/manteiga-de-amendoim-daifuku-mochi,https://staging.lacuisinedebernard.com/manteiga-de-amendoim-daifuku-mochi
https://lacuisinedebernard.com/manteiga-de-amendoim-daifuku-mochi/,https://staging.lacuisinedebernard.com/manteiga-de-amendoim-daifuku-mochi
https://www.lacuisinedebernard.com/manteiga-de-amendoim-daifuku-mochi,https://staging.lacuisinedebernard.com/manteiga-de-amendoim-daifuku-mochi
https://www.lacuisinedebernard.com/manteiga-de-amendoim-daifuku-mochi/,https://staging.lacuisinedebernard.com/manteiga-de-amendoim-daifuku-mochi
https://lacuisinedebernard.com/fondant-de-crema-de-chocolate-y-castanas,https://staging.lacuisinedebernard.com/fondant-de-crema-de-chocolate-y-castanas
https://lacuisinedebernard.com/fondant-de-crema-de-chocolate-y-castanas/,https://staging.lacuisinedebernard.com/fondant-de-crema-de-chocolate-y-castanas
https://www.lacuisinedebernard.com/fondant-de-crema-de-chocolate-y-castanas,https://staging.lacuisinedebernard.com/fondant-de-crema-de-chocolate-y-castanas
https://www.lacuisinedebernard.com/fondant-de-crema-de-chocolate-y-castanas/,https://staging.lacuisinedebernard.com/fondant-de-crema-de-chocolate-y-castanas
https://lacuisinedebernard.com/%d8%ad%d9%84%d9%88%d9%89-%d8%a7%d9%84%d9%85%d8%b9%d9%83%d8%b1%d9%88%d9%86-%d8%ba%d8%b2%d8%a7%d9%84-%d9%87%d9%88%d8%b1%d9%86%d8%b2,https://staging.lacuisinedebernard.com/%d8%ad%d9%84%d9%88%d9%89-%d8%a7%d9%84%d9%85%d8%b9%d9%83%d8%b1%d9%88%d9%86-%d8%ba%d8%b2%d8%a7%d9%84-%d9%87%d9%88%d8%b1%d9%86%d8%b2
https://lacuisinedebernard.com/%d8%ad%d9%84%d9%88%d9%89-%d8%a7%d9%84%d9%85%d8%b9%d9%83%d8%b1%d9%88%d9%86-%d8%ba%d8%b2%d8%a7%d9%84-%d9%87%d9%88%d8%b1%d9%86%d8%b2/,https://staging.lacuisinedebernard.com/%d8%ad%d9%84%d9%88%d9%89-%d8%a7%d9%84%d9%85%d8%b9%d9%83%d8%b1%d9%88%d9%86-%d8%ba%d8%b2%d8%a7%d9%84-%d9%87%d9%88%d8%b1%d9%86%d8%b2
https://www.lacuisinedebernard.com/%d8%ad%d9%84%d9%88%d9%89-%d8%a7%d9%84%d9%85%d8%b9%d9%83%d8%b1%d9%88%d9%86-%d8%ba%d8%b2%d8%a7%d9%84-%d9%87%d9%88%d8%b1%d9%86%d8%b2,https://staging.lacuisinedebernard.com/%d8%ad%d9%84%d9%88%d9%89-%d8%a7%d9%84%d9%85%d8%b9%d9%83%d8%b1%d9%88%d9%86-%d8%ba%d8%b2%d8%a7%d9%84-%d9%87%d9%88%d8%b1%d9%86%d8%b2
https://www.lacuisinedebernard.com/%d8%ad%d9%84%d9%88%d9%89-%d8%a7%d9%84%d9%85%d8%b9%d9%83%d8%b1%d9%88%d9%86-%d8%ba%d8%b2%d8%a7%d9%84-%d9%87%d9%88%d8%b1%d9%86%d8%b2/,https://staging.lacuisinedebernard.com/%d8%ad%d9%84%d9%88%d9%89-%d8%a7%d9%84%d9%85%d8%b9%d9%83%d8%b1%d9%88%d9%86-%d8%ba%d8%b2%d8%a7%d9%84-%d9%87%d9%88%d8%b1%d9%86%d8%b2
https://lacuisinedebernard.com/%d8%ac%d9%8a%d9%84%d9%8a-%d8%a7%d9%84%d9%81%d8%a7%d9%83%d9%87%d8%a9-%d9%81%d8%a7%d9%83%d9%87%d8%a9-%d8%a7%d9%84%d8%b9%d8%a7%d8%b7%d9%81%d8%a9,https://staging.lacuisinedebernard.com/%d8%ac%d9%8a%d9%84%d9%8a-%d8%a7%d9%84%d9%81%d8%a7%d9%83%d9%87%d8%a9-%d9%81%d8%a7%d9%83%d9%87%d8%a9-%d8%a7%d9%84%d8%b9%d8%a7%d8%b7%d9%81%d8%a9
https://lacuisinedebernard.com/%d8%ac%d9%8a%d9%84%d9%8a-%d8%a7%d9%84%d9%81%d8%a7%d9%83%d9%87%d8%a9-%d9%81%d8%a7%d9%83%d9%87%d8%a9-%d8%a7%d9%84%d8%b9%d8%a7%d8%b7%d9%81%d8%a9/,https://staging.lacuisinedebernard.com/%d8%ac%d9%8a%d9%84%d9%8a-%d8%a7%d9%84%d9%81%d8%a7%d9%83%d9%87%d8%a9-%d9%81%d8%a7%d9%83%d9%87%d8%a9-%d8%a7%d9%84%d8%b9%d8%a7%d8%b7%d9%81%d8%a9
https://www.lacuisinedebernard.com/%d8%ac%d9%8a%d9%84%d9%8a-%d8%a7%d9%84%d9%81%d8%a7%d9%83%d9%87%d8%a9-%d9%81%d8%a7%d9%83%d9%87%d8%a9-%d8%a7%d9%84%d8%b9%d8%a7%d8%b7%d9%81%d8%a9,https://staging.lacuisinedebernard.com/%d8%ac%d9%8a%d9%84%d9%8a-%d8%a7%d9%84%d9%81%d8%a7%d9%83%d9%87%d8%a9-%d9%81%d8%a7%d9%83%d9%87%d8%a9-%d8%a7%d9%84%d8%b9%d8%a7%d8%b7%d9%81%d8%a9
https://www.lacuisinedebernard.com/%d8%ac%d9%8a%d9%84%d9%8a-%d8%a7%d9%84%d9%81%d8%a7%d9%83%d9%87%d8%a9-%d9%81%d8%a7%d9%83%d9%87%d8%a9-%d8%a7%d9%84%d8%b9%d8%a7%d8%b7%d9%81%d8%a9/,https://staging.lacuisinedebernard.com/%d8%ac%d9%8a%d9%84%d9%8a-%d8%a7%d9%84%d9%81%d8%a7%d9%83%d9%87%d8%a9-%d9%81%d8%a7%d9%83%d9%87%d8%a9-%d8%a7%d9%84%d8%b9%d8%a7%d8%b7%d9%81%d8%a9
https://lacuisinedebernard.com/biscoitos-de-chocolate-completamente-chocolate,https://staging.lacuisinedebernard.com/biscoitos-de-chocolate-completamente-chocolate
https://lacuisinedebernard.com/biscoitos-de-chocolate-completamente-chocolate/,https://staging.lacuisinedebernard.com/biscoitos-de-chocolate-completamente-chocolate
https://www.lacuisinedebernard.com/biscoitos-de-chocolate-completamente-chocolate,https://staging.lacuisinedebernard.com/biscoitos-de-chocolate-completamente-chocolate
https://www.lacuisinedebernard.com/biscoitos-de-chocolate-completamente-chocolate/,https://staging.lacuisinedebernard.com/biscoitos-de-chocolate-completamente-chocolate
https://lacuisinedebernard.com/teurgoule-normande,https://staging.lacuisinedebernard.com/teurgoule-normande
https://lacuisinedebernard.com/teurgoule-normande/,https://staging.lacuisinedebernard.com/teurgoule-normande
https://www.lacuisinedebernard.com/teurgoule-normande,https://staging.lacuisinedebernard.com/teurgoule-normande
https://www.lacuisinedebernard.com/teurgoule-normande/,https://staging.lacuisinedebernard.com/teurgoule-normande
https://lacuisinedebernard.com/tartaletas-olinda,https://staging.lacuisinedebernard.com/tartaletas-olinda
https://lacuisinedebernard.com/tartaletas-olinda/,https://staging.lacuisinedebernard.com/tartaletas-olinda
https://www.lacuisinedebernard.com/tartaletas-olinda,https://staging.lacuisinedebernard.com/tartaletas-olinda
https://www.lacuisinedebernard.com/tartaletas-olinda/,https://staging.lacuisinedebernard.com/tartaletas-olinda
https://lacuisinedebernard.com/shortbread-with-nuts-chocolate-and-oats,https://staging.lacuisinedebernard.com/shortbread-with-nuts-chocolate-and-oats
https://lacuisinedebernard.com/shortbread-with-nuts-chocolate-and-oats/,https://staging.lacuisinedebernard.com/shortbread-with-nuts-chocolate-and-oats
https://www.lacuisinedebernard.com/shortbread-with-nuts-chocolate-and-oats,https://staging.lacuisinedebernard.com/shortbread-with-nuts-chocolate-and-oats
https://www.lacuisinedebernard.com/shortbread-with-nuts-chocolate-and-oats/,https://staging.lacuisinedebernard.com/shortbread-with-nuts-chocolate-and-oats
https://lacuisinedebernard.com/peanut-butter-daifuku-mochi,https://staging.lacuisinedebernard.com/peanut-butter-daifuku-mochi
https://lacuisinedebernard.com/peanut-butter-daifuku-mochi/,https://staging.lacuisinedebernard.com/peanut-butter-daifuku-mochi
https://www.lacuisinedebernard.com/peanut-butter-daifuku-mochi,https://staging.lacuisinedebernard.com/peanut-butter-daifuku-mochi
https://www.lacuisinedebernard.com/peanut-butter-daifuku-mochi/,https://staging.lacuisinedebernard.com/peanut-butter-daifuku-mochi
https://lacuisinedebernard.com/%d8%a7%d9%84%d9%83%d9%85%d8%a3-%d8%a7%d9%84%d8%b4%d9%88%d9%83%d9%88%d9%84%d8%a7%d8%aa%d9%87,https://staging.lacuisinedebernard.com/%d8%a7%d9%84%d9%83%d9%85%d8%a3-%d8%a7%d9%84%d8%b4%d9%88%d9%83%d9%88%d9%84%d8%a7%d8%aa%d9%87
https://lacuisinedebernard.com/%d8%a7%d9%84%d9%83%d9%85%d8%a3-%d8%a7%d9%84%d8%b4%d9%88%d9%83%d9%88%d9%84%d8%a7%d8%aa%d9%87/,https://staging.lacuisinedebernard.com/%d8%a7%d9%84%d9%83%d9%85%d8%a3-%d8%a7%d9%84%d8%b4%d9%88%d9%83%d9%88%d9%84%d8%a7%d8%aa%d9%87
https://www.lacuisinedebernard.com/%d8%a7%d9%84%d9%83%d9%85%d8%a3-%d8%a7%d9%84%d8%b4%d9%88%d9%83%d9%88%d9%84%d8%a7%d8%aa%d9%87,https://staging.lacuisinedebernard.com/%d8%a7%d9%84%d9%83%d9%85%d8%a3-%d8%a7%d9%84%d8%b4%d9%88%d9%83%d9%88%d9%84%d8%a7%d8%aa%d9%87
https://www.lacuisinedebernard.com/%d8%a7%d9%84%d9%83%d9%85%d8%a3-%d8%a7%d9%84%d8%b4%d9%88%d9%83%d9%88%d9%84%d8%a7%d8%aa%d9%87/,https://staging.lacuisinedebernard.com/%d8%a7%d9%84%d9%83%d9%85%d8%a3-%d8%a7%d9%84%d8%b4%d9%88%d9%83%d9%88%d9%84%d8%a7%d8%aa%d9%87
https://lacuisinedebernard.com/chestnut-delight-flourless,https://staging.lacuisinedebernard.com/chestnut-delight-flourless
https://lacuisinedebernard.com/chestnut-delight-flourless/,https://staging.lacuisinedebernard.com/chestnut-delight-flourless
https://www.lacuisinedebernard.com/chestnut-delight-flourless,https://staging.lacuisinedebernard.com/chestnut-delight-flourless
https://www.lacuisinedebernard.com/chestnut-delight-flourless/,https://staging.lacuisinedebernard.com/chestnut-delight-flourless
https://lacuisinedebernard.com/%d9%81%d8%b7%d8%a7%d8%a6%d8%b1-%d8%a7%d9%84%d9%82%d9%85%d8%ad,https://staging.lacuisinedebernard.com/%d9%81%d8%b7%d8%a7%d8%a6%d8%b1-%d8%a7%d9%84%d9%82%d9%85%d8%ad
https://lacuisinedebernard.com/%d9%81%d8%b7%d8%a7%d8%a6%d8%b1-%d8%a7%d9%84%d9%82%d9%85%d8%ad/,https://staging.lacuisinedebernard.com/%d9%81%d8%b7%d8%a7%d8%a6%d8%b1-%d8%a7%d9%84%d9%82%d9%85%d8%ad
https://www.lacuisinedebernard.com/%d9%81%d8%b7%d8%a7%d8%a6%d8%b1-%d8%a7%d9%84%d9%82%d9%85%d8%ad,https://staging.lacuisinedebernard.com/%d9%81%d8%b7%d8%a7%d8%a6%d8%b1-%d8%a7%d9%84%d9%82%d9%85%d8%ad
https://www.lacuisinedebernard.com/%d9%81%d8%b7%d8%a7%d8%a6%d8%b1-%d8%a7%d9%84%d9%82%d9%85%d8%ad/,https://staging.lacuisinedebernard.com/%d9%81%d8%b7%d8%a7%d8%a6%d8%b1-%d8%a7%d9%84%d9%82%d9%85%d8%ad
https://lacuisinedebernard.com/rocas-suizas,https://staging.lacuisinedebernard.com/rocas-suizas
https://lacuisinedebernard.com/rocas-suizas/,https://staging.lacuisinedebernard.com/rocas-suizas
https://www.lacuisinedebernard.com/rocas-suizas,https://staging.lacuisinedebernard.com/rocas-suizas
https://www.lacuisinedebernard.com/rocas-suizas/,https://staging.lacuisinedebernard.com/rocas-suizas
https://lacuisinedebernard.com/tartlets-de-olinda,https://staging.lacuisinedebernard.com/tartlets-de-olinda
https://lacuisinedebernard.com/tartlets-de-olinda/,https://staging.lacuisinedebernard.com/tartlets-de-olinda
https://www.lacuisinedebernard.com/tartlets-de-olinda,https://staging.lacuisinedebernard.com/tartlets-de-olinda
https://www.lacuisinedebernard.com/tartlets-de-olinda/,https://staging.lacuisinedebernard.com/tartlets-de-olinda
https://lacuisinedebernard.com/%d8%af%d8%a7%d9%8a%d9%81%d9%88%d9%83%d9%88-%d9%85%d9%88%d8%aa%d8%b4%d9%8a-%d9%85%d8%b9-%d8%b2%d8%a8%d8%af%d8%a9-%d8%a7%d9%84%d9%81%d9%88%d9%84-%d8%a7%d9%84%d8%b3%d9%88%d8%af%d8%a7%d9%86%d9%8a,https://staging.lacuisinedebernard.com/%d8%af%d8%a7%d9%8a%d9%81%d9%88%d9%83%d9%88-%d9%85%d9%88%d8%aa%d8%b4%d9%8a-%d9%85%d8%b9-%d8%b2%d8%a8%d8%af%d8%a9-%d8%a7%d9%84%d9%81%d9%88%d9%84-%d8%a7%d9%84%d8%b3%d9%88%d8%af%d8%a7%d9%86%d9%8a
https://lacuisinedebernard.com/%d8%af%d8%a7%d9%8a%d9%81%d9%88%d9%83%d9%88-%d9%85%d9%88%d8%aa%d8%b4%d9%8a-%d9%85%d8%b9-%d8%b2%d8%a8%d8%af%d8%a9-%d8%a7%d9%84%d9%81%d9%88%d9%84-%d8%a7%d9%84%d8%b3%d9%88%d8%af%d8%a7%d9%86%d9%8a/,https://staging.lacuisinedebernard.com/%d8%af%d8%a7%d9%8a%d9%81%d9%88%d9%83%d9%88-%d9%85%d9%88%d8%aa%d8%b4%d9%8a-%d9%85%d8%b9-%d8%b2%d8%a8%d8%af%d8%a9-%d8%a7%d9%84%d9%81%d9%88%d9%84-%d8%a7%d9%84%d8%b3%d9%88%d8%af%d8%a7%d9%86%d9%8a
https://www.lacuisinedebernard.com/%d8%af%d8%a7%d9%8a%d9%81%d9%88%d9%83%d9%88-%d9%85%d9%88%d8%aa%d8%b4%d9%8a-%d9%85%d8%b9-%d8%b2%d8%a8%d8%af%d8%a9-%d8%a7%d9%84%d9%81%d9%88%d9%84-%d8%a7%d9%84%d8%b3%d9%88%d8%af%d8%a7%d9%86%d9%8a,https://staging.lacuisinedebernard.com/%d8%af%d8%a7%d9%8a%d9%81%d9%88%d9%83%d9%88-%d9%85%d9%88%d8%aa%d8%b4%d9%8a-%d9%85%d8%b9-%d8%b2%d8%a8%d8%af%d8%a9-%d8%a7%d9%84%d9%81%d9%88%d9%84-%d8%a7%d9%84%d8%b3%d9%88%d8%af%d8%a7%d9%86%d9%8a
https://www.lacuisinedebernard.com/%d8%af%d8%a7%d9%8a%d9%81%d9%88%d9%83%d9%88-%d9%85%d9%88%d8%aa%d8%b4%d9%8a-%d9%85%d8%b9-%d8%b2%d8%a8%d8%af%d8%a9-%d8%a7%d9%84%d9%81%d9%88%d9%84-%d8%a7%d9%84%d8%b3%d9%88%d8%af%d8%a7%d9%86%d9%8a/,https://staging.lacuisinedebernard.com/%d8%af%d8%a7%d9%8a%d9%81%d9%88%d9%83%d9%88-%d9%85%d9%88%d8%aa%d8%b4%d9%8a-%d9%85%d8%b9-%d8%b2%d8%a8%d8%af%d8%a9-%d8%a7%d9%84%d9%81%d9%88%d9%84-%d8%a7%d9%84%d8%b3%d9%88%d8%af%d8%a7%d9%86%d9%8a
https://lacuisinedebernard.com/%d8%ad%d9%84%d9%88%d9%89-%d8%a7%d9%84%d9%83%d8%b3%d8%aa%d9%86%d8%a7%d8%a1-%d8%a7%d9%84%d8%ae%d8%a7%d9%84%d9%8a%d8%a9-%d9%85%d9%86-%d8%a7%d9%84%d8%b7%d8%ad%d9%8a%d9%86,https://staging.lacuisinedebernard.com/%d8%ad%d9%84%d9%88%d9%89-%d8%a7%d9%84%d9%83%d8%b3%d8%aa%d9%86%d8%a7%d8%a1-%d8%a7%d9%84%d8%ae%d8%a7%d9%84%d9%8a%d8%a9-%d9%85%d9%86-%d8%a7%d9%84%d8%b7%d8%ad%d9%8a%d9%86
https://lacuisinedebernard.com/%d8%ad%d9%84%d9%88%d9%89-%d8%a7%d9%84%d9%83%d8%b3%d8%aa%d9%86%d8%a7%d8%a1-%d8%a7%d9%84%d8%ae%d8%a7%d9%84%d9%8a%d8%a9-%d9%85%d9%86-%d8%a7%d9%84%d8%b7%d8%ad%d9%8a%d9%86/,https://staging.lacuisinedebernard.com/%d8%ad%d9%84%d9%88%d9%89-%d8%a7%d9%84%d9%83%d8%b3%d8%aa%d9%86%d8%a7%d8%a1-%d8%a7%d9%84%d8%ae%d8%a7%d9%84%d9%8a%d8%a9-%d9%85%d9%86-%d8%a7%d9%84%d8%b7%d8%ad%d9%8a%d9%86
https://www.lacuisinedebernard.com/%d8%ad%d9%84%d9%88%d9%89-%d8%a7%d9%84%d9%83%d8%b3%d8%aa%d9%86%d8%a7%d8%a1-%d8%a7%d9%84%d8%ae%d8%a7%d9%84%d9%8a%d8%a9-%d9%85%d9%86-%d8%a7%d9%84%d8%b7%d8%ad%d9%8a%d9%86,https://staging.lacuisinedebernard.com/%d8%ad%d9%84%d9%88%d9%89-%d8%a7%d9%84%d9%83%d8%b3%d8%aa%d9%86%d8%a7%d8%a1-%d8%a7%d9%84%d8%ae%d8%a7%d9%84%d9%8a%d8%a9-%d9%85%d9%86-%d8%a7%d9%84%d8%b7%d8%ad%d9%8a%d9%86
https://www.lacuisinedebernard.com/%d8%ad%d9%84%d9%88%d9%89-%d8%a7%d9%84%d9%83%d8%b3%d8%aa%d9%86%d8%a7%d8%a1-%d8%a7%d9%84%d8%ae%d8%a7%d9%84%d9%8a%d8%a9-%d9%85%d9%86-%d8%a7%d9%84%d8%b7%d8%ad%d9%8a%d9%86/,https://staging.lacuisinedebernard.com/%d8%ad%d9%84%d9%88%d9%89-%d8%a7%d9%84%d9%83%d8%b3%d8%aa%d9%86%d8%a7%d8%a1-%d8%a7%d9%84%d8%ae%d8%a7%d9%84%d9%8a%d8%a9-%d9%85%d9%86-%d8%a7%d9%84%d8%b7%d8%ad%d9%8a%d9%86
https://lacuisinedebernard.com/norman-teurgoule,https://staging.lacuisinedebernard.com/norman-teurgoule
https://lacuisinedebernard.com/norman-teurgoule/,https://staging.lacuisinedebernard.com/norman-teurgoule
https://www.lacuisinedebernard.com/norman-teurgoule,https://staging.lacuisinedebernard.com/norman-teurgoule
https://www.lacuisinedebernard.com/norman-teurgoule/,https://staging.lacuisinedebernard.com/norman-teurgoule
https://lacuisinedebernard.com/casa-de-los-ciervos,https://staging.lacuisinedebernard.com/casa-de-los-ciervos
https://lacuisinedebernard.com/casa-de-los-ciervos/,https://staging.lacuisinedebernard.com/casa-de-los-ciervos
https://www.lacuisinedebernard.com/casa-de-los-ciervos,https://staging.lacuisinedebernard.com/casa-de-los-ciervos
https://www.lacuisinedebernard.com/casa-de-los-ciervos/,https://staging.lacuisinedebernard.com/casa-de-los-ciervos
https://lacuisinedebernard.com/completely-chocolate-cookies,https://staging.lacuisinedebernard.com/completely-chocolate-cookies
https://lacuisinedebernard.com/completely-chocolate-cookies/,https://staging.lacuisinedebernard.com/completely-chocolate-cookies
https://www.lacuisinedebernard.com/completely-chocolate-cookies,https://staging.lacuisinedebernard.com/completely-chocolate-cookies
https://www.lacuisinedebernard.com/completely-chocolate-cookies/,https://staging.lacuisinedebernard.com/completely-chocolate-cookies
https://lacuisinedebernard.com/rochas-suicas,https://staging.lacuisinedebernard.com/rochas-suicas
https://lacuisinedebernard.com/rochas-suicas/,https://staging.lacuisinedebernard.com/rochas-suicas
https://www.lacuisinedebernard.com/rochas-suicas,https://staging.lacuisinedebernard.com/rochas-suicas
https://www.lacuisinedebernard.com/rochas-suicas/,https://staging.lacuisinedebernard.com/rochas-suicas
https://lacuisinedebernard.com/%d8%a7%d9%84%d8%a8%d9%86%d8%af%d9%82-%d9%88%d8%a7%d9%84%d8%b4%d9%88%d9%83%d9%88%d9%84%d8%a7%d8%aa%d8%a9-%d9%88%d8%a7%d9%84%d8%b4%d9%88%d9%81%d8%a7%d9%86,https://staging.lacuisinedebernard.com/%d8%a7%d9%84%d8%a8%d9%86%d8%af%d9%82-%d9%88%d8%a7%d9%84%d8%b4%d9%88%d9%83%d9%88%d9%84%d8%a7%d8%aa%d8%a9-%d9%88%d8%a7%d9%84%d8%b4%d9%88%d9%81%d8%a7%d9%86
https://lacuisinedebernard.com/%d8%a7%d9%84%d8%a8%d9%86%d8%af%d9%82-%d9%88%d8%a7%d9%84%d8%b4%d9%88%d9%83%d9%88%d9%84%d8%a7%d8%aa%d8%a9-%d9%88%d8%a7%d9%84%d8%b4%d9%88%d9%81%d8%a7%d9%86/,https://staging.lacuisinedebernard.com/%d8%a7%d9%84%d8%a8%d9%86%d8%af%d9%82-%d9%88%d8%a7%d9%84%d8%b4%d9%88%d9%83%d9%88%d9%84%d8%a7%d8%aa%d8%a9-%d9%88%d8%a7%d9%84%d8%b4%d9%88%d9%81%d8%a7%d9%86
https://www.lacuisinedebernard.com/%d8%a7%d9%84%d8%a8%d9%86%d8%af%d9%82-%d9%88%d8%a7%d9%84%d8%b4%d9%88%d9%83%d9%88%d9%84%d8%a7%d8%aa%d8%a9-%d9%88%d8%a7%d9%84%d8%b4%d9%88%d9%81%d8%a7%d9%86,https://staging.lacuisinedebernard.com/%d8%a7%d9%84%d8%a8%d9%86%d8%af%d9%82-%d9%88%d8%a7%d9%84%d8%b4%d9%88%d9%83%d9%88%d9%84%d8%a7%d8%aa%d8%a9-%d9%88%d8%a7%d9%84%d8%b4%d9%88%d9%81%d8%a7%d9%86
https://www.lacuisinedebernard.com/%d8%a7%d9%84%d8%a8%d9%86%d8%af%d9%82-%d9%88%d8%a7%d9%84%d8%b4%d9%88%d9%83%d9%88%d9%84%d8%a7%d8%aa%d8%a9-%d9%88%d8%a7%d9%84%d8%b4%d9%88%d9%81%d8%a7%d9%86/,https://staging.lacuisinedebernard.com/%d8%a7%d9%84%d8%a8%d9%86%d8%af%d9%82-%d9%88%d8%a7%d9%84%d8%b4%d9%88%d9%83%d9%88%d9%84%d8%a7%d8%aa%d8%a9-%d9%88%d8%a7%d9%84%d8%b4%d9%88%d9%81%d8%a7%d9%86
https://lacuisinedebernard.com/dulce-de-leche,https://staging.lacuisinedebernard.com/dulce-de-leche
https://lacuisinedebernard.com/dulce-de-leche/,https://staging.lacuisinedebernard.com/dulce-de-leche
https://www.lacuisinedebernard.com/dulce-de-leche,https://staging.lacuisinedebernard.com/dulce-de-leche
https://www.lacuisinedebernard.com/dulce-de-leche/,https://staging.lacuisinedebernard.com/dulce-de-leche
https://lacuisinedebernard.com/bombones-de-praline-de-lima,https://staging.lacuisinedebernard.com/bombones-de-praline-de-lima
https://lacuisinedebernard.com/bombones-de-praline-de-lima/,https://staging.lacuisinedebernard.com/bombones-de-praline-de-lima
https://www.lacuisinedebernard.com/bombones-de-praline-de-lima,https://staging.lacuisinedebernard.com/bombones-de-praline-de-lima
https://www.lacuisinedebernard.com/bombones-de-praline-de-lima/,https://staging.lacuisinedebernard.com/bombones-de-praline-de-lima
https://lacuisinedebernard.com/casa-do-veado,https://staging.lacuisinedebernard.com/casa-do-veado
https://lacuisinedebernard.com/casa-do-veado/,https://staging.lacuisinedebernard.com/casa-do-veado
https://www.lacuisinedebernard.com/casa-do-veado,https://staging.lacuisinedebernard.com/casa-do-veado
https://www.lacuisinedebernard.com/casa-do-veado/,https://staging.lacuisinedebernard.com/casa-do-veado
https://lacuisinedebernard.com/olinda-tartlets,https://staging.lacuisinedebernard.com/olinda-tartlets
https://lacuisinedebernard.com/olinda-tartlets/,https://staging.lacuisinedebernard.com/olinda-tartlets
https://www.lacuisinedebernard.com/olinda-tartlets,https://staging.lacuisinedebernard.com/olinda-tartlets
https://www.lacuisinedebernard.com/olinda-tartlets/,https://staging.lacuisinedebernard.com/olinda-tartlets
https://lacuisinedebernard.com/pastas-de-frutas-fruta-de-la-pasion,https://staging.lacuisinedebernard.com/pastas-de-frutas-fruta-de-la-pasion
https://lacuisinedebernard.com/pastas-de-frutas-fruta-de-la-pasion/,https://staging.lacuisinedebernard.com/pastas-de-frutas-fruta-de-la-pasion
https://www.lacuisinedebernard.com/pastas-de-frutas-fruta-de-la-pasion,https://staging.lacuisinedebernard.com/pastas-de-frutas-fruta-de-la-pasion
https://www.lacuisinedebernard.com/pastas-de-frutas-fruta-de-la-pasion/,https://staging.lacuisinedebernard.com/pastas-de-frutas-fruta-de-la-pasion
https://lacuisinedebernard.com/trufas-de-chocolate,https://staging.lacuisinedebernard.com/trufas-de-chocolate
https://lacuisinedebernard.com/trufas-de-chocolate/,https://staging.lacuisinedebernard.com/trufas-de-chocolate
https://www.lacuisinedebernard.com/trufas-de-chocolate,https://staging.lacuisinedebernard.com/trufas-de-chocolate
https://www.lacuisinedebernard.com/trufas-de-chocolate/,https://staging.lacuisinedebernard.com/trufas-de-chocolate
https://lacuisinedebernard.com/%d9%86%d9%88%d8%b1%d9%85%d8%a7%d9%86-%d8%aa%d9%8a%d9%88%d8%b1%d8%ac%d9%88%d9%84,https://staging.lacuisinedebernard.com/%d9%86%d9%88%d8%b1%d9%85%d8%a7%d9%86-%d8%aa%d9%8a%d9%88%d8%b1%d8%ac%d9%88%d9%84
https://lacuisinedebernard.com/%d9%86%d9%88%d8%b1%d9%85%d8%a7%d9%86-%d8%aa%d9%8a%d9%88%d8%b1%d8%ac%d9%88%d9%84/,https://staging.lacuisinedebernard.com/%d9%86%d9%88%d8%b1%d9%85%d8%a7%d9%86-%d8%aa%d9%8a%d9%88%d8%b1%d8%ac%d9%88%d9%84
https://www.lacuisinedebernard.com/%d9%86%d9%88%d8%b1%d9%85%d8%a7%d9%86-%d8%aa%d9%8a%d9%88%d8%b1%d8%ac%d9%88%d9%84,https://staging.lacuisinedebernard.com/%d9%86%d9%88%d8%b1%d9%85%d8%a7%d9%86-%d8%aa%d9%8a%d9%88%d8%b1%d8%ac%d9%88%d9%84
https://www.lacuisinedebernard.com/%d9%86%d9%88%d8%b1%d9%85%d8%a7%d9%86-%d8%aa%d9%8a%d9%88%d8%b1%d8%ac%d9%88%d9%84/,https://staging.lacuisinedebernard.com/%d9%86%d9%88%d8%b1%d9%85%d8%a7%d9%86-%d8%aa%d9%8a%d9%88%d8%b1%d8%ac%d9%88%d9%84
https://lacuisinedebernard.com/chocolates-de-cal-praline,https://staging.lacuisinedebernard.com/chocolates-de-cal-praline
https://lacuisinedebernard.com/chocolates-de-cal-praline/,https://staging.lacuisinedebernard.com/chocolates-de-cal-praline
https://www.lacuisinedebernard.com/chocolates-de-cal-praline,https://staging.lacuisinedebernard.com/chocolates-de-cal-praline
https://www.lacuisinedebernard.com/chocolates-de-cal-praline/,https://staging.lacuisinedebernard.com/chocolates-de-cal-praline
https://lacuisinedebernard.com/tortitas-de-fromenta,https://staging.lacuisinedebernard.com/tortitas-de-fromenta
https://lacuisinedebernard.com/tortitas-de-fromenta/,https://staging.lacuisinedebernard.com/tortitas-de-fromenta
https://www.lacuisinedebernard.com/tortitas-de-fromenta,https://staging.lacuisinedebernard.com/tortitas-de-fromenta
https://www.lacuisinedebernard.com/tortitas-de-fromenta/,https://staging.lacuisinedebernard.com/tortitas-de-fromenta
https://lacuisinedebernard.com/%d8%a8%d8%b3%d9%83%d9%88%d9%8a%d8%aa-%d8%a7%d9%84%d8%b4%d9%88%d9%83%d9%88%d9%84%d8%a7%d8%aa%d8%a9-%d8%a8%d8%a7%d9%84%d9%83%d8%a7%d9%85%d9%84,https://staging.lacuisinedebernard.com/%d8%a8%d8%b3%d9%83%d9%88%d9%8a%d8%aa-%d8%a7%d9%84%d8%b4%d9%88%d9%83%d9%88%d9%84%d8%a7%d8%aa%d8%a9-%d8%a8%d8%a7%d9%84%d9%83%d8%a7%d9%85%d9%84
https://lacuisinedebernard.com/%d8%a8%d8%b3%d9%83%d9%88%d9%8a%d8%aa-%d8%a7%d9%84%d8%b4%d9%88%d9%83%d9%88%d9%84%d8%a7%d8%aa%d8%a9-%d8%a8%d8%a7%d9%84%d9%83%d8%a7%d9%85%d9%84/,https://staging.lacuisinedebernard.com/%d8%a8%d8%b3%d9%83%d9%88%d9%8a%d8%aa-%d8%a7%d9%84%d8%b4%d9%88%d9%83%d9%88%d9%84%d8%a7%d8%aa%d8%a9-%d8%a8%d8%a7%d9%84%d9%83%d8%a7%d9%85%d9%84
https://www.lacuisinedebernard.com/%d8%a8%d8%b3%d9%83%d9%88%d9%8a%d8%aa-%d8%a7%d9%84%d8%b4%d9%88%d9%83%d9%88%d9%84%d8%a7%d8%aa%d8%a9-%d8%a8%d8%a7%d9%84%d9%83%d8%a7%d9%85%d9%84,https://staging.lacuisinedebernard.com/%d8%a8%d8%b3%d9%83%d9%88%d9%8a%d8%aa-%d8%a7%d9%84%d8%b4%d9%88%d9%83%d9%88%d9%84%d8%a7%d8%aa%d8%a9-%d8%a8%d8%a7%d9%84%d9%83%d8%a7%d9%85%d9%84
https://www.lacuisinedebernard.com/%d8%a8%d8%b3%d9%83%d9%88%d9%8a%d8%aa-%d8%a7%d9%84%d8%b4%d9%88%d9%83%d9%88%d9%84%d8%a7%d8%aa%d8%a9-%d8%a8%d8%a7%d9%84%d9%83%d8%a7%d9%85%d9%84/,https://staging.lacuisinedebernard.com/%d8%a8%d8%b3%d9%83%d9%88%d9%8a%d8%aa-%d8%a7%d9%84%d8%b4%d9%88%d9%83%d9%88%d9%84%d8%a7%d8%aa%d8%a9-%d8%a8%d8%a7%d9%84%d9%83%d8%a7%d9%85%d9%84
https://lacuisinedebernard.com/swiss-rocks,https://staging.lacuisinedebernard.com/swiss-rocks
https://lacuisinedebernard.com/swiss-rocks/,https://staging.lacuisinedebernard.com/swiss-rocks
https://www.lacuisinedebernard.com/swiss-rocks,https://staging.lacuisinedebernard.com/swiss-rocks
https://www.lacuisinedebernard.com/swiss-rocks/,https://staging.lacuisinedebernard.com/swiss-rocks
https://lacuisinedebernard.com/pan-de-molde-con-nueces-chocolate-y-avena,https://staging.lacuisinedebernard.com/pan-de-molde-con-nueces-chocolate-y-avena
https://lacuisinedebernard.com/pan-de-molde-con-nueces-chocolate-y-avena/,https://staging.lacuisinedebernard.com/pan-de-molde-con-nueces-chocolate-y-avena
https://www.lacuisinedebernard.com/pan-de-molde-con-nueces-chocolate-y-avena,https://staging.lacuisinedebernard.com/pan-de-molde-con-nueces-chocolate-y-avena
https://www.lacuisinedebernard.com/pan-de-molde-con-nueces-chocolate-y-avena/,https://staging.lacuisinedebernard.com/pan-de-molde-con-nueces-chocolate-y-avena
https://lacuisinedebernard.com/deer-house,https://staging.lacuisinedebernard.com/deer-house
https://lacuisinedebernard.com/deer-house/,https://staging.lacuisinedebernard.com/deer-house
https://www.lacuisinedebernard.com/deer-house,https://staging.lacuisinedebernard.com/deer-house
https://www.lacuisinedebernard.com/deer-house/,https://staging.lacuisinedebernard.com/deer-house
https://lacuisinedebernard.com/%d8%a3%d9%88%d9%84%d9%8a%d9%86%d8%af%d8%a7-%d8%aa%d8%a7%d8%b1%d8%aa%d9%84%d9%8a%d8%aa%d8%b3,https://staging.lacuisinedebernard.com/%d8%a3%d9%88%d9%84%d9%8a%d9%86%d8%af%d8%a7-%d8%aa%d8%a7%d8%b1%d8%aa%d9%84%d9%8a%d8%aa%d8%b3
https://lacuisinedebernard.com/%d8%a3%d9%88%d9%84%d9%8a%d9%86%d8%af%d8%a7-%d8%aa%d8%a7%d8%b1%d8%aa%d9%84%d9%8a%d8%aa%d8%b3/,https://staging.lacuisinedebernard.com/%d8%a3%d9%88%d9%84%d9%8a%d9%86%d8%af%d8%a7-%d8%aa%d8%a7%d8%b1%d8%aa%d9%84%d9%8a%d8%aa%d8%b3
https://www.lacuisinedebernard.com/%d8%a3%d9%88%d9%84%d9%8a%d9%86%d8%af%d8%a7-%d8%aa%d8%a7%d8%b1%d8%aa%d9%84%d9%8a%d8%aa%d8%b3,https://staging.lacuisinedebernard.com/%d8%a3%d9%88%d9%84%d9%8a%d9%86%d8%af%d8%a7-%d8%aa%d8%a7%d8%b1%d8%aa%d9%84%d9%8a%d8%aa%d8%b3
https://www.lacuisinedebernard.com/%d8%a3%d9%88%d9%84%d9%8a%d9%86%d8%af%d8%a7-%d8%aa%d8%a7%d8%b1%d8%aa%d9%84%d9%8a%d8%aa%d8%b3/,https://staging.lacuisinedebernard.com/%d8%a3%d9%88%d9%84%d9%8a%d9%86%d8%af%d8%a7-%d8%aa%d8%a7%d8%b1%d8%aa%d9%84%d9%8a%d8%aa%d8%b3
https://lacuisinedebernard.com/pastas-de-fruta-maracuja,https://staging.lacuisinedebernard.com/pastas-de-fruta-maracuja
https://lacuisinedebernard.com/pastas-de-fruta-maracuja/,https://staging.lacuisinedebernard.com/pastas-de-fruta-maracuja
https://www.lacuisinedebernard.com/pastas-de-fruta-maracuja,https://staging.lacuisinedebernard.com/pastas-de-fruta-maracuja
https://www.lacuisinedebernard.com/pastas-de-fruta-maracuja/,https://staging.lacuisinedebernard.com/pastas-de-fruta-maracuja
https://lacuisinedebernard.com/lime-praline-chocolates,https://staging.lacuisinedebernard.com/lime-praline-chocolates
https://lacuisinedebernard.com/lime-praline-chocolates/,https://staging.lacuisinedebernard.com/lime-praline-chocolates
https://www.lacuisinedebernard.com/lime-praline-chocolates,https://staging.lacuisinedebernard.com/lime-praline-chocolates
https://www.lacuisinedebernard.com/lime-praline-chocolates/,https://staging.lacuisinedebernard.com/lime-praline-chocolates
https://lacuisinedebernard.com/delicia-de-castanas-sin-harina,https://staging.lacuisinedebernard.com/delicia-de-castanas-sin-harina
https://lacuisinedebernard.com/delicia-de-castanas-sin-harina/,https://staging.lacuisinedebernard.com/delicia-de-castanas-sin-harina
https://www.lacuisinedebernard.com/delicia-de-castanas-sin-harina,https://staging.lacuisinedebernard.com/delicia-de-castanas-sin-harina
https://www.lacuisinedebernard.com/delicia-de-castanas-sin-harina/,https://staging.lacuisinedebernard.com/delicia-de-castanas-sin-harina
https://lacuisinedebernard.com/de-panquecasent,https://staging.lacuisinedebernard.com/de-panquecasent
https://lacuisinedebernard.com/de-panquecasent/,https://staging.lacuisinedebernard.com/de-panquecasent
https://www.lacuisinedebernard.com/de-panquecasent,https://staging.lacuisinedebernard.com/de-panquecasent
https://www.lacuisinedebernard.com/de-panquecasent/,https://staging.lacuisinedebernard.com/de-panquecasent
https://lacuisinedebernard.com/%d8%b3%d9%88%d9%8a%d8%b3-%d8%b1%d9%88%d9%83%d8%b3,https://staging.lacuisinedebernard.com/%d8%b3%d9%88%d9%8a%d8%b3-%d8%b1%d9%88%d9%83%d8%b3
https://lacuisinedebernard.com/%d8%b3%d9%88%d9%8a%d8%b3-%d8%b1%d9%88%d9%83%d8%b3/,https://staging.lacuisinedebernard.com/%d8%b3%d9%88%d9%8a%d8%b3-%d8%b1%d9%88%d9%83%d8%b3
https://www.lacuisinedebernard.com/%d8%b3%d9%88%d9%8a%d8%b3-%d8%b1%d9%88%d9%83%d8%b3,https://staging.lacuisinedebernard.com/%d8%b3%d9%88%d9%8a%d8%b3-%d8%b1%d9%88%d9%83%d8%b3
https://www.lacuisinedebernard.com/%d8%b3%d9%88%d9%8a%d8%b3-%d8%b1%d9%88%d9%83%d8%b3/,https://staging.lacuisinedebernard.com/%d8%b3%d9%88%d9%8a%d8%b3-%d8%b1%d9%88%d9%83%d8%b3
https://lacuisinedebernard.com/galletas-completamente-de-chocolate,https://staging.lacuisinedebernard.com/galletas-completamente-de-chocolate
https://lacuisinedebernard.com/galletas-completamente-de-chocolate/,https://staging.lacuisinedebernard.com/galletas-completamente-de-chocolate
https://www.lacuisinedebernard.com/galletas-completamente-de-chocolate,https://staging.lacuisinedebernard.com/galletas-completamente-de-chocolate
https://www.lacuisinedebernard.com/galletas-completamente-de-chocolate/,https://staging.lacuisinedebernard.com/galletas-completamente-de-chocolate
https://lacuisinedebernard.com/fruit-pasta-passion-fruit,https://staging.lacuisinedebernard.com/fruit-pasta-passion-fruit
https://lacuisinedebernard.com/fruit-pasta-passion-fruit/,https://staging.lacuisinedebernard.com/fruit-pasta-passion-fruit
https://www.lacuisinedebernard.com/fruit-pasta-passion-fruit,https://staging.lacuisinedebernard.com/fruit-pasta-passion-fruit
https://www.lacuisinedebernard.com/fruit-pasta-passion-fruit/,https://staging.lacuisinedebernard.com/fruit-pasta-passion-fruit
https://lacuisinedebernard.com/froment-pancakes,https://staging.lacuisinedebernard.com/froment-pancakes
https://lacuisinedebernard.com/froment-pancakes/,https://staging.lacuisinedebernard.com/froment-pancakes
https://www.lacuisinedebernard.com/froment-pancakes,https://staging.lacuisinedebernard.com/froment-pancakes
https://www.lacuisinedebernard.com/froment-pancakes/,https://staging.lacuisinedebernard.com/froment-pancakes
https://lacuisinedebernard.com/%d8%a8%d9%8a%d8%aa-%d8%a7%d9%84%d8%ba%d8%b2%d9%84%d8%a7%d9%86,https://staging.lacuisinedebernard.com/%d8%a8%d9%8a%d8%aa-%d8%a7%d9%84%d8%ba%d8%b2%d9%84%d8%a7%d9%86
https://lacuisinedebernard.com/%d8%a8%d9%8a%d8%aa-%d8%a7%d9%84%d8%ba%d8%b2%d9%84%d8%a7%d9%86/,https://staging.lacuisinedebernard.com/%d8%a8%d9%8a%d8%aa-%d8%a7%d9%84%d8%ba%d8%b2%d9%84%d8%a7%d9%86
https://www.lacuisinedebernard.com/%d8%a8%d9%8a%d8%aa-%d8%a7%d9%84%d8%ba%d8%b2%d9%84%d8%a7%d9%86,https://staging.lacuisinedebernard.com/%d8%a8%d9%8a%d8%aa-%d8%a7%d9%84%d8%ba%d8%b2%d9%84%d8%a7%d9%86
https://www.lacuisinedebernard.com/%d8%a8%d9%8a%d8%aa-%d8%a7%d9%84%d8%ba%d8%b2%d9%84%d8%a7%d9%86/,https://staging.lacuisinedebernard.com/%d8%a8%d9%8a%d8%aa-%d8%a7%d9%84%d8%ba%d8%b2%d9%84%d8%a7%d9%86
https://lacuisinedebernard.com/delicia-de-castanha-sem-farinha,https://staging.lacuisinedebernard.com/delicia-de-castanha-sem-farinha
https://lacuisinedebernard.com/delicia-de-castanha-sem-farinha/,https://staging.lacuisinedebernard.com/delicia-de-castanha-sem-farinha
https://www.lacuisinedebernard.com/delicia-de-castanha-sem-farinha,https://staging.lacuisinedebernard.com/delicia-de-castanha-sem-farinha
https://www.lacuisinedebernard.com/delicia-de-castanha-sem-farinha/,https://staging.lacuisinedebernard.com/delicia-de-castanha-sem-farinha
https://lacuisinedebernard.com/chocolate-truffles,https://staging.lacuisinedebernard.com/chocolate-truffles
https://lacuisinedebernard.com/chocolate-truffles/,https://staging.lacuisinedebernard.com/chocolate-truffles
https://www.lacuisinedebernard.com/chocolate-truffles,https://staging.lacuisinedebernard.com/chocolate-truffles
https://www.lacuisinedebernard.com/chocolate-truffles/,https://staging.lacuisinedebernard.com/chocolate-truffles
https://lacuisinedebernard.com/%d8%af%d9%88%d9%84%d8%b3%d9%8a-%d8%af%d9%8a-%d9%84%d9%8a%d8%aa%d8%b4%d9%8a,https://staging.lacuisinedebernard.com/%d8%af%d9%88%d9%84%d8%b3%d9%8a-%d8%af%d9%8a-%d9%84%d9%8a%d8%aa%d8%b4%d9%8a
https://lacuisinedebernard.com/%d8%af%d9%88%d9%84%d8%b3%d9%8a-%d8%af%d9%8a-%d9%84%d9%8a%d8%aa%d8%b4%d9%8a/,https://staging.lacuisinedebernard.com/%d8%af%d9%88%d9%84%d8%b3%d9%8a-%d8%af%d9%8a-%d9%84%d9%8a%d8%aa%d8%b4%d9%8a
https://www.lacuisinedebernard.com/%d8%af%d9%88%d9%84%d8%b3%d9%8a-%d8%af%d9%8a-%d9%84%d9%8a%d8%aa%d8%b4%d9%8a,https://staging.lacuisinedebernard.com/%d8%af%d9%88%d9%84%d8%b3%d9%8a-%d8%af%d9%8a-%d9%84%d9%8a%d8%aa%d8%b4%d9%8a
https://www.lacuisinedebernard.com/%d8%af%d9%88%d9%84%d8%b3%d9%8a-%d8%af%d9%8a-%d9%84%d9%8a%d8%aa%d8%b4%d9%8a/,https://staging.lacuisinedebernard.com/%d8%af%d9%88%d9%84%d8%b3%d9%8a-%d8%af%d9%8a-%d9%84%d9%8a%d8%aa%d8%b4%d9%8a
https://lacuisinedebernard.com/%d8%b4%d9%88%d9%83%d9%88%d9%84%d8%a7%d8%aa%d8%a9-%d8%a8%d8%b1%d8%a7%d9%84%d9%8a%d9%86-%d9%84%d8%a7%d9%8a%d9%85,https://staging.lacuisinedebernard.com/%d8%b4%d9%88%d9%83%d9%88%d9%84%d8%a7%d8%aa%d8%a9-%d8%a8%d8%b1%d8%a7%d9%84%d9%8a%d9%86-%d9%84%d8%a7%d9%8a%d9%85
https://lacuisinedebernard.com/%d8%b4%d9%88%d9%83%d9%88%d9%84%d8%a7%d8%aa%d8%a9-%d8%a8%d8%b1%d8%a7%d9%84%d9%8a%d9%86-%d9%84%d8%a7%d9%8a%d9%85/,https://staging.lacuisinedebernard.com/%d8%b4%d9%88%d9%83%d9%88%d9%84%d8%a7%d8%aa%d8%a9-%d8%a8%d8%b1%d8%a7%d9%84%d9%8a%d9%86-%d9%84%d8%a7%d9%8a%d9%85
https://www.lacuisinedebernard.com/%d8%b4%d9%88%d9%83%d9%88%d9%84%d8%a7%d8%aa%d8%a9-%d8%a8%d8%b1%d8%a7%d9%84%d9%8a%d9%86-%d9%84%d8%a7%d9%8a%d9%85,https://staging.lacuisinedebernard.com/%d8%b4%d9%88%d9%83%d9%88%d9%84%d8%a7%d8%aa%d8%a9-%d8%a8%d8%b1%d8%a7%d9%84%d9%8a%d9%86-%d9%84%d8%a7%d9%8a%d9%85
https://www.lacuisinedebernard.com/%d8%b4%d9%88%d9%83%d9%88%d9%84%d8%a7%d8%aa%d8%a9-%d8%a8%d8%b1%d8%a7%d9%84%d9%8a%d9%86-%d9%84%d8%a7%d9%8a%d9%85/,https://staging.lacuisinedebernard.com/%d8%b4%d9%88%d9%83%d9%88%d9%84%d8%a7%d8%aa%d8%a9-%d8%a8%d8%b1%d8%a7%d9%84%d9%8a%d9%86-%d9%84%d8%a7%d9%8a%d9%85
https://lacuisinedebernard.com/pao-curto-com-nozes-chocolate-e-aveia,https://staging.lacuisinedebernard.com/pao-curto-com-nozes-chocolate-e-aveia
https://lacuisinedebernard.com/pao-curto-com-nozes-chocolate-e-aveia/,https://staging.lacuisinedebernard.com/pao-curto-com-nozes-chocolate-e-aveia
https://www.lacuisinedebernard.com/pao-curto-com-nozes-chocolate-e-aveia,https://staging.lacuisinedebernard.com/pao-curto-com-nozes-chocolate-e-aveia
https://www.lacuisinedebernard.com/pao-curto-com-nozes-chocolate-e-aveia/,https://staging.lacuisinedebernard.com/pao-curto-com-nozes-chocolate-e-aveia
https://lacuisinedebernard.com/supreme-of-volcanoes,https://staging.lacuisinedebernard.com/supreme-of-volcanoes
https://lacuisinedebernard.com/supreme-of-volcanoes/,https://staging.lacuisinedebernard.com/supreme-of-volcanoes
https://www.lacuisinedebernard.com/supreme-of-volcanoes,https://staging.lacuisinedebernard.com/supreme-of-volcanoes
https://www.lacuisinedebernard.com/supreme-of-volcanoes/,https://staging.lacuisinedebernard.com/supreme-of-volcanoes
https://lacuisinedebernard.com/cane-sugar-shortbread,https://staging.lacuisinedebernard.com/cane-sugar-shortbread
https://lacuisinedebernard.com/cane-sugar-shortbread/,https://staging.lacuisinedebernard.com/cane-sugar-shortbread
https://www.lacuisinedebernard.com/cane-sugar-shortbread,https://staging.lacuisinedebernard.com/cane-sugar-shortbread
https://www.lacuisinedebernard.com/cane-sugar-shortbread/,https://staging.lacuisinedebernard.com/cane-sugar-shortbread
https://lacuisinedebernard.com/coconut-shortbread,https://staging.lacuisinedebernard.com/coconut-shortbread
https://lacuisinedebernard.com/coconut-shortbread/,https://staging.lacuisinedebernard.com/coconut-shortbread
https://www.lacuisinedebernard.com/coconut-shortbread,https://staging.lacuisinedebernard.com/coconut-shortbread
https://www.lacuisinedebernard.com/coconut-shortbread/,https://staging.lacuisinedebernard.com/coconut-shortbread
https://lacuisinedebernard.com/%d8%a7%d9%84%d8%b4%d9%88%d9%83%d9%88%d9%84%d8%a7%d8%aa%d8%a9,https://staging.lacuisinedebernard.com/%d8%a7%d9%84%d8%b4%d9%88%d9%83%d9%88%d9%84%d8%a7%d8%aa%d8%a9
https://lacuisinedebernard.com/%d8%a7%d9%84%d8%b4%d9%88%d9%83%d9%88%d9%84%d8%a7%d8%aa%d8%a9/,https://staging.lacuisinedebernard.com/%d8%a7%d9%84%d8%b4%d9%88%d9%83%d9%88%d9%84%d8%a7%d8%aa%d8%a9
https://www.lacuisinedebernard.com/%d8%a7%d9%84%d8%b4%d9%88%d9%83%d9%88%d9%84%d8%a7%d8%aa%d8%a9,https://staging.lacuisinedebernard.com/%d8%a7%d9%84%d8%b4%d9%88%d9%83%d9%88%d9%84%d8%a7%d8%aa%d8%a9
https://www.lacuisinedebernard.com/%d8%a7%d9%84%d8%b4%d9%88%d9%83%d9%88%d9%84%d8%a7%d8%aa%d8%a9/,https://staging.lacuisinedebernard.com/%d8%a7%d9%84%d8%b4%d9%88%d9%83%d9%88%d9%84%d8%a7%d8%aa%d8%a9
https://lacuisinedebernard.com/%d9%83%d8%b9%d9%83%d8%a9-%d8%a7%d9%84%d8%ba%d8%b1%d9%8a%d8%a8%d8%a9-%d9%85%d9%86-arcos-de-la-frontera,https://staging.lacuisinedebernard.com/%d9%83%d8%b9%d9%83%d8%a9-%d8%a7%d9%84%d8%ba%d8%b1%d9%8a%d8%a8%d8%a9-%d9%85%d9%86-arcos-de-la-frontera
https://lacuisinedebernard.com/%d9%83%d8%b9%d9%83%d8%a9-%d8%a7%d9%84%d8%ba%d8%b1%d9%8a%d8%a8%d8%a9-%d9%85%d9%86-arcos-de-la-frontera/,https://staging.lacuisinedebernard.com/%d9%83%d8%b9%d9%83%d8%a9-%d8%a7%d9%84%d8%ba%d8%b1%d9%8a%d8%a8%d8%a9-%d9%85%d9%86-arcos-de-la-frontera
https://www.lacuisinedebernard.com/%d9%83%d8%b9%d9%83%d8%a9-%d8%a7%d9%84%d8%ba%d8%b1%d9%8a%d8%a8%d8%a9-%d9%85%d9%86-arcos-de-la-frontera,https://staging.lacuisinedebernard.com/%d9%83%d8%b9%d9%83%d8%a9-%d8%a7%d9%84%d8%ba%d8%b1%d9%8a%d8%a8%d8%a9-%d9%85%d9%86-arcos-de-la-frontera
https://www.lacuisinedebernard.com/%d9%83%d8%b9%d9%83%d8%a9-%d8%a7%d9%84%d8%ba%d8%b1%d9%8a%d8%a8%d8%a9-%d9%85%d9%86-arcos-de-la-frontera/,https://staging.lacuisinedebernard.com/%d9%83%d8%b9%d9%83%d8%a9-%d8%a7%d9%84%d8%ba%d8%b1%d9%8a%d8%a8%d8%a9-%d9%85%d9%86-arcos-de-la-frontera
https://lacuisinedebernard.com/panes-cortos-millonarios,https://staging.lacuisinedebernard.com/panes-cortos-millonarios
https://lacuisinedebernard.com/panes-cortos-millonarios/,https://staging.lacuisinedebernard.com/panes-cortos-millonarios
https://www.lacuisinedebernard.com/panes-cortos-millonarios,https://staging.lacuisinedebernard.com/panes-cortos-millonarios
https://www.lacuisinedebernard.com/panes-cortos-millonarios/,https://staging.lacuisinedebernard.com/panes-cortos-millonarios
https://lacuisinedebernard.com/crumble-de-pera-y-platano-crujiente,https://staging.lacuisinedebernard.com/crumble-de-pera-y-platano-crujiente
https://lacuisinedebernard.com/crumble-de-pera-y-platano-crujiente/,https://staging.lacuisinedebernard.com/crumble-de-pera-y-platano-crujiente
https://www.lacuisinedebernard.com/crumble-de-pera-y-platano-crujiente,https://staging.lacuisinedebernard.com/crumble-de-pera-y-platano-crujiente
https://www.lacuisinedebernard.com/crumble-de-pera-y-platano-crujiente/,https://staging.lacuisinedebernard.com/crumble-de-pera-y-platano-crujiente
https://lacuisinedebernard.com/eclairs-de-cafe,https://staging.lacuisinedebernard.com/eclairs-de-cafe
https://lacuisinedebernard.com/eclairs-de-cafe/,https://staging.lacuisinedebernard.com/eclairs-de-cafe
https://www.lacuisinedebernard.com/eclairs-de-cafe,https://staging.lacuisinedebernard.com/eclairs-de-cafe
https://www.lacuisinedebernard.com/eclairs-de-cafe/,https://staging.lacuisinedebernard.com/eclairs-de-cafe
https://lacuisinedebernard.com/%d9%82%d9%85%d8%a9-%d8%a7%d9%84%d8%a8%d8%b1%d8%a7%d9%83%d9%8a%d9%86,https://staging.lacuisinedebernard.com/%d9%82%d9%85%d8%a9-%d8%a7%d9%84%d8%a8%d8%b1%d8%a7%d9%83%d9%8a%d9%86
https://lacuisinedebernard.com/%d9%82%d9%85%d8%a9-%d8%a7%d9%84%d8%a8%d8%b1%d8%a7%d9%83%d9%8a%d9%86/,https://staging.lacuisinedebernard.com/%d9%82%d9%85%d8%a9-%d8%a7%d9%84%d8%a8%d8%b1%d8%a7%d9%83%d9%8a%d9%86
https://www.lacuisinedebernard.com/%d9%82%d9%85%d8%a9-%d8%a7%d9%84%d8%a8%d8%b1%d8%a7%d9%83%d9%8a%d9%86,https://staging.lacuisinedebernard.com/%d9%82%d9%85%d8%a9-%d8%a7%d9%84%d8%a8%d8%b1%d8%a7%d9%83%d9%8a%d9%86
https://www.lacuisinedebernard.com/%d9%82%d9%85%d8%a9-%d8%a7%d9%84%d8%a8%d8%b1%d8%a7%d9%83%d9%8a%d9%86/,https://staging.lacuisinedebernard.com/%d9%82%d9%85%d8%a9-%d8%a7%d9%84%d8%a8%d8%b1%d8%a7%d9%83%d9%8a%d9%86
https://lacuisinedebernard.com/tartarugas-pecan,https://staging.lacuisinedebernard.com/tartarugas-pecan
https://lacuisinedebernard.com/tartarugas-pecan/,https://staging.lacuisinedebernard.com/tartarugas-pecan
https://www.lacuisinedebernard.com/tartarugas-pecan,https://staging.lacuisinedebernard.com/tartarugas-pecan
https://www.lacuisinedebernard.com/tartarugas-pecan/,https://staging.lacuisinedebernard.com/tartarugas-pecan
https://lacuisinedebernard.com/chocolate-tiramisu-de-pessego,https://staging.lacuisinedebernard.com/chocolate-tiramisu-de-pessego
https://lacuisinedebernard.com/chocolate-tiramisu-de-pessego/,https://staging.lacuisinedebernard.com/chocolate-tiramisu-de-pessego
https://www.lacuisinedebernard.com/chocolate-tiramisu-de-pessego,https://staging.lacuisinedebernard.com/chocolate-tiramisu-de-pessego
https://www.lacuisinedebernard.com/chocolate-tiramisu-de-pessego/,https://staging.lacuisinedebernard.com/chocolate-tiramisu-de-pessego
https://lacuisinedebernard.com/%d8%b4%d9%88%d8%b1%d8%aa%d8%a8%d8%b1%d9%8a%d8%af-%d9%82%d8%b5%d8%a8-%d8%a7%d9%84%d8%b3%d9%83%d8%b1,https://staging.lacuisinedebernard.com/%d8%b4%d9%88%d8%b1%d8%aa%d8%a8%d8%b1%d9%8a%d8%af-%d9%82%d8%b5%d8%a8-%d8%a7%d9%84%d8%b3%d9%83%d8%b1
https://lacuisinedebernard.com/%d8%b4%d9%88%d8%b1%d8%aa%d8%a8%d8%b1%d9%8a%d8%af-%d9%82%d8%b5%d8%a8-%d8%a7%d9%84%d8%b3%d9%83%d8%b1/,https://staging.lacuisinedebernard.com/%d8%b4%d9%88%d8%b1%d8%aa%d8%a8%d8%b1%d9%8a%d8%af-%d9%82%d8%b5%d8%a8-%d8%a7%d9%84%d8%b3%d9%83%d8%b1
https://www.lacuisinedebernard.com/%d8%b4%d9%88%d8%b1%d8%aa%d8%a8%d8%b1%d9%8a%d8%af-%d9%82%d8%b5%d8%a8-%d8%a7%d9%84%d8%b3%d9%83%d8%b1,https://staging.lacuisinedebernard.com/%d8%b4%d9%88%d8%b1%d8%aa%d8%a8%d8%b1%d9%8a%d8%af-%d9%82%d8%b5%d8%a8-%d8%a7%d9%84%d8%b3%d9%83%d8%b1
https://www.lacuisinedebernard.com/%d8%b4%d9%88%d8%b1%d8%aa%d8%a8%d8%b1%d9%8a%d8%af-%d9%82%d8%b5%d8%a8-%d8%a7%d9%84%d8%b3%d9%83%d8%b1/,https://staging.lacuisinedebernard.com/%d8%b4%d9%88%d8%b1%d8%aa%d8%a8%d8%b1%d9%8a%d8%af-%d9%82%d8%b5%d8%a8-%d8%a7%d9%84%d8%b3%d9%83%d8%b1
https://lacuisinedebernard.com/cuernos-de-gacela-marroqui,https://staging.lacuisinedebernard.com/cuernos-de-gacela-marroqui
https://lacuisinedebernard.com/cuernos-de-gacela-marroqui/,https://staging.lacuisinedebernard.com/cuernos-de-gacela-marroqui
https://www.lacuisinedebernard.com/cuernos-de-gacela-marroqui,https://staging.lacuisinedebernard.com/cuernos-de-gacela-marroqui
https://www.lacuisinedebernard.com/cuernos-de-gacela-marroqui/,https://staging.lacuisinedebernard.com/cuernos-de-gacela-marroqui
https://lacuisinedebernard.com/coffee-eclairs,https://staging.lacuisinedebernard.com/coffee-eclairs
https://lacuisinedebernard.com/coffee-eclairs/,https://staging.lacuisinedebernard.com/coffee-eclairs
https://www.lacuisinedebernard.com/coffee-eclairs,https://staging.lacuisinedebernard.com/coffee-eclairs
https://www.lacuisinedebernard.com/coffee-eclairs/,https://staging.lacuisinedebernard.com/coffee-eclairs
https://lacuisinedebernard.com/%d9%83%d8%b9%d9%83%d8%a9-%d8%ac%d9%88%d8%b2-%d8%a7%d9%84%d9%87%d9%86%d8%af,https://staging.lacuisinedebernard.com/%d9%83%d8%b9%d9%83%d8%a9-%d8%ac%d9%88%d8%b2-%d8%a7%d9%84%d9%87%d9%86%d8%af
https://lacuisinedebernard.com/%d9%83%d8%b9%d9%83%d8%a9-%d8%ac%d9%88%d8%b2-%d8%a7%d9%84%d9%87%d9%86%d8%af/,https://staging.lacuisinedebernard.com/%d9%83%d8%b9%d9%83%d8%a9-%d8%ac%d9%88%d8%b2-%d8%a7%d9%84%d9%87%d9%86%d8%af
https://www.lacuisinedebernard.com/%d9%83%d8%b9%d9%83%d8%a9-%d8%ac%d9%88%d8%b2-%d8%a7%d9%84%d9%87%d9%86%d8%af,https://staging.lacuisinedebernard.com/%d9%83%d8%b9%d9%83%d8%a9-%d8%ac%d9%88%d8%b2-%d8%a7%d9%84%d9%87%d9%86%d8%af
https://www.lacuisinedebernard.com/%d9%83%d8%b9%d9%83%d8%a9-%d8%ac%d9%88%d8%b2-%d8%a7%d9%84%d9%87%d9%86%d8%af/,https://staging.lacuisinedebernard.com/%d9%83%d8%b9%d9%83%d8%a9-%d8%ac%d9%88%d8%b2-%d8%a7%d9%84%d9%87%d9%86%d8%af
https://lacuisinedebernard.com/galletas-gigantes-de-praline,https://staging.lacuisinedebernard.com/galletas-gigantes-de-praline
https://lacuisinedebernard.com/galletas-gigantes-de-praline/,https://staging.lacuisinedebernard.com/galletas-gigantes-de-praline
https://www.lacuisinedebernard.com/galletas-gigantes-de-praline,https://staging.lacuisinedebernard.com/galletas-gigantes-de-praline
https://www.lacuisinedebernard.com/galletas-gigantes-de-praline/,https://staging.lacuisinedebernard.com/galletas-gigantes-de-praline
https://lacuisinedebernard.com/pecan-turtles,https://staging.lacuisinedebernard.com/pecan-turtles
https://lacuisinedebernard.com/pecan-turtles/,https://staging.lacuisinedebernard.com/pecan-turtles
https://www.lacuisinedebernard.com/pecan-turtles,https://staging.lacuisinedebernard.com/pecan-turtles
https://www.lacuisinedebernard.com/pecan-turtles/,https://staging.lacuisinedebernard.com/pecan-turtles
https://lacuisinedebernard.com/peach-chocolate-tiramisu,https://staging.lacuisinedebernard.com/peach-chocolate-tiramisu
https://lacuisinedebernard.com/peach-chocolate-tiramisu/,https://staging.lacuisinedebernard.com/peach-chocolate-tiramisu
https://www.lacuisinedebernard.com/peach-chocolate-tiramisu,https://staging.lacuisinedebernard.com/peach-chocolate-tiramisu
https://www.lacuisinedebernard.com/peach-chocolate-tiramisu/,https://staging.lacuisinedebernard.com/peach-chocolate-tiramisu
https://lacuisinedebernard.com/pao-curto-milionario,https://staging.lacuisinedebernard.com/pao-curto-milionario
https://lacuisinedebernard.com/pao-curto-milionario/,https://staging.lacuisinedebernard.com/pao-curto-milionario
https://www.lacuisinedebernard.com/pao-curto-milionario,https://staging.lacuisinedebernard.com/pao-curto-milionario
https://www.lacuisinedebernard.com/pao-curto-milionario/,https://staging.lacuisinedebernard.com/pao-curto-milionario
https://lacuisinedebernard.com/crunchy-pear-and-banana-crumble,https://staging.lacuisinedebernard.com/crunchy-pear-and-banana-crumble
https://lacuisinedebernard.com/crunchy-pear-and-banana-crumble/,https://staging.lacuisinedebernard.com/crunchy-pear-and-banana-crumble
https://www.lacuisinedebernard.com/crunchy-pear-and-banana-crumble,https://staging.lacuisinedebernard.com/crunchy-pear-and-banana-crumble
https://www.lacuisinedebernard.com/crunchy-pear-and-banana-crumble/,https://staging.lacuisinedebernard.com/crunchy-pear-and-banana-crumble
https://lacuisinedebernard.com/bolo-de-pavot-limao,https://staging.lacuisinedebernard.com/bolo-de-pavot-limao
https://lacuisinedebernard.com/bolo-de-pavot-limao/,https://staging.lacuisinedebernard.com/bolo-de-pavot-limao
https://www.lacuisinedebernard.com/bolo-de-pavot-limao,https://staging.lacuisinedebernard.com/bolo-de-pavot-limao
https://www.lacuisinedebernard.com/bolo-de-pavot-limao/,https://staging.lacuisinedebernard.com/bolo-de-pavot-limao
https://lacuisinedebernard.com/pralines,https://staging.lacuisinedebernard.com/pralines
https://lacuisinedebernard.com/pralines/,https://staging.lacuisinedebernard.com/pralines
https://www.lacuisinedebernard.com/pralines,https://staging.lacuisinedebernard.com/pralines
https://www.lacuisinedebernard.com/pralines/,https://staging.lacuisinedebernard.com/pralines
https://lacuisinedebernard.com/pao-curto-pralino-gigante,https://staging.lacuisinedebernard.com/pao-curto-pralino-gigante
https://lacuisinedebernard.com/pao-curto-pralino-gigante/,https://staging.lacuisinedebernard.com/pao-curto-pralino-gigante
https://www.lacuisinedebernard.com/pao-curto-pralino-gigante,https://staging.lacuisinedebernard.com/pao-curto-pralino-gigante
https://www.lacuisinedebernard.com/pao-curto-pralino-gigante/,https://staging.lacuisinedebernard.com/pao-curto-pralino-gigante
https://lacuisinedebernard.com/%d8%a7%d9%83%d9%84%d8%a7%d9%8a%d8%b1%d8%b3-%d8%a7%d9%84%d9%82%d9%87%d9%88%d8%a9,https://staging.lacuisinedebernard.com/%d8%a7%d9%83%d9%84%d8%a7%d9%8a%d8%b1%d8%b3-%d8%a7%d9%84%d9%82%d9%87%d9%88%d8%a9
https://lacuisinedebernard.com/%d8%a7%d9%83%d9%84%d8%a7%d9%8a%d8%b1%d8%b3-%d8%a7%d9%84%d9%82%d9%87%d9%88%d8%a9/,https://staging.lacuisinedebernard.com/%d8%a7%d9%83%d9%84%d8%a7%d9%8a%d8%b1%d8%b3-%d8%a7%d9%84%d9%82%d9%87%d9%88%d8%a9
https://www.lacuisinedebernard.com/%d8%a7%d9%83%d9%84%d8%a7%d9%8a%d8%b1%d8%b3-%d8%a7%d9%84%d9%82%d9%87%d9%88%d8%a9,https://staging.lacuisinedebernard.com/%d8%a7%d9%83%d9%84%d8%a7%d9%8a%d8%b1%d8%b3-%d8%a7%d9%84%d9%82%d9%87%d9%88%d8%a9
https://www.lacuisinedebernard.com/%d8%a7%d9%83%d9%84%d8%a7%d9%8a%d8%b1%d8%b3-%d8%a7%d9%84%d9%82%d9%87%d9%88%d8%a9/,https://staging.lacuisinedebernard.com/%d8%a7%d9%83%d9%84%d8%a7%d9%8a%d8%b1%d8%b3-%d8%a7%d9%84%d9%82%d9%87%d9%88%d8%a9
https://lacuisinedebernard.com/millionaire-shortbreads,https://staging.lacuisinedebernard.com/millionaire-shortbreads
https://lacuisinedebernard.com/millionaire-shortbreads/,https://staging.lacuisinedebernard.com/millionaire-shortbreads
https://www.lacuisinedebernard.com/millionaire-shortbreads,https://staging.lacuisinedebernard.com/millionaire-shortbreads
https://www.lacuisinedebernard.com/millionaire-shortbreads/,https://staging.lacuisinedebernard.com/millionaire-shortbreads
https://lacuisinedebernard.com/%d8%b4%d8%b1%d8%a8%d8%a7%d8%aa-%d8%a7%d9%84%d8%ac%d9%8a%d8%b1-%d9%88%d8%a7%d9%84%d8%b2%d9%86%d8%ac%d8%a8%d9%8a%d9%84,https://staging.lacuisinedebernard.com/%d8%b4%d8%b1%d8%a8%d8%a7%d8%aa-%d8%a7%d9%84%d8%ac%d9%8a%d8%b1-%d9%88%d8%a7%d9%84%d8%b2%d9%86%d8%ac%d8%a8%d9%8a%d9%84
https://lacuisinedebernard.com/%d8%b4%d8%b1%d8%a8%d8%a7%d8%aa-%d8%a7%d9%84%d8%ac%d9%8a%d8%b1-%d9%88%d8%a7%d9%84%d8%b2%d9%86%d8%ac%d8%a8%d9%8a%d9%84/,https://staging.lacuisinedebernard.com/%d8%b4%d8%b1%d8%a8%d8%a7%d8%aa-%d8%a7%d9%84%d8%ac%d9%8a%d8%b1-%d9%88%d8%a7%d9%84%d8%b2%d9%86%d8%ac%d8%a8%d9%8a%d9%84
https://www.lacuisinedebernard.com/%d8%b4%d8%b1%d8%a8%d8%a7%d8%aa-%d8%a7%d9%84%d8%ac%d9%8a%d8%b1-%d9%88%d8%a7%d9%84%d8%b2%d9%86%d8%ac%d8%a8%d9%8a%d9%84,https://staging.lacuisinedebernard.com/%d8%b4%d8%b1%d8%a8%d8%a7%d8%aa-%d8%a7%d9%84%d8%ac%d9%8a%d8%b1-%d9%88%d8%a7%d9%84%d8%b2%d9%86%d8%ac%d8%a8%d9%8a%d9%84
https://www.lacuisinedebernard.com/%d8%b4%d8%b1%d8%a8%d8%a7%d8%aa-%d8%a7%d9%84%d8%ac%d9%8a%d8%b1-%d9%88%d8%a7%d9%84%d8%b2%d9%86%d8%ac%d8%a8%d9%8a%d9%84/,https://staging.lacuisinedebernard.com/%d8%b4%d8%b1%d8%a8%d8%a7%d8%aa-%d8%a7%d9%84%d8%ac%d9%8a%d8%b1-%d9%88%d8%a7%d9%84%d8%b2%d9%86%d8%ac%d8%a8%d9%8a%d9%84
https://lacuisinedebernard.com/%d8%b3%d9%84%d8%a7%d8%ad%d9%81-%d8%a7%d9%84%d8%a8%d9%82%d8%a7%d9%86,https://staging.lacuisinedebernard.com/%d8%b3%d9%84%d8%a7%d8%ad%d9%81-%d8%a7%d9%84%d8%a8%d9%82%d8%a7%d9%86
https://lacuisinedebernard.com/%d8%b3%d9%84%d8%a7%d8%ad%d9%81-%d8%a7%d9%84%d8%a8%d9%82%d8%a7%d9%86/,https://staging.lacuisinedebernard.com/%d8%b3%d9%84%d8%a7%d8%ad%d9%81-%d8%a7%d9%84%d8%a8%d9%82%d8%a7%d9%86
https://www.lacuisinedebernard.com/%d8%b3%d9%84%d8%a7%d8%ad%d9%81-%d8%a7%d9%84%d8%a8%d9%82%d8%a7%d9%86,https://staging.lacuisinedebernard.com/%d8%b3%d9%84%d8%a7%d8%ad%d9%81-%d8%a7%d9%84%d8%a8%d9%82%d8%a7%d9%86
https://www.lacuisinedebernard.com/%d8%b3%d9%84%d8%a7%d8%ad%d9%81-%d8%a7%d9%84%d8%a8%d9%82%d8%a7%d9%86/,https://staging.lacuisinedebernard.com/%d8%b3%d9%84%d8%a7%d8%ad%d9%81-%d8%a7%d9%84%d8%a8%d9%82%d8%a7%d9%86
https://lacuisinedebernard.com/pan-de-molde-de-arcos-de-la-frontera,https://staging.lacuisinedebernard.com/pan-de-molde-de-arcos-de-la-frontera
https://lacuisinedebernard.com/pan-de-molde-de-arcos-de-la-frontera/,https://staging.lacuisinedebernard.com/pan-de-molde-de-arcos-de-la-frontera
https://www.lacuisinedebernard.com/pan-de-molde-de-arcos-de-la-frontera,https://staging.lacuisinedebernard.com/pan-de-molde-de-arcos-de-la-frontera
https://www.lacuisinedebernard.com/pan-de-molde-de-arcos-de-la-frontera/,https://staging.lacuisinedebernard.com/pan-de-molde-de-arcos-de-la-frontera
https://lacuisinedebernard.com/%d8%aa%d9%8a%d8%b1%d8%a7%d9%85%d9%8a%d8%b3%d9%88-%d8%b4%d9%88%d9%83%d9%88%d9%84%d8%a7%d8%aa%d8%a9-%d8%ae%d9%88%d8%ae,https://staging.lacuisinedebernard.com/%d8%aa%d9%8a%d8%b1%d8%a7%d9%85%d9%8a%d8%b3%d9%88-%d8%b4%d9%88%d9%83%d9%88%d9%84%d8%a7%d8%aa%d8%a9-%d8%ae%d9%88%d8%ae
https://lacuisinedebernard.com/%d8%aa%d9%8a%d8%b1%d8%a7%d9%85%d9%8a%d8%b3%d9%88-%d8%b4%d9%88%d9%83%d9%88%d9%84%d8%a7%d8%aa%d8%a9-%d8%ae%d9%88%d8%ae/,https://staging.lacuisinedebernard.com/%d8%aa%d9%8a%d8%b1%d8%a7%d9%85%d9%8a%d8%b3%d9%88-%d8%b4%d9%88%d9%83%d9%88%d9%84%d8%a7%d8%aa%d8%a9-%d8%ae%d9%88%d8%ae
https://www.lacuisinedebernard.com/%d8%aa%d9%8a%d8%b1%d8%a7%d9%85%d9%8a%d8%b3%d9%88-%d8%b4%d9%88%d9%83%d9%88%d9%84%d8%a7%d8%aa%d8%a9-%d8%ae%d9%88%d8%ae,https://staging.lacuisinedebernard.com/%d8%aa%d9%8a%d8%b1%d8%a7%d9%85%d9%8a%d8%b3%d9%88-%d8%b4%d9%88%d9%83%d9%88%d9%84%d8%a7%d8%aa%d8%a9-%d8%ae%d9%88%d8%ae
https://www.lacuisinedebernard.com/%d8%aa%d9%8a%d8%b1%d8%a7%d9%85%d9%8a%d8%b3%d9%88-%d8%b4%d9%88%d9%83%d9%88%d9%84%d8%a7%d8%aa%d8%a9-%d8%ae%d9%88%d8%ae/,https://staging.lacuisinedebernard.com/%d8%aa%d9%8a%d8%b1%d8%a7%d9%85%d9%8a%d8%b3%d9%88-%d8%b4%d9%88%d9%83%d9%88%d9%84%d8%a7%d8%aa%d8%a9-%d8%ae%d9%88%d8%ae
https://lacuisinedebernard.com/%d8%a7%d9%84%d9%85%d9%84%d9%8a%d9%88%d9%86%d9%8a%d8%b1-shortbreads,https://staging.lacuisinedebernard.com/%d8%a7%d9%84%d9%85%d9%84%d9%8a%d9%88%d9%86%d9%8a%d8%b1-shortbreads
https://lacuisinedebernard.com/%d8%a7%d9%84%d9%85%d9%84%d9%8a%d9%88%d9%86%d9%8a%d8%b1-shortbreads/,https://staging.lacuisinedebernard.com/%d8%a7%d9%84%d9%85%d9%84%d9%8a%d9%88%d9%86%d9%8a%d8%b1-shortbreads
https://www.lacuisinedebernard.com/%d8%a7%d9%84%d9%85%d9%84%d9%8a%d9%88%d9%86%d9%8a%d8%b1-shortbreads,https://staging.lacuisinedebernard.com/%d8%a7%d9%84%d9%85%d9%84%d9%8a%d9%88%d9%86%d9%8a%d8%b1-shortbreads
https://www.lacuisinedebernard.com/%d8%a7%d9%84%d9%85%d9%84%d9%8a%d9%88%d9%86%d9%8a%d8%b1-shortbreads/,https://staging.lacuisinedebernard.com/%d8%a7%d9%84%d9%85%d9%84%d9%8a%d9%88%d9%86%d9%8a%d8%b1-shortbreads
https://lacuisinedebernard.com/%d9%83%d9%85%d8%ab%d8%b1%d9%89-%d9%85%d9%82%d8%b1%d9%85%d8%b4%d8%a9-%d9%88%d9%85%d9%88%d8%b2-%d9%83%d8%b1%d8%a7%d9%85%d8%a8%d9%84,https://staging.lacuisinedebernard.com/%d9%83%d9%85%d8%ab%d8%b1%d9%89-%d9%85%d9%82%d8%b1%d9%85%d8%b4%d8%a9-%d9%88%d9%85%d9%88%d8%b2-%d9%83%d8%b1%d8%a7%d9%85%d8%a8%d9%84
https://lacuisinedebernard.com/%d9%83%d9%85%d8%ab%d8%b1%d9%89-%d9%85%d9%82%d8%b1%d9%85%d8%b4%d8%a9-%d9%88%d9%85%d9%88%d8%b2-%d9%83%d8%b1%d8%a7%d9%85%d8%a8%d9%84/,https://staging.lacuisinedebernard.com/%d9%83%d9%85%d8%ab%d8%b1%d9%89-%d9%85%d9%82%d8%b1%d9%85%d8%b4%d8%a9-%d9%88%d9%85%d9%88%d8%b2-%d9%83%d8%b1%d8%a7%d9%85%d8%a8%d9%84
https://www.lacuisinedebernard.com/%d9%83%d9%85%d8%ab%d8%b1%d9%89-%d9%85%d9%82%d8%b1%d9%85%d8%b4%d8%a9-%d9%88%d9%85%d9%88%d8%b2-%d9%83%d8%b1%d8%a7%d9%85%d8%a8%d9%84,https://staging.lacuisinedebernard.com/%d9%83%d9%85%d8%ab%d8%b1%d9%89-%d9%85%d9%82%d8%b1%d9%85%d8%b4%d8%a9-%d9%88%d9%85%d9%88%d8%b2-%d9%83%d8%b1%d8%a7%d9%85%d8%a8%d9%84
https://www.lacuisinedebernard.com/%d9%83%d9%85%d8%ab%d8%b1%d9%89-%d9%85%d9%82%d8%b1%d9%85%d8%b4%d8%a9-%d9%88%d9%85%d9%88%d8%b2-%d9%83%d8%b1%d8%a7%d9%85%d8%a8%d9%84/,https://staging.lacuisinedebernard.com/%d9%83%d9%85%d8%ab%d8%b1%d9%89-%d9%85%d9%82%d8%b1%d9%85%d8%b4%d8%a9-%d9%88%d9%85%d9%88%d8%b2-%d9%83%d8%b1%d8%a7%d9%85%d8%a8%d9%84
https://lacuisinedebernard.com/giant-praline-shortbread,https://staging.lacuisinedebernard.com/giant-praline-shortbread
https://lacuisinedebernard.com/giant-praline-shortbread/,https://staging.lacuisinedebernard.com/giant-praline-shortbread
https://www.lacuisinedebernard.com/giant-praline-shortbread,https://staging.lacuisinedebernard.com/giant-praline-shortbread
https://www.lacuisinedebernard.com/giant-praline-shortbread/,https://staging.lacuisinedebernard.com/giant-praline-shortbread
https://lacuisinedebernard.com/%d9%83%d8%b9%d9%83%d8%a9-%d8%a8%d8%b0%d9%88%d8%b1-%d8%a7%d9%84%d9%84%d9%8a%d9%85%d9%88%d9%86-%d8%a7%d9%84%d8%ae%d8%b4%d8%ae%d8%a7%d8%b4,https://staging.lacuisinedebernard.com/%d9%83%d8%b9%d9%83%d8%a9-%d8%a8%d8%b0%d9%88%d8%b1-%d8%a7%d9%84%d9%84%d9%8a%d9%85%d9%88%d9%86-%d8%a7%d9%84%d8%ae%d8%b4%d8%ae%d8%a7%d8%b4
https://lacuisinedebernard.com/%d9%83%d8%b9%d9%83%d8%a9-%d8%a8%d8%b0%d9%88%d8%b1-%d8%a7%d9%84%d9%84%d9%8a%d9%85%d9%88%d9%86-%d8%a7%d9%84%d8%ae%d8%b4%d8%ae%d8%a7%d8%b4/,https://staging.lacuisinedebernard.com/%d9%83%d8%b9%d9%83%d8%a9-%d8%a8%d8%b0%d9%88%d8%b1-%d8%a7%d9%84%d9%84%d9%8a%d9%85%d9%88%d9%86-%d8%a7%d9%84%d8%ae%d8%b4%d8%ae%d8%a7%d8%b4
https://www.lacuisinedebernard.com/%d9%83%d8%b9%d9%83%d8%a9-%d8%a8%d8%b0%d9%88%d8%b1-%d8%a7%d9%84%d9%84%d9%8a%d9%85%d9%88%d9%86-%d8%a7%d9%84%d8%ae%d8%b4%d8%ae%d8%a7%d8%b4,https://staging.lacuisinedebernard.com/%d9%83%d8%b9%d9%83%d8%a9-%d8%a8%d8%b0%d9%88%d8%b1-%d8%a7%d9%84%d9%84%d9%8a%d9%85%d9%88%d9%86-%d8%a7%d9%84%d8%ae%d8%b4%d8%ae%d8%a7%d8%b4
https://www.lacuisinedebernard.com/%d9%83%d8%b9%d9%83%d8%a9-%d8%a8%d8%b0%d9%88%d8%b1-%d8%a7%d9%84%d9%84%d9%8a%d9%85%d9%88%d9%86-%d8%a7%d9%84%d8%ae%d8%b4%d8%ae%d8%a7%d8%b4/,https://staging.lacuisinedebernard.com/%d9%83%d8%b9%d9%83%d8%a9-%d8%a8%d8%b0%d9%88%d8%b1-%d8%a7%d9%84%d9%84%d9%8a%d9%85%d9%88%d9%86-%d8%a7%d9%84%d8%ae%d8%b4%d8%ae%d8%a7%d8%b4
https://lacuisinedebernard.com/pao-curto-de-arcos-de-la-frontera,https://staging.lacuisinedebernard.com/pao-curto-de-arcos-de-la-frontera
https://lacuisinedebernard.com/pao-curto-de-arcos-de-la-frontera/,https://staging.lacuisinedebernard.com/pao-curto-de-arcos-de-la-frontera
https://www.lacuisinedebernard.com/pao-curto-de-arcos-de-la-frontera,https://staging.lacuisinedebernard.com/pao-curto-de-arcos-de-la-frontera
https://www.lacuisinedebernard.com/pao-curto-de-arcos-de-la-frontera/,https://staging.lacuisinedebernard.com/pao-curto-de-arcos-de-la-frontera
https://lacuisinedebernard.com/brutti-ma-buoni,https://staging.lacuisinedebernard.com/brutti-ma-buoni
https://lacuisinedebernard.com/brutti-ma-buoni/,https://staging.lacuisinedebernard.com/brutti-ma-buoni
https://www.lacuisinedebernard.com/brutti-ma-buoni,https://staging.lacuisinedebernard.com/brutti-ma-buoni
https://www.lacuisinedebernard.com/brutti-ma-buoni/,https://staging.lacuisinedebernard.com/brutti-ma-buoni
https://lacuisinedebernard.com/galletas-de-coco,https://staging.lacuisinedebernard.com/galletas-de-coco
https://lacuisinedebernard.com/galletas-de-coco/,https://staging.lacuisinedebernard.com/galletas-de-coco
https://www.lacuisinedebernard.com/galletas-de-coco,https://staging.lacuisinedebernard.com/galletas-de-coco
https://www.lacuisinedebernard.com/galletas-de-coco/,https://staging.lacuisinedebernard.com/galletas-de-coco
https://lacuisinedebernard.com/supremo-de-los-volcanes,https://staging.lacuisinedebernard.com/supremo-de-los-volcanes
https://lacuisinedebernard.com/supremo-de-los-volcanes/,https://staging.lacuisinedebernard.com/supremo-de-los-volcanes
https://www.lacuisinedebernard.com/supremo-de-los-volcanes,https://staging.lacuisinedebernard.com/supremo-de-los-volcanes
https://www.lacuisinedebernard.com/supremo-de-los-volcanes/,https://staging.lacuisinedebernard.com/supremo-de-los-volcanes
https://lacuisinedebernard.com/galletas-de-azucar-de-cana,https://staging.lacuisinedebernard.com/galletas-de-azucar-de-cana
https://lacuisinedebernard.com/galletas-de-azucar-de-cana/,https://staging.lacuisinedebernard.com/galletas-de-azucar-de-cana
https://www.lacuisinedebernard.com/galletas-de-azucar-de-cana,https://staging.lacuisinedebernard.com/galletas-de-azucar-de-cana
https://www.lacuisinedebernard.com/galletas-de-azucar-de-cana/,https://staging.lacuisinedebernard.com/galletas-de-azucar-de-cana
https://lacuisinedebernard.com/tiramisu-de-chocolate-y-melocoton,https://staging.lacuisinedebernard.com/tiramisu-de-chocolate-y-melocoton
https://lacuisinedebernard.com/tiramisu-de-chocolate-y-melocoton/,https://staging.lacuisinedebernard.com/tiramisu-de-chocolate-y-melocoton
https://www.lacuisinedebernard.com/tiramisu-de-chocolate-y-melocoton,https://staging.lacuisinedebernard.com/tiramisu-de-chocolate-y-melocoton
https://www.lacuisinedebernard.com/tiramisu-de-chocolate-y-melocoton/,https://staging.lacuisinedebernard.com/tiramisu-de-chocolate-y-melocoton
https://lacuisinedebernard.com/pao-de-coco-curto,https://staging.lacuisinedebernard.com/pao-de-coco-curto
https://lacuisinedebernard.com/pao-de-coco-curto/,https://staging.lacuisinedebernard.com/pao-de-coco-curto
https://www.lacuisinedebernard.com/pao-de-coco-curto,https://staging.lacuisinedebernard.com/pao-de-coco-curto
https://www.lacuisinedebernard.com/pao-de-coco-curto/,https://staging.lacuisinedebernard.com/pao-de-coco-curto
https://lacuisinedebernard.com/pao-curto-de-acucar-de-cana,https://staging.lacuisinedebernard.com/pao-curto-de-acucar-de-cana
https://lacuisinedebernard.com/pao-curto-de-acucar-de-cana/,https://staging.lacuisinedebernard.com/pao-curto-de-acucar-de-cana
https://www.lacuisinedebernard.com/pao-curto-de-acucar-de-cana,https://staging.lacuisinedebernard.com/pao-curto-de-acucar-de-cana
https://www.lacuisinedebernard.com/pao-curto-de-acucar-de-cana/,https://staging.lacuisinedebernard.com/pao-curto-de-acucar-de-cana
https://lacuisinedebernard.com/tortugas-de-pecan,https://staging.lacuisinedebernard.com/tortugas-de-pecan
https://lacuisinedebernard.com/tortugas-de-pecan/,https://staging.lacuisinedebernard.com/tortugas-de-pecan
https://www.lacuisinedebernard.com/tortugas-de-pecan,https://staging.lacuisinedebernard.com/tortugas-de-pecan
https://www.lacuisinedebernard.com/tortugas-de-pecan/,https://staging.lacuisinedebernard.com/tortugas-de-pecan
https://lacuisinedebernard.com/%d8%a7%d9%84%d8%b9%d9%85%d9%84%d8%a7%d9%82-%d8%a8%d8%b1%d8%a7%d9%84%d9%8a%d9%86-%d8%b4%d9%88%d8%b1%d8%aa%d8%a8%d8%b1%d9%8a%d8%af,https://staging.lacuisinedebernard.com/%d8%a7%d9%84%d8%b9%d9%85%d9%84%d8%a7%d9%82-%d8%a8%d8%b1%d8%a7%d9%84%d9%8a%d9%86-%d8%b4%d9%88%d8%b1%d8%aa%d8%a8%d8%b1%d9%8a%d8%af
https://lacuisinedebernard.com/%d8%a7%d9%84%d8%b9%d9%85%d9%84%d8%a7%d9%82-%d8%a8%d8%b1%d8%a7%d9%84%d9%8a%d9%86-%d8%b4%d9%88%d8%b1%d8%aa%d8%a8%d8%b1%d9%8a%d8%af/,https://staging.lacuisinedebernard.com/%d8%a7%d9%84%d8%b9%d9%85%d9%84%d8%a7%d9%82-%d8%a8%d8%b1%d8%a7%d9%84%d9%8a%d9%86-%d8%b4%d9%88%d8%b1%d8%aa%d8%a8%d8%b1%d9%8a%d8%af
https://www.lacuisinedebernard.com/%d8%a7%d9%84%d8%b9%d9%85%d9%84%d8%a7%d9%82-%d8%a8%d8%b1%d8%a7%d9%84%d9%8a%d9%86-%d8%b4%d9%88%d8%b1%d8%aa%d8%a8%d8%b1%d9%8a%d8%af,https://staging.lacuisinedebernard.com/%d8%a7%d9%84%d8%b9%d9%85%d9%84%d8%a7%d9%82-%d8%a8%d8%b1%d8%a7%d9%84%d9%8a%d9%86-%d8%b4%d9%88%d8%b1%d8%aa%d8%a8%d8%b1%d9%8a%d8%af
https://www.lacuisinedebernard.com/%d8%a7%d9%84%d8%b9%d9%85%d9%84%d8%a7%d9%82-%d8%a8%d8%b1%d8%a7%d9%84%d9%8a%d9%86-%d8%b4%d9%88%d8%b1%d8%aa%d8%a8%d8%b1%d9%8a%d8%af/,https://staging.lacuisinedebernard.com/%d8%a7%d9%84%d8%b9%d9%85%d9%84%d8%a7%d9%82-%d8%a8%d8%b1%d8%a7%d9%84%d9%8a%d9%86-%d8%b4%d9%88%d8%b1%d8%aa%d8%a8%d8%b1%d9%8a%d8%af
https://lacuisinedebernard.com/shortbread-from-arcos-de-la-frontera,https://staging.lacuisinedebernard.com/shortbread-from-arcos-de-la-frontera
https://lacuisinedebernard.com/shortbread-from-arcos-de-la-frontera/,https://staging.lacuisinedebernard.com/shortbread-from-arcos-de-la-frontera
https://www.lacuisinedebernard.com/shortbread-from-arcos-de-la-frontera,https://staging.lacuisinedebernard.com/shortbread-from-arcos-de-la-frontera
https://www.lacuisinedebernard.com/shortbread-from-arcos-de-la-frontera/,https://staging.lacuisinedebernard.com/shortbread-from-arcos-de-la-frontera
https://lacuisinedebernard.com/supremo-dos-vulcoes,https://staging.lacuisinedebernard.com/supremo-dos-vulcoes
https://lacuisinedebernard.com/supremo-dos-vulcoes/,https://staging.lacuisinedebernard.com/supremo-dos-vulcoes
https://www.lacuisinedebernard.com/supremo-dos-vulcoes,https://staging.lacuisinedebernard.com/supremo-dos-vulcoes
https://www.lacuisinedebernard.com/supremo-dos-vulcoes/,https://staging.lacuisinedebernard.com/supremo-dos-vulcoes
https://lacuisinedebernard.com/%d8%a3%d9%84%d9%88%d8%a7%d8%ad-%d8%b1%d9%82%d8%a7%d8%a6%d9%82-%d8%a7%d9%84%d8%b4%d9%88%d9%83%d9%88%d9%84%d8%a7,https://staging.lacuisinedebernard.com/%d8%a3%d9%84%d9%88%d8%a7%d8%ad-%d8%b1%d9%82%d8%a7%d8%a6%d9%82-%d8%a7%d9%84%d8%b4%d9%88%d9%83%d9%88%d9%84%d8%a7
https://lacuisinedebernard.com/%d8%a3%d9%84%d9%88%d8%a7%d8%ad-%d8%b1%d9%82%d8%a7%d8%a6%d9%82-%d8%a7%d9%84%d8%b4%d9%88%d9%83%d9%88%d9%84%d8%a7/,https://staging.lacuisinedebernard.com/%d8%a3%d9%84%d9%88%d8%a7%d8%ad-%d8%b1%d9%82%d8%a7%d8%a6%d9%82-%d8%a7%d9%84%d8%b4%d9%88%d9%83%d9%88%d9%84%d8%a7
https://www.lacuisinedebernard.com/%d8%a3%d9%84%d9%88%d8%a7%d8%ad-%d8%b1%d9%82%d8%a7%d8%a6%d9%82-%d8%a7%d9%84%d8%b4%d9%88%d9%83%d9%88%d9%84%d8%a7,https://staging.lacuisinedebernard.com/%d8%a3%d9%84%d9%88%d8%a7%d8%ad-%d8%b1%d9%82%d8%a7%d8%a6%d9%82-%d8%a7%d9%84%d8%b4%d9%88%d9%83%d9%88%d9%84%d8%a7
https://www.lacuisinedebernard.com/%d8%a3%d9%84%d9%88%d8%a7%d8%ad-%d8%b1%d9%82%d8%a7%d8%a6%d9%82-%d8%a7%d9%84%d8%b4%d9%88%d9%83%d9%88%d9%84%d8%a7/,https://staging.lacuisinedebernard.com/%d8%a3%d9%84%d9%88%d8%a7%d8%ad-%d8%b1%d9%82%d8%a7%d8%a6%d9%82-%d8%a7%d9%84%d8%b4%d9%88%d9%83%d9%88%d9%84%d8%a7
https://lacuisinedebernard.com/tarta-de-pina-y-coco-caramelizada,https://staging.lacuisinedebernard.com/tarta-de-pina-y-coco-caramelizada
https://lacuisinedebernard.com/tarta-de-pina-y-coco-caramelizada/,https://staging.lacuisinedebernard.com/tarta-de-pina-y-coco-caramelizada
https://www.lacuisinedebernard.com/tarta-de-pina-y-coco-caramelizada,https://staging.lacuisinedebernard.com/tarta-de-pina-y-coco-caramelizada
https://www.lacuisinedebernard.com/tarta-de-pina-y-coco-caramelizada/,https://staging.lacuisinedebernard.com/tarta-de-pina-y-coco-caramelizada
https://lacuisinedebernard.com/havreflarn-swedish-oatcakes-like-at-ikea,https://staging.lacuisinedebernard.com/havreflarn-swedish-oatcakes-like-at-ikea
https://lacuisinedebernard.com/havreflarn-swedish-oatcakes-like-at-ikea/,https://staging.lacuisinedebernard.com/havreflarn-swedish-oatcakes-like-at-ikea
https://www.lacuisinedebernard.com/havreflarn-swedish-oatcakes-like-at-ikea,https://staging.lacuisinedebernard.com/havreflarn-swedish-oatcakes-like-at-ikea
https://www.lacuisinedebernard.com/havreflarn-swedish-oatcakes-like-at-ikea/,https://staging.lacuisinedebernard.com/havreflarn-swedish-oatcakes-like-at-ikea
https://lacuisinedebernard.com/chouquettes-de-acucar-de-bordo,https://staging.lacuisinedebernard.com/chouquettes-de-acucar-de-bordo
https://lacuisinedebernard.com/chouquettes-de-acucar-de-bordo/,https://staging.lacuisinedebernard.com/chouquettes-de-acucar-de-bordo
https://www.lacuisinedebernard.com/chouquettes-de-acucar-de-bordo,https://staging.lacuisinedebernard.com/chouquettes-de-acucar-de-bordo
https://www.lacuisinedebernard.com/chouquettes-de-acucar-de-bordo/,https://staging.lacuisinedebernard.com/chouquettes-de-acucar-de-bordo
https://lacuisinedebernard.com/%d8%aa%d8%b1%d8%a7%d9%88-%d9%85%d8%a7%d8%af-%d9%81%d8%b3%d8%aa%d9%82-%d9%88-%d8%aa%d9%88%d8%aa-%d9%82%d9%84%d8%a8,https://staging.lacuisinedebernard.com/%d8%aa%d8%b1%d8%a7%d9%88-%d9%85%d8%a7%d8%af-%d9%81%d8%b3%d8%aa%d9%82-%d9%88-%d8%aa%d9%88%d8%aa-%d9%82%d9%84%d8%a8
https://lacuisinedebernard.com/%d8%aa%d8%b1%d8%a7%d9%88-%d9%85%d8%a7%d8%af-%d9%81%d8%b3%d8%aa%d9%82-%d9%88-%d8%aa%d9%88%d8%aa-%d9%82%d9%84%d8%a8/,https://staging.lacuisinedebernard.com/%d8%aa%d8%b1%d8%a7%d9%88-%d9%85%d8%a7%d8%af-%d9%81%d8%b3%d8%aa%d9%82-%d9%88-%d8%aa%d9%88%d8%aa-%d9%82%d9%84%d8%a8
https://www.lacuisinedebernard.com/%d8%aa%d8%b1%d8%a7%d9%88-%d9%85%d8%a7%d8%af-%d9%81%d8%b3%d8%aa%d9%82-%d9%88-%d8%aa%d9%88%d8%aa-%d9%82%d9%84%d8%a8,https://staging.lacuisinedebernard.com/%d8%aa%d8%b1%d8%a7%d9%88-%d9%85%d8%a7%d8%af-%d9%81%d8%b3%d8%aa%d9%82-%d9%88-%d8%aa%d9%88%d8%aa-%d9%82%d9%84%d8%a8
https://www.lacuisinedebernard.com/%d8%aa%d8%b1%d8%a7%d9%88-%d9%85%d8%a7%d8%af-%d9%81%d8%b3%d8%aa%d9%82-%d9%88-%d8%aa%d9%88%d8%aa-%d9%82%d9%84%d8%a8/,https://staging.lacuisinedebernard.com/%d8%aa%d8%b1%d8%a7%d9%88-%d9%85%d8%a7%d8%af-%d9%81%d8%b3%d8%aa%d9%82-%d9%88-%d8%aa%d9%88%d8%aa-%d9%82%d9%84%d8%a8
https://lacuisinedebernard.com/pastel-de-marmol,https://staging.lacuisinedebernard.com/pastel-de-marmol
https://lacuisinedebernard.com/pastel-de-marmol/,https://staging.lacuisinedebernard.com/pastel-de-marmol
https://www.lacuisinedebernard.com/pastel-de-marmol,https://staging.lacuisinedebernard.com/pastel-de-marmol
https://www.lacuisinedebernard.com/pastel-de-marmol/,https://staging.lacuisinedebernard.com/pastel-de-marmol
https://lacuisinedebernard.com/tartaletas-de-chocolate-con-mango-y-coco-caramelizado,https://staging.lacuisinedebernard.com/tartaletas-de-chocolate-con-mango-y-coco-caramelizado
https://lacuisinedebernard.com/tartaletas-de-chocolate-con-mango-y-coco-caramelizado/,https://staging.lacuisinedebernard.com/tartaletas-de-chocolate-con-mango-y-coco-caramelizado
https://www.lacuisinedebernard.com/tartaletas-de-chocolate-con-mango-y-coco-caramelizado,https://staging.lacuisinedebernard.com/tartaletas-de-chocolate-con-mango-y-coco-caramelizado
https://www.lacuisinedebernard.com/tartaletas-de-chocolate-con-mango-y-coco-caramelizado/,https://staging.lacuisinedebernard.com/tartaletas-de-chocolate-con-mango-y-coco-caramelizado
https://lacuisinedebernard.com/bolo-de-coco-caramelizado-de-ananas,https://staging.lacuisinedebernard.com/bolo-de-coco-caramelizado-de-ananas
https://lacuisinedebernard.com/bolo-de-coco-caramelizado-de-ananas/,https://staging.lacuisinedebernard.com/bolo-de-coco-caramelizado-de-ananas
https://www.lacuisinedebernard.com/bolo-de-coco-caramelizado-de-ananas,https://staging.lacuisinedebernard.com/bolo-de-coco-caramelizado-de-ananas
https://www.lacuisinedebernard.com/bolo-de-coco-caramelizado-de-ananas/,https://staging.lacuisinedebernard.com/bolo-de-coco-caramelizado-de-ananas
https://lacuisinedebernard.com/havreflarn-%d9%81%d8%b7%d8%a7%d8%a6%d8%b1-%d8%a7%d9%84%d8%b4%d9%88%d9%81%d8%a7%d9%86-%d8%a7%d9%84%d8%b3%d9%88%d9%8a%d8%af%d9%8a%d8%a9-%d9%85%d8%ab%d9%84-ikea,https://staging.lacuisinedebernard.com/havreflarn-%d9%81%d8%b7%d8%a7%d8%a6%d8%b1-%d8%a7%d9%84%d8%b4%d9%88%d9%81%d8%a7%d9%86-%d8%a7%d9%84%d8%b3%d9%88%d9%8a%d8%af%d9%8a%d8%a9-%d9%85%d8%ab%d9%84-ikea
https://lacuisinedebernard.com/havreflarn-%d9%81%d8%b7%d8%a7%d8%a6%d8%b1-%d8%a7%d9%84%d8%b4%d9%88%d9%81%d8%a7%d9%86-%d8%a7%d9%84%d8%b3%d9%88%d9%8a%d8%af%d9%8a%d8%a9-%d9%85%d8%ab%d9%84-ikea/,https://staging.lacuisinedebernard.com/havreflarn-%d9%81%d8%b7%d8%a7%d8%a6%d8%b1-%d8%a7%d9%84%d8%b4%d9%88%d9%81%d8%a7%d9%86-%d8%a7%d9%84%d8%b3%d9%88%d9%8a%d8%af%d9%8a%d8%a9-%d9%85%d8%ab%d9%84-ikea
https://www.lacuisinedebernard.com/havreflarn-%d9%81%d8%b7%d8%a7%d8%a6%d8%b1-%d8%a7%d9%84%d8%b4%d9%88%d9%81%d8%a7%d9%86-%d8%a7%d9%84%d8%b3%d9%88%d9%8a%d8%af%d9%8a%d8%a9-%d9%85%d8%ab%d9%84-ikea,https://staging.lacuisinedebernard.com/havreflarn-%d9%81%d8%b7%d8%a7%d8%a6%d8%b1-%d8%a7%d9%84%d8%b4%d9%88%d9%81%d8%a7%d9%86-%d8%a7%d9%84%d8%b3%d9%88%d9%8a%d8%af%d9%8a%d8%a9-%d9%85%d8%ab%d9%84-ikea
https://www.lacuisinedebernard.com/havreflarn-%d9%81%d8%b7%d8%a7%d8%a6%d8%b1-%d8%a7%d9%84%d8%b4%d9%88%d9%81%d8%a7%d9%86-%d8%a7%d9%84%d8%b3%d9%88%d9%8a%d8%af%d9%8a%d8%a9-%d9%85%d8%ab%d9%84-ikea/,https://staging.lacuisinedebernard.com/havreflarn-%d9%81%d8%b7%d8%a7%d8%a6%d8%b1-%d8%a7%d9%84%d8%b4%d9%88%d9%81%d8%a7%d9%86-%d8%a7%d9%84%d8%b3%d9%88%d9%8a%d8%af%d9%8a%d8%a9-%d9%85%d8%ab%d9%84-ikea
https://lacuisinedebernard.com/brutti-my-buoni,https://staging.lacuisinedebernard.com/brutti-my-buoni
https://lacuisinedebernard.com/brutti-my-buoni/,https://staging.lacuisinedebernard.com/brutti-my-buoni
https://www.lacuisinedebernard.com/brutti-my-buoni,https://staging.lacuisinedebernard.com/brutti-my-buoni
https://www.lacuisinedebernard.com/brutti-my-buoni/,https://staging.lacuisinedebernard.com/brutti-my-buoni
https://lacuisinedebernard.com/maple-sugar-chouquettes,https://staging.lacuisinedebernard.com/maple-sugar-chouquettes
https://lacuisinedebernard.com/maple-sugar-chouquettes/,https://staging.lacuisinedebernard.com/maple-sugar-chouquettes
https://www.lacuisinedebernard.com/maple-sugar-chouquettes,https://staging.lacuisinedebernard.com/maple-sugar-chouquettes
https://www.lacuisinedebernard.com/maple-sugar-chouquettes/,https://staging.lacuisinedebernard.com/maple-sugar-chouquettes
https://lacuisinedebernard.com/galletas-de-semillas,https://staging.lacuisinedebernard.com/galletas-de-semillas
https://lacuisinedebernard.com/galletas-de-semillas/,https://staging.lacuisinedebernard.com/galletas-de-semillas
https://www.lacuisinedebernard.com/galletas-de-semillas,https://staging.lacuisinedebernard.com/galletas-de-semillas
https://www.lacuisinedebernard.com/galletas-de-semillas/,https://staging.lacuisinedebernard.com/galletas-de-semillas
https://lacuisinedebernard.com/bolo-de-marmore,https://staging.lacuisinedebernard.com/bolo-de-marmore
https://lacuisinedebernard.com/bolo-de-marmore/,https://staging.lacuisinedebernard.com/bolo-de-marmore
https://www.lacuisinedebernard.com/bolo-de-marmore,https://staging.lacuisinedebernard.com/bolo-de-marmore
https://www.lacuisinedebernard.com/bolo-de-marmore/,https://staging.lacuisinedebernard.com/bolo-de-marmore
https://lacuisinedebernard.com/traou-mad-explosion,https://staging.lacuisinedebernard.com/traou-mad-explosion
https://lacuisinedebernard.com/traou-mad-explosion/,https://staging.lacuisinedebernard.com/traou-mad-explosion
https://www.lacuisinedebernard.com/traou-mad-explosion,https://staging.lacuisinedebernard.com/traou-mad-explosion
https://www.lacuisinedebernard.com/traou-mad-explosion/,https://staging.lacuisinedebernard.com/traou-mad-explosion
https://lacuisinedebernard.com/chocolate-de-manga-e-tortinhas-de-coco-caramelizado,https://staging.lacuisinedebernard.com/chocolate-de-manga-e-tortinhas-de-coco-caramelizado
https://lacuisinedebernard.com/chocolate-de-manga-e-tortinhas-de-coco-caramelizado/,https://staging.lacuisinedebernard.com/chocolate-de-manga-e-tortinhas-de-coco-caramelizado
https://www.lacuisinedebernard.com/chocolate-de-manga-e-tortinhas-de-coco-caramelizado,https://staging.lacuisinedebernard.com/chocolate-de-manga-e-tortinhas-de-coco-caramelizado
https://www.lacuisinedebernard.com/chocolate-de-manga-e-tortinhas-de-coco-caramelizado/,https://staging.lacuisinedebernard.com/chocolate-de-manga-e-tortinhas-de-coco-caramelizado
https://lacuisinedebernard.com/%d8%b4%d9%88%d9%83%d9%8a%d8%aa-%d8%b3%d9%83%d8%b1-%d8%a7%d9%84%d9%82%d9%8a%d9%82%d8%a8,https://staging.lacuisinedebernard.com/%d8%b4%d9%88%d9%83%d9%8a%d8%aa-%d8%b3%d9%83%d8%b1-%d8%a7%d9%84%d9%82%d9%8a%d9%82%d8%a8
https://lacuisinedebernard.com/%d8%b4%d9%88%d9%83%d9%8a%d8%aa-%d8%b3%d9%83%d8%b1-%d8%a7%d9%84%d9%82%d9%8a%d9%82%d8%a8/,https://staging.lacuisinedebernard.com/%d8%b4%d9%88%d9%83%d9%8a%d8%aa-%d8%b3%d9%83%d8%b1-%d8%a7%d9%84%d9%82%d9%8a%d9%82%d8%a8
https://www.lacuisinedebernard.com/%d8%b4%d9%88%d9%83%d9%8a%d8%aa-%d8%b3%d9%83%d8%b1-%d8%a7%d9%84%d9%82%d9%8a%d9%82%d8%a8,https://staging.lacuisinedebernard.com/%d8%b4%d9%88%d9%83%d9%8a%d8%aa-%d8%b3%d9%83%d8%b1-%d8%a7%d9%84%d9%82%d9%8a%d9%82%d8%a8
https://www.lacuisinedebernard.com/%d8%b4%d9%88%d9%83%d9%8a%d8%aa-%d8%b3%d9%83%d8%b1-%d8%a7%d9%84%d9%82%d9%8a%d9%82%d8%a8/,https://staging.lacuisinedebernard.com/%d8%b4%d9%88%d9%83%d9%8a%d8%aa-%d8%b3%d9%83%d8%b1-%d8%a7%d9%84%d9%82%d9%8a%d9%82%d8%a8
https://lacuisinedebernard.com/barras-de-chocolate,https://staging.lacuisinedebernard.com/barras-de-chocolate
https://lacuisinedebernard.com/barras-de-chocolate/,https://staging.lacuisinedebernard.com/barras-de-chocolate
https://www.lacuisinedebernard.com/barras-de-chocolate,https://staging.lacuisinedebernard.com/barras-de-chocolate
https://www.lacuisinedebernard.com/barras-de-chocolate/,https://staging.lacuisinedebernard.com/barras-de-chocolate
https://lacuisinedebernard.com/biscoitos-de-sementes,https://staging.lacuisinedebernard.com/biscoitos-de-sementes
https://lacuisinedebernard.com/biscoitos-de-sementes/,https://staging.lacuisinedebernard.com/biscoitos-de-sementes
https://www.lacuisinedebernard.com/biscoitos-de-sementes,https://staging.lacuisinedebernard.com/biscoitos-de-sementes
https://www.lacuisinedebernard.com/biscoitos-de-sementes/,https://staging.lacuisinedebernard.com/biscoitos-de-sementes
https://lacuisinedebernard.com/corazon-de-pistacho-frambuesa-de-traou-mad,https://staging.lacuisinedebernard.com/corazon-de-pistacho-frambuesa-de-traou-mad
https://lacuisinedebernard.com/corazon-de-pistacho-frambuesa-de-traou-mad/,https://staging.lacuisinedebernard.com/corazon-de-pistacho-frambuesa-de-traou-mad
https://www.lacuisinedebernard.com/corazon-de-pistacho-frambuesa-de-traou-mad,https://staging.lacuisinedebernard.com/corazon-de-pistacho-frambuesa-de-traou-mad
https://www.lacuisinedebernard.com/corazon-de-pistacho-frambuesa-de-traou-mad/,https://staging.lacuisinedebernard.com/corazon-de-pistacho-frambuesa-de-traou-mad
https://lacuisinedebernard.com/marble-cake,https://staging.lacuisinedebernard.com/marble-cake
https://lacuisinedebernard.com/marble-cake/,https://staging.lacuisinedebernard.com/marble-cake
https://www.lacuisinedebernard.com/marble-cake,https://staging.lacuisinedebernard.com/marble-cake
https://www.lacuisinedebernard.com/marble-cake/,https://staging.lacuisinedebernard.com/marble-cake
https://lacuisinedebernard.com/chocolate-and-roasted-almonds-fondant-without-flour,https://staging.lacuisinedebernard.com/chocolate-and-roasted-almonds-fondant-without-flour
https://lacuisinedebernard.com/chocolate-and-roasted-almonds-fondant-without-flour/,https://staging.lacuisinedebernard.com/chocolate-and-roasted-almonds-fondant-without-flour
https://www.lacuisinedebernard.com/chocolate-and-roasted-almonds-fondant-without-flour,https://staging.lacuisinedebernard.com/chocolate-and-roasted-almonds-fondant-without-flour
https://www.lacuisinedebernard.com/chocolate-and-roasted-almonds-fondant-without-flour/,https://staging.lacuisinedebernard.com/chocolate-and-roasted-almonds-fondant-without-flour
https://lacuisinedebernard.com/%d8%ac%d8%b1%d8%a7%d9%86%d9%88%d9%84%d8%a7-%d9%85%d8%ad%d9%84%d9%8a%d8%a9-%d8%a7%d9%84%d8%b5%d9%86%d8%b9-%d9%85%d9%82%d8%b1%d9%85%d8%b4%d8%a9-%d9%84%d9%84%d8%ba%d8%a7%d9%8a%d8%a9,https://staging.lacuisinedebernard.com/%d8%ac%d8%b1%d8%a7%d9%86%d9%88%d9%84%d8%a7-%d9%85%d8%ad%d9%84%d9%8a%d8%a9-%d8%a7%d9%84%d8%b5%d9%86%d8%b9-%d9%85%d9%82%d8%b1%d9%85%d8%b4%d8%a9-%d9%84%d9%84%d8%ba%d8%a7%d9%8a%d8%a9
https://lacuisinedebernard.com/%d8%ac%d8%b1%d8%a7%d9%86%d9%88%d9%84%d8%a7-%d9%85%d8%ad%d9%84%d9%8a%d8%a9-%d8%a7%d9%84%d8%b5%d9%86%d8%b9-%d9%85%d9%82%d8%b1%d9%85%d8%b4%d8%a9-%d9%84%d9%84%d8%ba%d8%a7%d9%8a%d8%a9/,https://staging.lacuisinedebernard.com/%d8%ac%d8%b1%d8%a7%d9%86%d9%88%d9%84%d8%a7-%d9%85%d8%ad%d9%84%d9%8a%d8%a9-%d8%a7%d9%84%d8%b5%d9%86%d8%b9-%d9%85%d9%82%d8%b1%d9%85%d8%b4%d8%a9-%d9%84%d9%84%d8%ba%d8%a7%d9%8a%d8%a9
https://www.lacuisinedebernard.com/%d8%ac%d8%b1%d8%a7%d9%86%d9%88%d9%84%d8%a7-%d9%85%d8%ad%d9%84%d9%8a%d8%a9-%d8%a7%d9%84%d8%b5%d9%86%d8%b9-%d9%85%d9%82%d8%b1%d9%85%d8%b4%d8%a9-%d9%84%d9%84%d8%ba%d8%a7%d9%8a%d8%a9,https://staging.lacuisinedebernard.com/%d8%ac%d8%b1%d8%a7%d9%86%d9%88%d9%84%d8%a7-%d9%85%d8%ad%d9%84%d9%8a%d8%a9-%d8%a7%d9%84%d8%b5%d9%86%d8%b9-%d9%85%d9%82%d8%b1%d9%85%d8%b4%d8%a9-%d9%84%d9%84%d8%ba%d8%a7%d9%8a%d8%a9
https://www.lacuisinedebernard.com/%d8%ac%d8%b1%d8%a7%d9%86%d9%88%d9%84%d8%a7-%d9%85%d8%ad%d9%84%d9%8a%d8%a9-%d8%a7%d9%84%d8%b5%d9%86%d8%b9-%d9%85%d9%82%d8%b1%d9%85%d8%b4%d8%a9-%d9%84%d9%84%d8%ba%d8%a7%d9%8a%d8%a9/,https://staging.lacuisinedebernard.com/%d8%ac%d8%b1%d8%a7%d9%86%d9%88%d9%84%d8%a7-%d9%85%d8%ad%d9%84%d9%8a%d8%a9-%d8%a7%d9%84%d8%b5%d9%86%d8%b9-%d9%85%d9%82%d8%b1%d9%85%d8%b4%d8%a9-%d9%84%d9%84%d8%ba%d8%a7%d9%8a%d8%a9
https://lacuisinedebernard.com/barras-de-choc-chip,https://staging.lacuisinedebernard.com/barras-de-choc-chip
https://lacuisinedebernard.com/barras-de-choc-chip/,https://staging.lacuisinedebernard.com/barras-de-choc-chip
https://www.lacuisinedebernard.com/barras-de-choc-chip,https://staging.lacuisinedebernard.com/barras-de-choc-chip
https://www.lacuisinedebernard.com/barras-de-choc-chip/,https://staging.lacuisinedebernard.com/barras-de-choc-chip
https://lacuisinedebernard.com/seed-biscuits,https://staging.lacuisinedebernard.com/seed-biscuits
https://lacuisinedebernard.com/seed-biscuits/,https://staging.lacuisinedebernard.com/seed-biscuits
https://www.lacuisinedebernard.com/seed-biscuits,https://staging.lacuisinedebernard.com/seed-biscuits
https://www.lacuisinedebernard.com/seed-biscuits/,https://staging.lacuisinedebernard.com/seed-biscuits
https://lacuisinedebernard.com/mango-chocolate-and-caramelized-coconut-tartlets,https://staging.lacuisinedebernard.com/mango-chocolate-and-caramelized-coconut-tartlets
https://lacuisinedebernard.com/mango-chocolate-and-caramelized-coconut-tartlets/,https://staging.lacuisinedebernard.com/mango-chocolate-and-caramelized-coconut-tartlets
https://www.lacuisinedebernard.com/mango-chocolate-and-caramelized-coconut-tartlets,https://staging.lacuisinedebernard.com/mango-chocolate-and-caramelized-coconut-tartlets
https://www.lacuisinedebernard.com/mango-chocolate-and-caramelized-coconut-tartlets/,https://staging.lacuisinedebernard.com/mango-chocolate-and-caramelized-coconut-tartlets
https://lacuisinedebernard.com/havreflarn-tortas-de-avena-suecas-como-en-ikea,https://staging.lacuisinedebernard.com/havreflarn-tortas-de-avena-suecas-como-en-ikea
https://lacuisinedebernard.com/havreflarn-tortas-de-avena-suecas-como-en-ikea/,https://staging.lacuisinedebernard.com/havreflarn-tortas-de-avena-suecas-como-en-ikea
https://www.lacuisinedebernard.com/havreflarn-tortas-de-avena-suecas-como-en-ikea,https://staging.lacuisinedebernard.com/havreflarn-tortas-de-avena-suecas-como-en-ikea
https://www.lacuisinedebernard.com/havreflarn-tortas-de-avena-suecas-como-en-ikea/,https://staging.lacuisinedebernard.com/havreflarn-tortas-de-avena-suecas-como-en-ikea
https://lacuisinedebernard.com/pistachio-raspberry-heart-of-traou-mad,https://staging.lacuisinedebernard.com/pistachio-raspberry-heart-of-traou-mad
https://lacuisinedebernard.com/pistachio-raspberry-heart-of-traou-mad/,https://staging.lacuisinedebernard.com/pistachio-raspberry-heart-of-traou-mad
https://www.lacuisinedebernard.com/pistachio-raspberry-heart-of-traou-mad,https://staging.lacuisinedebernard.com/pistachio-raspberry-heart-of-traou-mad
https://www.lacuisinedebernard.com/pistachio-raspberry-heart-of-traou-mad/,https://staging.lacuisinedebernard.com/pistachio-raspberry-heart-of-traou-mad
https://lacuisinedebernard.com/%d9%83%d8%b9%d9%83%d8%a9-%d8%a7%d9%84%d8%b1%d8%ae%d8%a7%d9%85,https://staging.lacuisinedebernard.com/%d9%83%d8%b9%d9%83%d8%a9-%d8%a7%d9%84%d8%b1%d8%ae%d8%a7%d9%85
https://lacuisinedebernard.com/%d9%83%d8%b9%d9%83%d8%a9-%d8%a7%d9%84%d8%b1%d8%ae%d8%a7%d9%85/,https://staging.lacuisinedebernard.com/%d9%83%d8%b9%d9%83%d8%a9-%d8%a7%d9%84%d8%b1%d8%ae%d8%a7%d9%85
https://www.lacuisinedebernard.com/%d9%83%d8%b9%d9%83%d8%a9-%d8%a7%d9%84%d8%b1%d8%ae%d8%a7%d9%85,https://staging.lacuisinedebernard.com/%d9%83%d8%b9%d9%83%d8%a9-%d8%a7%d9%84%d8%b1%d8%ae%d8%a7%d9%85
https://www.lacuisinedebernard.com/%d9%83%d8%b9%d9%83%d8%a9-%d8%a7%d9%84%d8%b1%d8%ae%d8%a7%d9%85/,https://staging.lacuisinedebernard.com/%d9%83%d8%b9%d9%83%d8%a9-%d8%a7%d9%84%d8%b1%d8%ae%d8%a7%d9%85
https://lacuisinedebernard.com/%d8%aa%d8%a7%d8%b1%d8%aa%d9%84%d9%8a%d8%aa-%d8%b4%d9%88%d9%83%d9%88%d9%84%d8%a7%d8%aa%d8%a9-%d9%85%d8%a7%d9%86%d8%ac%d9%88-%d9%88%d8%ac%d9%88%d8%b2-%d8%a7%d9%84%d9%87%d9%86%d8%af-%d8%a8%d8%a7%d9%84,https://staging.lacuisinedebernard.com/%d8%aa%d8%a7%d8%b1%d8%aa%d9%84%d9%8a%d8%aa-%d8%b4%d9%88%d9%83%d9%88%d9%84%d8%a7%d8%aa%d8%a9-%d9%85%d8%a7%d9%86%d8%ac%d9%88-%d9%88%d8%ac%d9%88%d8%b2-%d8%a7%d9%84%d9%87%d9%86%d8%af-%d8%a8%d8%a7%d9%84
https://lacuisinedebernard.com/%d8%aa%d8%a7%d8%b1%d8%aa%d9%84%d9%8a%d8%aa-%d8%b4%d9%88%d9%83%d9%88%d9%84%d8%a7%d8%aa%d8%a9-%d9%85%d8%a7%d9%86%d8%ac%d9%88-%d9%88%d8%ac%d9%88%d8%b2-%d8%a7%d9%84%d9%87%d9%86%d8%af-%d8%a8%d8%a7%d9%84/,https://staging.lacuisinedebernard.com/%d8%aa%d8%a7%d8%b1%d8%aa%d9%84%d9%8a%d8%aa-%d8%b4%d9%88%d9%83%d9%88%d9%84%d8%a7%d8%aa%d8%a9-%d9%85%d8%a7%d9%86%d8%ac%d9%88-%d9%88%d8%ac%d9%88%d8%b2-%d8%a7%d9%84%d9%87%d9%86%d8%af-%d8%a8%d8%a7%d9%84
https://www.lacuisinedebernard.com/%d8%aa%d8%a7%d8%b1%d8%aa%d9%84%d9%8a%d8%aa-%d8%b4%d9%88%d9%83%d9%88%d9%84%d8%a7%d8%aa%d8%a9-%d9%85%d8%a7%d9%86%d8%ac%d9%88-%d9%88%d8%ac%d9%88%d8%b2-%d8%a7%d9%84%d9%87%d9%86%d8%af-%d8%a8%d8%a7%d9%84,https://staging.lacuisinedebernard.com/%d8%aa%d8%a7%d8%b1%d8%aa%d9%84%d9%8a%d8%aa-%d8%b4%d9%88%d9%83%d9%88%d9%84%d8%a7%d8%aa%d8%a9-%d9%85%d8%a7%d9%86%d8%ac%d9%88-%d9%88%d8%ac%d9%88%d8%b2-%d8%a7%d9%84%d9%87%d9%86%d8%af-%d8%a8%d8%a7%d9%84
https://www.lacuisinedebernard.com/%d8%aa%d8%a7%d8%b1%d8%aa%d9%84%d9%8a%d8%aa-%d8%b4%d9%88%d9%83%d9%88%d9%84%d8%a7%d8%aa%d8%a9-%d9%85%d8%a7%d9%86%d8%ac%d9%88-%d9%88%d8%ac%d9%88%d8%b2-%d8%a7%d9%84%d9%87%d9%86%d8%af-%d8%a8%d8%a7%d9%84/,https://staging.lacuisinedebernard.com/%d8%aa%d8%a7%d8%b1%d8%aa%d9%84%d9%8a%d8%aa-%d8%b4%d9%88%d9%83%d9%88%d9%84%d8%a7%d8%aa%d8%a9-%d9%85%d8%a7%d9%86%d8%ac%d9%88-%d9%88%d8%ac%d9%88%d8%b2-%d8%a7%d9%84%d9%87%d9%86%d8%af-%d8%a8%d8%a7%d9%84
https://lacuisinedebernard.com/selva-negra,https://staging.lacuisinedebernard.com/selva-negra
https://lacuisinedebernard.com/selva-negra/,https://staging.lacuisinedebernard.com/selva-negra
https://www.lacuisinedebernard.com/selva-negra,https://staging.lacuisinedebernard.com/selva-negra
https://www.lacuisinedebernard.com/selva-negra/,https://staging.lacuisinedebernard.com/selva-negra
https://lacuisinedebernard.com/havreflarn-bolos-de-aveia-suecos-como-no-ikea,https://staging.lacuisinedebernard.com/havreflarn-bolos-de-aveia-suecos-como-no-ikea
https://lacuisinedebernard.com/havreflarn-bolos-de-aveia-suecos-como-no-ikea/,https://staging.lacuisinedebernard.com/havreflarn-bolos-de-aveia-suecos-como-no-ikea
https://www.lacuisinedebernard.com/havreflarn-bolos-de-aveia-suecos-como-no-ikea,https://staging.lacuisinedebernard.com/havreflarn-bolos-de-aveia-suecos-como-no-ikea
https://www.lacuisinedebernard.com/havreflarn-bolos-de-aveia-suecos-como-no-ikea/,https://staging.lacuisinedebernard.com/havreflarn-bolos-de-aveia-suecos-como-no-ikea
https://lacuisinedebernard.com/chouquettes-de-azucar-de-arce,https://staging.lacuisinedebernard.com/chouquettes-de-azucar-de-arce
https://lacuisinedebernard.com/chouquettes-de-azucar-de-arce/,https://staging.lacuisinedebernard.com/chouquettes-de-azucar-de-arce
https://www.lacuisinedebernard.com/chouquettes-de-azucar-de-arce,https://staging.lacuisinedebernard.com/chouquettes-de-azucar-de-arce
https://www.lacuisinedebernard.com/chouquettes-de-azucar-de-arce/,https://staging.lacuisinedebernard.com/chouquettes-de-azucar-de-arce
https://lacuisinedebernard.com/%d9%85%d9%84%d9%81%d8%a7%d8%aa-%d8%aa%d8%b9%d8%b1%d9%8a%d9%81-%d8%a7%d9%84%d8%a7%d8%b1%d8%aa%d8%a8%d8%a7%d8%b7-%d8%a7%d9%84%d8%a8%d8%b0%d9%88%d8%b1,https://staging.lacuisinedebernard.com/%d9%85%d9%84%d9%81%d8%a7%d8%aa-%d8%aa%d8%b9%d8%b1%d9%8a%d9%81-%d8%a7%d9%84%d8%a7%d8%b1%d8%aa%d8%a8%d8%a7%d8%b7-%d8%a7%d9%84%d8%a8%d8%b0%d9%88%d8%b1
https://lacuisinedebernard.com/%d9%85%d9%84%d9%81%d8%a7%d8%aa-%d8%aa%d8%b9%d8%b1%d9%8a%d9%81-%d8%a7%d9%84%d8%a7%d8%b1%d8%aa%d8%a8%d8%a7%d8%b7-%d8%a7%d9%84%d8%a8%d8%b0%d9%88%d8%b1/,https://staging.lacuisinedebernard.com/%d9%85%d9%84%d9%81%d8%a7%d8%aa-%d8%aa%d8%b9%d8%b1%d9%8a%d9%81-%d8%a7%d9%84%d8%a7%d8%b1%d8%aa%d8%a8%d8%a7%d8%b7-%d8%a7%d9%84%d8%a8%d8%b0%d9%88%d8%b1
https://www.lacuisinedebernard.com/%d9%85%d9%84%d9%81%d8%a7%d8%aa-%d8%aa%d8%b9%d8%b1%d9%8a%d9%81-%d8%a7%d9%84%d8%a7%d8%b1%d8%aa%d8%a8%d8%a7%d8%b7-%d8%a7%d9%84%d8%a8%d8%b0%d9%88%d8%b1,https://staging.lacuisinedebernard.com/%d9%85%d9%84%d9%81%d8%a7%d8%aa-%d8%aa%d8%b9%d8%b1%d9%8a%d9%81-%d8%a7%d9%84%d8%a7%d8%b1%d8%aa%d8%a8%d8%a7%d8%b7-%d8%a7%d9%84%d8%a8%d8%b0%d9%88%d8%b1
https://www.lacuisinedebernard.com/%d9%85%d9%84%d9%81%d8%a7%d8%aa-%d8%aa%d8%b9%d8%b1%d9%8a%d9%81-%d8%a7%d9%84%d8%a7%d8%b1%d8%aa%d8%a8%d8%a7%d8%b7-%d8%a7%d9%84%d8%a8%d8%b0%d9%88%d8%b1/,https://staging.lacuisinedebernard.com/%d9%85%d9%84%d9%81%d8%a7%d8%aa-%d8%aa%d8%b9%d8%b1%d9%8a%d9%81-%d8%a7%d9%84%d8%a7%d8%b1%d8%aa%d8%a8%d8%a7%d8%b7-%d8%a7%d9%84%d8%a8%d8%b0%d9%88%d8%b1
https://lacuisinedebernard.com/choc-chip-bars,https://staging.lacuisinedebernard.com/choc-chip-bars
https://lacuisinedebernard.com/choc-chip-bars/,https://staging.lacuisinedebernard.com/choc-chip-bars
https://www.lacuisinedebernard.com/choc-chip-bars,https://staging.lacuisinedebernard.com/choc-chip-bars
https://www.lacuisinedebernard.com/choc-chip-bars/,https://staging.lacuisinedebernard.com/choc-chip-bars
https://lacuisinedebernard.com/chocolate-com-churros,https://staging.lacuisinedebernard.com/chocolate-com-churros
https://lacuisinedebernard.com/chocolate-com-churros/,https://staging.lacuisinedebernard.com/chocolate-com-churros
https://www.lacuisinedebernard.com/chocolate-com-churros,https://staging.lacuisinedebernard.com/chocolate-com-churros
https://www.lacuisinedebernard.com/chocolate-com-churros/,https://staging.lacuisinedebernard.com/chocolate-com-churros
https://lacuisinedebernard.com/chocolates-tailandeses,https://staging.lacuisinedebernard.com/chocolates-tailandeses
https://lacuisinedebernard.com/chocolates-tailandeses/,https://staging.lacuisinedebernard.com/chocolates-tailandeses
https://www.lacuisinedebernard.com/chocolates-tailandeses,https://staging.lacuisinedebernard.com/chocolates-tailandeses
https://www.lacuisinedebernard.com/chocolates-tailandeses/,https://staging.lacuisinedebernard.com/chocolates-tailandeses
https://lacuisinedebernard.com/caramelized-pineapple-coconut-cake,https://staging.lacuisinedebernard.com/caramelized-pineapple-coconut-cake
https://lacuisinedebernard.com/caramelized-pineapple-coconut-cake/,https://staging.lacuisinedebernard.com/caramelized-pineapple-coconut-cake
https://www.lacuisinedebernard.com/caramelized-pineapple-coconut-cake,https://staging.lacuisinedebernard.com/caramelized-pineapple-coconut-cake
https://www.lacuisinedebernard.com/caramelized-pineapple-coconut-cake/,https://staging.lacuisinedebernard.com/caramelized-pineapple-coconut-cake
https://lacuisinedebernard.com/floresta-negra,https://staging.lacuisinedebernard.com/floresta-negra
https://lacuisinedebernard.com/floresta-negra/,https://staging.lacuisinedebernard.com/floresta-negra
https://www.lacuisinedebernard.com/floresta-negra,https://staging.lacuisinedebernard.com/floresta-negra
https://www.lacuisinedebernard.com/floresta-negra/,https://staging.lacuisinedebernard.com/floresta-negra
https://lacuisinedebernard.com/traou-mad-con-arandanos-y-crema-de-castanas,https://staging.lacuisinedebernard.com/traou-mad-con-arandanos-y-crema-de-castanas
https://lacuisinedebernard.com/traou-mad-con-arandanos-y-crema-de-castanas/,https://staging.lacuisinedebernard.com/traou-mad-con-arandanos-y-crema-de-castanas
https://www.lacuisinedebernard.com/traou-mad-con-arandanos-y-crema-de-castanas,https://staging.lacuisinedebernard.com/traou-mad-con-arandanos-y-crema-de-castanas
https://www.lacuisinedebernard.com/traou-mad-con-arandanos-y-crema-de-castanas/,https://staging.lacuisinedebernard.com/traou-mad-con-arandanos-y-crema-de-castanas
https://lacuisinedebernard.com/%d8%a7%d9%86%d9%81%d8%ac%d8%a7%d8%b1-%d8%aa%d8%b1%d8%a7%d9%88-%d8%ac%d9%86%d9%88%d9%86,https://staging.lacuisinedebernard.com/%d8%a7%d9%86%d9%81%d8%ac%d8%a7%d8%b1-%d8%aa%d8%b1%d8%a7%d9%88-%d8%ac%d9%86%d9%88%d9%86
https://lacuisinedebernard.com/%d8%a7%d9%86%d9%81%d8%ac%d8%a7%d8%b1-%d8%aa%d8%b1%d8%a7%d9%88-%d8%ac%d9%86%d9%88%d9%86/,https://staging.lacuisinedebernard.com/%d8%a7%d9%86%d9%81%d8%ac%d8%a7%d8%b1-%d8%aa%d8%b1%d8%a7%d9%88-%d8%ac%d9%86%d9%88%d9%86
https://www.lacuisinedebernard.com/%d8%a7%d9%86%d9%81%d8%ac%d8%a7%d8%b1-%d8%aa%d8%b1%d8%a7%d9%88-%d8%ac%d9%86%d9%88%d9%86,https://staging.lacuisinedebernard.com/%d8%a7%d9%86%d9%81%d8%ac%d8%a7%d8%b1-%d8%aa%d8%b1%d8%a7%d9%88-%d8%ac%d9%86%d9%88%d9%86
https://www.lacuisinedebernard.com/%d8%a7%d9%86%d9%81%d8%ac%d8%a7%d8%b1-%d8%aa%d8%b1%d8%a7%d9%88-%d8%ac%d9%86%d9%88%d9%86/,https://staging.lacuisinedebernard.com/%d8%a7%d9%86%d9%81%d8%ac%d8%a7%d8%b1-%d8%aa%d8%b1%d8%a7%d9%88-%d8%ac%d9%86%d9%88%d9%86
https://lacuisinedebernard.com/chocolate-con-churros,https://staging.lacuisinedebernard.com/chocolate-con-churros
https://lacuisinedebernard.com/chocolate-con-churros/,https://staging.lacuisinedebernard.com/chocolate-con-churros
https://www.lacuisinedebernard.com/chocolate-con-churros,https://staging.lacuisinedebernard.com/chocolate-con-churros
https://www.lacuisinedebernard.com/chocolate-con-churros/,https://staging.lacuisinedebernard.com/chocolate-con-churros
https://lacuisinedebernard.com/%d8%b4%d9%88%d9%83%d9%88%d9%84%d8%a7%d8%aa%d8%a9-%d9%83%d8%b1%d8%a7%d9%85%d9%8a%d9%84-%d9%85%d9%82%d8%b1%d9%85%d8%b4%d8%a9,https://staging.lacuisinedebernard.com/%d8%b4%d9%88%d9%83%d9%88%d9%84%d8%a7%d8%aa%d8%a9-%d9%83%d8%b1%d8%a7%d9%85%d9%8a%d9%84-%d9%85%d9%82%d8%b1%d9%85%d8%b4%d8%a9
https://lacuisinedebernard.com/%d8%b4%d9%88%d9%83%d9%88%d9%84%d8%a7%d8%aa%d8%a9-%d9%83%d8%b1%d8%a7%d9%85%d9%8a%d9%84-%d9%85%d9%82%d8%b1%d9%85%d8%b4%d8%a9/,https://staging.lacuisinedebernard.com/%d8%b4%d9%88%d9%83%d9%88%d9%84%d8%a7%d8%aa%d8%a9-%d9%83%d8%b1%d8%a7%d9%85%d9%8a%d9%84-%d9%85%d9%82%d8%b1%d9%85%d8%b4%d8%a9
https://www.lacuisinedebernard.com/%d8%b4%d9%88%d9%83%d9%88%d9%84%d8%a7%d8%aa%d8%a9-%d9%83%d8%b1%d8%a7%d9%85%d9%8a%d9%84-%d9%85%d9%82%d8%b1%d9%85%d8%b4%d8%a9,https://staging.lacuisinedebernard.com/%d8%b4%d9%88%d9%83%d9%88%d9%84%d8%a7%d8%aa%d8%a9-%d9%83%d8%b1%d8%a7%d9%85%d9%8a%d9%84-%d9%85%d9%82%d8%b1%d9%85%d8%b4%d8%a9
https://www.lacuisinedebernard.com/%d8%b4%d9%88%d9%83%d9%88%d9%84%d8%a7%d8%aa%d8%a9-%d9%83%d8%b1%d8%a7%d9%85%d9%8a%d9%84-%d9%85%d9%82%d8%b1%d9%85%d8%b4%d8%a9/,https://staging.lacuisinedebernard.com/%d8%b4%d9%88%d9%83%d9%88%d9%84%d8%a7%d8%aa%d8%a9-%d9%83%d8%b1%d8%a7%d9%85%d9%8a%d9%84-%d9%85%d9%82%d8%b1%d9%85%d8%b4%d8%a9
https://lacuisinedebernard.com/%d9%83%d8%b9%d9%83%d8%a9-%d8%ac%d9%88%d8%b2-%d8%a7%d9%84%d9%87%d9%86%d8%af-%d8%a8%d8%a7%d9%84%d9%83%d8%b1%d8%a7%d9%85%d9%8a%d9%84-%d9%88%d8%a7%d9%84%d8%a3%d9%86%d8%a7%d9%86%d8%a7%d8%b3,https://staging.lacuisinedebernard.com/%d9%83%d8%b9%d9%83%d8%a9-%d8%ac%d9%88%d8%b2-%d8%a7%d9%84%d9%87%d9%86%d8%af-%d8%a8%d8%a7%d9%84%d9%83%d8%b1%d8%a7%d9%85%d9%8a%d9%84-%d9%88%d8%a7%d9%84%d8%a3%d9%86%d8%a7%d9%86%d8%a7%d8%b3
https://lacuisinedebernard.com/%d9%83%d8%b9%d9%83%d8%a9-%d8%ac%d9%88%d8%b2-%d8%a7%d9%84%d9%87%d9%86%d8%af-%d8%a8%d8%a7%d9%84%d9%83%d8%b1%d8%a7%d9%85%d9%8a%d9%84-%d9%88%d8%a7%d9%84%d8%a3%d9%86%d8%a7%d9%86%d8%a7%d8%b3/,https://staging.lacuisinedebernard.com/%d9%83%d8%b9%d9%83%d8%a9-%d8%ac%d9%88%d8%b2-%d8%a7%d9%84%d9%87%d9%86%d8%af-%d8%a8%d8%a7%d9%84%d9%83%d8%b1%d8%a7%d9%85%d9%8a%d9%84-%d9%88%d8%a7%d9%84%d8%a3%d9%86%d8%a7%d9%86%d8%a7%d8%b3
https://www.lacuisinedebernard.com/%d9%83%d8%b9%d9%83%d8%a9-%d8%ac%d9%88%d8%b2-%d8%a7%d9%84%d9%87%d9%86%d8%af-%d8%a8%d8%a7%d9%84%d9%83%d8%b1%d8%a7%d9%85%d9%8a%d9%84-%d9%88%d8%a7%d9%84%d8%a3%d9%86%d8%a7%d9%86%d8%a7%d8%b3,https://staging.lacuisinedebernard.com/%d9%83%d8%b9%d9%83%d8%a9-%d8%ac%d9%88%d8%b2-%d8%a7%d9%84%d9%87%d9%86%d8%af-%d8%a8%d8%a7%d9%84%d9%83%d8%b1%d8%a7%d9%85%d9%8a%d9%84-%d9%88%d8%a7%d9%84%d8%a3%d9%86%d8%a7%d9%86%d8%a7%d8%b3
https://www.lacuisinedebernard.com/%d9%83%d8%b9%d9%83%d8%a9-%d8%ac%d9%88%d8%b2-%d8%a7%d9%84%d9%87%d9%86%d8%af-%d8%a8%d8%a7%d9%84%d9%83%d8%b1%d8%a7%d9%85%d9%8a%d9%84-%d9%88%d8%a7%d9%84%d8%a3%d9%86%d8%a7%d9%86%d8%a7%d8%b3/,https://staging.lacuisinedebernard.com/%d9%83%d8%b9%d9%83%d8%a9-%d8%ac%d9%88%d8%b2-%d8%a7%d9%84%d9%87%d9%86%d8%af-%d8%a8%d8%a7%d9%84%d9%83%d8%b1%d8%a7%d9%85%d9%8a%d9%84-%d9%88%d8%a7%d9%84%d8%a3%d9%86%d8%a7%d9%86%d8%a7%d8%b3
https://lacuisinedebernard.com/black-forest,https://staging.lacuisinedebernard.com/black-forest
https://lacuisinedebernard.com/black-forest/,https://staging.lacuisinedebernard.com/black-forest
https://www.lacuisinedebernard.com/black-forest,https://staging.lacuisinedebernard.com/black-forest
https://www.lacuisinedebernard.com/black-forest/,https://staging.lacuisinedebernard.com/black-forest
https://lacuisinedebernard.com/valerie-creme-de-chocolate,https://staging.lacuisinedebernard.com/valerie-creme-de-chocolate
https://lacuisinedebernard.com/valerie-creme-de-chocolate/,https://staging.lacuisinedebernard.com/valerie-creme-de-chocolate
https://www.lacuisinedebernard.com/valerie-creme-de-chocolate,https://staging.lacuisinedebernard.com/valerie-creme-de-chocolate
https://www.lacuisinedebernard.com/valerie-creme-de-chocolate/,https://staging.lacuisinedebernard.com/valerie-creme-de-chocolate
https://lacuisinedebernard.com/traou-mad-com-mirtilos-e-creme-de-castanhas,https://staging.lacuisinedebernard.com/traou-mad-com-mirtilos-e-creme-de-castanhas
https://lacuisinedebernard.com/traou-mad-com-mirtilos-e-creme-de-castanhas/,https://staging.lacuisinedebernard.com/traou-mad-com-mirtilos-e-creme-de-castanhas
https://www.lacuisinedebernard.com/traou-mad-com-mirtilos-e-creme-de-castanhas,https://staging.lacuisinedebernard.com/traou-mad-com-mirtilos-e-creme-de-castanhas
https://www.lacuisinedebernard.com/traou-mad-com-mirtilos-e-creme-de-castanhas/,https://staging.lacuisinedebernard.com/traou-mad-com-mirtilos-e-creme-de-castanhas
https://lacuisinedebernard.com/%d8%b4%d9%88%d9%83%d9%88%d9%84%d8%a7%d8%aa%d8%a9-%d9%85%d8%b9-%d9%83%d8%b1%d9%88%d8%b3,https://staging.lacuisinedebernard.com/%d8%b4%d9%88%d9%83%d9%88%d9%84%d8%a7%d8%aa%d8%a9-%d9%85%d8%b9-%d9%83%d8%b1%d9%88%d8%b3
https://lacuisinedebernard.com/%d8%b4%d9%88%d9%83%d9%88%d9%84%d8%a7%d8%aa%d8%a9-%d9%85%d8%b9-%d9%83%d8%b1%d9%88%d8%b3/,https://staging.lacuisinedebernard.com/%d8%b4%d9%88%d9%83%d9%88%d9%84%d8%a7%d8%aa%d8%a9-%d9%85%d8%b9-%d9%83%d8%b1%d9%88%d8%b3
https://www.lacuisinedebernard.com/%d8%b4%d9%88%d9%83%d9%88%d9%84%d8%a7%d8%aa%d8%a9-%d9%85%d8%b9-%d9%83%d8%b1%d9%88%d8%b3,https://staging.lacuisinedebernard.com/%d8%b4%d9%88%d9%83%d9%88%d9%84%d8%a7%d8%aa%d8%a9-%d9%85%d8%b9-%d9%83%d8%b1%d9%88%d8%b3
https://www.lacuisinedebernard.com/%d8%b4%d9%88%d9%83%d9%88%d9%84%d8%a7%d8%aa%d8%a9-%d9%85%d8%b9-%d9%83%d8%b1%d9%88%d8%b3/,https://staging.lacuisinedebernard.com/%d8%b4%d9%88%d9%83%d9%88%d9%84%d8%a7%d8%aa%d8%a9-%d9%85%d8%b9-%d9%83%d8%b1%d9%88%d8%b3
https://lacuisinedebernard.com/granola-house-extra-crispy,https://staging.lacuisinedebernard.com/granola-house-extra-crispy
https://lacuisinedebernard.com/granola-house-extra-crispy/,https://staging.lacuisinedebernard.com/granola-house-extra-crispy
https://www.lacuisinedebernard.com/granola-house-extra-crispy,https://staging.lacuisinedebernard.com/granola-house-extra-crispy
https://www.lacuisinedebernard.com/granola-house-extra-crispy/,https://staging.lacuisinedebernard.com/granola-house-extra-crispy
https://lacuisinedebernard.com/%d8%ba%d8%a7%d8%a8%d8%a9-%d8%b3%d9%88%d8%af%d8%a7%d8%a1,https://staging.lacuisinedebernard.com/%d8%ba%d8%a7%d8%a8%d8%a9-%d8%b3%d9%88%d8%af%d8%a7%d8%a1
https://lacuisinedebernard.com/%d8%ba%d8%a7%d8%a8%d8%a9-%d8%b3%d9%88%d8%af%d8%a7%d8%a1/,https://staging.lacuisinedebernard.com/%d8%ba%d8%a7%d8%a8%d8%a9-%d8%b3%d9%88%d8%af%d8%a7%d8%a1
https://www.lacuisinedebernard.com/%d8%ba%d8%a7%d8%a8%d8%a9-%d8%b3%d9%88%d8%af%d8%a7%d8%a1,https://staging.lacuisinedebernard.com/%d8%ba%d8%a7%d8%a8%d8%a9-%d8%b3%d9%88%d8%af%d8%a7%d8%a1
https://www.lacuisinedebernard.com/%d8%ba%d8%a7%d8%a8%d8%a9-%d8%b3%d9%88%d8%af%d8%a7%d8%a1/,https://staging.lacuisinedebernard.com/%d8%ba%d8%a7%d8%a8%d8%a9-%d8%b3%d9%88%d8%af%d8%a7%d8%a1
https://lacuisinedebernard.com/traou-mad-with-blueberries-and-chestnut-cream,https://staging.lacuisinedebernard.com/traou-mad-with-blueberries-and-chestnut-cream
https://lacuisinedebernard.com/traou-mad-with-blueberries-and-chestnut-cream/,https://staging.lacuisinedebernard.com/traou-mad-with-blueberries-and-chestnut-cream
https://www.lacuisinedebernard.com/traou-mad-with-blueberries-and-chestnut-cream,https://staging.lacuisinedebernard.com/traou-mad-with-blueberries-and-chestnut-cream
https://www.lacuisinedebernard.com/traou-mad-with-blueberries-and-chestnut-cream/,https://staging.lacuisinedebernard.com/traou-mad-with-blueberries-and-chestnut-cream
https://lacuisinedebernard.com/%d9%85%d8%a7%d9%83%d8%b1%d9%88%d9%86-%d8%b4%d9%88%d9%83%d9%88%d9%84%d8%a7%d8%aa%d8%a9-%d9%83%d8%b1%d8%a7%d9%85%d9%8a%d9%84,https://staging.lacuisinedebernard.com/%d9%85%d8%a7%d9%83%d8%b1%d9%88%d9%86-%d8%b4%d9%88%d9%83%d9%88%d9%84%d8%a7%d8%aa%d8%a9-%d9%83%d8%b1%d8%a7%d9%85%d9%8a%d9%84
https://lacuisinedebernard.com/%d9%85%d8%a7%d9%83%d8%b1%d9%88%d9%86-%d8%b4%d9%88%d9%83%d9%88%d9%84%d8%a7%d8%aa%d8%a9-%d9%83%d8%b1%d8%a7%d9%85%d9%8a%d9%84/,https://staging.lacuisinedebernard.com/%d9%85%d8%a7%d9%83%d8%b1%d9%88%d9%86-%d8%b4%d9%88%d9%83%d9%88%d9%84%d8%a7%d8%aa%d8%a9-%d9%83%d8%b1%d8%a7%d9%85%d9%8a%d9%84
https://www.lacuisinedebernard.com/%d9%85%d8%a7%d9%83%d8%b1%d9%88%d9%86-%d8%b4%d9%88%d9%83%d9%88%d9%84%d8%a7%d8%aa%d8%a9-%d9%83%d8%b1%d8%a7%d9%85%d9%8a%d9%84,https://staging.lacuisinedebernard.com/%d9%85%d8%a7%d9%83%d8%b1%d9%88%d9%86-%d8%b4%d9%88%d9%83%d9%88%d9%84%d8%a7%d8%aa%d8%a9-%d9%83%d8%b1%d8%a7%d9%85%d9%8a%d9%84
https://www.lacuisinedebernard.com/%d9%85%d8%a7%d9%83%d8%b1%d9%88%d9%86-%d8%b4%d9%88%d9%83%d9%88%d9%84%d8%a7%d8%aa%d8%a9-%d9%83%d8%b1%d8%a7%d9%85%d9%8a%d9%84/,https://staging.lacuisinedebernard.com/%d9%85%d8%a7%d9%83%d8%b1%d9%88%d9%86-%d8%b4%d9%88%d9%83%d9%88%d9%84%d8%a7%d8%aa%d8%a9-%d9%83%d8%b1%d8%a7%d9%85%d9%8a%d9%84
https://lacuisinedebernard.com/granola-casa-extra-crocante,https://staging.lacuisinedebernard.com/granola-casa-extra-crocante
https://lacuisinedebernard.com/granola-casa-extra-crocante/,https://staging.lacuisinedebernard.com/granola-casa-extra-crocante
https://www.lacuisinedebernard.com/granola-casa-extra-crocante,https://staging.lacuisinedebernard.com/granola-casa-extra-crocante
https://www.lacuisinedebernard.com/granola-casa-extra-crocante/,https://staging.lacuisinedebernard.com/granola-casa-extra-crocante
https://lacuisinedebernard.com/explosao-traou-mad,https://staging.lacuisinedebernard.com/explosao-traou-mad
https://lacuisinedebernard.com/explosao-traou-mad/,https://staging.lacuisinedebernard.com/explosao-traou-mad
https://www.lacuisinedebernard.com/explosao-traou-mad,https://staging.lacuisinedebernard.com/explosao-traou-mad
https://www.lacuisinedebernard.com/explosao-traou-mad/,https://staging.lacuisinedebernard.com/explosao-traou-mad
https://lacuisinedebernard.com/%d8%aa%d8%b1%d8%a7%d9%88-%d9%85%d8%a7%d8%af-%d8%a8%d8%a7%d9%84%d8%aa%d9%88%d8%aa-%d9%88-%d9%83%d8%b1%d9%8a%d9%85%d8%a9-%d8%a7%d9%84%d9%83%d8%b3%d8%aa%d9%86%d8%a7%d8%a1,https://staging.lacuisinedebernard.com/%d8%aa%d8%b1%d8%a7%d9%88-%d9%85%d8%a7%d8%af-%d8%a8%d8%a7%d9%84%d8%aa%d9%88%d8%aa-%d9%88-%d9%83%d8%b1%d9%8a%d9%85%d8%a9-%d8%a7%d9%84%d9%83%d8%b3%d8%aa%d9%86%d8%a7%d8%a1
https://lacuisinedebernard.com/%d8%aa%d8%b1%d8%a7%d9%88-%d9%85%d8%a7%d8%af-%d8%a8%d8%a7%d9%84%d8%aa%d9%88%d8%aa-%d9%88-%d9%83%d8%b1%d9%8a%d9%85%d8%a9-%d8%a7%d9%84%d9%83%d8%b3%d8%aa%d9%86%d8%a7%d8%a1/,https://staging.lacuisinedebernard.com/%d8%aa%d8%b1%d8%a7%d9%88-%d9%85%d8%a7%d8%af-%d8%a8%d8%a7%d9%84%d8%aa%d9%88%d8%aa-%d9%88-%d9%83%d8%b1%d9%8a%d9%85%d8%a9-%d8%a7%d9%84%d9%83%d8%b3%d8%aa%d9%86%d8%a7%d8%a1
https://www.lacuisinedebernard.com/%d8%aa%d8%b1%d8%a7%d9%88-%d9%85%d8%a7%d8%af-%d8%a8%d8%a7%d9%84%d8%aa%d9%88%d8%aa-%d9%88-%d9%83%d8%b1%d9%8a%d9%85%d8%a9-%d8%a7%d9%84%d9%83%d8%b3%d8%aa%d9%86%d8%a7%d8%a1,https://staging.lacuisinedebernard.com/%d8%aa%d8%b1%d8%a7%d9%88-%d9%85%d8%a7%d8%af-%d8%a8%d8%a7%d9%84%d8%aa%d9%88%d8%aa-%d9%88-%d9%83%d8%b1%d9%8a%d9%85%d8%a9-%d8%a7%d9%84%d9%83%d8%b3%d8%aa%d9%86%d8%a7%d8%a1
https://www.lacuisinedebernard.com/%d8%aa%d8%b1%d8%a7%d9%88-%d9%85%d8%a7%d8%af-%d8%a8%d8%a7%d9%84%d8%aa%d9%88%d8%aa-%d9%88-%d9%83%d8%b1%d9%8a%d9%85%d8%a9-%d8%a7%d9%84%d9%83%d8%b3%d8%aa%d9%86%d8%a7%d8%a1/,https://staging.lacuisinedebernard.com/%d8%aa%d8%b1%d8%a7%d9%88-%d9%85%d8%a7%d8%af-%d8%a8%d8%a7%d9%84%d8%aa%d9%88%d8%aa-%d9%88-%d9%83%d8%b1%d9%8a%d9%85%d8%a9-%d8%a7%d9%84%d9%83%d8%b3%d8%aa%d9%86%d8%a7%d8%a1
https://lacuisinedebernard.com/%d8%a7%d9%84%d9%81%d8%b7%d8%a7%d8%a6%d8%b1,https://staging.lacuisinedebernard.com/%d8%a7%d9%84%d9%81%d8%b7%d8%a7%d8%a6%d8%b1
https://lacuisinedebernard.com/%d8%a7%d9%84%d9%81%d8%b7%d8%a7%d8%a6%d8%b1/,https://staging.lacuisinedebernard.com/%d8%a7%d9%84%d9%81%d8%b7%d8%a7%d8%a6%d8%b1
https://www.lacuisinedebernard.com/%d8%a7%d9%84%d9%81%d8%b7%d8%a7%d8%a6%d8%b1,https://staging.lacuisinedebernard.com/%d8%a7%d9%84%d9%81%d8%b7%d8%a7%d8%a6%d8%b1
https://www.lacuisinedebernard.com/%d8%a7%d9%84%d9%81%d8%b7%d8%a7%d8%a6%d8%b1/,https://staging.lacuisinedebernard.com/%d8%a7%d9%84%d9%81%d8%b7%d8%a7%d8%a6%d8%b1
https://lacuisinedebernard.com/macaroons-base-without-filling,https://staging.lacuisinedebernard.com/macaroons-base-without-filling
https://lacuisinedebernard.com/macaroons-base-without-filling/,https://staging.lacuisinedebernard.com/macaroons-base-without-filling
https://www.lacuisinedebernard.com/macaroons-base-without-filling,https://staging.lacuisinedebernard.com/macaroons-base-without-filling
https://www.lacuisinedebernard.com/macaroons-base-without-filling/,https://staging.lacuisinedebernard.com/macaroons-base-without-filling
https://lacuisinedebernard.com/cheesecake-de-baunilha-duplo,https://staging.lacuisinedebernard.com/cheesecake-de-baunilha-duplo
https://lacuisinedebernard.com/cheesecake-de-baunilha-duplo/,https://staging.lacuisinedebernard.com/cheesecake-de-baunilha-duplo
https://www.lacuisinedebernard.com/cheesecake-de-baunilha-duplo,https://staging.lacuisinedebernard.com/cheesecake-de-baunilha-duplo
https://www.lacuisinedebernard.com/cheesecake-de-baunilha-duplo/,https://staging.lacuisinedebernard.com/cheesecake-de-baunilha-duplo
https://lacuisinedebernard.com/guijarros-de-almendra-y-canela,https://staging.lacuisinedebernard.com/guijarros-de-almendra-y-canela
https://lacuisinedebernard.com/guijarros-de-almendra-y-canela/,https://staging.lacuisinedebernard.com/guijarros-de-almendra-y-canela
https://www.lacuisinedebernard.com/guijarros-de-almendra-y-canela,https://staging.lacuisinedebernard.com/guijarros-de-almendra-y-canela
https://www.lacuisinedebernard.com/guijarros-de-almendra-y-canela/,https://staging.lacuisinedebernard.com/guijarros-de-almendra-y-canela
https://lacuisinedebernard.com/panna-cotta-with-vanilla-pears,https://staging.lacuisinedebernard.com/panna-cotta-with-vanilla-pears
https://lacuisinedebernard.com/panna-cotta-with-vanilla-pears/,https://staging.lacuisinedebernard.com/panna-cotta-with-vanilla-pears
https://www.lacuisinedebernard.com/panna-cotta-with-vanilla-pears,https://staging.lacuisinedebernard.com/panna-cotta-with-vanilla-pears
https://www.lacuisinedebernard.com/panna-cotta-with-vanilla-pears/,https://staging.lacuisinedebernard.com/panna-cotta-with-vanilla-pears
https://lacuisinedebernard.com/nougatine-dentelle-de-sesame-com-praline-de-avela,https://staging.lacuisinedebernard.com/nougatine-dentelle-de-sesame-com-praline-de-avela
https://lacuisinedebernard.com/nougatine-dentelle-de-sesame-com-praline-de-avela/,https://staging.lacuisinedebernard.com/nougatine-dentelle-de-sesame-com-praline-de-avela
https://www.lacuisinedebernard.com/nougatine-dentelle-de-sesame-com-praline-de-avela,https://staging.lacuisinedebernard.com/nougatine-dentelle-de-sesame-com-praline-de-avela
https://www.lacuisinedebernard.com/nougatine-dentelle-de-sesame-com-praline-de-avela/,https://staging.lacuisinedebernard.com/nougatine-dentelle-de-sesame-com-praline-de-avela
https://lacuisinedebernard.com/macarrones-de-avellana-y-cafe,https://staging.lacuisinedebernard.com/macarrones-de-avellana-y-cafe
https://lacuisinedebernard.com/macarrones-de-avellana-y-cafe/,https://staging.lacuisinedebernard.com/macarrones-de-avellana-y-cafe
https://www.lacuisinedebernard.com/macarrones-de-avellana-y-cafe,https://staging.lacuisinedebernard.com/macarrones-de-avellana-y-cafe
https://www.lacuisinedebernard.com/macarrones-de-avellana-y-cafe/,https://staging.lacuisinedebernard.com/macarrones-de-avellana-y-cafe
https://lacuisinedebernard.com/chifres-de-gazela-marroquino,https://staging.lacuisinedebernard.com/chifres-de-gazela-marroquino
https://lacuisinedebernard.com/chifres-de-gazela-marroquino/,https://staging.lacuisinedebernard.com/chifres-de-gazela-marroquino
https://www.lacuisinedebernard.com/chifres-de-gazela-marroquino,https://staging.lacuisinedebernard.com/chifres-de-gazela-marroquino
https://www.lacuisinedebernard.com/chifres-de-gazela-marroquino/,https://staging.lacuisinedebernard.com/chifres-de-gazela-marroquino
https://lacuisinedebernard.com/thousand-hole-pancakes-baghrir,https://staging.lacuisinedebernard.com/thousand-hole-pancakes-baghrir
https://lacuisinedebernard.com/thousand-hole-pancakes-baghrir/,https://staging.lacuisinedebernard.com/thousand-hole-pancakes-baghrir
https://www.lacuisinedebernard.com/thousand-hole-pancakes-baghrir,https://staging.lacuisinedebernard.com/thousand-hole-pancakes-baghrir
https://www.lacuisinedebernard.com/thousand-hole-pancakes-baghrir/,https://staging.lacuisinedebernard.com/thousand-hole-pancakes-baghrir
https://lacuisinedebernard.com/%d9%85%d8%a7%d9%83%d9%8a%d9%88%d8%b3,https://staging.lacuisinedebernard.com/%d9%85%d8%a7%d9%83%d9%8a%d9%88%d8%b3
https://lacuisinedebernard.com/%d9%85%d8%a7%d9%83%d9%8a%d9%88%d8%b3/,https://staging.lacuisinedebernard.com/%d9%85%d8%a7%d9%83%d9%8a%d9%88%d8%b3
https://www.lacuisinedebernard.com/%d9%85%d8%a7%d9%83%d9%8a%d9%88%d8%b3,https://staging.lacuisinedebernard.com/%d9%85%d8%a7%d9%83%d9%8a%d9%88%d8%b3
https://www.lacuisinedebernard.com/%d9%85%d8%a7%d9%83%d9%8a%d9%88%d8%b3/,https://staging.lacuisinedebernard.com/%d9%85%d8%a7%d9%83%d9%8a%d9%88%d8%b3
https://lacuisinedebernard.com/pudim-de-leite-%d9%83%d8%b1%d9%8a%d9%85-%d8%a8%d8%b1%d8%a7%d8%b2%d9%8a%d9%84%d9%8a-%d9%85%d9%82%d9%84%d9%88%d8%a8,https://staging.lacuisinedebernard.com/pudim-de-leite-%d9%83%d8%b1%d9%8a%d9%85-%d8%a8%d8%b1%d8%a7%d8%b2%d9%8a%d9%84%d9%8a-%d9%85%d9%82%d9%84%d9%88%d8%a8
https://lacuisinedebernard.com/pudim-de-leite-%d9%83%d8%b1%d9%8a%d9%85-%d8%a8%d8%b1%d8%a7%d8%b2%d9%8a%d9%84%d9%8a-%d9%85%d9%82%d9%84%d9%88%d8%a8/,https://staging.lacuisinedebernard.com/pudim-de-leite-%d9%83%d8%b1%d9%8a%d9%85-%d8%a8%d8%b1%d8%a7%d8%b2%d9%8a%d9%84%d9%8a-%d9%85%d9%82%d9%84%d9%88%d8%a8
https://www.lacuisinedebernard.com/pudim-de-leite-%d9%83%d8%b1%d9%8a%d9%85-%d8%a8%d8%b1%d8%a7%d8%b2%d9%8a%d9%84%d9%8a-%d9%85%d9%82%d9%84%d9%88%d8%a8,https://staging.lacuisinedebernard.com/pudim-de-leite-%d9%83%d8%b1%d9%8a%d9%85-%d8%a8%d8%b1%d8%a7%d8%b2%d9%8a%d9%84%d9%8a-%d9%85%d9%82%d9%84%d9%88%d8%a8
https://www.lacuisinedebernard.com/pudim-de-leite-%d9%83%d8%b1%d9%8a%d9%85-%d8%a8%d8%b1%d8%a7%d8%b2%d9%8a%d9%84%d9%8a-%d9%85%d9%82%d9%84%d9%88%d8%a8/,https://staging.lacuisinedebernard.com/pudim-de-leite-%d9%83%d8%b1%d9%8a%d9%85-%d8%a8%d8%b1%d8%a7%d8%b2%d9%8a%d9%84%d9%8a-%d9%85%d9%82%d9%84%d9%88%d8%a8
https://lacuisinedebernard.com/%d8%a8%d8%a7%d9%86%d8%a7-%d9%83%d9%88%d8%aa%d8%a7-%d9%85%d8%b9-%d8%a7%d9%84%d9%81%d8%a7%d9%86%d9%8a%d9%84%d9%8a%d8%a7-%d8%a7%d9%84%d9%83%d9%85%d8%ab%d8%b1%d9%89,https://staging.lacuisinedebernard.com/%d8%a8%d8%a7%d9%86%d8%a7-%d9%83%d9%88%d8%aa%d8%a7-%d9%85%d8%b9-%d8%a7%d9%84%d9%81%d8%a7%d9%86%d9%8a%d9%84%d9%8a%d8%a7-%d8%a7%d9%84%d9%83%d9%85%d8%ab%d8%b1%d9%89
https://lacuisinedebernard.com/%d8%a8%d8%a7%d9%86%d8%a7-%d9%83%d9%88%d8%aa%d8%a7-%d9%85%d8%b9-%d8%a7%d9%84%d9%81%d8%a7%d9%86%d9%8a%d9%84%d9%8a%d8%a7-%d8%a7%d9%84%d9%83%d9%85%d8%ab%d8%b1%d9%89/,https://staging.lacuisinedebernard.com/%d8%a8%d8%a7%d9%86%d8%a7-%d9%83%d9%88%d8%aa%d8%a7-%d9%85%d8%b9-%d8%a7%d9%84%d9%81%d8%a7%d9%86%d9%8a%d9%84%d9%8a%d8%a7-%d8%a7%d9%84%d9%83%d9%85%d8%ab%d8%b1%d9%89
https://www.lacuisinedebernard.com/%d8%a8%d8%a7%d9%86%d8%a7-%d9%83%d9%88%d8%aa%d8%a7-%d9%85%d8%b9-%d8%a7%d9%84%d9%81%d8%a7%d9%86%d9%8a%d9%84%d9%8a%d8%a7-%d8%a7%d9%84%d9%83%d9%85%d8%ab%d8%b1%d9%89,https://staging.lacuisinedebernard.com/%d8%a8%d8%a7%d9%86%d8%a7-%d9%83%d9%88%d8%aa%d8%a7-%d9%85%d8%b9-%d8%a7%d9%84%d9%81%d8%a7%d9%86%d9%8a%d9%84%d9%8a%d8%a7-%d8%a7%d9%84%d9%83%d9%85%d8%ab%d8%b1%d9%89
https://www.lacuisinedebernard.com/%d8%a8%d8%a7%d9%86%d8%a7-%d9%83%d9%88%d8%aa%d8%a7-%d9%85%d8%b9-%d8%a7%d9%84%d9%81%d8%a7%d9%86%d9%8a%d9%84%d9%8a%d8%a7-%d8%a7%d9%84%d9%83%d9%85%d8%ab%d8%b1%d9%89/,https://staging.lacuisinedebernard.com/%d8%a8%d8%a7%d9%86%d8%a7-%d9%83%d9%88%d8%aa%d8%a7-%d9%85%d8%b9-%d8%a7%d9%84%d9%81%d8%a7%d9%86%d9%8a%d9%84%d9%8a%d8%a7-%d8%a7%d9%84%d9%83%d9%85%d8%ab%d8%b1%d9%89
https://lacuisinedebernard.com/double-vanilla-cheesecake,https://staging.lacuisinedebernard.com/double-vanilla-cheesecake
https://lacuisinedebernard.com/double-vanilla-cheesecake/,https://staging.lacuisinedebernard.com/double-vanilla-cheesecake
https://www.lacuisinedebernard.com/double-vanilla-cheesecake,https://staging.lacuisinedebernard.com/double-vanilla-cheesecake
https://www.lacuisinedebernard.com/double-vanilla-cheesecake/,https://staging.lacuisinedebernard.com/double-vanilla-cheesecake
https://lacuisinedebernard.com/macaroons-de-avela-cafe,https://staging.lacuisinedebernard.com/macaroons-de-avela-cafe
https://lacuisinedebernard.com/macaroons-de-avela-cafe/,https://staging.lacuisinedebernard.com/macaroons-de-avela-cafe
https://www.lacuisinedebernard.com/macaroons-de-avela-cafe,https://staging.lacuisinedebernard.com/macaroons-de-avela-cafe
https://www.lacuisinedebernard.com/macaroons-de-avela-cafe/,https://staging.lacuisinedebernard.com/macaroons-de-avela-cafe
https://lacuisinedebernard.com/nougatine-dentelle-of-sesame-with-hazelnut-praline,https://staging.lacuisinedebernard.com/nougatine-dentelle-of-sesame-with-hazelnut-praline
https://lacuisinedebernard.com/nougatine-dentelle-of-sesame-with-hazelnut-praline/,https://staging.lacuisinedebernard.com/nougatine-dentelle-of-sesame-with-hazelnut-praline
https://www.lacuisinedebernard.com/nougatine-dentelle-of-sesame-with-hazelnut-praline,https://staging.lacuisinedebernard.com/nougatine-dentelle-of-sesame-with-hazelnut-praline
https://www.lacuisinedebernard.com/nougatine-dentelle-of-sesame-with-hazelnut-praline/,https://staging.lacuisinedebernard.com/nougatine-dentelle-of-sesame-with-hazelnut-praline
https://lacuisinedebernard.com/%d8%ab%d8%a7%d9%88%d8%b2%d9%86%d8%af-%d9%87%d9%88%d9%84-%d8%a8%d8%a7%d9%86-%d9%83%d9%8a%d9%83-%d8%a8%d8%ba%d8%b1%d9%8a%d8%b1,https://staging.lacuisinedebernard.com/%d8%ab%d8%a7%d9%88%d8%b2%d9%86%d8%af-%d9%87%d9%88%d9%84-%d8%a8%d8%a7%d9%86-%d9%83%d9%8a%d9%83-%d8%a8%d8%ba%d8%b1%d9%8a%d8%b1
https://lacuisinedebernard.com/%d8%ab%d8%a7%d9%88%d8%b2%d9%86%d8%af-%d9%87%d9%88%d9%84-%d8%a8%d8%a7%d9%86-%d9%83%d9%8a%d9%83-%d8%a8%d8%ba%d8%b1%d9%8a%d8%b1/,https://staging.lacuisinedebernard.com/%d8%ab%d8%a7%d9%88%d8%b2%d9%86%d8%af-%d9%87%d9%88%d9%84-%d8%a8%d8%a7%d9%86-%d9%83%d9%8a%d9%83-%d8%a8%d8%ba%d8%b1%d9%8a%d8%b1
https://www.lacuisinedebernard.com/%d8%ab%d8%a7%d9%88%d8%b2%d9%86%d8%af-%d9%87%d9%88%d9%84-%d8%a8%d8%a7%d9%86-%d9%83%d9%8a%d9%83-%d8%a8%d8%ba%d8%b1%d9%8a%d8%b1,https://staging.lacuisinedebernard.com/%d8%ab%d8%a7%d9%88%d8%b2%d9%86%d8%af-%d9%87%d9%88%d9%84-%d8%a8%d8%a7%d9%86-%d9%83%d9%8a%d9%83-%d8%a8%d8%ba%d8%b1%d9%8a%d8%b1
https://www.lacuisinedebernard.com/%d8%ab%d8%a7%d9%88%d8%b2%d9%86%d8%af-%d9%87%d9%88%d9%84-%d8%a8%d8%a7%d9%86-%d9%83%d9%8a%d9%83-%d8%a8%d8%ba%d8%b1%d9%8a%d8%b1/,https://staging.lacuisinedebernard.com/%d8%ab%d8%a7%d9%88%d8%b2%d9%86%d8%af-%d9%87%d9%88%d9%84-%d8%a8%d8%a7%d9%86-%d9%83%d9%8a%d9%83-%d8%a8%d8%ba%d8%b1%d9%8a%d8%b1
https://lacuisinedebernard.com/%d9%85%d8%a7%d9%83%d8%a7%d8%b1%d9%88%d9%86%d8%b3-%d9%82%d8%a7%d8%b9%d8%af%d8%a9-%d8%a8%d8%af%d9%88%d9%86-%d8%ad%d8%b4%d9%88%d8%a9,https://staging.lacuisinedebernard.com/%d9%85%d8%a7%d9%83%d8%a7%d8%b1%d9%88%d9%86%d8%b3-%d9%82%d8%a7%d8%b9%d8%af%d8%a9-%d8%a8%d8%af%d9%88%d9%86-%d8%ad%d8%b4%d9%88%d8%a9
https://lacuisinedebernard.com/%d9%85%d8%a7%d9%83%d8%a7%d8%b1%d9%88%d9%86%d8%b3-%d9%82%d8%a7%d8%b9%d8%af%d8%a9-%d8%a8%d8%af%d9%88%d9%86-%d8%ad%d8%b4%d9%88%d8%a9/,https://staging.lacuisinedebernard.com/%d9%85%d8%a7%d9%83%d8%a7%d8%b1%d9%88%d9%86%d8%b3-%d9%82%d8%a7%d8%b9%d8%af%d8%a9-%d8%a8%d8%af%d9%88%d9%86-%d8%ad%d8%b4%d9%88%d8%a9
https://www.lacuisinedebernard.com/%d9%85%d8%a7%d9%83%d8%a7%d8%b1%d9%88%d9%86%d8%b3-%d9%82%d8%a7%d8%b9%d8%af%d8%a9-%d8%a8%d8%af%d9%88%d9%86-%d8%ad%d8%b4%d9%88%d8%a9,https://staging.lacuisinedebernard.com/%d9%85%d8%a7%d9%83%d8%a7%d8%b1%d9%88%d9%86%d8%b3-%d9%82%d8%a7%d8%b9%d8%af%d8%a9-%d8%a8%d8%af%d9%88%d9%86-%d8%ad%d8%b4%d9%88%d8%a9
https://www.lacuisinedebernard.com/%d9%85%d8%a7%d9%83%d8%a7%d8%b1%d9%88%d9%86%d8%b3-%d9%82%d8%a7%d8%b9%d8%af%d8%a9-%d8%a8%d8%af%d9%88%d9%86-%d8%ad%d8%b4%d9%88%d8%a9/,https://staging.lacuisinedebernard.com/%d9%85%d8%a7%d9%83%d8%a7%d8%b1%d9%88%d9%86%d8%b3-%d9%82%d8%a7%d8%b9%d8%af%d8%a9-%d8%a8%d8%af%d9%88%d9%86-%d8%ad%d8%b4%d9%88%d8%a9
https://lacuisinedebernard.com/seixos-de-amendoa-e-de-canela,https://staging.lacuisinedebernard.com/seixos-de-amendoa-e-de-canela
https://lacuisinedebernard.com/seixos-de-amendoa-e-de-canela/,https://staging.lacuisinedebernard.com/seixos-de-amendoa-e-de-canela
https://www.lacuisinedebernard.com/seixos-de-amendoa-e-de-canela,https://staging.lacuisinedebernard.com/seixos-de-amendoa-e-de-canela
https://www.lacuisinedebernard.com/seixos-de-amendoa-e-de-canela/,https://staging.lacuisinedebernard.com/seixos-de-amendoa-e-de-canela
https://lacuisinedebernard.com/moroccan-gazelle-horns,https://staging.lacuisinedebernard.com/moroccan-gazelle-horns
https://lacuisinedebernard.com/moroccan-gazelle-horns/,https://staging.lacuisinedebernard.com/moroccan-gazelle-horns
https://www.lacuisinedebernard.com/moroccan-gazelle-horns,https://staging.lacuisinedebernard.com/moroccan-gazelle-horns
https://www.lacuisinedebernard.com/moroccan-gazelle-horns/,https://staging.lacuisinedebernard.com/moroccan-gazelle-horns
https://lacuisinedebernard.com/crujientes-de-chocolate-y-almendra,https://staging.lacuisinedebernard.com/crujientes-de-chocolate-y-almendra
https://lacuisinedebernard.com/crujientes-de-chocolate-y-almendra/,https://staging.lacuisinedebernard.com/crujientes-de-chocolate-y-almendra
https://www.lacuisinedebernard.com/crujientes-de-chocolate-y-almendra,https://staging.lacuisinedebernard.com/crujientes-de-chocolate-y-almendra
https://www.lacuisinedebernard.com/crujientes-de-chocolate-y-almendra/,https://staging.lacuisinedebernard.com/crujientes-de-chocolate-y-almendra
https://lacuisinedebernard.com/tartas-de-chocolate-con-especias-extra-crujientes,https://staging.lacuisinedebernard.com/tartas-de-chocolate-con-especias-extra-crujientes
https://lacuisinedebernard.com/tartas-de-chocolate-con-especias-extra-crujientes/,https://staging.lacuisinedebernard.com/tartas-de-chocolate-con-especias-extra-crujientes
https://www.lacuisinedebernard.com/tartas-de-chocolate-con-especias-extra-crujientes,https://staging.lacuisinedebernard.com/tartas-de-chocolate-con-especias-extra-crujientes
https://www.lacuisinedebernard.com/tartas-de-chocolate-con-especias-extra-crujientes/,https://staging.lacuisinedebernard.com/tartas-de-chocolate-con-especias-extra-crujientes
https://lacuisinedebernard.com/%d8%af%d8%a8%d9%84-%d8%aa%d8%b4%d9%8a%d8%b2-%d9%83%d9%8a%d9%83-%d9%81%d8%a7%d9%86%d9%8a%d9%84%d8%a7,https://staging.lacuisinedebernard.com/%d8%af%d8%a8%d9%84-%d8%aa%d8%b4%d9%8a%d8%b2-%d9%83%d9%8a%d9%83-%d9%81%d8%a7%d9%86%d9%8a%d9%84%d8%a7
https://lacuisinedebernard.com/%d8%af%d8%a8%d9%84-%d8%aa%d8%b4%d9%8a%d8%b2-%d9%83%d9%8a%d9%83-%d9%81%d8%a7%d9%86%d9%8a%d9%84%d8%a7/,https://staging.lacuisinedebernard.com/%d8%af%d8%a8%d9%84-%d8%aa%d8%b4%d9%8a%d8%b2-%d9%83%d9%8a%d9%83-%d9%81%d8%a7%d9%86%d9%8a%d9%84%d8%a7
https://www.lacuisinedebernard.com/%d8%af%d8%a8%d9%84-%d8%aa%d8%b4%d9%8a%d8%b2-%d9%83%d9%8a%d9%83-%d9%81%d8%a7%d9%86%d9%8a%d9%84%d8%a7,https://staging.lacuisinedebernard.com/%d8%af%d8%a8%d9%84-%d8%aa%d8%b4%d9%8a%d8%b2-%d9%83%d9%8a%d9%83-%d9%81%d8%a7%d9%86%d9%8a%d9%84%d8%a7
https://www.lacuisinedebernard.com/%d8%af%d8%a8%d9%84-%d8%aa%d8%b4%d9%8a%d8%b2-%d9%83%d9%8a%d9%83-%d9%81%d8%a7%d9%86%d9%8a%d9%84%d8%a7/,https://staging.lacuisinedebernard.com/%d8%af%d8%a8%d9%84-%d8%aa%d8%b4%d9%8a%d8%b2-%d9%83%d9%8a%d9%83-%d9%81%d8%a7%d9%86%d9%8a%d9%84%d8%a7
https://lacuisinedebernard.com/hazelnut-coffee-macaroons,https://staging.lacuisinedebernard.com/hazelnut-coffee-macaroons
https://lacuisinedebernard.com/hazelnut-coffee-macaroons/,https://staging.lacuisinedebernard.com/hazelnut-coffee-macaroons
https://www.lacuisinedebernard.com/hazelnut-coffee-macaroons,https://staging.lacuisinedebernard.com/hazelnut-coffee-macaroons
https://www.lacuisinedebernard.com/hazelnut-coffee-macaroons/,https://staging.lacuisinedebernard.com/hazelnut-coffee-macaroons
https://lacuisinedebernard.com/barras-gigantes-de-chocolate-y-avena,https://staging.lacuisinedebernard.com/barras-gigantes-de-chocolate-y-avena
https://lacuisinedebernard.com/barras-gigantes-de-chocolate-y-avena/,https://staging.lacuisinedebernard.com/barras-gigantes-de-chocolate-y-avena
https://www.lacuisinedebernard.com/barras-gigantes-de-chocolate-y-avena,https://staging.lacuisinedebernard.com/barras-gigantes-de-chocolate-y-avena
https://www.lacuisinedebernard.com/barras-gigantes-de-chocolate-y-avena/,https://staging.lacuisinedebernard.com/barras-gigantes-de-chocolate-y-avena
https://lacuisinedebernard.com/maqius,https://staging.lacuisinedebernard.com/maqius
https://lacuisinedebernard.com/maqius/,https://staging.lacuisinedebernard.com/maqius
https://www.lacuisinedebernard.com/maqius,https://staging.lacuisinedebernard.com/maqius
https://www.lacuisinedebernard.com/maqius/,https://staging.lacuisinedebernard.com/maqius
https://lacuisinedebernard.com/pudim-de-leite-crema-inversa-brasilena,https://staging.lacuisinedebernard.com/pudim-de-leite-crema-inversa-brasilena
https://lacuisinedebernard.com/pudim-de-leite-crema-inversa-brasilena/,https://staging.lacuisinedebernard.com/pudim-de-leite-crema-inversa-brasilena
https://www.lacuisinedebernard.com/pudim-de-leite-crema-inversa-brasilena,https://staging.lacuisinedebernard.com/pudim-de-leite-crema-inversa-brasilena
https://www.lacuisinedebernard.com/pudim-de-leite-crema-inversa-brasilena/,https://staging.lacuisinedebernard.com/pudim-de-leite-crema-inversa-brasilena
https://lacuisinedebernard.com/%d9%86%d9%88%d8%ba%d8%aa%d9%8a%d9%86-%d8%af%d8%a7%d9%86%d8%aa%d9%8a%d9%84-%d8%a7%d9%84%d8%b3%d9%85%d8%b3%d9%85-%d9%85%d8%b9-%d8%a8%d8%b1%d8%a7%d9%84%d9%8a%d9%86-%d8%a7%d9%84%d8%a8%d9%86%d8%af%d9%82,https://staging.lacuisinedebernard.com/%d9%86%d9%88%d8%ba%d8%aa%d9%8a%d9%86-%d8%af%d8%a7%d9%86%d8%aa%d9%8a%d9%84-%d8%a7%d9%84%d8%b3%d9%85%d8%b3%d9%85-%d9%85%d8%b9-%d8%a8%d8%b1%d8%a7%d9%84%d9%8a%d9%86-%d8%a7%d9%84%d8%a8%d9%86%d8%af%d9%82
https://lacuisinedebernard.com/%d9%86%d9%88%d8%ba%d8%aa%d9%8a%d9%86-%d8%af%d8%a7%d9%86%d8%aa%d9%8a%d9%84-%d8%a7%d9%84%d8%b3%d9%85%d8%b3%d9%85-%d9%85%d8%b9-%d8%a8%d8%b1%d8%a7%d9%84%d9%8a%d9%86-%d8%a7%d9%84%d8%a8%d9%86%d8%af%d9%82/,https://staging.lacuisinedebernard.com/%d9%86%d9%88%d8%ba%d8%aa%d9%8a%d9%86-%d8%af%d8%a7%d9%86%d8%aa%d9%8a%d9%84-%d8%a7%d9%84%d8%b3%d9%85%d8%b3%d9%85-%d9%85%d8%b9-%d8%a8%d8%b1%d8%a7%d9%84%d9%8a%d9%86-%d8%a7%d9%84%d8%a8%d9%86%d8%af%d9%82
https://www.lacuisinedebernard.com/%d9%86%d9%88%d8%ba%d8%aa%d9%8a%d9%86-%d8%af%d8%a7%d9%86%d8%aa%d9%8a%d9%84-%d8%a7%d9%84%d8%b3%d9%85%d8%b3%d9%85-%d9%85%d8%b9-%d8%a8%d8%b1%d8%a7%d9%84%d9%8a%d9%86-%d8%a7%d9%84%d8%a8%d9%86%d8%af%d9%82,https://staging.lacuisinedebernard.com/%d9%86%d9%88%d8%ba%d8%aa%d9%8a%d9%86-%d8%af%d8%a7%d9%86%d8%aa%d9%8a%d9%84-%d8%a7%d9%84%d8%b3%d9%85%d8%b3%d9%85-%d9%85%d8%b9-%d8%a8%d8%b1%d8%a7%d9%84%d9%8a%d9%86-%d8%a7%d9%84%d8%a8%d9%86%d8%af%d9%82
https://www.lacuisinedebernard.com/%d9%86%d9%88%d8%ba%d8%aa%d9%8a%d9%86-%d8%af%d8%a7%d9%86%d8%aa%d9%8a%d9%84-%d8%a7%d9%84%d8%b3%d9%85%d8%b3%d9%85-%d9%85%d8%b9-%d8%a8%d8%b1%d8%a7%d9%84%d9%8a%d9%86-%d8%a7%d9%84%d8%a8%d9%86%d8%af%d9%82/,https://staging.lacuisinedebernard.com/%d9%86%d9%88%d8%ba%d8%aa%d9%8a%d9%86-%d8%af%d8%a7%d9%86%d8%aa%d9%8a%d9%84-%d8%a7%d9%84%d8%b3%d9%85%d8%b3%d9%85-%d9%85%d8%b9-%d8%a8%d8%b1%d8%a7%d9%84%d9%8a%d9%86-%d8%a7%d9%84%d8%a8%d9%86%d8%af%d9%82
https://lacuisinedebernard.com/pebbles-almond-cinnamon,https://staging.lacuisinedebernard.com/pebbles-almond-cinnamon
https://lacuisinedebernard.com/pebbles-almond-cinnamon/,https://staging.lacuisinedebernard.com/pebbles-almond-cinnamon
https://www.lacuisinedebernard.com/pebbles-almond-cinnamon,https://staging.lacuisinedebernard.com/pebbles-almond-cinnamon
https://www.lacuisinedebernard.com/pebbles-almond-cinnamon/,https://staging.lacuisinedebernard.com/pebbles-almond-cinnamon
https://lacuisinedebernard.com/%d8%a7%d8%a8%d9%88%d8%a7%d9%82-%d8%a7%d9%84%d8%ba%d8%b2%d9%84%d8%a7%d9%86-%d8%a7%d9%84%d9%85%d8%ba%d8%b1%d8%a8%d9%8a%d8%a9,https://staging.lacuisinedebernard.com/%d8%a7%d8%a8%d9%88%d8%a7%d9%82-%d8%a7%d9%84%d8%ba%d8%b2%d9%84%d8%a7%d9%86-%d8%a7%d9%84%d9%85%d8%ba%d8%b1%d8%a8%d9%8a%d8%a9
https://lacuisinedebernard.com/%d8%a7%d8%a8%d9%88%d8%a7%d9%82-%d8%a7%d9%84%d8%ba%d8%b2%d9%84%d8%a7%d9%86-%d8%a7%d9%84%d9%85%d8%ba%d8%b1%d8%a8%d9%8a%d8%a9/,https://staging.lacuisinedebernard.com/%d8%a7%d8%a8%d9%88%d8%a7%d9%82-%d8%a7%d9%84%d8%ba%d8%b2%d9%84%d8%a7%d9%86-%d8%a7%d9%84%d9%85%d8%ba%d8%b1%d8%a8%d9%8a%d8%a9
https://www.lacuisinedebernard.com/%d8%a7%d8%a8%d9%88%d8%a7%d9%82-%d8%a7%d9%84%d8%ba%d8%b2%d9%84%d8%a7%d9%86-%d8%a7%d9%84%d9%85%d8%ba%d8%b1%d8%a8%d9%8a%d8%a9,https://staging.lacuisinedebernard.com/%d8%a7%d8%a8%d9%88%d8%a7%d9%82-%d8%a7%d9%84%d8%ba%d8%b2%d9%84%d8%a7%d9%86-%d8%a7%d9%84%d9%85%d8%ba%d8%b1%d8%a8%d9%8a%d8%a9
https://www.lacuisinedebernard.com/%d8%a7%d8%a8%d9%88%d8%a7%d9%82-%d8%a7%d9%84%d8%ba%d8%b2%d9%84%d8%a7%d9%86-%d8%a7%d9%84%d9%85%d8%ba%d8%b1%d8%a8%d9%8a%d8%a9/,https://staging.lacuisinedebernard.com/%d8%a7%d8%a8%d9%88%d8%a7%d9%82-%d8%a7%d9%84%d8%ba%d8%b2%d9%84%d8%a7%d9%86-%d8%a7%d9%84%d9%85%d8%ba%d8%b1%d8%a8%d9%8a%d8%a9
https://lacuisinedebernard.com/crostas-de-amendoas-de-chocolate,https://staging.lacuisinedebernard.com/crostas-de-amendoas-de-chocolate
https://lacuisinedebernard.com/crostas-de-amendoas-de-chocolate/,https://staging.lacuisinedebernard.com/crostas-de-amendoas-de-chocolate
https://www.lacuisinedebernard.com/crostas-de-amendoas-de-chocolate,https://staging.lacuisinedebernard.com/crostas-de-amendoas-de-chocolate
https://www.lacuisinedebernard.com/crostas-de-amendoas-de-chocolate/,https://staging.lacuisinedebernard.com/crostas-de-amendoas-de-chocolate
https://lacuisinedebernard.com/tartes-de-chocolate-extra-crocante-picante,https://staging.lacuisinedebernard.com/tartes-de-chocolate-extra-crocante-picante
https://lacuisinedebernard.com/tartes-de-chocolate-extra-crocante-picante/,https://staging.lacuisinedebernard.com/tartes-de-chocolate-extra-crocante-picante
https://www.lacuisinedebernard.com/tartes-de-chocolate-extra-crocante-picante,https://staging.lacuisinedebernard.com/tartes-de-chocolate-extra-crocante-picante
https://www.lacuisinedebernard.com/tartes-de-chocolate-extra-crocante-picante/,https://staging.lacuisinedebernard.com/tartes-de-chocolate-extra-crocante-picante
https://lacuisinedebernard.com/%d9%85%d8%a7%d9%83%d8%a7%d8%b1%d9%88%d9%86-%d8%a7%d9%84%d8%a8%d9%86%d8%af%d9%82-%d9%88%d8%a7%d9%84%d9%82%d9%87%d9%88%d8%a9,https://staging.lacuisinedebernard.com/%d9%85%d8%a7%d9%83%d8%a7%d8%b1%d9%88%d9%86-%d8%a7%d9%84%d8%a8%d9%86%d8%af%d9%82-%d9%88%d8%a7%d9%84%d9%82%d9%87%d9%88%d8%a9
https://lacuisinedebernard.com/%d9%85%d8%a7%d9%83%d8%a7%d8%b1%d9%88%d9%86-%d8%a7%d9%84%d8%a8%d9%86%d8%af%d9%82-%d9%88%d8%a7%d9%84%d9%82%d9%87%d9%88%d8%a9/,https://staging.lacuisinedebernard.com/%d9%85%d8%a7%d9%83%d8%a7%d8%b1%d9%88%d9%86-%d8%a7%d9%84%d8%a8%d9%86%d8%af%d9%82-%d9%88%d8%a7%d9%84%d9%82%d9%87%d9%88%d8%a9
https://www.lacuisinedebernard.com/%d9%85%d8%a7%d9%83%d8%a7%d8%b1%d9%88%d9%86-%d8%a7%d9%84%d8%a8%d9%86%d8%af%d9%82-%d9%88%d8%a7%d9%84%d9%82%d9%87%d9%88%d8%a9,https://staging.lacuisinedebernard.com/%d9%85%d8%a7%d9%83%d8%a7%d8%b1%d9%88%d9%86-%d8%a7%d9%84%d8%a8%d9%86%d8%af%d9%82-%d9%88%d8%a7%d9%84%d9%82%d9%87%d9%88%d8%a9
https://www.lacuisinedebernard.com/%d9%85%d8%a7%d9%83%d8%a7%d8%b1%d9%88%d9%86-%d8%a7%d9%84%d8%a8%d9%86%d8%af%d9%82-%d9%88%d8%a7%d9%84%d9%82%d9%87%d9%88%d8%a9/,https://staging.lacuisinedebernard.com/%d9%85%d8%a7%d9%83%d8%a7%d8%b1%d9%88%d9%86-%d8%a7%d9%84%d8%a8%d9%86%d8%af%d9%82-%d9%88%d8%a7%d9%84%d9%82%d9%87%d9%88%d8%a9
https://lacuisinedebernard.com/pudim-de-leite-creme-invertido-brasileiro,https://staging.lacuisinedebernard.com/pudim-de-leite-creme-invertido-brasileiro
https://lacuisinedebernard.com/pudim-de-leite-creme-invertido-brasileiro/,https://staging.lacuisinedebernard.com/pudim-de-leite-creme-invertido-brasileiro
https://www.lacuisinedebernard.com/pudim-de-leite-creme-invertido-brasileiro,https://staging.lacuisinedebernard.com/pudim-de-leite-creme-invertido-brasileiro
https://www.lacuisinedebernard.com/pudim-de-leite-creme-invertido-brasileiro/,https://staging.lacuisinedebernard.com/pudim-de-leite-creme-invertido-brasileiro
https://lacuisinedebernard.com/panna-cotta-con-peras-a-la-vainilla,https://staging.lacuisinedebernard.com/panna-cotta-con-peras-a-la-vainilla
https://lacuisinedebernard.com/panna-cotta-con-peras-a-la-vainilla/,https://staging.lacuisinedebernard.com/panna-cotta-con-peras-a-la-vainilla
https://www.lacuisinedebernard.com/panna-cotta-con-peras-a-la-vainilla,https://staging.lacuisinedebernard.com/panna-cotta-con-peras-a-la-vainilla
https://www.lacuisinedebernard.com/panna-cotta-con-peras-a-la-vainilla/,https://staging.lacuisinedebernard.com/panna-cotta-con-peras-a-la-vainilla
https://lacuisinedebernard.com/%d8%ad%d8%b5%d9%89-%d8%a7%d9%84%d9%84%d9%88%d8%b2-%d9%88%d8%a7%d9%84%d9%82%d8%b1%d9%81%d8%a9,https://staging.lacuisinedebernard.com/%d8%ad%d8%b5%d9%89-%d8%a7%d9%84%d9%84%d9%88%d8%b2-%d9%88%d8%a7%d9%84%d9%82%d8%b1%d9%81%d8%a9
https://lacuisinedebernard.com/%d8%ad%d8%b5%d9%89-%d8%a7%d9%84%d9%84%d9%88%d8%b2-%d9%88%d8%a7%d9%84%d9%82%d8%b1%d9%81%d8%a9/,https://staging.lacuisinedebernard.com/%d8%ad%d8%b5%d9%89-%d8%a7%d9%84%d9%84%d9%88%d8%b2-%d9%88%d8%a7%d9%84%d9%82%d8%b1%d9%81%d8%a9
https://www.lacuisinedebernard.com/%d8%ad%d8%b5%d9%89-%d8%a7%d9%84%d9%84%d9%88%d8%b2-%d9%88%d8%a7%d9%84%d9%82%d8%b1%d9%81%d8%a9,https://staging.lacuisinedebernard.com/%d8%ad%d8%b5%d9%89-%d8%a7%d9%84%d9%84%d9%88%d8%b2-%d9%88%d8%a7%d9%84%d9%82%d8%b1%d9%81%d8%a9
https://www.lacuisinedebernard.com/%d8%ad%d8%b5%d9%89-%d8%a7%d9%84%d9%84%d9%88%d8%b2-%d9%88%d8%a7%d9%84%d9%82%d8%b1%d9%81%d8%a9/,https://staging.lacuisinedebernard.com/%d8%ad%d8%b5%d9%89-%d8%a7%d9%84%d9%84%d9%88%d8%b2-%d9%88%d8%a7%d9%84%d9%82%d8%b1%d9%81%d8%a9
https://lacuisinedebernard.com/chocolate-almond-crisps,https://staging.lacuisinedebernard.com/chocolate-almond-crisps
https://lacuisinedebernard.com/chocolate-almond-crisps/,https://staging.lacuisinedebernard.com/chocolate-almond-crisps
https://www.lacuisinedebernard.com/chocolate-almond-crisps,https://staging.lacuisinedebernard.com/chocolate-almond-crisps
https://www.lacuisinedebernard.com/chocolate-almond-crisps/,https://staging.lacuisinedebernard.com/chocolate-almond-crisps
https://lacuisinedebernard.com/tortitas-de-mil-agujeros-baghrir,https://staging.lacuisinedebernard.com/tortitas-de-mil-agujeros-baghrir
https://lacuisinedebernard.com/tortitas-de-mil-agujeros-baghrir/,https://staging.lacuisinedebernard.com/tortitas-de-mil-agujeros-baghrir
https://www.lacuisinedebernard.com/tortitas-de-mil-agujeros-baghrir,https://staging.lacuisinedebernard.com/tortitas-de-mil-agujeros-baghrir
https://www.lacuisinedebernard.com/tortitas-de-mil-agujeros-baghrir/,https://staging.lacuisinedebernard.com/tortitas-de-mil-agujeros-baghrir
https://lacuisinedebernard.com/macarrones-base-sin-relleno,https://staging.lacuisinedebernard.com/macarrones-base-sin-relleno
https://lacuisinedebernard.com/macarrones-base-sin-relleno/,https://staging.lacuisinedebernard.com/macarrones-base-sin-relleno
https://www.lacuisinedebernard.com/macarrones-base-sin-relleno,https://staging.lacuisinedebernard.com/macarrones-base-sin-relleno
https://www.lacuisinedebernard.com/macarrones-base-sin-relleno/,https://staging.lacuisinedebernard.com/macarrones-base-sin-relleno
https://lacuisinedebernard.com/barras-gigantes-de-chocolate-com-farinha-de-aveia,https://staging.lacuisinedebernard.com/barras-gigantes-de-chocolate-com-farinha-de-aveia
https://lacuisinedebernard.com/barras-gigantes-de-chocolate-com-farinha-de-aveia/,https://staging.lacuisinedebernard.com/barras-gigantes-de-chocolate-com-farinha-de-aveia
https://www.lacuisinedebernard.com/barras-gigantes-de-chocolate-com-farinha-de-aveia,https://staging.lacuisinedebernard.com/barras-gigantes-de-chocolate-com-farinha-de-aveia
https://www.lacuisinedebernard.com/barras-gigantes-de-chocolate-com-farinha-de-aveia/,https://staging.lacuisinedebernard.com/barras-gigantes-de-chocolate-com-farinha-de-aveia
https://lacuisinedebernard.com/extra-crispy-spiced-chocolate-tartlets,https://staging.lacuisinedebernard.com/extra-crispy-spiced-chocolate-tartlets
https://lacuisinedebernard.com/extra-crispy-spiced-chocolate-tartlets/,https://staging.lacuisinedebernard.com/extra-crispy-spiced-chocolate-tartlets
https://www.lacuisinedebernard.com/extra-crispy-spiced-chocolate-tartlets,https://staging.lacuisinedebernard.com/extra-crispy-spiced-chocolate-tartlets
https://www.lacuisinedebernard.com/extra-crispy-spiced-chocolate-tartlets/,https://staging.lacuisinedebernard.com/extra-crispy-spiced-chocolate-tartlets
https://lacuisinedebernard.com/tarta-de-queso-doble-de-vainilla,https://staging.lacuisinedebernard.com/tarta-de-queso-doble-de-vainilla
https://lacuisinedebernard.com/tarta-de-queso-doble-de-vainilla/,https://staging.lacuisinedebernard.com/tarta-de-queso-doble-de-vainilla
https://www.lacuisinedebernard.com/tarta-de-queso-doble-de-vainilla,https://staging.lacuisinedebernard.com/tarta-de-queso-doble-de-vainilla
https://www.lacuisinedebernard.com/tarta-de-queso-doble-de-vainilla/,https://staging.lacuisinedebernard.com/tarta-de-queso-doble-de-vainilla
https://lacuisinedebernard.com/giant-oatmeal-chocolate-bars,https://staging.lacuisinedebernard.com/giant-oatmeal-chocolate-bars
https://lacuisinedebernard.com/giant-oatmeal-chocolate-bars/,https://staging.lacuisinedebernard.com/giant-oatmeal-chocolate-bars
https://www.lacuisinedebernard.com/giant-oatmeal-chocolate-bars,https://staging.lacuisinedebernard.com/giant-oatmeal-chocolate-bars
https://www.lacuisinedebernard.com/giant-oatmeal-chocolate-bars/,https://staging.lacuisinedebernard.com/giant-oatmeal-chocolate-bars
https://lacuisinedebernard.com/%d8%b1%d9%82%d8%a7%d8%a6%d9%82-%d8%a7%d9%84%d8%b4%d9%88%d9%83%d9%88%d9%84%d8%a7%d8%aa%d8%a9-%d9%88%d8%a7%d9%84%d9%84%d9%88%d8%b2,https://staging.lacuisinedebernard.com/%d8%b1%d9%82%d8%a7%d8%a6%d9%82-%d8%a7%d9%84%d8%b4%d9%88%d9%83%d9%88%d9%84%d8%a7%d8%aa%d8%a9-%d9%88%d8%a7%d9%84%d9%84%d9%88%d8%b2
https://lacuisinedebernard.com/%d8%b1%d9%82%d8%a7%d8%a6%d9%82-%d8%a7%d9%84%d8%b4%d9%88%d9%83%d9%88%d9%84%d8%a7%d8%aa%d8%a9-%d9%88%d8%a7%d9%84%d9%84%d9%88%d8%b2/,https://staging.lacuisinedebernard.com/%d8%b1%d9%82%d8%a7%d8%a6%d9%82-%d8%a7%d9%84%d8%b4%d9%88%d9%83%d9%88%d9%84%d8%a7%d8%aa%d8%a9-%d9%88%d8%a7%d9%84%d9%84%d9%88%d8%b2
https://www.lacuisinedebernard.com/%d8%b1%d9%82%d8%a7%d8%a6%d9%82-%d8%a7%d9%84%d8%b4%d9%88%d9%83%d9%88%d9%84%d8%a7%d8%aa%d8%a9-%d9%88%d8%a7%d9%84%d9%84%d9%88%d8%b2,https://staging.lacuisinedebernard.com/%d8%b1%d9%82%d8%a7%d8%a6%d9%82-%d8%a7%d9%84%d8%b4%d9%88%d9%83%d9%88%d9%84%d8%a7%d8%aa%d8%a9-%d9%88%d8%a7%d9%84%d9%84%d9%88%d8%b2
https://www.lacuisinedebernard.com/%d8%b1%d9%82%d8%a7%d8%a6%d9%82-%d8%a7%d9%84%d8%b4%d9%88%d9%83%d9%88%d9%84%d8%a7%d8%aa%d8%a9-%d9%88%d8%a7%d9%84%d9%84%d9%88%d8%b2/,https://staging.lacuisinedebernard.com/%d8%b1%d9%82%d8%a7%d8%a6%d9%82-%d8%a7%d9%84%d8%b4%d9%88%d9%83%d9%88%d9%84%d8%a7%d8%aa%d8%a9-%d9%88%d8%a7%d9%84%d9%84%d9%88%d8%b2
https://lacuisinedebernard.com/macarroes-base-sem-enchimento,https://staging.lacuisinedebernard.com/macarroes-base-sem-enchimento
https://lacuisinedebernard.com/macarroes-base-sem-enchimento/,https://staging.lacuisinedebernard.com/macarroes-base-sem-enchimento
https://www.lacuisinedebernard.com/macarroes-base-sem-enchimento,https://staging.lacuisinedebernard.com/macarroes-base-sem-enchimento
https://www.lacuisinedebernard.com/macarroes-base-sem-enchimento/,https://staging.lacuisinedebernard.com/macarroes-base-sem-enchimento
https://lacuisinedebernard.com/pudim-de-leite-brazilian-reverse-cream,https://staging.lacuisinedebernard.com/pudim-de-leite-brazilian-reverse-cream
https://lacuisinedebernard.com/pudim-de-leite-brazilian-reverse-cream/,https://staging.lacuisinedebernard.com/pudim-de-leite-brazilian-reverse-cream
https://www.lacuisinedebernard.com/pudim-de-leite-brazilian-reverse-cream,https://staging.lacuisinedebernard.com/pudim-de-leite-brazilian-reverse-cream
https://www.lacuisinedebernard.com/pudim-de-leite-brazilian-reverse-cream/,https://staging.lacuisinedebernard.com/pudim-de-leite-brazilian-reverse-cream
https://lacuisinedebernard.com/panna-cotta-com-peras-de-baunilha,https://staging.lacuisinedebernard.com/panna-cotta-com-peras-de-baunilha
https://lacuisinedebernard.com/panna-cotta-com-peras-de-baunilha/,https://staging.lacuisinedebernard.com/panna-cotta-com-peras-de-baunilha
https://www.lacuisinedebernard.com/panna-cotta-com-peras-de-baunilha,https://staging.lacuisinedebernard.com/panna-cotta-com-peras-de-baunilha
https://www.lacuisinedebernard.com/panna-cotta-com-peras-de-baunilha/,https://staging.lacuisinedebernard.com/panna-cotta-com-peras-de-baunilha
https://lacuisinedebernard.com/mil-panquecas-de-buraco-baghrir,https://staging.lacuisinedebernard.com/mil-panquecas-de-buraco-baghrir
https://lacuisinedebernard.com/mil-panquecas-de-buraco-baghrir/,https://staging.lacuisinedebernard.com/mil-panquecas-de-buraco-baghrir
https://www.lacuisinedebernard.com/mil-panquecas-de-buraco-baghrir,https://staging.lacuisinedebernard.com/mil-panquecas-de-buraco-baghrir
https://www.lacuisinedebernard.com/mil-panquecas-de-buraco-baghrir/,https://staging.lacuisinedebernard.com/mil-panquecas-de-buraco-baghrir
https://lacuisinedebernard.com/dentelle-de-turron-de-sesamo-con-praline-de-avellana,https://staging.lacuisinedebernard.com/dentelle-de-turron-de-sesamo-con-praline-de-avellana
https://lacuisinedebernard.com/dentelle-de-turron-de-sesamo-con-praline-de-avellana/,https://staging.lacuisinedebernard.com/dentelle-de-turron-de-sesamo-con-praline-de-avellana
https://www.lacuisinedebernard.com/dentelle-de-turron-de-sesamo-con-praline-de-avellana,https://staging.lacuisinedebernard.com/dentelle-de-turron-de-sesamo-con-praline-de-avellana
https://www.lacuisinedebernard.com/dentelle-de-turron-de-sesamo-con-praline-de-avellana/,https://staging.lacuisinedebernard.com/dentelle-de-turron-de-sesamo-con-praline-de-avellana
https://lacuisinedebernard.com/%d8%aa%d8%a7%d8%b1%d8%aa%d9%84%d9%8a%d8%aa-%d8%b4%d9%88%d9%83%d9%88%d9%84%d8%a7%d8%aa%d8%a9-%d9%85%d9%82%d8%b1%d9%85%d8%b4%d8%a9-%d9%88%d9%85%d8%aa%d8%a8%d9%84%d8%a9,https://staging.lacuisinedebernard.com/%d8%aa%d8%a7%d8%b1%d8%aa%d9%84%d9%8a%d8%aa-%d8%b4%d9%88%d9%83%d9%88%d9%84%d8%a7%d8%aa%d8%a9-%d9%85%d9%82%d8%b1%d9%85%d8%b4%d8%a9-%d9%88%d9%85%d8%aa%d8%a8%d9%84%d8%a9
https://lacuisinedebernard.com/%d8%aa%d8%a7%d8%b1%d8%aa%d9%84%d9%8a%d8%aa-%d8%b4%d9%88%d9%83%d9%88%d9%84%d8%a7%d8%aa%d8%a9-%d9%85%d9%82%d8%b1%d9%85%d8%b4%d8%a9-%d9%88%d9%85%d8%aa%d8%a8%d9%84%d8%a9/,https://staging.lacuisinedebernard.com/%d8%aa%d8%a7%d8%b1%d8%aa%d9%84%d9%8a%d8%aa-%d8%b4%d9%88%d9%83%d9%88%d9%84%d8%a7%d8%aa%d8%a9-%d9%85%d9%82%d8%b1%d9%85%d8%b4%d8%a9-%d9%88%d9%85%d8%aa%d8%a8%d9%84%d8%a9
https://www.lacuisinedebernard.com/%d8%aa%d8%a7%d8%b1%d8%aa%d9%84%d9%8a%d8%aa-%d8%b4%d9%88%d9%83%d9%88%d9%84%d8%a7%d8%aa%d8%a9-%d9%85%d9%82%d8%b1%d9%85%d8%b4%d8%a9-%d9%88%d9%85%d8%aa%d8%a8%d9%84%d8%a9,https://staging.lacuisinedebernard.com/%d8%aa%d8%a7%d8%b1%d8%aa%d9%84%d9%8a%d8%aa-%d8%b4%d9%88%d9%83%d9%88%d9%84%d8%a7%d8%aa%d8%a9-%d9%85%d9%82%d8%b1%d9%85%d8%b4%d8%a9-%d9%88%d9%85%d8%aa%d8%a8%d9%84%d8%a9
https://www.lacuisinedebernard.com/%d8%aa%d8%a7%d8%b1%d8%aa%d9%84%d9%8a%d8%aa-%d8%b4%d9%88%d9%83%d9%88%d9%84%d8%a7%d8%aa%d8%a9-%d9%85%d9%82%d8%b1%d9%85%d8%b4%d8%a9-%d9%88%d9%85%d8%aa%d8%a8%d9%84%d8%a9/,https://staging.lacuisinedebernard.com/%d8%aa%d8%a7%d8%b1%d8%aa%d9%84%d9%8a%d8%aa-%d8%b4%d9%88%d9%83%d9%88%d9%84%d8%a7%d8%aa%d8%a9-%d9%85%d9%82%d8%b1%d9%85%d8%b4%d8%a9-%d9%88%d9%85%d8%aa%d8%a8%d9%84%d8%a9
https://lacuisinedebernard.com/%d9%83%d9%8a%d9%83-%d8%b1%d9%88%d9%84-%d8%ac%d9%88%d8%a7%d9%81%d8%a9-%d8%b1%d9%88%d9%83%d8%a7%d9%85%d8%a8%d9%88%d9%84%d9%8a,https://staging.lacuisinedebernard.com/%d9%83%d9%8a%d9%83-%d8%b1%d9%88%d9%84-%d8%ac%d9%88%d8%a7%d9%81%d8%a9-%d8%b1%d9%88%d9%83%d8%a7%d9%85%d8%a8%d9%88%d9%84%d9%8a
https://lacuisinedebernard.com/%d9%83%d9%8a%d9%83-%d8%b1%d9%88%d9%84-%d8%ac%d9%88%d8%a7%d9%81%d8%a9-%d8%b1%d9%88%d9%83%d8%a7%d9%85%d8%a8%d9%88%d9%84%d9%8a/,https://staging.lacuisinedebernard.com/%d9%83%d9%8a%d9%83-%d8%b1%d9%88%d9%84-%d8%ac%d9%88%d8%a7%d9%81%d8%a9-%d8%b1%d9%88%d9%83%d8%a7%d9%85%d8%a8%d9%88%d9%84%d9%8a
https://www.lacuisinedebernard.com/%d9%83%d9%8a%d9%83-%d8%b1%d9%88%d9%84-%d8%ac%d9%88%d8%a7%d9%81%d8%a9-%d8%b1%d9%88%d9%83%d8%a7%d9%85%d8%a8%d9%88%d9%84%d9%8a,https://staging.lacuisinedebernard.com/%d9%83%d9%8a%d9%83-%d8%b1%d9%88%d9%84-%d8%ac%d9%88%d8%a7%d9%81%d8%a9-%d8%b1%d9%88%d9%83%d8%a7%d9%85%d8%a8%d9%88%d9%84%d9%8a
https://www.lacuisinedebernard.com/%d9%83%d9%8a%d9%83-%d8%b1%d9%88%d9%84-%d8%ac%d9%88%d8%a7%d9%81%d8%a9-%d8%b1%d9%88%d9%83%d8%a7%d9%85%d8%a8%d9%88%d9%84%d9%8a/,https://staging.lacuisinedebernard.com/%d9%83%d9%8a%d9%83-%d8%b1%d9%88%d9%84-%d8%ac%d9%88%d8%a7%d9%81%d8%a9-%d8%b1%d9%88%d9%83%d8%a7%d9%85%d8%a8%d9%88%d9%84%d9%8a
https://lacuisinedebernard.com/patatas-fritas-de-cafe-y-almendra,https://staging.lacuisinedebernard.com/patatas-fritas-de-cafe-y-almendra
https://lacuisinedebernard.com/patatas-fritas-de-cafe-y-almendra/,https://staging.lacuisinedebernard.com/patatas-fritas-de-cafe-y-almendra
https://www.lacuisinedebernard.com/patatas-fritas-de-cafe-y-almendra,https://staging.lacuisinedebernard.com/patatas-fritas-de-cafe-y-almendra
https://www.lacuisinedebernard.com/patatas-fritas-de-cafe-y-almendra/,https://staging.lacuisinedebernard.com/patatas-fritas-de-cafe-y-almendra
https://lacuisinedebernard.com/ginger-shortbreads,https://staging.lacuisinedebernard.com/ginger-shortbreads
https://lacuisinedebernard.com/ginger-shortbreads/,https://staging.lacuisinedebernard.com/ginger-shortbreads
https://www.lacuisinedebernard.com/ginger-shortbreads,https://staging.lacuisinedebernard.com/ginger-shortbreads
https://www.lacuisinedebernard.com/ginger-shortbreads/,https://staging.lacuisinedebernard.com/ginger-shortbreads
https://lacuisinedebernard.com/%d8%a7%d9%84%d9%88%d8%a7%d8%ad-%d8%a7%d9%84%d8%b4%d9%88%d9%83%d9%88%d9%84%d8%a7%d8%aa%d8%a9-%d8%a7%d9%84%d8%b4%d9%88%d9%81%d8%a7%d9%86-%d8%a7%d9%84%d8%b9%d9%85%d9%84%d8%a7%d9%82,https://staging.lacuisinedebernard.com/%d8%a7%d9%84%d9%88%d8%a7%d8%ad-%d8%a7%d9%84%d8%b4%d9%88%d9%83%d9%88%d9%84%d8%a7%d8%aa%d8%a9-%d8%a7%d9%84%d8%b4%d9%88%d9%81%d8%a7%d9%86-%d8%a7%d9%84%d8%b9%d9%85%d9%84%d8%a7%d9%82
https://lacuisinedebernard.com/%d8%a7%d9%84%d9%88%d8%a7%d8%ad-%d8%a7%d9%84%d8%b4%d9%88%d9%83%d9%88%d9%84%d8%a7%d8%aa%d8%a9-%d8%a7%d9%84%d8%b4%d9%88%d9%81%d8%a7%d9%86-%d8%a7%d9%84%d8%b9%d9%85%d9%84%d8%a7%d9%82/,https://staging.lacuisinedebernard.com/%d8%a7%d9%84%d9%88%d8%a7%d8%ad-%d8%a7%d9%84%d8%b4%d9%88%d9%83%d9%88%d9%84%d8%a7%d8%aa%d8%a9-%d8%a7%d9%84%d8%b4%d9%88%d9%81%d8%a7%d9%86-%d8%a7%d9%84%d8%b9%d9%85%d9%84%d8%a7%d9%82
https://www.lacuisinedebernard.com/%d8%a7%d9%84%d9%88%d8%a7%d8%ad-%d8%a7%d9%84%d8%b4%d9%88%d9%83%d9%88%d9%84%d8%a7%d8%aa%d8%a9-%d8%a7%d9%84%d8%b4%d9%88%d9%81%d8%a7%d9%86-%d8%a7%d9%84%d8%b9%d9%85%d9%84%d8%a7%d9%82,https://staging.lacuisinedebernard.com/%d8%a7%d9%84%d9%88%d8%a7%d8%ad-%d8%a7%d9%84%d8%b4%d9%88%d9%83%d9%88%d9%84%d8%a7%d8%aa%d8%a9-%d8%a7%d9%84%d8%b4%d9%88%d9%81%d8%a7%d9%86-%d8%a7%d9%84%d8%b9%d9%85%d9%84%d8%a7%d9%82
https://www.lacuisinedebernard.com/%d8%a7%d9%84%d9%88%d8%a7%d8%ad-%d8%a7%d9%84%d8%b4%d9%88%d9%83%d9%88%d9%84%d8%a7%d8%aa%d8%a9-%d8%a7%d9%84%d8%b4%d9%88%d9%81%d8%a7%d9%86-%d8%a7%d9%84%d8%b9%d9%85%d9%84%d8%a7%d9%82/,https://staging.lacuisinedebernard.com/%d8%a7%d9%84%d9%88%d8%a7%d8%ad-%d8%a7%d9%84%d8%b4%d9%88%d9%83%d9%88%d9%84%d8%a7%d8%aa%d8%a9-%d8%a7%d9%84%d8%b4%d9%88%d9%81%d8%a7%d9%86-%d8%a7%d9%84%d8%b9%d9%85%d9%84%d8%a7%d9%82
https://lacuisinedebernard.com/valerie-chocolate-cream,https://staging.lacuisinedebernard.com/valerie-chocolate-cream
https://lacuisinedebernard.com/valerie-chocolate-cream/,https://staging.lacuisinedebernard.com/valerie-chocolate-cream
https://www.lacuisinedebernard.com/valerie-chocolate-cream,https://staging.lacuisinedebernard.com/valerie-chocolate-cream
https://www.lacuisinedebernard.com/valerie-chocolate-cream/,https://staging.lacuisinedebernard.com/valerie-chocolate-cream
https://lacuisinedebernard.com/%d9%83%d8%b9%d9%83%d8%a7%d8%aa-%d8%a7%d9%84%d8%b4%d9%88%d9%83%d9%88%d9%84%d8%a7%d8%aa%d8%a9,https://staging.lacuisinedebernard.com/%d9%83%d8%b9%d9%83%d8%a7%d8%aa-%d8%a7%d9%84%d8%b4%d9%88%d9%83%d9%88%d9%84%d8%a7%d8%aa%d8%a9
https://lacuisinedebernard.com/%d9%83%d8%b9%d9%83%d8%a7%d8%aa-%d8%a7%d9%84%d8%b4%d9%88%d9%83%d9%88%d9%84%d8%a7%d8%aa%d8%a9/,https://staging.lacuisinedebernard.com/%d9%83%d8%b9%d9%83%d8%a7%d8%aa-%d8%a7%d9%84%d8%b4%d9%88%d9%83%d9%88%d9%84%d8%a7%d8%aa%d8%a9
https://www.lacuisinedebernard.com/%d9%83%d8%b9%d9%83%d8%a7%d8%aa-%d8%a7%d9%84%d8%b4%d9%88%d9%83%d9%88%d9%84%d8%a7%d8%aa%d8%a9,https://staging.lacuisinedebernard.com/%d9%83%d8%b9%d9%83%d8%a7%d8%aa-%d8%a7%d9%84%d8%b4%d9%88%d9%83%d9%88%d9%84%d8%a7%d8%aa%d8%a9
https://www.lacuisinedebernard.com/%d9%83%d8%b9%d9%83%d8%a7%d8%aa-%d8%a7%d9%84%d8%b4%d9%88%d9%83%d9%88%d9%84%d8%a7%d8%aa%d8%a9/,https://staging.lacuisinedebernard.com/%d9%83%d8%b9%d9%83%d8%a7%d8%aa-%d8%a7%d9%84%d8%b4%d9%88%d9%83%d9%88%d9%84%d8%a7%d8%aa%d8%a9
https://lacuisinedebernard.com/biscoitos-como-no-laura-todds,https://staging.lacuisinedebernard.com/biscoitos-como-no-laura-todds
https://lacuisinedebernard.com/biscoitos-como-no-laura-todds/,https://staging.lacuisinedebernard.com/biscoitos-como-no-laura-todds
https://www.lacuisinedebernard.com/biscoitos-como-no-laura-todds,https://staging.lacuisinedebernard.com/biscoitos-como-no-laura-todds
https://www.lacuisinedebernard.com/biscoitos-como-no-laura-todds/,https://staging.lacuisinedebernard.com/biscoitos-como-no-laura-todds
https://lacuisinedebernard.com/macarrones-de-praline,https://staging.lacuisinedebernard.com/macarrones-de-praline
https://lacuisinedebernard.com/macarrones-de-praline/,https://staging.lacuisinedebernard.com/macarrones-de-praline
https://www.lacuisinedebernard.com/macarrones-de-praline,https://staging.lacuisinedebernard.com/macarrones-de-praline
https://www.lacuisinedebernard.com/macarrones-de-praline/,https://staging.lacuisinedebernard.com/macarrones-de-praline
https://lacuisinedebernard.com/quindins,https://staging.lacuisinedebernard.com/quindins
https://lacuisinedebernard.com/quindins/,https://staging.lacuisinedebernard.com/quindins
https://www.lacuisinedebernard.com/quindins,https://staging.lacuisinedebernard.com/quindins
https://www.lacuisinedebernard.com/quindins/,https://staging.lacuisinedebernard.com/quindins
https://lacuisinedebernard.com/crostas-de-cafe-e-amendoas,https://staging.lacuisinedebernard.com/crostas-de-cafe-e-amendoas
https://lacuisinedebernard.com/crostas-de-cafe-e-amendoas/,https://staging.lacuisinedebernard.com/crostas-de-cafe-e-amendoas
https://www.lacuisinedebernard.com/crostas-de-cafe-e-amendoas,https://staging.lacuisinedebernard.com/crostas-de-cafe-e-amendoas
https://www.lacuisinedebernard.com/crostas-de-cafe-e-amendoas/,https://staging.lacuisinedebernard.com/crostas-de-cafe-e-amendoas
https://lacuisinedebernard.com/tarta-fina-de-higos-y-avellanas,https://staging.lacuisinedebernard.com/tarta-fina-de-higos-y-avellanas
https://lacuisinedebernard.com/tarta-fina-de-higos-y-avellanas/,https://staging.lacuisinedebernard.com/tarta-fina-de-higos-y-avellanas
https://www.lacuisinedebernard.com/tarta-fina-de-higos-y-avellanas,https://staging.lacuisinedebernard.com/tarta-fina-de-higos-y-avellanas
https://www.lacuisinedebernard.com/tarta-fina-de-higos-y-avellanas/,https://staging.lacuisinedebernard.com/tarta-fina-de-higos-y-avellanas
https://lacuisinedebernard.com/tarta-de-calabacin-y-nueces,https://staging.lacuisinedebernard.com/tarta-de-calabacin-y-nueces
https://lacuisinedebernard.com/tarta-de-calabacin-y-nueces/,https://staging.lacuisinedebernard.com/tarta-de-calabacin-y-nueces
https://www.lacuisinedebernard.com/tarta-de-calabacin-y-nueces,https://staging.lacuisinedebernard.com/tarta-de-calabacin-y-nueces
https://www.lacuisinedebernard.com/tarta-de-calabacin-y-nueces/,https://staging.lacuisinedebernard.com/tarta-de-calabacin-y-nueces
https://lacuisinedebernard.com/cookies-like-at-laura-todds,https://staging.lacuisinedebernard.com/cookies-like-at-laura-todds
https://lacuisinedebernard.com/cookies-like-at-laura-todds/,https://staging.lacuisinedebernard.com/cookies-like-at-laura-todds
https://www.lacuisinedebernard.com/cookies-like-at-laura-todds,https://staging.lacuisinedebernard.com/cookies-like-at-laura-todds
https://www.lacuisinedebernard.com/cookies-like-at-laura-todds/,https://staging.lacuisinedebernard.com/cookies-like-at-laura-todds
https://lacuisinedebernard.com/%d9%83%d8%b1%d9%8a%d9%85-%d8%a7%d9%84%d8%b4%d9%88%d9%83%d9%88%d9%84%d8%a7%d8%aa%d9%87-%d9%81%d8%a7%d9%84%d9%8a%d8%b1%d9%8a,https://staging.lacuisinedebernard.com/%d9%83%d8%b1%d9%8a%d9%85-%d8%a7%d9%84%d8%b4%d9%88%d9%83%d9%88%d9%84%d8%a7%d8%aa%d9%87-%d9%81%d8%a7%d9%84%d9%8a%d8%b1%d9%8a
https://lacuisinedebernard.com/%d9%83%d8%b1%d9%8a%d9%85-%d8%a7%d9%84%d8%b4%d9%88%d9%83%d9%88%d9%84%d8%a7%d8%aa%d9%87-%d9%81%d8%a7%d9%84%d9%8a%d8%b1%d9%8a/,https://staging.lacuisinedebernard.com/%d9%83%d8%b1%d9%8a%d9%85-%d8%a7%d9%84%d8%b4%d9%88%d9%83%d9%88%d9%84%d8%a7%d8%aa%d9%87-%d9%81%d8%a7%d9%84%d9%8a%d8%b1%d9%8a
https://www.lacuisinedebernard.com/%d9%83%d8%b1%d9%8a%d9%85-%d8%a7%d9%84%d8%b4%d9%88%d9%83%d9%88%d9%84%d8%a7%d8%aa%d9%87-%d9%81%d8%a7%d9%84%d9%8a%d8%b1%d9%8a,https://staging.lacuisinedebernard.com/%d9%83%d8%b1%d9%8a%d9%85-%d8%a7%d9%84%d8%b4%d9%88%d9%83%d9%88%d9%84%d8%a7%d8%aa%d9%87-%d9%81%d8%a7%d9%84%d9%8a%d8%b1%d9%8a
https://www.lacuisinedebernard.com/%d9%83%d8%b1%d9%8a%d9%85-%d8%a7%d9%84%d8%b4%d9%88%d9%83%d9%88%d9%84%d8%a7%d8%aa%d9%87-%d9%81%d8%a7%d9%84%d9%8a%d8%b1%d9%8a/,https://staging.lacuisinedebernard.com/%d9%83%d8%b1%d9%8a%d9%85-%d8%a7%d9%84%d8%b4%d9%88%d9%83%d9%88%d9%84%d8%a7%d8%aa%d9%87-%d9%81%d8%a7%d9%84%d9%8a%d8%b1%d9%8a
https://lacuisinedebernard.com/%d8%b4%d9%88%d8%b1%d8%aa%d8%a8%d8%b1%d9%8a%d8%af-%d8%a7%d9%84%d8%b2%d9%86%d8%ac%d8%a8%d9%8a%d9%84,https://staging.lacuisinedebernard.com/%d8%b4%d9%88%d8%b1%d8%aa%d8%a8%d8%b1%d9%8a%d8%af-%d8%a7%d9%84%d8%b2%d9%86%d8%ac%d8%a8%d9%8a%d9%84
https://lacuisinedebernard.com/%d8%b4%d9%88%d8%b1%d8%aa%d8%a8%d8%b1%d9%8a%d8%af-%d8%a7%d9%84%d8%b2%d9%86%d8%ac%d8%a8%d9%8a%d9%84/,https://staging.lacuisinedebernard.com/%d8%b4%d9%88%d8%b1%d8%aa%d8%a8%d8%b1%d9%8a%d8%af-%d8%a7%d9%84%d8%b2%d9%86%d8%ac%d8%a8%d9%8a%d9%84
https://www.lacuisinedebernard.com/%d8%b4%d9%88%d8%b1%d8%aa%d8%a8%d8%b1%d9%8a%d8%af-%d8%a7%d9%84%d8%b2%d9%86%d8%ac%d8%a8%d9%8a%d9%84,https://staging.lacuisinedebernard.com/%d8%b4%d9%88%d8%b1%d8%aa%d8%a8%d8%b1%d9%8a%d8%af-%d8%a7%d9%84%d8%b2%d9%86%d8%ac%d8%a8%d9%8a%d9%84
https://www.lacuisinedebernard.com/%d8%b4%d9%88%d8%b1%d8%aa%d8%a8%d8%b1%d9%8a%d8%af-%d8%a7%d9%84%d8%b2%d9%86%d8%ac%d8%a8%d9%8a%d9%84/,https://staging.lacuisinedebernard.com/%d8%b4%d9%88%d8%b1%d8%aa%d8%a8%d8%b1%d9%8a%d8%af-%d8%a7%d9%84%d8%b2%d9%86%d8%ac%d8%a8%d9%8a%d9%84
https://lacuisinedebernard.com/praline-macaroons,https://staging.lacuisinedebernard.com/praline-macaroons
https://lacuisinedebernard.com/praline-macaroons/,https://staging.lacuisinedebernard.com/praline-macaroons
https://www.lacuisinedebernard.com/praline-macaroons,https://staging.lacuisinedebernard.com/praline-macaroons
https://www.lacuisinedebernard.com/praline-macaroons/,https://staging.lacuisinedebernard.com/praline-macaroons
https://lacuisinedebernard.com/paris-brest,https://staging.lacuisinedebernard.com/paris-brest
https://lacuisinedebernard.com/paris-brest/,https://staging.lacuisinedebernard.com/paris-brest
https://www.lacuisinedebernard.com/paris-brest,https://staging.lacuisinedebernard.com/paris-brest
https://www.lacuisinedebernard.com/paris-brest/,https://staging.lacuisinedebernard.com/paris-brest
https://lacuisinedebernard.com/coffee-almond-crunch,https://staging.lacuisinedebernard.com/coffee-almond-crunch
https://lacuisinedebernard.com/coffee-almond-crunch/,https://staging.lacuisinedebernard.com/coffee-almond-crunch
https://www.lacuisinedebernard.com/coffee-almond-crunch,https://staging.lacuisinedebernard.com/coffee-almond-crunch
https://www.lacuisinedebernard.com/coffee-almond-crunch/,https://staging.lacuisinedebernard.com/coffee-almond-crunch
https://lacuisinedebernard.com/jalea-de-manzana,https://staging.lacuisinedebernard.com/jalea-de-manzana
https://lacuisinedebernard.com/jalea-de-manzana/,https://staging.lacuisinedebernard.com/jalea-de-manzana
https://www.lacuisinedebernard.com/jalea-de-manzana,https://staging.lacuisinedebernard.com/jalea-de-manzana
https://www.lacuisinedebernard.com/jalea-de-manzana/,https://staging.lacuisinedebernard.com/jalea-de-manzana
https://lacuisinedebernard.com/bollos-de-chocolate,https://staging.lacuisinedebernard.com/bollos-de-chocolate
https://lacuisinedebernard.com/bollos-de-chocolate/,https://staging.lacuisinedebernard.com/bollos-de-chocolate
https://www.lacuisinedebernard.com/bollos-de-chocolate,https://staging.lacuisinedebernard.com/bollos-de-chocolate
https://www.lacuisinedebernard.com/bollos-de-chocolate/,https://staging.lacuisinedebernard.com/bollos-de-chocolate
https://lacuisinedebernard.com/bolo-de-aboborinha-e-nozes,https://staging.lacuisinedebernard.com/bolo-de-aboborinha-e-nozes
https://lacuisinedebernard.com/bolo-de-aboborinha-e-nozes/,https://staging.lacuisinedebernard.com/bolo-de-aboborinha-e-nozes
https://www.lacuisinedebernard.com/bolo-de-aboborinha-e-nozes,https://staging.lacuisinedebernard.com/bolo-de-aboborinha-e-nozes
https://www.lacuisinedebernard.com/bolo-de-aboborinha-e-nozes/,https://staging.lacuisinedebernard.com/bolo-de-aboborinha-e-nozes
https://lacuisinedebernard.com/torta-de-figo-fino-e-avela,https://staging.lacuisinedebernard.com/torta-de-figo-fino-e-avela
https://lacuisinedebernard.com/torta-de-figo-fino-e-avela/,https://staging.lacuisinedebernard.com/torta-de-figo-fino-e-avela
https://www.lacuisinedebernard.com/torta-de-figo-fino-e-avela,https://staging.lacuisinedebernard.com/torta-de-figo-fino-e-avela
https://www.lacuisinedebernard.com/torta-de-figo-fino-e-avela/,https://staging.lacuisinedebernard.com/torta-de-figo-fino-e-avela
https://lacuisinedebernard.com/galletas-de-jengibre,https://staging.lacuisinedebernard.com/galletas-de-jengibre
https://lacuisinedebernard.com/galletas-de-jengibre/,https://staging.lacuisinedebernard.com/galletas-de-jengibre
https://www.lacuisinedebernard.com/galletas-de-jengibre,https://staging.lacuisinedebernard.com/galletas-de-jengibre
https://www.lacuisinedebernard.com/galletas-de-jengibre/,https://staging.lacuisinedebernard.com/galletas-de-jengibre
https://lacuisinedebernard.com/%d9%83%d9%88%d9%8a%d9%86%d8%af%d9%8a%d9%86%d8%b2,https://staging.lacuisinedebernard.com/%d9%83%d9%88%d9%8a%d9%86%d8%af%d9%8a%d9%86%d8%b2
https://lacuisinedebernard.com/%d9%83%d9%88%d9%8a%d9%86%d8%af%d9%8a%d9%86%d8%b2/,https://staging.lacuisinedebernard.com/%d9%83%d9%88%d9%8a%d9%86%d8%af%d9%8a%d9%86%d8%b2
https://www.lacuisinedebernard.com/%d9%83%d9%88%d9%8a%d9%86%d8%af%d9%8a%d9%86%d8%b2,https://staging.lacuisinedebernard.com/%d9%83%d9%88%d9%8a%d9%86%d8%af%d9%8a%d9%86%d8%b2
https://www.lacuisinedebernard.com/%d9%83%d9%88%d9%8a%d9%86%d8%af%d9%8a%d9%86%d8%b2/,https://staging.lacuisinedebernard.com/%d9%83%d9%88%d9%8a%d9%86%d8%af%d9%8a%d9%86%d8%b2
https://lacuisinedebernard.com/fig-and-hazelnut-thin-tart,https://staging.lacuisinedebernard.com/fig-and-hazelnut-thin-tart
https://lacuisinedebernard.com/fig-and-hazelnut-thin-tart/,https://staging.lacuisinedebernard.com/fig-and-hazelnut-thin-tart
https://www.lacuisinedebernard.com/fig-and-hazelnut-thin-tart,https://staging.lacuisinedebernard.com/fig-and-hazelnut-thin-tart
https://www.lacuisinedebernard.com/fig-and-hazelnut-thin-tart/,https://staging.lacuisinedebernard.com/fig-and-hazelnut-thin-tart
https://lacuisinedebernard.com/apple-jelly,https://staging.lacuisinedebernard.com/apple-jelly
https://lacuisinedebernard.com/apple-jelly/,https://staging.lacuisinedebernard.com/apple-jelly
https://www.lacuisinedebernard.com/apple-jelly,https://staging.lacuisinedebernard.com/apple-jelly
https://www.lacuisinedebernard.com/apple-jelly/,https://staging.lacuisinedebernard.com/apple-jelly
https://lacuisinedebernard.com/scones-de-chocolate,https://staging.lacuisinedebernard.com/scones-de-chocolate
https://lacuisinedebernard.com/scones-de-chocolate/,https://staging.lacuisinedebernard.com/scones-de-chocolate
https://www.lacuisinedebernard.com/scones-de-chocolate,https://staging.lacuisinedebernard.com/scones-de-chocolate
https://www.lacuisinedebernard.com/scones-de-chocolate/,https://staging.lacuisinedebernard.com/scones-de-chocolate
https://lacuisinedebernard.com/pastel-de-guayaba-rocambole,https://staging.lacuisinedebernard.com/pastel-de-guayaba-rocambole
https://lacuisinedebernard.com/pastel-de-guayaba-rocambole/,https://staging.lacuisinedebernard.com/pastel-de-guayaba-rocambole
https://www.lacuisinedebernard.com/pastel-de-guayaba-rocambole,https://staging.lacuisinedebernard.com/pastel-de-guayaba-rocambole
https://www.lacuisinedebernard.com/pastel-de-guayaba-rocambole/,https://staging.lacuisinedebernard.com/pastel-de-guayaba-rocambole
https://lacuisinedebernard.com/zucchini-and-walnut-cake,https://staging.lacuisinedebernard.com/zucchini-and-walnut-cake
https://lacuisinedebernard.com/zucchini-and-walnut-cake/,https://staging.lacuisinedebernard.com/zucchini-and-walnut-cake
https://www.lacuisinedebernard.com/zucchini-and-walnut-cake,https://staging.lacuisinedebernard.com/zucchini-and-walnut-cake
https://www.lacuisinedebernard.com/zucchini-and-walnut-cake/,https://staging.lacuisinedebernard.com/zucchini-and-walnut-cake
https://lacuisinedebernard.com/crema-de-chocolate-valerie,https://staging.lacuisinedebernard.com/crema-de-chocolate-valerie
https://lacuisinedebernard.com/crema-de-chocolate-valerie/,https://staging.lacuisinedebernard.com/crema-de-chocolate-valerie
https://www.lacuisinedebernard.com/crema-de-chocolate-valerie,https://staging.lacuisinedebernard.com/crema-de-chocolate-valerie
https://www.lacuisinedebernard.com/crema-de-chocolate-valerie/,https://staging.lacuisinedebernard.com/crema-de-chocolate-valerie
https://lacuisinedebernard.com/%d9%83%d8%b9%d9%83%d8%a9-%d8%a7%d9%84%d9%83%d9%88%d8%b3%d8%a9-%d9%88%d8%a7%d9%84%d8%ac%d9%88%d8%b2,https://staging.lacuisinedebernard.com/%d9%83%d8%b9%d9%83%d8%a9-%d8%a7%d9%84%d9%83%d9%88%d8%b3%d8%a9-%d9%88%d8%a7%d9%84%d8%ac%d9%88%d8%b2
https://lacuisinedebernard.com/%d9%83%d8%b9%d9%83%d8%a9-%d8%a7%d9%84%d9%83%d9%88%d8%b3%d8%a9-%d9%88%d8%a7%d9%84%d8%ac%d9%88%d8%b2/,https://staging.lacuisinedebernard.com/%d9%83%d8%b9%d9%83%d8%a9-%d8%a7%d9%84%d9%83%d9%88%d8%b3%d8%a9-%d9%88%d8%a7%d9%84%d8%ac%d9%88%d8%b2
https://www.lacuisinedebernard.com/%d9%83%d8%b9%d9%83%d8%a9-%d8%a7%d9%84%d9%83%d9%88%d8%b3%d8%a9-%d9%88%d8%a7%d9%84%d8%ac%d9%88%d8%b2,https://staging.lacuisinedebernard.com/%d9%83%d8%b9%d9%83%d8%a9-%d8%a7%d9%84%d9%83%d9%88%d8%b3%d8%a9-%d9%88%d8%a7%d9%84%d8%ac%d9%88%d8%b2
https://www.lacuisinedebernard.com/%d9%83%d8%b9%d9%83%d8%a9-%d8%a7%d9%84%d9%83%d9%88%d8%b3%d8%a9-%d9%88%d8%a7%d9%84%d8%ac%d9%88%d8%b2/,https://staging.lacuisinedebernard.com/%d9%83%d8%b9%d9%83%d8%a9-%d8%a7%d9%84%d9%83%d9%88%d8%b3%d8%a9-%d9%88%d8%a7%d9%84%d8%ac%d9%88%d8%b2
https://lacuisinedebernard.com/chocolate-scones,https://staging.lacuisinedebernard.com/chocolate-scones
https://lacuisinedebernard.com/chocolate-scones/,https://staging.lacuisinedebernard.com/chocolate-scones
https://www.lacuisinedebernard.com/chocolate-scones,https://staging.lacuisinedebernard.com/chocolate-scones
https://www.lacuisinedebernard.com/chocolate-scones/,https://staging.lacuisinedebernard.com/chocolate-scones
https://lacuisinedebernard.com/%d8%a3%d8%a8%d9%84-%d8%ac%d9%8a%d9%84%d9%8a,https://staging.lacuisinedebernard.com/%d8%a3%d8%a8%d9%84-%d8%ac%d9%8a%d9%84%d9%8a
https://lacuisinedebernard.com/%d8%a3%d8%a8%d9%84-%d8%ac%d9%8a%d9%84%d9%8a/,https://staging.lacuisinedebernard.com/%d8%a3%d8%a8%d9%84-%d8%ac%d9%8a%d9%84%d9%8a
https://www.lacuisinedebernard.com/%d8%a3%d8%a8%d9%84-%d8%ac%d9%8a%d9%84%d9%8a,https://staging.lacuisinedebernard.com/%d8%a3%d8%a8%d9%84-%d8%ac%d9%8a%d9%84%d9%8a
https://www.lacuisinedebernard.com/%d8%a3%d8%a8%d9%84-%d8%ac%d9%8a%d9%84%d9%8a/,https://staging.lacuisinedebernard.com/%d8%a3%d8%a8%d9%84-%d8%ac%d9%8a%d9%84%d9%8a
https://lacuisinedebernard.com/%d8%aa%d8%a7%d8%b1%d8%aa-%d9%86%d8%a7%d8%b9%d9%85-%d8%a8%d8%a7%d9%84%d8%aa%d9%8a%d9%86-%d9%88%d8%a7%d9%84%d8%a8%d9%86%d8%af%d9%82,https://staging.lacuisinedebernard.com/%d8%aa%d8%a7%d8%b1%d8%aa-%d9%86%d8%a7%d8%b9%d9%85-%d8%a8%d8%a7%d9%84%d8%aa%d9%8a%d9%86-%d9%88%d8%a7%d9%84%d8%a8%d9%86%d8%af%d9%82
https://lacuisinedebernard.com/%d8%aa%d8%a7%d8%b1%d8%aa-%d9%86%d8%a7%d8%b9%d9%85-%d8%a8%d8%a7%d9%84%d8%aa%d9%8a%d9%86-%d9%88%d8%a7%d9%84%d8%a8%d9%86%d8%af%d9%82/,https://staging.lacuisinedebernard.com/%d8%aa%d8%a7%d8%b1%d8%aa-%d9%86%d8%a7%d8%b9%d9%85-%d8%a8%d8%a7%d9%84%d8%aa%d9%8a%d9%86-%d9%88%d8%a7%d9%84%d8%a8%d9%86%d8%af%d9%82
https://www.lacuisinedebernard.com/%d8%aa%d8%a7%d8%b1%d8%aa-%d9%86%d8%a7%d8%b9%d9%85-%d8%a8%d8%a7%d9%84%d8%aa%d9%8a%d9%86-%d9%88%d8%a7%d9%84%d8%a8%d9%86%d8%af%d9%82,https://staging.lacuisinedebernard.com/%d8%aa%d8%a7%d8%b1%d8%aa-%d9%86%d8%a7%d8%b9%d9%85-%d8%a8%d8%a7%d9%84%d8%aa%d9%8a%d9%86-%d9%88%d8%a7%d9%84%d8%a8%d9%86%d8%af%d9%82
https://www.lacuisinedebernard.com/%d8%aa%d8%a7%d8%b1%d8%aa-%d9%86%d8%a7%d8%b9%d9%85-%d8%a8%d8%a7%d9%84%d8%aa%d9%8a%d9%86-%d9%88%d8%a7%d9%84%d8%a8%d9%86%d8%af%d9%82/,https://staging.lacuisinedebernard.com/%d8%aa%d8%a7%d8%b1%d8%aa-%d9%86%d8%a7%d8%b9%d9%85-%d8%a8%d8%a7%d9%84%d8%aa%d9%8a%d9%86-%d9%88%d8%a7%d9%84%d8%a8%d9%86%d8%af%d9%82
https://lacuisinedebernard.com/bolo-de-rolo-de-goiaba-rocambole,https://staging.lacuisinedebernard.com/bolo-de-rolo-de-goiaba-rocambole
https://lacuisinedebernard.com/bolo-de-rolo-de-goiaba-rocambole/,https://staging.lacuisinedebernard.com/bolo-de-rolo-de-goiaba-rocambole
https://www.lacuisinedebernard.com/bolo-de-rolo-de-goiaba-rocambole,https://staging.lacuisinedebernard.com/bolo-de-rolo-de-goiaba-rocambole
https://www.lacuisinedebernard.com/bolo-de-rolo-de-goiaba-rocambole/,https://staging.lacuisinedebernard.com/bolo-de-rolo-de-goiaba-rocambole
https://lacuisinedebernard.com/macaroons-de-caramelo-de-chocolate,https://staging.lacuisinedebernard.com/macaroons-de-caramelo-de-chocolate
https://lacuisinedebernard.com/macaroons-de-caramelo-de-chocolate/,https://staging.lacuisinedebernard.com/macaroons-de-caramelo-de-chocolate
https://www.lacuisinedebernard.com/macaroons-de-caramelo-de-chocolate,https://staging.lacuisinedebernard.com/macaroons-de-caramelo-de-chocolate
https://www.lacuisinedebernard.com/macaroons-de-caramelo-de-chocolate/,https://staging.lacuisinedebernard.com/macaroons-de-caramelo-de-chocolate
https://lacuisinedebernard.com/thai-chocolates,https://staging.lacuisinedebernard.com/thai-chocolates
https://lacuisinedebernard.com/thai-chocolates/,https://staging.lacuisinedebernard.com/thai-chocolates
https://www.lacuisinedebernard.com/thai-chocolates,https://staging.lacuisinedebernard.com/thai-chocolates
https://www.lacuisinedebernard.com/thai-chocolates/,https://staging.lacuisinedebernard.com/thai-chocolates
https://lacuisinedebernard.com/panquecas,https://staging.lacuisinedebernard.com/panquecas
https://lacuisinedebernard.com/panquecas/,https://staging.lacuisinedebernard.com/panquecas
https://www.lacuisinedebernard.com/panquecas,https://staging.lacuisinedebernard.com/panquecas
https://www.lacuisinedebernard.com/panquecas/,https://staging.lacuisinedebernard.com/panquecas
https://lacuisinedebernard.com/kouglof,https://staging.lacuisinedebernard.com/kouglof
https://lacuisinedebernard.com/kouglof/,https://staging.lacuisinedebernard.com/kouglof
https://www.lacuisinedebernard.com/kouglof,https://staging.lacuisinedebernard.com/kouglof
https://www.lacuisinedebernard.com/kouglof/,https://staging.lacuisinedebernard.com/kouglof
https://lacuisinedebernard.com/%d8%ad%d9%84%d9%88%d9%89-%d8%a7%d9%84%d8%a8%d8%b1%d8%a7%d9%84%d9%8a%d9%86-%d8%a7%d9%84%d8%aa%d8%a7%d9%8a%d9%84%d8%a7%d9%86%d8%af%d9%8a%d8%a9,https://staging.lacuisinedebernard.com/%d8%ad%d9%84%d9%88%d9%89-%d8%a7%d9%84%d8%a8%d8%b1%d8%a7%d9%84%d9%8a%d9%86-%d8%a7%d9%84%d8%aa%d8%a7%d9%8a%d9%84%d8%a7%d9%86%d8%af%d9%8a%d8%a9
https://lacuisinedebernard.com/%d8%ad%d9%84%d9%88%d9%89-%d8%a7%d9%84%d8%a8%d8%b1%d8%a7%d9%84%d9%8a%d9%86-%d8%a7%d9%84%d8%aa%d8%a7%d9%8a%d9%84%d8%a7%d9%86%d8%af%d9%8a%d8%a9/,https://staging.lacuisinedebernard.com/%d8%ad%d9%84%d9%88%d9%89-%d8%a7%d9%84%d8%a8%d8%b1%d8%a7%d9%84%d9%8a%d9%86-%d8%a7%d9%84%d8%aa%d8%a7%d9%8a%d9%84%d8%a7%d9%86%d8%af%d9%8a%d8%a9
https://www.lacuisinedebernard.com/%d8%ad%d9%84%d9%88%d9%89-%d8%a7%d9%84%d8%a8%d8%b1%d8%a7%d9%84%d9%8a%d9%86-%d8%a7%d9%84%d8%aa%d8%a7%d9%8a%d9%84%d8%a7%d9%86%d8%af%d9%8a%d8%a9,https://staging.lacuisinedebernard.com/%d8%ad%d9%84%d9%88%d9%89-%d8%a7%d9%84%d8%a8%d8%b1%d8%a7%d9%84%d9%8a%d9%86-%d8%a7%d9%84%d8%aa%d8%a7%d9%8a%d9%84%d8%a7%d9%86%d8%af%d9%8a%d8%a9
https://www.lacuisinedebernard.com/%d8%ad%d9%84%d9%88%d9%89-%d8%a7%d9%84%d8%a8%d8%b1%d8%a7%d9%84%d9%8a%d9%86-%d8%a7%d9%84%d8%aa%d8%a7%d9%8a%d9%84%d8%a7%d9%86%d8%af%d9%8a%d8%a9/,https://staging.lacuisinedebernard.com/%d8%ad%d9%84%d9%88%d9%89-%d8%a7%d9%84%d8%a8%d8%b1%d8%a7%d9%84%d9%8a%d9%86-%d8%a7%d9%84%d8%aa%d8%a7%d9%8a%d9%84%d8%a7%d9%86%d8%af%d9%8a%d8%a9
https://lacuisinedebernard.com/chocolate-caramel-macaroons,https://staging.lacuisinedebernard.com/chocolate-caramel-macaroons
https://lacuisinedebernard.com/chocolate-caramel-macaroons/,https://staging.lacuisinedebernard.com/chocolate-caramel-macaroons
https://www.lacuisinedebernard.com/chocolate-caramel-macaroons,https://staging.lacuisinedebernard.com/chocolate-caramel-macaroons
https://www.lacuisinedebernard.com/chocolate-caramel-macaroons/,https://staging.lacuisinedebernard.com/chocolate-caramel-macaroons
https://lacuisinedebernard.com/geleia-de-maca,https://staging.lacuisinedebernard.com/geleia-de-maca
https://lacuisinedebernard.com/geleia-de-maca/,https://staging.lacuisinedebernard.com/geleia-de-maca
https://www.lacuisinedebernard.com/geleia-de-maca,https://staging.lacuisinedebernard.com/geleia-de-maca
https://www.lacuisinedebernard.com/geleia-de-maca/,https://staging.lacuisinedebernard.com/geleia-de-maca
https://lacuisinedebernard.com/pancakes,https://staging.lacuisinedebernard.com/pancakes
https://lacuisinedebernard.com/pancakes/,https://staging.lacuisinedebernard.com/pancakes
https://www.lacuisinedebernard.com/pancakes,https://staging.lacuisinedebernard.com/pancakes
https://www.lacuisinedebernard.com/pancakes/,https://staging.lacuisinedebernard.com/pancakes
https://lacuisinedebernard.com/chocolate-con-caramelo-crujiente,https://staging.lacuisinedebernard.com/chocolate-con-caramelo-crujiente
https://lacuisinedebernard.com/chocolate-con-caramelo-crujiente/,https://staging.lacuisinedebernard.com/chocolate-con-caramelo-crujiente
https://www.lacuisinedebernard.com/chocolate-con-caramelo-crujiente,https://staging.lacuisinedebernard.com/chocolate-con-caramelo-crujiente
https://www.lacuisinedebernard.com/chocolate-con-caramelo-crujiente/,https://staging.lacuisinedebernard.com/chocolate-con-caramelo-crujiente
https://lacuisinedebernard.com/%d9%85%d9%82%d8%b1%d9%85%d8%b4%d8%a7%d8%aa-%d8%a7%d9%84%d9%82%d9%87%d9%88%d8%a9-%d9%88%d8%a7%d9%84%d9%84%d9%88%d8%b2,https://staging.lacuisinedebernard.com/%d9%85%d9%82%d8%b1%d9%85%d8%b4%d8%a7%d8%aa-%d8%a7%d9%84%d9%82%d9%87%d9%88%d8%a9-%d9%88%d8%a7%d9%84%d9%84%d9%88%d8%b2
https://lacuisinedebernard.com/%d9%85%d9%82%d8%b1%d9%85%d8%b4%d8%a7%d8%aa-%d8%a7%d9%84%d9%82%d9%87%d9%88%d8%a9-%d9%88%d8%a7%d9%84%d9%84%d9%88%d8%b2/,https://staging.lacuisinedebernard.com/%d9%85%d9%82%d8%b1%d9%85%d8%b4%d8%a7%d8%aa-%d8%a7%d9%84%d9%82%d9%87%d9%88%d8%a9-%d9%88%d8%a7%d9%84%d9%84%d9%88%d8%b2
https://www.lacuisinedebernard.com/%d9%85%d9%82%d8%b1%d9%85%d8%b4%d8%a7%d8%aa-%d8%a7%d9%84%d9%82%d9%87%d9%88%d8%a9-%d9%88%d8%a7%d9%84%d9%84%d9%88%d8%b2,https://staging.lacuisinedebernard.com/%d9%85%d9%82%d8%b1%d9%85%d8%b4%d8%a7%d8%aa-%d8%a7%d9%84%d9%82%d9%87%d9%88%d8%a9-%d9%88%d8%a7%d9%84%d9%84%d9%88%d8%b2
https://www.lacuisinedebernard.com/%d9%85%d9%82%d8%b1%d9%85%d8%b4%d8%a7%d8%aa-%d8%a7%d9%84%d9%82%d9%87%d9%88%d8%a9-%d9%88%d8%a7%d9%84%d9%84%d9%88%d8%b2/,https://staging.lacuisinedebernard.com/%d9%85%d9%82%d8%b1%d9%85%d8%b4%d8%a7%d8%aa-%d8%a7%d9%84%d9%82%d9%87%d9%88%d8%a9-%d9%88%d8%a7%d9%84%d9%84%d9%88%d8%b2
https://lacuisinedebernard.com/fondant-de-chocolate-y-almendras-tostadas-sin-harina,https://staging.lacuisinedebernard.com/fondant-de-chocolate-y-almendras-tostadas-sin-harina
https://lacuisinedebernard.com/fondant-de-chocolate-y-almendras-tostadas-sin-harina/,https://staging.lacuisinedebernard.com/fondant-de-chocolate-y-almendras-tostadas-sin-harina
https://www.lacuisinedebernard.com/fondant-de-chocolate-y-almendras-tostadas-sin-harina,https://staging.lacuisinedebernard.com/fondant-de-chocolate-y-almendras-tostadas-sin-harina
https://www.lacuisinedebernard.com/fondant-de-chocolate-y-almendras-tostadas-sin-harina/,https://staging.lacuisinedebernard.com/fondant-de-chocolate-y-almendras-tostadas-sin-harina
https://lacuisinedebernard.com/galletas-como-en-laura-todds,https://staging.lacuisinedebernard.com/galletas-como-en-laura-todds
https://lacuisinedebernard.com/galletas-como-en-laura-todds/,https://staging.lacuisinedebernard.com/galletas-como-en-laura-todds
https://www.lacuisinedebernard.com/galletas-como-en-laura-todds,https://staging.lacuisinedebernard.com/galletas-como-en-laura-todds
https://www.lacuisinedebernard.com/galletas-como-en-laura-todds/,https://staging.lacuisinedebernard.com/galletas-como-en-laura-todds
https://lacuisinedebernard.com/chocolate-de-caramelo-crocante,https://staging.lacuisinedebernard.com/chocolate-de-caramelo-crocante
https://lacuisinedebernard.com/chocolate-de-caramelo-crocante/,https://staging.lacuisinedebernard.com/chocolate-de-caramelo-crocante
https://www.lacuisinedebernard.com/chocolate-de-caramelo-crocante,https://staging.lacuisinedebernard.com/chocolate-de-caramelo-crocante
https://www.lacuisinedebernard.com/chocolate-de-caramelo-crocante/,https://staging.lacuisinedebernard.com/chocolate-de-caramelo-crocante
https://lacuisinedebernard.com/chocolate-e-fondant-de-amendoa-torrada-sem-farinhas,https://staging.lacuisinedebernard.com/chocolate-e-fondant-de-amendoa-torrada-sem-farinhas
https://lacuisinedebernard.com/chocolate-e-fondant-de-amendoa-torrada-sem-farinhas/,https://staging.lacuisinedebernard.com/chocolate-e-fondant-de-amendoa-torrada-sem-farinhas
https://www.lacuisinedebernard.com/chocolate-e-fondant-de-amendoa-torrada-sem-farinhas,https://staging.lacuisinedebernard.com/chocolate-e-fondant-de-amendoa-torrada-sem-farinhas
https://www.lacuisinedebernard.com/chocolate-e-fondant-de-amendoa-torrada-sem-farinhas/,https://staging.lacuisinedebernard.com/chocolate-e-fondant-de-amendoa-torrada-sem-farinhas
https://lacuisinedebernard.com/%d8%a8%d8%a7%d8%b1%d9%8a%d8%b3-%d8%a8%d8%b1%d9%8a%d8%b3%d8%aa,https://staging.lacuisinedebernard.com/%d8%a8%d8%a7%d8%b1%d9%8a%d8%b3-%d8%a8%d8%b1%d9%8a%d8%b3%d8%aa
https://lacuisinedebernard.com/%d8%a8%d8%a7%d8%b1%d9%8a%d8%b3-%d8%a8%d8%b1%d9%8a%d8%b3%d8%aa/,https://staging.lacuisinedebernard.com/%d8%a8%d8%a7%d8%b1%d9%8a%d8%b3-%d8%a8%d8%b1%d9%8a%d8%b3%d8%aa
https://www.lacuisinedebernard.com/%d8%a8%d8%a7%d8%b1%d9%8a%d8%b3-%d8%a8%d8%b1%d9%8a%d8%b3%d8%aa,https://staging.lacuisinedebernard.com/%d8%a8%d8%a7%d8%b1%d9%8a%d8%b3-%d8%a8%d8%b1%d9%8a%d8%b3%d8%aa
https://www.lacuisinedebernard.com/%d8%a8%d8%a7%d8%b1%d9%8a%d8%b3-%d8%a8%d8%b1%d9%8a%d8%b3%d8%aa/,https://staging.lacuisinedebernard.com/%d8%a8%d8%a7%d8%b1%d9%8a%d8%b3-%d8%a8%d8%b1%d9%8a%d8%b3%d8%aa
https://lacuisinedebernard.com/%d8%ad%d9%84%d9%88%d9%89-%d8%ad%d9%84%d9%88%d9%89-%d8%a7%d9%84%d9%85%d8%a7%d9%83%d8%b1%d9%88%d9%86,https://staging.lacuisinedebernard.com/%d8%ad%d9%84%d9%88%d9%89-%d8%ad%d9%84%d9%88%d9%89-%d8%a7%d9%84%d9%85%d8%a7%d9%83%d8%b1%d9%88%d9%86
https://lacuisinedebernard.com/%d8%ad%d9%84%d9%88%d9%89-%d8%ad%d9%84%d9%88%d9%89-%d8%a7%d9%84%d9%85%d8%a7%d9%83%d8%b1%d9%88%d9%86/,https://staging.lacuisinedebernard.com/%d8%ad%d9%84%d9%88%d9%89-%d8%ad%d9%84%d9%88%d9%89-%d8%a7%d9%84%d9%85%d8%a7%d9%83%d8%b1%d9%88%d9%86
https://www.lacuisinedebernard.com/%d8%ad%d9%84%d9%88%d9%89-%d8%ad%d9%84%d9%88%d9%89-%d8%a7%d9%84%d9%85%d8%a7%d9%83%d8%b1%d9%88%d9%86,https://staging.lacuisinedebernard.com/%d8%ad%d9%84%d9%88%d9%89-%d8%ad%d9%84%d9%88%d9%89-%d8%a7%d9%84%d9%85%d8%a7%d9%83%d8%b1%d9%88%d9%86
https://www.lacuisinedebernard.com/%d8%ad%d9%84%d9%88%d9%89-%d8%ad%d9%84%d9%88%d9%89-%d8%a7%d9%84%d9%85%d8%a7%d9%83%d8%b1%d9%88%d9%86/,https://staging.lacuisinedebernard.com/%d8%ad%d9%84%d9%88%d9%89-%d8%ad%d9%84%d9%88%d9%89-%d8%a7%d9%84%d9%85%d8%a7%d9%83%d8%b1%d9%88%d9%86
https://lacuisinedebernard.com/%d9%83%d9%88%d8%ba%d9%84%d9%88%d9%81,https://staging.lacuisinedebernard.com/%d9%83%d9%88%d8%ba%d9%84%d9%88%d9%81
https://lacuisinedebernard.com/%d9%83%d9%88%d8%ba%d9%84%d9%88%d9%81/,https://staging.lacuisinedebernard.com/%d9%83%d9%88%d8%ba%d9%84%d9%88%d9%81
https://www.lacuisinedebernard.com/%d9%83%d9%88%d8%ba%d9%84%d9%88%d9%81,https://staging.lacuisinedebernard.com/%d9%83%d9%88%d8%ba%d9%84%d9%88%d9%81
https://www.lacuisinedebernard.com/%d9%83%d9%88%d8%ba%d9%84%d9%88%d9%81/,https://staging.lacuisinedebernard.com/%d9%83%d9%88%d8%ba%d9%84%d9%88%d9%81
https://lacuisinedebernard.com/%d9%85%d9%84%d9%81%d8%a7%d8%aa-%d8%aa%d8%b9%d8%b1%d9%8a%d9%81-%d8%a7%d9%84%d8%a7%d8%b1%d8%aa%d8%a8%d8%a7%d8%b7-%d9%85%d8%ab%d9%84-%d8%a7%d9%84%d9%85%d9%88%d8%ac%d9%88%d8%af%d8%a9-%d9%81%d9%8a-laura-to,https://staging.lacuisinedebernard.com/%d9%85%d9%84%d9%81%d8%a7%d8%aa-%d8%aa%d8%b9%d8%b1%d9%8a%d9%81-%d8%a7%d9%84%d8%a7%d8%b1%d8%aa%d8%a8%d8%a7%d8%b7-%d9%85%d8%ab%d9%84-%d8%a7%d9%84%d9%85%d9%88%d8%ac%d9%88%d8%af%d8%a9-%d9%81%d9%8a-laura-to
https://lacuisinedebernard.com/%d9%85%d9%84%d9%81%d8%a7%d8%aa-%d8%aa%d8%b9%d8%b1%d9%8a%d9%81-%d8%a7%d9%84%d8%a7%d8%b1%d8%aa%d8%a8%d8%a7%d8%b7-%d9%85%d8%ab%d9%84-%d8%a7%d9%84%d9%85%d9%88%d8%ac%d9%88%d8%af%d8%a9-%d9%81%d9%8a-laura-to/,https://staging.lacuisinedebernard.com/%d9%85%d9%84%d9%81%d8%a7%d8%aa-%d8%aa%d8%b9%d8%b1%d9%8a%d9%81-%d8%a7%d9%84%d8%a7%d8%b1%d8%aa%d8%a8%d8%a7%d8%b7-%d9%85%d8%ab%d9%84-%d8%a7%d9%84%d9%85%d9%88%d8%ac%d9%88%d8%af%d8%a9-%d9%81%d9%8a-laura-to
https://www.lacuisinedebernard.com/%d9%85%d9%84%d9%81%d8%a7%d8%aa-%d8%aa%d8%b9%d8%b1%d9%8a%d9%81-%d8%a7%d9%84%d8%a7%d8%b1%d8%aa%d8%a8%d8%a7%d8%b7-%d9%85%d8%ab%d9%84-%d8%a7%d9%84%d9%85%d9%88%d8%ac%d9%88%d8%af%d8%a9-%d9%81%d9%8a-laura-to,https://staging.lacuisinedebernard.com/%d9%85%d9%84%d9%81%d8%a7%d8%aa-%d8%aa%d8%b9%d8%b1%d9%8a%d9%81-%d8%a7%d9%84%d8%a7%d8%b1%d8%aa%d8%a8%d8%a7%d8%b7-%d9%85%d8%ab%d9%84-%d8%a7%d9%84%d9%85%d9%88%d8%ac%d9%88%d8%af%d8%a9-%d9%81%d9%8a-laura-to
https://www.lacuisinedebernard.com/%d9%85%d9%84%d9%81%d8%a7%d8%aa-%d8%aa%d8%b9%d8%b1%d9%8a%d9%81-%d8%a7%d9%84%d8%a7%d8%b1%d8%aa%d8%a8%d8%a7%d8%b7-%d9%85%d8%ab%d9%84-%d8%a7%d9%84%d9%85%d9%88%d8%ac%d9%88%d8%af%d8%a9-%d9%81%d9%8a-laura-to/,https://staging.lacuisinedebernard.com/%d9%85%d9%84%d9%81%d8%a7%d8%aa-%d8%aa%d8%b9%d8%b1%d9%8a%d9%81-%d8%a7%d9%84%d8%a7%d8%b1%d8%aa%d8%a8%d8%a7%d8%b7-%d9%85%d8%ab%d9%84-%d8%a7%d9%84%d9%85%d9%88%d8%ac%d9%88%d8%af%d8%a9-%d9%81%d9%8a-laura-to
https://lacuisinedebernard.com/guava-roll-cake-rocambole,https://staging.lacuisinedebernard.com/guava-roll-cake-rocambole
https://lacuisinedebernard.com/guava-roll-cake-rocambole/,https://staging.lacuisinedebernard.com/guava-roll-cake-rocambole
https://www.lacuisinedebernard.com/guava-roll-cake-rocambole,https://staging.lacuisinedebernard.com/guava-roll-cake-rocambole
https://www.lacuisinedebernard.com/guava-roll-cake-rocambole/,https://staging.lacuisinedebernard.com/guava-roll-cake-rocambole
https://lacuisinedebernard.com/panqueques,https://staging.lacuisinedebernard.com/panqueques
https://lacuisinedebernard.com/panqueques/,https://staging.lacuisinedebernard.com/panqueques
https://www.lacuisinedebernard.com/panqueques,https://staging.lacuisinedebernard.com/panqueques
https://www.lacuisinedebernard.com/panqueques/,https://staging.lacuisinedebernard.com/panqueques
https://lacuisinedebernard.com/macarrones-de-chocolate-y-caramelo,https://staging.lacuisinedebernard.com/macarrones-de-chocolate-y-caramelo
https://lacuisinedebernard.com/macarrones-de-chocolate-y-caramelo/,https://staging.lacuisinedebernard.com/macarrones-de-chocolate-y-caramelo
https://www.lacuisinedebernard.com/macarrones-de-chocolate-y-caramelo,https://staging.lacuisinedebernard.com/macarrones-de-chocolate-y-caramelo
https://www.lacuisinedebernard.com/macarrones-de-chocolate-y-caramelo/,https://staging.lacuisinedebernard.com/macarrones-de-chocolate-y-caramelo
https://lacuisinedebernard.com/%d9%81%d9%88%d9%86%d8%af%d8%a7%d9%86-%d8%a7%d9%84%d8%b4%d9%88%d9%83%d9%88%d9%84%d8%a7%d8%aa%d8%a9-%d9%88%d8%a7%d9%84%d9%84%d9%88%d8%b2-%d8%a7%d9%84%d9%85%d8%ad%d9%85%d8%b5-%d8%a8%d8%af%d9%88%d9%86,https://staging.lacuisinedebernard.com/%d9%81%d9%88%d9%86%d8%af%d8%a7%d9%86-%d8%a7%d9%84%d8%b4%d9%88%d9%83%d9%88%d9%84%d8%a7%d8%aa%d8%a9-%d9%88%d8%a7%d9%84%d9%84%d9%88%d8%b2-%d8%a7%d9%84%d9%85%d8%ad%d9%85%d8%b5-%d8%a8%d8%af%d9%88%d9%86
https://lacuisinedebernard.com/%d9%81%d9%88%d9%86%d8%af%d8%a7%d9%86-%d8%a7%d9%84%d8%b4%d9%88%d9%83%d9%88%d9%84%d8%a7%d8%aa%d8%a9-%d9%88%d8%a7%d9%84%d9%84%d9%88%d8%b2-%d8%a7%d9%84%d9%85%d8%ad%d9%85%d8%b5-%d8%a8%d8%af%d9%88%d9%86/,https://staging.lacuisinedebernard.com/%d9%81%d9%88%d9%86%d8%af%d8%a7%d9%86-%d8%a7%d9%84%d8%b4%d9%88%d9%83%d9%88%d9%84%d8%a7%d8%aa%d8%a9-%d9%88%d8%a7%d9%84%d9%84%d9%88%d8%b2-%d8%a7%d9%84%d9%85%d8%ad%d9%85%d8%b5-%d8%a8%d8%af%d9%88%d9%86
https://www.lacuisinedebernard.com/%d9%81%d9%88%d9%86%d8%af%d8%a7%d9%86-%d8%a7%d9%84%d8%b4%d9%88%d9%83%d9%88%d9%84%d8%a7%d8%aa%d8%a9-%d9%88%d8%a7%d9%84%d9%84%d9%88%d8%b2-%d8%a7%d9%84%d9%85%d8%ad%d9%85%d8%b5-%d8%a8%d8%af%d9%88%d9%86,https://staging.lacuisinedebernard.com/%d9%81%d9%88%d9%86%d8%af%d8%a7%d9%86-%d8%a7%d9%84%d8%b4%d9%88%d9%83%d9%88%d9%84%d8%a7%d8%aa%d8%a9-%d9%88%d8%a7%d9%84%d9%84%d9%88%d8%b2-%d8%a7%d9%84%d9%85%d8%ad%d9%85%d8%b5-%d8%a8%d8%af%d9%88%d9%86
https://www.lacuisinedebernard.com/%d9%81%d9%88%d9%86%d8%af%d8%a7%d9%86-%d8%a7%d9%84%d8%b4%d9%88%d9%83%d9%88%d9%84%d8%a7%d8%aa%d8%a9-%d9%88%d8%a7%d9%84%d9%84%d9%88%d8%b2-%d8%a7%d9%84%d9%85%d8%ad%d9%85%d8%b5-%d8%a8%d8%af%d9%88%d9%86/,https://staging.lacuisinedebernard.com/%d9%81%d9%88%d9%86%d8%af%d8%a7%d9%86-%d8%a7%d9%84%d8%b4%d9%88%d9%83%d9%88%d9%84%d8%a7%d8%aa%d8%a9-%d9%88%d8%a7%d9%84%d9%84%d9%88%d8%b2-%d8%a7%d9%84%d9%85%d8%ad%d9%85%d8%b5-%d8%a8%d8%af%d9%88%d9%86
https://lacuisinedebernard.com/caramel-crunch-chocolate,https://staging.lacuisinedebernard.com/caramel-crunch-chocolate
https://lacuisinedebernard.com/caramel-crunch-chocolate/,https://staging.lacuisinedebernard.com/caramel-crunch-chocolate
https://www.lacuisinedebernard.com/caramel-crunch-chocolate,https://staging.lacuisinedebernard.com/caramel-crunch-chocolate
https://www.lacuisinedebernard.com/caramel-crunch-chocolate/,https://staging.lacuisinedebernard.com/caramel-crunch-chocolate
https://lacuisinedebernard.com/santiago-de-chile,https://staging.lacuisinedebernard.com/santiago-de-chile
https://lacuisinedebernard.com/santiago-de-chile/,https://staging.lacuisinedebernard.com/santiago-de-chile
https://www.lacuisinedebernard.com/santiago-de-chile,https://staging.lacuisinedebernard.com/santiago-de-chile
https://www.lacuisinedebernard.com/santiago-de-chile/,https://staging.lacuisinedebernard.com/santiago-de-chile
https://lacuisinedebernard.com/flan-parisiense,https://staging.lacuisinedebernard.com/flan-parisiense
https://lacuisinedebernard.com/flan-parisiense/,https://staging.lacuisinedebernard.com/flan-parisiense
https://www.lacuisinedebernard.com/flan-parisiense,https://staging.lacuisinedebernard.com/flan-parisiense
https://www.lacuisinedebernard.com/flan-parisiense/,https://staging.lacuisinedebernard.com/flan-parisiense
https://lacuisinedebernard.com/canton,https://staging.lacuisinedebernard.com/canton
https://lacuisinedebernard.com/canton/,https://staging.lacuisinedebernard.com/canton
https://www.lacuisinedebernard.com/canton,https://staging.lacuisinedebernard.com/canton
https://www.lacuisinedebernard.com/canton/,https://staging.lacuisinedebernard.com/canton
https://lacuisinedebernard.com/%d8%b3%d8%a7%d9%86%d8%aa%d9%8a%d8%a7%d8%ba%d9%88-%d8%af%d9%8a-%d8%aa%d8%b4%d9%8a%d9%84%d9%8a,https://staging.lacuisinedebernard.com/%d8%b3%d8%a7%d9%86%d8%aa%d9%8a%d8%a7%d8%ba%d9%88-%d8%af%d9%8a-%d8%aa%d8%b4%d9%8a%d9%84%d9%8a
https://lacuisinedebernard.com/%d8%b3%d8%a7%d9%86%d8%aa%d9%8a%d8%a7%d8%ba%d9%88-%d8%af%d9%8a-%d8%aa%d8%b4%d9%8a%d9%84%d9%8a/,https://staging.lacuisinedebernard.com/%d8%b3%d8%a7%d9%86%d8%aa%d9%8a%d8%a7%d8%ba%d9%88-%d8%af%d9%8a-%d8%aa%d8%b4%d9%8a%d9%84%d9%8a
https://www.lacuisinedebernard.com/%d8%b3%d8%a7%d9%86%d8%aa%d9%8a%d8%a7%d8%ba%d9%88-%d8%af%d9%8a-%d8%aa%d8%b4%d9%8a%d9%84%d9%8a,https://staging.lacuisinedebernard.com/%d8%b3%d8%a7%d9%86%d8%aa%d9%8a%d8%a7%d8%ba%d9%88-%d8%af%d9%8a-%d8%aa%d8%b4%d9%8a%d9%84%d9%8a
https://www.lacuisinedebernard.com/%d8%b3%d8%a7%d9%86%d8%aa%d9%8a%d8%a7%d8%ba%d9%88-%d8%af%d9%8a-%d8%aa%d8%b4%d9%8a%d9%84%d9%8a/,https://staging.lacuisinedebernard.com/%d8%b3%d8%a7%d9%86%d8%aa%d9%8a%d8%a7%d8%ba%d9%88-%d8%af%d9%8a-%d8%aa%d8%b4%d9%8a%d9%84%d9%8a
https://lacuisinedebernard.com/taller-de-bernard-en-les-reines-macarrones,https://staging.lacuisinedebernard.com/taller-de-bernard-en-les-reines-macarrones
https://lacuisinedebernard.com/taller-de-bernard-en-les-reines-macarrones/,https://staging.lacuisinedebernard.com/taller-de-bernard-en-les-reines-macarrones
https://www.lacuisinedebernard.com/taller-de-bernard-en-les-reines-macarrones,https://staging.lacuisinedebernard.com/taller-de-bernard-en-les-reines-macarrones
https://www.lacuisinedebernard.com/taller-de-bernard-en-les-reines-macarrones/,https://staging.lacuisinedebernard.com/taller-de-bernard-en-les-reines-macarrones
https://lacuisinedebernard.com/%d9%83%d9%88%d9%83%d9%88-%d8%aa%d8%a7%d9%8a%d9%84%d8%b2,https://staging.lacuisinedebernard.com/%d9%83%d9%88%d9%83%d9%88-%d8%aa%d8%a7%d9%8a%d9%84%d8%b2
https://lacuisinedebernard.com/%d9%83%d9%88%d9%83%d9%88-%d8%aa%d8%a7%d9%8a%d9%84%d8%b2/,https://staging.lacuisinedebernard.com/%d9%83%d9%88%d9%83%d9%88-%d8%aa%d8%a7%d9%8a%d9%84%d8%b2
https://www.lacuisinedebernard.com/%d9%83%d9%88%d9%83%d9%88-%d8%aa%d8%a7%d9%8a%d9%84%d8%b2,https://staging.lacuisinedebernard.com/%d9%83%d9%88%d9%83%d9%88-%d8%aa%d8%a7%d9%8a%d9%84%d8%b2
https://www.lacuisinedebernard.com/%d9%83%d9%88%d9%83%d9%88-%d8%aa%d8%a7%d9%8a%d9%84%d8%b2/,https://staging.lacuisinedebernard.com/%d9%83%d9%88%d9%83%d9%88-%d8%aa%d8%a7%d9%8a%d9%84%d8%b2
https://lacuisinedebernard.com/delicias,https://staging.lacuisinedebernard.com/delicias
https://lacuisinedebernard.com/delicias/,https://staging.lacuisinedebernard.com/delicias
https://www.lacuisinedebernard.com/delicias,https://staging.lacuisinedebernard.com/delicias
https://www.lacuisinedebernard.com/delicias/,https://staging.lacuisinedebernard.com/delicias
https://lacuisinedebernard.com/decadencia-en-chocolate,https://staging.lacuisinedebernard.com/decadencia-en-chocolate
https://lacuisinedebernard.com/decadencia-en-chocolate/,https://staging.lacuisinedebernard.com/decadencia-en-chocolate
https://www.lacuisinedebernard.com/decadencia-en-chocolate,https://staging.lacuisinedebernard.com/decadencia-en-chocolate
https://www.lacuisinedebernard.com/decadencia-en-chocolate/,https://staging.lacuisinedebernard.com/decadencia-en-chocolate
https://lacuisinedebernard.com/%d8%aa%d9%88%d8%aa-%d8%a7%d9%84%d8%b9%d9%84%d9%8a%d9%82-%d9%83%d9%88%d9%86%d9%8a%d8%ba%d9%8a%d8%aa,https://staging.lacuisinedebernard.com/%d8%aa%d9%88%d8%aa-%d8%a7%d9%84%d8%b9%d9%84%d9%8a%d9%82-%d9%83%d9%88%d9%86%d9%8a%d8%ba%d9%8a%d8%aa
https://lacuisinedebernard.com/%d8%aa%d9%88%d8%aa-%d8%a7%d9%84%d8%b9%d9%84%d9%8a%d9%82-%d9%83%d9%88%d9%86%d9%8a%d8%ba%d9%8a%d8%aa/,https://staging.lacuisinedebernard.com/%d8%aa%d9%88%d8%aa-%d8%a7%d9%84%d8%b9%d9%84%d9%8a%d9%82-%d9%83%d9%88%d9%86%d9%8a%d8%ba%d9%8a%d8%aa
https://www.lacuisinedebernard.com/%d8%aa%d9%88%d8%aa-%d8%a7%d9%84%d8%b9%d9%84%d9%8a%d9%82-%d9%83%d9%88%d9%86%d9%8a%d8%ba%d9%8a%d8%aa,https://staging.lacuisinedebernard.com/%d8%aa%d9%88%d8%aa-%d8%a7%d9%84%d8%b9%d9%84%d9%8a%d9%82-%d9%83%d9%88%d9%86%d9%8a%d8%ba%d9%8a%d8%aa
https://www.lacuisinedebernard.com/%d8%aa%d9%88%d8%aa-%d8%a7%d9%84%d8%b9%d9%84%d9%8a%d9%82-%d9%83%d9%88%d9%86%d9%8a%d8%ba%d9%8a%d8%aa/,https://staging.lacuisinedebernard.com/%d8%aa%d9%88%d8%aa-%d8%a7%d9%84%d8%b9%d9%84%d9%8a%d9%82-%d9%83%d9%88%d9%86%d9%8a%d8%ba%d9%8a%d8%aa
https://lacuisinedebernard.com/parisian-flan,https://staging.lacuisinedebernard.com/parisian-flan
https://lacuisinedebernard.com/parisian-flan/,https://staging.lacuisinedebernard.com/parisian-flan
https://www.lacuisinedebernard.com/parisian-flan,https://staging.lacuisinedebernard.com/parisian-flan
https://www.lacuisinedebernard.com/parisian-flan/,https://staging.lacuisinedebernard.com/parisian-flan
https://lacuisinedebernard.com/%d9%83%d8%a7%d9%86%d8%aa%d9%88%d9%86,https://staging.lacuisinedebernard.com/%d9%83%d8%a7%d9%86%d8%aa%d9%88%d9%86
https://lacuisinedebernard.com/%d9%83%d8%a7%d9%86%d8%aa%d9%88%d9%86/,https://staging.lacuisinedebernard.com/%d9%83%d8%a7%d9%86%d8%aa%d9%88%d9%86
https://www.lacuisinedebernard.com/%d9%83%d8%a7%d9%86%d8%aa%d9%88%d9%86,https://staging.lacuisinedebernard.com/%d9%83%d8%a7%d9%86%d8%aa%d9%88%d9%86
https://www.lacuisinedebernard.com/%d9%83%d8%a7%d9%86%d8%aa%d9%88%d9%86/,https://staging.lacuisinedebernard.com/%d9%83%d8%a7%d9%86%d8%aa%d9%88%d9%86
https://lacuisinedebernard.com/a-oficina-de-bernard-em-les-reines-macaroons,https://staging.lacuisinedebernard.com/a-oficina-de-bernard-em-les-reines-macaroons
https://lacuisinedebernard.com/a-oficina-de-bernard-em-les-reines-macaroons/,https://staging.lacuisinedebernard.com/a-oficina-de-bernard-em-les-reines-macaroons
https://www.lacuisinedebernard.com/a-oficina-de-bernard-em-les-reines-macaroons,https://staging.lacuisinedebernard.com/a-oficina-de-bernard-em-les-reines-macaroons
https://www.lacuisinedebernard.com/a-oficina-de-bernard-em-les-reines-macaroons/,https://staging.lacuisinedebernard.com/a-oficina-de-bernard-em-les-reines-macaroons
https://lacuisinedebernard.com/petiscos,https://staging.lacuisinedebernard.com/petiscos
https://lacuisinedebernard.com/petiscos/,https://staging.lacuisinedebernard.com/petiscos
https://www.lacuisinedebernard.com/petiscos,https://staging.lacuisinedebernard.com/petiscos
https://www.lacuisinedebernard.com/petiscos/,https://staging.lacuisinedebernard.com/petiscos
https://lacuisinedebernard.com/decadencia-no-chocolate,https://staging.lacuisinedebernard.com/decadencia-no-chocolate
https://lacuisinedebernard.com/decadencia-no-chocolate/,https://staging.lacuisinedebernard.com/decadencia-no-chocolate
https://www.lacuisinedebernard.com/decadencia-no-chocolate,https://staging.lacuisinedebernard.com/decadencia-no-chocolate
https://www.lacuisinedebernard.com/decadencia-no-chocolate/,https://staging.lacuisinedebernard.com/decadencia-no-chocolate
https://lacuisinedebernard.com/cuernos-de-gacela-argelina,https://staging.lacuisinedebernard.com/cuernos-de-gacela-argelina
https://lacuisinedebernard.com/cuernos-de-gacela-argelina/,https://staging.lacuisinedebernard.com/cuernos-de-gacela-argelina
https://www.lacuisinedebernard.com/cuernos-de-gacela-argelina,https://staging.lacuisinedebernard.com/cuernos-de-gacela-argelina
https://www.lacuisinedebernard.com/cuernos-de-gacela-argelina/,https://staging.lacuisinedebernard.com/cuernos-de-gacela-argelina
https://lacuisinedebernard.com/macarrones-de-frambuesa-y-chocolate-blanco,https://staging.lacuisinedebernard.com/macarrones-de-frambuesa-y-chocolate-blanco
https://lacuisinedebernard.com/macarrones-de-frambuesa-y-chocolate-blanco/,https://staging.lacuisinedebernard.com/macarrones-de-frambuesa-y-chocolate-blanco
https://www.lacuisinedebernard.com/macarrones-de-frambuesa-y-chocolate-blanco,https://staging.lacuisinedebernard.com/macarrones-de-frambuesa-y-chocolate-blanco
https://www.lacuisinedebernard.com/macarrones-de-frambuesa-y-chocolate-blanco/,https://staging.lacuisinedebernard.com/macarrones-de-frambuesa-y-chocolate-blanco
https://lacuisinedebernard.com/kouignettes-de-frambuesa,https://staging.lacuisinedebernard.com/kouignettes-de-frambuesa
https://lacuisinedebernard.com/kouignettes-de-frambuesa/,https://staging.lacuisinedebernard.com/kouignettes-de-frambuesa
https://www.lacuisinedebernard.com/kouignettes-de-frambuesa,https://staging.lacuisinedebernard.com/kouignettes-de-frambuesa
https://www.lacuisinedebernard.com/kouignettes-de-frambuesa/,https://staging.lacuisinedebernard.com/kouignettes-de-frambuesa
https://lacuisinedebernard.com/delicacies,https://staging.lacuisinedebernard.com/delicacies
https://lacuisinedebernard.com/delicacies/,https://staging.lacuisinedebernard.com/delicacies
https://www.lacuisinedebernard.com/delicacies,https://staging.lacuisinedebernard.com/delicacies
https://www.lacuisinedebernard.com/delicacies/,https://staging.lacuisinedebernard.com/delicacies
https://lacuisinedebernard.com/baldosas-de-coco,https://staging.lacuisinedebernard.com/baldosas-de-coco
https://lacuisinedebernard.com/baldosas-de-coco/,https://staging.lacuisinedebernard.com/baldosas-de-coco
https://www.lacuisinedebernard.com/baldosas-de-coco,https://staging.lacuisinedebernard.com/baldosas-de-coco
https://www.lacuisinedebernard.com/baldosas-de-coco/,https://staging.lacuisinedebernard.com/baldosas-de-coco
https://lacuisinedebernard.com/%d9%81%d8%b7%d9%8a%d8%b1%d8%a9-%d8%a7%d9%84%d8%a8%d8%a7%d8%b1%d9%8a%d8%b3%d9%8a%d8%a9,https://staging.lacuisinedebernard.com/%d9%81%d8%b7%d9%8a%d8%b1%d8%a9-%d8%a7%d9%84%d8%a8%d8%a7%d8%b1%d9%8a%d8%b3%d9%8a%d8%a9
https://lacuisinedebernard.com/%d9%81%d8%b7%d9%8a%d8%b1%d8%a9-%d8%a7%d9%84%d8%a8%d8%a7%d8%b1%d9%8a%d8%b3%d9%8a%d8%a9/,https://staging.lacuisinedebernard.com/%d9%81%d8%b7%d9%8a%d8%b1%d8%a9-%d8%a7%d9%84%d8%a8%d8%a7%d8%b1%d9%8a%d8%b3%d9%8a%d8%a9
https://www.lacuisinedebernard.com/%d9%81%d8%b7%d9%8a%d8%b1%d8%a9-%d8%a7%d9%84%d8%a8%d8%a7%d8%b1%d9%8a%d8%b3%d9%8a%d8%a9,https://staging.lacuisinedebernard.com/%d9%81%d8%b7%d9%8a%d8%b1%d8%a9-%d8%a7%d9%84%d8%a8%d8%a7%d8%b1%d9%8a%d8%b3%d9%8a%d8%a9
https://www.lacuisinedebernard.com/%d9%81%d8%b7%d9%8a%d8%b1%d8%a9-%d8%a7%d9%84%d8%a8%d8%a7%d8%b1%d9%8a%d8%b3%d9%8a%d8%a9/,https://staging.lacuisinedebernard.com/%d9%81%d8%b7%d9%8a%d8%b1%d8%a9-%d8%a7%d9%84%d8%a8%d8%a7%d8%b1%d9%8a%d8%b3%d9%8a%d8%a9
https://lacuisinedebernard.com/bernards-workshop-at-les-reines-macaroons,https://staging.lacuisinedebernard.com/bernards-workshop-at-les-reines-macaroons
https://lacuisinedebernard.com/bernards-workshop-at-les-reines-macaroons/,https://staging.lacuisinedebernard.com/bernards-workshop-at-les-reines-macaroons
https://www.lacuisinedebernard.com/bernards-workshop-at-les-reines-macaroons,https://staging.lacuisinedebernard.com/bernards-workshop-at-les-reines-macaroons
https://www.lacuisinedebernard.com/bernards-workshop-at-les-reines-macaroons/,https://staging.lacuisinedebernard.com/bernards-workshop-at-les-reines-macaroons
https://lacuisinedebernard.com/decadence-in-chocolate,https://staging.lacuisinedebernard.com/decadence-in-chocolate
https://lacuisinedebernard.com/decadence-in-chocolate/,https://staging.lacuisinedebernard.com/decadence-in-chocolate
https://www.lacuisinedebernard.com/decadence-in-chocolate,https://staging.lacuisinedebernard.com/decadence-in-chocolate
https://www.lacuisinedebernard.com/decadence-in-chocolate/,https://staging.lacuisinedebernard.com/decadence-in-chocolate
https://lacuisinedebernard.com/macarroes-de-chocolate-branco-framboesa,https://staging.lacuisinedebernard.com/macarroes-de-chocolate-branco-framboesa
https://lacuisinedebernard.com/macarroes-de-chocolate-branco-framboesa/,https://staging.lacuisinedebernard.com/macarroes-de-chocolate-branco-framboesa
https://www.lacuisinedebernard.com/macarroes-de-chocolate-branco-framboesa,https://staging.lacuisinedebernard.com/macarroes-de-chocolate-branco-framboesa
https://www.lacuisinedebernard.com/macarroes-de-chocolate-branco-framboesa/,https://staging.lacuisinedebernard.com/macarroes-de-chocolate-branco-framboesa
https://lacuisinedebernard.com/chifres-de-gazela-argelina,https://staging.lacuisinedebernard.com/chifres-de-gazela-argelina
https://lacuisinedebernard.com/chifres-de-gazela-argelina/,https://staging.lacuisinedebernard.com/chifres-de-gazela-argelina
https://www.lacuisinedebernard.com/chifres-de-gazela-argelina,https://staging.lacuisinedebernard.com/chifres-de-gazela-argelina
https://www.lacuisinedebernard.com/chifres-de-gazela-argelina/,https://staging.lacuisinedebernard.com/chifres-de-gazela-argelina
https://lacuisinedebernard.com/%d8%b4%d9%87%d9%8a%d8%a9,https://staging.lacuisinedebernard.com/%d8%b4%d9%87%d9%8a%d8%a9
https://lacuisinedebernard.com/%d8%b4%d9%87%d9%8a%d8%a9/,https://staging.lacuisinedebernard.com/%d8%b4%d9%87%d9%8a%d8%a9
https://www.lacuisinedebernard.com/%d8%b4%d9%87%d9%8a%d8%a9,https://staging.lacuisinedebernard.com/%d8%b4%d9%87%d9%8a%d8%a9
https://www.lacuisinedebernard.com/%d8%b4%d9%87%d9%8a%d8%a9/,https://staging.lacuisinedebernard.com/%d8%b4%d9%87%d9%8a%d8%a9
https://lacuisinedebernard.com/kouignettes-de-framboesa,https://staging.lacuisinedebernard.com/kouignettes-de-framboesa
https://lacuisinedebernard.com/kouignettes-de-framboesa/,https://staging.lacuisinedebernard.com/kouignettes-de-framboesa
https://www.lacuisinedebernard.com/kouignettes-de-framboesa,https://staging.lacuisinedebernard.com/kouignettes-de-framboesa
https://www.lacuisinedebernard.com/kouignettes-de-framboesa/,https://staging.lacuisinedebernard.com/kouignettes-de-framboesa
https://lacuisinedebernard.com/raspberry-white-chocolate-macaroons,https://staging.lacuisinedebernard.com/raspberry-white-chocolate-macaroons
https://lacuisinedebernard.com/raspberry-white-chocolate-macaroons/,https://staging.lacuisinedebernard.com/raspberry-white-chocolate-macaroons
https://www.lacuisinedebernard.com/raspberry-white-chocolate-macaroons,https://staging.lacuisinedebernard.com/raspberry-white-chocolate-macaroons
https://www.lacuisinedebernard.com/raspberry-white-chocolate-macaroons/,https://staging.lacuisinedebernard.com/raspberry-white-chocolate-macaroons
https://lacuisinedebernard.com/%d8%a7%d9%86%d8%ad%d8%b7%d8%a7%d8%b7-%d8%a7%d9%84%d8%b4%d9%88%d9%83%d9%88%d9%84%d8%a7%d8%aa%d8%a9,https://staging.lacuisinedebernard.com/%d8%a7%d9%86%d8%ad%d8%b7%d8%a7%d8%b7-%d8%a7%d9%84%d8%b4%d9%88%d9%83%d9%88%d9%84%d8%a7%d8%aa%d8%a9
https://lacuisinedebernard.com/%d8%a7%d9%86%d8%ad%d8%b7%d8%a7%d8%b7-%d8%a7%d9%84%d8%b4%d9%88%d9%83%d9%88%d9%84%d8%a7%d8%aa%d8%a9/,https://staging.lacuisinedebernard.com/%d8%a7%d9%86%d8%ad%d8%b7%d8%a7%d8%b7-%d8%a7%d9%84%d8%b4%d9%88%d9%83%d9%88%d9%84%d8%a7%d8%aa%d8%a9
https://www.lacuisinedebernard.com/%d8%a7%d9%86%d8%ad%d8%b7%d8%a7%d8%b7-%d8%a7%d9%84%d8%b4%d9%88%d9%83%d9%88%d9%84%d8%a7%d8%aa%d8%a9,https://staging.lacuisinedebernard.com/%d8%a7%d9%86%d8%ad%d8%b7%d8%a7%d8%b7-%d8%a7%d9%84%d8%b4%d9%88%d9%83%d9%88%d9%84%d8%a7%d8%aa%d8%a9
https://www.lacuisinedebernard.com/%d8%a7%d9%86%d8%ad%d8%b7%d8%a7%d8%b7-%d8%a7%d9%84%d8%b4%d9%88%d9%83%d9%88%d9%84%d8%a7%d8%aa%d8%a9/,https://staging.lacuisinedebernard.com/%d8%a7%d9%86%d8%ad%d8%b7%d8%a7%d8%b7-%d8%a7%d9%84%d8%b4%d9%88%d9%83%d9%88%d9%84%d8%a7%d8%aa%d8%a9
https://lacuisinedebernard.com/%d9%88%d8%b1%d8%b4%d8%a9-%d8%a8%d8%b1%d9%86%d8%a7%d8%b1%d8%af-%d9%81%d9%8a-les-reines-%d9%85%d8%a7%d9%83%d8%a7%d8%b1%d9%88%d9%86%d8%b3,https://staging.lacuisinedebernard.com/%d9%88%d8%b1%d8%b4%d8%a9-%d8%a8%d8%b1%d9%86%d8%a7%d8%b1%d8%af-%d9%81%d9%8a-les-reines-%d9%85%d8%a7%d9%83%d8%a7%d8%b1%d9%88%d9%86%d8%b3
https://lacuisinedebernard.com/%d9%88%d8%b1%d8%b4%d8%a9-%d8%a8%d8%b1%d9%86%d8%a7%d8%b1%d8%af-%d9%81%d9%8a-les-reines-%d9%85%d8%a7%d9%83%d8%a7%d8%b1%d9%88%d9%86%d8%b3/,https://staging.lacuisinedebernard.com/%d9%88%d8%b1%d8%b4%d8%a9-%d8%a8%d8%b1%d9%86%d8%a7%d8%b1%d8%af-%d9%81%d9%8a-les-reines-%d9%85%d8%a7%d9%83%d8%a7%d8%b1%d9%88%d9%86%d8%b3
https://www.lacuisinedebernard.com/%d9%88%d8%b1%d8%b4%d8%a9-%d8%a8%d8%b1%d9%86%d8%a7%d8%b1%d8%af-%d9%81%d9%8a-les-reines-%d9%85%d8%a7%d9%83%d8%a7%d8%b1%d9%88%d9%86%d8%b3,https://staging.lacuisinedebernard.com/%d9%88%d8%b1%d8%b4%d8%a9-%d8%a8%d8%b1%d9%86%d8%a7%d8%b1%d8%af-%d9%81%d9%8a-les-reines-%d9%85%d8%a7%d9%83%d8%a7%d8%b1%d9%88%d9%86%d8%b3
https://www.lacuisinedebernard.com/%d9%88%d8%b1%d8%b4%d8%a9-%d8%a8%d8%b1%d9%86%d8%a7%d8%b1%d8%af-%d9%81%d9%8a-les-reines-%d9%85%d8%a7%d9%83%d8%a7%d8%b1%d9%88%d9%86%d8%b3/,https://staging.lacuisinedebernard.com/%d9%88%d8%b1%d8%b4%d8%a9-%d8%a8%d8%b1%d9%86%d8%a7%d8%b1%d8%af-%d9%81%d9%8a-les-reines-%d9%85%d8%a7%d9%83%d8%a7%d8%b1%d9%88%d9%86%d8%b3
https://lacuisinedebernard.com/coco-tiles,https://staging.lacuisinedebernard.com/coco-tiles
https://lacuisinedebernard.com/coco-tiles/,https://staging.lacuisinedebernard.com/coco-tiles
https://www.lacuisinedebernard.com/coco-tiles,https://staging.lacuisinedebernard.com/coco-tiles
https://www.lacuisinedebernard.com/coco-tiles/,https://staging.lacuisinedebernard.com/coco-tiles
https://lacuisinedebernard.com/algerian-gazelle-horns,https://staging.lacuisinedebernard.com/algerian-gazelle-horns
https://lacuisinedebernard.com/algerian-gazelle-horns/,https://staging.lacuisinedebernard.com/algerian-gazelle-horns
https://www.lacuisinedebernard.com/algerian-gazelle-horns,https://staging.lacuisinedebernard.com/algerian-gazelle-horns
https://www.lacuisinedebernard.com/algerian-gazelle-horns/,https://staging.lacuisinedebernard.com/algerian-gazelle-horns
https://lacuisinedebernard.com/%d8%a3%d8%a8%d9%88%d8%a7%d9%82-%d8%a7%d9%84%d8%ba%d8%b2%d8%a7%d9%84-%d8%a7%d9%84%d8%ac%d8%b2%d8%a7%d8%a6%d8%b1%d9%8a%d8%a9,https://staging.lacuisinedebernard.com/%d8%a3%d8%a8%d9%88%d8%a7%d9%82-%d8%a7%d9%84%d8%ba%d8%b2%d8%a7%d9%84-%d8%a7%d9%84%d8%ac%d8%b2%d8%a7%d8%a6%d8%b1%d9%8a%d8%a9
https://lacuisinedebernard.com/%d8%a3%d8%a8%d9%88%d8%a7%d9%82-%d8%a7%d9%84%d8%ba%d8%b2%d8%a7%d9%84-%d8%a7%d9%84%d8%ac%d8%b2%d8%a7%d8%a6%d8%b1%d9%8a%d8%a9/,https://staging.lacuisinedebernard.com/%d8%a3%d8%a8%d9%88%d8%a7%d9%82-%d8%a7%d9%84%d8%ba%d8%b2%d8%a7%d9%84-%d8%a7%d9%84%d8%ac%d8%b2%d8%a7%d8%a6%d8%b1%d9%8a%d8%a9
https://www.lacuisinedebernard.com/%d8%a3%d8%a8%d9%88%d8%a7%d9%82-%d8%a7%d9%84%d8%ba%d8%b2%d8%a7%d9%84-%d8%a7%d9%84%d8%ac%d8%b2%d8%a7%d8%a6%d8%b1%d9%8a%d8%a9,https://staging.lacuisinedebernard.com/%d8%a3%d8%a8%d9%88%d8%a7%d9%82-%d8%a7%d9%84%d8%ba%d8%b2%d8%a7%d9%84-%d8%a7%d9%84%d8%ac%d8%b2%d8%a7%d8%a6%d8%b1%d9%8a%d8%a9
https://www.lacuisinedebernard.com/%d8%a3%d8%a8%d9%88%d8%a7%d9%82-%d8%a7%d9%84%d8%ba%d8%b2%d8%a7%d9%84-%d8%a7%d9%84%d8%ac%d8%b2%d8%a7%d8%a6%d8%b1%d9%8a%d8%a9/,https://staging.lacuisinedebernard.com/%d8%a3%d8%a8%d9%88%d8%a7%d9%82-%d8%a7%d9%84%d8%ba%d8%b2%d8%a7%d9%84-%d8%a7%d9%84%d8%ac%d8%b2%d8%a7%d8%a6%d8%b1%d9%8a%d8%a9
https://lacuisinedebernard.com/cantao,https://staging.lacuisinedebernard.com/cantao
https://lacuisinedebernard.com/cantao/,https://staging.lacuisinedebernard.com/cantao
https://www.lacuisinedebernard.com/cantao,https://staging.lacuisinedebernard.com/cantao
https://www.lacuisinedebernard.com/cantao/,https://staging.lacuisinedebernard.com/cantao
https://lacuisinedebernard.com/flan-parisino,https://staging.lacuisinedebernard.com/flan-parisino
https://lacuisinedebernard.com/flan-parisino/,https://staging.lacuisinedebernard.com/flan-parisino
https://www.lacuisinedebernard.com/flan-parisino,https://staging.lacuisinedebernard.com/flan-parisino
https://www.lacuisinedebernard.com/flan-parisino/,https://staging.lacuisinedebernard.com/flan-parisino
https://lacuisinedebernard.com/raspberry-kouignettes,https://staging.lacuisinedebernard.com/raspberry-kouignettes
https://lacuisinedebernard.com/raspberry-kouignettes/,https://staging.lacuisinedebernard.com/raspberry-kouignettes
https://www.lacuisinedebernard.com/raspberry-kouignettes,https://staging.lacuisinedebernard.com/raspberry-kouignettes
https://www.lacuisinedebernard.com/raspberry-kouignettes/,https://staging.lacuisinedebernard.com/raspberry-kouignettes
https://lacuisinedebernard.com/crujiente-de-caramelo-y-avellanas,https://staging.lacuisinedebernard.com/crujiente-de-caramelo-y-avellanas
https://lacuisinedebernard.com/crujiente-de-caramelo-y-avellanas/,https://staging.lacuisinedebernard.com/crujiente-de-caramelo-y-avellanas
https://www.lacuisinedebernard.com/crujiente-de-caramelo-y-avellanas,https://staging.lacuisinedebernard.com/crujiente-de-caramelo-y-avellanas
https://www.lacuisinedebernard.com/crujiente-de-caramelo-y-avellanas/,https://staging.lacuisinedebernard.com/crujiente-de-caramelo-y-avellanas
https://lacuisinedebernard.com/%d9%85%d8%a7%d9%83%d8%a7%d8%b1%d9%88%d9%86-%d8%a7%d9%84%d8%aa%d9%88%d8%aa-%d9%88%d8%a7%d9%84%d8%b4%d9%88%d9%83%d9%88%d9%84%d8%a7%d8%aa%d8%a9-%d8%a7%d9%84%d8%a8%d9%8a%d8%b6%d8%a7%d8%a1,https://staging.lacuisinedebernard.com/%d9%85%d8%a7%d9%83%d8%a7%d8%b1%d9%88%d9%86-%d8%a7%d9%84%d8%aa%d9%88%d8%aa-%d9%88%d8%a7%d9%84%d8%b4%d9%88%d9%83%d9%88%d9%84%d8%a7%d8%aa%d8%a9-%d8%a7%d9%84%d8%a8%d9%8a%d8%b6%d8%a7%d8%a1
https://lacuisinedebernard.com/%d9%85%d8%a7%d9%83%d8%a7%d8%b1%d9%88%d9%86-%d8%a7%d9%84%d8%aa%d9%88%d8%aa-%d9%88%d8%a7%d9%84%d8%b4%d9%88%d9%83%d9%88%d9%84%d8%a7%d8%aa%d8%a9-%d8%a7%d9%84%d8%a8%d9%8a%d8%b6%d8%a7%d8%a1/,https://staging.lacuisinedebernard.com/%d9%85%d8%a7%d9%83%d8%a7%d8%b1%d9%88%d9%86-%d8%a7%d9%84%d8%aa%d9%88%d8%aa-%d9%88%d8%a7%d9%84%d8%b4%d9%88%d9%83%d9%88%d9%84%d8%a7%d8%aa%d8%a9-%d8%a7%d9%84%d8%a8%d9%8a%d8%b6%d8%a7%d8%a1
https://www.lacuisinedebernard.com/%d9%85%d8%a7%d9%83%d8%a7%d8%b1%d9%88%d9%86-%d8%a7%d9%84%d8%aa%d9%88%d8%aa-%d9%88%d8%a7%d9%84%d8%b4%d9%88%d9%83%d9%88%d9%84%d8%a7%d8%aa%d8%a9-%d8%a7%d9%84%d8%a8%d9%8a%d8%b6%d8%a7%d8%a1,https://staging.lacuisinedebernard.com/%d9%85%d8%a7%d9%83%d8%a7%d8%b1%d9%88%d9%86-%d8%a7%d9%84%d8%aa%d9%88%d8%aa-%d9%88%d8%a7%d9%84%d8%b4%d9%88%d9%83%d9%88%d9%84%d8%a7%d8%aa%d8%a9-%d8%a7%d9%84%d8%a8%d9%8a%d8%b6%d8%a7%d8%a1
https://www.lacuisinedebernard.com/%d9%85%d8%a7%d9%83%d8%a7%d8%b1%d9%88%d9%86-%d8%a7%d9%84%d8%aa%d9%88%d8%aa-%d9%88%d8%a7%d9%84%d8%b4%d9%88%d9%83%d9%88%d9%84%d8%a7%d8%aa%d8%a9-%d8%a7%d9%84%d8%a8%d9%8a%d8%b6%d8%a7%d8%a1/,https://staging.lacuisinedebernard.com/%d9%85%d8%a7%d9%83%d8%a7%d8%b1%d9%88%d9%86-%d8%a7%d9%84%d8%aa%d9%88%d8%aa-%d9%88%d8%a7%d9%84%d8%b4%d9%88%d9%83%d9%88%d9%84%d8%a7%d8%aa%d8%a9-%d8%a7%d9%84%d8%a8%d9%8a%d8%b6%d8%a7%d8%a1
https://lacuisinedebernard.com/%d8%b4%d8%b1%d8%a8%d8%a7%d8%aa-%d8%a7%d9%84%d9%85%d8%b4%d9%85%d8%b4,https://staging.lacuisinedebernard.com/%d8%b4%d8%b1%d8%a8%d8%a7%d8%aa-%d8%a7%d9%84%d9%85%d8%b4%d9%85%d8%b4
https://lacuisinedebernard.com/%d8%b4%d8%b1%d8%a8%d8%a7%d8%aa-%d8%a7%d9%84%d9%85%d8%b4%d9%85%d8%b4/,https://staging.lacuisinedebernard.com/%d8%b4%d8%b1%d8%a8%d8%a7%d8%aa-%d8%a7%d9%84%d9%85%d8%b4%d9%85%d8%b4
https://www.lacuisinedebernard.com/%d8%b4%d8%b1%d8%a8%d8%a7%d8%aa-%d8%a7%d9%84%d9%85%d8%b4%d9%85%d8%b4,https://staging.lacuisinedebernard.com/%d8%b4%d8%b1%d8%a8%d8%a7%d8%aa-%d8%a7%d9%84%d9%85%d8%b4%d9%85%d8%b4
https://www.lacuisinedebernard.com/%d8%b4%d8%b1%d8%a8%d8%a7%d8%aa-%d8%a7%d9%84%d9%85%d8%b4%d9%85%d8%b4/,https://staging.lacuisinedebernard.com/%d8%b4%d8%b1%d8%a8%d8%a7%d8%aa-%d8%a7%d9%84%d9%85%d8%b4%d9%85%d8%b4
https://lacuisinedebernard.com/%d8%a8%d8%a7%d9%86%d9%81-%d9%81%d8%b7%d9%8a%d8%b1%d8%a9,https://staging.lacuisinedebernard.com/%d8%a8%d8%a7%d9%86%d9%81-%d9%81%d8%b7%d9%8a%d8%b1%d8%a9
https://lacuisinedebernard.com/%d8%a8%d8%a7%d9%86%d9%81-%d9%81%d8%b7%d9%8a%d8%b1%d8%a9/,https://staging.lacuisinedebernard.com/%d8%a8%d8%a7%d9%86%d9%81-%d9%81%d8%b7%d9%8a%d8%b1%d8%a9
https://www.lacuisinedebernard.com/%d8%a8%d8%a7%d9%86%d9%81-%d9%81%d8%b7%d9%8a%d8%b1%d8%a9,https://staging.lacuisinedebernard.com/%d8%a8%d8%a7%d9%86%d9%81-%d9%81%d8%b7%d9%8a%d8%b1%d8%a9
https://www.lacuisinedebernard.com/%d8%a8%d8%a7%d9%86%d9%81-%d9%81%d8%b7%d9%8a%d8%b1%d8%a9/,https://staging.lacuisinedebernard.com/%d8%a8%d8%a7%d9%86%d9%81-%d9%81%d8%b7%d9%8a%d8%b1%d8%a9
https://lacuisinedebernard.com/diamantes,https://staging.lacuisinedebernard.com/diamantes
https://lacuisinedebernard.com/diamantes/,https://staging.lacuisinedebernard.com/diamantes
https://www.lacuisinedebernard.com/diamantes,https://staging.lacuisinedebernard.com/diamantes
https://www.lacuisinedebernard.com/diamantes/,https://staging.lacuisinedebernard.com/diamantes
https://lacuisinedebernard.com/financieros-de-avellana-y-vainilla,https://staging.lacuisinedebernard.com/financieros-de-avellana-y-vainilla
https://lacuisinedebernard.com/financieros-de-avellana-y-vainilla/,https://staging.lacuisinedebernard.com/financieros-de-avellana-y-vainilla
https://www.lacuisinedebernard.com/financieros-de-avellana-y-vainilla,https://staging.lacuisinedebernard.com/financieros-de-avellana-y-vainilla
https://www.lacuisinedebernard.com/financieros-de-avellana-y-vainilla/,https://staging.lacuisinedebernard.com/financieros-de-avellana-y-vainilla
https://lacuisinedebernard.com/languages-of-cats,https://staging.lacuisinedebernard.com/languages-of-cats
https://lacuisinedebernard.com/languages-of-cats/,https://staging.lacuisinedebernard.com/languages-of-cats
https://www.lacuisinedebernard.com/languages-of-cats,https://staging.lacuisinedebernard.com/languages-of-cats
https://www.lacuisinedebernard.com/languages-of-cats/,https://staging.lacuisinedebernard.com/languages-of-cats
https://lacuisinedebernard.com/wild-strawberry-tartlets,https://staging.lacuisinedebernard.com/wild-strawberry-tartlets
https://lacuisinedebernard.com/wild-strawberry-tartlets/,https://staging.lacuisinedebernard.com/wild-strawberry-tartlets
https://www.lacuisinedebernard.com/wild-strawberry-tartlets,https://staging.lacuisinedebernard.com/wild-strawberry-tartlets
https://www.lacuisinedebernard.com/wild-strawberry-tartlets/,https://staging.lacuisinedebernard.com/wild-strawberry-tartlets
https://lacuisinedebernard.com/%d8%a8%d9%88%d8%b1%d8%aa%d8%b3%d8%a7%d9%84-%d8%a7%d9%84%d8%ad%d9%86%d8%b7%d8%a9-%d8%a7%d9%84%d8%b3%d9%88%d8%af%d8%a7%d8%a1-%d8%a7%d9%84%d8%ba%d8%b1%d9%8a%d8%a8%d8%a9,https://staging.lacuisinedebernard.com/%d8%a8%d9%88%d8%b1%d8%aa%d8%b3%d8%a7%d9%84-%d8%a7%d9%84%d8%ad%d9%86%d8%b7%d8%a9-%d8%a7%d9%84%d8%b3%d9%88%d8%af%d8%a7%d8%a1-%d8%a7%d9%84%d8%ba%d8%b1%d9%8a%d8%a8%d8%a9
https://lacuisinedebernard.com/%d8%a8%d9%88%d8%b1%d8%aa%d8%b3%d8%a7%d9%84-%d8%a7%d9%84%d8%ad%d9%86%d8%b7%d8%a9-%d8%a7%d9%84%d8%b3%d9%88%d8%af%d8%a7%d8%a1-%d8%a7%d9%84%d8%ba%d8%b1%d9%8a%d8%a8%d8%a9/,https://staging.lacuisinedebernard.com/%d8%a8%d9%88%d8%b1%d8%aa%d8%b3%d8%a7%d9%84-%d8%a7%d9%84%d8%ad%d9%86%d8%b7%d8%a9-%d8%a7%d9%84%d8%b3%d9%88%d8%af%d8%a7%d8%a1-%d8%a7%d9%84%d8%ba%d8%b1%d9%8a%d8%a8%d8%a9
https://www.lacuisinedebernard.com/%d8%a8%d9%88%d8%b1%d8%aa%d8%b3%d8%a7%d9%84-%d8%a7%d9%84%d8%ad%d9%86%d8%b7%d8%a9-%d8%a7%d9%84%d8%b3%d9%88%d8%af%d8%a7%d8%a1-%d8%a7%d9%84%d8%ba%d8%b1%d9%8a%d8%a8%d8%a9,https://staging.lacuisinedebernard.com/%d8%a8%d9%88%d8%b1%d8%aa%d8%b3%d8%a7%d9%84-%d8%a7%d9%84%d8%ad%d9%86%d8%b7%d8%a9-%d8%a7%d9%84%d8%b3%d9%88%d8%af%d8%a7%d8%a1-%d8%a7%d9%84%d8%ba%d8%b1%d9%8a%d8%a8%d8%a9
https://www.lacuisinedebernard.com/%d8%a8%d9%88%d8%b1%d8%aa%d8%b3%d8%a7%d9%84-%d8%a7%d9%84%d8%ad%d9%86%d8%b7%d8%a9-%d8%a7%d9%84%d8%b3%d9%88%d8%af%d8%a7%d8%a1-%d8%a7%d9%84%d8%ba%d8%b1%d9%8a%d8%a8%d8%a9/,https://staging.lacuisinedebernard.com/%d8%a8%d9%88%d8%b1%d8%aa%d8%b3%d8%a7%d9%84-%d8%a7%d9%84%d8%ad%d9%86%d8%b7%d8%a9-%d8%a7%d9%84%d8%b3%d9%88%d8%af%d8%a7%d8%a1-%d8%a7%d9%84%d8%ba%d8%b1%d9%8a%d8%a8%d8%a9
https://lacuisinedebernard.com/crisp-de-caramelo-e-avela,https://staging.lacuisinedebernard.com/crisp-de-caramelo-e-avela
https://lacuisinedebernard.com/crisp-de-caramelo-e-avela/,https://staging.lacuisinedebernard.com/crisp-de-caramelo-e-avela
https://www.lacuisinedebernard.com/crisp-de-caramelo-e-avela,https://staging.lacuisinedebernard.com/crisp-de-caramelo-e-avela
https://www.lacuisinedebernard.com/crisp-de-caramelo-e-avela/,https://staging.lacuisinedebernard.com/crisp-de-caramelo-e-avela
https://lacuisinedebernard.com/folhas-de-menta-cristalizadas-de-chocolate,https://staging.lacuisinedebernard.com/folhas-de-menta-cristalizadas-de-chocolate
https://lacuisinedebernard.com/folhas-de-menta-cristalizadas-de-chocolate/,https://staging.lacuisinedebernard.com/folhas-de-menta-cristalizadas-de-chocolate
https://www.lacuisinedebernard.com/folhas-de-menta-cristalizadas-de-chocolate,https://staging.lacuisinedebernard.com/folhas-de-menta-cristalizadas-de-chocolate
https://www.lacuisinedebernard.com/folhas-de-menta-cristalizadas-de-chocolate/,https://staging.lacuisinedebernard.com/folhas-de-menta-cristalizadas-de-chocolate
https://lacuisinedebernard.com/cupula-de-chocolate,https://staging.lacuisinedebernard.com/cupula-de-chocolate
https://lacuisinedebernard.com/cupula-de-chocolate/,https://staging.lacuisinedebernard.com/cupula-de-chocolate
https://www.lacuisinedebernard.com/cupula-de-chocolate,https://staging.lacuisinedebernard.com/cupula-de-chocolate
https://www.lacuisinedebernard.com/cupula-de-chocolate/,https://staging.lacuisinedebernard.com/cupula-de-chocolate
https://lacuisinedebernard.com/%d8%aa%d8%a7%d8%b1%d8%aa%d9%84%d9%8a%d8%aa-%d8%a7%d9%84%d9%81%d8%b1%d8%a7%d9%88%d9%84%d8%a9-%d8%a7%d9%84%d8%a8%d8%b1%d9%8a%d8%a9,https://staging.lacuisinedebernard.com/%d8%aa%d8%a7%d8%b1%d8%aa%d9%84%d9%8a%d8%aa-%d8%a7%d9%84%d9%81%d8%b1%d8%a7%d9%88%d9%84%d8%a9-%d8%a7%d9%84%d8%a8%d8%b1%d9%8a%d8%a9
https://lacuisinedebernard.com/%d8%aa%d8%a7%d8%b1%d8%aa%d9%84%d9%8a%d8%aa-%d8%a7%d9%84%d9%81%d8%b1%d8%a7%d9%88%d9%84%d8%a9-%d8%a7%d9%84%d8%a8%d8%b1%d9%8a%d8%a9/,https://staging.lacuisinedebernard.com/%d8%aa%d8%a7%d8%b1%d8%aa%d9%84%d9%8a%d8%aa-%d8%a7%d9%84%d9%81%d8%b1%d8%a7%d9%88%d9%84%d8%a9-%d8%a7%d9%84%d8%a8%d8%b1%d9%8a%d8%a9
https://www.lacuisinedebernard.com/%d8%aa%d8%a7%d8%b1%d8%aa%d9%84%d9%8a%d8%aa-%d8%a7%d9%84%d9%81%d8%b1%d8%a7%d9%88%d9%84%d8%a9-%d8%a7%d9%84%d8%a8%d8%b1%d9%8a%d8%a9,https://staging.lacuisinedebernard.com/%d8%aa%d8%a7%d8%b1%d8%aa%d9%84%d9%8a%d8%aa-%d8%a7%d9%84%d9%81%d8%b1%d8%a7%d9%88%d9%84%d8%a9-%d8%a7%d9%84%d8%a8%d8%b1%d9%8a%d8%a9
https://www.lacuisinedebernard.com/%d8%aa%d8%a7%d8%b1%d8%aa%d9%84%d9%8a%d8%aa-%d8%a7%d9%84%d9%81%d8%b1%d8%a7%d9%88%d9%84%d8%a9-%d8%a7%d9%84%d8%a8%d8%b1%d9%8a%d8%a9/,https://staging.lacuisinedebernard.com/%d8%aa%d8%a7%d8%b1%d8%aa%d9%84%d9%8a%d8%aa-%d8%a7%d9%84%d9%81%d8%b1%d8%a7%d9%88%d9%84%d8%a9-%d8%a7%d9%84%d8%a8%d8%b1%d9%8a%d8%a9
https://lacuisinedebernard.com/%d9%84%d8%ba%d8%a7%d8%aa-%d8%a7%d9%84%d9%82%d8%b7,https://staging.lacuisinedebernard.com/%d9%84%d8%ba%d8%a7%d8%aa-%d8%a7%d9%84%d9%82%d8%b7
https://lacuisinedebernard.com/%d9%84%d8%ba%d8%a7%d8%aa-%d8%a7%d9%84%d9%82%d8%b7/,https://staging.lacuisinedebernard.com/%d9%84%d8%ba%d8%a7%d8%aa-%d8%a7%d9%84%d9%82%d8%b7
https://www.lacuisinedebernard.com/%d9%84%d8%ba%d8%a7%d8%aa-%d8%a7%d9%84%d9%82%d8%b7,https://staging.lacuisinedebernard.com/%d9%84%d8%ba%d8%a7%d8%aa-%d8%a7%d9%84%d9%82%d8%b7
https://www.lacuisinedebernard.com/%d9%84%d8%ba%d8%a7%d8%aa-%d8%a7%d9%84%d9%82%d8%b7/,https://staging.lacuisinedebernard.com/%d9%84%d8%ba%d8%a7%d8%aa-%d8%a7%d9%84%d9%82%d8%b7
https://lacuisinedebernard.com/financiadores-de-avelas-e-baunilha,https://staging.lacuisinedebernard.com/financiadores-de-avelas-e-baunilha
https://lacuisinedebernard.com/financiadores-de-avelas-e-baunilha/,https://staging.lacuisinedebernard.com/financiadores-de-avelas-e-baunilha
https://www.lacuisinedebernard.com/financiadores-de-avelas-e-baunilha,https://staging.lacuisinedebernard.com/financiadores-de-avelas-e-baunilha
https://www.lacuisinedebernard.com/financiadores-de-avelas-e-baunilha/,https://staging.lacuisinedebernard.com/financiadores-de-avelas-e-baunilha
https://lacuisinedebernard.com/caramel-and-hazelnut-crunch,https://staging.lacuisinedebernard.com/caramel-and-hazelnut-crunch
https://lacuisinedebernard.com/caramel-and-hazelnut-crunch/,https://staging.lacuisinedebernard.com/caramel-and-hazelnut-crunch
https://www.lacuisinedebernard.com/caramel-and-hazelnut-crunch,https://staging.lacuisinedebernard.com/caramel-and-hazelnut-crunch
https://www.lacuisinedebernard.com/caramel-and-hazelnut-crunch/,https://staging.lacuisinedebernard.com/caramel-and-hazelnut-crunch
https://lacuisinedebernard.com/chocolate-crystallized-mint-leaves,https://staging.lacuisinedebernard.com/chocolate-crystallized-mint-leaves
https://lacuisinedebernard.com/chocolate-crystallized-mint-leaves/,https://staging.lacuisinedebernard.com/chocolate-crystallized-mint-leaves
https://www.lacuisinedebernard.com/chocolate-crystallized-mint-leaves,https://staging.lacuisinedebernard.com/chocolate-crystallized-mint-leaves
https://www.lacuisinedebernard.com/chocolate-crystallized-mint-leaves/,https://staging.lacuisinedebernard.com/chocolate-crystallized-mint-leaves
https://lacuisinedebernard.com/zlabias,https://staging.lacuisinedebernard.com/zlabias
https://lacuisinedebernard.com/zlabias/,https://staging.lacuisinedebernard.com/zlabias
https://www.lacuisinedebernard.com/zlabias,https://staging.lacuisinedebernard.com/zlabias
https://www.lacuisinedebernard.com/zlabias/,https://staging.lacuisinedebernard.com/zlabias
https://lacuisinedebernard.com/diamonds,https://staging.lacuisinedebernard.com/diamonds
https://lacuisinedebernard.com/diamonds/,https://staging.lacuisinedebernard.com/diamonds
https://www.lacuisinedebernard.com/diamonds,https://staging.lacuisinedebernard.com/diamonds
https://www.lacuisinedebernard.com/diamonds/,https://staging.lacuisinedebernard.com/diamonds
https://lacuisinedebernard.com/hazelnut-and-vanilla-financiers,https://staging.lacuisinedebernard.com/hazelnut-and-vanilla-financiers
https://lacuisinedebernard.com/hazelnut-and-vanilla-financiers/,https://staging.lacuisinedebernard.com/hazelnut-and-vanilla-financiers
https://www.lacuisinedebernard.com/hazelnut-and-vanilla-financiers,https://staging.lacuisinedebernard.com/hazelnut-and-vanilla-financiers
https://www.lacuisinedebernard.com/hazelnut-and-vanilla-financiers/,https://staging.lacuisinedebernard.com/hazelnut-and-vanilla-financiers
https://lacuisinedebernard.com/tarta-de-banoffee,https://staging.lacuisinedebernard.com/tarta-de-banoffee
https://lacuisinedebernard.com/tarta-de-banoffee/,https://staging.lacuisinedebernard.com/tarta-de-banoffee
https://www.lacuisinedebernard.com/tarta-de-banoffee,https://staging.lacuisinedebernard.com/tarta-de-banoffee
https://www.lacuisinedebernard.com/tarta-de-banoffee/,https://staging.lacuisinedebernard.com/tarta-de-banoffee
https://lacuisinedebernard.com/%d8%b1%d9%82%d8%a7%d8%a6%d9%82-%d8%a7%d9%84%d9%83%d8%b1%d8%a7%d9%85%d9%8a%d9%84-%d9%88%d8%a7%d9%84%d8%a8%d9%86%d8%af%d9%82,https://staging.lacuisinedebernard.com/%d8%b1%d9%82%d8%a7%d8%a6%d9%82-%d8%a7%d9%84%d9%83%d8%b1%d8%a7%d9%85%d9%8a%d9%84-%d9%88%d8%a7%d9%84%d8%a8%d9%86%d8%af%d9%82
https://lacuisinedebernard.com/%d8%b1%d9%82%d8%a7%d8%a6%d9%82-%d8%a7%d9%84%d9%83%d8%b1%d8%a7%d9%85%d9%8a%d9%84-%d9%88%d8%a7%d9%84%d8%a8%d9%86%d8%af%d9%82/,https://staging.lacuisinedebernard.com/%d8%b1%d9%82%d8%a7%d8%a6%d9%82-%d8%a7%d9%84%d9%83%d8%b1%d8%a7%d9%85%d9%8a%d9%84-%d9%88%d8%a7%d9%84%d8%a8%d9%86%d8%af%d9%82
https://www.lacuisinedebernard.com/%d8%b1%d9%82%d8%a7%d8%a6%d9%82-%d8%a7%d9%84%d9%83%d8%b1%d8%a7%d9%85%d9%8a%d9%84-%d9%88%d8%a7%d9%84%d8%a8%d9%86%d8%af%d9%82,https://staging.lacuisinedebernard.com/%d8%b1%d9%82%d8%a7%d8%a6%d9%82-%d8%a7%d9%84%d9%83%d8%b1%d8%a7%d9%85%d9%8a%d9%84-%d9%88%d8%a7%d9%84%d8%a8%d9%86%d8%af%d9%82
https://www.lacuisinedebernard.com/%d8%b1%d9%82%d8%a7%d8%a6%d9%82-%d8%a7%d9%84%d9%83%d8%b1%d8%a7%d9%85%d9%8a%d9%84-%d9%88%d8%a7%d9%84%d8%a8%d9%86%d8%af%d9%82/,https://staging.lacuisinedebernard.com/%d8%b1%d9%82%d8%a7%d8%a6%d9%82-%d8%a7%d9%84%d9%83%d8%b1%d8%a7%d9%85%d9%8a%d9%84-%d9%88%d8%a7%d9%84%d8%a8%d9%86%d8%af%d9%82
https://lacuisinedebernard.com/%d8%a3%d9%88%d8%b1%d8%a7%d9%82-%d9%86%d8%b9%d9%86%d8%a7%d8%b9-%d9%85%d8%aa%d8%a8%d9%84%d9%88%d8%b1%d8%a9-%d8%a8%d8%a7%d9%84%d8%b4%d9%88%d9%83%d9%88%d9%84%d8%a7,https://staging.lacuisinedebernard.com/%d8%a3%d9%88%d8%b1%d8%a7%d9%82-%d9%86%d8%b9%d9%86%d8%a7%d8%b9-%d9%85%d8%aa%d8%a8%d9%84%d9%88%d8%b1%d8%a9-%d8%a8%d8%a7%d9%84%d8%b4%d9%88%d9%83%d9%88%d9%84%d8%a7
https://lacuisinedebernard.com/%d8%a3%d9%88%d8%b1%d8%a7%d9%82-%d9%86%d8%b9%d9%86%d8%a7%d8%b9-%d9%85%d8%aa%d8%a8%d9%84%d9%88%d8%b1%d8%a9-%d8%a8%d8%a7%d9%84%d8%b4%d9%88%d9%83%d9%88%d9%84%d8%a7/,https://staging.lacuisinedebernard.com/%d8%a3%d9%88%d8%b1%d8%a7%d9%82-%d9%86%d8%b9%d9%86%d8%a7%d8%b9-%d9%85%d8%aa%d8%a8%d9%84%d9%88%d8%b1%d8%a9-%d8%a8%d8%a7%d9%84%d8%b4%d9%88%d9%83%d9%88%d9%84%d8%a7
https://www.lacuisinedebernard.com/%d8%a3%d9%88%d8%b1%d8%a7%d9%82-%d9%86%d8%b9%d9%86%d8%a7%d8%b9-%d9%85%d8%aa%d8%a8%d9%84%d9%88%d8%b1%d8%a9-%d8%a8%d8%a7%d9%84%d8%b4%d9%88%d9%83%d9%88%d9%84%d8%a7,https://staging.lacuisinedebernard.com/%d8%a3%d9%88%d8%b1%d8%a7%d9%82-%d9%86%d8%b9%d9%86%d8%a7%d8%b9-%d9%85%d8%aa%d8%a8%d9%84%d9%88%d8%b1%d8%a9-%d8%a8%d8%a7%d9%84%d8%b4%d9%88%d9%83%d9%88%d9%84%d8%a7
https://www.lacuisinedebernard.com/%d8%a3%d9%88%d8%b1%d8%a7%d9%82-%d9%86%d8%b9%d9%86%d8%a7%d8%b9-%d9%85%d8%aa%d8%a8%d9%84%d9%88%d8%b1%d8%a9-%d8%a8%d8%a7%d9%84%d8%b4%d9%88%d9%83%d9%88%d9%84%d8%a7/,https://staging.lacuisinedebernard.com/%d8%a3%d9%88%d8%b1%d8%a7%d9%82-%d9%86%d8%b9%d9%86%d8%a7%d8%b9-%d9%85%d8%aa%d8%a8%d9%84%d9%88%d8%b1%d8%a9-%d8%a8%d8%a7%d9%84%d8%b4%d9%88%d9%83%d9%88%d9%84%d8%a7
https://lacuisinedebernard.com/pan-negro-de-trigo-de-portsall,https://staging.lacuisinedebernard.com/pan-negro-de-trigo-de-portsall
https://lacuisinedebernard.com/pan-negro-de-trigo-de-portsall/,https://staging.lacuisinedebernard.com/pan-negro-de-trigo-de-portsall
https://www.lacuisinedebernard.com/pan-negro-de-trigo-de-portsall,https://staging.lacuisinedebernard.com/pan-negro-de-trigo-de-portsall
https://www.lacuisinedebernard.com/pan-negro-de-trigo-de-portsall/,https://staging.lacuisinedebernard.com/pan-negro-de-trigo-de-portsall
https://lacuisinedebernard.com/chocolate-dome,https://staging.lacuisinedebernard.com/chocolate-dome
https://lacuisinedebernard.com/chocolate-dome/,https://staging.lacuisinedebernard.com/chocolate-dome
https://www.lacuisinedebernard.com/chocolate-dome,https://staging.lacuisinedebernard.com/chocolate-dome
https://www.lacuisinedebernard.com/chocolate-dome/,https://staging.lacuisinedebernard.com/chocolate-dome
https://lacuisinedebernard.com/%d8%a7%d9%84%d9%85%d9%85%d9%88%d9%84%d9%8a%d9%86-%d8%a8%d8%a7%d9%84%d8%a8%d9%86%d8%af%d9%82-%d9%88%d8%a7%d9%84%d9%81%d8%a7%d9%86%d9%8a%d9%84%d9%8a%d8%a7,https://staging.lacuisinedebernard.com/%d8%a7%d9%84%d9%85%d9%85%d9%88%d9%84%d9%8a%d9%86-%d8%a8%d8%a7%d9%84%d8%a8%d9%86%d8%af%d9%82-%d9%88%d8%a7%d9%84%d9%81%d8%a7%d9%86%d9%8a%d9%84%d9%8a%d8%a7
https://lacuisinedebernard.com/%d8%a7%d9%84%d9%85%d9%85%d9%88%d9%84%d9%8a%d9%86-%d8%a8%d8%a7%d9%84%d8%a8%d9%86%d8%af%d9%82-%d9%88%d8%a7%d9%84%d9%81%d8%a7%d9%86%d9%8a%d9%84%d9%8a%d8%a7/,https://staging.lacuisinedebernard.com/%d8%a7%d9%84%d9%85%d9%85%d9%88%d9%84%d9%8a%d9%86-%d8%a8%d8%a7%d9%84%d8%a8%d9%86%d8%af%d9%82-%d9%88%d8%a7%d9%84%d9%81%d8%a7%d9%86%d9%8a%d9%84%d9%8a%d8%a7
https://www.lacuisinedebernard.com/%d8%a7%d9%84%d9%85%d9%85%d9%88%d9%84%d9%8a%d9%86-%d8%a8%d8%a7%d9%84%d8%a8%d9%86%d8%af%d9%82-%d9%88%d8%a7%d9%84%d9%81%d8%a7%d9%86%d9%8a%d9%84%d9%8a%d8%a7,https://staging.lacuisinedebernard.com/%d8%a7%d9%84%d9%85%d9%85%d9%88%d9%84%d9%8a%d9%86-%d8%a8%d8%a7%d9%84%d8%a8%d9%86%d8%af%d9%82-%d9%88%d8%a7%d9%84%d9%81%d8%a7%d9%86%d9%8a%d9%84%d9%8a%d8%a7
https://www.lacuisinedebernard.com/%d8%a7%d9%84%d9%85%d9%85%d9%88%d9%84%d9%8a%d9%86-%d8%a8%d8%a7%d9%84%d8%a8%d9%86%d8%af%d9%82-%d9%88%d8%a7%d9%84%d9%81%d8%a7%d9%86%d9%8a%d9%84%d9%8a%d8%a7/,https://staging.lacuisinedebernard.com/%d8%a7%d9%84%d9%85%d9%85%d9%88%d9%84%d9%8a%d9%86-%d8%a8%d8%a7%d9%84%d8%a8%d9%86%d8%af%d9%82-%d9%88%d8%a7%d9%84%d9%81%d8%a7%d9%86%d9%8a%d9%84%d9%8a%d8%a7
https://lacuisinedebernard.com/banoffee-pie,https://staging.lacuisinedebernard.com/banoffee-pie
https://lacuisinedebernard.com/banoffee-pie/,https://staging.lacuisinedebernard.com/banoffee-pie
https://www.lacuisinedebernard.com/banoffee-pie,https://staging.lacuisinedebernard.com/banoffee-pie
https://www.lacuisinedebernard.com/banoffee-pie/,https://staging.lacuisinedebernard.com/banoffee-pie
https://lacuisinedebernard.com/pao-curto-de-trigo-preto-de-portsall,https://staging.lacuisinedebernard.com/pao-curto-de-trigo-preto-de-portsall
https://lacuisinedebernard.com/pao-curto-de-trigo-preto-de-portsall/,https://staging.lacuisinedebernard.com/pao-curto-de-trigo-preto-de-portsall
https://www.lacuisinedebernard.com/pao-curto-de-trigo-preto-de-portsall,https://staging.lacuisinedebernard.com/pao-curto-de-trigo-preto-de-portsall
https://www.lacuisinedebernard.com/pao-curto-de-trigo-preto-de-portsall/,https://staging.lacuisinedebernard.com/pao-curto-de-trigo-preto-de-portsall
https://lacuisinedebernard.com/tartaletas-de-fresas-silvestres,https://staging.lacuisinedebernard.com/tartaletas-de-fresas-silvestres
https://lacuisinedebernard.com/tartaletas-de-fresas-silvestres/,https://staging.lacuisinedebernard.com/tartaletas-de-fresas-silvestres
https://www.lacuisinedebernard.com/tartaletas-de-fresas-silvestres,https://staging.lacuisinedebernard.com/tartaletas-de-fresas-silvestres
https://www.lacuisinedebernard.com/tartaletas-de-fresas-silvestres/,https://staging.lacuisinedebernard.com/tartaletas-de-fresas-silvestres
https://lacuisinedebernard.com/lenguas-de-los-gatos,https://staging.lacuisinedebernard.com/lenguas-de-los-gatos
https://lacuisinedebernard.com/lenguas-de-los-gatos/,https://staging.lacuisinedebernard.com/lenguas-de-los-gatos
https://www.lacuisinedebernard.com/lenguas-de-los-gatos,https://staging.lacuisinedebernard.com/lenguas-de-los-gatos
https://www.lacuisinedebernard.com/lenguas-de-los-gatos/,https://staging.lacuisinedebernard.com/lenguas-de-los-gatos
https://lacuisinedebernard.com/hojas-de-menta-cristalizadas-con-chocolate,https://staging.lacuisinedebernard.com/hojas-de-menta-cristalizadas-con-chocolate
https://lacuisinedebernard.com/hojas-de-menta-cristalizadas-con-chocolate/,https://staging.lacuisinedebernard.com/hojas-de-menta-cristalizadas-con-chocolate
https://www.lacuisinedebernard.com/hojas-de-menta-cristalizadas-con-chocolate,https://staging.lacuisinedebernard.com/hojas-de-menta-cristalizadas-con-chocolate
https://www.lacuisinedebernard.com/hojas-de-menta-cristalizadas-con-chocolate/,https://staging.lacuisinedebernard.com/hojas-de-menta-cristalizadas-con-chocolate
https://lacuisinedebernard.com/%d8%b2%d9%84%d8%a7%d8%a8%d9%8a%d8%a7%d8%b3,https://staging.lacuisinedebernard.com/%d8%b2%d9%84%d8%a7%d8%a8%d9%8a%d8%a7%d8%b3
https://lacuisinedebernard.com/%d8%b2%d9%84%d8%a7%d8%a8%d9%8a%d8%a7%d8%b3/,https://staging.lacuisinedebernard.com/%d8%b2%d9%84%d8%a7%d8%a8%d9%8a%d8%a7%d8%b3
https://www.lacuisinedebernard.com/%d8%b2%d9%84%d8%a7%d8%a8%d9%8a%d8%a7%d8%b3,https://staging.lacuisinedebernard.com/%d8%b2%d9%84%d8%a7%d8%a8%d9%8a%d8%a7%d8%b3
https://www.lacuisinedebernard.com/%d8%b2%d9%84%d8%a7%d8%a8%d9%8a%d8%a7%d8%b3/,https://staging.lacuisinedebernard.com/%d8%b2%d9%84%d8%a7%d8%a8%d9%8a%d8%a7%d8%b3
https://lacuisinedebernard.com/black-wheat-shortbread-from-portsall,https://staging.lacuisinedebernard.com/black-wheat-shortbread-from-portsall
https://lacuisinedebernard.com/black-wheat-shortbread-from-portsall/,https://staging.lacuisinedebernard.com/black-wheat-shortbread-from-portsall
https://www.lacuisinedebernard.com/black-wheat-shortbread-from-portsall,https://staging.lacuisinedebernard.com/black-wheat-shortbread-from-portsall
https://www.lacuisinedebernard.com/black-wheat-shortbread-from-portsall/,https://staging.lacuisinedebernard.com/black-wheat-shortbread-from-portsall
https://lacuisinedebernard.com/idiomas-dos-gatos,https://staging.lacuisinedebernard.com/idiomas-dos-gatos
https://lacuisinedebernard.com/idiomas-dos-gatos/,https://staging.lacuisinedebernard.com/idiomas-dos-gatos
https://www.lacuisinedebernard.com/idiomas-dos-gatos,https://staging.lacuisinedebernard.com/idiomas-dos-gatos
https://www.lacuisinedebernard.com/idiomas-dos-gatos/,https://staging.lacuisinedebernard.com/idiomas-dos-gatos
https://lacuisinedebernard.com/tortinhas-de-morango-selvagem,https://staging.lacuisinedebernard.com/tortinhas-de-morango-selvagem
https://lacuisinedebernard.com/tortinhas-de-morango-selvagem/,https://staging.lacuisinedebernard.com/tortinhas-de-morango-selvagem
https://www.lacuisinedebernard.com/tortinhas-de-morango-selvagem,https://staging.lacuisinedebernard.com/tortinhas-de-morango-selvagem
https://www.lacuisinedebernard.com/tortinhas-de-morango-selvagem/,https://staging.lacuisinedebernard.com/tortinhas-de-morango-selvagem
https://lacuisinedebernard.com/%d9%82%d8%a8%d8%a9-%d8%a7%d9%84%d8%b4%d9%88%d9%83%d9%88%d9%84%d8%a7%d8%aa%d8%a9,https://staging.lacuisinedebernard.com/%d9%82%d8%a8%d8%a9-%d8%a7%d9%84%d8%b4%d9%88%d9%83%d9%88%d9%84%d8%a7%d8%aa%d8%a9
https://lacuisinedebernard.com/%d9%82%d8%a8%d8%a9-%d8%a7%d9%84%d8%b4%d9%88%d9%83%d9%88%d9%84%d8%a7%d8%aa%d8%a9/,https://staging.lacuisinedebernard.com/%d9%82%d8%a8%d8%a9-%d8%a7%d9%84%d8%b4%d9%88%d9%83%d9%88%d9%84%d8%a7%d8%aa%d8%a9
https://www.lacuisinedebernard.com/%d9%82%d8%a8%d8%a9-%d8%a7%d9%84%d8%b4%d9%88%d9%83%d9%88%d9%84%d8%a7%d8%aa%d8%a9,https://staging.lacuisinedebernard.com/%d9%82%d8%a8%d8%a9-%d8%a7%d9%84%d8%b4%d9%88%d9%83%d9%88%d9%84%d8%a7%d8%aa%d8%a9
https://www.lacuisinedebernard.com/%d9%82%d8%a8%d8%a9-%d8%a7%d9%84%d8%b4%d9%88%d9%83%d9%88%d9%84%d8%a7%d8%aa%d8%a9/,https://staging.lacuisinedebernard.com/%d9%82%d8%a8%d8%a9-%d8%a7%d9%84%d8%b4%d9%88%d9%83%d9%88%d9%84%d8%a7%d8%aa%d8%a9
https://lacuisinedebernard.com/santiago-do-chile,https://staging.lacuisinedebernard.com/santiago-do-chile
https://lacuisinedebernard.com/santiago-do-chile/,https://staging.lacuisinedebernard.com/santiago-do-chile
https://www.lacuisinedebernard.com/santiago-do-chile,https://staging.lacuisinedebernard.com/santiago-do-chile
https://www.lacuisinedebernard.com/santiago-do-chile/,https://staging.lacuisinedebernard.com/santiago-do-chile
https://lacuisinedebernard.com/higados-de-ave-libaneses,https://staging.lacuisinedebernard.com/higados-de-ave-libaneses
https://lacuisinedebernard.com/higados-de-ave-libaneses/,https://staging.lacuisinedebernard.com/higados-de-ave-libaneses
https://www.lacuisinedebernard.com/higados-de-ave-libaneses,https://staging.lacuisinedebernard.com/higados-de-ave-libaneses
https://www.lacuisinedebernard.com/higados-de-ave-libaneses/,https://staging.lacuisinedebernard.com/higados-de-ave-libaneses
https://lacuisinedebernard.com/figados-de-aves-de-capoeira-libanesas,https://staging.lacuisinedebernard.com/figados-de-aves-de-capoeira-libanesas
https://lacuisinedebernard.com/figados-de-aves-de-capoeira-libanesas/,https://staging.lacuisinedebernard.com/figados-de-aves-de-capoeira-libanesas
https://www.lacuisinedebernard.com/figados-de-aves-de-capoeira-libanesas,https://staging.lacuisinedebernard.com/figados-de-aves-de-capoeira-libanesas
https://www.lacuisinedebernard.com/figados-de-aves-de-capoeira-libanesas/,https://staging.lacuisinedebernard.com/figados-de-aves-de-capoeira-libanesas
https://lacuisinedebernard.com/%d8%a7%d9%84%d9%85%d8%a7%d8%b3,https://staging.lacuisinedebernard.com/%d8%a7%d9%84%d9%85%d8%a7%d8%b3
https://lacuisinedebernard.com/%d8%a7%d9%84%d9%85%d8%a7%d8%b3/,https://staging.lacuisinedebernard.com/%d8%a7%d9%84%d9%85%d8%a7%d8%b3
https://www.lacuisinedebernard.com/%d8%a7%d9%84%d9%85%d8%a7%d8%b3,https://staging.lacuisinedebernard.com/%d8%a7%d9%84%d9%85%d8%a7%d8%b3
https://www.lacuisinedebernard.com/%d8%a7%d9%84%d9%85%d8%a7%d8%b3/,https://staging.lacuisinedebernard.com/%d8%a7%d9%84%d9%85%d8%a7%d8%b3
https://lacuisinedebernard.com/macaroons-de-cafe-e-chocolate,https://staging.lacuisinedebernard.com/macaroons-de-cafe-e-chocolate
https://lacuisinedebernard.com/macaroons-de-cafe-e-chocolate/,https://staging.lacuisinedebernard.com/macaroons-de-cafe-e-chocolate
https://www.lacuisinedebernard.com/macaroons-de-cafe-e-chocolate,https://staging.lacuisinedebernard.com/macaroons-de-cafe-e-chocolate
https://www.lacuisinedebernard.com/macaroons-de-cafe-e-chocolate/,https://staging.lacuisinedebernard.com/macaroons-de-cafe-e-chocolate
https://lacuisinedebernard.com/galletas-de-espelta-y-almendra,https://staging.lacuisinedebernard.com/galletas-de-espelta-y-almendra
https://lacuisinedebernard.com/galletas-de-espelta-y-almendra/,https://staging.lacuisinedebernard.com/galletas-de-espelta-y-almendra
https://www.lacuisinedebernard.com/galletas-de-espelta-y-almendra,https://staging.lacuisinedebernard.com/galletas-de-espelta-y-almendra
https://www.lacuisinedebernard.com/galletas-de-espelta-y-almendra/,https://staging.lacuisinedebernard.com/galletas-de-espelta-y-almendra
https://lacuisinedebernard.com/%d8%a8%d9%88%d8%b3%d8%b7%d9%86,https://staging.lacuisinedebernard.com/%d8%a8%d9%88%d8%b3%d8%b7%d9%86
https://lacuisinedebernard.com/%d8%a8%d9%88%d8%b3%d8%b7%d9%86/,https://staging.lacuisinedebernard.com/%d8%a8%d9%88%d8%b3%d8%b7%d9%86
https://www.lacuisinedebernard.com/%d8%a8%d9%88%d8%b3%d8%b7%d9%86,https://staging.lacuisinedebernard.com/%d8%a8%d9%88%d8%b3%d8%b7%d9%86
https://www.lacuisinedebernard.com/%d8%a8%d9%88%d8%b3%d8%b7%d9%86/,https://staging.lacuisinedebernard.com/%d8%a8%d9%88%d8%b3%d8%b7%d9%86
https://lacuisinedebernard.com/%d9%83%d8%b9%d9%83-%d8%b3%d9%88-%d8%b3%d8%aa%d8%a7%d9%8a%d9%84-%d9%85%d9%88%d9%86-%d9%83%d9%8a%d9%83,https://staging.lacuisinedebernard.com/%d9%83%d8%b9%d9%83-%d8%b3%d9%88-%d8%b3%d8%aa%d8%a7%d9%8a%d9%84-%d9%85%d9%88%d9%86-%d9%83%d9%8a%d9%83
https://lacuisinedebernard.com/%d9%83%d8%b9%d9%83-%d8%b3%d9%88-%d8%b3%d8%aa%d8%a7%d9%8a%d9%84-%d9%85%d9%88%d9%86-%d9%83%d9%8a%d9%83/,https://staging.lacuisinedebernard.com/%d9%83%d8%b9%d9%83-%d8%b3%d9%88-%d8%b3%d8%aa%d8%a7%d9%8a%d9%84-%d9%85%d9%88%d9%86-%d9%83%d9%8a%d9%83
https://www.lacuisinedebernard.com/%d9%83%d8%b9%d9%83-%d8%b3%d9%88-%d8%b3%d8%aa%d8%a7%d9%8a%d9%84-%d9%85%d9%88%d9%86-%d9%83%d9%8a%d9%83,https://staging.lacuisinedebernard.com/%d9%83%d8%b9%d9%83-%d8%b3%d9%88-%d8%b3%d8%aa%d8%a7%d9%8a%d9%84-%d9%85%d9%88%d9%86-%d9%83%d9%8a%d9%83
https://www.lacuisinedebernard.com/%d9%83%d8%b9%d9%83-%d8%b3%d9%88-%d8%b3%d8%aa%d8%a7%d9%8a%d9%84-%d9%85%d9%88%d9%86-%d9%83%d9%8a%d9%83/,https://staging.lacuisinedebernard.com/%d9%83%d8%b9%d9%83-%d8%b3%d9%88-%d8%b3%d8%aa%d8%a7%d9%8a%d9%84-%d9%85%d9%88%d9%86-%d9%83%d9%8a%d9%83
https://lacuisinedebernard.com/pequim,https://staging.lacuisinedebernard.com/pequim
https://lacuisinedebernard.com/pequim/,https://staging.lacuisinedebernard.com/pequim
https://www.lacuisinedebernard.com/pequim,https://staging.lacuisinedebernard.com/pequim
https://www.lacuisinedebernard.com/pequim/,https://staging.lacuisinedebernard.com/pequim
https://lacuisinedebernard.com/mousse-de-lima,https://staging.lacuisinedebernard.com/mousse-de-lima
https://lacuisinedebernard.com/mousse-de-lima/,https://staging.lacuisinedebernard.com/mousse-de-lima
https://www.lacuisinedebernard.com/mousse-de-lima,https://staging.lacuisinedebernard.com/mousse-de-lima
https://www.lacuisinedebernard.com/mousse-de-lima/,https://staging.lacuisinedebernard.com/mousse-de-lima
https://lacuisinedebernard.com/hot-almond-paste-confiseur,https://staging.lacuisinedebernard.com/hot-almond-paste-confiseur
https://lacuisinedebernard.com/hot-almond-paste-confiseur/,https://staging.lacuisinedebernard.com/hot-almond-paste-confiseur
https://www.lacuisinedebernard.com/hot-almond-paste-confiseur,https://staging.lacuisinedebernard.com/hot-almond-paste-confiseur
https://www.lacuisinedebernard.com/hot-almond-paste-confiseur/,https://staging.lacuisinedebernard.com/hot-almond-paste-confiseur
https://lacuisinedebernard.com/nadines-flambeed-gambas,https://staging.lacuisinedebernard.com/nadines-flambeed-gambas
https://lacuisinedebernard.com/nadines-flambeed-gambas/,https://staging.lacuisinedebernard.com/nadines-flambeed-gambas
https://www.lacuisinedebernard.com/nadines-flambeed-gambas,https://staging.lacuisinedebernard.com/nadines-flambeed-gambas
https://www.lacuisinedebernard.com/nadines-flambeed-gambas/,https://staging.lacuisinedebernard.com/nadines-flambeed-gambas
https://lacuisinedebernard.com/dedos-de-la-novia,https://staging.lacuisinedebernard.com/dedos-de-la-novia
https://lacuisinedebernard.com/dedos-de-la-novia/,https://staging.lacuisinedebernard.com/dedos-de-la-novia
https://www.lacuisinedebernard.com/dedos-de-la-novia,https://staging.lacuisinedebernard.com/dedos-de-la-novia
https://www.lacuisinedebernard.com/dedos-de-la-novia/,https://staging.lacuisinedebernard.com/dedos-de-la-novia
https://lacuisinedebernard.com/coffee-and-chocolate-macaroons,https://staging.lacuisinedebernard.com/coffee-and-chocolate-macaroons
https://lacuisinedebernard.com/coffee-and-chocolate-macaroons/,https://staging.lacuisinedebernard.com/coffee-and-chocolate-macaroons
https://www.lacuisinedebernard.com/coffee-and-chocolate-macaroons,https://staging.lacuisinedebernard.com/coffee-and-chocolate-macaroons
https://www.lacuisinedebernard.com/coffee-and-chocolate-macaroons/,https://staging.lacuisinedebernard.com/coffee-and-chocolate-macaroons
https://lacuisinedebernard.com/%d9%85%d8%b9%d8%ac%d9%88%d9%86-%d8%a7%d9%84%d9%84%d9%88%d8%b2-%d8%a7%d9%84%d8%b3%d8%a7%d8%ae%d9%86-%d8%a7%d9%84%d8%ad%d9%84%d9%88%d8%a7%d9%86%d9%8a,https://staging.lacuisinedebernard.com/%d9%85%d8%b9%d8%ac%d9%88%d9%86-%d8%a7%d9%84%d9%84%d9%88%d8%b2-%d8%a7%d9%84%d8%b3%d8%a7%d8%ae%d9%86-%d8%a7%d9%84%d8%ad%d9%84%d9%88%d8%a7%d9%86%d9%8a
https://lacuisinedebernard.com/%d9%85%d8%b9%d8%ac%d9%88%d9%86-%d8%a7%d9%84%d9%84%d9%88%d8%b2-%d8%a7%d9%84%d8%b3%d8%a7%d8%ae%d9%86-%d8%a7%d9%84%d8%ad%d9%84%d9%88%d8%a7%d9%86%d9%8a/,https://staging.lacuisinedebernard.com/%d9%85%d8%b9%d8%ac%d9%88%d9%86-%d8%a7%d9%84%d9%84%d9%88%d8%b2-%d8%a7%d9%84%d8%b3%d8%a7%d8%ae%d9%86-%d8%a7%d9%84%d8%ad%d9%84%d9%88%d8%a7%d9%86%d9%8a
https://www.lacuisinedebernard.com/%d9%85%d8%b9%d8%ac%d9%88%d9%86-%d8%a7%d9%84%d9%84%d9%88%d8%b2-%d8%a7%d9%84%d8%b3%d8%a7%d8%ae%d9%86-%d8%a7%d9%84%d8%ad%d9%84%d9%88%d8%a7%d9%86%d9%8a,https://staging.lacuisinedebernard.com/%d9%85%d8%b9%d8%ac%d9%88%d9%86-%d8%a7%d9%84%d9%84%d9%88%d8%b2-%d8%a7%d9%84%d8%b3%d8%a7%d8%ae%d9%86-%d8%a7%d9%84%d8%ad%d9%84%d9%88%d8%a7%d9%86%d9%8a
https://www.lacuisinedebernard.com/%d9%85%d8%b9%d8%ac%d9%88%d9%86-%d8%a7%d9%84%d9%84%d9%88%d8%b2-%d8%a7%d9%84%d8%b3%d8%a7%d8%ae%d9%86-%d8%a7%d9%84%d8%ad%d9%84%d9%88%d8%a7%d9%86%d9%8a/,https://staging.lacuisinedebernard.com/%d9%85%d8%b9%d8%ac%d9%88%d9%86-%d8%a7%d9%84%d9%84%d9%88%d8%b2-%d8%a7%d9%84%d8%b3%d8%a7%d8%ae%d9%86-%d8%a7%d9%84%d8%ad%d9%84%d9%88%d8%a7%d9%86%d9%8a
https://lacuisinedebernard.com/shanghai,https://staging.lacuisinedebernard.com/shanghai
https://lacuisinedebernard.com/shanghai/,https://staging.lacuisinedebernard.com/shanghai
https://www.lacuisinedebernard.com/shanghai,https://staging.lacuisinedebernard.com/shanghai
https://www.lacuisinedebernard.com/shanghai/,https://staging.lacuisinedebernard.com/shanghai
https://lacuisinedebernard.com/beijing,https://staging.lacuisinedebernard.com/beijing
https://lacuisinedebernard.com/beijing/,https://staging.lacuisinedebernard.com/beijing
https://www.lacuisinedebernard.com/beijing,https://staging.lacuisinedebernard.com/beijing
https://www.lacuisinedebernard.com/beijing/,https://staging.lacuisinedebernard.com/beijing
https://lacuisinedebernard.com/%d8%b1%d9%88%d8%a8%d9%8a%d8%a7%d9%86-%d9%85%d8%b7%d8%a8%d9%88%d8%ae-%d9%85%d9%86-%d9%86%d8%a7%d8%af%d9%8a%d9%86,https://staging.lacuisinedebernard.com/%d8%b1%d9%88%d8%a8%d9%8a%d8%a7%d9%86-%d9%85%d8%b7%d8%a8%d9%88%d8%ae-%d9%85%d9%86-%d9%86%d8%a7%d8%af%d9%8a%d9%86
https://lacuisinedebernard.com/%d8%b1%d9%88%d8%a8%d9%8a%d8%a7%d9%86-%d9%85%d8%b7%d8%a8%d9%88%d8%ae-%d9%85%d9%86-%d9%86%d8%a7%d8%af%d9%8a%d9%86/,https://staging.lacuisinedebernard.com/%d8%b1%d9%88%d8%a8%d9%8a%d8%a7%d9%86-%d9%85%d8%b7%d8%a8%d9%88%d8%ae-%d9%85%d9%86-%d9%86%d8%a7%d8%af%d9%8a%d9%86
https://www.lacuisinedebernard.com/%d8%b1%d9%88%d8%a8%d9%8a%d8%a7%d9%86-%d9%85%d8%b7%d8%a8%d9%88%d8%ae-%d9%85%d9%86-%d9%86%d8%a7%d8%af%d9%8a%d9%86,https://staging.lacuisinedebernard.com/%d8%b1%d9%88%d8%a8%d9%8a%d8%a7%d9%86-%d9%85%d8%b7%d8%a8%d9%88%d8%ae-%d9%85%d9%86-%d9%86%d8%a7%d8%af%d9%8a%d9%86
https://www.lacuisinedebernard.com/%d8%b1%d9%88%d8%a8%d9%8a%d8%a7%d9%86-%d9%85%d8%b7%d8%a8%d9%88%d8%ae-%d9%85%d9%86-%d9%86%d8%a7%d8%af%d9%8a%d9%86/,https://staging.lacuisinedebernard.com/%d8%b1%d9%88%d8%a8%d9%8a%d8%a7%d9%86-%d9%85%d8%b7%d8%a8%d9%88%d8%ae-%d9%85%d9%86-%d9%86%d8%a7%d8%af%d9%8a%d9%86
https://lacuisinedebernard.com/enokis-salteados-con-ajo-y-pollo,https://staging.lacuisinedebernard.com/enokis-salteados-con-ajo-y-pollo
https://lacuisinedebernard.com/enokis-salteados-con-ajo-y-pollo/,https://staging.lacuisinedebernard.com/enokis-salteados-con-ajo-y-pollo
https://www.lacuisinedebernard.com/enokis-salteados-con-ajo-y-pollo,https://staging.lacuisinedebernard.com/enokis-salteados-con-ajo-y-pollo
https://www.lacuisinedebernard.com/enokis-salteados-con-ajo-y-pollo/,https://staging.lacuisinedebernard.com/enokis-salteados-con-ajo-y-pollo
https://lacuisinedebernard.com/dedos-da-noiva,https://staging.lacuisinedebernard.com/dedos-da-noiva
https://lacuisinedebernard.com/dedos-da-noiva/,https://staging.lacuisinedebernard.com/dedos-da-noiva
https://www.lacuisinedebernard.com/dedos-da-noiva,https://staging.lacuisinedebernard.com/dedos-da-noiva
https://www.lacuisinedebernard.com/dedos-da-noiva/,https://staging.lacuisinedebernard.com/dedos-da-noiva
https://lacuisinedebernard.com/spelt-almond-shortbread,https://staging.lacuisinedebernard.com/spelt-almond-shortbread
https://lacuisinedebernard.com/spelt-almond-shortbread/,https://staging.lacuisinedebernard.com/spelt-almond-shortbread
https://www.lacuisinedebernard.com/spelt-almond-shortbread,https://staging.lacuisinedebernard.com/spelt-almond-shortbread
https://www.lacuisinedebernard.com/spelt-almond-shortbread/,https://staging.lacuisinedebernard.com/spelt-almond-shortbread
https://lacuisinedebernard.com/pastelitos-de-luna-estilo-su,https://staging.lacuisinedebernard.com/pastelitos-de-luna-estilo-su
https://lacuisinedebernard.com/pastelitos-de-luna-estilo-su/,https://staging.lacuisinedebernard.com/pastelitos-de-luna-estilo-su
https://www.lacuisinedebernard.com/pastelitos-de-luna-estilo-su,https://staging.lacuisinedebernard.com/pastelitos-de-luna-estilo-su
https://www.lacuisinedebernard.com/pastelitos-de-luna-estilo-su/,https://staging.lacuisinedebernard.com/pastelitos-de-luna-estilo-su
https://lacuisinedebernard.com/%d9%85%d8%a7%d9%83%d8%b1%d9%88%d9%86-%d8%a7%d9%84%d9%82%d9%87%d9%88%d8%a9-%d9%88%d8%a7%d9%84%d8%b4%d9%88%d9%83%d9%88%d9%84%d8%a7%d8%aa%d8%a9,https://staging.lacuisinedebernard.com/%d9%85%d8%a7%d9%83%d8%b1%d9%88%d9%86-%d8%a7%d9%84%d9%82%d9%87%d9%88%d8%a9-%d9%88%d8%a7%d9%84%d8%b4%d9%88%d9%83%d9%88%d9%84%d8%a7%d8%aa%d8%a9
https://lacuisinedebernard.com/%d9%85%d8%a7%d9%83%d8%b1%d9%88%d9%86-%d8%a7%d9%84%d9%82%d9%87%d9%88%d8%a9-%d9%88%d8%a7%d9%84%d8%b4%d9%88%d9%83%d9%88%d9%84%d8%a7%d8%aa%d8%a9/,https://staging.lacuisinedebernard.com/%d9%85%d8%a7%d9%83%d8%b1%d9%88%d9%86-%d8%a7%d9%84%d9%82%d9%87%d9%88%d8%a9-%d9%88%d8%a7%d9%84%d8%b4%d9%88%d9%83%d9%88%d9%84%d8%a7%d8%aa%d8%a9
https://www.lacuisinedebernard.com/%d9%85%d8%a7%d9%83%d8%b1%d9%88%d9%86-%d8%a7%d9%84%d9%82%d9%87%d9%88%d8%a9-%d9%88%d8%a7%d9%84%d8%b4%d9%88%d9%83%d9%88%d9%84%d8%a7%d8%aa%d8%a9,https://staging.lacuisinedebernard.com/%d9%85%d8%a7%d9%83%d8%b1%d9%88%d9%86-%d8%a7%d9%84%d9%82%d9%87%d9%88%d8%a9-%d9%88%d8%a7%d9%84%d8%b4%d9%88%d9%83%d9%88%d9%84%d8%a7%d8%aa%d8%a9
https://www.lacuisinedebernard.com/%d9%85%d8%a7%d9%83%d8%b1%d9%88%d9%86-%d8%a7%d9%84%d9%82%d9%87%d9%88%d8%a9-%d9%88%d8%a7%d9%84%d8%b4%d9%88%d9%83%d9%88%d9%84%d8%a7%d8%aa%d8%a9/,https://staging.lacuisinedebernard.com/%d9%85%d8%a7%d9%83%d8%b1%d9%88%d9%86-%d8%a7%d9%84%d9%82%d9%87%d9%88%d8%a9-%d9%88%d8%a7%d9%84%d8%b4%d9%88%d9%83%d9%88%d9%84%d8%a7%d8%aa%d8%a9
https://lacuisinedebernard.com/lime-mousse,https://staging.lacuisinedebernard.com/lime-mousse
https://lacuisinedebernard.com/lime-mousse/,https://staging.lacuisinedebernard.com/lime-mousse
https://www.lacuisinedebernard.com/lime-mousse,https://staging.lacuisinedebernard.com/lime-mousse
https://www.lacuisinedebernard.com/lime-mousse/,https://staging.lacuisinedebernard.com/lime-mousse
https://lacuisinedebernard.com/xangai,https://staging.lacuisinedebernard.com/xangai
https://lacuisinedebernard.com/xangai/,https://staging.lacuisinedebernard.com/xangai
https://www.lacuisinedebernard.com/xangai,https://staging.lacuisinedebernard.com/xangai
https://www.lacuisinedebernard.com/xangai/,https://staging.lacuisinedebernard.com/xangai
https://lacuisinedebernard.com/fingers-of-the-bride,https://staging.lacuisinedebernard.com/fingers-of-the-bride
https://lacuisinedebernard.com/fingers-of-the-bride/,https://staging.lacuisinedebernard.com/fingers-of-the-bride
https://www.lacuisinedebernard.com/fingers-of-the-bride,https://staging.lacuisinedebernard.com/fingers-of-the-bride
https://www.lacuisinedebernard.com/fingers-of-the-bride/,https://staging.lacuisinedebernard.com/fingers-of-the-bride
https://lacuisinedebernard.com/%d8%a8%d9%83%d9%8a%d9%86,https://staging.lacuisinedebernard.com/%d8%a8%d9%83%d9%8a%d9%86
https://lacuisinedebernard.com/%d8%a8%d9%83%d9%8a%d9%86/,https://staging.lacuisinedebernard.com/%d8%a8%d9%83%d9%8a%d9%86
https://www.lacuisinedebernard.com/%d8%a8%d9%83%d9%8a%d9%86,https://staging.lacuisinedebernard.com/%d8%a8%d9%83%d9%8a%d9%86
https://www.lacuisinedebernard.com/%d8%a8%d9%83%d9%8a%d9%86/,https://staging.lacuisinedebernard.com/%d8%a8%d9%83%d9%8a%d9%86
https://lacuisinedebernard.com/boston,https://staging.lacuisinedebernard.com/boston
https://lacuisinedebernard.com/boston/,https://staging.lacuisinedebernard.com/boston
https://www.lacuisinedebernard.com/boston,https://staging.lacuisinedebernard.com/boston
https://www.lacuisinedebernard.com/boston/,https://staging.lacuisinedebernard.com/boston
https://lacuisinedebernard.com/enokis-salteado-com-alho-e-frango,https://staging.lacuisinedebernard.com/enokis-salteado-com-alho-e-frango
https://lacuisinedebernard.com/enokis-salteado-com-alho-e-frango/,https://staging.lacuisinedebernard.com/enokis-salteado-com-alho-e-frango
https://www.lacuisinedebernard.com/enokis-salteado-com-alho-e-frango,https://staging.lacuisinedebernard.com/enokis-salteado-com-alho-e-frango
https://www.lacuisinedebernard.com/enokis-salteado-com-alho-e-frango/,https://staging.lacuisinedebernard.com/enokis-salteado-com-alho-e-frango
https://lacuisinedebernard.com/%d9%85%d9%88%d8%b3-%d8%a7%d9%84%d8%ac%d9%8a%d8%b1,https://staging.lacuisinedebernard.com/%d9%85%d9%88%d8%b3-%d8%a7%d9%84%d8%ac%d9%8a%d8%b1
https://lacuisinedebernard.com/%d9%85%d9%88%d8%b3-%d8%a7%d9%84%d8%ac%d9%8a%d8%b1/,https://staging.lacuisinedebernard.com/%d9%85%d9%88%d8%b3-%d8%a7%d9%84%d8%ac%d9%8a%d8%b1
https://www.lacuisinedebernard.com/%d9%85%d9%88%d8%b3-%d8%a7%d9%84%d8%ac%d9%8a%d8%b1,https://staging.lacuisinedebernard.com/%d9%85%d9%88%d8%b3-%d8%a7%d9%84%d8%ac%d9%8a%d8%b1
https://www.lacuisinedebernard.com/%d9%85%d9%88%d8%b3-%d8%a7%d9%84%d8%ac%d9%8a%d8%b1/,https://staging.lacuisinedebernard.com/%d9%85%d9%88%d8%b3-%d8%a7%d9%84%d8%ac%d9%8a%d8%b1
https://lacuisinedebernard.com/bolos-lunares-su,https://staging.lacuisinedebernard.com/bolos-lunares-su
https://lacuisinedebernard.com/bolos-lunares-su/,https://staging.lacuisinedebernard.com/bolos-lunares-su
https://www.lacuisinedebernard.com/bolos-lunares-su,https://staging.lacuisinedebernard.com/bolos-lunares-su
https://www.lacuisinedebernard.com/bolos-lunares-su/,https://staging.lacuisinedebernard.com/bolos-lunares-su
https://lacuisinedebernard.com/gambas-flambeadas-de-nadine,https://staging.lacuisinedebernard.com/gambas-flambeadas-de-nadine
https://lacuisinedebernard.com/gambas-flambeadas-de-nadine/,https://staging.lacuisinedebernard.com/gambas-flambeadas-de-nadine
https://www.lacuisinedebernard.com/gambas-flambeadas-de-nadine,https://staging.lacuisinedebernard.com/gambas-flambeadas-de-nadine
https://www.lacuisinedebernard.com/gambas-flambeadas-de-nadine/,https://staging.lacuisinedebernard.com/gambas-flambeadas-de-nadine
https://lacuisinedebernard.com/sauteed-enokis-with-garlic-and-chicken,https://staging.lacuisinedebernard.com/sauteed-enokis-with-garlic-and-chicken
https://lacuisinedebernard.com/sauteed-enokis-with-garlic-and-chicken/,https://staging.lacuisinedebernard.com/sauteed-enokis-with-garlic-and-chicken
https://www.lacuisinedebernard.com/sauteed-enokis-with-garlic-and-chicken,https://staging.lacuisinedebernard.com/sauteed-enokis-with-garlic-and-chicken
https://www.lacuisinedebernard.com/sauteed-enokis-with-garlic-and-chicken/,https://staging.lacuisinedebernard.com/sauteed-enokis-with-garlic-and-chicken
https://lacuisinedebernard.com/%d8%a3%d8%b5%d8%a7%d8%a8%d8%b9-%d8%a7%d9%84%d8%b9%d8%b1%d9%88%d8%b3,https://staging.lacuisinedebernard.com/%d8%a3%d8%b5%d8%a7%d8%a8%d8%b9-%d8%a7%d9%84%d8%b9%d8%b1%d9%88%d8%b3
https://lacuisinedebernard.com/%d8%a3%d8%b5%d8%a7%d8%a8%d8%b9-%d8%a7%d9%84%d8%b9%d8%b1%d9%88%d8%b3/,https://staging.lacuisinedebernard.com/%d8%a3%d8%b5%d8%a7%d8%a8%d8%b9-%d8%a7%d9%84%d8%b9%d8%b1%d9%88%d8%b3
https://www.lacuisinedebernard.com/%d8%a3%d8%b5%d8%a7%d8%a8%d8%b9-%d8%a7%d9%84%d8%b9%d8%b1%d9%88%d8%b3,https://staging.lacuisinedebernard.com/%d8%a3%d8%b5%d8%a7%d8%a8%d8%b9-%d8%a7%d9%84%d8%b9%d8%b1%d9%88%d8%b3
https://www.lacuisinedebernard.com/%d8%a3%d8%b5%d8%a7%d8%a8%d8%b9-%d8%a7%d9%84%d8%b9%d8%b1%d9%88%d8%b3/,https://staging.lacuisinedebernard.com/%d8%a3%d8%b5%d8%a7%d8%a8%d8%b9-%d8%a7%d9%84%d8%b9%d8%b1%d9%88%d8%b3
https://lacuisinedebernard.com/pasta-de-almendra-confitera-caliente,https://staging.lacuisinedebernard.com/pasta-de-almendra-confitera-caliente
https://lacuisinedebernard.com/pasta-de-almendra-confitera-caliente/,https://staging.lacuisinedebernard.com/pasta-de-almendra-confitera-caliente
https://www.lacuisinedebernard.com/pasta-de-almendra-confitera-caliente,https://staging.lacuisinedebernard.com/pasta-de-almendra-confitera-caliente
https://www.lacuisinedebernard.com/pasta-de-almendra-confitera-caliente/,https://staging.lacuisinedebernard.com/pasta-de-almendra-confitera-caliente
https://lacuisinedebernard.com/su-style-moon-cakes,https://staging.lacuisinedebernard.com/su-style-moon-cakes
https://lacuisinedebernard.com/su-style-moon-cakes/,https://staging.lacuisinedebernard.com/su-style-moon-cakes
https://www.lacuisinedebernard.com/su-style-moon-cakes,https://staging.lacuisinedebernard.com/su-style-moon-cakes
https://www.lacuisinedebernard.com/su-style-moon-cakes/,https://staging.lacuisinedebernard.com/su-style-moon-cakes
https://lacuisinedebernard.com/pekin,https://staging.lacuisinedebernard.com/pekin
https://lacuisinedebernard.com/pekin/,https://staging.lacuisinedebernard.com/pekin
https://www.lacuisinedebernard.com/pekin,https://staging.lacuisinedebernard.com/pekin
https://www.lacuisinedebernard.com/pekin/,https://staging.lacuisinedebernard.com/pekin
https://lacuisinedebernard.com/gambas-flambeed-nadines,https://staging.lacuisinedebernard.com/gambas-flambeed-nadines
https://lacuisinedebernard.com/gambas-flambeed-nadines/,https://staging.lacuisinedebernard.com/gambas-flambeed-nadines
https://www.lacuisinedebernard.com/gambas-flambeed-nadines,https://staging.lacuisinedebernard.com/gambas-flambeed-nadines
https://www.lacuisinedebernard.com/gambas-flambeed-nadines/,https://staging.lacuisinedebernard.com/gambas-flambeed-nadines
https://lacuisinedebernard.com/%d8%b4%d9%88%d8%b1%d8%aa%d8%a8%d8%b1%d9%8a%d8%af-%d8%a7%d9%84%d9%84%d9%88%d8%b2-%d8%a7%d9%84%d8%ad%d9%86%d8%b7%d8%a9,https://staging.lacuisinedebernard.com/%d8%b4%d9%88%d8%b1%d8%aa%d8%a8%d8%b1%d9%8a%d8%af-%d8%a7%d9%84%d9%84%d9%88%d8%b2-%d8%a7%d9%84%d8%ad%d9%86%d8%b7%d8%a9
https://lacuisinedebernard.com/%d8%b4%d9%88%d8%b1%d8%aa%d8%a8%d8%b1%d9%8a%d8%af-%d8%a7%d9%84%d9%84%d9%88%d8%b2-%d8%a7%d9%84%d8%ad%d9%86%d8%b7%d8%a9/,https://staging.lacuisinedebernard.com/%d8%b4%d9%88%d8%b1%d8%aa%d8%a8%d8%b1%d9%8a%d8%af-%d8%a7%d9%84%d9%84%d9%88%d8%b2-%d8%a7%d9%84%d8%ad%d9%86%d8%b7%d8%a9
https://www.lacuisinedebernard.com/%d8%b4%d9%88%d8%b1%d8%aa%d8%a8%d8%b1%d9%8a%d8%af-%d8%a7%d9%84%d9%84%d9%88%d8%b2-%d8%a7%d9%84%d8%ad%d9%86%d8%b7%d8%a9,https://staging.lacuisinedebernard.com/%d8%b4%d9%88%d8%b1%d8%aa%d8%a8%d8%b1%d9%8a%d8%af-%d8%a7%d9%84%d9%84%d9%88%d8%b2-%d8%a7%d9%84%d8%ad%d9%86%d8%b7%d8%a9
https://www.lacuisinedebernard.com/%d8%b4%d9%88%d8%b1%d8%aa%d8%a8%d8%b1%d9%8a%d8%af-%d8%a7%d9%84%d9%84%d9%88%d8%b2-%d8%a7%d9%84%d8%ad%d9%86%d8%b7%d8%a9/,https://staging.lacuisinedebernard.com/%d8%b4%d9%88%d8%b1%d8%aa%d8%a8%d8%b1%d9%8a%d8%af-%d8%a7%d9%84%d9%84%d9%88%d8%b2-%d8%a7%d9%84%d8%ad%d9%86%d8%b7%d8%a9
https://lacuisinedebernard.com/macarrones-de-cafe-y-chocolate,https://staging.lacuisinedebernard.com/macarrones-de-cafe-y-chocolate
https://lacuisinedebernard.com/macarrones-de-cafe-y-chocolate/,https://staging.lacuisinedebernard.com/macarrones-de-cafe-y-chocolate
https://www.lacuisinedebernard.com/macarrones-de-cafe-y-chocolate,https://staging.lacuisinedebernard.com/macarrones-de-cafe-y-chocolate
https://www.lacuisinedebernard.com/macarrones-de-cafe-y-chocolate/,https://staging.lacuisinedebernard.com/macarrones-de-cafe-y-chocolate
https://lacuisinedebernard.com/%d8%a5%d9%8a%d9%86%d9%88%d9%83%d9%8a%d8%b3-%d8%b3%d9%88%d8%aa%d9%8a%d9%87-%d9%85%d8%b9-%d8%a7%d9%84%d8%ab%d9%88%d9%85-%d9%88%d8%a7%d9%84%d8%af%d8%ac%d8%a7%d8%ac,https://staging.lacuisinedebernard.com/%d8%a5%d9%8a%d9%86%d9%88%d9%83%d9%8a%d8%b3-%d8%b3%d9%88%d8%aa%d9%8a%d9%87-%d9%85%d8%b9-%d8%a7%d9%84%d8%ab%d9%88%d9%85-%d9%88%d8%a7%d9%84%d8%af%d8%ac%d8%a7%d8%ac
https://lacuisinedebernard.com/%d8%a5%d9%8a%d9%86%d9%88%d9%83%d9%8a%d8%b3-%d8%b3%d9%88%d8%aa%d9%8a%d9%87-%d9%85%d8%b9-%d8%a7%d9%84%d8%ab%d9%88%d9%85-%d9%88%d8%a7%d9%84%d8%af%d8%ac%d8%a7%d8%ac/,https://staging.lacuisinedebernard.com/%d8%a5%d9%8a%d9%86%d9%88%d9%83%d9%8a%d8%b3-%d8%b3%d9%88%d8%aa%d9%8a%d9%87-%d9%85%d8%b9-%d8%a7%d9%84%d8%ab%d9%88%d9%85-%d9%88%d8%a7%d9%84%d8%af%d8%ac%d8%a7%d8%ac
https://www.lacuisinedebernard.com/%d8%a5%d9%8a%d9%86%d9%88%d9%83%d9%8a%d8%b3-%d8%b3%d9%88%d8%aa%d9%8a%d9%87-%d9%85%d8%b9-%d8%a7%d9%84%d8%ab%d9%88%d9%85-%d9%88%d8%a7%d9%84%d8%af%d8%ac%d8%a7%d8%ac,https://staging.lacuisinedebernard.com/%d8%a5%d9%8a%d9%86%d9%88%d9%83%d9%8a%d8%b3-%d8%b3%d9%88%d8%aa%d9%8a%d9%87-%d9%85%d8%b9-%d8%a7%d9%84%d8%ab%d9%88%d9%85-%d9%88%d8%a7%d9%84%d8%af%d8%ac%d8%a7%d8%ac
https://www.lacuisinedebernard.com/%d8%a5%d9%8a%d9%86%d9%88%d9%83%d9%8a%d8%b3-%d8%b3%d9%88%d8%aa%d9%8a%d9%87-%d9%85%d8%b9-%d8%a7%d9%84%d8%ab%d9%88%d9%85-%d9%88%d8%a7%d9%84%d8%af%d8%ac%d8%a7%d8%ac/,https://staging.lacuisinedebernard.com/%d8%a5%d9%8a%d9%86%d9%88%d9%83%d9%8a%d8%b3-%d8%b3%d9%88%d8%aa%d9%8a%d9%87-%d9%85%d8%b9-%d8%a7%d9%84%d8%ab%d9%88%d9%85-%d9%88%d8%a7%d9%84%d8%af%d8%ac%d8%a7%d8%ac
https://lacuisinedebernard.com/%d8%b4%d9%86%d8%ba%d9%87%d8%a7%d9%8a,https://staging.lacuisinedebernard.com/%d8%b4%d9%86%d8%ba%d9%87%d8%a7%d9%8a
https://lacuisinedebernard.com/%d8%b4%d9%86%d8%ba%d9%87%d8%a7%d9%8a/,https://staging.lacuisinedebernard.com/%d8%b4%d9%86%d8%ba%d9%87%d8%a7%d9%8a
https://www.lacuisinedebernard.com/%d8%b4%d9%86%d8%ba%d9%87%d8%a7%d9%8a,https://staging.lacuisinedebernard.com/%d8%b4%d9%86%d8%ba%d9%87%d8%a7%d9%8a
https://www.lacuisinedebernard.com/%d8%b4%d9%86%d8%ba%d9%87%d8%a7%d9%8a/,https://staging.lacuisinedebernard.com/%d8%b4%d9%86%d8%ba%d9%87%d8%a7%d9%8a
https://lacuisinedebernard.com/pasta-de-amendoa-confeitaria-quente,https://staging.lacuisinedebernard.com/pasta-de-amendoa-confeitaria-quente
https://lacuisinedebernard.com/pasta-de-amendoa-confeitaria-quente/,https://staging.lacuisinedebernard.com/pasta-de-amendoa-confeitaria-quente
https://www.lacuisinedebernard.com/pasta-de-amendoa-confeitaria-quente,https://staging.lacuisinedebernard.com/pasta-de-amendoa-confeitaria-quente
https://www.lacuisinedebernard.com/pasta-de-amendoa-confeitaria-quente/,https://staging.lacuisinedebernard.com/pasta-de-amendoa-confeitaria-quente
https://lacuisinedebernard.com/khao-tang-nah-tang,https://staging.lacuisinedebernard.com/khao-tang-nah-tang
https://lacuisinedebernard.com/khao-tang-nah-tang/,https://staging.lacuisinedebernard.com/khao-tang-nah-tang
https://www.lacuisinedebernard.com/khao-tang-nah-tang,https://staging.lacuisinedebernard.com/khao-tang-nah-tang
https://www.lacuisinedebernard.com/khao-tang-nah-tang/,https://staging.lacuisinedebernard.com/khao-tang-nah-tang
https://lacuisinedebernard.com/as-minhas-entrevistas-culinarias-guy-martin,https://staging.lacuisinedebernard.com/as-minhas-entrevistas-culinarias-guy-martin
https://lacuisinedebernard.com/as-minhas-entrevistas-culinarias-guy-martin/,https://staging.lacuisinedebernard.com/as-minhas-entrevistas-culinarias-guy-martin
https://www.lacuisinedebernard.com/as-minhas-entrevistas-culinarias-guy-martin,https://staging.lacuisinedebernard.com/as-minhas-entrevistas-culinarias-guy-martin
https://www.lacuisinedebernard.com/as-minhas-entrevistas-culinarias-guy-martin/,https://staging.lacuisinedebernard.com/as-minhas-entrevistas-culinarias-guy-martin
https://lacuisinedebernard.com/torta-laranja-escandalosa,https://staging.lacuisinedebernard.com/torta-laranja-escandalosa
https://lacuisinedebernard.com/torta-laranja-escandalosa/,https://staging.lacuisinedebernard.com/torta-laranja-escandalosa
https://www.lacuisinedebernard.com/torta-laranja-escandalosa,https://staging.lacuisinedebernard.com/torta-laranja-escandalosa
https://www.lacuisinedebernard.com/torta-laranja-escandalosa/,https://staging.lacuisinedebernard.com/torta-laranja-escandalosa
https://lacuisinedebernard.com/pecan-pie,https://staging.lacuisinedebernard.com/pecan-pie
https://lacuisinedebernard.com/pecan-pie/,https://staging.lacuisinedebernard.com/pecan-pie
https://www.lacuisinedebernard.com/pecan-pie,https://staging.lacuisinedebernard.com/pecan-pie
https://www.lacuisinedebernard.com/pecan-pie/,https://staging.lacuisinedebernard.com/pecan-pie
https://lacuisinedebernard.com/%d9%83%d9%8a%d8%b4-%d9%84%d9%88%d8%b1%d9%8a%d9%86,https://staging.lacuisinedebernard.com/%d9%83%d9%8a%d8%b4-%d9%84%d9%88%d8%b1%d9%8a%d9%86
https://lacuisinedebernard.com/%d9%83%d9%8a%d8%b4-%d9%84%d9%88%d8%b1%d9%8a%d9%86/,https://staging.lacuisinedebernard.com/%d9%83%d9%8a%d8%b4-%d9%84%d9%88%d8%b1%d9%8a%d9%86
https://www.lacuisinedebernard.com/%d9%83%d9%8a%d8%b4-%d9%84%d9%88%d8%b1%d9%8a%d9%86,https://staging.lacuisinedebernard.com/%d9%83%d9%8a%d8%b4-%d9%84%d9%88%d8%b1%d9%8a%d9%86
https://www.lacuisinedebernard.com/%d9%83%d9%8a%d8%b4-%d9%84%d9%88%d8%b1%d9%8a%d9%86/,https://staging.lacuisinedebernard.com/%d9%83%d9%8a%d8%b4-%d9%84%d9%88%d8%b1%d9%8a%d9%86
https://lacuisinedebernard.com/tartaletas-de-grenoble,https://staging.lacuisinedebernard.com/tartaletas-de-grenoble
https://lacuisinedebernard.com/tartaletas-de-grenoble/,https://staging.lacuisinedebernard.com/tartaletas-de-grenoble
https://www.lacuisinedebernard.com/tartaletas-de-grenoble,https://staging.lacuisinedebernard.com/tartaletas-de-grenoble
https://www.lacuisinedebernard.com/tartaletas-de-grenoble/,https://staging.lacuisinedebernard.com/tartaletas-de-grenoble
https://lacuisinedebernard.com/%d8%b5%d8%ae%d9%88%d8%b1-%d8%a8%d8%b1%d8%a7%d9%84%d9%8a%d9%86-%d8%a7%d9%84%d9%85%d9%82%d8%b1%d9%85%d8%b4%d8%a9,https://staging.lacuisinedebernard.com/%d8%b5%d8%ae%d9%88%d8%b1-%d8%a8%d8%b1%d8%a7%d9%84%d9%8a%d9%86-%d8%a7%d9%84%d9%85%d9%82%d8%b1%d9%85%d8%b4%d8%a9
https://lacuisinedebernard.com/%d8%b5%d8%ae%d9%88%d8%b1-%d8%a8%d8%b1%d8%a7%d9%84%d9%8a%d9%86-%d8%a7%d9%84%d9%85%d9%82%d8%b1%d9%85%d8%b4%d8%a9/,https://staging.lacuisinedebernard.com/%d8%b5%d8%ae%d9%88%d8%b1-%d8%a8%d8%b1%d8%a7%d9%84%d9%8a%d9%86-%d8%a7%d9%84%d9%85%d9%82%d8%b1%d9%85%d8%b4%d8%a9
https://www.lacuisinedebernard.com/%d8%b5%d8%ae%d9%88%d8%b1-%d8%a8%d8%b1%d8%a7%d9%84%d9%8a%d9%86-%d8%a7%d9%84%d9%85%d9%82%d8%b1%d9%85%d8%b4%d8%a9,https://staging.lacuisinedebernard.com/%d8%b5%d8%ae%d9%88%d8%b1-%d8%a8%d8%b1%d8%a7%d9%84%d9%8a%d9%86-%d8%a7%d9%84%d9%85%d9%82%d8%b1%d9%85%d8%b4%d8%a9
https://www.lacuisinedebernard.com/%d8%b5%d8%ae%d9%88%d8%b1-%d8%a8%d8%b1%d8%a7%d9%84%d9%8a%d9%86-%d8%a7%d9%84%d9%85%d9%82%d8%b1%d9%85%d8%b4%d8%a9/,https://staging.lacuisinedebernard.com/%d8%b5%d8%ae%d9%88%d8%b1-%d8%a8%d8%b1%d8%a7%d9%84%d9%8a%d9%86-%d8%a7%d9%84%d9%85%d9%82%d8%b1%d9%85%d8%b4%d8%a9
https://lacuisinedebernard.com/lausana,https://staging.lacuisinedebernard.com/lausana
https://lacuisinedebernard.com/lausana/,https://staging.lacuisinedebernard.com/lausana
https://www.lacuisinedebernard.com/lausana,https://staging.lacuisinedebernard.com/lausana
https://www.lacuisinedebernard.com/lausana/,https://staging.lacuisinedebernard.com/lausana
https://lacuisinedebernard.com/variation-on-green-giant-corn-by-sylvain-sendra,https://staging.lacuisinedebernard.com/variation-on-green-giant-corn-by-sylvain-sendra
https://lacuisinedebernard.com/variation-on-green-giant-corn-by-sylvain-sendra/,https://staging.lacuisinedebernard.com/variation-on-green-giant-corn-by-sylvain-sendra
https://www.lacuisinedebernard.com/variation-on-green-giant-corn-by-sylvain-sendra,https://staging.lacuisinedebernard.com/variation-on-green-giant-corn-by-sylvain-sendra
https://www.lacuisinedebernard.com/variation-on-green-giant-corn-by-sylvain-sendra/,https://staging.lacuisinedebernard.com/variation-on-green-giant-corn-by-sylvain-sendra
https://lacuisinedebernard.com/lebanese-poultry-livers,https://staging.lacuisinedebernard.com/lebanese-poultry-livers
https://lacuisinedebernard.com/lebanese-poultry-livers/,https://staging.lacuisinedebernard.com/lebanese-poultry-livers
https://www.lacuisinedebernard.com/lebanese-poultry-livers,https://staging.lacuisinedebernard.com/lebanese-poultry-livers
https://www.lacuisinedebernard.com/lebanese-poultry-livers/,https://staging.lacuisinedebernard.com/lebanese-poultry-livers
https://lacuisinedebernard.com/scandalous-orange-pie,https://staging.lacuisinedebernard.com/scandalous-orange-pie
https://lacuisinedebernard.com/scandalous-orange-pie/,https://staging.lacuisinedebernard.com/scandalous-orange-pie
https://www.lacuisinedebernard.com/scandalous-orange-pie,https://staging.lacuisinedebernard.com/scandalous-orange-pie
https://www.lacuisinedebernard.com/scandalous-orange-pie/,https://staging.lacuisinedebernard.com/scandalous-orange-pie
https://lacuisinedebernard.com/my-culinary-interviews-guy-martin,https://staging.lacuisinedebernard.com/my-culinary-interviews-guy-martin
https://lacuisinedebernard.com/my-culinary-interviews-guy-martin/,https://staging.lacuisinedebernard.com/my-culinary-interviews-guy-martin
https://www.lacuisinedebernard.com/my-culinary-interviews-guy-martin,https://staging.lacuisinedebernard.com/my-culinary-interviews-guy-martin
https://www.lacuisinedebernard.com/my-culinary-interviews-guy-martin/,https://staging.lacuisinedebernard.com/my-culinary-interviews-guy-martin
https://lacuisinedebernard.com/tortinhas-de-grenoble,https://staging.lacuisinedebernard.com/tortinhas-de-grenoble
https://lacuisinedebernard.com/tortinhas-de-grenoble/,https://staging.lacuisinedebernard.com/tortinhas-de-grenoble
https://www.lacuisinedebernard.com/tortinhas-de-grenoble,https://staging.lacuisinedebernard.com/tortinhas-de-grenoble
https://www.lacuisinedebernard.com/tortinhas-de-grenoble/,https://staging.lacuisinedebernard.com/tortinhas-de-grenoble
https://lacuisinedebernard.com/%d8%ae%d8%a7%d9%88-%d8%aa%d8%a7%d9%86%d8%ba-%d9%86%d8%a7%d9%87-%d8%aa%d8%a7%d9%86%d8%ba,https://staging.lacuisinedebernard.com/%d8%ae%d8%a7%d9%88-%d8%aa%d8%a7%d9%86%d8%ba-%d9%86%d8%a7%d9%87-%d8%aa%d8%a7%d9%86%d8%ba
https://lacuisinedebernard.com/%d8%ae%d8%a7%d9%88-%d8%aa%d8%a7%d9%86%d8%ba-%d9%86%d8%a7%d9%87-%d8%aa%d8%a7%d9%86%d8%ba/,https://staging.lacuisinedebernard.com/%d8%ae%d8%a7%d9%88-%d8%aa%d8%a7%d9%86%d8%ba-%d9%86%d8%a7%d9%87-%d8%aa%d8%a7%d9%86%d8%ba
https://www.lacuisinedebernard.com/%d8%ae%d8%a7%d9%88-%d8%aa%d8%a7%d9%86%d8%ba-%d9%86%d8%a7%d9%87-%d8%aa%d8%a7%d9%86%d8%ba,https://staging.lacuisinedebernard.com/%d8%ae%d8%a7%d9%88-%d8%aa%d8%a7%d9%86%d8%ba-%d9%86%d8%a7%d9%87-%d8%aa%d8%a7%d9%86%d8%ba
https://www.lacuisinedebernard.com/%d8%ae%d8%a7%d9%88-%d8%aa%d8%a7%d9%86%d8%ba-%d9%86%d8%a7%d9%87-%d8%aa%d8%a7%d9%86%d8%ba/,https://staging.lacuisinedebernard.com/%d8%ae%d8%a7%d9%88-%d8%aa%d8%a7%d9%86%d8%ba-%d9%86%d8%a7%d9%87-%d8%aa%d8%a7%d9%86%d8%ba
https://lacuisinedebernard.com/picatostes-de-mantequilla-de-trufa-negra,https://staging.lacuisinedebernard.com/picatostes-de-mantequilla-de-trufa-negra
https://lacuisinedebernard.com/picatostes-de-mantequilla-de-trufa-negra/,https://staging.lacuisinedebernard.com/picatostes-de-mantequilla-de-trufa-negra
https://www.lacuisinedebernard.com/picatostes-de-mantequilla-de-trufa-negra,https://staging.lacuisinedebernard.com/picatostes-de-mantequilla-de-trufa-negra
https://www.lacuisinedebernard.com/picatostes-de-mantequilla-de-trufa-negra/,https://staging.lacuisinedebernard.com/picatostes-de-mantequilla-de-trufa-negra
https://lacuisinedebernard.com/lausanne,https://staging.lacuisinedebernard.com/lausanne
https://lacuisinedebernard.com/lausanne/,https://staging.lacuisinedebernard.com/lausanne
https://www.lacuisinedebernard.com/lausanne,https://staging.lacuisinedebernard.com/lausanne
https://www.lacuisinedebernard.com/lausanne/,https://staging.lacuisinedebernard.com/lausanne
https://lacuisinedebernard.com/%d9%83%d8%a8%d8%af-%d8%a7%d9%84%d8%af%d9%88%d8%a7%d8%ac%d9%86-%d8%a7%d9%84%d9%84%d8%a8%d9%86%d8%a7%d9%86%d9%8a%d8%a9,https://staging.lacuisinedebernard.com/%d9%83%d8%a8%d8%af-%d8%a7%d9%84%d8%af%d9%88%d8%a7%d8%ac%d9%86-%d8%a7%d9%84%d9%84%d8%a8%d9%86%d8%a7%d9%86%d9%8a%d8%a9
https://lacuisinedebernard.com/%d9%83%d8%a8%d8%af-%d8%a7%d9%84%d8%af%d9%88%d8%a7%d8%ac%d9%86-%d8%a7%d9%84%d9%84%d8%a8%d9%86%d8%a7%d9%86%d9%8a%d8%a9/,https://staging.lacuisinedebernard.com/%d9%83%d8%a8%d8%af-%d8%a7%d9%84%d8%af%d9%88%d8%a7%d8%ac%d9%86-%d8%a7%d9%84%d9%84%d8%a8%d9%86%d8%a7%d9%86%d9%8a%d8%a9
https://www.lacuisinedebernard.com/%d9%83%d8%a8%d8%af-%d8%a7%d9%84%d8%af%d9%88%d8%a7%d8%ac%d9%86-%d8%a7%d9%84%d9%84%d8%a8%d9%86%d8%a7%d9%86%d9%8a%d8%a9,https://staging.lacuisinedebernard.com/%d9%83%d8%a8%d8%af-%d8%a7%d9%84%d8%af%d9%88%d8%a7%d8%ac%d9%86-%d8%a7%d9%84%d9%84%d8%a8%d9%86%d8%a7%d9%86%d9%8a%d8%a9
https://www.lacuisinedebernard.com/%d9%83%d8%a8%d8%af-%d8%a7%d9%84%d8%af%d9%88%d8%a7%d8%ac%d9%86-%d8%a7%d9%84%d9%84%d8%a8%d9%86%d8%a7%d9%86%d9%8a%d8%a9/,https://staging.lacuisinedebernard.com/%d9%83%d8%a8%d8%af-%d8%a7%d9%84%d8%af%d9%88%d8%a7%d8%ac%d9%86-%d8%a7%d9%84%d9%84%d8%a8%d9%86%d8%a7%d9%86%d9%8a%d8%a9
https://lacuisinedebernard.com/%d8%a7%d9%84%d8%a7%d9%86%d8%ad%d8%b1%d8%a7%d9%81-%d8%ad%d9%88%d9%84-%d8%a7%d9%84%d8%b0%d8%b1%d8%a9-%d8%a7%d9%84%d8%b9%d9%85%d9%84%d8%a7%d9%82-%d8%a7%d9%84%d8%a3%d8%ae%d8%b6%d8%b1-%d8%a8%d9%88,https://staging.lacuisinedebernard.com/%d8%a7%d9%84%d8%a7%d9%86%d8%ad%d8%b1%d8%a7%d9%81-%d8%ad%d9%88%d9%84-%d8%a7%d9%84%d8%b0%d8%b1%d8%a9-%d8%a7%d9%84%d8%b9%d9%85%d9%84%d8%a7%d9%82-%d8%a7%d9%84%d8%a3%d8%ae%d8%b6%d8%b1-%d8%a8%d9%88
https://lacuisinedebernard.com/%d8%a7%d9%84%d8%a7%d9%86%d8%ad%d8%b1%d8%a7%d9%81-%d8%ad%d9%88%d9%84-%d8%a7%d9%84%d8%b0%d8%b1%d8%a9-%d8%a7%d9%84%d8%b9%d9%85%d9%84%d8%a7%d9%82-%d8%a7%d9%84%d8%a3%d8%ae%d8%b6%d8%b1-%d8%a8%d9%88/,https://staging.lacuisinedebernard.com/%d8%a7%d9%84%d8%a7%d9%86%d8%ad%d8%b1%d8%a7%d9%81-%d8%ad%d9%88%d9%84-%d8%a7%d9%84%d8%b0%d8%b1%d8%a9-%d8%a7%d9%84%d8%b9%d9%85%d9%84%d8%a7%d9%82-%d8%a7%d9%84%d8%a3%d8%ae%d8%b6%d8%b1-%d8%a8%d9%88
https://www.lacuisinedebernard.com/%d8%a7%d9%84%d8%a7%d9%86%d8%ad%d8%b1%d8%a7%d9%81-%d8%ad%d9%88%d9%84-%d8%a7%d9%84%d8%b0%d8%b1%d8%a9-%d8%a7%d9%84%d8%b9%d9%85%d9%84%d8%a7%d9%82-%d8%a7%d9%84%d8%a3%d8%ae%d8%b6%d8%b1-%d8%a8%d9%88,https://staging.lacuisinedebernard.com/%d8%a7%d9%84%d8%a7%d9%86%d8%ad%d8%b1%d8%a7%d9%81-%d8%ad%d9%88%d9%84-%d8%a7%d9%84%d8%b0%d8%b1%d8%a9-%d8%a7%d9%84%d8%b9%d9%85%d9%84%d8%a7%d9%82-%d8%a7%d9%84%d8%a3%d8%ae%d8%b6%d8%b1-%d8%a8%d9%88
https://www.lacuisinedebernard.com/%d8%a7%d9%84%d8%a7%d9%86%d8%ad%d8%b1%d8%a7%d9%81-%d8%ad%d9%88%d9%84-%d8%a7%d9%84%d8%b0%d8%b1%d8%a9-%d8%a7%d9%84%d8%b9%d9%85%d9%84%d8%a7%d9%82-%d8%a7%d9%84%d8%a3%d8%ae%d8%b6%d8%b1-%d8%a8%d9%88/,https://staging.lacuisinedebernard.com/%d8%a7%d9%84%d8%a7%d9%86%d8%ad%d8%b1%d8%a7%d9%81-%d8%ad%d9%88%d9%84-%d8%a7%d9%84%d8%b0%d8%b1%d8%a9-%d8%a7%d9%84%d8%b9%d9%85%d9%84%d8%a7%d9%82-%d8%a7%d9%84%d8%a3%d8%ae%d8%b6%d8%b1-%d8%a8%d9%88
https://lacuisinedebernard.com/bombones-rellenos-de-gianduja,https://staging.lacuisinedebernard.com/bombones-rellenos-de-gianduja
https://lacuisinedebernard.com/bombones-rellenos-de-gianduja/,https://staging.lacuisinedebernard.com/bombones-rellenos-de-gianduja
https://www.lacuisinedebernard.com/bombones-rellenos-de-gianduja,https://staging.lacuisinedebernard.com/bombones-rellenos-de-gianduja
https://www.lacuisinedebernard.com/bombones-rellenos-de-gianduja/,https://staging.lacuisinedebernard.com/bombones-rellenos-de-gianduja
https://lacuisinedebernard.com/%d9%81%d8%b6%d9%8a%d8%ad%d8%a9-%d8%a3%d9%88%d8%b1%d8%a7%d9%86%d8%ac-%d8%aa%d8%a7%d8%b1%d8%aa,https://staging.lacuisinedebernard.com/%d9%81%d8%b6%d9%8a%d8%ad%d8%a9-%d8%a3%d9%88%d8%b1%d8%a7%d9%86%d8%ac-%d8%aa%d8%a7%d8%b1%d8%aa
https://lacuisinedebernard.com/%d9%81%d8%b6%d9%8a%d8%ad%d8%a9-%d8%a3%d9%88%d8%b1%d8%a7%d9%86%d8%ac-%d8%aa%d8%a7%d8%b1%d8%aa/,https://staging.lacuisinedebernard.com/%d9%81%d8%b6%d9%8a%d8%ad%d8%a9-%d8%a3%d9%88%d8%b1%d8%a7%d9%86%d8%ac-%d8%aa%d8%a7%d8%b1%d8%aa
https://www.lacuisinedebernard.com/%d9%81%d8%b6%d9%8a%d8%ad%d8%a9-%d8%a3%d9%88%d8%b1%d8%a7%d9%86%d8%ac-%d8%aa%d8%a7%d8%b1%d8%aa,https://staging.lacuisinedebernard.com/%d9%81%d8%b6%d9%8a%d8%ad%d8%a9-%d8%a3%d9%88%d8%b1%d8%a7%d9%86%d8%ac-%d8%aa%d8%a7%d8%b1%d8%aa
https://www.lacuisinedebernard.com/%d9%81%d8%b6%d9%8a%d8%ad%d8%a9-%d8%a3%d9%88%d8%b1%d8%a7%d9%86%d8%ac-%d8%aa%d8%a7%d8%b1%d8%aa/,https://staging.lacuisinedebernard.com/%d9%81%d8%b6%d9%8a%d8%ad%d8%a9-%d8%a3%d9%88%d8%b1%d8%a7%d9%86%d8%ac-%d8%aa%d8%a7%d8%b1%d8%aa
https://lacuisinedebernard.com/croutons-de-manteiga-de-trufa-negra,https://staging.lacuisinedebernard.com/croutons-de-manteiga-de-trufa-negra
https://lacuisinedebernard.com/croutons-de-manteiga-de-trufa-negra/,https://staging.lacuisinedebernard.com/croutons-de-manteiga-de-trufa-negra
https://www.lacuisinedebernard.com/croutons-de-manteiga-de-trufa-negra,https://staging.lacuisinedebernard.com/croutons-de-manteiga-de-trufa-negra
https://www.lacuisinedebernard.com/croutons-de-manteiga-de-trufa-negra/,https://staging.lacuisinedebernard.com/croutons-de-manteiga-de-trufa-negra
https://lacuisinedebernard.com/rochers-crujientes-de-praline,https://staging.lacuisinedebernard.com/rochers-crujientes-de-praline
https://lacuisinedebernard.com/rochers-crujientes-de-praline/,https://staging.lacuisinedebernard.com/rochers-crujientes-de-praline
https://www.lacuisinedebernard.com/rochers-crujientes-de-praline,https://staging.lacuisinedebernard.com/rochers-crujientes-de-praline
https://www.lacuisinedebernard.com/rochers-crujientes-de-praline/,https://staging.lacuisinedebernard.com/rochers-crujientes-de-praline
https://lacuisinedebernard.com/grenoble-tartlets,https://staging.lacuisinedebernard.com/grenoble-tartlets
https://lacuisinedebernard.com/grenoble-tartlets/,https://staging.lacuisinedebernard.com/grenoble-tartlets
https://www.lacuisinedebernard.com/grenoble-tartlets,https://staging.lacuisinedebernard.com/grenoble-tartlets
https://www.lacuisinedebernard.com/grenoble-tartlets/,https://staging.lacuisinedebernard.com/grenoble-tartlets
https://lacuisinedebernard.com/quiche-lorraine,https://staging.lacuisinedebernard.com/quiche-lorraine
https://lacuisinedebernard.com/quiche-lorraine/,https://staging.lacuisinedebernard.com/quiche-lorraine
https://www.lacuisinedebernard.com/quiche-lorraine,https://staging.lacuisinedebernard.com/quiche-lorraine
https://www.lacuisinedebernard.com/quiche-lorraine/,https://staging.lacuisinedebernard.com/quiche-lorraine
https://lacuisinedebernard.com/%d9%85%d9%82%d8%a7%d8%a8%d9%84%d8%a7%d8%aa%d9%8a-%d8%a7%d9%84%d8%b7%d9%87%d9%88%d9%8a%d8%a9-%d8%ac%d8%a7%d9%8a-%d9%85%d8%a7%d8%b1%d8%aa%d9%86,https://staging.lacuisinedebernard.com/%d9%85%d9%82%d8%a7%d8%a8%d9%84%d8%a7%d8%aa%d9%8a-%d8%a7%d9%84%d8%b7%d9%87%d9%88%d9%8a%d8%a9-%d8%ac%d8%a7%d9%8a-%d9%85%d8%a7%d8%b1%d8%aa%d9%86
https://lacuisinedebernard.com/%d9%85%d9%82%d8%a7%d8%a8%d9%84%d8%a7%d8%aa%d9%8a-%d8%a7%d9%84%d8%b7%d9%87%d9%88%d9%8a%d8%a9-%d8%ac%d8%a7%d9%8a-%d9%85%d8%a7%d8%b1%d8%aa%d9%86/,https://staging.lacuisinedebernard.com/%d9%85%d9%82%d8%a7%d8%a8%d9%84%d8%a7%d8%aa%d9%8a-%d8%a7%d9%84%d8%b7%d9%87%d9%88%d9%8a%d8%a9-%d8%ac%d8%a7%d9%8a-%d9%85%d8%a7%d8%b1%d8%aa%d9%86
https://www.lacuisinedebernard.com/%d9%85%d9%82%d8%a7%d8%a8%d9%84%d8%a7%d8%aa%d9%8a-%d8%a7%d9%84%d8%b7%d9%87%d9%88%d9%8a%d8%a9-%d8%ac%d8%a7%d9%8a-%d9%85%d8%a7%d8%b1%d8%aa%d9%86,https://staging.lacuisinedebernard.com/%d9%85%d9%82%d8%a7%d8%a8%d9%84%d8%a7%d8%aa%d9%8a-%d8%a7%d9%84%d8%b7%d9%87%d9%88%d9%8a%d8%a9-%d8%ac%d8%a7%d9%8a-%d9%85%d8%a7%d8%b1%d8%aa%d9%86
https://www.lacuisinedebernard.com/%d9%85%d9%82%d8%a7%d8%a8%d9%84%d8%a7%d8%aa%d9%8a-%d8%a7%d9%84%d8%b7%d9%87%d9%88%d9%8a%d8%a9-%d8%ac%d8%a7%d9%8a-%d9%85%d8%a7%d8%b1%d8%aa%d9%86/,https://staging.lacuisinedebernard.com/%d9%85%d9%82%d8%a7%d8%a8%d9%84%d8%a7%d8%aa%d9%8a-%d8%a7%d9%84%d8%b7%d9%87%d9%88%d9%8a%d8%a9-%d8%ac%d8%a7%d9%8a-%d9%85%d8%a7%d8%b1%d8%aa%d9%86
https://lacuisinedebernard.com/turron-de-alicante,https://staging.lacuisinedebernard.com/turron-de-alicante
https://lacuisinedebernard.com/turron-de-alicante/,https://staging.lacuisinedebernard.com/turron-de-alicante
https://www.lacuisinedebernard.com/turron-de-alicante,https://staging.lacuisinedebernard.com/turron-de-alicante
https://www.lacuisinedebernard.com/turron-de-alicante/,https://staging.lacuisinedebernard.com/turron-de-alicante
https://lacuisinedebernard.com/chocolates-cheios-de-gianduja,https://staging.lacuisinedebernard.com/chocolates-cheios-de-gianduja
https://lacuisinedebernard.com/chocolates-cheios-de-gianduja/,https://staging.lacuisinedebernard.com/chocolates-cheios-de-gianduja
https://www.lacuisinedebernard.com/chocolates-cheios-de-gianduja,https://staging.lacuisinedebernard.com/chocolates-cheios-de-gianduja
https://www.lacuisinedebernard.com/chocolates-cheios-de-gianduja/,https://staging.lacuisinedebernard.com/chocolates-cheios-de-gianduja
https://lacuisinedebernard.com/%d9%84%d9%88%d8%b2%d8%a7%d9%86,https://staging.lacuisinedebernard.com/%d9%84%d9%88%d8%b2%d8%a7%d9%86
https://lacuisinedebernard.com/%d9%84%d9%88%d8%b2%d8%a7%d9%86/,https://staging.lacuisinedebernard.com/%d9%84%d9%88%d8%b2%d8%a7%d9%86
https://www.lacuisinedebernard.com/%d9%84%d9%88%d8%b2%d8%a7%d9%86,https://staging.lacuisinedebernard.com/%d9%84%d9%88%d8%b2%d8%a7%d9%86
https://www.lacuisinedebernard.com/%d9%84%d9%88%d8%b2%d8%a7%d9%86/,https://staging.lacuisinedebernard.com/%d9%84%d9%88%d8%b2%d8%a7%d9%86
https://lacuisinedebernard.com/variacion-del-maiz-gigante-verde-de-sylvain-sendra,https://staging.lacuisinedebernard.com/variacion-del-maiz-gigante-verde-de-sylvain-sendra
https://lacuisinedebernard.com/variacion-del-maiz-gigante-verde-de-sylvain-sendra/,https://staging.lacuisinedebernard.com/variacion-del-maiz-gigante-verde-de-sylvain-sendra
https://www.lacuisinedebernard.com/variacion-del-maiz-gigante-verde-de-sylvain-sendra,https://staging.lacuisinedebernard.com/variacion-del-maiz-gigante-verde-de-sylvain-sendra
https://www.lacuisinedebernard.com/variacion-del-maiz-gigante-verde-de-sylvain-sendra/,https://staging.lacuisinedebernard.com/variacion-del-maiz-gigante-verde-de-sylvain-sendra
https://lacuisinedebernard.com/%d8%ac%d8%b1%d9%88%d9%86%d9%88%d8%a8%d9%84-%d8%aa%d8%a7%d8%b1%d8%aa%d9%84%d9%8a%d8%aa,https://staging.lacuisinedebernard.com/%d8%ac%d8%b1%d9%88%d9%86%d9%88%d8%a8%d9%84-%d8%aa%d8%a7%d8%b1%d8%aa%d9%84%d9%8a%d8%aa
https://lacuisinedebernard.com/%d8%ac%d8%b1%d9%88%d9%86%d9%88%d8%a8%d9%84-%d8%aa%d8%a7%d8%b1%d8%aa%d9%84%d9%8a%d8%aa/,https://staging.lacuisinedebernard.com/%d8%ac%d8%b1%d9%88%d9%86%d9%88%d8%a8%d9%84-%d8%aa%d8%a7%d8%b1%d8%aa%d9%84%d9%8a%d8%aa
https://www.lacuisinedebernard.com/%d8%ac%d8%b1%d9%88%d9%86%d9%88%d8%a8%d9%84-%d8%aa%d8%a7%d8%b1%d8%aa%d9%84%d9%8a%d8%aa,https://staging.lacuisinedebernard.com/%d8%ac%d8%b1%d9%88%d9%86%d9%88%d8%a8%d9%84-%d8%aa%d8%a7%d8%b1%d8%aa%d9%84%d9%8a%d8%aa
https://www.lacuisinedebernard.com/%d8%ac%d8%b1%d9%88%d9%86%d9%88%d8%a8%d9%84-%d8%aa%d8%a7%d8%b1%d8%aa%d9%84%d9%8a%d8%aa/,https://staging.lacuisinedebernard.com/%d8%ac%d8%b1%d9%88%d9%86%d9%88%d8%a8%d9%84-%d8%aa%d8%a7%d8%b1%d8%aa%d9%84%d9%8a%d8%aa
https://lacuisinedebernard.com/black-truffle-butter-croutons,https://staging.lacuisinedebernard.com/black-truffle-butter-croutons
https://lacuisinedebernard.com/black-truffle-butter-croutons/,https://staging.lacuisinedebernard.com/black-truffle-butter-croutons
https://www.lacuisinedebernard.com/black-truffle-butter-croutons,https://staging.lacuisinedebernard.com/black-truffle-butter-croutons
https://www.lacuisinedebernard.com/black-truffle-butter-croutons/,https://staging.lacuisinedebernard.com/black-truffle-butter-croutons
https://lacuisinedebernard.com/gianduja-filled-chocolates,https://staging.lacuisinedebernard.com/gianduja-filled-chocolates
https://lacuisinedebernard.com/gianduja-filled-chocolates/,https://staging.lacuisinedebernard.com/gianduja-filled-chocolates
https://www.lacuisinedebernard.com/gianduja-filled-chocolates,https://staging.lacuisinedebernard.com/gianduja-filled-chocolates
https://www.lacuisinedebernard.com/gianduja-filled-chocolates/,https://staging.lacuisinedebernard.com/gianduja-filled-chocolates
https://lacuisinedebernard.com/praline-rochers-estaladica,https://staging.lacuisinedebernard.com/praline-rochers-estaladica
https://lacuisinedebernard.com/praline-rochers-estaladica/,https://staging.lacuisinedebernard.com/praline-rochers-estaladica
https://www.lacuisinedebernard.com/praline-rochers-estaladica,https://staging.lacuisinedebernard.com/praline-rochers-estaladica
https://www.lacuisinedebernard.com/praline-rochers-estaladica/,https://staging.lacuisinedebernard.com/praline-rochers-estaladica
https://lacuisinedebernard.com/tarta-de-naranja-escandalosa,https://staging.lacuisinedebernard.com/tarta-de-naranja-escandalosa
https://lacuisinedebernard.com/tarta-de-naranja-escandalosa/,https://staging.lacuisinedebernard.com/tarta-de-naranja-escandalosa
https://www.lacuisinedebernard.com/tarta-de-naranja-escandalosa,https://staging.lacuisinedebernard.com/tarta-de-naranja-escandalosa
https://www.lacuisinedebernard.com/tarta-de-naranja-escandalosa/,https://staging.lacuisinedebernard.com/tarta-de-naranja-escandalosa
https://lacuisinedebernard.com/%d8%ae%d8%a8%d8%b2-%d9%85%d8%ad%d9%85%d8%b5-%d8%a8%d8%b2%d8%a8%d8%af%d8%a9-%d8%a7%d9%84%d9%83%d9%85%d8%a3%d8%a9-%d8%a7%d9%84%d8%b3%d9%88%d8%af%d8%a7%d8%a1,https://staging.lacuisinedebernard.com/%d8%ae%d8%a8%d8%b2-%d9%85%d8%ad%d9%85%d8%b5-%d8%a8%d8%b2%d8%a8%d8%af%d8%a9-%d8%a7%d9%84%d9%83%d9%85%d8%a3%d8%a9-%d8%a7%d9%84%d8%b3%d9%88%d8%af%d8%a7%d8%a1
https://lacuisinedebernard.com/%d8%ae%d8%a8%d8%b2-%d9%85%d8%ad%d9%85%d8%b5-%d8%a8%d8%b2%d8%a8%d8%af%d8%a9-%d8%a7%d9%84%d9%83%d9%85%d8%a3%d8%a9-%d8%a7%d9%84%d8%b3%d9%88%d8%af%d8%a7%d8%a1/,https://staging.lacuisinedebernard.com/%d8%ae%d8%a8%d8%b2-%d9%85%d8%ad%d9%85%d8%b5-%d8%a8%d8%b2%d8%a8%d8%af%d8%a9-%d8%a7%d9%84%d9%83%d9%85%d8%a3%d8%a9-%d8%a7%d9%84%d8%b3%d9%88%d8%af%d8%a7%d8%a1
https://www.lacuisinedebernard.com/%d8%ae%d8%a8%d8%b2-%d9%85%d8%ad%d9%85%d8%b5-%d8%a8%d8%b2%d8%a8%d8%af%d8%a9-%d8%a7%d9%84%d9%83%d9%85%d8%a3%d8%a9-%d8%a7%d9%84%d8%b3%d9%88%d8%af%d8%a7%d8%a1,https://staging.lacuisinedebernard.com/%d8%ae%d8%a8%d8%b2-%d9%85%d8%ad%d9%85%d8%b5-%d8%a8%d8%b2%d8%a8%d8%af%d8%a9-%d8%a7%d9%84%d9%83%d9%85%d8%a3%d8%a9-%d8%a7%d9%84%d8%b3%d9%88%d8%af%d8%a7%d8%a1
https://www.lacuisinedebernard.com/%d8%ae%d8%a8%d8%b2-%d9%85%d8%ad%d9%85%d8%b5-%d8%a8%d8%b2%d8%a8%d8%af%d8%a9-%d8%a7%d9%84%d9%83%d9%85%d8%a3%d8%a9-%d8%a7%d9%84%d8%b3%d9%88%d8%af%d8%a7%d8%a1/,https://staging.lacuisinedebernard.com/%d8%ae%d8%a8%d8%b2-%d9%85%d8%ad%d9%85%d8%b5-%d8%a8%d8%b2%d8%a8%d8%af%d8%a9-%d8%a7%d9%84%d9%83%d9%85%d8%a3%d8%a9-%d8%a7%d9%84%d8%b3%d9%88%d8%af%d8%a7%d8%a1
https://lacuisinedebernard.com/turron-of-alicante,https://staging.lacuisinedebernard.com/turron-of-alicante
https://lacuisinedebernard.com/turron-of-alicante/,https://staging.lacuisinedebernard.com/turron-of-alicante
https://www.lacuisinedebernard.com/turron-of-alicante,https://staging.lacuisinedebernard.com/turron-of-alicante
https://www.lacuisinedebernard.com/turron-of-alicante/,https://staging.lacuisinedebernard.com/turron-of-alicante
https://lacuisinedebernard.com/crispy-praline-rochers,https://staging.lacuisinedebernard.com/crispy-praline-rochers
https://lacuisinedebernard.com/crispy-praline-rochers/,https://staging.lacuisinedebernard.com/crispy-praline-rochers
https://www.lacuisinedebernard.com/crispy-praline-rochers,https://staging.lacuisinedebernard.com/crispy-praline-rochers
https://www.lacuisinedebernard.com/crispy-praline-rochers/,https://staging.lacuisinedebernard.com/crispy-praline-rochers
https://lacuisinedebernard.com/mis-entrevistas-culinarias-guy-martin,https://staging.lacuisinedebernard.com/mis-entrevistas-culinarias-guy-martin
https://lacuisinedebernard.com/mis-entrevistas-culinarias-guy-martin/,https://staging.lacuisinedebernard.com/mis-entrevistas-culinarias-guy-martin
https://www.lacuisinedebernard.com/mis-entrevistas-culinarias-guy-martin,https://staging.lacuisinedebernard.com/mis-entrevistas-culinarias-guy-martin
https://www.lacuisinedebernard.com/mis-entrevistas-culinarias-guy-martin/,https://staging.lacuisinedebernard.com/mis-entrevistas-culinarias-guy-martin
https://lacuisinedebernard.com/variacao-do-milho-gigante-verde-de-sylvain-sendra,https://staging.lacuisinedebernard.com/variacao-do-milho-gigante-verde-de-sylvain-sendra
https://lacuisinedebernard.com/variacao-do-milho-gigante-verde-de-sylvain-sendra/,https://staging.lacuisinedebernard.com/variacao-do-milho-gigante-verde-de-sylvain-sendra
https://www.lacuisinedebernard.com/variacao-do-milho-gigante-verde-de-sylvain-sendra,https://staging.lacuisinedebernard.com/variacao-do-milho-gigante-verde-de-sylvain-sendra
https://www.lacuisinedebernard.com/variacao-do-milho-gigante-verde-de-sylvain-sendra/,https://staging.lacuisinedebernard.com/variacao-do-milho-gigante-verde-de-sylvain-sendra
https://lacuisinedebernard.com/%d8%b4%d9%88%d9%83%d9%88%d9%84%d8%a7%d8%aa%d8%a9-%d9%85%d8%ad%d8%b4%d9%88%d8%a9-%d8%a8%d8%a7%d9%84%d8%ac%d9%8a%d9%86%d8%af%d9%88%d8%ac%d8%a7,https://staging.lacuisinedebernard.com/%d8%b4%d9%88%d9%83%d9%88%d9%84%d8%a7%d8%aa%d8%a9-%d9%85%d8%ad%d8%b4%d9%88%d8%a9-%d8%a8%d8%a7%d9%84%d8%ac%d9%8a%d9%86%d8%af%d9%88%d8%ac%d8%a7
https://lacuisinedebernard.com/%d8%b4%d9%88%d9%83%d9%88%d9%84%d8%a7%d8%aa%d8%a9-%d9%85%d8%ad%d8%b4%d9%88%d8%a9-%d8%a8%d8%a7%d9%84%d8%ac%d9%8a%d9%86%d8%af%d9%88%d8%ac%d8%a7/,https://staging.lacuisinedebernard.com/%d8%b4%d9%88%d9%83%d9%88%d9%84%d8%a7%d8%aa%d8%a9-%d9%85%d8%ad%d8%b4%d9%88%d8%a9-%d8%a8%d8%a7%d9%84%d8%ac%d9%8a%d9%86%d8%af%d9%88%d8%ac%d8%a7
https://www.lacuisinedebernard.com/%d8%b4%d9%88%d9%83%d9%88%d9%84%d8%a7%d8%aa%d8%a9-%d9%85%d8%ad%d8%b4%d9%88%d8%a9-%d8%a8%d8%a7%d9%84%d8%ac%d9%8a%d9%86%d8%af%d9%88%d8%ac%d8%a7,https://staging.lacuisinedebernard.com/%d8%b4%d9%88%d9%83%d9%88%d9%84%d8%a7%d8%aa%d8%a9-%d9%85%d8%ad%d8%b4%d9%88%d8%a9-%d8%a8%d8%a7%d9%84%d8%ac%d9%8a%d9%86%d8%af%d9%88%d8%ac%d8%a7
https://www.lacuisinedebernard.com/%d8%b4%d9%88%d9%83%d9%88%d9%84%d8%a7%d8%aa%d8%a9-%d9%85%d8%ad%d8%b4%d9%88%d8%a9-%d8%a8%d8%a7%d9%84%d8%ac%d9%8a%d9%86%d8%af%d9%88%d8%ac%d8%a7/,https://staging.lacuisinedebernard.com/%d8%b4%d9%88%d9%83%d9%88%d9%84%d8%a7%d8%aa%d8%a9-%d9%85%d8%ad%d8%b4%d9%88%d8%a9-%d8%a8%d8%a7%d9%84%d8%ac%d9%8a%d9%86%d8%af%d9%88%d8%ac%d8%a7
https://lacuisinedebernard.com/green-duck-curry,https://staging.lacuisinedebernard.com/green-duck-curry
https://lacuisinedebernard.com/green-duck-curry/,https://staging.lacuisinedebernard.com/green-duck-curry
https://www.lacuisinedebernard.com/green-duck-curry,https://staging.lacuisinedebernard.com/green-duck-curry
https://www.lacuisinedebernard.com/green-duck-curry/,https://staging.lacuisinedebernard.com/green-duck-curry
https://lacuisinedebernard.com/torta-de-cebola,https://staging.lacuisinedebernard.com/torta-de-cebola
https://lacuisinedebernard.com/torta-de-cebola/,https://staging.lacuisinedebernard.com/torta-de-cebola
https://www.lacuisinedebernard.com/torta-de-cebola,https://staging.lacuisinedebernard.com/torta-de-cebola
https://www.lacuisinedebernard.com/torta-de-cebola/,https://staging.lacuisinedebernard.com/torta-de-cebola
https://lacuisinedebernard.com/%d9%83%d8%a7%d8%b1%d9%8a-%d8%a7%d9%84%d8%a8%d8%b7-%d8%a7%d9%84%d8%a3%d8%ae%d8%b6%d8%b1,https://staging.lacuisinedebernard.com/%d9%83%d8%a7%d8%b1%d9%8a-%d8%a7%d9%84%d8%a8%d8%b7-%d8%a7%d9%84%d8%a3%d8%ae%d8%b6%d8%b1
https://lacuisinedebernard.com/%d9%83%d8%a7%d8%b1%d9%8a-%d8%a7%d9%84%d8%a8%d8%b7-%d8%a7%d9%84%d8%a3%d8%ae%d8%b6%d8%b1/,https://staging.lacuisinedebernard.com/%d9%83%d8%a7%d8%b1%d9%8a-%d8%a7%d9%84%d8%a8%d8%b7-%d8%a7%d9%84%d8%a3%d8%ae%d8%b6%d8%b1
https://www.lacuisinedebernard.com/%d9%83%d8%a7%d8%b1%d9%8a-%d8%a7%d9%84%d8%a8%d8%b7-%d8%a7%d9%84%d8%a3%d8%ae%d8%b6%d8%b1,https://staging.lacuisinedebernard.com/%d9%83%d8%a7%d8%b1%d9%8a-%d8%a7%d9%84%d8%a8%d8%b7-%d8%a7%d9%84%d8%a3%d8%ae%d8%b6%d8%b1
https://www.lacuisinedebernard.com/%d9%83%d8%a7%d8%b1%d9%8a-%d8%a7%d9%84%d8%a8%d8%b7-%d8%a7%d9%84%d8%a3%d8%ae%d8%b6%d8%b1/,https://staging.lacuisinedebernard.com/%d9%83%d8%a7%d8%b1%d9%8a-%d8%a7%d9%84%d8%a8%d8%b7-%d8%a7%d9%84%d8%a3%d8%ae%d8%b6%d8%b1
https://lacuisinedebernard.com/tarta-de-nueces-2,https://staging.lacuisinedebernard.com/tarta-de-nueces-2
https://lacuisinedebernard.com/tarta-de-nueces-2/,https://staging.lacuisinedebernard.com/tarta-de-nueces-2
https://www.lacuisinedebernard.com/tarta-de-nueces-2,https://staging.lacuisinedebernard.com/tarta-de-nueces-2
https://www.lacuisinedebernard.com/tarta-de-nueces-2/,https://staging.lacuisinedebernard.com/tarta-de-nueces-2
https://lacuisinedebernard.com/onion-pie,https://staging.lacuisinedebernard.com/onion-pie
https://lacuisinedebernard.com/onion-pie/,https://staging.lacuisinedebernard.com/onion-pie
https://www.lacuisinedebernard.com/onion-pie,https://staging.lacuisinedebernard.com/onion-pie
https://www.lacuisinedebernard.com/onion-pie/,https://staging.lacuisinedebernard.com/onion-pie
https://lacuisinedebernard.com/%d9%81%d8%b7%d9%8a%d8%b1%d8%a9-%d8%a7%d9%84%d8%a8%d8%b5%d9%84,https://staging.lacuisinedebernard.com/%d9%81%d8%b7%d9%8a%d8%b1%d8%a9-%d8%a7%d9%84%d8%a8%d8%b5%d9%84
https://lacuisinedebernard.com/%d9%81%d8%b7%d9%8a%d8%b1%d8%a9-%d8%a7%d9%84%d8%a8%d8%b5%d9%84/,https://staging.lacuisinedebernard.com/%d9%81%d8%b7%d9%8a%d8%b1%d8%a9-%d8%a7%d9%84%d8%a8%d8%b5%d9%84
https://www.lacuisinedebernard.com/%d9%81%d8%b7%d9%8a%d8%b1%d8%a9-%d8%a7%d9%84%d8%a8%d8%b5%d9%84,https://staging.lacuisinedebernard.com/%d9%81%d8%b7%d9%8a%d8%b1%d8%a9-%d8%a7%d9%84%d8%a8%d8%b5%d9%84
https://www.lacuisinedebernard.com/%d9%81%d8%b7%d9%8a%d8%b1%d8%a9-%d8%a7%d9%84%d8%a8%d8%b5%d9%84/,https://staging.lacuisinedebernard.com/%d9%81%d8%b7%d9%8a%d8%b1%d8%a9-%d8%a7%d9%84%d8%a8%d8%b5%d9%84
https://lacuisinedebernard.com/%d8%aa%d9%88%d8%b1%d9%88%d9%86-%d8%a7%d9%84%d9%8a%d9%83%d8%a7%d9%86%d8%aa%d9%8a,https://staging.lacuisinedebernard.com/%d8%aa%d9%88%d8%b1%d9%88%d9%86-%d8%a7%d9%84%d9%8a%d9%83%d8%a7%d9%86%d8%aa%d9%8a
https://lacuisinedebernard.com/%d8%aa%d9%88%d8%b1%d9%88%d9%86-%d8%a7%d9%84%d9%8a%d9%83%d8%a7%d9%86%d8%aa%d9%8a/,https://staging.lacuisinedebernard.com/%d8%aa%d9%88%d8%b1%d9%88%d9%86-%d8%a7%d9%84%d9%8a%d9%83%d8%a7%d9%86%d8%aa%d9%8a
https://www.lacuisinedebernard.com/%d8%aa%d9%88%d8%b1%d9%88%d9%86-%d8%a7%d9%84%d9%8a%d9%83%d8%a7%d9%86%d8%aa%d9%8a,https://staging.lacuisinedebernard.com/%d8%aa%d9%88%d8%b1%d9%88%d9%86-%d8%a7%d9%84%d9%8a%d9%83%d8%a7%d9%86%d8%aa%d9%8a
https://www.lacuisinedebernard.com/%d8%aa%d9%88%d8%b1%d9%88%d9%86-%d8%a7%d9%84%d9%8a%d9%83%d8%a7%d9%86%d8%aa%d9%8a/,https://staging.lacuisinedebernard.com/%d8%aa%d9%88%d8%b1%d9%88%d9%86-%d8%a7%d9%84%d9%8a%d9%83%d8%a7%d9%86%d8%aa%d9%8a
https://lacuisinedebernard.com/pato-verde-al-curry,https://staging.lacuisinedebernard.com/pato-verde-al-curry
https://lacuisinedebernard.com/pato-verde-al-curry/,https://staging.lacuisinedebernard.com/pato-verde-al-curry
https://www.lacuisinedebernard.com/pato-verde-al-curry,https://staging.lacuisinedebernard.com/pato-verde-al-curry
https://www.lacuisinedebernard.com/pato-verde-al-curry/,https://staging.lacuisinedebernard.com/pato-verde-al-curry
https://lacuisinedebernard.com/%d9%81%d8%b7%d9%8a%d8%b1%d8%a9-%d8%a7%d9%84%d8%ac%d9%88%d8%b2-2,https://staging.lacuisinedebernard.com/%d9%81%d8%b7%d9%8a%d8%b1%d8%a9-%d8%a7%d9%84%d8%ac%d9%88%d8%b2-2
https://lacuisinedebernard.com/%d9%81%d8%b7%d9%8a%d8%b1%d8%a9-%d8%a7%d9%84%d8%ac%d9%88%d8%b2-2/,https://staging.lacuisinedebernard.com/%d9%81%d8%b7%d9%8a%d8%b1%d8%a9-%d8%a7%d9%84%d8%ac%d9%88%d8%b2-2
https://www.lacuisinedebernard.com/%d9%81%d8%b7%d9%8a%d8%b1%d8%a9-%d8%a7%d9%84%d8%ac%d9%88%d8%b2-2,https://staging.lacuisinedebernard.com/%d9%81%d8%b7%d9%8a%d8%b1%d8%a9-%d8%a7%d9%84%d8%ac%d9%88%d8%b2-2
https://www.lacuisinedebernard.com/%d9%81%d8%b7%d9%8a%d8%b1%d8%a9-%d8%a7%d9%84%d8%ac%d9%88%d8%b2-2/,https://staging.lacuisinedebernard.com/%d9%81%d8%b7%d9%8a%d8%b1%d8%a9-%d8%a7%d9%84%d8%ac%d9%88%d8%b2-2
https://lacuisinedebernard.com/zapatillas-de-almendra,https://staging.lacuisinedebernard.com/zapatillas-de-almendra
https://lacuisinedebernard.com/zapatillas-de-almendra/,https://staging.lacuisinedebernard.com/zapatillas-de-almendra
https://www.lacuisinedebernard.com/zapatillas-de-almendra,https://staging.lacuisinedebernard.com/zapatillas-de-almendra
https://www.lacuisinedebernard.com/zapatillas-de-almendra/,https://staging.lacuisinedebernard.com/zapatillas-de-almendra
https://lacuisinedebernard.com/siu-mai-de-guangzhou,https://staging.lacuisinedebernard.com/siu-mai-de-guangzhou
https://lacuisinedebernard.com/siu-mai-de-guangzhou/,https://staging.lacuisinedebernard.com/siu-mai-de-guangzhou
https://www.lacuisinedebernard.com/siu-mai-de-guangzhou,https://staging.lacuisinedebernard.com/siu-mai-de-guangzhou
https://www.lacuisinedebernard.com/siu-mai-de-guangzhou/,https://staging.lacuisinedebernard.com/siu-mai-de-guangzhou
https://lacuisinedebernard.com/caril-de-pato-verde,https://staging.lacuisinedebernard.com/caril-de-pato-verde
https://lacuisinedebernard.com/caril-de-pato-verde/,https://staging.lacuisinedebernard.com/caril-de-pato-verde
https://www.lacuisinedebernard.com/caril-de-pato-verde,https://staging.lacuisinedebernard.com/caril-de-pato-verde
https://www.lacuisinedebernard.com/caril-de-pato-verde/,https://staging.lacuisinedebernard.com/caril-de-pato-verde
https://lacuisinedebernard.com/tarta-de-cebolla,https://staging.lacuisinedebernard.com/tarta-de-cebolla
https://lacuisinedebernard.com/tarta-de-cebolla/,https://staging.lacuisinedebernard.com/tarta-de-cebolla
https://www.lacuisinedebernard.com/tarta-de-cebolla,https://staging.lacuisinedebernard.com/tarta-de-cebolla
https://www.lacuisinedebernard.com/tarta-de-cebolla/,https://staging.lacuisinedebernard.com/tarta-de-cebolla
https://lacuisinedebernard.com/chinelos-de-amendoa,https://staging.lacuisinedebernard.com/chinelos-de-amendoa
https://lacuisinedebernard.com/chinelos-de-amendoa/,https://staging.lacuisinedebernard.com/chinelos-de-amendoa
https://www.lacuisinedebernard.com/chinelos-de-amendoa,https://staging.lacuisinedebernard.com/chinelos-de-amendoa
https://www.lacuisinedebernard.com/chinelos-de-amendoa/,https://staging.lacuisinedebernard.com/chinelos-de-amendoa
https://lacuisinedebernard.com/almond-slippers,https://staging.lacuisinedebernard.com/almond-slippers
https://lacuisinedebernard.com/almond-slippers/,https://staging.lacuisinedebernard.com/almond-slippers
https://www.lacuisinedebernard.com/almond-slippers,https://staging.lacuisinedebernard.com/almond-slippers
https://www.lacuisinedebernard.com/almond-slippers/,https://staging.lacuisinedebernard.com/almond-slippers
https://lacuisinedebernard.com/pao-de-queijo,https://staging.lacuisinedebernard.com/pao-de-queijo
https://lacuisinedebernard.com/pao-de-queijo/,https://staging.lacuisinedebernard.com/pao-de-queijo
https://www.lacuisinedebernard.com/pao-de-queijo,https://staging.lacuisinedebernard.com/pao-de-queijo
https://www.lacuisinedebernard.com/pao-de-queijo/,https://staging.lacuisinedebernard.com/pao-de-queijo
https://lacuisinedebernard.com/mexilhoes-frios-com-estragao,https://staging.lacuisinedebernard.com/mexilhoes-frios-com-estragao
https://lacuisinedebernard.com/mexilhoes-frios-com-estragao/,https://staging.lacuisinedebernard.com/mexilhoes-frios-com-estragao
https://www.lacuisinedebernard.com/mexilhoes-frios-com-estragao,https://staging.lacuisinedebernard.com/mexilhoes-frios-com-estragao
https://www.lacuisinedebernard.com/mexilhoes-frios-com-estragao/,https://staging.lacuisinedebernard.com/mexilhoes-frios-com-estragao
https://lacuisinedebernard.com/mejillones-frios-con-estragon,https://staging.lacuisinedebernard.com/mejillones-frios-con-estragon
https://lacuisinedebernard.com/mejillones-frios-con-estragon/,https://staging.lacuisinedebernard.com/mejillones-frios-con-estragon
https://www.lacuisinedebernard.com/mejillones-frios-con-estragon,https://staging.lacuisinedebernard.com/mejillones-frios-con-estragon
https://www.lacuisinedebernard.com/mejillones-frios-con-estragon/,https://staging.lacuisinedebernard.com/mejillones-frios-con-estragon
https://lacuisinedebernard.com/%d9%86%d8%b9%d8%a7%d9%84-%d8%a7%d9%84%d9%84%d9%88%d8%b2,https://staging.lacuisinedebernard.com/%d9%86%d8%b9%d8%a7%d9%84-%d8%a7%d9%84%d9%84%d9%88%d8%b2
https://lacuisinedebernard.com/%d9%86%d8%b9%d8%a7%d9%84-%d8%a7%d9%84%d9%84%d9%88%d8%b2/,https://staging.lacuisinedebernard.com/%d9%86%d8%b9%d8%a7%d9%84-%d8%a7%d9%84%d9%84%d9%88%d8%b2
https://www.lacuisinedebernard.com/%d9%86%d8%b9%d8%a7%d9%84-%d8%a7%d9%84%d9%84%d9%88%d8%b2,https://staging.lacuisinedebernard.com/%d9%86%d8%b9%d8%a7%d9%84-%d8%a7%d9%84%d9%84%d9%88%d8%b2
https://www.lacuisinedebernard.com/%d9%86%d8%b9%d8%a7%d9%84-%d8%a7%d9%84%d9%84%d9%88%d8%b2/,https://staging.lacuisinedebernard.com/%d9%86%d8%b9%d8%a7%d9%84-%d8%a7%d9%84%d9%84%d9%88%d8%b2
https://lacuisinedebernard.com/cold-mussels-with-tarragon,https://staging.lacuisinedebernard.com/cold-mussels-with-tarragon
https://lacuisinedebernard.com/cold-mussels-with-tarragon/,https://staging.lacuisinedebernard.com/cold-mussels-with-tarragon
https://www.lacuisinedebernard.com/cold-mussels-with-tarragon,https://staging.lacuisinedebernard.com/cold-mussels-with-tarragon
https://www.lacuisinedebernard.com/cold-mussels-with-tarragon/,https://staging.lacuisinedebernard.com/cold-mussels-with-tarragon
https://lacuisinedebernard.com/siu-mai-of-guangzhou,https://staging.lacuisinedebernard.com/siu-mai-of-guangzhou
https://lacuisinedebernard.com/siu-mai-of-guangzhou/,https://staging.lacuisinedebernard.com/siu-mai-of-guangzhou
https://www.lacuisinedebernard.com/siu-mai-of-guangzhou,https://staging.lacuisinedebernard.com/siu-mai-of-guangzhou
https://www.lacuisinedebernard.com/siu-mai-of-guangzhou/,https://staging.lacuisinedebernard.com/siu-mai-of-guangzhou
https://lacuisinedebernard.com/%d8%a8%d8%a7%d9%88-%d8%af%d9%8a-%d9%83%d9%88%d9%8a%d8%ac%d9%88,https://staging.lacuisinedebernard.com/%d8%a8%d8%a7%d9%88-%d8%af%d9%8a-%d9%83%d9%88%d9%8a%d8%ac%d9%88
https://lacuisinedebernard.com/%d8%a8%d8%a7%d9%88-%d8%af%d9%8a-%d9%83%d9%88%d9%8a%d8%ac%d9%88/,https://staging.lacuisinedebernard.com/%d8%a8%d8%a7%d9%88-%d8%af%d9%8a-%d9%83%d9%88%d9%8a%d8%ac%d9%88
https://www.lacuisinedebernard.com/%d8%a8%d8%a7%d9%88-%d8%af%d9%8a-%d9%83%d9%88%d9%8a%d8%ac%d9%88,https://staging.lacuisinedebernard.com/%d8%a8%d8%a7%d9%88-%d8%af%d9%8a-%d9%83%d9%88%d9%8a%d8%ac%d9%88
https://www.lacuisinedebernard.com/%d8%a8%d8%a7%d9%88-%d8%af%d9%8a-%d9%83%d9%88%d9%8a%d8%ac%d9%88/,https://staging.lacuisinedebernard.com/%d8%a8%d8%a7%d9%88-%d8%af%d9%8a-%d9%83%d9%88%d9%8a%d8%ac%d9%88
https://lacuisinedebernard.com/%d8%b3%d9%8a%d9%88-%d9%85%d8%a7%d9%8a-%d9%85%d9%86-%d9%82%d9%88%d8%a7%d9%86%d8%ba%d8%aa%d8%b4%d9%88,https://staging.lacuisinedebernard.com/%d8%b3%d9%8a%d9%88-%d9%85%d8%a7%d9%8a-%d9%85%d9%86-%d9%82%d9%88%d8%a7%d9%86%d8%ba%d8%aa%d8%b4%d9%88
https://lacuisinedebernard.com/%d8%b3%d9%8a%d9%88-%d9%85%d8%a7%d9%8a-%d9%85%d9%86-%d9%82%d9%88%d8%a7%d9%86%d8%ba%d8%aa%d8%b4%d9%88/,https://staging.lacuisinedebernard.com/%d8%b3%d9%8a%d9%88-%d9%85%d8%a7%d9%8a-%d9%85%d9%86-%d9%82%d9%88%d8%a7%d9%86%d8%ba%d8%aa%d8%b4%d9%88
https://www.lacuisinedebernard.com/%d8%b3%d9%8a%d9%88-%d9%85%d8%a7%d9%8a-%d9%85%d9%86-%d9%82%d9%88%d8%a7%d9%86%d8%ba%d8%aa%d8%b4%d9%88,https://staging.lacuisinedebernard.com/%d8%b3%d9%8a%d9%88-%d9%85%d8%a7%d9%8a-%d9%85%d9%86-%d9%82%d9%88%d8%a7%d9%86%d8%ba%d8%aa%d8%b4%d9%88
https://www.lacuisinedebernard.com/%d8%b3%d9%8a%d9%88-%d9%85%d8%a7%d9%8a-%d9%85%d9%86-%d9%82%d9%88%d8%a7%d9%86%d8%ba%d8%aa%d8%b4%d9%88/,https://staging.lacuisinedebernard.com/%d8%b3%d9%8a%d9%88-%d9%85%d8%a7%d9%8a-%d9%85%d9%86-%d9%82%d9%88%d8%a7%d9%86%d8%ba%d8%aa%d8%b4%d9%88
https://lacuisinedebernard.com/patacones,https://staging.lacuisinedebernard.com/patacones
https://lacuisinedebernard.com/patacones/,https://staging.lacuisinedebernard.com/patacones
https://www.lacuisinedebernard.com/patacones,https://staging.lacuisinedebernard.com/patacones
https://www.lacuisinedebernard.com/patacones/,https://staging.lacuisinedebernard.com/patacones
https://lacuisinedebernard.com/arroz-com-coco,https://staging.lacuisinedebernard.com/arroz-com-coco
https://lacuisinedebernard.com/arroz-com-coco/,https://staging.lacuisinedebernard.com/arroz-com-coco
https://www.lacuisinedebernard.com/arroz-com-coco,https://staging.lacuisinedebernard.com/arroz-com-coco
https://www.lacuisinedebernard.com/arroz-com-coco/,https://staging.lacuisinedebernard.com/arroz-com-coco
https://lacuisinedebernard.com/arroz-con-coco,https://staging.lacuisinedebernard.com/arroz-con-coco
https://lacuisinedebernard.com/arroz-con-coco/,https://staging.lacuisinedebernard.com/arroz-con-coco
https://www.lacuisinedebernard.com/arroz-con-coco,https://staging.lacuisinedebernard.com/arroz-con-coco
https://www.lacuisinedebernard.com/arroz-con-coco/,https://staging.lacuisinedebernard.com/arroz-con-coco
https://lacuisinedebernard.com/rice-with-coconut,https://staging.lacuisinedebernard.com/rice-with-coconut
https://lacuisinedebernard.com/rice-with-coconut/,https://staging.lacuisinedebernard.com/rice-with-coconut
https://www.lacuisinedebernard.com/rice-with-coconut,https://staging.lacuisinedebernard.com/rice-with-coconut
https://www.lacuisinedebernard.com/rice-with-coconut/,https://staging.lacuisinedebernard.com/rice-with-coconut
https://lacuisinedebernard.com/%d8%a8%d8%a7%d8%aa%d8%a7%d9%83%d9%88%d9%86%d8%b2,https://staging.lacuisinedebernard.com/%d8%a8%d8%a7%d8%aa%d8%a7%d9%83%d9%88%d9%86%d8%b2
https://lacuisinedebernard.com/%d8%a8%d8%a7%d8%aa%d8%a7%d9%83%d9%88%d9%86%d8%b2/,https://staging.lacuisinedebernard.com/%d8%a8%d8%a7%d8%aa%d8%a7%d9%83%d9%88%d9%86%d8%b2
https://www.lacuisinedebernard.com/%d8%a8%d8%a7%d8%aa%d8%a7%d9%83%d9%88%d9%86%d8%b2,https://staging.lacuisinedebernard.com/%d8%a8%d8%a7%d8%aa%d8%a7%d9%83%d9%88%d9%86%d8%b2
https://www.lacuisinedebernard.com/%d8%a8%d8%a7%d8%aa%d8%a7%d9%83%d9%88%d9%86%d8%b2/,https://staging.lacuisinedebernard.com/%d8%a8%d8%a7%d8%aa%d8%a7%d9%83%d9%88%d9%86%d8%b2
https://lacuisinedebernard.com/%d8%a8%d9%84%d8%ad-%d8%a7%d9%84%d8%a8%d8%ad%d8%b1-%d8%a7%d9%84%d8%a8%d8%a7%d8%b1%d8%af-%d9%85%d8%b9-%d8%a7%d9%84%d8%b7%d8%b1%d8%ae%d9%88%d9%86,https://staging.lacuisinedebernard.com/%d8%a8%d9%84%d8%ad-%d8%a7%d9%84%d8%a8%d8%ad%d8%b1-%d8%a7%d9%84%d8%a8%d8%a7%d8%b1%d8%af-%d9%85%d8%b9-%d8%a7%d9%84%d8%b7%d8%b1%d8%ae%d9%88%d9%86
https://lacuisinedebernard.com/%d8%a8%d9%84%d8%ad-%d8%a7%d9%84%d8%a8%d8%ad%d8%b1-%d8%a7%d9%84%d8%a8%d8%a7%d8%b1%d8%af-%d9%85%d8%b9-%d8%a7%d9%84%d8%b7%d8%b1%d8%ae%d9%88%d9%86/,https://staging.lacuisinedebernard.com/%d8%a8%d9%84%d8%ad-%d8%a7%d9%84%d8%a8%d8%ad%d8%b1-%d8%a7%d9%84%d8%a8%d8%a7%d8%b1%d8%af-%d9%85%d8%b9-%d8%a7%d9%84%d8%b7%d8%b1%d8%ae%d9%88%d9%86
https://www.lacuisinedebernard.com/%d8%a8%d9%84%d8%ad-%d8%a7%d9%84%d8%a8%d8%ad%d8%b1-%d8%a7%d9%84%d8%a8%d8%a7%d8%b1%d8%af-%d9%85%d8%b9-%d8%a7%d9%84%d8%b7%d8%b1%d8%ae%d9%88%d9%86,https://staging.lacuisinedebernard.com/%d8%a8%d9%84%d8%ad-%d8%a7%d9%84%d8%a8%d8%ad%d8%b1-%d8%a7%d9%84%d8%a8%d8%a7%d8%b1%d8%af-%d9%85%d8%b9-%d8%a7%d9%84%d8%b7%d8%b1%d8%ae%d9%88%d9%86
https://www.lacuisinedebernard.com/%d8%a8%d9%84%d8%ad-%d8%a7%d9%84%d8%a8%d8%ad%d8%b1-%d8%a7%d9%84%d8%a8%d8%a7%d8%b1%d8%af-%d9%85%d8%b9-%d8%a7%d9%84%d8%b7%d8%b1%d8%ae%d9%88%d9%86/,https://staging.lacuisinedebernard.com/%d8%a8%d9%84%d8%ad-%d8%a7%d9%84%d8%a8%d8%ad%d8%b1-%d8%a7%d9%84%d8%a8%d8%a7%d8%b1%d8%af-%d9%85%d8%b9-%d8%a7%d9%84%d8%b7%d8%b1%d8%ae%d9%88%d9%86
https://lacuisinedebernard.com/1o-festival-montrouge-commerces,https://staging.lacuisinedebernard.com/1o-festival-montrouge-commerces
https://lacuisinedebernard.com/1o-festival-montrouge-commerces/,https://staging.lacuisinedebernard.com/1o-festival-montrouge-commerces
https://www.lacuisinedebernard.com/1o-festival-montrouge-commerces,https://staging.lacuisinedebernard.com/1o-festival-montrouge-commerces
https://www.lacuisinedebernard.com/1o-festival-montrouge-commerces/,https://staging.lacuisinedebernard.com/1o-festival-montrouge-commerces
https://lacuisinedebernard.com/%d8%a7%d9%84%d9%85%d9%87%d8%b1%d8%ac%d8%a7%d9%86-%d8%a7%d9%84%d8%a3%d9%88%d9%84-%d9%84%d9%80-montrouge-commerces,https://staging.lacuisinedebernard.com/%d8%a7%d9%84%d9%85%d9%87%d8%b1%d8%ac%d8%a7%d9%86-%d8%a7%d9%84%d8%a3%d9%88%d9%84-%d9%84%d9%80-montrouge-commerces
https://lacuisinedebernard.com/%d8%a7%d9%84%d9%85%d9%87%d8%b1%d8%ac%d8%a7%d9%86-%d8%a7%d9%84%d8%a3%d9%88%d9%84-%d9%84%d9%80-montrouge-commerces/,https://staging.lacuisinedebernard.com/%d8%a7%d9%84%d9%85%d9%87%d8%b1%d8%ac%d8%a7%d9%86-%d8%a7%d9%84%d8%a3%d9%88%d9%84-%d9%84%d9%80-montrouge-commerces
https://www.lacuisinedebernard.com/%d8%a7%d9%84%d9%85%d9%87%d8%b1%d8%ac%d8%a7%d9%86-%d8%a7%d9%84%d8%a3%d9%88%d9%84-%d9%84%d9%80-montrouge-commerces,https://staging.lacuisinedebernard.com/%d8%a7%d9%84%d9%85%d9%87%d8%b1%d8%ac%d8%a7%d9%86-%d8%a7%d9%84%d8%a3%d9%88%d9%84-%d9%84%d9%80-montrouge-commerces
https://www.lacuisinedebernard.com/%d8%a7%d9%84%d9%85%d9%87%d8%b1%d8%ac%d8%a7%d9%86-%d8%a7%d9%84%d8%a3%d9%88%d9%84-%d9%84%d9%80-montrouge-commerces/,https://staging.lacuisinedebernard.com/%d8%a7%d9%84%d9%85%d9%87%d8%b1%d8%ac%d8%a7%d9%86-%d8%a7%d9%84%d8%a3%d9%88%d9%84-%d9%84%d9%80-montrouge-commerces
https://lacuisinedebernard.com/%d8%b1%d8%b2-%d8%a8%d8%ac%d9%88%d8%b2-%d8%a7%d9%84%d9%87%d9%86%d8%af,https://staging.lacuisinedebernard.com/%d8%b1%d8%b2-%d8%a8%d8%ac%d9%88%d8%b2-%d8%a7%d9%84%d9%87%d9%86%d8%af
https://lacuisinedebernard.com/%d8%b1%d8%b2-%d8%a8%d8%ac%d9%88%d8%b2-%d8%a7%d9%84%d9%87%d9%86%d8%af/,https://staging.lacuisinedebernard.com/%d8%b1%d8%b2-%d8%a8%d8%ac%d9%88%d8%b2-%d8%a7%d9%84%d9%87%d9%86%d8%af
https://www.lacuisinedebernard.com/%d8%b1%d8%b2-%d8%a8%d8%ac%d9%88%d8%b2-%d8%a7%d9%84%d9%87%d9%86%d8%af,https://staging.lacuisinedebernard.com/%d8%b1%d8%b2-%d8%a8%d8%ac%d9%88%d8%b2-%d8%a7%d9%84%d9%87%d9%86%d8%af
https://www.lacuisinedebernard.com/%d8%b1%d8%b2-%d8%a8%d8%ac%d9%88%d8%b2-%d8%a7%d9%84%d9%87%d9%86%d8%af/,https://staging.lacuisinedebernard.com/%d8%b1%d8%b2-%d8%a8%d8%ac%d9%88%d8%b2-%d8%a7%d9%84%d9%87%d9%86%d8%af
https://lacuisinedebernard.com/1er-festival-montrouge-commerces,https://staging.lacuisinedebernard.com/1er-festival-montrouge-commerces
https://lacuisinedebernard.com/1er-festival-montrouge-commerces/,https://staging.lacuisinedebernard.com/1er-festival-montrouge-commerces
https://www.lacuisinedebernard.com/1er-festival-montrouge-commerces,https://staging.lacuisinedebernard.com/1er-festival-montrouge-commerces
https://www.lacuisinedebernard.com/1er-festival-montrouge-commerces/,https://staging.lacuisinedebernard.com/1er-festival-montrouge-commerces
https://lacuisinedebernard.com/1st-montrouge-commerces-festival,https://staging.lacuisinedebernard.com/1st-montrouge-commerces-festival
https://lacuisinedebernard.com/1st-montrouge-commerces-festival/,https://staging.lacuisinedebernard.com/1st-montrouge-commerces-festival
https://www.lacuisinedebernard.com/1st-montrouge-commerces-festival,https://staging.lacuisinedebernard.com/1st-montrouge-commerces-festival
https://www.lacuisinedebernard.com/1st-montrouge-commerces-festival/,https://staging.lacuisinedebernard.com/1st-montrouge-commerces-festival
https://lacuisinedebernard.com/le-savarin-au-rhu,https://staging.lacuisinedebernard.com/le-savarin-au-rhu
https://lacuisinedebernard.com/le-savarin-au-rhu/,https://staging.lacuisinedebernard.com/le-savarin-au-rhu
https://www.lacuisinedebernard.com/le-savarin-au-rhu,https://staging.lacuisinedebernard.com/le-savarin-au-rhu
https://www.lacuisinedebernard.com/le-savarin-au-rhu/,https://staging.lacuisinedebernard.com/le-savarin-au-rhu
https://lacuisinedebernard.com/les-escargots-au-praline,https://staging.lacuisinedebernard.com/les-escargots-au-praline
https://lacuisinedebernard.com/les-escargots-au-praline/,https://staging.lacuisinedebernard.com/les-escargots-au-praline
https://www.lacuisinedebernard.com/les-escargots-au-praline,https://staging.lacuisinedebernard.com/les-escargots-au-praline
https://www.lacuisinedebernard.com/les-escargots-au-praline/,https://staging.lacuisinedebernard.com/les-escargots-au-praline
https://lacuisinedebernard.com/les-moelleux-aux-myrtilles,https://staging.lacuisinedebernard.com/les-moelleux-aux-myrtilles
https://lacuisinedebernard.com/les-moelleux-aux-myrtilles/,https://staging.lacuisinedebernard.com/les-moelleux-aux-myrtilles
https://www.lacuisinedebernard.com/les-moelleux-aux-myrtilles,https://staging.lacuisinedebernard.com/les-moelleux-aux-myrtilles
https://www.lacuisinedebernard.com/les-moelleux-aux-myrtilles/,https://staging.lacuisinedebernard.com/les-moelleux-aux-myrtilles
https://lacuisinedebernard.com/le-nougat-dur-chinois-aux-cacahuetes,https://staging.lacuisinedebernard.com/le-nougat-dur-chinois-aux-cacahuetes
https://lacuisinedebernard.com/le-nougat-dur-chinois-aux-cacahuetes/,https://staging.lacuisinedebernard.com/le-nougat-dur-chinois-aux-cacahuetes
https://www.lacuisinedebernard.com/le-nougat-dur-chinois-aux-cacahuetes,https://staging.lacuisinedebernard.com/le-nougat-dur-chinois-aux-cacahuetes
https://www.lacuisinedebernard.com/le-nougat-dur-chinois-aux-cacahuetes/,https://staging.lacuisinedebernard.com/le-nougat-dur-chinois-aux-cacahuetes
https://lacuisinedebernard.com/la-confiture-de-fraises,https://staging.lacuisinedebernard.com/la-confiture-de-fraises
https://lacuisinedebernard.com/la-confiture-de-fraises/,https://staging.lacuisinedebernard.com/la-confiture-de-fraises
https://www.lacuisinedebernard.com/la-confiture-de-fraises,https://staging.lacuisinedebernard.com/la-confiture-de-fraises
https://www.lacuisinedebernard.com/la-confiture-de-fraises/,https://staging.lacuisinedebernard.com/la-confiture-de-fraises
https://lacuisinedebernard.com/le-tiramisu-lorange-et-au-grand-marnier,https://staging.lacuisinedebernard.com/le-tiramisu-lorange-et-au-grand-marnier
https://lacuisinedebernard.com/le-tiramisu-lorange-et-au-grand-marnier/,https://staging.lacuisinedebernard.com/le-tiramisu-lorange-et-au-grand-marnier
https://www.lacuisinedebernard.com/le-tiramisu-lorange-et-au-grand-marnier,https://staging.lacuisinedebernard.com/le-tiramisu-lorange-et-au-grand-marnier
https://www.lacuisinedebernard.com/le-tiramisu-lorange-et-au-grand-marnier/,https://staging.lacuisinedebernard.com/le-tiramisu-lorange-et-au-grand-marnier
https://lacuisinedebernard.com/tofu-atsuage-miso-molho-de-gengibre-de-alho,https://staging.lacuisinedebernard.com/tofu-atsuage-miso-molho-de-gengibre-de-alho
https://lacuisinedebernard.com/tofu-atsuage-miso-molho-de-gengibre-de-alho/,https://staging.lacuisinedebernard.com/tofu-atsuage-miso-molho-de-gengibre-de-alho
https://www.lacuisinedebernard.com/tofu-atsuage-miso-molho-de-gengibre-de-alho,https://staging.lacuisinedebernard.com/tofu-atsuage-miso-molho-de-gengibre-de-alho
https://www.lacuisinedebernard.com/tofu-atsuage-miso-molho-de-gengibre-de-alho/,https://staging.lacuisinedebernard.com/tofu-atsuage-miso-molho-de-gengibre-de-alho
https://lacuisinedebernard.com/tofu-atsuage-salsa-de-miso-y-jengibre,https://staging.lacuisinedebernard.com/tofu-atsuage-salsa-de-miso-y-jengibre
https://lacuisinedebernard.com/tofu-atsuage-salsa-de-miso-y-jengibre/,https://staging.lacuisinedebernard.com/tofu-atsuage-salsa-de-miso-y-jengibre
https://www.lacuisinedebernard.com/tofu-atsuage-salsa-de-miso-y-jengibre,https://staging.lacuisinedebernard.com/tofu-atsuage-salsa-de-miso-y-jengibre
https://www.lacuisinedebernard.com/tofu-atsuage-salsa-de-miso-y-jengibre/,https://staging.lacuisinedebernard.com/tofu-atsuage-salsa-de-miso-y-jengibre
https://lacuisinedebernard.com/tofu-atsuage-miso-garlic-ginger-sauce,https://staging.lacuisinedebernard.com/tofu-atsuage-miso-garlic-ginger-sauce
https://lacuisinedebernard.com/tofu-atsuage-miso-garlic-ginger-sauce/,https://staging.lacuisinedebernard.com/tofu-atsuage-miso-garlic-ginger-sauce
https://www.lacuisinedebernard.com/tofu-atsuage-miso-garlic-ginger-sauce,https://staging.lacuisinedebernard.com/tofu-atsuage-miso-garlic-ginger-sauce
https://www.lacuisinedebernard.com/tofu-atsuage-miso-garlic-ginger-sauce/,https://staging.lacuisinedebernard.com/tofu-atsuage-miso-garlic-ginger-sauce
https://lacuisinedebernard.com/%d8%b5%d9%84%d8%b5%d8%a9-%d9%85%d9%8a%d8%b3%d9%88-%d8%aa%d9%88%d9%81%d9%88-%d8%a3%d8%aa%d8%b3%d9%88%d8%ac-%d8%a8%d8%a7%d9%84%d8%ab%d9%88%d9%85-%d9%88%d8%a7%d9%84%d8%b2%d9%86%d8%ac%d8%a8%d9%8a%d9%84,https://staging.lacuisinedebernard.com/%d8%b5%d9%84%d8%b5%d8%a9-%d9%85%d9%8a%d8%b3%d9%88-%d8%aa%d9%88%d9%81%d9%88-%d8%a3%d8%aa%d8%b3%d9%88%d8%ac-%d8%a8%d8%a7%d9%84%d8%ab%d9%88%d9%85-%d9%88%d8%a7%d9%84%d8%b2%d9%86%d8%ac%d8%a8%d9%8a%d9%84
https://lacuisinedebernard.com/%d8%b5%d9%84%d8%b5%d8%a9-%d9%85%d9%8a%d8%b3%d9%88-%d8%aa%d9%88%d9%81%d9%88-%d8%a3%d8%aa%d8%b3%d9%88%d8%ac-%d8%a8%d8%a7%d9%84%d8%ab%d9%88%d9%85-%d9%88%d8%a7%d9%84%d8%b2%d9%86%d8%ac%d8%a8%d9%8a%d9%84/,https://staging.lacuisinedebernard.com/%d8%b5%d9%84%d8%b5%d8%a9-%d9%85%d9%8a%d8%b3%d9%88-%d8%aa%d9%88%d9%81%d9%88-%d8%a3%d8%aa%d8%b3%d9%88%d8%ac-%d8%a8%d8%a7%d9%84%d8%ab%d9%88%d9%85-%d9%88%d8%a7%d9%84%d8%b2%d9%86%d8%ac%d8%a8%d9%8a%d9%84
https://www.lacuisinedebernard.com/%d8%b5%d9%84%d8%b5%d8%a9-%d9%85%d9%8a%d8%b3%d9%88-%d8%aa%d9%88%d9%81%d9%88-%d8%a3%d8%aa%d8%b3%d9%88%d8%ac-%d8%a8%d8%a7%d9%84%d8%ab%d9%88%d9%85-%d9%88%d8%a7%d9%84%d8%b2%d9%86%d8%ac%d8%a8%d9%8a%d9%84,https://staging.lacuisinedebernard.com/%d8%b5%d9%84%d8%b5%d8%a9-%d9%85%d9%8a%d8%b3%d9%88-%d8%aa%d9%88%d9%81%d9%88-%d8%a3%d8%aa%d8%b3%d9%88%d8%ac-%d8%a8%d8%a7%d9%84%d8%ab%d9%88%d9%85-%d9%88%d8%a7%d9%84%d8%b2%d9%86%d8%ac%d8%a8%d9%8a%d9%84
https://www.lacuisinedebernard.com/%d8%b5%d9%84%d8%b5%d8%a9-%d9%85%d9%8a%d8%b3%d9%88-%d8%aa%d9%88%d9%81%d9%88-%d8%a3%d8%aa%d8%b3%d9%88%d8%ac-%d8%a8%d8%a7%d9%84%d8%ab%d9%88%d9%85-%d9%88%d8%a7%d9%84%d8%b2%d9%86%d8%ac%d8%a8%d9%8a%d9%84/,https://staging.lacuisinedebernard.com/%d8%b5%d9%84%d8%b5%d8%a9-%d9%85%d9%8a%d8%b3%d9%88-%d8%aa%d9%88%d9%81%d9%88-%d8%a3%d8%aa%d8%b3%d9%88%d8%ac-%d8%a8%d8%a7%d9%84%d8%ab%d9%88%d9%85-%d9%88%d8%a7%d9%84%d8%b2%d9%86%d8%ac%d8%a8%d9%8a%d9%84
https://lacuisinedebernard.com/tofu-atsuage-sauce-miso-ail-gingembre,https://staging.lacuisinedebernard.com/tofu-atsuage-sauce-miso-ail-gingembre
https://lacuisinedebernard.com/tofu-atsuage-sauce-miso-ail-gingembre/,https://staging.lacuisinedebernard.com/tofu-atsuage-sauce-miso-ail-gingembre
https://www.lacuisinedebernard.com/tofu-atsuage-sauce-miso-ail-gingembre,https://staging.lacuisinedebernard.com/tofu-atsuage-sauce-miso-ail-gingembre
https://www.lacuisinedebernard.com/tofu-atsuage-sauce-miso-ail-gingembre/,https://staging.lacuisinedebernard.com/tofu-atsuage-sauce-miso-ail-gingembre
https://lacuisinedebernard.com/ensalada-de-pollo-y-naranja,https://staging.lacuisinedebernard.com/ensalada-de-pollo-y-naranja
https://lacuisinedebernard.com/ensalada-de-pollo-y-naranja/,https://staging.lacuisinedebernard.com/ensalada-de-pollo-y-naranja
https://www.lacuisinedebernard.com/ensalada-de-pollo-y-naranja,https://staging.lacuisinedebernard.com/ensalada-de-pollo-y-naranja
https://www.lacuisinedebernard.com/ensalada-de-pollo-y-naranja/,https://staging.lacuisinedebernard.com/ensalada-de-pollo-y-naranja
https://lacuisinedebernard.com/chicken-and-orange-salad,https://staging.lacuisinedebernard.com/chicken-and-orange-salad
https://lacuisinedebernard.com/chicken-and-orange-salad/,https://staging.lacuisinedebernard.com/chicken-and-orange-salad
https://www.lacuisinedebernard.com/chicken-and-orange-salad,https://staging.lacuisinedebernard.com/chicken-and-orange-salad
https://www.lacuisinedebernard.com/chicken-and-orange-salad/,https://staging.lacuisinedebernard.com/chicken-and-orange-salad
https://lacuisinedebernard.com/salada-de-frango-e-laranja,https://staging.lacuisinedebernard.com/salada-de-frango-e-laranja
https://lacuisinedebernard.com/salada-de-frango-e-laranja/,https://staging.lacuisinedebernard.com/salada-de-frango-e-laranja
https://www.lacuisinedebernard.com/salada-de-frango-e-laranja,https://staging.lacuisinedebernard.com/salada-de-frango-e-laranja
https://www.lacuisinedebernard.com/salada-de-frango-e-laranja/,https://staging.lacuisinedebernard.com/salada-de-frango-e-laranja
https://lacuisinedebernard.com/%d8%b3%d9%84%d8%b7%d8%a9-%d8%af%d8%ac%d8%a7%d8%ac-%d9%88-%d8%a8%d8%b1%d8%aa%d9%82%d8%a7%d9%84,https://staging.lacuisinedebernard.com/%d8%b3%d9%84%d8%b7%d8%a9-%d8%af%d8%ac%d8%a7%d8%ac-%d9%88-%d8%a8%d8%b1%d8%aa%d9%82%d8%a7%d9%84
https://lacuisinedebernard.com/%d8%b3%d9%84%d8%b7%d8%a9-%d8%af%d8%ac%d8%a7%d8%ac-%d9%88-%d8%a8%d8%b1%d8%aa%d9%82%d8%a7%d9%84/,https://staging.lacuisinedebernard.com/%d8%b3%d9%84%d8%b7%d8%a9-%d8%af%d8%ac%d8%a7%d8%ac-%d9%88-%d8%a8%d8%b1%d8%aa%d9%82%d8%a7%d9%84
https://www.lacuisinedebernard.com/%d8%b3%d9%84%d8%b7%d8%a9-%d8%af%d8%ac%d8%a7%d8%ac-%d9%88-%d8%a8%d8%b1%d8%aa%d9%82%d8%a7%d9%84,https://staging.lacuisinedebernard.com/%d8%b3%d9%84%d8%b7%d8%a9-%d8%af%d8%ac%d8%a7%d8%ac-%d9%88-%d8%a8%d8%b1%d8%aa%d9%82%d8%a7%d9%84
https://www.lacuisinedebernard.com/%d8%b3%d9%84%d8%b7%d8%a9-%d8%af%d8%ac%d8%a7%d8%ac-%d9%88-%d8%a8%d8%b1%d8%aa%d9%82%d8%a7%d9%84/,https://staging.lacuisinedebernard.com/%d8%b3%d9%84%d8%b7%d8%a9-%d8%af%d8%ac%d8%a7%d8%ac-%d9%88-%d8%a8%d8%b1%d8%aa%d9%82%d8%a7%d9%84
https://lacuisinedebernard.com/%d9%85%d9%88%d9%86%d8%aa%d9%8a%d9%83%d8%a7%d9%88%d8%b3-%d8%af%d9%8a-%d9%81%d8%a7%d8%aa%d8%ad%d8%a9,https://staging.lacuisinedebernard.com/%d9%85%d9%88%d9%86%d8%aa%d9%8a%d9%83%d8%a7%d9%88%d8%b3-%d8%af%d9%8a-%d9%81%d8%a7%d8%aa%d8%ad%d8%a9
https://lacuisinedebernard.com/%d9%85%d9%88%d9%86%d8%aa%d9%8a%d9%83%d8%a7%d9%88%d8%b3-%d8%af%d9%8a-%d9%81%d8%a7%d8%aa%d8%ad%d8%a9/,https://staging.lacuisinedebernard.com/%d9%85%d9%88%d9%86%d8%aa%d9%8a%d9%83%d8%a7%d9%88%d8%b3-%d8%af%d9%8a-%d9%81%d8%a7%d8%aa%d8%ad%d8%a9
https://www.lacuisinedebernard.com/%d9%85%d9%88%d9%86%d8%aa%d9%8a%d9%83%d8%a7%d9%88%d8%b3-%d8%af%d9%8a-%d9%81%d8%a7%d8%aa%d8%ad%d8%a9,https://staging.lacuisinedebernard.com/%d9%85%d9%88%d9%86%d8%aa%d9%8a%d9%83%d8%a7%d9%88%d8%b3-%d8%af%d9%8a-%d9%81%d8%a7%d8%aa%d8%ad%d8%a9
https://www.lacuisinedebernard.com/%d9%85%d9%88%d9%86%d8%aa%d9%8a%d9%83%d8%a7%d9%88%d8%b3-%d8%af%d9%8a-%d9%81%d8%a7%d8%aa%d8%ad%d8%a9/,https://staging.lacuisinedebernard.com/%d9%85%d9%88%d9%86%d8%aa%d9%8a%d9%83%d8%a7%d9%88%d8%b3-%d8%af%d9%8a-%d9%81%d8%a7%d8%aa%d8%ad%d8%a9
https://lacuisinedebernard.com/mielats,https://staging.lacuisinedebernard.com/mielats
https://lacuisinedebernard.com/mielats/,https://staging.lacuisinedebernard.com/mielats
https://www.lacuisinedebernard.com/mielats,https://staging.lacuisinedebernard.com/mielats
https://www.lacuisinedebernard.com/mielats/,https://staging.lacuisinedebernard.com/mielats
https://lacuisinedebernard.com/muffins-de-chocolate-y-platano,https://staging.lacuisinedebernard.com/muffins-de-chocolate-y-platano
https://lacuisinedebernard.com/muffins-de-chocolate-y-platano/,https://staging.lacuisinedebernard.com/muffins-de-chocolate-y-platano
https://www.lacuisinedebernard.com/muffins-de-chocolate-y-platano,https://staging.lacuisinedebernard.com/muffins-de-chocolate-y-platano
https://www.lacuisinedebernard.com/muffins-de-chocolate-y-platano/,https://staging.lacuisinedebernard.com/muffins-de-chocolate-y-platano
https://lacuisinedebernard.com/tarte-tatin,https://staging.lacuisinedebernard.com/tarte-tatin
https://lacuisinedebernard.com/tarte-tatin/,https://staging.lacuisinedebernard.com/tarte-tatin
https://www.lacuisinedebernard.com/tarte-tatin,https://staging.lacuisinedebernard.com/tarte-tatin
https://www.lacuisinedebernard.com/tarte-tatin/,https://staging.lacuisinedebernard.com/tarte-tatin
https://lacuisinedebernard.com/st-nicholas-molded-speculoos,https://staging.lacuisinedebernard.com/st-nicholas-molded-speculoos
https://lacuisinedebernard.com/st-nicholas-molded-speculoos/,https://staging.lacuisinedebernard.com/st-nicholas-molded-speculoos
https://www.lacuisinedebernard.com/st-nicholas-molded-speculoos,https://staging.lacuisinedebernard.com/st-nicholas-molded-speculoos
https://www.lacuisinedebernard.com/st-nicholas-molded-speculoos/,https://staging.lacuisinedebernard.com/st-nicholas-molded-speculoos
https://lacuisinedebernard.com/walnut-brownies,https://staging.lacuisinedebernard.com/walnut-brownies
https://lacuisinedebernard.com/walnut-brownies/,https://staging.lacuisinedebernard.com/walnut-brownies
https://www.lacuisinedebernard.com/walnut-brownies,https://staging.lacuisinedebernard.com/walnut-brownies
https://www.lacuisinedebernard.com/walnut-brownies/,https://staging.lacuisinedebernard.com/walnut-brownies
https://lacuisinedebernard.com/baklawas-com-amendoas,https://staging.lacuisinedebernard.com/baklawas-com-amendoas
https://lacuisinedebernard.com/baklawas-com-amendoas/,https://staging.lacuisinedebernard.com/baklawas-com-amendoas
https://www.lacuisinedebernard.com/baklawas-com-amendoas,https://staging.lacuisinedebernard.com/baklawas-com-amendoas
https://www.lacuisinedebernard.com/baklawas-com-amendoas/,https://staging.lacuisinedebernard.com/baklawas-com-amendoas
https://lacuisinedebernard.com/%d8%a8%d8%b1%d8%a7%d9%88%d9%86%d9%8a%d8%b2-%d8%a7%d9%84%d8%ac%d9%88%d8%b2,https://staging.lacuisinedebernard.com/%d8%a8%d8%b1%d8%a7%d9%88%d9%86%d9%8a%d8%b2-%d8%a7%d9%84%d8%ac%d9%88%d8%b2
https://lacuisinedebernard.com/%d8%a8%d8%b1%d8%a7%d9%88%d9%86%d9%8a%d8%b2-%d8%a7%d9%84%d8%ac%d9%88%d8%b2/,https://staging.lacuisinedebernard.com/%d8%a8%d8%b1%d8%a7%d9%88%d9%86%d9%8a%d8%b2-%d8%a7%d9%84%d8%ac%d9%88%d8%b2
https://www.lacuisinedebernard.com/%d8%a8%d8%b1%d8%a7%d9%88%d9%86%d9%8a%d8%b2-%d8%a7%d9%84%d8%ac%d9%88%d8%b2,https://staging.lacuisinedebernard.com/%d8%a8%d8%b1%d8%a7%d9%88%d9%86%d9%8a%d8%b2-%d8%a7%d9%84%d8%ac%d9%88%d8%b2
https://www.lacuisinedebernard.com/%d8%a8%d8%b1%d8%a7%d9%88%d9%86%d9%8a%d8%b2-%d8%a7%d9%84%d8%ac%d9%88%d8%b2/,https://staging.lacuisinedebernard.com/%d8%a8%d8%b1%d8%a7%d9%88%d9%86%d9%8a%d8%b2-%d8%a7%d9%84%d8%ac%d9%88%d8%b2
https://lacuisinedebernard.com/%d8%a7%d9%84%d9%82%d8%af%d9%8a%d8%b3-%d9%86%d9%8a%d9%83%d9%88%d9%84%d8%a7%d8%b3-%d9%85%d8%b5%d8%a8%d9%88%d8%a8-%d8%b3%d8%a8%d9%8a%d9%83%d9%84%d9%88%d8%b3,https://staging.lacuisinedebernard.com/%d8%a7%d9%84%d9%82%d8%af%d9%8a%d8%b3-%d9%86%d9%8a%d9%83%d9%88%d9%84%d8%a7%d8%b3-%d9%85%d8%b5%d8%a8%d9%88%d8%a8-%d8%b3%d8%a8%d9%8a%d9%83%d9%84%d9%88%d8%b3
https://lacuisinedebernard.com/%d8%a7%d9%84%d9%82%d8%af%d9%8a%d8%b3-%d9%86%d9%8a%d9%83%d9%88%d9%84%d8%a7%d8%b3-%d9%85%d8%b5%d8%a8%d9%88%d8%a8-%d8%b3%d8%a8%d9%8a%d9%83%d9%84%d9%88%d8%b3/,https://staging.lacuisinedebernard.com/%d8%a7%d9%84%d9%82%d8%af%d9%8a%d8%b3-%d9%86%d9%8a%d9%83%d9%88%d9%84%d8%a7%d8%b3-%d9%85%d8%b5%d8%a8%d9%88%d8%a8-%d8%b3%d8%a8%d9%8a%d9%83%d9%84%d9%88%d8%b3
https://www.lacuisinedebernard.com/%d8%a7%d9%84%d9%82%d8%af%d9%8a%d8%b3-%d9%86%d9%8a%d9%83%d9%88%d9%84%d8%a7%d8%b3-%d9%85%d8%b5%d8%a8%d9%88%d8%a8-%d8%b3%d8%a8%d9%8a%d9%83%d9%84%d9%88%d8%b3,https://staging.lacuisinedebernard.com/%d8%a7%d9%84%d9%82%d8%af%d9%8a%d8%b3-%d9%86%d9%8a%d9%83%d9%88%d9%84%d8%a7%d8%b3-%d9%85%d8%b5%d8%a8%d9%88%d8%a8-%d8%b3%d8%a8%d9%8a%d9%83%d9%84%d9%88%d8%b3
https://www.lacuisinedebernard.com/%d8%a7%d9%84%d9%82%d8%af%d9%8a%d8%b3-%d9%86%d9%8a%d9%83%d9%88%d9%84%d8%a7%d8%b3-%d9%85%d8%b5%d8%a8%d9%88%d8%a8-%d8%b3%d8%a8%d9%8a%d9%83%d9%84%d9%88%d8%b3/,https://staging.lacuisinedebernard.com/%d8%a7%d9%84%d9%82%d8%af%d9%8a%d8%b3-%d9%86%d9%8a%d9%83%d9%88%d9%84%d8%a7%d8%b3-%d9%85%d8%b5%d8%a8%d9%88%d8%a8-%d8%b3%d8%a8%d9%8a%d9%83%d9%84%d9%88%d8%b3
https://lacuisinedebernard.com/muffins-de-banana-de-chocolate,https://staging.lacuisinedebernard.com/muffins-de-banana-de-chocolate
https://lacuisinedebernard.com/muffins-de-banana-de-chocolate/,https://staging.lacuisinedebernard.com/muffins-de-banana-de-chocolate
https://www.lacuisinedebernard.com/muffins-de-banana-de-chocolate,https://staging.lacuisinedebernard.com/muffins-de-banana-de-chocolate
https://www.lacuisinedebernard.com/muffins-de-banana-de-chocolate/,https://staging.lacuisinedebernard.com/muffins-de-banana-de-chocolate
https://lacuisinedebernard.com/%d8%a8%d9%82%d9%84%d8%a7%d9%88%d8%a9-%d8%a8%d8%a7%d9%84%d9%84%d9%88%d8%b2,https://staging.lacuisinedebernard.com/%d8%a8%d9%82%d9%84%d8%a7%d9%88%d8%a9-%d8%a8%d8%a7%d9%84%d9%84%d9%88%d8%b2
https://lacuisinedebernard.com/%d8%a8%d9%82%d9%84%d8%a7%d9%88%d8%a9-%d8%a8%d8%a7%d9%84%d9%84%d9%88%d8%b2/,https://staging.lacuisinedebernard.com/%d8%a8%d9%82%d9%84%d8%a7%d9%88%d8%a9-%d8%a8%d8%a7%d9%84%d9%84%d9%88%d8%b2
https://www.lacuisinedebernard.com/%d8%a8%d9%82%d9%84%d8%a7%d9%88%d8%a9-%d8%a8%d8%a7%d9%84%d9%84%d9%88%d8%b2,https://staging.lacuisinedebernard.com/%d8%a8%d9%82%d9%84%d8%a7%d9%88%d8%a9-%d8%a8%d8%a7%d9%84%d9%84%d9%88%d8%b2
https://www.lacuisinedebernard.com/%d8%a8%d9%82%d9%84%d8%a7%d9%88%d8%a9-%d8%a8%d8%a7%d9%84%d9%84%d9%88%d8%b2/,https://staging.lacuisinedebernard.com/%d8%a8%d9%82%d9%84%d8%a7%d9%88%d8%a9-%d8%a8%d8%a7%d9%84%d9%84%d9%88%d8%b2
https://lacuisinedebernard.com/nyiragongo,https://staging.lacuisinedebernard.com/nyiragongo
https://lacuisinedebernard.com/nyiragongo/,https://staging.lacuisinedebernard.com/nyiragongo
https://www.lacuisinedebernard.com/nyiragongo,https://staging.lacuisinedebernard.com/nyiragongo
https://www.lacuisinedebernard.com/nyiragongo/,https://staging.lacuisinedebernard.com/nyiragongo
https://lacuisinedebernard.com/%d8%aa%d8%a7%d8%b1%d8%aa-%d8%aa%d8%a3%d8%aa%d9%8a%d9%86,https://staging.lacuisinedebernard.com/%d8%aa%d8%a7%d8%b1%d8%aa-%d8%aa%d8%a3%d8%aa%d9%8a%d9%86
https://lacuisinedebernard.com/%d8%aa%d8%a7%d8%b1%d8%aa-%d8%aa%d8%a3%d8%aa%d9%8a%d9%86/,https://staging.lacuisinedebernard.com/%d8%aa%d8%a7%d8%b1%d8%aa-%d8%aa%d8%a3%d8%aa%d9%8a%d9%86
https://www.lacuisinedebernard.com/%d8%aa%d8%a7%d8%b1%d8%aa-%d8%aa%d8%a3%d8%aa%d9%8a%d9%86,https://staging.lacuisinedebernard.com/%d8%aa%d8%a7%d8%b1%d8%aa-%d8%aa%d8%a3%d8%aa%d9%8a%d9%86
https://www.lacuisinedebernard.com/%d8%aa%d8%a7%d8%b1%d8%aa-%d8%aa%d8%a3%d8%aa%d9%8a%d9%86/,https://staging.lacuisinedebernard.com/%d8%aa%d8%a7%d8%b1%d8%aa-%d8%aa%d8%a3%d8%aa%d9%8a%d9%86
https://lacuisinedebernard.com/montecaos-de-fatiha,https://staging.lacuisinedebernard.com/montecaos-de-fatiha
https://lacuisinedebernard.com/montecaos-de-fatiha/,https://staging.lacuisinedebernard.com/montecaos-de-fatiha
https://www.lacuisinedebernard.com/montecaos-de-fatiha,https://staging.lacuisinedebernard.com/montecaos-de-fatiha
https://www.lacuisinedebernard.com/montecaos-de-fatiha/,https://staging.lacuisinedebernard.com/montecaos-de-fatiha
https://lacuisinedebernard.com/chocolate-banana-muffins,https://staging.lacuisinedebernard.com/chocolate-banana-muffins
https://lacuisinedebernard.com/chocolate-banana-muffins/,https://staging.lacuisinedebernard.com/chocolate-banana-muffins
https://www.lacuisinedebernard.com/chocolate-banana-muffins,https://staging.lacuisinedebernard.com/chocolate-banana-muffins
https://www.lacuisinedebernard.com/chocolate-banana-muffins/,https://staging.lacuisinedebernard.com/chocolate-banana-muffins
https://lacuisinedebernard.com/%d9%85%d8%a7%d9%81%d9%86-%d8%a7%d9%84%d8%b4%d9%88%d9%83%d9%88%d9%84%d8%a7%d8%aa%d8%a9-%d9%88%d8%a7%d9%84%d9%85%d9%88%d8%b2,https://staging.lacuisinedebernard.com/%d9%85%d8%a7%d9%81%d9%86-%d8%a7%d9%84%d8%b4%d9%88%d9%83%d9%88%d9%84%d8%a7%d8%aa%d8%a9-%d9%88%d8%a7%d9%84%d9%85%d9%88%d8%b2
https://lacuisinedebernard.com/%d9%85%d8%a7%d9%81%d9%86-%d8%a7%d9%84%d8%b4%d9%88%d9%83%d9%88%d9%84%d8%a7%d8%aa%d8%a9-%d9%88%d8%a7%d9%84%d9%85%d9%88%d8%b2/,https://staging.lacuisinedebernard.com/%d9%85%d8%a7%d9%81%d9%86-%d8%a7%d9%84%d8%b4%d9%88%d9%83%d9%88%d9%84%d8%a7%d8%aa%d8%a9-%d9%88%d8%a7%d9%84%d9%85%d9%88%d8%b2
https://www.lacuisinedebernard.com/%d9%85%d8%a7%d9%81%d9%86-%d8%a7%d9%84%d8%b4%d9%88%d9%83%d9%88%d9%84%d8%a7%d8%aa%d8%a9-%d9%88%d8%a7%d9%84%d9%85%d9%88%d8%b2,https://staging.lacuisinedebernard.com/%d9%85%d8%a7%d9%81%d9%86-%d8%a7%d9%84%d8%b4%d9%88%d9%83%d9%88%d9%84%d8%a7%d8%aa%d8%a9-%d9%88%d8%a7%d9%84%d9%85%d9%88%d8%b2
https://www.lacuisinedebernard.com/%d9%85%d8%a7%d9%81%d9%86-%d8%a7%d9%84%d8%b4%d9%88%d9%83%d9%88%d9%84%d8%a7%d8%aa%d8%a9-%d9%88%d8%a7%d9%84%d9%85%d9%88%d8%b2/,https://staging.lacuisinedebernard.com/%d9%85%d8%a7%d9%81%d9%86-%d8%a7%d9%84%d8%b4%d9%88%d9%83%d9%88%d9%84%d8%a7%d8%aa%d8%a9-%d9%88%d8%a7%d9%84%d9%85%d9%88%d8%b2
https://lacuisinedebernard.com/especulos-moldeados-de-san-nicolas,https://staging.lacuisinedebernard.com/especulos-moldeados-de-san-nicolas
https://lacuisinedebernard.com/especulos-moldeados-de-san-nicolas/,https://staging.lacuisinedebernard.com/especulos-moldeados-de-san-nicolas
https://www.lacuisinedebernard.com/especulos-moldeados-de-san-nicolas,https://staging.lacuisinedebernard.com/especulos-moldeados-de-san-nicolas
https://www.lacuisinedebernard.com/especulos-moldeados-de-san-nicolas/,https://staging.lacuisinedebernard.com/especulos-moldeados-de-san-nicolas
https://lacuisinedebernard.com/brownies-con-nueces,https://staging.lacuisinedebernard.com/brownies-con-nueces
https://lacuisinedebernard.com/brownies-con-nueces/,https://staging.lacuisinedebernard.com/brownies-con-nueces
https://www.lacuisinedebernard.com/brownies-con-nueces,https://staging.lacuisinedebernard.com/brownies-con-nueces
https://www.lacuisinedebernard.com/brownies-con-nueces/,https://staging.lacuisinedebernard.com/brownies-con-nueces
https://lacuisinedebernard.com/%d8%a7%d9%84%d9%85%d9%86,https://staging.lacuisinedebernard.com/%d8%a7%d9%84%d9%85%d9%86
https://lacuisinedebernard.com/%d8%a7%d9%84%d9%85%d9%86/,https://staging.lacuisinedebernard.com/%d8%a7%d9%84%d9%85%d9%86
https://www.lacuisinedebernard.com/%d8%a7%d9%84%d9%85%d9%86,https://staging.lacuisinedebernard.com/%d8%a7%d9%84%d9%85%d9%86
https://www.lacuisinedebernard.com/%d8%a7%d9%84%d9%85%d9%86/,https://staging.lacuisinedebernard.com/%d8%a7%d9%84%d9%85%d9%86
https://lacuisinedebernard.com/sao-nicolau-moldou-os-especulos,https://staging.lacuisinedebernard.com/sao-nicolau-moldou-os-especulos
https://lacuisinedebernard.com/sao-nicolau-moldou-os-especulos/,https://staging.lacuisinedebernard.com/sao-nicolau-moldou-os-especulos
https://www.lacuisinedebernard.com/sao-nicolau-moldou-os-especulos,https://staging.lacuisinedebernard.com/sao-nicolau-moldou-os-especulos
https://www.lacuisinedebernard.com/sao-nicolau-moldou-os-especulos/,https://staging.lacuisinedebernard.com/sao-nicolau-moldou-os-especulos
https://lacuisinedebernard.com/%d9%85%d8%b9%d8%ac%d9%86%d8%a7%d8%aa-%d9%86%d9%81%d8%ae%d8%a9-%d9%85%d8%b9%d9%83%d9%88%d8%b3%d8%a9,https://staging.lacuisinedebernard.com/%d9%85%d8%b9%d8%ac%d9%86%d8%a7%d8%aa-%d9%86%d9%81%d8%ae%d8%a9-%d9%85%d8%b9%d9%83%d9%88%d8%b3%d8%a9
https://lacuisinedebernard.com/%d9%85%d8%b9%d8%ac%d9%86%d8%a7%d8%aa-%d9%86%d9%81%d8%ae%d8%a9-%d9%85%d8%b9%d9%83%d9%88%d8%b3%d8%a9/,https://staging.lacuisinedebernard.com/%d9%85%d8%b9%d8%ac%d9%86%d8%a7%d8%aa-%d9%86%d9%81%d8%ae%d8%a9-%d9%85%d8%b9%d9%83%d9%88%d8%b3%d8%a9
https://www.lacuisinedebernard.com/%d9%85%d8%b9%d8%ac%d9%86%d8%a7%d8%aa-%d9%86%d9%81%d8%ae%d8%a9-%d9%85%d8%b9%d9%83%d9%88%d8%b3%d8%a9,https://staging.lacuisinedebernard.com/%d9%85%d8%b9%d8%ac%d9%86%d8%a7%d8%aa-%d9%86%d9%81%d8%ae%d8%a9-%d9%85%d8%b9%d9%83%d9%88%d8%b3%d8%a9
https://www.lacuisinedebernard.com/%d9%85%d8%b9%d8%ac%d9%86%d8%a7%d8%aa-%d9%86%d9%81%d8%ae%d8%a9-%d9%85%d8%b9%d9%83%d9%88%d8%b3%d8%a9/,https://staging.lacuisinedebernard.com/%d9%85%d8%b9%d8%ac%d9%86%d8%a7%d8%aa-%d9%86%d9%81%d8%ae%d8%a9-%d9%85%d8%b9%d9%83%d9%88%d8%b3%d8%a9
https://lacuisinedebernard.com/montecaos-of-fatiha,https://staging.lacuisinedebernard.com/montecaos-of-fatiha
https://lacuisinedebernard.com/montecaos-of-fatiha/,https://staging.lacuisinedebernard.com/montecaos-of-fatiha
https://www.lacuisinedebernard.com/montecaos-of-fatiha,https://staging.lacuisinedebernard.com/montecaos-of-fatiha
https://www.lacuisinedebernard.com/montecaos-of-fatiha/,https://staging.lacuisinedebernard.com/montecaos-of-fatiha
https://lacuisinedebernard.com/tarta-tatin,https://staging.lacuisinedebernard.com/tarta-tatin
https://lacuisinedebernard.com/tarta-tatin/,https://staging.lacuisinedebernard.com/tarta-tatin
https://www.lacuisinedebernard.com/tarta-tatin,https://staging.lacuisinedebernard.com/tarta-tatin
https://www.lacuisinedebernard.com/tarta-tatin/,https://staging.lacuisinedebernard.com/tarta-tatin
https://lacuisinedebernard.com/brownies-com-nozes,https://staging.lacuisinedebernard.com/brownies-com-nozes
https://lacuisinedebernard.com/brownies-com-nozes/,https://staging.lacuisinedebernard.com/brownies-com-nozes
https://www.lacuisinedebernard.com/brownies-com-nozes,https://staging.lacuisinedebernard.com/brownies-com-nozes
https://www.lacuisinedebernard.com/brownies-com-nozes/,https://staging.lacuisinedebernard.com/brownies-com-nozes
https://lacuisinedebernard.com/croissants-de-manteiga-pura,https://staging.lacuisinedebernard.com/croissants-de-manteiga-pura
https://lacuisinedebernard.com/croissants-de-manteiga-pura/,https://staging.lacuisinedebernard.com/croissants-de-manteiga-pura
https://www.lacuisinedebernard.com/croissants-de-manteiga-pura,https://staging.lacuisinedebernard.com/croissants-de-manteiga-pura
https://www.lacuisinedebernard.com/croissants-de-manteiga-pura/,https://staging.lacuisinedebernard.com/croissants-de-manteiga-pura
https://lacuisinedebernard.com/macarrones-de-chocolate-y-frambuesa,https://staging.lacuisinedebernard.com/macarrones-de-chocolate-y-frambuesa
https://lacuisinedebernard.com/macarrones-de-chocolate-y-frambuesa/,https://staging.lacuisinedebernard.com/macarrones-de-chocolate-y-frambuesa
https://www.lacuisinedebernard.com/macarrones-de-chocolate-y-frambuesa,https://staging.lacuisinedebernard.com/macarrones-de-chocolate-y-frambuesa
https://www.lacuisinedebernard.com/macarrones-de-chocolate-y-frambuesa/,https://staging.lacuisinedebernard.com/macarrones-de-chocolate-y-frambuesa
https://lacuisinedebernard.com/%d9%86%d9%8a%d8%b1%d8%a7%d8%ac%d9%88%d9%86%d8%ac%d9%88,https://staging.lacuisinedebernard.com/%d9%86%d9%8a%d8%b1%d8%a7%d8%ac%d9%88%d9%86%d8%ac%d9%88
https://lacuisinedebernard.com/%d9%86%d9%8a%d8%b1%d8%a7%d8%ac%d9%88%d9%86%d8%ac%d9%88/,https://staging.lacuisinedebernard.com/%d9%86%d9%8a%d8%b1%d8%a7%d8%ac%d9%88%d9%86%d8%ac%d9%88
https://www.lacuisinedebernard.com/%d9%86%d9%8a%d8%b1%d8%a7%d8%ac%d9%88%d9%86%d8%ac%d9%88,https://staging.lacuisinedebernard.com/%d9%86%d9%8a%d8%b1%d8%a7%d8%ac%d9%88%d9%86%d8%ac%d9%88
https://www.lacuisinedebernard.com/%d9%86%d9%8a%d8%b1%d8%a7%d8%ac%d9%88%d9%86%d8%ac%d9%88/,https://staging.lacuisinedebernard.com/%d9%86%d9%8a%d8%b1%d8%a7%d8%ac%d9%88%d9%86%d8%ac%d9%88
https://lacuisinedebernard.com/%d9%87%d9%88%d8%a8%d9%88%d8%a8%d8%b3,https://staging.lacuisinedebernard.com/%d9%87%d9%88%d8%a8%d9%88%d8%a8%d8%b3
https://lacuisinedebernard.com/%d9%87%d9%88%d8%a8%d9%88%d8%a8%d8%b3/,https://staging.lacuisinedebernard.com/%d9%87%d9%88%d8%a8%d9%88%d8%a8%d8%b3
https://www.lacuisinedebernard.com/%d9%87%d9%88%d8%a8%d9%88%d8%a8%d8%b3,https://staging.lacuisinedebernard.com/%d9%87%d9%88%d8%a8%d9%88%d8%a8%d8%b3
https://www.lacuisinedebernard.com/%d9%87%d9%88%d8%a8%d9%88%d8%a8%d8%b3/,https://staging.lacuisinedebernard.com/%d9%87%d9%88%d8%a8%d9%88%d8%a8%d8%b3
https://lacuisinedebernard.com/walnut-chocolates,https://staging.lacuisinedebernard.com/walnut-chocolates
https://lacuisinedebernard.com/walnut-chocolates/,https://staging.lacuisinedebernard.com/walnut-chocolates
https://www.lacuisinedebernard.com/walnut-chocolates,https://staging.lacuisinedebernard.com/walnut-chocolates
https://www.lacuisinedebernard.com/walnut-chocolates/,https://staging.lacuisinedebernard.com/walnut-chocolates
https://lacuisinedebernard.com/pan-de-molde-feuillantine,https://staging.lacuisinedebernard.com/pan-de-molde-feuillantine
https://lacuisinedebernard.com/pan-de-molde-feuillantine/,https://staging.lacuisinedebernard.com/pan-de-molde-feuillantine
https://www.lacuisinedebernard.com/pan-de-molde-feuillantine,https://staging.lacuisinedebernard.com/pan-de-molde-feuillantine
https://www.lacuisinedebernard.com/pan-de-molde-feuillantine/,https://staging.lacuisinedebernard.com/pan-de-molde-feuillantine
https://lacuisinedebernard.com/tarta-bourdaloue,https://staging.lacuisinedebernard.com/tarta-bourdaloue
https://lacuisinedebernard.com/tarta-bourdaloue/,https://staging.lacuisinedebernard.com/tarta-bourdaloue
https://www.lacuisinedebernard.com/tarta-bourdaloue,https://staging.lacuisinedebernard.com/tarta-bourdaloue
https://www.lacuisinedebernard.com/tarta-bourdaloue/,https://staging.lacuisinedebernard.com/tarta-bourdaloue
https://lacuisinedebernard.com/peach-and-pistachio-square-pie,https://staging.lacuisinedebernard.com/peach-and-pistachio-square-pie
https://lacuisinedebernard.com/peach-and-pistachio-square-pie/,https://staging.lacuisinedebernard.com/peach-and-pistachio-square-pie
https://www.lacuisinedebernard.com/peach-and-pistachio-square-pie,https://staging.lacuisinedebernard.com/peach-and-pistachio-square-pie
https://www.lacuisinedebernard.com/peach-and-pistachio-square-pie/,https://staging.lacuisinedebernard.com/peach-and-pistachio-square-pie
https://lacuisinedebernard.com/%d8%a7%d9%84%d8%b4%d9%88%d9%83%d9%88%d9%84%d8%a7%d8%aa%d8%a9-%d8%a8%d8%a7%d9%84%d8%a8%d9%86%d8%af%d9%82,https://staging.lacuisinedebernard.com/%d8%a7%d9%84%d8%b4%d9%88%d9%83%d9%88%d9%84%d8%a7%d8%aa%d8%a9-%d8%a8%d8%a7%d9%84%d8%a8%d9%86%d8%af%d9%82
https://lacuisinedebernard.com/%d8%a7%d9%84%d8%b4%d9%88%d9%83%d9%88%d9%84%d8%a7%d8%aa%d8%a9-%d8%a8%d8%a7%d9%84%d8%a8%d9%86%d8%af%d9%82/,https://staging.lacuisinedebernard.com/%d8%a7%d9%84%d8%b4%d9%88%d9%83%d9%88%d9%84%d8%a7%d8%aa%d8%a9-%d8%a8%d8%a7%d9%84%d8%a8%d9%86%d8%af%d9%82
https://www.lacuisinedebernard.com/%d8%a7%d9%84%d8%b4%d9%88%d9%83%d9%88%d9%84%d8%a7%d8%aa%d8%a9-%d8%a8%d8%a7%d9%84%d8%a8%d9%86%d8%af%d9%82,https://staging.lacuisinedebernard.com/%d8%a7%d9%84%d8%b4%d9%88%d9%83%d9%88%d9%84%d8%a7%d8%aa%d8%a9-%d8%a8%d8%a7%d9%84%d8%a8%d9%86%d8%af%d9%82
https://www.lacuisinedebernard.com/%d8%a7%d9%84%d8%b4%d9%88%d9%83%d9%88%d9%84%d8%a7%d8%aa%d8%a9-%d8%a8%d8%a7%d9%84%d8%a8%d9%86%d8%af%d9%82/,https://staging.lacuisinedebernard.com/%d8%a7%d9%84%d8%b4%d9%88%d9%83%d9%88%d9%84%d8%a7%d8%aa%d8%a9-%d8%a8%d8%a7%d9%84%d8%a8%d9%86%d8%af%d9%82
https://lacuisinedebernard.com/pure-butter-croissants,https://staging.lacuisinedebernard.com/pure-butter-croissants
https://lacuisinedebernard.com/pure-butter-croissants/,https://staging.lacuisinedebernard.com/pure-butter-croissants
https://www.lacuisinedebernard.com/pure-butter-croissants,https://staging.lacuisinedebernard.com/pure-butter-croissants
https://www.lacuisinedebernard.com/pure-butter-croissants/,https://staging.lacuisinedebernard.com/pure-butter-croissants
https://lacuisinedebernard.com/pao-curto-classico,https://staging.lacuisinedebernard.com/pao-curto-classico
https://lacuisinedebernard.com/pao-curto-classico/,https://staging.lacuisinedebernard.com/pao-curto-classico
https://www.lacuisinedebernard.com/pao-curto-classico,https://staging.lacuisinedebernard.com/pao-curto-classico
https://www.lacuisinedebernard.com/pao-curto-classico/,https://staging.lacuisinedebernard.com/pao-curto-classico
https://lacuisinedebernard.com/%d9%85%d8%a7%d9%83%d8%b1%d9%88%d9%86-%d8%a8%d8%a7%d9%84%d9%83%d8%b1%d8%a7%d9%85%d9%8a%d9%84-%d8%a7%d9%84%d9%85%d9%85%d9%84%d8%ad-%d8%a8%d8%a7%d9%84%d8%b2%d8%a8%d8%af%d8%a9,https://staging.lacuisinedebernard.com/%d9%85%d8%a7%d9%83%d8%b1%d9%88%d9%86-%d8%a8%d8%a7%d9%84%d9%83%d8%b1%d8%a7%d9%85%d9%8a%d9%84-%d8%a7%d9%84%d9%85%d9%85%d9%84%d8%ad-%d8%a8%d8%a7%d9%84%d8%b2%d8%a8%d8%af%d8%a9
https://lacuisinedebernard.com/%d9%85%d8%a7%d9%83%d8%b1%d9%88%d9%86-%d8%a8%d8%a7%d9%84%d9%83%d8%b1%d8%a7%d9%85%d9%8a%d9%84-%d8%a7%d9%84%d9%85%d9%85%d9%84%d8%ad-%d8%a8%d8%a7%d9%84%d8%b2%d8%a8%d8%af%d8%a9/,https://staging.lacuisinedebernard.com/%d9%85%d8%a7%d9%83%d8%b1%d9%88%d9%86-%d8%a8%d8%a7%d9%84%d9%83%d8%b1%d8%a7%d9%85%d9%8a%d9%84-%d8%a7%d9%84%d9%85%d9%85%d9%84%d8%ad-%d8%a8%d8%a7%d9%84%d8%b2%d8%a8%d8%af%d8%a9
https://www.lacuisinedebernard.com/%d9%85%d8%a7%d9%83%d8%b1%d9%88%d9%86-%d8%a8%d8%a7%d9%84%d9%83%d8%b1%d8%a7%d9%85%d9%8a%d9%84-%d8%a7%d9%84%d9%85%d9%85%d9%84%d8%ad-%d8%a8%d8%a7%d9%84%d8%b2%d8%a8%d8%af%d8%a9,https://staging.lacuisinedebernard.com/%d9%85%d8%a7%d9%83%d8%b1%d9%88%d9%86-%d8%a8%d8%a7%d9%84%d9%83%d8%b1%d8%a7%d9%85%d9%8a%d9%84-%d8%a7%d9%84%d9%85%d9%85%d9%84%d8%ad-%d8%a8%d8%a7%d9%84%d8%b2%d8%a8%d8%af%d8%a9
https://www.lacuisinedebernard.com/%d9%85%d8%a7%d9%83%d8%b1%d9%88%d9%86-%d8%a8%d8%a7%d9%84%d9%83%d8%b1%d8%a7%d9%85%d9%8a%d9%84-%d8%a7%d9%84%d9%85%d9%85%d9%84%d8%ad-%d8%a8%d8%a7%d9%84%d8%b2%d8%a8%d8%af%d8%a9/,https://staging.lacuisinedebernard.com/%d9%85%d8%a7%d9%83%d8%b1%d9%88%d9%86-%d8%a8%d8%a7%d9%84%d9%83%d8%b1%d8%a7%d9%85%d9%8a%d9%84-%d8%a7%d9%84%d9%85%d9%85%d9%84%d8%ad-%d8%a8%d8%a7%d9%84%d8%b2%d8%a8%d8%af%d8%a9
https://lacuisinedebernard.com/macaroons-de-chocolate-e-framboesa,https://staging.lacuisinedebernard.com/macaroons-de-chocolate-e-framboesa
https://lacuisinedebernard.com/macaroons-de-chocolate-e-framboesa/,https://staging.lacuisinedebernard.com/macaroons-de-chocolate-e-framboesa
https://www.lacuisinedebernard.com/macaroons-de-chocolate-e-framboesa,https://staging.lacuisinedebernard.com/macaroons-de-chocolate-e-framboesa
https://www.lacuisinedebernard.com/macaroons-de-chocolate-e-framboesa/,https://staging.lacuisinedebernard.com/macaroons-de-chocolate-e-framboesa
https://lacuisinedebernard.com/turron-de-montelimar,https://staging.lacuisinedebernard.com/turron-de-montelimar
https://lacuisinedebernard.com/turron-de-montelimar/,https://staging.lacuisinedebernard.com/turron-de-montelimar
https://www.lacuisinedebernard.com/turron-de-montelimar,https://staging.lacuisinedebernard.com/turron-de-montelimar
https://www.lacuisinedebernard.com/turron-de-montelimar/,https://staging.lacuisinedebernard.com/turron-de-montelimar
https://lacuisinedebernard.com/%d8%aa%d8%a7%d8%b1%d8%aa-%d8%a7%d9%84%d8%ae%d9%88%d8%ae-%d8%a7%d9%84%d9%85%d8%b1%d8%a8%d8%b9-%d9%88%d8%a7%d9%84%d9%81%d8%b3%d8%aa%d9%82,https://staging.lacuisinedebernard.com/%d8%aa%d8%a7%d8%b1%d8%aa-%d8%a7%d9%84%d8%ae%d9%88%d8%ae-%d8%a7%d9%84%d9%85%d8%b1%d8%a8%d8%b9-%d9%88%d8%a7%d9%84%d9%81%d8%b3%d8%aa%d9%82
https://lacuisinedebernard.com/%d8%aa%d8%a7%d8%b1%d8%aa-%d8%a7%d9%84%d8%ae%d9%88%d8%ae-%d8%a7%d9%84%d9%85%d8%b1%d8%a8%d8%b9-%d9%88%d8%a7%d9%84%d9%81%d8%b3%d8%aa%d9%82/,https://staging.lacuisinedebernard.com/%d8%aa%d8%a7%d8%b1%d8%aa-%d8%a7%d9%84%d8%ae%d9%88%d8%ae-%d8%a7%d9%84%d9%85%d8%b1%d8%a8%d8%b9-%d9%88%d8%a7%d9%84%d9%81%d8%b3%d8%aa%d9%82
https://www.lacuisinedebernard.com/%d8%aa%d8%a7%d8%b1%d8%aa-%d8%a7%d9%84%d8%ae%d9%88%d8%ae-%d8%a7%d9%84%d9%85%d8%b1%d8%a8%d8%b9-%d9%88%d8%a7%d9%84%d9%81%d8%b3%d8%aa%d9%82,https://staging.lacuisinedebernard.com/%d8%aa%d8%a7%d8%b1%d8%aa-%d8%a7%d9%84%d8%ae%d9%88%d8%ae-%d8%a7%d9%84%d9%85%d8%b1%d8%a8%d8%b9-%d9%88%d8%a7%d9%84%d9%81%d8%b3%d8%aa%d9%82
https://www.lacuisinedebernard.com/%d8%aa%d8%a7%d8%b1%d8%aa-%d8%a7%d9%84%d8%ae%d9%88%d8%ae-%d8%a7%d9%84%d9%85%d8%b1%d8%a8%d8%b9-%d9%88%d8%a7%d9%84%d9%81%d8%b3%d8%aa%d9%82/,https://staging.lacuisinedebernard.com/%d8%aa%d8%a7%d8%b1%d8%aa-%d8%a7%d9%84%d8%ae%d9%88%d8%ae-%d8%a7%d9%84%d9%85%d8%b1%d8%a8%d8%b9-%d9%88%d8%a7%d9%84%d9%81%d8%b3%d8%aa%d9%82
https://lacuisinedebernard.com/pao-curto-feuillantine,https://staging.lacuisinedebernard.com/pao-curto-feuillantine
https://lacuisinedebernard.com/pao-curto-feuillantine/,https://staging.lacuisinedebernard.com/pao-curto-feuillantine
https://www.lacuisinedebernard.com/pao-curto-feuillantine,https://staging.lacuisinedebernard.com/pao-curto-feuillantine
https://www.lacuisinedebernard.com/pao-curto-feuillantine/,https://staging.lacuisinedebernard.com/pao-curto-feuillantine
https://lacuisinedebernard.com/tiramisu-de-vainilla-con-frambuesas,https://staging.lacuisinedebernard.com/tiramisu-de-vainilla-con-frambuesas
https://lacuisinedebernard.com/tiramisu-de-vainilla-con-frambuesas/,https://staging.lacuisinedebernard.com/tiramisu-de-vainilla-con-frambuesas
https://www.lacuisinedebernard.com/tiramisu-de-vainilla-con-frambuesas,https://staging.lacuisinedebernard.com/tiramisu-de-vainilla-con-frambuesas
https://www.lacuisinedebernard.com/tiramisu-de-vainilla-con-frambuesas/,https://staging.lacuisinedebernard.com/tiramisu-de-vainilla-con-frambuesas
https://lacuisinedebernard.com/nougat-de-montelimar,https://staging.lacuisinedebernard.com/nougat-de-montelimar
https://lacuisinedebernard.com/nougat-de-montelimar/,https://staging.lacuisinedebernard.com/nougat-de-montelimar
https://www.lacuisinedebernard.com/nougat-de-montelimar,https://staging.lacuisinedebernard.com/nougat-de-montelimar
https://www.lacuisinedebernard.com/nougat-de-montelimar/,https://staging.lacuisinedebernard.com/nougat-de-montelimar
https://lacuisinedebernard.com/classic-shortbread,https://staging.lacuisinedebernard.com/classic-shortbread
https://lacuisinedebernard.com/classic-shortbread/,https://staging.lacuisinedebernard.com/classic-shortbread
https://www.lacuisinedebernard.com/classic-shortbread,https://staging.lacuisinedebernard.com/classic-shortbread
https://www.lacuisinedebernard.com/classic-shortbread/,https://staging.lacuisinedebernard.com/classic-shortbread
https://lacuisinedebernard.com/chocolate-raspberry-macaroons,https://staging.lacuisinedebernard.com/chocolate-raspberry-macaroons
https://lacuisinedebernard.com/chocolate-raspberry-macaroons/,https://staging.lacuisinedebernard.com/chocolate-raspberry-macaroons
https://www.lacuisinedebernard.com/chocolate-raspberry-macaroons,https://staging.lacuisinedebernard.com/chocolate-raspberry-macaroons
https://www.lacuisinedebernard.com/chocolate-raspberry-macaroons/,https://staging.lacuisinedebernard.com/chocolate-raspberry-macaroons
https://lacuisinedebernard.com/%d9%83%d8%b1%d9%88%d8%a7%d8%b3%d9%88%d9%86-%d8%b2%d8%a8%d8%af%d8%a9-%d9%86%d9%82%d9%8a%d8%a9,https://staging.lacuisinedebernard.com/%d9%83%d8%b1%d9%88%d8%a7%d8%b3%d9%88%d9%86-%d8%b2%d8%a8%d8%af%d8%a9-%d9%86%d9%82%d9%8a%d8%a9
https://lacuisinedebernard.com/%d9%83%d8%b1%d9%88%d8%a7%d8%b3%d9%88%d9%86-%d8%b2%d8%a8%d8%af%d8%a9-%d9%86%d9%82%d9%8a%d8%a9/,https://staging.lacuisinedebernard.com/%d9%83%d8%b1%d9%88%d8%a7%d8%b3%d9%88%d9%86-%d8%b2%d8%a8%d8%af%d8%a9-%d9%86%d9%82%d9%8a%d8%a9
https://www.lacuisinedebernard.com/%d9%83%d8%b1%d9%88%d8%a7%d8%b3%d9%88%d9%86-%d8%b2%d8%a8%d8%af%d8%a9-%d9%86%d9%82%d9%8a%d8%a9,https://staging.lacuisinedebernard.com/%d9%83%d8%b1%d9%88%d8%a7%d8%b3%d9%88%d9%86-%d8%b2%d8%a8%d8%af%d8%a9-%d9%86%d9%82%d9%8a%d8%a9
https://www.lacuisinedebernard.com/%d9%83%d8%b1%d9%88%d8%a7%d8%b3%d9%88%d9%86-%d8%b2%d8%a8%d8%af%d8%a9-%d9%86%d9%82%d9%8a%d8%a9/,https://staging.lacuisinedebernard.com/%d9%83%d8%b1%d9%88%d8%a7%d8%b3%d9%88%d9%86-%d8%b2%d8%a8%d8%af%d8%a9-%d9%86%d9%82%d9%8a%d8%a9
https://lacuisinedebernard.com/torta-de-bourdaloue,https://staging.lacuisinedebernard.com/torta-de-bourdaloue
https://lacuisinedebernard.com/torta-de-bourdaloue/,https://staging.lacuisinedebernard.com/torta-de-bourdaloue
https://www.lacuisinedebernard.com/torta-de-bourdaloue,https://staging.lacuisinedebernard.com/torta-de-bourdaloue
https://www.lacuisinedebernard.com/torta-de-bourdaloue/,https://staging.lacuisinedebernard.com/torta-de-bourdaloue
https://lacuisinedebernard.com/hobnobs,https://staging.lacuisinedebernard.com/hobnobs
https://lacuisinedebernard.com/hobnobs/,https://staging.lacuisinedebernard.com/hobnobs
https://www.lacuisinedebernard.com/hobnobs,https://staging.lacuisinedebernard.com/hobnobs
https://www.lacuisinedebernard.com/hobnobs/,https://staging.lacuisinedebernard.com/hobnobs
https://lacuisinedebernard.com/tiramisu-de-baunilha-com-framboesas,https://staging.lacuisinedebernard.com/tiramisu-de-baunilha-com-framboesas
https://lacuisinedebernard.com/tiramisu-de-baunilha-com-framboesas/,https://staging.lacuisinedebernard.com/tiramisu-de-baunilha-com-framboesas
https://www.lacuisinedebernard.com/tiramisu-de-baunilha-com-framboesas,https://staging.lacuisinedebernard.com/tiramisu-de-baunilha-com-framboesas
https://www.lacuisinedebernard.com/tiramisu-de-baunilha-com-framboesas/,https://staging.lacuisinedebernard.com/tiramisu-de-baunilha-com-framboesas
https://lacuisinedebernard.com/%d9%83%d9%84%d8%a7%d8%b3%d9%8a%d9%83-%d8%b4%d9%88%d8%b1%d8%aa%d8%a8%d8%b1%d9%8a%d8%af,https://staging.lacuisinedebernard.com/%d9%83%d9%84%d8%a7%d8%b3%d9%8a%d9%83-%d8%b4%d9%88%d8%b1%d8%aa%d8%a8%d8%b1%d9%8a%d8%af
https://lacuisinedebernard.com/%d9%83%d9%84%d8%a7%d8%b3%d9%8a%d9%83-%d8%b4%d9%88%d8%b1%d8%aa%d8%a8%d8%b1%d9%8a%d8%af/,https://staging.lacuisinedebernard.com/%d9%83%d9%84%d8%a7%d8%b3%d9%8a%d9%83-%d8%b4%d9%88%d8%b1%d8%aa%d8%a8%d8%b1%d9%8a%d8%af
https://www.lacuisinedebernard.com/%d9%83%d9%84%d8%a7%d8%b3%d9%8a%d9%83-%d8%b4%d9%88%d8%b1%d8%aa%d8%a8%d8%b1%d9%8a%d8%af,https://staging.lacuisinedebernard.com/%d9%83%d9%84%d8%a7%d8%b3%d9%8a%d9%83-%d8%b4%d9%88%d8%b1%d8%aa%d8%a8%d8%b1%d9%8a%d8%af
https://www.lacuisinedebernard.com/%d9%83%d9%84%d8%a7%d8%b3%d9%8a%d9%83-%d8%b4%d9%88%d8%b1%d8%aa%d8%a8%d8%b1%d9%8a%d8%af/,https://staging.lacuisinedebernard.com/%d9%83%d9%84%d8%a7%d8%b3%d9%8a%d9%83-%d8%b4%d9%88%d8%b1%d8%aa%d8%a8%d8%b1%d9%8a%d8%af
https://lacuisinedebernard.com/macarrones-de-mantequilla-salada-y-caramelo,https://staging.lacuisinedebernard.com/macarrones-de-mantequilla-salada-y-caramelo
https://lacuisinedebernard.com/macarrones-de-mantequilla-salada-y-caramelo/,https://staging.lacuisinedebernard.com/macarrones-de-mantequilla-salada-y-caramelo
https://www.lacuisinedebernard.com/macarrones-de-mantequilla-salada-y-caramelo,https://staging.lacuisinedebernard.com/macarrones-de-mantequilla-salada-y-caramelo
https://www.lacuisinedebernard.com/macarrones-de-mantequilla-salada-y-caramelo/,https://staging.lacuisinedebernard.com/macarrones-de-mantequilla-salada-y-caramelo
https://lacuisinedebernard.com/shortbread-feuillantine,https://staging.lacuisinedebernard.com/shortbread-feuillantine
https://lacuisinedebernard.com/shortbread-feuillantine/,https://staging.lacuisinedebernard.com/shortbread-feuillantine
https://www.lacuisinedebernard.com/shortbread-feuillantine,https://staging.lacuisinedebernard.com/shortbread-feuillantine
https://www.lacuisinedebernard.com/shortbread-feuillantine/,https://staging.lacuisinedebernard.com/shortbread-feuillantine
https://lacuisinedebernard.com/nougat-of-montelimar,https://staging.lacuisinedebernard.com/nougat-of-montelimar
https://lacuisinedebernard.com/nougat-of-montelimar/,https://staging.lacuisinedebernard.com/nougat-of-montelimar
https://www.lacuisinedebernard.com/nougat-of-montelimar,https://staging.lacuisinedebernard.com/nougat-of-montelimar
https://www.lacuisinedebernard.com/nougat-of-montelimar/,https://staging.lacuisinedebernard.com/nougat-of-montelimar
https://lacuisinedebernard.com/bourdaloue-pie,https://staging.lacuisinedebernard.com/bourdaloue-pie
https://lacuisinedebernard.com/bourdaloue-pie/,https://staging.lacuisinedebernard.com/bourdaloue-pie
https://www.lacuisinedebernard.com/bourdaloue-pie,https://staging.lacuisinedebernard.com/bourdaloue-pie
https://www.lacuisinedebernard.com/bourdaloue-pie/,https://staging.lacuisinedebernard.com/bourdaloue-pie
https://lacuisinedebernard.com/%d9%85%d8%a7%d9%83%d8%b1%d9%88%d9%86-%d8%b4%d9%88%d9%83%d9%88%d9%84%d8%a7%d8%aa%d8%a9-%d8%aa%d9%88%d8%aa-%d8%a7%d9%84%d8%b9%d9%84%d9%8a%d9%82,https://staging.lacuisinedebernard.com/%d9%85%d8%a7%d9%83%d8%b1%d9%88%d9%86-%d8%b4%d9%88%d9%83%d9%88%d9%84%d8%a7%d8%aa%d8%a9-%d8%aa%d9%88%d8%aa-%d8%a7%d9%84%d8%b9%d9%84%d9%8a%d9%82
https://lacuisinedebernard.com/%d9%85%d8%a7%d9%83%d8%b1%d9%88%d9%86-%d8%b4%d9%88%d9%83%d9%88%d9%84%d8%a7%d8%aa%d8%a9-%d8%aa%d9%88%d8%aa-%d8%a7%d9%84%d8%b9%d9%84%d9%8a%d9%82/,https://staging.lacuisinedebernard.com/%d9%85%d8%a7%d9%83%d8%b1%d9%88%d9%86-%d8%b4%d9%88%d9%83%d9%88%d9%84%d8%a7%d8%aa%d8%a9-%d8%aa%d9%88%d8%aa-%d8%a7%d9%84%d8%b9%d9%84%d9%8a%d9%82
https://www.lacuisinedebernard.com/%d9%85%d8%a7%d9%83%d8%b1%d9%88%d9%86-%d8%b4%d9%88%d9%83%d9%88%d9%84%d8%a7%d8%aa%d8%a9-%d8%aa%d9%88%d8%aa-%d8%a7%d9%84%d8%b9%d9%84%d9%8a%d9%82,https://staging.lacuisinedebernard.com/%d9%85%d8%a7%d9%83%d8%b1%d9%88%d9%86-%d8%b4%d9%88%d9%83%d9%88%d9%84%d8%a7%d8%aa%d8%a9-%d8%aa%d9%88%d8%aa-%d8%a7%d9%84%d8%b9%d9%84%d9%8a%d9%82
https://www.lacuisinedebernard.com/%d9%85%d8%a7%d9%83%d8%b1%d9%88%d9%86-%d8%b4%d9%88%d9%83%d9%88%d9%84%d8%a7%d8%aa%d8%a9-%d8%aa%d9%88%d8%aa-%d8%a7%d9%84%d8%b9%d9%84%d9%8a%d9%82/,https://staging.lacuisinedebernard.com/%d9%85%d8%a7%d9%83%d8%b1%d9%88%d9%86-%d8%b4%d9%88%d9%83%d9%88%d9%84%d8%a7%d8%aa%d8%a9-%d8%aa%d9%88%d8%aa-%d8%a7%d9%84%d8%b9%d9%84%d9%8a%d9%82
https://lacuisinedebernard.com/chocolates-de-nuez,https://staging.lacuisinedebernard.com/chocolates-de-nuez
https://lacuisinedebernard.com/chocolates-de-nuez/,https://staging.lacuisinedebernard.com/chocolates-de-nuez
https://www.lacuisinedebernard.com/chocolates-de-nuez,https://staging.lacuisinedebernard.com/chocolates-de-nuez
https://www.lacuisinedebernard.com/chocolates-de-nuez/,https://staging.lacuisinedebernard.com/chocolates-de-nuez
https://lacuisinedebernard.com/tarta-cuadrada-de-melocoton-y-pistacho,https://staging.lacuisinedebernard.com/tarta-cuadrada-de-melocoton-y-pistacho
https://lacuisinedebernard.com/tarta-cuadrada-de-melocoton-y-pistacho/,https://staging.lacuisinedebernard.com/tarta-cuadrada-de-melocoton-y-pistacho
https://www.lacuisinedebernard.com/tarta-cuadrada-de-melocoton-y-pistacho,https://staging.lacuisinedebernard.com/tarta-cuadrada-de-melocoton-y-pistacho
https://www.lacuisinedebernard.com/tarta-cuadrada-de-melocoton-y-pistacho/,https://staging.lacuisinedebernard.com/tarta-cuadrada-de-melocoton-y-pistacho
https://lacuisinedebernard.com/raspberry-vanilla-tiramisu,https://staging.lacuisinedebernard.com/raspberry-vanilla-tiramisu
https://lacuisinedebernard.com/raspberry-vanilla-tiramisu/,https://staging.lacuisinedebernard.com/raspberry-vanilla-tiramisu
https://www.lacuisinedebernard.com/raspberry-vanilla-tiramisu,https://staging.lacuisinedebernard.com/raspberry-vanilla-tiramisu
https://www.lacuisinedebernard.com/raspberry-vanilla-tiramisu/,https://staging.lacuisinedebernard.com/raspberry-vanilla-tiramisu
https://lacuisinedebernard.com/macaroons-de-manteiga-salgada-caramelo,https://staging.lacuisinedebernard.com/macaroons-de-manteiga-salgada-caramelo
https://lacuisinedebernard.com/macaroons-de-manteiga-salgada-caramelo/,https://staging.lacuisinedebernard.com/macaroons-de-manteiga-salgada-caramelo
https://www.lacuisinedebernard.com/macaroons-de-manteiga-salgada-caramelo,https://staging.lacuisinedebernard.com/macaroons-de-manteiga-salgada-caramelo
https://www.lacuisinedebernard.com/macaroons-de-manteiga-salgada-caramelo/,https://staging.lacuisinedebernard.com/macaroons-de-manteiga-salgada-caramelo
https://lacuisinedebernard.com/%d9%83%d8%b9%d9%83%d8%a9-%d8%a7%d9%84%d8%ba%d8%b1%d9%8a%d8%a8%d8%a9-feuillantine,https://staging.lacuisinedebernard.com/%d9%83%d8%b9%d9%83%d8%a9-%d8%a7%d9%84%d8%ba%d8%b1%d9%8a%d8%a8%d8%a9-feuillantine
https://lacuisinedebernard.com/%d9%83%d8%b9%d9%83%d8%a9-%d8%a7%d9%84%d8%ba%d8%b1%d9%8a%d8%a8%d8%a9-feuillantine/,https://staging.lacuisinedebernard.com/%d9%83%d8%b9%d9%83%d8%a9-%d8%a7%d9%84%d8%ba%d8%b1%d9%8a%d8%a8%d8%a9-feuillantine
https://www.lacuisinedebernard.com/%d9%83%d8%b9%d9%83%d8%a9-%d8%a7%d9%84%d8%ba%d8%b1%d9%8a%d8%a8%d8%a9-feuillantine,https://staging.lacuisinedebernard.com/%d9%83%d8%b9%d9%83%d8%a9-%d8%a7%d9%84%d8%ba%d8%b1%d9%8a%d8%a8%d8%a9-feuillantine
https://www.lacuisinedebernard.com/%d9%83%d8%b9%d9%83%d8%a9-%d8%a7%d9%84%d8%ba%d8%b1%d9%8a%d8%a8%d8%a9-feuillantine/,https://staging.lacuisinedebernard.com/%d9%83%d8%b9%d9%83%d8%a9-%d8%a7%d9%84%d8%ba%d8%b1%d9%8a%d8%a8%d8%a9-feuillantine
https://lacuisinedebernard.com/chocolates-de-nozes,https://staging.lacuisinedebernard.com/chocolates-de-nozes
https://lacuisinedebernard.com/chocolates-de-nozes/,https://staging.lacuisinedebernard.com/chocolates-de-nozes
https://www.lacuisinedebernard.com/chocolates-de-nozes,https://staging.lacuisinedebernard.com/chocolates-de-nozes
https://www.lacuisinedebernard.com/chocolates-de-nozes/,https://staging.lacuisinedebernard.com/chocolates-de-nozes
https://lacuisinedebernard.com/croissants-de-mantequilla-pura,https://staging.lacuisinedebernard.com/croissants-de-mantequilla-pura
https://lacuisinedebernard.com/croissants-de-mantequilla-pura/,https://staging.lacuisinedebernard.com/croissants-de-mantequilla-pura
https://www.lacuisinedebernard.com/croissants-de-mantequilla-pura,https://staging.lacuisinedebernard.com/croissants-de-mantequilla-pura
https://www.lacuisinedebernard.com/croissants-de-mantequilla-pura/,https://staging.lacuisinedebernard.com/croissants-de-mantequilla-pura
https://lacuisinedebernard.com/%d9%86%d9%88%d8%ac%d8%a7-%d9%85%d9%86-%d9%85%d9%88%d9%86%d8%aa%d9%8a%d9%84%d9%8a%d9%85%d8%a7%d8%b1,https://staging.lacuisinedebernard.com/%d9%86%d9%88%d8%ac%d8%a7-%d9%85%d9%86-%d9%85%d9%88%d9%86%d8%aa%d9%8a%d9%84%d9%8a%d9%85%d8%a7%d8%b1
https://lacuisinedebernard.com/%d9%86%d9%88%d8%ac%d8%a7-%d9%85%d9%86-%d9%85%d9%88%d9%86%d8%aa%d9%8a%d9%84%d9%8a%d9%85%d8%a7%d8%b1/,https://staging.lacuisinedebernard.com/%d9%86%d9%88%d8%ac%d8%a7-%d9%85%d9%86-%d9%85%d9%88%d9%86%d8%aa%d9%8a%d9%84%d9%8a%d9%85%d8%a7%d8%b1
https://www.lacuisinedebernard.com/%d9%86%d9%88%d8%ac%d8%a7-%d9%85%d9%86-%d9%85%d9%88%d9%86%d8%aa%d9%8a%d9%84%d9%8a%d9%85%d8%a7%d8%b1,https://staging.lacuisinedebernard.com/%d9%86%d9%88%d8%ac%d8%a7-%d9%85%d9%86-%d9%85%d9%88%d9%86%d8%aa%d9%8a%d9%84%d9%8a%d9%85%d8%a7%d8%b1
https://www.lacuisinedebernard.com/%d9%86%d9%88%d8%ac%d8%a7-%d9%85%d9%86-%d9%85%d9%88%d9%86%d8%aa%d9%8a%d9%84%d9%8a%d9%85%d8%a7%d8%b1/,https://staging.lacuisinedebernard.com/%d9%86%d9%88%d8%ac%d8%a7-%d9%85%d9%86-%d9%85%d9%88%d9%86%d8%aa%d9%8a%d9%84%d9%8a%d9%85%d8%a7%d8%b1
https://lacuisinedebernard.com/%d8%aa%d8%a7%d8%b1%d8%aa-%d8%a8%d9%88%d8%b1%d8%af%d8%a7%d9%84%d9%88,https://staging.lacuisinedebernard.com/%d8%aa%d8%a7%d8%b1%d8%aa-%d8%a8%d9%88%d8%b1%d8%af%d8%a7%d9%84%d9%88
https://lacuisinedebernard.com/%d8%aa%d8%a7%d8%b1%d8%aa-%d8%a8%d9%88%d8%b1%d8%af%d8%a7%d9%84%d9%88/,https://staging.lacuisinedebernard.com/%d8%aa%d8%a7%d8%b1%d8%aa-%d8%a8%d9%88%d8%b1%d8%af%d8%a7%d9%84%d9%88
https://www.lacuisinedebernard.com/%d8%aa%d8%a7%d8%b1%d8%aa-%d8%a8%d9%88%d8%b1%d8%af%d8%a7%d9%84%d9%88,https://staging.lacuisinedebernard.com/%d8%aa%d8%a7%d8%b1%d8%aa-%d8%a8%d9%88%d8%b1%d8%af%d8%a7%d9%84%d9%88
https://www.lacuisinedebernard.com/%d8%aa%d8%a7%d8%b1%d8%aa-%d8%a8%d9%88%d8%b1%d8%af%d8%a7%d9%84%d9%88/,https://staging.lacuisinedebernard.com/%d8%aa%d8%a7%d8%b1%d8%aa-%d8%a8%d9%88%d8%b1%d8%af%d8%a7%d9%84%d9%88
https://lacuisinedebernard.com/pan-de-molde-clasico,https://staging.lacuisinedebernard.com/pan-de-molde-clasico
https://lacuisinedebernard.com/pan-de-molde-clasico/,https://staging.lacuisinedebernard.com/pan-de-molde-clasico
https://www.lacuisinedebernard.com/pan-de-molde-clasico,https://staging.lacuisinedebernard.com/pan-de-molde-clasico
https://www.lacuisinedebernard.com/pan-de-molde-clasico/,https://staging.lacuisinedebernard.com/pan-de-molde-clasico
https://lacuisinedebernard.com/torta-de-pessego-e-pistachio-square,https://staging.lacuisinedebernard.com/torta-de-pessego-e-pistachio-square
https://lacuisinedebernard.com/torta-de-pessego-e-pistachio-square/,https://staging.lacuisinedebernard.com/torta-de-pessego-e-pistachio-square
https://www.lacuisinedebernard.com/torta-de-pessego-e-pistachio-square,https://staging.lacuisinedebernard.com/torta-de-pessego-e-pistachio-square
https://www.lacuisinedebernard.com/torta-de-pessego-e-pistachio-square/,https://staging.lacuisinedebernard.com/torta-de-pessego-e-pistachio-square
https://lacuisinedebernard.com/salted-butter-caramel-macaroons,https://staging.lacuisinedebernard.com/salted-butter-caramel-macaroons
https://lacuisinedebernard.com/salted-butter-caramel-macaroons/,https://staging.lacuisinedebernard.com/salted-butter-caramel-macaroons
https://www.lacuisinedebernard.com/salted-butter-caramel-macaroons,https://staging.lacuisinedebernard.com/salted-butter-caramel-macaroons
https://www.lacuisinedebernard.com/salted-butter-caramel-macaroons/,https://staging.lacuisinedebernard.com/salted-butter-caramel-macaroons
https://lacuisinedebernard.com/%d9%81%d8%a7%d9%86%d9%8a%d9%84%d8%a7-%d8%aa%d9%8a%d8%b1%d8%a7%d9%85%d9%8a%d8%b3%d9%88-%d9%85%d8%b9-%d8%aa%d9%88%d8%aa-%d8%a7%d9%84%d8%b9%d9%84%d9%8a%d9%82,https://staging.lacuisinedebernard.com/%d9%81%d8%a7%d9%86%d9%8a%d9%84%d8%a7-%d8%aa%d9%8a%d8%b1%d8%a7%d9%85%d9%8a%d8%b3%d9%88-%d9%85%d8%b9-%d8%aa%d9%88%d8%aa-%d8%a7%d9%84%d8%b9%d9%84%d9%8a%d9%82
https://lacuisinedebernard.com/%d9%81%d8%a7%d9%86%d9%8a%d9%84%d8%a7-%d8%aa%d9%8a%d8%b1%d8%a7%d9%85%d9%8a%d8%b3%d9%88-%d9%85%d8%b9-%d8%aa%d9%88%d8%aa-%d8%a7%d9%84%d8%b9%d9%84%d9%8a%d9%82/,https://staging.lacuisinedebernard.com/%d9%81%d8%a7%d9%86%d9%8a%d9%84%d8%a7-%d8%aa%d9%8a%d8%b1%d8%a7%d9%85%d9%8a%d8%b3%d9%88-%d9%85%d8%b9-%d8%aa%d9%88%d8%aa-%d8%a7%d9%84%d8%b9%d9%84%d9%8a%d9%82
https://www.lacuisinedebernard.com/%d9%81%d8%a7%d9%86%d9%8a%d9%84%d8%a7-%d8%aa%d9%8a%d8%b1%d8%a7%d9%85%d9%8a%d8%b3%d9%88-%d9%85%d8%b9-%d8%aa%d9%88%d8%aa-%d8%a7%d9%84%d8%b9%d9%84%d9%8a%d9%82,https://staging.lacuisinedebernard.com/%d9%81%d8%a7%d9%86%d9%8a%d9%84%d8%a7-%d8%aa%d9%8a%d8%b1%d8%a7%d9%85%d9%8a%d8%b3%d9%88-%d9%85%d8%b9-%d8%aa%d9%88%d8%aa-%d8%a7%d9%84%d8%b9%d9%84%d9%8a%d9%82
https://www.lacuisinedebernard.com/%d9%81%d8%a7%d9%86%d9%8a%d9%84%d8%a7-%d8%aa%d9%8a%d8%b1%d8%a7%d9%85%d9%8a%d8%b3%d9%88-%d9%85%d8%b9-%d8%aa%d9%88%d8%aa-%d8%a7%d9%84%d8%b9%d9%84%d9%8a%d9%82/,https://staging.lacuisinedebernard.com/%d9%81%d8%a7%d9%86%d9%8a%d9%84%d8%a7-%d8%aa%d9%8a%d8%b1%d8%a7%d9%85%d9%8a%d8%b3%d9%88-%d9%85%d8%b9-%d8%aa%d9%88%d8%aa-%d8%a7%d9%84%d8%b9%d9%84%d9%8a%d9%82
https://lacuisinedebernard.com/crumble-de-manzana-pera-y-chocolate,https://staging.lacuisinedebernard.com/crumble-de-manzana-pera-y-chocolate
https://lacuisinedebernard.com/crumble-de-manzana-pera-y-chocolate/,https://staging.lacuisinedebernard.com/crumble-de-manzana-pera-y-chocolate
https://www.lacuisinedebernard.com/crumble-de-manzana-pera-y-chocolate,https://staging.lacuisinedebernard.com/crumble-de-manzana-pera-y-chocolate
https://www.lacuisinedebernard.com/crumble-de-manzana-pera-y-chocolate/,https://staging.lacuisinedebernard.com/crumble-de-manzana-pera-y-chocolate
https://lacuisinedebernard.com/carne-de-porco-em-molho-agridoce-e-doce,https://staging.lacuisinedebernard.com/carne-de-porco-em-molho-agridoce-e-doce
https://lacuisinedebernard.com/carne-de-porco-em-molho-agridoce-e-doce/,https://staging.lacuisinedebernard.com/carne-de-porco-em-molho-agridoce-e-doce
https://www.lacuisinedebernard.com/carne-de-porco-em-molho-agridoce-e-doce,https://staging.lacuisinedebernard.com/carne-de-porco-em-molho-agridoce-e-doce
https://www.lacuisinedebernard.com/carne-de-porco-em-molho-agridoce-e-doce/,https://staging.lacuisinedebernard.com/carne-de-porco-em-molho-agridoce-e-doce
https://lacuisinedebernard.com/degustacion-de-hojas-de-vainilla,https://staging.lacuisinedebernard.com/degustacion-de-hojas-de-vainilla
https://lacuisinedebernard.com/degustacion-de-hojas-de-vainilla/,https://staging.lacuisinedebernard.com/degustacion-de-hojas-de-vainilla
https://www.lacuisinedebernard.com/degustacion-de-hojas-de-vainilla,https://staging.lacuisinedebernard.com/degustacion-de-hojas-de-vainilla
https://www.lacuisinedebernard.com/degustacion-de-hojas-de-vainilla/,https://staging.lacuisinedebernard.com/degustacion-de-hojas-de-vainilla
https://lacuisinedebernard.com/amaretti,https://staging.lacuisinedebernard.com/amaretti
https://lacuisinedebernard.com/amaretti/,https://staging.lacuisinedebernard.com/amaretti
https://www.lacuisinedebernard.com/amaretti,https://staging.lacuisinedebernard.com/amaretti
https://www.lacuisinedebernard.com/amaretti/,https://staging.lacuisinedebernard.com/amaretti
https://lacuisinedebernard.com/%d8%a7%d9%84%d9%85%d8%ac%d8%a7%d9%84-%d8%a7%d9%84%d9%86%d8%ad%d8%a7%d8%b3%d9%8a,https://staging.lacuisinedebernard.com/%d8%a7%d9%84%d9%85%d8%ac%d8%a7%d9%84-%d8%a7%d9%84%d9%86%d8%ad%d8%a7%d8%b3%d9%8a
https://lacuisinedebernard.com/%d8%a7%d9%84%d9%85%d8%ac%d8%a7%d9%84-%d8%a7%d9%84%d9%86%d8%ad%d8%a7%d8%b3%d9%8a/,https://staging.lacuisinedebernard.com/%d8%a7%d9%84%d9%85%d8%ac%d8%a7%d9%84-%d8%a7%d9%84%d9%86%d8%ad%d8%a7%d8%b3%d9%8a
https://www.lacuisinedebernard.com/%d8%a7%d9%84%d9%85%d8%ac%d8%a7%d9%84-%d8%a7%d9%84%d9%86%d8%ad%d8%a7%d8%b3%d9%8a,https://staging.lacuisinedebernard.com/%d8%a7%d9%84%d9%85%d8%ac%d8%a7%d9%84-%d8%a7%d9%84%d9%86%d8%ad%d8%a7%d8%b3%d9%8a
https://www.lacuisinedebernard.com/%d8%a7%d9%84%d9%85%d8%ac%d8%a7%d9%84-%d8%a7%d9%84%d9%86%d8%ad%d8%a7%d8%b3%d9%8a/,https://staging.lacuisinedebernard.com/%d8%a7%d9%84%d9%85%d8%ac%d8%a7%d9%84-%d8%a7%d9%84%d9%86%d8%ad%d8%a7%d8%b3%d9%8a
https://lacuisinedebernard.com/white-asparagus-terrine,https://staging.lacuisinedebernard.com/white-asparagus-terrine
https://lacuisinedebernard.com/white-asparagus-terrine/,https://staging.lacuisinedebernard.com/white-asparagus-terrine
https://www.lacuisinedebernard.com/white-asparagus-terrine,https://staging.lacuisinedebernard.com/white-asparagus-terrine
https://www.lacuisinedebernard.com/white-asparagus-terrine/,https://staging.lacuisinedebernard.com/white-asparagus-terrine
https://lacuisinedebernard.com/degustacao-decadente-de-folhas-de-baunilha,https://staging.lacuisinedebernard.com/degustacao-decadente-de-folhas-de-baunilha
https://lacuisinedebernard.com/degustacao-decadente-de-folhas-de-baunilha/,https://staging.lacuisinedebernard.com/degustacao-decadente-de-folhas-de-baunilha
https://www.lacuisinedebernard.com/degustacao-decadente-de-folhas-de-baunilha,https://staging.lacuisinedebernard.com/degustacao-decadente-de-folhas-de-baunilha
https://www.lacuisinedebernard.com/degustacao-decadente-de-folhas-de-baunilha/,https://staging.lacuisinedebernard.com/degustacao-decadente-de-folhas-de-baunilha
https://lacuisinedebernard.com/accras-antillano,https://staging.lacuisinedebernard.com/accras-antillano
https://lacuisinedebernard.com/accras-antillano/,https://staging.lacuisinedebernard.com/accras-antillano
https://www.lacuisinedebernard.com/accras-antillano,https://staging.lacuisinedebernard.com/accras-antillano
https://www.lacuisinedebernard.com/accras-antillano/,https://staging.lacuisinedebernard.com/accras-antillano
https://lacuisinedebernard.com/maca-pera-e-crocante-de-chocolate,https://staging.lacuisinedebernard.com/maca-pera-e-crocante-de-chocolate
https://lacuisinedebernard.com/maca-pera-e-crocante-de-chocolate/,https://staging.lacuisinedebernard.com/maca-pera-e-crocante-de-chocolate
https://www.lacuisinedebernard.com/maca-pera-e-crocante-de-chocolate,https://staging.lacuisinedebernard.com/maca-pera-e-crocante-de-chocolate
https://www.lacuisinedebernard.com/maca-pera-e-crocante-de-chocolate/,https://staging.lacuisinedebernard.com/maca-pera-e-crocante-de-chocolate
https://lacuisinedebernard.com/pork-with-sweet-sour-sauce,https://staging.lacuisinedebernard.com/pork-with-sweet-sour-sauce
https://lacuisinedebernard.com/pork-with-sweet-sour-sauce/,https://staging.lacuisinedebernard.com/pork-with-sweet-sour-sauce
https://www.lacuisinedebernard.com/pork-with-sweet-sour-sauce,https://staging.lacuisinedebernard.com/pork-with-sweet-sour-sauce
https://www.lacuisinedebernard.com/pork-with-sweet-sour-sauce/,https://staging.lacuisinedebernard.com/pork-with-sweet-sour-sauce
https://lacuisinedebernard.com/%d8%a7%d9%84%d9%87%d9%84%d9%8a%d9%88%d9%86-%d8%a7%d9%84%d8%a3%d8%a8%d9%8a%d8%b6-%d8%aa%d9%8a%d8%b1%d9%8a%d9%86,https://staging.lacuisinedebernard.com/%d8%a7%d9%84%d9%87%d9%84%d9%8a%d9%88%d9%86-%d8%a7%d9%84%d8%a3%d8%a8%d9%8a%d8%b6-%d8%aa%d9%8a%d8%b1%d9%8a%d9%86
https://lacuisinedebernard.com/%d8%a7%d9%84%d9%87%d9%84%d9%8a%d9%88%d9%86-%d8%a7%d9%84%d8%a3%d8%a8%d9%8a%d8%b6-%d8%aa%d9%8a%d8%b1%d9%8a%d9%86/,https://staging.lacuisinedebernard.com/%d8%a7%d9%84%d9%87%d9%84%d9%8a%d9%88%d9%86-%d8%a7%d9%84%d8%a3%d8%a8%d9%8a%d8%b6-%d8%aa%d9%8a%d8%b1%d9%8a%d9%86
https://www.lacuisinedebernard.com/%d8%a7%d9%84%d9%87%d9%84%d9%8a%d9%88%d9%86-%d8%a7%d9%84%d8%a3%d8%a8%d9%8a%d8%b6-%d8%aa%d9%8a%d8%b1%d9%8a%d9%86,https://staging.lacuisinedebernard.com/%d8%a7%d9%84%d9%87%d9%84%d9%8a%d9%88%d9%86-%d8%a7%d9%84%d8%a3%d8%a8%d9%8a%d8%b6-%d8%aa%d9%8a%d8%b1%d9%8a%d9%86
https://www.lacuisinedebernard.com/%d8%a7%d9%84%d9%87%d9%84%d9%8a%d9%88%d9%86-%d8%a7%d9%84%d8%a3%d8%a8%d9%8a%d8%b6-%d8%aa%d9%8a%d8%b1%d9%8a%d9%86/,https://staging.lacuisinedebernard.com/%d8%a7%d9%84%d9%87%d9%84%d9%8a%d9%88%d9%86-%d8%a7%d9%84%d8%a3%d8%a8%d9%8a%d8%b6-%d8%aa%d9%8a%d8%b1%d9%8a%d9%86
https://lacuisinedebernard.com/acra-das-indias-ocidentais,https://staging.lacuisinedebernard.com/acra-das-indias-ocidentais
https://lacuisinedebernard.com/acra-das-indias-ocidentais/,https://staging.lacuisinedebernard.com/acra-das-indias-ocidentais
https://www.lacuisinedebernard.com/acra-das-indias-ocidentais,https://staging.lacuisinedebernard.com/acra-das-indias-ocidentais
https://www.lacuisinedebernard.com/acra-das-indias-ocidentais/,https://staging.lacuisinedebernard.com/acra-das-indias-ocidentais
https://lacuisinedebernard.com/apple-pear-and-chocolate-crumble,https://staging.lacuisinedebernard.com/apple-pear-and-chocolate-crumble
https://lacuisinedebernard.com/apple-pear-and-chocolate-crumble/,https://staging.lacuisinedebernard.com/apple-pear-and-chocolate-crumble
https://www.lacuisinedebernard.com/apple-pear-and-chocolate-crumble,https://staging.lacuisinedebernard.com/apple-pear-and-chocolate-crumble
https://www.lacuisinedebernard.com/apple-pear-and-chocolate-crumble/,https://staging.lacuisinedebernard.com/apple-pear-and-chocolate-crumble
https://lacuisinedebernard.com/decadent-vanilla-leaf-tasting,https://staging.lacuisinedebernard.com/decadent-vanilla-leaf-tasting
https://lacuisinedebernard.com/decadent-vanilla-leaf-tasting/,https://staging.lacuisinedebernard.com/decadent-vanilla-leaf-tasting
https://www.lacuisinedebernard.com/decadent-vanilla-leaf-tasting,https://staging.lacuisinedebernard.com/decadent-vanilla-leaf-tasting
https://www.lacuisinedebernard.com/decadent-vanilla-leaf-tasting/,https://staging.lacuisinedebernard.com/decadent-vanilla-leaf-tasting
https://lacuisinedebernard.com/%d9%84%d8%ad%d9%85-%d8%a7%d9%84%d8%ae%d9%86%d8%b2%d9%8a%d8%b1-%d8%a7%d9%84%d8%ad%d9%84%d9%88-%d9%88%d8%a7%d9%84%d9%85%d8%b1,https://staging.lacuisinedebernard.com/%d9%84%d8%ad%d9%85-%d8%a7%d9%84%d8%ae%d9%86%d8%b2%d9%8a%d8%b1-%d8%a7%d9%84%d8%ad%d9%84%d9%88-%d9%88%d8%a7%d9%84%d9%85%d8%b1
https://lacuisinedebernard.com/%d9%84%d8%ad%d9%85-%d8%a7%d9%84%d8%ae%d9%86%d8%b2%d9%8a%d8%b1-%d8%a7%d9%84%d8%ad%d9%84%d9%88-%d9%88%d8%a7%d9%84%d9%85%d8%b1/,https://staging.lacuisinedebernard.com/%d9%84%d8%ad%d9%85-%d8%a7%d9%84%d8%ae%d9%86%d8%b2%d9%8a%d8%b1-%d8%a7%d9%84%d8%ad%d9%84%d9%88-%d9%88%d8%a7%d9%84%d9%85%d8%b1
https://www.lacuisinedebernard.com/%d9%84%d8%ad%d9%85-%d8%a7%d9%84%d8%ae%d9%86%d8%b2%d9%8a%d8%b1-%d8%a7%d9%84%d8%ad%d9%84%d9%88-%d9%88%d8%a7%d9%84%d9%85%d8%b1,https://staging.lacuisinedebernard.com/%d9%84%d8%ad%d9%85-%d8%a7%d9%84%d8%ae%d9%86%d8%b2%d9%8a%d8%b1-%d8%a7%d9%84%d8%ad%d9%84%d9%88-%d9%88%d8%a7%d9%84%d9%85%d8%b1
https://www.lacuisinedebernard.com/%d9%84%d8%ad%d9%85-%d8%a7%d9%84%d8%ae%d9%86%d8%b2%d9%8a%d8%b1-%d8%a7%d9%84%d8%ad%d9%84%d9%88-%d9%88%d8%a7%d9%84%d9%85%d8%b1/,https://staging.lacuisinedebernard.com/%d9%84%d8%ad%d9%85-%d8%a7%d9%84%d8%ae%d9%86%d8%b2%d9%8a%d8%b1-%d8%a7%d9%84%d8%ad%d9%84%d9%88-%d9%88%d8%a7%d9%84%d9%85%d8%b1
https://lacuisinedebernard.com/esfera-de-cobre,https://staging.lacuisinedebernard.com/esfera-de-cobre
https://lacuisinedebernard.com/esfera-de-cobre/,https://staging.lacuisinedebernard.com/esfera-de-cobre
https://www.lacuisinedebernard.com/esfera-de-cobre,https://staging.lacuisinedebernard.com/esfera-de-cobre
https://www.lacuisinedebernard.com/esfera-de-cobre/,https://staging.lacuisinedebernard.com/esfera-de-cobre
https://lacuisinedebernard.com/%d8%a3%d9%85%d8%a7%d8%b1%d9%8a%d8%aa%d9%8a,https://staging.lacuisinedebernard.com/%d8%a3%d9%85%d8%a7%d8%b1%d9%8a%d8%aa%d9%8a
https://lacuisinedebernard.com/%d8%a3%d9%85%d8%a7%d8%b1%d9%8a%d8%aa%d9%8a/,https://staging.lacuisinedebernard.com/%d8%a3%d9%85%d8%a7%d8%b1%d9%8a%d8%aa%d9%8a
https://www.lacuisinedebernard.com/%d8%a3%d9%85%d8%a7%d8%b1%d9%8a%d8%aa%d9%8a,https://staging.lacuisinedebernard.com/%d8%a3%d9%85%d8%a7%d8%b1%d9%8a%d8%aa%d9%8a
https://www.lacuisinedebernard.com/%d8%a3%d9%85%d8%a7%d8%b1%d9%8a%d8%aa%d9%8a/,https://staging.lacuisinedebernard.com/%d8%a3%d9%85%d8%a7%d8%b1%d9%8a%d8%aa%d9%8a
https://lacuisinedebernard.com/%d8%a7%d9%84%d8%aa%d9%81%d8%a7%d8%ad-%d9%88%d8%a7%d9%84%d9%83%d9%85%d8%ab%d8%b1%d9%89-%d9%88%d8%a7%d9%84%d8%b4%d9%88%d9%83%d9%88%d9%84%d8%a7%d8%aa%d8%a9,https://staging.lacuisinedebernard.com/%d8%a7%d9%84%d8%aa%d9%81%d8%a7%d8%ad-%d9%88%d8%a7%d9%84%d9%83%d9%85%d8%ab%d8%b1%d9%89-%d9%88%d8%a7%d9%84%d8%b4%d9%88%d9%83%d9%88%d9%84%d8%a7%d8%aa%d8%a9
https://lacuisinedebernard.com/%d8%a7%d9%84%d8%aa%d9%81%d8%a7%d8%ad-%d9%88%d8%a7%d9%84%d9%83%d9%85%d8%ab%d8%b1%d9%89-%d9%88%d8%a7%d9%84%d8%b4%d9%88%d9%83%d9%88%d9%84%d8%a7%d8%aa%d8%a9/,https://staging.lacuisinedebernard.com/%d8%a7%d9%84%d8%aa%d9%81%d8%a7%d8%ad-%d9%88%d8%a7%d9%84%d9%83%d9%85%d8%ab%d8%b1%d9%89-%d9%88%d8%a7%d9%84%d8%b4%d9%88%d9%83%d9%88%d9%84%d8%a7%d8%aa%d8%a9
https://www.lacuisinedebernard.com/%d8%a7%d9%84%d8%aa%d9%81%d8%a7%d8%ad-%d9%88%d8%a7%d9%84%d9%83%d9%85%d8%ab%d8%b1%d9%89-%d9%88%d8%a7%d9%84%d8%b4%d9%88%d9%83%d9%88%d9%84%d8%a7%d8%aa%d8%a9,https://staging.lacuisinedebernard.com/%d8%a7%d9%84%d8%aa%d9%81%d8%a7%d8%ad-%d9%88%d8%a7%d9%84%d9%83%d9%85%d8%ab%d8%b1%d9%89-%d9%88%d8%a7%d9%84%d8%b4%d9%88%d9%83%d9%88%d9%84%d8%a7%d8%aa%d8%a9
https://www.lacuisinedebernard.com/%d8%a7%d9%84%d8%aa%d9%81%d8%a7%d8%ad-%d9%88%d8%a7%d9%84%d9%83%d9%85%d8%ab%d8%b1%d9%89-%d9%88%d8%a7%d9%84%d8%b4%d9%88%d9%83%d9%88%d9%84%d8%a7%d8%aa%d8%a9/,https://staging.lacuisinedebernard.com/%d8%a7%d9%84%d8%aa%d9%81%d8%a7%d8%ad-%d9%88%d8%a7%d9%84%d9%83%d9%85%d8%ab%d8%b1%d9%89-%d9%88%d8%a7%d9%84%d8%b4%d9%88%d9%83%d9%88%d9%84%d8%a7%d8%aa%d8%a9
https://lacuisinedebernard.com/johannesburgo,https://staging.lacuisinedebernard.com/johannesburgo
https://lacuisinedebernard.com/johannesburgo/,https://staging.lacuisinedebernard.com/johannesburgo
https://www.lacuisinedebernard.com/johannesburgo,https://staging.lacuisinedebernard.com/johannesburgo
https://www.lacuisinedebernard.com/johannesburgo/,https://staging.lacuisinedebernard.com/johannesburgo
https://lacuisinedebernard.com/west-indian-accras,https://staging.lacuisinedebernard.com/west-indian-accras
https://lacuisinedebernard.com/west-indian-accras/,https://staging.lacuisinedebernard.com/west-indian-accras
https://www.lacuisinedebernard.com/west-indian-accras,https://staging.lacuisinedebernard.com/west-indian-accras
https://www.lacuisinedebernard.com/west-indian-accras/,https://staging.lacuisinedebernard.com/west-indian-accras
https://lacuisinedebernard.com/%d8%aa%d8%b0%d9%88%d9%82-%d9%85%d9%86%d8%ad%d9%84-%d9%84%d9%81%d8%a7%d9%86%d9%8a%d9%84%d9%8a%d8%a7-%d9%85%d9%8a%d9%84-%d9%81%d9%88%d9%8a,https://staging.lacuisinedebernard.com/%d8%aa%d8%b0%d9%88%d9%82-%d9%85%d9%86%d8%ad%d9%84-%d9%84%d9%81%d8%a7%d9%86%d9%8a%d9%84%d9%8a%d8%a7-%d9%85%d9%8a%d9%84-%d9%81%d9%88%d9%8a
https://lacuisinedebernard.com/%d8%aa%d8%b0%d9%88%d9%82-%d9%85%d9%86%d8%ad%d9%84-%d9%84%d9%81%d8%a7%d9%86%d9%8a%d9%84%d9%8a%d8%a7-%d9%85%d9%8a%d9%84-%d9%81%d9%88%d9%8a/,https://staging.lacuisinedebernard.com/%d8%aa%d8%b0%d9%88%d9%82-%d9%85%d9%86%d8%ad%d9%84-%d9%84%d9%81%d8%a7%d9%86%d9%8a%d9%84%d9%8a%d8%a7-%d9%85%d9%8a%d9%84-%d9%81%d9%88%d9%8a
https://www.lacuisinedebernard.com/%d8%aa%d8%b0%d9%88%d9%82-%d9%85%d9%86%d8%ad%d9%84-%d9%84%d9%81%d8%a7%d9%86%d9%8a%d9%84%d9%8a%d8%a7-%d9%85%d9%8a%d9%84-%d9%81%d9%88%d9%8a,https://staging.lacuisinedebernard.com/%d8%aa%d8%b0%d9%88%d9%82-%d9%85%d9%86%d8%ad%d9%84-%d9%84%d9%81%d8%a7%d9%86%d9%8a%d9%84%d9%8a%d8%a7-%d9%85%d9%8a%d9%84-%d9%81%d9%88%d9%8a
https://www.lacuisinedebernard.com/%d8%aa%d8%b0%d9%88%d9%82-%d9%85%d9%86%d8%ad%d9%84-%d9%84%d9%81%d8%a7%d9%86%d9%8a%d9%84%d9%8a%d8%a7-%d9%85%d9%8a%d9%84-%d9%81%d9%88%d9%8a/,https://staging.lacuisinedebernard.com/%d8%aa%d8%b0%d9%88%d9%82-%d9%85%d9%86%d8%ad%d9%84-%d9%84%d9%81%d8%a7%d9%86%d9%8a%d9%84%d9%8a%d8%a7-%d9%85%d9%8a%d9%84-%d9%81%d9%88%d9%8a
https://lacuisinedebernard.com/terrina-de-esparragos-blancos,https://staging.lacuisinedebernard.com/terrina-de-esparragos-blancos
https://lacuisinedebernard.com/terrina-de-esparragos-blancos/,https://staging.lacuisinedebernard.com/terrina-de-esparragos-blancos
https://www.lacuisinedebernard.com/terrina-de-esparragos-blancos,https://staging.lacuisinedebernard.com/terrina-de-esparragos-blancos
https://www.lacuisinedebernard.com/terrina-de-esparragos-blancos/,https://staging.lacuisinedebernard.com/terrina-de-esparragos-blancos
https://lacuisinedebernard.com/terrina-de-espargos-brancos,https://staging.lacuisinedebernard.com/terrina-de-espargos-brancos
https://lacuisinedebernard.com/terrina-de-espargos-brancos/,https://staging.lacuisinedebernard.com/terrina-de-espargos-brancos
https://www.lacuisinedebernard.com/terrina-de-espargos-brancos,https://staging.lacuisinedebernard.com/terrina-de-espargos-brancos
https://www.lacuisinedebernard.com/terrina-de-espargos-brancos/,https://staging.lacuisinedebernard.com/terrina-de-espargos-brancos
https://lacuisinedebernard.com/copper-sphere,https://staging.lacuisinedebernard.com/copper-sphere
https://lacuisinedebernard.com/copper-sphere/,https://staging.lacuisinedebernard.com/copper-sphere
https://www.lacuisinedebernard.com/copper-sphere,https://staging.lacuisinedebernard.com/copper-sphere
https://www.lacuisinedebernard.com/copper-sphere/,https://staging.lacuisinedebernard.com/copper-sphere
https://lacuisinedebernard.com/%d8%a3%d9%83%d8%b1%d8%a7%d8%b3-%d8%a7%d9%84%d9%83%d8%a7%d8%b1%d9%8a%d8%a8%d9%8a,https://staging.lacuisinedebernard.com/%d8%a3%d9%83%d8%b1%d8%a7%d8%b3-%d8%a7%d9%84%d9%83%d8%a7%d8%b1%d9%8a%d8%a8%d9%8a
https://lacuisinedebernard.com/%d8%a3%d9%83%d8%b1%d8%a7%d8%b3-%d8%a7%d9%84%d9%83%d8%a7%d8%b1%d9%8a%d8%a8%d9%8a/,https://staging.lacuisinedebernard.com/%d8%a3%d9%83%d8%b1%d8%a7%d8%b3-%d8%a7%d9%84%d9%83%d8%a7%d8%b1%d9%8a%d8%a8%d9%8a
https://www.lacuisinedebernard.com/%d8%a3%d9%83%d8%b1%d8%a7%d8%b3-%d8%a7%d9%84%d9%83%d8%a7%d8%b1%d9%8a%d8%a8%d9%8a,https://staging.lacuisinedebernard.com/%d8%a3%d9%83%d8%b1%d8%a7%d8%b3-%d8%a7%d9%84%d9%83%d8%a7%d8%b1%d9%8a%d8%a8%d9%8a
https://www.lacuisinedebernard.com/%d8%a3%d9%83%d8%b1%d8%a7%d8%b3-%d8%a7%d9%84%d9%83%d8%a7%d8%b1%d9%8a%d8%a8%d9%8a/,https://staging.lacuisinedebernard.com/%d8%a3%d9%83%d8%b1%d8%a7%d8%b3-%d8%a7%d9%84%d9%83%d8%a7%d8%b1%d9%8a%d8%a8%d9%8a
https://lacuisinedebernard.com/cerdo-en-salsa-agridulce,https://staging.lacuisinedebernard.com/cerdo-en-salsa-agridulce
https://lacuisinedebernard.com/cerdo-en-salsa-agridulce/,https://staging.lacuisinedebernard.com/cerdo-en-salsa-agridulce
https://www.lacuisinedebernard.com/cerdo-en-salsa-agridulce,https://staging.lacuisinedebernard.com/cerdo-en-salsa-agridulce
https://www.lacuisinedebernard.com/cerdo-en-salsa-agridulce/,https://staging.lacuisinedebernard.com/cerdo-en-salsa-agridulce
https://lacuisinedebernard.com/joanesburgo,https://staging.lacuisinedebernard.com/joanesburgo
https://lacuisinedebernard.com/joanesburgo/,https://staging.lacuisinedebernard.com/joanesburgo
https://www.lacuisinedebernard.com/joanesburgo,https://staging.lacuisinedebernard.com/joanesburgo
https://www.lacuisinedebernard.com/joanesburgo/,https://staging.lacuisinedebernard.com/joanesburgo
https://lacuisinedebernard.com/sorbet-de-banana,https://staging.lacuisinedebernard.com/sorbet-de-banana
https://lacuisinedebernard.com/sorbet-de-banana/,https://staging.lacuisinedebernard.com/sorbet-de-banana
https://www.lacuisinedebernard.com/sorbet-de-banana,https://staging.lacuisinedebernard.com/sorbet-de-banana
https://www.lacuisinedebernard.com/sorbet-de-banana/,https://staging.lacuisinedebernard.com/sorbet-de-banana
https://lacuisinedebernard.com/peanut-butter-soft-cookies,https://staging.lacuisinedebernard.com/peanut-butter-soft-cookies
https://lacuisinedebernard.com/peanut-butter-soft-cookies/,https://staging.lacuisinedebernard.com/peanut-butter-soft-cookies
https://www.lacuisinedebernard.com/peanut-butter-soft-cookies,https://staging.lacuisinedebernard.com/peanut-butter-soft-cookies
https://www.lacuisinedebernard.com/peanut-butter-soft-cookies/,https://staging.lacuisinedebernard.com/peanut-butter-soft-cookies
https://lacuisinedebernard.com/%d8%ac%d9%85%d9%8a%d8%b9-%d8%a7%d9%84%d8%b9%d9%86%d8%a7%d9%88%d9%8a%d9%86-%d8%a7%d9%84%d8%a3%d8%b3%d8%a7%d8%b3%d9%8a%d8%a9-%d9%81%d9%8a-%d8%a8%d8%a7%d8%b1%d9%8a%d8%b3,https://staging.lacuisinedebernard.com/%d8%ac%d9%85%d9%8a%d8%b9-%d8%a7%d9%84%d8%b9%d9%86%d8%a7%d9%88%d9%8a%d9%86-%d8%a7%d9%84%d8%a3%d8%b3%d8%a7%d8%b3%d9%8a%d8%a9-%d9%81%d9%8a-%d8%a8%d8%a7%d8%b1%d9%8a%d8%b3
https://lacuisinedebernard.com/%d8%ac%d9%85%d9%8a%d8%b9-%d8%a7%d9%84%d8%b9%d9%86%d8%a7%d9%88%d9%8a%d9%86-%d8%a7%d9%84%d8%a3%d8%b3%d8%a7%d8%b3%d9%8a%d8%a9-%d9%81%d9%8a-%d8%a8%d8%a7%d8%b1%d9%8a%d8%b3/,https://staging.lacuisinedebernard.com/%d8%ac%d9%85%d9%8a%d8%b9-%d8%a7%d9%84%d8%b9%d9%86%d8%a7%d9%88%d9%8a%d9%86-%d8%a7%d9%84%d8%a3%d8%b3%d8%a7%d8%b3%d9%8a%d8%a9-%d9%81%d9%8a-%d8%a8%d8%a7%d8%b1%d9%8a%d8%b3
https://www.lacuisinedebernard.com/%d8%ac%d9%85%d9%8a%d8%b9-%d8%a7%d9%84%d8%b9%d9%86%d8%a7%d9%88%d9%8a%d9%86-%d8%a7%d9%84%d8%a3%d8%b3%d8%a7%d8%b3%d9%8a%d8%a9-%d9%81%d9%8a-%d8%a8%d8%a7%d8%b1%d9%8a%d8%b3,https://staging.lacuisinedebernard.com/%d8%ac%d9%85%d9%8a%d8%b9-%d8%a7%d9%84%d8%b9%d9%86%d8%a7%d9%88%d9%8a%d9%86-%d8%a7%d9%84%d8%a3%d8%b3%d8%a7%d8%b3%d9%8a%d8%a9-%d9%81%d9%8a-%d8%a8%d8%a7%d8%b1%d9%8a%d8%b3
https://www.lacuisinedebernard.com/%d8%ac%d9%85%d9%8a%d8%b9-%d8%a7%d9%84%d8%b9%d9%86%d8%a7%d9%88%d9%8a%d9%86-%d8%a7%d9%84%d8%a3%d8%b3%d8%a7%d8%b3%d9%8a%d8%a9-%d9%81%d9%8a-%d8%a8%d8%a7%d8%b1%d9%8a%d8%b3/,https://staging.lacuisinedebernard.com/%d8%ac%d9%85%d9%8a%d8%b9-%d8%a7%d9%84%d8%b9%d9%86%d8%a7%d9%88%d9%8a%d9%86-%d8%a7%d9%84%d8%a3%d8%b3%d8%a7%d8%b3%d9%8a%d8%a9-%d9%81%d9%8a-%d8%a8%d8%a7%d8%b1%d9%8a%d8%b3
https://lacuisinedebernard.com/toulouse-and-its-region,https://staging.lacuisinedebernard.com/toulouse-and-its-region
https://lacuisinedebernard.com/toulouse-and-its-region/,https://staging.lacuisinedebernard.com/toulouse-and-its-region
https://www.lacuisinedebernard.com/toulouse-and-its-region,https://staging.lacuisinedebernard.com/toulouse-and-its-region
https://www.lacuisinedebernard.com/toulouse-and-its-region/,https://staging.lacuisinedebernard.com/toulouse-and-its-region
https://lacuisinedebernard.com/bretao-distante,https://staging.lacuisinedebernard.com/bretao-distante
https://lacuisinedebernard.com/bretao-distante/,https://staging.lacuisinedebernard.com/bretao-distante
https://www.lacuisinedebernard.com/bretao-distante,https://staging.lacuisinedebernard.com/bretao-distante
https://www.lacuisinedebernard.com/bretao-distante/,https://staging.lacuisinedebernard.com/bretao-distante
https://lacuisinedebernard.com/johannesburg,https://staging.lacuisinedebernard.com/johannesburg
https://lacuisinedebernard.com/johannesburg/,https://staging.lacuisinedebernard.com/johannesburg
https://www.lacuisinedebernard.com/johannesburg,https://staging.lacuisinedebernard.com/johannesburg
https://www.lacuisinedebernard.com/johannesburg/,https://staging.lacuisinedebernard.com/johannesburg
https://lacuisinedebernard.com/kouign-amann,https://staging.lacuisinedebernard.com/kouign-amann
https://lacuisinedebernard.com/kouign-amann/,https://staging.lacuisinedebernard.com/kouign-amann
https://www.lacuisinedebernard.com/kouign-amann,https://staging.lacuisinedebernard.com/kouign-amann
https://www.lacuisinedebernard.com/kouign-amann/,https://staging.lacuisinedebernard.com/kouign-amann
https://lacuisinedebernard.com/%d9%87%d9%88%d9%86%d8%ba-%d9%83%d9%88%d9%86%d8%ba,https://staging.lacuisinedebernard.com/%d9%87%d9%88%d9%86%d8%ba-%d9%83%d9%88%d9%86%d8%ba
https://lacuisinedebernard.com/%d9%87%d9%88%d9%86%d8%ba-%d9%83%d9%88%d9%86%d8%ba/,https://staging.lacuisinedebernard.com/%d9%87%d9%88%d9%86%d8%ba-%d9%83%d9%88%d9%86%d8%ba
https://www.lacuisinedebernard.com/%d9%87%d9%88%d9%86%d8%ba-%d9%83%d9%88%d9%86%d8%ba,https://staging.lacuisinedebernard.com/%d9%87%d9%88%d9%86%d8%ba-%d9%83%d9%88%d9%86%d8%ba
https://www.lacuisinedebernard.com/%d9%87%d9%88%d9%86%d8%ba-%d9%83%d9%88%d9%86%d8%ba/,https://staging.lacuisinedebernard.com/%d9%87%d9%88%d9%86%d8%ba-%d9%83%d9%88%d9%86%d8%ba
https://lacuisinedebernard.com/%d8%a8%d8%b1%d9%8a%d9%88%d8%b4-%d9%85%d8%b9-%d9%84%d8%ad%d9%85-%d8%a7%d9%84%d8%ae%d9%86%d8%b2%d9%8a%d8%b1-%d8%a7%d9%84%d9%85%d8%b7%d9%84%d9%8a,https://staging.lacuisinedebernard.com/%d8%a8%d8%b1%d9%8a%d9%88%d8%b4-%d9%85%d8%b9-%d9%84%d8%ad%d9%85-%d8%a7%d9%84%d8%ae%d9%86%d8%b2%d9%8a%d8%b1-%d8%a7%d9%84%d9%85%d8%b7%d9%84%d9%8a
https://lacuisinedebernard.com/%d8%a8%d8%b1%d9%8a%d9%88%d8%b4-%d9%85%d8%b9-%d9%84%d8%ad%d9%85-%d8%a7%d9%84%d8%ae%d9%86%d8%b2%d9%8a%d8%b1-%d8%a7%d9%84%d9%85%d8%b7%d9%84%d9%8a/,https://staging.lacuisinedebernard.com/%d8%a8%d8%b1%d9%8a%d9%88%d8%b4-%d9%85%d8%b9-%d9%84%d8%ad%d9%85-%d8%a7%d9%84%d8%ae%d9%86%d8%b2%d9%8a%d8%b1-%d8%a7%d9%84%d9%85%d8%b7%d9%84%d9%8a
https://www.lacuisinedebernard.com/%d8%a8%d8%b1%d9%8a%d9%88%d8%b4-%d9%85%d8%b9-%d9%84%d8%ad%d9%85-%d8%a7%d9%84%d8%ae%d9%86%d8%b2%d9%8a%d8%b1-%d8%a7%d9%84%d9%85%d8%b7%d9%84%d9%8a,https://staging.lacuisinedebernard.com/%d8%a8%d8%b1%d9%8a%d9%88%d8%b4-%d9%85%d8%b9-%d9%84%d8%ad%d9%85-%d8%a7%d9%84%d8%ae%d9%86%d8%b2%d9%8a%d8%b1-%d8%a7%d9%84%d9%85%d8%b7%d9%84%d9%8a
https://www.lacuisinedebernard.com/%d8%a8%d8%b1%d9%8a%d9%88%d8%b4-%d9%85%d8%b9-%d9%84%d8%ad%d9%85-%d8%a7%d9%84%d8%ae%d9%86%d8%b2%d9%8a%d8%b1-%d8%a7%d9%84%d9%85%d8%b7%d9%84%d9%8a/,https://staging.lacuisinedebernard.com/%d8%a8%d8%b1%d9%8a%d9%88%d8%b4-%d9%85%d8%b9-%d9%84%d8%ad%d9%85-%d8%a7%d9%84%d8%ae%d9%86%d8%b2%d9%8a%d8%b1-%d8%a7%d9%84%d9%85%d8%b7%d9%84%d9%8a
https://lacuisinedebernard.com/%d8%a8%d8%b3%d9%83%d9%88%d9%8a%d8%aa-%d8%b2%d8%a8%d8%af%d8%a9-%d8%a7%d9%84%d9%81%d9%88%d9%84-%d8%a7%d9%84%d8%b3%d9%88%d8%af%d8%a7%d9%86%d9%8a-%d8%a7%d9%84%d9%85%d8%b7%d8%a7%d8%b7%d9%8a%d8%a9,https://staging.lacuisinedebernard.com/%d8%a8%d8%b3%d9%83%d9%88%d9%8a%d8%aa-%d8%b2%d8%a8%d8%af%d8%a9-%d8%a7%d9%84%d9%81%d9%88%d9%84-%d8%a7%d9%84%d8%b3%d9%88%d8%af%d8%a7%d9%86%d9%8a-%d8%a7%d9%84%d9%85%d8%b7%d8%a7%d8%b7%d9%8a%d8%a9
https://lacuisinedebernard.com/%d8%a8%d8%b3%d9%83%d9%88%d9%8a%d8%aa-%d8%b2%d8%a8%d8%af%d8%a9-%d8%a7%d9%84%d9%81%d9%88%d9%84-%d8%a7%d9%84%d8%b3%d9%88%d8%af%d8%a7%d9%86%d9%8a-%d8%a7%d9%84%d9%85%d8%b7%d8%a7%d8%b7%d9%8a%d8%a9/,https://staging.lacuisinedebernard.com/%d8%a8%d8%b3%d9%83%d9%88%d9%8a%d8%aa-%d8%b2%d8%a8%d8%af%d8%a9-%d8%a7%d9%84%d9%81%d9%88%d9%84-%d8%a7%d9%84%d8%b3%d9%88%d8%af%d8%a7%d9%86%d9%8a-%d8%a7%d9%84%d9%85%d8%b7%d8%a7%d8%b7%d9%8a%d8%a9
https://www.lacuisinedebernard.com/%d8%a8%d8%b3%d9%83%d9%88%d9%8a%d8%aa-%d8%b2%d8%a8%d8%af%d8%a9-%d8%a7%d9%84%d9%81%d9%88%d9%84-%d8%a7%d9%84%d8%b3%d9%88%d8%af%d8%a7%d9%86%d9%8a-%d8%a7%d9%84%d9%85%d8%b7%d8%a7%d8%b7%d9%8a%d8%a9,https://staging.lacuisinedebernard.com/%d8%a8%d8%b3%d9%83%d9%88%d9%8a%d8%aa-%d8%b2%d8%a8%d8%af%d8%a9-%d8%a7%d9%84%d9%81%d9%88%d9%84-%d8%a7%d9%84%d8%b3%d9%88%d8%af%d8%a7%d9%86%d9%8a-%d8%a7%d9%84%d9%85%d8%b7%d8%a7%d8%b7%d9%8a%d8%a9
https://www.lacuisinedebernard.com/%d8%a8%d8%b3%d9%83%d9%88%d9%8a%d8%aa-%d8%b2%d8%a8%d8%af%d8%a9-%d8%a7%d9%84%d9%81%d9%88%d9%84-%d8%a7%d9%84%d8%b3%d9%88%d8%af%d8%a7%d9%86%d9%8a-%d8%a7%d9%84%d9%85%d8%b7%d8%a7%d8%b7%d9%8a%d8%a9/,https://staging.lacuisinedebernard.com/%d8%a8%d8%b3%d9%83%d9%88%d9%8a%d8%aa-%d8%b2%d8%a8%d8%af%d8%a9-%d8%a7%d9%84%d9%81%d9%88%d9%84-%d8%a7%d9%84%d8%b3%d9%88%d8%af%d8%a7%d9%86%d9%8a-%d8%a7%d9%84%d9%85%d8%b7%d8%a7%d8%b7%d9%8a%d8%a9
https://lacuisinedebernard.com/banana-sorbet,https://staging.lacuisinedebernard.com/banana-sorbet
https://lacuisinedebernard.com/banana-sorbet/,https://staging.lacuisinedebernard.com/banana-sorbet
https://www.lacuisinedebernard.com/banana-sorbet,https://staging.lacuisinedebernard.com/banana-sorbet
https://www.lacuisinedebernard.com/banana-sorbet/,https://staging.lacuisinedebernard.com/banana-sorbet
https://lacuisinedebernard.com/%d8%aa%d9%88%d9%84%d9%88%d8%b2-%d9%88%d9%85%d9%86%d8%b7%d9%82%d8%aa%d9%87%d8%a7,https://staging.lacuisinedebernard.com/%d8%aa%d9%88%d9%84%d9%88%d8%b2-%d9%88%d9%85%d9%86%d8%b7%d9%82%d8%aa%d9%87%d8%a7
https://lacuisinedebernard.com/%d8%aa%d9%88%d9%84%d9%88%d8%b2-%d9%88%d9%85%d9%86%d8%b7%d9%82%d8%aa%d9%87%d8%a7/,https://staging.lacuisinedebernard.com/%d8%aa%d9%88%d9%84%d9%88%d8%b2-%d9%88%d9%85%d9%86%d8%b7%d9%82%d8%aa%d9%87%d8%a7
https://www.lacuisinedebernard.com/%d8%aa%d9%88%d9%84%d9%88%d8%b2-%d9%88%d9%85%d9%86%d8%b7%d9%82%d8%aa%d9%87%d8%a7,https://staging.lacuisinedebernard.com/%d8%aa%d9%88%d9%84%d9%88%d8%b2-%d9%88%d9%85%d9%86%d8%b7%d9%82%d8%aa%d9%87%d8%a7
https://www.lacuisinedebernard.com/%d8%aa%d9%88%d9%84%d9%88%d8%b2-%d9%88%d9%85%d9%86%d8%b7%d9%82%d8%aa%d9%87%d8%a7/,https://staging.lacuisinedebernard.com/%d8%aa%d9%88%d9%84%d9%88%d8%b2-%d9%88%d9%85%d9%86%d8%b7%d9%82%d8%aa%d9%87%d8%a7
https://lacuisinedebernard.com/far-breton,https://staging.lacuisinedebernard.com/far-breton
https://lacuisinedebernard.com/far-breton/,https://staging.lacuisinedebernard.com/far-breton
https://www.lacuisinedebernard.com/far-breton,https://staging.lacuisinedebernard.com/far-breton
https://www.lacuisinedebernard.com/far-breton/,https://staging.lacuisinedebernard.com/far-breton
https://lacuisinedebernard.com/%d8%ac%d9%88%d9%87%d8%a7%d9%86%d8%b3%d8%a8%d8%b1%d8%ac,https://staging.lacuisinedebernard.com/%d8%ac%d9%88%d9%87%d8%a7%d9%86%d8%b3%d8%a8%d8%b1%d8%ac
https://lacuisinedebernard.com/%d8%ac%d9%88%d9%87%d8%a7%d9%86%d8%b3%d8%a8%d8%b1%d8%ac/,https://staging.lacuisinedebernard.com/%d8%ac%d9%88%d9%87%d8%a7%d9%86%d8%b3%d8%a8%d8%b1%d8%ac
https://www.lacuisinedebernard.com/%d8%ac%d9%88%d9%87%d8%a7%d9%86%d8%b3%d8%a8%d8%b1%d8%ac,https://staging.lacuisinedebernard.com/%d8%ac%d9%88%d9%87%d8%a7%d9%86%d8%b3%d8%a8%d8%b1%d8%ac
https://www.lacuisinedebernard.com/%d8%ac%d9%88%d9%87%d8%a7%d9%86%d8%b3%d8%a8%d8%b1%d8%ac/,https://staging.lacuisinedebernard.com/%d8%ac%d9%88%d9%87%d8%a7%d9%86%d8%b3%d8%a8%d8%b1%d8%ac
https://lacuisinedebernard.com/muffins-atomicos-de-chocolate,https://staging.lacuisinedebernard.com/muffins-atomicos-de-chocolate
https://lacuisinedebernard.com/muffins-atomicos-de-chocolate/,https://staging.lacuisinedebernard.com/muffins-atomicos-de-chocolate
https://www.lacuisinedebernard.com/muffins-atomicos-de-chocolate,https://staging.lacuisinedebernard.com/muffins-atomicos-de-chocolate
https://www.lacuisinedebernard.com/muffins-atomicos-de-chocolate/,https://staging.lacuisinedebernard.com/muffins-atomicos-de-chocolate
https://lacuisinedebernard.com/cordes-sur-ciel-y-sus-croquants,https://staging.lacuisinedebernard.com/cordes-sur-ciel-y-sus-croquants
https://lacuisinedebernard.com/cordes-sur-ciel-y-sus-croquants/,https://staging.lacuisinedebernard.com/cordes-sur-ciel-y-sus-croquants
https://www.lacuisinedebernard.com/cordes-sur-ciel-y-sus-croquants,https://staging.lacuisinedebernard.com/cordes-sur-ciel-y-sus-croquants
https://www.lacuisinedebernard.com/cordes-sur-ciel-y-sus-croquants/,https://staging.lacuisinedebernard.com/cordes-sur-ciel-y-sus-croquants
https://lacuisinedebernard.com/tarta-de-crema-de-haba-tonka,https://staging.lacuisinedebernard.com/tarta-de-crema-de-haba-tonka
https://lacuisinedebernard.com/tarta-de-crema-de-haba-tonka/,https://staging.lacuisinedebernard.com/tarta-de-crema-de-haba-tonka
https://www.lacuisinedebernard.com/tarta-de-crema-de-haba-tonka,https://staging.lacuisinedebernard.com/tarta-de-crema-de-haba-tonka
https://www.lacuisinedebernard.com/tarta-de-crema-de-haba-tonka/,https://staging.lacuisinedebernard.com/tarta-de-crema-de-haba-tonka
https://lacuisinedebernard.com/hong-kong,https://staging.lacuisinedebernard.com/hong-kong
https://lacuisinedebernard.com/hong-kong/,https://staging.lacuisinedebernard.com/hong-kong
https://www.lacuisinedebernard.com/hong-kong,https://staging.lacuisinedebernard.com/hong-kong
https://www.lacuisinedebernard.com/hong-kong/,https://staging.lacuisinedebernard.com/hong-kong
https://lacuisinedebernard.com/%d9%81%d8%a7%d8%b1-%d8%a8%d8%b1%d9%8a%d8%aa%d9%88%d9%86,https://staging.lacuisinedebernard.com/%d9%81%d8%a7%d8%b1-%d8%a8%d8%b1%d9%8a%d8%aa%d9%88%d9%86
https://lacuisinedebernard.com/%d9%81%d8%a7%d8%b1-%d8%a8%d8%b1%d9%8a%d8%aa%d9%88%d9%86/,https://staging.lacuisinedebernard.com/%d9%81%d8%a7%d8%b1-%d8%a8%d8%b1%d9%8a%d8%aa%d9%88%d9%86
https://www.lacuisinedebernard.com/%d9%81%d8%a7%d8%b1-%d8%a8%d8%b1%d9%8a%d8%aa%d9%88%d9%86,https://staging.lacuisinedebernard.com/%d9%81%d8%a7%d8%b1-%d8%a8%d8%b1%d9%8a%d8%aa%d9%88%d9%86
https://www.lacuisinedebernard.com/%d9%81%d8%a7%d8%b1-%d8%a8%d8%b1%d9%8a%d8%aa%d9%88%d9%86/,https://staging.lacuisinedebernard.com/%d9%81%d8%a7%d8%b1-%d8%a8%d8%b1%d9%8a%d8%aa%d9%88%d9%86
https://lacuisinedebernard.com/bollos-de-cerdo-pekin,https://staging.lacuisinedebernard.com/bollos-de-cerdo-pekin
https://lacuisinedebernard.com/bollos-de-cerdo-pekin/,https://staging.lacuisinedebernard.com/bollos-de-cerdo-pekin
https://www.lacuisinedebernard.com/bollos-de-cerdo-pekin,https://staging.lacuisinedebernard.com/bollos-de-cerdo-pekin
https://www.lacuisinedebernard.com/bollos-de-cerdo-pekin/,https://staging.lacuisinedebernard.com/bollos-de-cerdo-pekin
https://lacuisinedebernard.com/cordes-sur-ciel-e-os-seus-croquants,https://staging.lacuisinedebernard.com/cordes-sur-ciel-e-os-seus-croquants
https://lacuisinedebernard.com/cordes-sur-ciel-e-os-seus-croquants/,https://staging.lacuisinedebernard.com/cordes-sur-ciel-e-os-seus-croquants
https://www.lacuisinedebernard.com/cordes-sur-ciel-e-os-seus-croquants,https://staging.lacuisinedebernard.com/cordes-sur-ciel-e-os-seus-croquants
https://www.lacuisinedebernard.com/cordes-sur-ciel-e-os-seus-croquants/,https://staging.lacuisinedebernard.com/cordes-sur-ciel-e-os-seus-croquants
https://lacuisinedebernard.com/%d8%b4%d8%b1%d8%a8%d8%a7%d8%aa-%d8%a7%d9%84%d9%85%d9%88%d8%b2,https://staging.lacuisinedebernard.com/%d8%b4%d8%b1%d8%a8%d8%a7%d8%aa-%d8%a7%d9%84%d9%85%d9%88%d8%b2
https://lacuisinedebernard.com/%d8%b4%d8%b1%d8%a8%d8%a7%d8%aa-%d8%a7%d9%84%d9%85%d9%88%d8%b2/,https://staging.lacuisinedebernard.com/%d8%b4%d8%b1%d8%a8%d8%a7%d8%aa-%d8%a7%d9%84%d9%85%d9%88%d8%b2
https://www.lacuisinedebernard.com/%d8%b4%d8%b1%d8%a8%d8%a7%d8%aa-%d8%a7%d9%84%d9%85%d9%88%d8%b2,https://staging.lacuisinedebernard.com/%d8%b4%d8%b1%d8%a8%d8%a7%d8%aa-%d8%a7%d9%84%d9%85%d9%88%d8%b2
https://www.lacuisinedebernard.com/%d8%b4%d8%b1%d8%a8%d8%a7%d8%aa-%d8%a7%d9%84%d9%85%d9%88%d8%b2/,https://staging.lacuisinedebernard.com/%d8%b4%d8%b1%d8%a8%d8%a7%d8%aa-%d8%a7%d9%84%d9%85%d9%88%d8%b2
https://lacuisinedebernard.com/todas-las-direcciones-imprescindibles-de-paris,https://staging.lacuisinedebernard.com/todas-las-direcciones-imprescindibles-de-paris
https://lacuisinedebernard.com/todas-las-direcciones-imprescindibles-de-paris/,https://staging.lacuisinedebernard.com/todas-las-direcciones-imprescindibles-de-paris
https://www.lacuisinedebernard.com/todas-las-direcciones-imprescindibles-de-paris,https://staging.lacuisinedebernard.com/todas-las-direcciones-imprescindibles-de-paris
https://www.lacuisinedebernard.com/todas-las-direcciones-imprescindibles-de-paris/,https://staging.lacuisinedebernard.com/todas-las-direcciones-imprescindibles-de-paris
https://lacuisinedebernard.com/torta-de-feijao-tonka-creme-brulee,https://staging.lacuisinedebernard.com/torta-de-feijao-tonka-creme-brulee
https://lacuisinedebernard.com/torta-de-feijao-tonka-creme-brulee/,https://staging.lacuisinedebernard.com/torta-de-feijao-tonka-creme-brulee
https://www.lacuisinedebernard.com/torta-de-feijao-tonka-creme-brulee,https://staging.lacuisinedebernard.com/torta-de-feijao-tonka-creme-brulee
https://www.lacuisinedebernard.com/torta-de-feijao-tonka-creme-brulee/,https://staging.lacuisinedebernard.com/torta-de-feijao-tonka-creme-brulee
