https://lacuisinedebernard.com/toulouse-y-su-region,https://staging.lacuisinedebernard.com/toulouse-y-su-region
https://lacuisinedebernard.com/toulouse-y-su-region/,https://staging.lacuisinedebernard.com/toulouse-y-su-region
https://www.lacuisinedebernard.com/toulouse-y-su-region,https://staging.lacuisinedebernard.com/toulouse-y-su-region
https://www.lacuisinedebernard.com/toulouse-y-su-region/,https://staging.lacuisinedebernard.com/toulouse-y-su-region
https://lacuisinedebernard.com/paezinhos-de-porco-de-pequim,https://staging.lacuisinedebernard.com/paezinhos-de-porco-de-pequim
https://lacuisinedebernard.com/paezinhos-de-porco-de-pequim/,https://staging.lacuisinedebernard.com/paezinhos-de-porco-de-pequim
https://www.lacuisinedebernard.com/paezinhos-de-porco-de-pequim,https://staging.lacuisinedebernard.com/paezinhos-de-porco-de-pequim
https://www.lacuisinedebernard.com/paezinhos-de-porco-de-pequim/,https://staging.lacuisinedebernard.com/paezinhos-de-porco-de-pequim
https://lacuisinedebernard.com/%d9%83%d9%88%d9%8a%d9%86-%d8%a7%d9%85%d8%a7%d9%86,https://staging.lacuisinedebernard.com/%d9%83%d9%88%d9%8a%d9%86-%d8%a7%d9%85%d8%a7%d9%86
https://lacuisinedebernard.com/%d9%83%d9%88%d9%8a%d9%86-%d8%a7%d9%85%d8%a7%d9%86/,https://staging.lacuisinedebernard.com/%d9%83%d9%88%d9%8a%d9%86-%d8%a7%d9%85%d8%a7%d9%86
https://www.lacuisinedebernard.com/%d9%83%d9%88%d9%8a%d9%86-%d8%a7%d9%85%d8%a7%d9%86,https://staging.lacuisinedebernard.com/%d9%83%d9%88%d9%8a%d9%86-%d8%a7%d9%85%d8%a7%d9%86
https://www.lacuisinedebernard.com/%d9%83%d9%88%d9%8a%d9%86-%d8%a7%d9%85%d8%a7%d9%86/,https://staging.lacuisinedebernard.com/%d9%83%d9%88%d9%8a%d9%86-%d8%a7%d9%85%d8%a7%d9%86
https://lacuisinedebernard.com/tonka-bean-creme-brulee-pie,https://staging.lacuisinedebernard.com/tonka-bean-creme-brulee-pie
https://lacuisinedebernard.com/tonka-bean-creme-brulee-pie/,https://staging.lacuisinedebernard.com/tonka-bean-creme-brulee-pie
https://www.lacuisinedebernard.com/tonka-bean-creme-brulee-pie,https://staging.lacuisinedebernard.com/tonka-bean-creme-brulee-pie
https://www.lacuisinedebernard.com/tonka-bean-creme-brulee-pie/,https://staging.lacuisinedebernard.com/tonka-bean-creme-brulee-pie
https://lacuisinedebernard.com/todos-os-enderecos-essenciais-em-paris,https://staging.lacuisinedebernard.com/todos-os-enderecos-essenciais-em-paris
https://lacuisinedebernard.com/todos-os-enderecos-essenciais-em-paris/,https://staging.lacuisinedebernard.com/todos-os-enderecos-essenciais-em-paris
https://www.lacuisinedebernard.com/todos-os-enderecos-essenciais-em-paris,https://staging.lacuisinedebernard.com/todos-os-enderecos-essenciais-em-paris
https://www.lacuisinedebernard.com/todos-os-enderecos-essenciais-em-paris/,https://staging.lacuisinedebernard.com/todos-os-enderecos-essenciais-em-paris
https://lacuisinedebernard.com/galletas-blandas-de-mantequilla-de-cacahuete,https://staging.lacuisinedebernard.com/galletas-blandas-de-mantequilla-de-cacahuete
https://lacuisinedebernard.com/galletas-blandas-de-mantequilla-de-cacahuete/,https://staging.lacuisinedebernard.com/galletas-blandas-de-mantequilla-de-cacahuete
https://www.lacuisinedebernard.com/galletas-blandas-de-mantequilla-de-cacahuete,https://staging.lacuisinedebernard.com/galletas-blandas-de-mantequilla-de-cacahuete
https://www.lacuisinedebernard.com/galletas-blandas-de-mantequilla-de-cacahuete/,https://staging.lacuisinedebernard.com/galletas-blandas-de-mantequilla-de-cacahuete
https://lacuisinedebernard.com/cordes-sur-ciel-and-its-croquants,https://staging.lacuisinedebernard.com/cordes-sur-ciel-and-its-croquants
https://lacuisinedebernard.com/cordes-sur-ciel-and-its-croquants/,https://staging.lacuisinedebernard.com/cordes-sur-ciel-and-its-croquants
https://www.lacuisinedebernard.com/cordes-sur-ciel-and-its-croquants,https://staging.lacuisinedebernard.com/cordes-sur-ciel-and-its-croquants
https://www.lacuisinedebernard.com/cordes-sur-ciel-and-its-croquants/,https://staging.lacuisinedebernard.com/cordes-sur-ciel-and-its-croquants
https://lacuisinedebernard.com/chocolate-atomic-muffins,https://staging.lacuisinedebernard.com/chocolate-atomic-muffins
https://lacuisinedebernard.com/chocolate-atomic-muffins/,https://staging.lacuisinedebernard.com/chocolate-atomic-muffins
https://www.lacuisinedebernard.com/chocolate-atomic-muffins,https://staging.lacuisinedebernard.com/chocolate-atomic-muffins
https://www.lacuisinedebernard.com/chocolate-atomic-muffins/,https://staging.lacuisinedebernard.com/chocolate-atomic-muffins
https://lacuisinedebernard.com/toulouse-e-a-sua-regiao,https://staging.lacuisinedebernard.com/toulouse-e-a-sua-regiao
https://lacuisinedebernard.com/toulouse-e-a-sua-regiao/,https://staging.lacuisinedebernard.com/toulouse-e-a-sua-regiao
https://www.lacuisinedebernard.com/toulouse-e-a-sua-regiao,https://staging.lacuisinedebernard.com/toulouse-e-a-sua-regiao
https://www.lacuisinedebernard.com/toulouse-e-a-sua-regiao/,https://staging.lacuisinedebernard.com/toulouse-e-a-sua-regiao
https://lacuisinedebernard.com/all-the-essential-addresses-in-paris,https://staging.lacuisinedebernard.com/all-the-essential-addresses-in-paris
https://lacuisinedebernard.com/all-the-essential-addresses-in-paris/,https://staging.lacuisinedebernard.com/all-the-essential-addresses-in-paris
https://www.lacuisinedebernard.com/all-the-essential-addresses-in-paris,https://staging.lacuisinedebernard.com/all-the-essential-addresses-in-paris
https://www.lacuisinedebernard.com/all-the-essential-addresses-in-paris/,https://staging.lacuisinedebernard.com/all-the-essential-addresses-in-paris
https://lacuisinedebernard.com/%d9%83%d9%88%d8%b1%d8%af%d8%b3-%d8%b3%d9%88%d8%b1-%d8%b3%d9%8a%d9%84-%d9%88-croquants,https://staging.lacuisinedebernard.com/%d9%83%d9%88%d8%b1%d8%af%d8%b3-%d8%b3%d9%88%d8%b1-%d8%b3%d9%8a%d9%84-%d9%88-croquants
https://lacuisinedebernard.com/%d9%83%d9%88%d8%b1%d8%af%d8%b3-%d8%b3%d9%88%d8%b1-%d8%b3%d9%8a%d9%84-%d9%88-croquants/,https://staging.lacuisinedebernard.com/%d9%83%d9%88%d8%b1%d8%af%d8%b3-%d8%b3%d9%88%d8%b1-%d8%b3%d9%8a%d9%84-%d9%88-croquants
https://www.lacuisinedebernard.com/%d9%83%d9%88%d8%b1%d8%af%d8%b3-%d8%b3%d9%88%d8%b1-%d8%b3%d9%8a%d9%84-%d9%88-croquants,https://staging.lacuisinedebernard.com/%d9%83%d9%88%d8%b1%d8%af%d8%b3-%d8%b3%d9%88%d8%b1-%d8%b3%d9%8a%d9%84-%d9%88-croquants
https://www.lacuisinedebernard.com/%d9%83%d9%88%d8%b1%d8%af%d8%b3-%d8%b3%d9%88%d8%b1-%d8%b3%d9%8a%d9%84-%d9%88-croquants/,https://staging.lacuisinedebernard.com/%d9%83%d9%88%d8%b1%d8%af%d8%b3-%d8%b3%d9%88%d8%b1-%d8%b3%d9%8a%d9%84-%d9%88-croquants
https://lacuisinedebernard.com/peking-pork-buns,https://staging.lacuisinedebernard.com/peking-pork-buns
https://lacuisinedebernard.com/peking-pork-buns/,https://staging.lacuisinedebernard.com/peking-pork-buns
https://www.lacuisinedebernard.com/peking-pork-buns,https://staging.lacuisinedebernard.com/peking-pork-buns
https://www.lacuisinedebernard.com/peking-pork-buns/,https://staging.lacuisinedebernard.com/peking-pork-buns
https://lacuisinedebernard.com/biscoitos-macios-de-manteiga-de-amendoim,https://staging.lacuisinedebernard.com/biscoitos-macios-de-manteiga-de-amendoim
https://lacuisinedebernard.com/biscoitos-macios-de-manteiga-de-amendoim/,https://staging.lacuisinedebernard.com/biscoitos-macios-de-manteiga-de-amendoim
https://www.lacuisinedebernard.com/biscoitos-macios-de-manteiga-de-amendoim,https://staging.lacuisinedebernard.com/biscoitos-macios-de-manteiga-de-amendoim
https://www.lacuisinedebernard.com/biscoitos-macios-de-manteiga-de-amendoim/,https://staging.lacuisinedebernard.com/biscoitos-macios-de-manteiga-de-amendoim
https://lacuisinedebernard.com/%d9%85%d8%a7%d9%81%d9%86-%d8%a7%d9%84%d8%b4%d9%88%d9%83%d9%88%d9%84%d8%a7%d8%aa%d8%a9,https://staging.lacuisinedebernard.com/%d9%85%d8%a7%d9%81%d9%86-%d8%a7%d9%84%d8%b4%d9%88%d9%83%d9%88%d9%84%d8%a7%d8%aa%d8%a9
https://lacuisinedebernard.com/%d9%85%d8%a7%d9%81%d9%86-%d8%a7%d9%84%d8%b4%d9%88%d9%83%d9%88%d9%84%d8%a7%d8%aa%d8%a9/,https://staging.lacuisinedebernard.com/%d9%85%d8%a7%d9%81%d9%86-%d8%a7%d9%84%d8%b4%d9%88%d9%83%d9%88%d9%84%d8%a7%d8%aa%d8%a9
https://www.lacuisinedebernard.com/%d9%85%d8%a7%d9%81%d9%86-%d8%a7%d9%84%d8%b4%d9%88%d9%83%d9%88%d9%84%d8%a7%d8%aa%d8%a9,https://staging.lacuisinedebernard.com/%d9%85%d8%a7%d9%81%d9%86-%d8%a7%d9%84%d8%b4%d9%88%d9%83%d9%88%d9%84%d8%a7%d8%aa%d8%a9
https://www.lacuisinedebernard.com/%d9%85%d8%a7%d9%81%d9%86-%d8%a7%d9%84%d8%b4%d9%88%d9%83%d9%88%d9%84%d8%a7%d8%aa%d8%a9/,https://staging.lacuisinedebernard.com/%d9%85%d8%a7%d9%81%d9%86-%d8%a7%d9%84%d8%b4%d9%88%d9%83%d9%88%d9%84%d8%a7%d8%aa%d8%a9
https://lacuisinedebernard.com/tonka-bean-creme-brulee-tart-%d8%aa%d9%88%d9%86%d9%83%d8%a7-%d8%a8%d9%8a%d9%86-%d9%83%d8%b1%d9%8a%d9%85-%d8%a8%d8%b1%d9%88%d9%84%d9%8a-%d8%aa%d8%a7%d8%b1%d8%aa,https://staging.lacuisinedebernard.com/tonka-bean-creme-brulee-tart-%d8%aa%d9%88%d9%86%d9%83%d8%a7-%d8%a8%d9%8a%d9%86-%d9%83%d8%b1%d9%8a%d9%85-%d8%a8%d8%b1%d9%88%d9%84%d9%8a-%d8%aa%d8%a7%d8%b1%d8%aa
https://lacuisinedebernard.com/tonka-bean-creme-brulee-tart-%d8%aa%d9%88%d9%86%d9%83%d8%a7-%d8%a8%d9%8a%d9%86-%d9%83%d8%b1%d9%8a%d9%85-%d8%a8%d8%b1%d9%88%d9%84%d9%8a-%d8%aa%d8%a7%d8%b1%d8%aa/,https://staging.lacuisinedebernard.com/tonka-bean-creme-brulee-tart-%d8%aa%d9%88%d9%86%d9%83%d8%a7-%d8%a8%d9%8a%d9%86-%d9%83%d8%b1%d9%8a%d9%85-%d8%a8%d8%b1%d9%88%d9%84%d9%8a-%d8%aa%d8%a7%d8%b1%d8%aa
https://www.lacuisinedebernard.com/tonka-bean-creme-brulee-tart-%d8%aa%d9%88%d9%86%d9%83%d8%a7-%d8%a8%d9%8a%d9%86-%d9%83%d8%b1%d9%8a%d9%85-%d8%a8%d8%b1%d9%88%d9%84%d9%8a-%d8%aa%d8%a7%d8%b1%d8%aa,https://staging.lacuisinedebernard.com/tonka-bean-creme-brulee-tart-%d8%aa%d9%88%d9%86%d9%83%d8%a7-%d8%a8%d9%8a%d9%86-%d9%83%d8%b1%d9%8a%d9%85-%d8%a8%d8%b1%d9%88%d9%84%d9%8a-%d8%aa%d8%a7%d8%b1%d8%aa
https://www.lacuisinedebernard.com/tonka-bean-creme-brulee-tart-%d8%aa%d9%88%d9%86%d9%83%d8%a7-%d8%a8%d9%8a%d9%86-%d9%83%d8%b1%d9%8a%d9%85-%d8%a8%d8%b1%d9%88%d9%84%d9%8a-%d8%aa%d8%a7%d8%b1%d8%aa/,https://staging.lacuisinedebernard.com/tonka-bean-creme-brulee-tart-%d8%aa%d9%88%d9%86%d9%83%d8%a7-%d8%a8%d9%8a%d9%86-%d9%83%d8%b1%d9%8a%d9%85-%d8%a8%d8%b1%d9%88%d9%84%d9%8a-%d8%aa%d8%a7%d8%b1%d8%aa
https://lacuisinedebernard.com/ravioli-de-camarao-har-gow,https://staging.lacuisinedebernard.com/ravioli-de-camarao-har-gow
https://lacuisinedebernard.com/ravioli-de-camarao-har-gow/,https://staging.lacuisinedebernard.com/ravioli-de-camarao-har-gow
https://www.lacuisinedebernard.com/ravioli-de-camarao-har-gow,https://staging.lacuisinedebernard.com/ravioli-de-camarao-har-gow
https://www.lacuisinedebernard.com/ravioli-de-camarao-har-gow/,https://staging.lacuisinedebernard.com/ravioli-de-camarao-har-gow
https://lacuisinedebernard.com/tartaro-de-salmao,https://staging.lacuisinedebernard.com/tartaro-de-salmao
https://lacuisinedebernard.com/tartaro-de-salmao/,https://staging.lacuisinedebernard.com/tartaro-de-salmao
https://www.lacuisinedebernard.com/tartaro-de-salmao,https://staging.lacuisinedebernard.com/tartaro-de-salmao
https://www.lacuisinedebernard.com/tartaro-de-salmao/,https://staging.lacuisinedebernard.com/tartaro-de-salmao
https://lacuisinedebernard.com/tokyo,https://staging.lacuisinedebernard.com/tokyo
https://lacuisinedebernard.com/tokyo/,https://staging.lacuisinedebernard.com/tokyo
https://www.lacuisinedebernard.com/tokyo,https://staging.lacuisinedebernard.com/tokyo
https://www.lacuisinedebernard.com/tokyo/,https://staging.lacuisinedebernard.com/tokyo
https://lacuisinedebernard.com/marianna-con-corazon-de-chocolate-y-vainilla,https://staging.lacuisinedebernard.com/marianna-con-corazon-de-chocolate-y-vainilla
https://lacuisinedebernard.com/marianna-con-corazon-de-chocolate-y-vainilla/,https://staging.lacuisinedebernard.com/marianna-con-corazon-de-chocolate-y-vainilla
https://www.lacuisinedebernard.com/marianna-con-corazon-de-chocolate-y-vainilla,https://staging.lacuisinedebernard.com/marianna-con-corazon-de-chocolate-y-vainilla
https://www.lacuisinedebernard.com/marianna-con-corazon-de-chocolate-y-vainilla/,https://staging.lacuisinedebernard.com/marianna-con-corazon-de-chocolate-y-vainilla
https://lacuisinedebernard.com/%d9%81%d8%b7%d9%8a%d8%b1%d8%a9-%d8%a7%d9%84%d8%b3%d9%84%d9%85%d9%88%d9%86,https://staging.lacuisinedebernard.com/%d9%81%d8%b7%d9%8a%d8%b1%d8%a9-%d8%a7%d9%84%d8%b3%d9%84%d9%85%d9%88%d9%86
https://lacuisinedebernard.com/%d9%81%d8%b7%d9%8a%d8%b1%d8%a9-%d8%a7%d9%84%d8%b3%d9%84%d9%85%d9%88%d9%86/,https://staging.lacuisinedebernard.com/%d9%81%d8%b7%d9%8a%d8%b1%d8%a9-%d8%a7%d9%84%d8%b3%d9%84%d9%85%d9%88%d9%86
https://www.lacuisinedebernard.com/%d9%81%d8%b7%d9%8a%d8%b1%d8%a9-%d8%a7%d9%84%d8%b3%d9%84%d9%85%d9%88%d9%86,https://staging.lacuisinedebernard.com/%d9%81%d8%b7%d9%8a%d8%b1%d8%a9-%d8%a7%d9%84%d8%b3%d9%84%d9%85%d9%88%d9%86
https://www.lacuisinedebernard.com/%d9%81%d8%b7%d9%8a%d8%b1%d8%a9-%d8%a7%d9%84%d8%b3%d9%84%d9%85%d9%88%d9%86/,https://staging.lacuisinedebernard.com/%d9%81%d8%b7%d9%8a%d8%b1%d8%a9-%d8%a7%d9%84%d8%b3%d9%84%d9%85%d9%88%d9%86
https://lacuisinedebernard.com/pan-de-molde-con-frutos-secos,https://staging.lacuisinedebernard.com/pan-de-molde-con-frutos-secos
https://lacuisinedebernard.com/pan-de-molde-con-frutos-secos/,https://staging.lacuisinedebernard.com/pan-de-molde-con-frutos-secos
https://www.lacuisinedebernard.com/pan-de-molde-con-frutos-secos,https://staging.lacuisinedebernard.com/pan-de-molde-con-frutos-secos
https://www.lacuisinedebernard.com/pan-de-molde-con-frutos-secos/,https://staging.lacuisinedebernard.com/pan-de-molde-con-frutos-secos
https://lacuisinedebernard.com/burdeos-y-saint-emilion,https://staging.lacuisinedebernard.com/burdeos-y-saint-emilion
https://lacuisinedebernard.com/burdeos-y-saint-emilion/,https://staging.lacuisinedebernard.com/burdeos-y-saint-emilion
https://www.lacuisinedebernard.com/burdeos-y-saint-emilion,https://staging.lacuisinedebernard.com/burdeos-y-saint-emilion
https://www.lacuisinedebernard.com/burdeos-y-saint-emilion/,https://staging.lacuisinedebernard.com/burdeos-y-saint-emilion
https://lacuisinedebernard.com/marianna-com-coracao-de-chocolate-e-baunilha,https://staging.lacuisinedebernard.com/marianna-com-coracao-de-chocolate-e-baunilha
https://lacuisinedebernard.com/marianna-com-coracao-de-chocolate-e-baunilha/,https://staging.lacuisinedebernard.com/marianna-com-coracao-de-chocolate-e-baunilha
https://www.lacuisinedebernard.com/marianna-com-coracao-de-chocolate-e-baunilha,https://staging.lacuisinedebernard.com/marianna-com-coracao-de-chocolate-e-baunilha
https://www.lacuisinedebernard.com/marianna-com-coracao-de-chocolate-e-baunilha/,https://staging.lacuisinedebernard.com/marianna-com-coracao-de-chocolate-e-baunilha
https://lacuisinedebernard.com/esfera-de-ouro,https://staging.lacuisinedebernard.com/esfera-de-ouro
https://lacuisinedebernard.com/esfera-de-ouro/,https://staging.lacuisinedebernard.com/esfera-de-ouro
https://www.lacuisinedebernard.com/esfera-de-ouro,https://staging.lacuisinedebernard.com/esfera-de-ouro
https://www.lacuisinedebernard.com/esfera-de-ouro/,https://staging.lacuisinedebernard.com/esfera-de-ouro
https://lacuisinedebernard.com/bordeaux-e-saint-emilion,https://staging.lacuisinedebernard.com/bordeaux-e-saint-emilion
https://lacuisinedebernard.com/bordeaux-e-saint-emilion/,https://staging.lacuisinedebernard.com/bordeaux-e-saint-emilion
https://www.lacuisinedebernard.com/bordeaux-e-saint-emilion,https://staging.lacuisinedebernard.com/bordeaux-e-saint-emilion
https://www.lacuisinedebernard.com/bordeaux-e-saint-emilion/,https://staging.lacuisinedebernard.com/bordeaux-e-saint-emilion
https://lacuisinedebernard.com/especulos-finos,https://staging.lacuisinedebernard.com/especulos-finos
https://lacuisinedebernard.com/especulos-finos/,https://staging.lacuisinedebernard.com/especulos-finos
https://www.lacuisinedebernard.com/especulos-finos,https://staging.lacuisinedebernard.com/especulos-finos
https://www.lacuisinedebernard.com/especulos-finos/,https://staging.lacuisinedebernard.com/especulos-finos
https://lacuisinedebernard.com/bordeaux-and-saint-emilion,https://staging.lacuisinedebernard.com/bordeaux-and-saint-emilion
https://lacuisinedebernard.com/bordeaux-and-saint-emilion/,https://staging.lacuisinedebernard.com/bordeaux-and-saint-emilion
https://www.lacuisinedebernard.com/bordeaux-and-saint-emilion,https://staging.lacuisinedebernard.com/bordeaux-and-saint-emilion
https://www.lacuisinedebernard.com/bordeaux-and-saint-emilion/,https://staging.lacuisinedebernard.com/bordeaux-and-saint-emilion
https://lacuisinedebernard.com/tokio,https://staging.lacuisinedebernard.com/tokio
https://lacuisinedebernard.com/tokio/,https://staging.lacuisinedebernard.com/tokio
https://www.lacuisinedebernard.com/tokio,https://staging.lacuisinedebernard.com/tokio
https://www.lacuisinedebernard.com/tokio/,https://staging.lacuisinedebernard.com/tokio
https://lacuisinedebernard.com/marianna-with-chocolate-and-vanilla-heart,https://staging.lacuisinedebernard.com/marianna-with-chocolate-and-vanilla-heart
https://lacuisinedebernard.com/marianna-with-chocolate-and-vanilla-heart/,https://staging.lacuisinedebernard.com/marianna-with-chocolate-and-vanilla-heart
https://www.lacuisinedebernard.com/marianna-with-chocolate-and-vanilla-heart,https://staging.lacuisinedebernard.com/marianna-with-chocolate-and-vanilla-heart
https://www.lacuisinedebernard.com/marianna-with-chocolate-and-vanilla-heart/,https://staging.lacuisinedebernard.com/marianna-with-chocolate-and-vanilla-heart
https://lacuisinedebernard.com/golden-sphere,https://staging.lacuisinedebernard.com/golden-sphere
https://lacuisinedebernard.com/golden-sphere/,https://staging.lacuisinedebernard.com/golden-sphere
https://www.lacuisinedebernard.com/golden-sphere,https://staging.lacuisinedebernard.com/golden-sphere
https://www.lacuisinedebernard.com/golden-sphere/,https://staging.lacuisinedebernard.com/golden-sphere
https://lacuisinedebernard.com/raviolis-de-gambas-har-gow,https://staging.lacuisinedebernard.com/raviolis-de-gambas-har-gow
https://lacuisinedebernard.com/raviolis-de-gambas-har-gow/,https://staging.lacuisinedebernard.com/raviolis-de-gambas-har-gow
https://www.lacuisinedebernard.com/raviolis-de-gambas-har-gow,https://staging.lacuisinedebernard.com/raviolis-de-gambas-har-gow
https://www.lacuisinedebernard.com/raviolis-de-gambas-har-gow/,https://staging.lacuisinedebernard.com/raviolis-de-gambas-har-gow
https://lacuisinedebernard.com/%d8%a8%d9%88%d8%b1%d8%af%d9%88-%d9%88%d8%b3%d8%a7%d9%86%d8%aa-%d8%a7%d9%85%d9%8a%d9%84%d9%8a%d9%88%d9%86,https://staging.lacuisinedebernard.com/%d8%a8%d9%88%d8%b1%d8%af%d9%88-%d9%88%d8%b3%d8%a7%d9%86%d8%aa-%d8%a7%d9%85%d9%8a%d9%84%d9%8a%d9%88%d9%86
https://lacuisinedebernard.com/%d8%a8%d9%88%d8%b1%d8%af%d9%88-%d9%88%d8%b3%d8%a7%d9%86%d8%aa-%d8%a7%d9%85%d9%8a%d9%84%d9%8a%d9%88%d9%86/,https://staging.lacuisinedebernard.com/%d8%a8%d9%88%d8%b1%d8%af%d9%88-%d9%88%d8%b3%d8%a7%d9%86%d8%aa-%d8%a7%d9%85%d9%8a%d9%84%d9%8a%d9%88%d9%86
https://www.lacuisinedebernard.com/%d8%a8%d9%88%d8%b1%d8%af%d9%88-%d9%88%d8%b3%d8%a7%d9%86%d8%aa-%d8%a7%d9%85%d9%8a%d9%84%d9%8a%d9%88%d9%86,https://staging.lacuisinedebernard.com/%d8%a8%d9%88%d8%b1%d8%af%d9%88-%d9%88%d8%b3%d8%a7%d9%86%d8%aa-%d8%a7%d9%85%d9%8a%d9%84%d9%8a%d9%88%d9%86
https://www.lacuisinedebernard.com/%d8%a8%d9%88%d8%b1%d8%af%d9%88-%d9%88%d8%b3%d8%a7%d9%86%d8%aa-%d8%a7%d9%85%d9%8a%d9%84%d9%8a%d9%88%d9%86/,https://staging.lacuisinedebernard.com/%d8%a8%d9%88%d8%b1%d8%af%d9%88-%d9%88%d8%b3%d8%a7%d9%86%d8%aa-%d8%a7%d9%85%d9%8a%d9%84%d9%8a%d9%88%d9%86
https://lacuisinedebernard.com/toquio,https://staging.lacuisinedebernard.com/toquio
https://lacuisinedebernard.com/toquio/,https://staging.lacuisinedebernard.com/toquio
https://www.lacuisinedebernard.com/toquio,https://staging.lacuisinedebernard.com/toquio
https://www.lacuisinedebernard.com/toquio/,https://staging.lacuisinedebernard.com/toquio
https://lacuisinedebernard.com/%d8%a7%d9%84%d9%83%d8%b1%d8%a9-%d8%a7%d9%84%d8%b0%d9%87%d8%a8%d9%8a%d8%a9,https://staging.lacuisinedebernard.com/%d8%a7%d9%84%d9%83%d8%b1%d8%a9-%d8%a7%d9%84%d8%b0%d9%87%d8%a8%d9%8a%d8%a9
https://lacuisinedebernard.com/%d8%a7%d9%84%d9%83%d8%b1%d8%a9-%d8%a7%d9%84%d8%b0%d9%87%d8%a8%d9%8a%d8%a9/,https://staging.lacuisinedebernard.com/%d8%a7%d9%84%d9%83%d8%b1%d8%a9-%d8%a7%d9%84%d8%b0%d9%87%d8%a8%d9%8a%d8%a9
https://www.lacuisinedebernard.com/%d8%a7%d9%84%d9%83%d8%b1%d8%a9-%d8%a7%d9%84%d8%b0%d9%87%d8%a8%d9%8a%d8%a9,https://staging.lacuisinedebernard.com/%d8%a7%d9%84%d9%83%d8%b1%d8%a9-%d8%a7%d9%84%d8%b0%d9%87%d8%a8%d9%8a%d8%a9
https://www.lacuisinedebernard.com/%d8%a7%d9%84%d9%83%d8%b1%d8%a9-%d8%a7%d9%84%d8%b0%d9%87%d8%a8%d9%8a%d8%a9/,https://staging.lacuisinedebernard.com/%d8%a7%d9%84%d9%83%d8%b1%d8%a9-%d8%a7%d9%84%d8%b0%d9%87%d8%a8%d9%8a%d8%a9
https://lacuisinedebernard.com/shrimp-ravioli-har-gow,https://staging.lacuisinedebernard.com/shrimp-ravioli-har-gow
https://lacuisinedebernard.com/shrimp-ravioli-har-gow/,https://staging.lacuisinedebernard.com/shrimp-ravioli-har-gow
https://www.lacuisinedebernard.com/shrimp-ravioli-har-gow,https://staging.lacuisinedebernard.com/shrimp-ravioli-har-gow
https://www.lacuisinedebernard.com/shrimp-ravioli-har-gow/,https://staging.lacuisinedebernard.com/shrimp-ravioli-har-gow
https://lacuisinedebernard.com/%d9%81%d8%b7%d8%a7%d8%a6%d8%b1-%d8%a7%d9%84%d8%b1%d9%88%d8%a8%d9%8a%d8%a7%d9%86-%d9%87%d8%a7%d8%b1-%d8%ac%d8%a7%d9%88,https://staging.lacuisinedebernard.com/%d9%81%d8%b7%d8%a7%d8%a6%d8%b1-%d8%a7%d9%84%d8%b1%d9%88%d8%a8%d9%8a%d8%a7%d9%86-%d9%87%d8%a7%d8%b1-%d8%ac%d8%a7%d9%88
https://lacuisinedebernard.com/%d9%81%d8%b7%d8%a7%d8%a6%d8%b1-%d8%a7%d9%84%d8%b1%d9%88%d8%a8%d9%8a%d8%a7%d9%86-%d9%87%d8%a7%d8%b1-%d8%ac%d8%a7%d9%88/,https://staging.lacuisinedebernard.com/%d9%81%d8%b7%d8%a7%d8%a6%d8%b1-%d8%a7%d9%84%d8%b1%d9%88%d8%a8%d9%8a%d8%a7%d9%86-%d9%87%d8%a7%d8%b1-%d8%ac%d8%a7%d9%88
https://www.lacuisinedebernard.com/%d9%81%d8%b7%d8%a7%d8%a6%d8%b1-%d8%a7%d9%84%d8%b1%d9%88%d8%a8%d9%8a%d8%a7%d9%86-%d9%87%d8%a7%d8%b1-%d8%ac%d8%a7%d9%88,https://staging.lacuisinedebernard.com/%d9%81%d8%b7%d8%a7%d8%a6%d8%b1-%d8%a7%d9%84%d8%b1%d9%88%d8%a8%d9%8a%d8%a7%d9%86-%d9%87%d8%a7%d8%b1-%d8%ac%d8%a7%d9%88
https://www.lacuisinedebernard.com/%d9%81%d8%b7%d8%a7%d8%a6%d8%b1-%d8%a7%d9%84%d8%b1%d9%88%d8%a8%d9%8a%d8%a7%d9%86-%d9%87%d8%a7%d8%b1-%d8%ac%d8%a7%d9%88/,https://staging.lacuisinedebernard.com/%d9%81%d8%b7%d8%a7%d8%a6%d8%b1-%d8%a7%d9%84%d8%b1%d9%88%d8%a8%d9%8a%d8%a7%d9%86-%d9%87%d8%a7%d8%b1-%d8%ac%d8%a7%d9%88
https://lacuisinedebernard.com/esfera-de-oro,https://staging.lacuisinedebernard.com/esfera-de-oro
https://lacuisinedebernard.com/esfera-de-oro/,https://staging.lacuisinedebernard.com/esfera-de-oro
https://www.lacuisinedebernard.com/esfera-de-oro,https://staging.lacuisinedebernard.com/esfera-de-oro
https://www.lacuisinedebernard.com/esfera-de-oro/,https://staging.lacuisinedebernard.com/esfera-de-oro
https://lacuisinedebernard.com/%d8%b7%d9%88%d9%83%d9%8a%d9%88,https://staging.lacuisinedebernard.com/%d8%b7%d9%88%d9%83%d9%8a%d9%88
https://lacuisinedebernard.com/%d8%b7%d9%88%d9%83%d9%8a%d9%88/,https://staging.lacuisinedebernard.com/%d8%b7%d9%88%d9%83%d9%8a%d9%88
https://www.lacuisinedebernard.com/%d8%b7%d9%88%d9%83%d9%8a%d9%88,https://staging.lacuisinedebernard.com/%d8%b7%d9%88%d9%83%d9%8a%d9%88
https://www.lacuisinedebernard.com/%d8%b7%d9%88%d9%83%d9%8a%d9%88/,https://staging.lacuisinedebernard.com/%d8%b7%d9%88%d9%83%d9%8a%d9%88
https://lacuisinedebernard.com/%d8%b4%d9%88%d8%b1%d8%aa%d8%a8%d8%b1%d9%8a%d8%af-%d8%a7%d9%84%d9%81%d9%88%d8%a7%d9%83%d9%87-%d8%a7%d9%84%d9%85%d8%ac%d9%81%d9%81%d8%a9,https://staging.lacuisinedebernard.com/%d8%b4%d9%88%d8%b1%d8%aa%d8%a8%d8%b1%d9%8a%d8%af-%d8%a7%d9%84%d9%81%d9%88%d8%a7%d9%83%d9%87-%d8%a7%d9%84%d9%85%d8%ac%d9%81%d9%81%d8%a9
https://lacuisinedebernard.com/%d8%b4%d9%88%d8%b1%d8%aa%d8%a8%d8%b1%d9%8a%d8%af-%d8%a7%d9%84%d9%81%d9%88%d8%a7%d9%83%d9%87-%d8%a7%d9%84%d9%85%d8%ac%d9%81%d9%81%d8%a9/,https://staging.lacuisinedebernard.com/%d8%b4%d9%88%d8%b1%d8%aa%d8%a8%d8%b1%d9%8a%d8%af-%d8%a7%d9%84%d9%81%d9%88%d8%a7%d9%83%d9%87-%d8%a7%d9%84%d9%85%d8%ac%d9%81%d9%81%d8%a9
https://www.lacuisinedebernard.com/%d8%b4%d9%88%d8%b1%d8%aa%d8%a8%d8%b1%d9%8a%d8%af-%d8%a7%d9%84%d9%81%d9%88%d8%a7%d9%83%d9%87-%d8%a7%d9%84%d9%85%d8%ac%d9%81%d9%81%d8%a9,https://staging.lacuisinedebernard.com/%d8%b4%d9%88%d8%b1%d8%aa%d8%a8%d8%b1%d9%8a%d8%af-%d8%a7%d9%84%d9%81%d9%88%d8%a7%d9%83%d9%87-%d8%a7%d9%84%d9%85%d8%ac%d9%81%d9%81%d8%a9
https://www.lacuisinedebernard.com/%d8%b4%d9%88%d8%b1%d8%aa%d8%a8%d8%b1%d9%8a%d8%af-%d8%a7%d9%84%d9%81%d9%88%d8%a7%d9%83%d9%87-%d8%a7%d9%84%d9%85%d8%ac%d9%81%d9%81%d8%a9/,https://staging.lacuisinedebernard.com/%d8%b4%d9%88%d8%b1%d8%aa%d8%a8%d8%b1%d9%8a%d8%af-%d8%a7%d9%84%d9%81%d9%88%d8%a7%d9%83%d9%87-%d8%a7%d9%84%d9%85%d8%ac%d9%81%d9%81%d8%a9
https://lacuisinedebernard.com/shortbread-with-dried-fruits,https://staging.lacuisinedebernard.com/shortbread-with-dried-fruits
https://lacuisinedebernard.com/shortbread-with-dried-fruits/,https://staging.lacuisinedebernard.com/shortbread-with-dried-fruits
https://www.lacuisinedebernard.com/shortbread-with-dried-fruits,https://staging.lacuisinedebernard.com/shortbread-with-dried-fruits
https://www.lacuisinedebernard.com/shortbread-with-dried-fruits/,https://staging.lacuisinedebernard.com/shortbread-with-dried-fruits
https://lacuisinedebernard.com/salmon-tartar,https://staging.lacuisinedebernard.com/salmon-tartar
https://lacuisinedebernard.com/salmon-tartar/,https://staging.lacuisinedebernard.com/salmon-tartar
https://www.lacuisinedebernard.com/salmon-tartar,https://staging.lacuisinedebernard.com/salmon-tartar
https://www.lacuisinedebernard.com/salmon-tartar/,https://staging.lacuisinedebernard.com/salmon-tartar
https://lacuisinedebernard.com/fine-speculoos,https://staging.lacuisinedebernard.com/fine-speculoos
https://lacuisinedebernard.com/fine-speculoos/,https://staging.lacuisinedebernard.com/fine-speculoos
https://www.lacuisinedebernard.com/fine-speculoos,https://staging.lacuisinedebernard.com/fine-speculoos
https://www.lacuisinedebernard.com/fine-speculoos/,https://staging.lacuisinedebernard.com/fine-speculoos
https://lacuisinedebernard.com/pao-curto-com-frutos-secos,https://staging.lacuisinedebernard.com/pao-curto-com-frutos-secos
https://lacuisinedebernard.com/pao-curto-com-frutos-secos/,https://staging.lacuisinedebernard.com/pao-curto-com-frutos-secos
https://www.lacuisinedebernard.com/pao-curto-com-frutos-secos,https://staging.lacuisinedebernard.com/pao-curto-com-frutos-secos
https://www.lacuisinedebernard.com/pao-curto-com-frutos-secos/,https://staging.lacuisinedebernard.com/pao-curto-com-frutos-secos
https://lacuisinedebernard.com/%d9%85%d8%a7%d8%b1%d9%8a%d8%a7%d9%86%d8%a7-%d8%a8%d8%a7%d9%84%d8%b4%d9%88%d9%83%d9%88%d9%84%d8%a7%d8%aa%d8%a9-%d9%88-%d9%82%d9%84%d8%a8-%d8%a7%d9%84%d9%81%d8%a7%d9%86%d9%8a%d9%84%d9%8a%d8%a7,https://staging.lacuisinedebernard.com/%d9%85%d8%a7%d8%b1%d9%8a%d8%a7%d9%86%d8%a7-%d8%a8%d8%a7%d9%84%d8%b4%d9%88%d9%83%d9%88%d9%84%d8%a7%d8%aa%d8%a9-%d9%88-%d9%82%d9%84%d8%a8-%d8%a7%d9%84%d9%81%d8%a7%d9%86%d9%8a%d9%84%d9%8a%d8%a7
https://lacuisinedebernard.com/%d9%85%d8%a7%d8%b1%d9%8a%d8%a7%d9%86%d8%a7-%d8%a8%d8%a7%d9%84%d8%b4%d9%88%d9%83%d9%88%d9%84%d8%a7%d8%aa%d8%a9-%d9%88-%d9%82%d9%84%d8%a8-%d8%a7%d9%84%d9%81%d8%a7%d9%86%d9%8a%d9%84%d9%8a%d8%a7/,https://staging.lacuisinedebernard.com/%d9%85%d8%a7%d8%b1%d9%8a%d8%a7%d9%86%d8%a7-%d8%a8%d8%a7%d9%84%d8%b4%d9%88%d9%83%d9%88%d9%84%d8%a7%d8%aa%d8%a9-%d9%88-%d9%82%d9%84%d8%a8-%d8%a7%d9%84%d9%81%d8%a7%d9%86%d9%8a%d9%84%d9%8a%d8%a7
https://www.lacuisinedebernard.com/%d9%85%d8%a7%d8%b1%d9%8a%d8%a7%d9%86%d8%a7-%d8%a8%d8%a7%d9%84%d8%b4%d9%88%d9%83%d9%88%d9%84%d8%a7%d8%aa%d8%a9-%d9%88-%d9%82%d9%84%d8%a8-%d8%a7%d9%84%d9%81%d8%a7%d9%86%d9%8a%d9%84%d9%8a%d8%a7,https://staging.lacuisinedebernard.com/%d9%85%d8%a7%d8%b1%d9%8a%d8%a7%d9%86%d8%a7-%d8%a8%d8%a7%d9%84%d8%b4%d9%88%d9%83%d9%88%d9%84%d8%a7%d8%aa%d8%a9-%d9%88-%d9%82%d9%84%d8%a8-%d8%a7%d9%84%d9%81%d8%a7%d9%86%d9%8a%d9%84%d9%8a%d8%a7
https://www.lacuisinedebernard.com/%d9%85%d8%a7%d8%b1%d9%8a%d8%a7%d9%86%d8%a7-%d8%a8%d8%a7%d9%84%d8%b4%d9%88%d9%83%d9%88%d9%84%d8%a7%d8%aa%d8%a9-%d9%88-%d9%82%d9%84%d8%a8-%d8%a7%d9%84%d9%81%d8%a7%d9%86%d9%8a%d9%84%d9%8a%d8%a7/,https://staging.lacuisinedebernard.com/%d9%85%d8%a7%d8%b1%d9%8a%d8%a7%d9%86%d8%a7-%d8%a8%d8%a7%d9%84%d8%b4%d9%88%d9%83%d9%88%d9%84%d8%a7%d8%aa%d8%a9-%d9%88-%d9%82%d9%84%d8%a8-%d8%a7%d9%84%d9%81%d8%a7%d9%86%d9%8a%d9%84%d9%8a%d8%a7
https://lacuisinedebernard.com/beirut,https://staging.lacuisinedebernard.com/beirut
https://lacuisinedebernard.com/beirut/,https://staging.lacuisinedebernard.com/beirut
https://www.lacuisinedebernard.com/beirut,https://staging.lacuisinedebernard.com/beirut
https://www.lacuisinedebernard.com/beirut/,https://staging.lacuisinedebernard.com/beirut
https://lacuisinedebernard.com/tartar-de-salmon,https://staging.lacuisinedebernard.com/tartar-de-salmon
https://lacuisinedebernard.com/tartar-de-salmon/,https://staging.lacuisinedebernard.com/tartar-de-salmon
https://www.lacuisinedebernard.com/tartar-de-salmon,https://staging.lacuisinedebernard.com/tartar-de-salmon
https://www.lacuisinedebernard.com/tartar-de-salmon/,https://staging.lacuisinedebernard.com/tartar-de-salmon
https://lacuisinedebernard.com/%d8%b3%d8%a8%d9%8a%d9%83%d9%88%d9%84%d9%88%d8%b3-%d8%a7%d9%84%d8%ac%d9%85%d9%8a%d9%84%d8%a9,https://staging.lacuisinedebernard.com/%d8%b3%d8%a8%d9%8a%d9%83%d9%88%d9%84%d9%88%d8%b3-%d8%a7%d9%84%d8%ac%d9%85%d9%8a%d9%84%d8%a9
https://lacuisinedebernard.com/%d8%b3%d8%a8%d9%8a%d9%83%d9%88%d9%84%d9%88%d8%b3-%d8%a7%d9%84%d8%ac%d9%85%d9%8a%d9%84%d8%a9/,https://staging.lacuisinedebernard.com/%d8%b3%d8%a8%d9%8a%d9%83%d9%88%d9%84%d9%88%d8%b3-%d8%a7%d9%84%d8%ac%d9%85%d9%8a%d9%84%d8%a9
https://www.lacuisinedebernard.com/%d8%b3%d8%a8%d9%8a%d9%83%d9%88%d9%84%d9%88%d8%b3-%d8%a7%d9%84%d8%ac%d9%85%d9%8a%d9%84%d8%a9,https://staging.lacuisinedebernard.com/%d8%b3%d8%a8%d9%8a%d9%83%d9%88%d9%84%d9%88%d8%b3-%d8%a7%d9%84%d8%ac%d9%85%d9%8a%d9%84%d8%a9
https://www.lacuisinedebernard.com/%d8%b3%d8%a8%d9%8a%d9%83%d9%88%d9%84%d9%88%d8%b3-%d8%a7%d9%84%d8%ac%d9%85%d9%8a%d9%84%d8%a9/,https://staging.lacuisinedebernard.com/%d8%b3%d8%a8%d9%8a%d9%83%d9%88%d9%84%d9%88%d8%b3-%d8%a7%d9%84%d8%ac%d9%85%d9%8a%d9%84%d8%a9
https://lacuisinedebernard.com/chouquettes,https://staging.lacuisinedebernard.com/chouquettes
https://lacuisinedebernard.com/chouquettes/,https://staging.lacuisinedebernard.com/chouquettes
https://www.lacuisinedebernard.com/chouquettes,https://staging.lacuisinedebernard.com/chouquettes
https://www.lacuisinedebernard.com/chouquettes/,https://staging.lacuisinedebernard.com/chouquettes
https://lacuisinedebernard.com/nems-estaladicos-de-abacate,https://staging.lacuisinedebernard.com/nems-estaladicos-de-abacate
https://lacuisinedebernard.com/nems-estaladicos-de-abacate/,https://staging.lacuisinedebernard.com/nems-estaladicos-de-abacate
https://www.lacuisinedebernard.com/nems-estaladicos-de-abacate,https://staging.lacuisinedebernard.com/nems-estaladicos-de-abacate
https://www.lacuisinedebernard.com/nems-estaladicos-de-abacate/,https://staging.lacuisinedebernard.com/nems-estaladicos-de-abacate
https://lacuisinedebernard.com/nems-de-aguacate-crujiente,https://staging.lacuisinedebernard.com/nems-de-aguacate-crujiente
https://lacuisinedebernard.com/nems-de-aguacate-crujiente/,https://staging.lacuisinedebernard.com/nems-de-aguacate-crujiente
https://www.lacuisinedebernard.com/nems-de-aguacate-crujiente,https://staging.lacuisinedebernard.com/nems-de-aguacate-crujiente
https://www.lacuisinedebernard.com/nems-de-aguacate-crujiente/,https://staging.lacuisinedebernard.com/nems-de-aguacate-crujiente
https://lacuisinedebernard.com/crumpets,https://staging.lacuisinedebernard.com/crumpets
https://lacuisinedebernard.com/crumpets/,https://staging.lacuisinedebernard.com/crumpets
https://www.lacuisinedebernard.com/crumpets,https://staging.lacuisinedebernard.com/crumpets
https://www.lacuisinedebernard.com/crumpets/,https://staging.lacuisinedebernard.com/crumpets
https://lacuisinedebernard.com/crispy-avocado-nems,https://staging.lacuisinedebernard.com/crispy-avocado-nems
https://lacuisinedebernard.com/crispy-avocado-nems/,https://staging.lacuisinedebernard.com/crispy-avocado-nems
https://www.lacuisinedebernard.com/crispy-avocado-nems,https://staging.lacuisinedebernard.com/crispy-avocado-nems
https://www.lacuisinedebernard.com/crispy-avocado-nems/,https://staging.lacuisinedebernard.com/crispy-avocado-nems
https://lacuisinedebernard.com/%d9%86%d9%8a%d9%85-%d9%85%d9%82%d8%b1%d9%85%d8%b4-%d9%85%d8%b9-%d8%a7%d9%84%d8%a3%d9%81%d9%88%d9%83%d8%a7%d8%af%d9%88,https://staging.lacuisinedebernard.com/%d9%86%d9%8a%d9%85-%d9%85%d9%82%d8%b1%d9%85%d8%b4-%d9%85%d8%b9-%d8%a7%d9%84%d8%a3%d9%81%d9%88%d9%83%d8%a7%d8%af%d9%88
https://lacuisinedebernard.com/%d9%86%d9%8a%d9%85-%d9%85%d9%82%d8%b1%d9%85%d8%b4-%d9%85%d8%b9-%d8%a7%d9%84%d8%a3%d9%81%d9%88%d9%83%d8%a7%d8%af%d9%88/,https://staging.lacuisinedebernard.com/%d9%86%d9%8a%d9%85-%d9%85%d9%82%d8%b1%d9%85%d8%b4-%d9%85%d8%b9-%d8%a7%d9%84%d8%a3%d9%81%d9%88%d9%83%d8%a7%d8%af%d9%88
https://www.lacuisinedebernard.com/%d9%86%d9%8a%d9%85-%d9%85%d9%82%d8%b1%d9%85%d8%b4-%d9%85%d8%b9-%d8%a7%d9%84%d8%a3%d9%81%d9%88%d9%83%d8%a7%d8%af%d9%88,https://staging.lacuisinedebernard.com/%d9%86%d9%8a%d9%85-%d9%85%d9%82%d8%b1%d9%85%d8%b4-%d9%85%d8%b9-%d8%a7%d9%84%d8%a3%d9%81%d9%88%d9%83%d8%a7%d8%af%d9%88
https://www.lacuisinedebernard.com/%d9%86%d9%8a%d9%85-%d9%85%d9%82%d8%b1%d9%85%d8%b4-%d9%85%d8%b9-%d8%a7%d9%84%d8%a3%d9%81%d9%88%d9%83%d8%a7%d8%af%d9%88/,https://staging.lacuisinedebernard.com/%d9%86%d9%8a%d9%85-%d9%85%d9%82%d8%b1%d9%85%d8%b4-%d9%85%d8%b9-%d8%a7%d9%84%d8%a3%d9%81%d9%88%d9%83%d8%a7%d8%af%d9%88
https://lacuisinedebernard.com/%d8%a7%d9%84%d9%81%d8%b7%d8%a7%d8%a6%d8%b1-%d8%a7%d9%84%d8%b5%d8%ba%d9%8a%d8%b1%d8%a9,https://staging.lacuisinedebernard.com/%d8%a7%d9%84%d9%81%d8%b7%d8%a7%d8%a6%d8%b1-%d8%a7%d9%84%d8%b5%d8%ba%d9%8a%d8%b1%d8%a9
https://lacuisinedebernard.com/%d8%a7%d9%84%d9%81%d8%b7%d8%a7%d8%a6%d8%b1-%d8%a7%d9%84%d8%b5%d8%ba%d9%8a%d8%b1%d8%a9/,https://staging.lacuisinedebernard.com/%d8%a7%d9%84%d9%81%d8%b7%d8%a7%d8%a6%d8%b1-%d8%a7%d9%84%d8%b5%d8%ba%d9%8a%d8%b1%d8%a9
https://www.lacuisinedebernard.com/%d8%a7%d9%84%d9%81%d8%b7%d8%a7%d8%a6%d8%b1-%d8%a7%d9%84%d8%b5%d8%ba%d9%8a%d8%b1%d8%a9,https://staging.lacuisinedebernard.com/%d8%a7%d9%84%d9%81%d8%b7%d8%a7%d8%a6%d8%b1-%d8%a7%d9%84%d8%b5%d8%ba%d9%8a%d8%b1%d8%a9
https://www.lacuisinedebernard.com/%d8%a7%d9%84%d9%81%d8%b7%d8%a7%d8%a6%d8%b1-%d8%a7%d9%84%d8%b5%d8%ba%d9%8a%d8%b1%d8%a9/,https://staging.lacuisinedebernard.com/%d8%a7%d9%84%d9%81%d8%b7%d8%a7%d8%a6%d8%b1-%d8%a7%d9%84%d8%b5%d8%ba%d9%8a%d8%b1%d8%a9
https://lacuisinedebernard.com/bunuelos-griegos-de-calabacin-y-feta-kolokythokeftede,https://staging.lacuisinedebernard.com/bunuelos-griegos-de-calabacin-y-feta-kolokythokeftede
https://lacuisinedebernard.com/bunuelos-griegos-de-calabacin-y-feta-kolokythokeftede/,https://staging.lacuisinedebernard.com/bunuelos-griegos-de-calabacin-y-feta-kolokythokeftede
https://www.lacuisinedebernard.com/bunuelos-griegos-de-calabacin-y-feta-kolokythokeftede,https://staging.lacuisinedebernard.com/bunuelos-griegos-de-calabacin-y-feta-kolokythokeftede
https://www.lacuisinedebernard.com/bunuelos-griegos-de-calabacin-y-feta-kolokythokeftede/,https://staging.lacuisinedebernard.com/bunuelos-griegos-de-calabacin-y-feta-kolokythokeftede
https://lacuisinedebernard.com/aboborinha-grega-e-fritos-de-feta-kolokythokeftede,https://staging.lacuisinedebernard.com/aboborinha-grega-e-fritos-de-feta-kolokythokeftede
https://lacuisinedebernard.com/aboborinha-grega-e-fritos-de-feta-kolokythokeftede/,https://staging.lacuisinedebernard.com/aboborinha-grega-e-fritos-de-feta-kolokythokeftede
https://www.lacuisinedebernard.com/aboborinha-grega-e-fritos-de-feta-kolokythokeftede,https://staging.lacuisinedebernard.com/aboborinha-grega-e-fritos-de-feta-kolokythokeftede
https://www.lacuisinedebernard.com/aboborinha-grega-e-fritos-de-feta-kolokythokeftede/,https://staging.lacuisinedebernard.com/aboborinha-grega-e-fritos-de-feta-kolokythokeftede
https://lacuisinedebernard.com/bourmas-de-nozes-baklava-amassada,https://staging.lacuisinedebernard.com/bourmas-de-nozes-baklava-amassada
https://lacuisinedebernard.com/bourmas-de-nozes-baklava-amassada/,https://staging.lacuisinedebernard.com/bourmas-de-nozes-baklava-amassada
https://www.lacuisinedebernard.com/bourmas-de-nozes-baklava-amassada,https://staging.lacuisinedebernard.com/bourmas-de-nozes-baklava-amassada
https://www.lacuisinedebernard.com/bourmas-de-nozes-baklava-amassada/,https://staging.lacuisinedebernard.com/bourmas-de-nozes-baklava-amassada
https://lacuisinedebernard.com/greek-zucchini-and-feta-fritters-kolokythokeftede,https://staging.lacuisinedebernard.com/greek-zucchini-and-feta-fritters-kolokythokeftede
https://lacuisinedebernard.com/greek-zucchini-and-feta-fritters-kolokythokeftede/,https://staging.lacuisinedebernard.com/greek-zucchini-and-feta-fritters-kolokythokeftede
https://www.lacuisinedebernard.com/greek-zucchini-and-feta-fritters-kolokythokeftede,https://staging.lacuisinedebernard.com/greek-zucchini-and-feta-fritters-kolokythokeftede
https://www.lacuisinedebernard.com/greek-zucchini-and-feta-fritters-kolokythokeftede/,https://staging.lacuisinedebernard.com/greek-zucchini-and-feta-fritters-kolokythokeftede
https://lacuisinedebernard.com/%d8%a7%d9%84%d8%ac%d9%88%d8%b2-%d8%a8%d9%88%d8%b1%d9%85%d8%a7%d8%b3-%d8%a8%d9%82%d9%84%d8%a7%d9%88%d8%a9-%d9%85%d8%ac%d8%b9%d8%af%d8%a9,https://staging.lacuisinedebernard.com/%d8%a7%d9%84%d8%ac%d9%88%d8%b2-%d8%a8%d9%88%d8%b1%d9%85%d8%a7%d8%b3-%d8%a8%d9%82%d9%84%d8%a7%d9%88%d8%a9-%d9%85%d8%ac%d8%b9%d8%af%d8%a9
https://lacuisinedebernard.com/%d8%a7%d9%84%d8%ac%d9%88%d8%b2-%d8%a8%d9%88%d8%b1%d9%85%d8%a7%d8%b3-%d8%a8%d9%82%d9%84%d8%a7%d9%88%d8%a9-%d9%85%d8%ac%d8%b9%d8%af%d8%a9/,https://staging.lacuisinedebernard.com/%d8%a7%d9%84%d8%ac%d9%88%d8%b2-%d8%a8%d9%88%d8%b1%d9%85%d8%a7%d8%b3-%d8%a8%d9%82%d9%84%d8%a7%d9%88%d8%a9-%d9%85%d8%ac%d8%b9%d8%af%d8%a9
https://www.lacuisinedebernard.com/%d8%a7%d9%84%d8%ac%d9%88%d8%b2-%d8%a8%d9%88%d8%b1%d9%85%d8%a7%d8%b3-%d8%a8%d9%82%d9%84%d8%a7%d9%88%d8%a9-%d9%85%d8%ac%d8%b9%d8%af%d8%a9,https://staging.lacuisinedebernard.com/%d8%a7%d9%84%d8%ac%d9%88%d8%b2-%d8%a8%d9%88%d8%b1%d9%85%d8%a7%d8%b3-%d8%a8%d9%82%d9%84%d8%a7%d9%88%d8%a9-%d9%85%d8%ac%d8%b9%d8%af%d8%a9
https://www.lacuisinedebernard.com/%d8%a7%d9%84%d8%ac%d9%88%d8%b2-%d8%a8%d9%88%d8%b1%d9%85%d8%a7%d8%b3-%d8%a8%d9%82%d9%84%d8%a7%d9%88%d8%a9-%d9%85%d8%ac%d8%b9%d8%af%d8%a9/,https://staging.lacuisinedebernard.com/%d8%a7%d9%84%d8%ac%d9%88%d8%b2-%d8%a8%d9%88%d8%b1%d9%85%d8%a7%d8%b3-%d8%a8%d9%82%d9%84%d8%a7%d9%88%d8%a9-%d9%85%d8%ac%d8%b9%d8%af%d8%a9
https://lacuisinedebernard.com/%d9%81%d8%b7%d8%a7%d8%a6%d8%b1-%d8%a7%d9%84%d9%83%d9%88%d8%b3%d8%a9-%d9%88%d8%a7%d9%84%d9%81%d9%8a%d8%aa%d8%a7-%d8%a7%d9%84%d9%8a%d9%88%d9%86%d8%a7%d9%86%d9%8a%d8%a9-%d8%8c-kolokythokeftede,https://staging.lacuisinedebernard.com/%d9%81%d8%b7%d8%a7%d8%a6%d8%b1-%d8%a7%d9%84%d9%83%d9%88%d8%b3%d8%a9-%d9%88%d8%a7%d9%84%d9%81%d9%8a%d8%aa%d8%a7-%d8%a7%d9%84%d9%8a%d9%88%d9%86%d8%a7%d9%86%d9%8a%d8%a9-%d8%8c-kolokythokeftede
https://lacuisinedebernard.com/%d9%81%d8%b7%d8%a7%d8%a6%d8%b1-%d8%a7%d9%84%d9%83%d9%88%d8%b3%d8%a9-%d9%88%d8%a7%d9%84%d9%81%d9%8a%d8%aa%d8%a7-%d8%a7%d9%84%d9%8a%d9%88%d9%86%d8%a7%d9%86%d9%8a%d8%a9-%d8%8c-kolokythokeftede/,https://staging.lacuisinedebernard.com/%d9%81%d8%b7%d8%a7%d8%a6%d8%b1-%d8%a7%d9%84%d9%83%d9%88%d8%b3%d8%a9-%d9%88%d8%a7%d9%84%d9%81%d9%8a%d8%aa%d8%a7-%d8%a7%d9%84%d9%8a%d9%88%d9%86%d8%a7%d9%86%d9%8a%d8%a9-%d8%8c-kolokythokeftede
https://www.lacuisinedebernard.com/%d9%81%d8%b7%d8%a7%d8%a6%d8%b1-%d8%a7%d9%84%d9%83%d9%88%d8%b3%d8%a9-%d9%88%d8%a7%d9%84%d9%81%d9%8a%d8%aa%d8%a7-%d8%a7%d9%84%d9%8a%d9%88%d9%86%d8%a7%d9%86%d9%8a%d8%a9-%d8%8c-kolokythokeftede,https://staging.lacuisinedebernard.com/%d9%81%d8%b7%d8%a7%d8%a6%d8%b1-%d8%a7%d9%84%d9%83%d9%88%d8%b3%d8%a9-%d9%88%d8%a7%d9%84%d9%81%d9%8a%d8%aa%d8%a7-%d8%a7%d9%84%d9%8a%d9%88%d9%86%d8%a7%d9%86%d9%8a%d8%a9-%d8%8c-kolokythokeftede
https://www.lacuisinedebernard.com/%d9%81%d8%b7%d8%a7%d8%a6%d8%b1-%d8%a7%d9%84%d9%83%d9%88%d8%b3%d8%a9-%d9%88%d8%a7%d9%84%d9%81%d9%8a%d8%aa%d8%a7-%d8%a7%d9%84%d9%8a%d9%88%d9%86%d8%a7%d9%86%d9%8a%d8%a9-%d8%8c-kolokythokeftede/,https://staging.lacuisinedebernard.com/%d9%81%d8%b7%d8%a7%d8%a6%d8%b1-%d8%a7%d9%84%d9%83%d9%88%d8%b3%d8%a9-%d9%88%d8%a7%d9%84%d9%81%d9%8a%d8%aa%d8%a7-%d8%a7%d9%84%d9%8a%d9%88%d9%86%d8%a7%d9%86%d9%8a%d8%a9-%d8%8c-kolokythokeftede
https://lacuisinedebernard.com/bunuelos-de-tomate-griegos-domatokeftedes,https://staging.lacuisinedebernard.com/bunuelos-de-tomate-griegos-domatokeftedes
https://lacuisinedebernard.com/bunuelos-de-tomate-griegos-domatokeftedes/,https://staging.lacuisinedebernard.com/bunuelos-de-tomate-griegos-domatokeftedes
https://www.lacuisinedebernard.com/bunuelos-de-tomate-griegos-domatokeftedes,https://staging.lacuisinedebernard.com/bunuelos-de-tomate-griegos-domatokeftedes
https://www.lacuisinedebernard.com/bunuelos-de-tomate-griegos-domatokeftedes/,https://staging.lacuisinedebernard.com/bunuelos-de-tomate-griegos-domatokeftedes
https://lacuisinedebernard.com/fritos-de-tomate-gregos-domatokeftedes,https://staging.lacuisinedebernard.com/fritos-de-tomate-gregos-domatokeftedes
https://lacuisinedebernard.com/fritos-de-tomate-gregos-domatokeftedes/,https://staging.lacuisinedebernard.com/fritos-de-tomate-gregos-domatokeftedes
https://www.lacuisinedebernard.com/fritos-de-tomate-gregos-domatokeftedes,https://staging.lacuisinedebernard.com/fritos-de-tomate-gregos-domatokeftedes
https://www.lacuisinedebernard.com/fritos-de-tomate-gregos-domatokeftedes/,https://staging.lacuisinedebernard.com/fritos-de-tomate-gregos-domatokeftedes
https://lacuisinedebernard.com/bourmas-de-nueces-baklava-arrugada,https://staging.lacuisinedebernard.com/bourmas-de-nueces-baklava-arrugada
https://lacuisinedebernard.com/bourmas-de-nueces-baklava-arrugada/,https://staging.lacuisinedebernard.com/bourmas-de-nueces-baklava-arrugada
https://www.lacuisinedebernard.com/bourmas-de-nueces-baklava-arrugada,https://staging.lacuisinedebernard.com/bourmas-de-nueces-baklava-arrugada
https://www.lacuisinedebernard.com/bourmas-de-nueces-baklava-arrugada/,https://staging.lacuisinedebernard.com/bourmas-de-nueces-baklava-arrugada
https://lacuisinedebernard.com/walnut-bourmas-crumpled-baklava,https://staging.lacuisinedebernard.com/walnut-bourmas-crumpled-baklava
https://lacuisinedebernard.com/walnut-bourmas-crumpled-baklava/,https://staging.lacuisinedebernard.com/walnut-bourmas-crumpled-baklava
https://www.lacuisinedebernard.com/walnut-bourmas-crumpled-baklava,https://staging.lacuisinedebernard.com/walnut-bourmas-crumpled-baklava
https://www.lacuisinedebernard.com/walnut-bourmas-crumpled-baklava/,https://staging.lacuisinedebernard.com/walnut-bourmas-crumpled-baklava
https://lacuisinedebernard.com/greek-tomato-fritters-domatokeftedes,https://staging.lacuisinedebernard.com/greek-tomato-fritters-domatokeftedes
https://lacuisinedebernard.com/greek-tomato-fritters-domatokeftedes/,https://staging.lacuisinedebernard.com/greek-tomato-fritters-domatokeftedes
https://www.lacuisinedebernard.com/greek-tomato-fritters-domatokeftedes,https://staging.lacuisinedebernard.com/greek-tomato-fritters-domatokeftedes
https://www.lacuisinedebernard.com/greek-tomato-fritters-domatokeftedes/,https://staging.lacuisinedebernard.com/greek-tomato-fritters-domatokeftedes
https://lacuisinedebernard.com/%d9%81%d8%b7%d8%a7%d8%a6%d8%b1-%d8%a7%d9%84%d8%b7%d9%85%d8%a7%d8%b7%d9%85-%d8%a7%d9%84%d9%8a%d9%88%d9%86%d8%a7%d9%86%d9%8a%d8%a9-domatokeftedes,https://staging.lacuisinedebernard.com/%d9%81%d8%b7%d8%a7%d8%a6%d8%b1-%d8%a7%d9%84%d8%b7%d9%85%d8%a7%d8%b7%d9%85-%d8%a7%d9%84%d9%8a%d9%88%d9%86%d8%a7%d9%86%d9%8a%d8%a9-domatokeftedes
https://lacuisinedebernard.com/%d9%81%d8%b7%d8%a7%d8%a6%d8%b1-%d8%a7%d9%84%d8%b7%d9%85%d8%a7%d8%b7%d9%85-%d8%a7%d9%84%d9%8a%d9%88%d9%86%d8%a7%d9%86%d9%8a%d8%a9-domatokeftedes/,https://staging.lacuisinedebernard.com/%d9%81%d8%b7%d8%a7%d8%a6%d8%b1-%d8%a7%d9%84%d8%b7%d9%85%d8%a7%d8%b7%d9%85-%d8%a7%d9%84%d9%8a%d9%88%d9%86%d8%a7%d9%86%d9%8a%d8%a9-domatokeftedes
https://www.lacuisinedebernard.com/%d9%81%d8%b7%d8%a7%d8%a6%d8%b1-%d8%a7%d9%84%d8%b7%d9%85%d8%a7%d8%b7%d9%85-%d8%a7%d9%84%d9%8a%d9%88%d9%86%d8%a7%d9%86%d9%8a%d8%a9-domatokeftedes,https://staging.lacuisinedebernard.com/%d9%81%d8%b7%d8%a7%d8%a6%d8%b1-%d8%a7%d9%84%d8%b7%d9%85%d8%a7%d8%b7%d9%85-%d8%a7%d9%84%d9%8a%d9%88%d9%86%d8%a7%d9%86%d9%8a%d8%a9-domatokeftedes
https://www.lacuisinedebernard.com/%d9%81%d8%b7%d8%a7%d8%a6%d8%b1-%d8%a7%d9%84%d8%b7%d9%85%d8%a7%d8%b7%d9%85-%d8%a7%d9%84%d9%8a%d9%88%d9%86%d8%a7%d9%86%d9%8a%d8%a9-domatokeftedes/,https://staging.lacuisinedebernard.com/%d9%81%d8%b7%d8%a7%d8%a6%d8%b1-%d8%a7%d9%84%d8%b7%d9%85%d8%a7%d8%b7%d9%85-%d8%a7%d9%84%d9%8a%d9%88%d9%86%d8%a7%d9%86%d9%8a%d8%a9-domatokeftedes
https://lacuisinedebernard.com/salade-au-poulet-et-orange,https://staging.lacuisinedebernard.com/salade-au-poulet-et-orange
https://lacuisinedebernard.com/salade-au-poulet-et-orange/,https://staging.lacuisinedebernard.com/salade-au-poulet-et-orange
https://www.lacuisinedebernard.com/salade-au-poulet-et-orange,https://staging.lacuisinedebernard.com/salade-au-poulet-et-orange
https://www.lacuisinedebernard.com/salade-au-poulet-et-orange/,https://staging.lacuisinedebernard.com/salade-au-poulet-et-orange
https://lacuisinedebernard.com/beignets-grecs-de-tomates-domatokeftedes,https://staging.lacuisinedebernard.com/beignets-grecs-de-tomates-domatokeftedes
https://lacuisinedebernard.com/beignets-grecs-de-tomates-domatokeftedes/,https://staging.lacuisinedebernard.com/beignets-grecs-de-tomates-domatokeftedes
https://www.lacuisinedebernard.com/beignets-grecs-de-tomates-domatokeftedes,https://staging.lacuisinedebernard.com/beignets-grecs-de-tomates-domatokeftedes
https://www.lacuisinedebernard.com/beignets-grecs-de-tomates-domatokeftedes/,https://staging.lacuisinedebernard.com/beignets-grecs-de-tomates-domatokeftedes
https://lacuisinedebernard.com/baklavas-aux-noix,https://staging.lacuisinedebernard.com/baklavas-aux-noix
https://lacuisinedebernard.com/baklavas-aux-noix/,https://staging.lacuisinedebernard.com/baklavas-aux-noix
https://www.lacuisinedebernard.com/baklavas-aux-noix,https://staging.lacuisinedebernard.com/baklavas-aux-noix
https://www.lacuisinedebernard.com/baklavas-aux-noix/,https://staging.lacuisinedebernard.com/baklavas-aux-noix
https://lacuisinedebernard.com/beignets-grecs-de-courgette-et-feta-kolokythokeftede,https://staging.lacuisinedebernard.com/beignets-grecs-de-courgette-et-feta-kolokythokeftede
https://lacuisinedebernard.com/beignets-grecs-de-courgette-et-feta-kolokythokeftede/,https://staging.lacuisinedebernard.com/beignets-grecs-de-courgette-et-feta-kolokythokeftede
https://www.lacuisinedebernard.com/beignets-grecs-de-courgette-et-feta-kolokythokeftede,https://staging.lacuisinedebernard.com/beignets-grecs-de-courgette-et-feta-kolokythokeftede
https://www.lacuisinedebernard.com/beignets-grecs-de-courgette-et-feta-kolokythokeftede/,https://staging.lacuisinedebernard.com/beignets-grecs-de-courgette-et-feta-kolokythokeftede
https://lacuisinedebernard.com/amandier-au-chocola,https://staging.lacuisinedebernard.com/amandier-au-chocola
https://lacuisinedebernard.com/amandier-au-chocola/,https://staging.lacuisinedebernard.com/amandier-au-chocola
https://www.lacuisinedebernard.com/amandier-au-chocola,https://staging.lacuisinedebernard.com/amandier-au-chocola
https://www.lacuisinedebernard.com/amandier-au-chocola/,https://staging.lacuisinedebernard.com/amandier-au-chocola
https://lacuisinedebernard.com/sables-aux-epices-de-noe,https://staging.lacuisinedebernard.com/sables-aux-epices-de-noe
https://lacuisinedebernard.com/sables-aux-epices-de-noe/,https://staging.lacuisinedebernard.com/sables-aux-epices-de-noe
https://www.lacuisinedebernard.com/sables-aux-epices-de-noe,https://staging.lacuisinedebernard.com/sables-aux-epices-de-noe
https://www.lacuisinedebernard.com/sables-aux-epices-de-noe/,https://staging.lacuisinedebernard.com/sables-aux-epices-de-noe
https://lacuisinedebernard.com/bolo-de-fuba-cremoso,https://staging.lacuisinedebernard.com/bolo-de-fuba-cremoso
https://lacuisinedebernard.com/bolo-de-fuba-cremoso/,https://staging.lacuisinedebernard.com/bolo-de-fuba-cremoso
https://www.lacuisinedebernard.com/bolo-de-fuba-cremoso,https://staging.lacuisinedebernard.com/bolo-de-fuba-cremoso
https://www.lacuisinedebernard.com/bolo-de-fuba-cremoso/,https://staging.lacuisinedebernard.com/bolo-de-fuba-cremoso
https://lacuisinedebernard.com/masala-vada,https://staging.lacuisinedebernard.com/masala-vada
https://lacuisinedebernard.com/masala-vada/,https://staging.lacuisinedebernard.com/masala-vada
https://www.lacuisinedebernard.com/masala-vada,https://staging.lacuisinedebernard.com/masala-vada
https://www.lacuisinedebernard.com/masala-vada/,https://staging.lacuisinedebernard.com/masala-vada
https://lacuisinedebernard.com/%d8%a8%d8%b1%d8%a7%d9%84%d9%8a%d9%86%d9%88%d8%a7%d8%b2,https://staging.lacuisinedebernard.com/%d8%a8%d8%b1%d8%a7%d9%84%d9%8a%d9%86%d9%88%d8%a7%d8%b2
https://lacuisinedebernard.com/%d8%a8%d8%b1%d8%a7%d9%84%d9%8a%d9%86%d9%88%d8%a7%d8%b2/,https://staging.lacuisinedebernard.com/%d8%a8%d8%b1%d8%a7%d9%84%d9%8a%d9%86%d9%88%d8%a7%d8%b2
https://www.lacuisinedebernard.com/%d8%a8%d8%b1%d8%a7%d9%84%d9%8a%d9%86%d9%88%d8%a7%d8%b2,https://staging.lacuisinedebernard.com/%d8%a8%d8%b1%d8%a7%d9%84%d9%8a%d9%86%d9%88%d8%a7%d8%b2
https://www.lacuisinedebernard.com/%d8%a8%d8%b1%d8%a7%d9%84%d9%8a%d9%86%d9%88%d8%a7%d8%b2/,https://staging.lacuisinedebernard.com/%d8%a8%d8%b1%d8%a7%d9%84%d9%8a%d9%86%d9%88%d8%a7%d8%b2
https://lacuisinedebernard.com/beijos-de-mulata,https://staging.lacuisinedebernard.com/beijos-de-mulata
https://lacuisinedebernard.com/beijos-de-mulata/,https://staging.lacuisinedebernard.com/beijos-de-mulata
https://www.lacuisinedebernard.com/beijos-de-mulata,https://staging.lacuisinedebernard.com/beijos-de-mulata
https://www.lacuisinedebernard.com/beijos-de-mulata/,https://staging.lacuisinedebernard.com/beijos-de-mulata
https://lacuisinedebernard.com/cocochocolove-cookies,https://staging.lacuisinedebernard.com/cocochocolove-cookies
https://lacuisinedebernard.com/cocochocolove-cookies/,https://staging.lacuisinedebernard.com/cocochocolove-cookies
https://www.lacuisinedebernard.com/cocochocolove-cookies,https://staging.lacuisinedebernard.com/cocochocolove-cookies
https://www.lacuisinedebernard.com/cocochocolove-cookies/,https://staging.lacuisinedebernard.com/cocochocolove-cookies
https://lacuisinedebernard.com/pan-de-harina-de-kinako,https://staging.lacuisinedebernard.com/pan-de-harina-de-kinako
https://lacuisinedebernard.com/pan-de-harina-de-kinako/,https://staging.lacuisinedebernard.com/pan-de-harina-de-kinako
https://www.lacuisinedebernard.com/pan-de-harina-de-kinako,https://staging.lacuisinedebernard.com/pan-de-harina-de-kinako
https://www.lacuisinedebernard.com/pan-de-harina-de-kinako/,https://staging.lacuisinedebernard.com/pan-de-harina-de-kinako
https://lacuisinedebernard.com/galletas-anzac,https://staging.lacuisinedebernard.com/galletas-anzac
https://lacuisinedebernard.com/galletas-anzac/,https://staging.lacuisinedebernard.com/galletas-anzac
https://www.lacuisinedebernard.com/galletas-anzac,https://staging.lacuisinedebernard.com/galletas-anzac
https://www.lacuisinedebernard.com/galletas-anzac/,https://staging.lacuisinedebernard.com/galletas-anzac
https://lacuisinedebernard.com/ultra-pistachio-cake,https://staging.lacuisinedebernard.com/ultra-pistachio-cake
https://lacuisinedebernard.com/ultra-pistachio-cake/,https://staging.lacuisinedebernard.com/ultra-pistachio-cake
https://www.lacuisinedebernard.com/ultra-pistachio-cake,https://staging.lacuisinedebernard.com/ultra-pistachio-cake
https://www.lacuisinedebernard.com/ultra-pistachio-cake/,https://staging.lacuisinedebernard.com/ultra-pistachio-cake
https://lacuisinedebernard.com/macarrones-de-amiens,https://staging.lacuisinedebernard.com/macarrones-de-amiens
https://lacuisinedebernard.com/macarrones-de-amiens/,https://staging.lacuisinedebernard.com/macarrones-de-amiens
https://www.lacuisinedebernard.com/macarrones-de-amiens,https://staging.lacuisinedebernard.com/macarrones-de-amiens
https://www.lacuisinedebernard.com/macarrones-de-amiens/,https://staging.lacuisinedebernard.com/macarrones-de-amiens
https://lacuisinedebernard.com/bolachas-anzac,https://staging.lacuisinedebernard.com/bolachas-anzac
https://lacuisinedebernard.com/bolachas-anzac/,https://staging.lacuisinedebernard.com/bolachas-anzac
https://www.lacuisinedebernard.com/bolachas-anzac,https://staging.lacuisinedebernard.com/bolachas-anzac
https://www.lacuisinedebernard.com/bolachas-anzac/,https://staging.lacuisinedebernard.com/bolachas-anzac
https://lacuisinedebernard.com/farinha-kinako-pao-curto,https://staging.lacuisinedebernard.com/farinha-kinako-pao-curto
https://lacuisinedebernard.com/farinha-kinako-pao-curto/,https://staging.lacuisinedebernard.com/farinha-kinako-pao-curto
https://www.lacuisinedebernard.com/farinha-kinako-pao-curto,https://staging.lacuisinedebernard.com/farinha-kinako-pao-curto
https://www.lacuisinedebernard.com/farinha-kinako-pao-curto/,https://staging.lacuisinedebernard.com/farinha-kinako-pao-curto
https://lacuisinedebernard.com/%d8%a3%d9%84%d8%aa%d8%b1%d8%a7-%d9%83%d9%8a%d9%83%d8%a9-%d8%a7%d9%84%d9%81%d8%b3%d8%aa%d9%82,https://staging.lacuisinedebernard.com/%d8%a3%d9%84%d8%aa%d8%b1%d8%a7-%d9%83%d9%8a%d9%83%d8%a9-%d8%a7%d9%84%d9%81%d8%b3%d8%aa%d9%82
https://lacuisinedebernard.com/%d8%a3%d9%84%d8%aa%d8%b1%d8%a7-%d9%83%d9%8a%d9%83%d8%a9-%d8%a7%d9%84%d9%81%d8%b3%d8%aa%d9%82/,https://staging.lacuisinedebernard.com/%d8%a3%d9%84%d8%aa%d8%b1%d8%a7-%d9%83%d9%8a%d9%83%d8%a9-%d8%a7%d9%84%d9%81%d8%b3%d8%aa%d9%82
https://www.lacuisinedebernard.com/%d8%a3%d9%84%d8%aa%d8%b1%d8%a7-%d9%83%d9%8a%d9%83%d8%a9-%d8%a7%d9%84%d9%81%d8%b3%d8%aa%d9%82,https://staging.lacuisinedebernard.com/%d8%a3%d9%84%d8%aa%d8%b1%d8%a7-%d9%83%d9%8a%d9%83%d8%a9-%d8%a7%d9%84%d9%81%d8%b3%d8%aa%d9%82
https://www.lacuisinedebernard.com/%d8%a3%d9%84%d8%aa%d8%b1%d8%a7-%d9%83%d9%8a%d9%83%d8%a9-%d8%a7%d9%84%d9%81%d8%b3%d8%aa%d9%82/,https://staging.lacuisinedebernard.com/%d8%a3%d9%84%d8%aa%d8%b1%d8%a7-%d9%83%d9%8a%d9%83%d8%a9-%d8%a7%d9%84%d9%81%d8%b3%d8%aa%d9%82
https://lacuisinedebernard.com/kinako-flour-shortbread,https://staging.lacuisinedebernard.com/kinako-flour-shortbread
https://lacuisinedebernard.com/kinako-flour-shortbread/,https://staging.lacuisinedebernard.com/kinako-flour-shortbread
https://www.lacuisinedebernard.com/kinako-flour-shortbread,https://staging.lacuisinedebernard.com/kinako-flour-shortbread
https://www.lacuisinedebernard.com/kinako-flour-shortbread/,https://staging.lacuisinedebernard.com/kinako-flour-shortbread
https://lacuisinedebernard.com/anzac-cookies,https://staging.lacuisinedebernard.com/anzac-cookies
https://lacuisinedebernard.com/anzac-cookies/,https://staging.lacuisinedebernard.com/anzac-cookies
https://www.lacuisinedebernard.com/anzac-cookies,https://staging.lacuisinedebernard.com/anzac-cookies
https://www.lacuisinedebernard.com/anzac-cookies/,https://staging.lacuisinedebernard.com/anzac-cookies
https://lacuisinedebernard.com/macaroons-de-amiens,https://staging.lacuisinedebernard.com/macaroons-de-amiens
https://lacuisinedebernard.com/macaroons-de-amiens/,https://staging.lacuisinedebernard.com/macaroons-de-amiens
https://www.lacuisinedebernard.com/macaroons-de-amiens,https://staging.lacuisinedebernard.com/macaroons-de-amiens
https://www.lacuisinedebernard.com/macaroons-de-amiens/,https://staging.lacuisinedebernard.com/macaroons-de-amiens
https://lacuisinedebernard.com/%d9%83%d9%88%d9%83%d9%88-%d8%aa%d8%b4%d9%88%d9%83%d9%88%d9%84%d9%88%d9%81-%d9%83%d9%88%d9%83%d9%8a%d8%b2,https://staging.lacuisinedebernard.com/%d9%83%d9%88%d9%83%d9%88-%d8%aa%d8%b4%d9%88%d9%83%d9%88%d9%84%d9%88%d9%81-%d9%83%d9%88%d9%83%d9%8a%d8%b2
https://lacuisinedebernard.com/%d9%83%d9%88%d9%83%d9%88-%d8%aa%d8%b4%d9%88%d9%83%d9%88%d9%84%d9%88%d9%81-%d9%83%d9%88%d9%83%d9%8a%d8%b2/,https://staging.lacuisinedebernard.com/%d9%83%d9%88%d9%83%d9%88-%d8%aa%d8%b4%d9%88%d9%83%d9%88%d9%84%d9%88%d9%81-%d9%83%d9%88%d9%83%d9%8a%d8%b2
https://www.lacuisinedebernard.com/%d9%83%d9%88%d9%83%d9%88-%d8%aa%d8%b4%d9%88%d9%83%d9%88%d9%84%d9%88%d9%81-%d9%83%d9%88%d9%83%d9%8a%d8%b2,https://staging.lacuisinedebernard.com/%d9%83%d9%88%d9%83%d9%88-%d8%aa%d8%b4%d9%88%d9%83%d9%88%d9%84%d9%88%d9%81-%d9%83%d9%88%d9%83%d9%8a%d8%b2
https://www.lacuisinedebernard.com/%d9%83%d9%88%d9%83%d9%88-%d8%aa%d8%b4%d9%88%d9%83%d9%88%d9%84%d9%88%d9%81-%d9%83%d9%88%d9%83%d9%8a%d8%b2/,https://staging.lacuisinedebernard.com/%d9%83%d9%88%d9%83%d9%88-%d8%aa%d8%b4%d9%88%d9%83%d9%88%d9%84%d9%88%d9%81-%d9%83%d9%88%d9%83%d9%8a%d8%b2
https://lacuisinedebernard.com/%d8%a8%d9%8a%d8%ac%d9%88%d8%b3-%d8%af%d9%8a-%d9%85%d9%88%d9%84%d8%a7%d8%aa%d8%a7,https://staging.lacuisinedebernard.com/%d8%a8%d9%8a%d8%ac%d9%88%d8%b3-%d8%af%d9%8a-%d9%85%d9%88%d9%84%d8%a7%d8%aa%d8%a7
https://lacuisinedebernard.com/%d8%a8%d9%8a%d8%ac%d9%88%d8%b3-%d8%af%d9%8a-%d9%85%d9%88%d9%84%d8%a7%d8%aa%d8%a7/,https://staging.lacuisinedebernard.com/%d8%a8%d9%8a%d8%ac%d9%88%d8%b3-%d8%af%d9%8a-%d9%85%d9%88%d9%84%d8%a7%d8%aa%d8%a7
https://www.lacuisinedebernard.com/%d8%a8%d9%8a%d8%ac%d9%88%d8%b3-%d8%af%d9%8a-%d9%85%d9%88%d9%84%d8%a7%d8%aa%d8%a7,https://staging.lacuisinedebernard.com/%d8%a8%d9%8a%d8%ac%d9%88%d8%b3-%d8%af%d9%8a-%d9%85%d9%88%d9%84%d8%a7%d8%aa%d8%a7
https://www.lacuisinedebernard.com/%d8%a8%d9%8a%d8%ac%d9%88%d8%b3-%d8%af%d9%8a-%d9%85%d9%88%d9%84%d8%a7%d8%aa%d8%a7/,https://staging.lacuisinedebernard.com/%d8%a8%d9%8a%d8%ac%d9%88%d8%b3-%d8%af%d9%8a-%d9%85%d9%88%d9%84%d8%a7%d8%aa%d8%a7
https://lacuisinedebernard.com/pralinoise,https://staging.lacuisinedebernard.com/pralinoise
https://lacuisinedebernard.com/pralinoise/,https://staging.lacuisinedebernard.com/pralinoise
https://www.lacuisinedebernard.com/pralinoise,https://staging.lacuisinedebernard.com/pralinoise
https://www.lacuisinedebernard.com/pralinoise/,https://staging.lacuisinedebernard.com/pralinoise
https://lacuisinedebernard.com/%d8%b4%d9%88%d8%b1%d8%aa%d8%a8%d8%b1%d9%8a%d8%af-%d8%af%d9%82%d9%8a%d9%82-kinako,https://staging.lacuisinedebernard.com/%d8%b4%d9%88%d8%b1%d8%aa%d8%a8%d8%b1%d9%8a%d8%af-%d8%af%d9%82%d9%8a%d9%82-kinako
https://lacuisinedebernard.com/%d8%b4%d9%88%d8%b1%d8%aa%d8%a8%d8%b1%d9%8a%d8%af-%d8%af%d9%82%d9%8a%d9%82-kinako/,https://staging.lacuisinedebernard.com/%d8%b4%d9%88%d8%b1%d8%aa%d8%a8%d8%b1%d9%8a%d8%af-%d8%af%d9%82%d9%8a%d9%82-kinako
https://www.lacuisinedebernard.com/%d8%b4%d9%88%d8%b1%d8%aa%d8%a8%d8%b1%d9%8a%d8%af-%d8%af%d9%82%d9%8a%d9%82-kinako,https://staging.lacuisinedebernard.com/%d8%b4%d9%88%d8%b1%d8%aa%d8%a8%d8%b1%d9%8a%d8%af-%d8%af%d9%82%d9%8a%d9%82-kinako
https://www.lacuisinedebernard.com/%d8%b4%d9%88%d8%b1%d8%aa%d8%a8%d8%b1%d9%8a%d8%af-%d8%af%d9%82%d9%8a%d9%82-kinako/,https://staging.lacuisinedebernard.com/%d8%b4%d9%88%d8%b1%d8%aa%d8%a8%d8%b1%d9%8a%d8%af-%d8%af%d9%82%d9%8a%d9%82-kinako
https://lacuisinedebernard.com/%d9%85%d9%84%d9%81%d8%a7%d8%aa-%d8%aa%d8%b9%d8%b1%d9%8a%d9%81-%d8%a7%d9%84%d8%a7%d8%b1%d8%aa%d8%a8%d8%a7%d8%b7-anzac,https://staging.lacuisinedebernard.com/%d9%85%d9%84%d9%81%d8%a7%d8%aa-%d8%aa%d8%b9%d8%b1%d9%8a%d9%81-%d8%a7%d9%84%d8%a7%d8%b1%d8%aa%d8%a8%d8%a7%d8%b7-anzac
https://lacuisinedebernard.com/%d9%85%d9%84%d9%81%d8%a7%d8%aa-%d8%aa%d8%b9%d8%b1%d9%8a%d9%81-%d8%a7%d9%84%d8%a7%d8%b1%d8%aa%d8%a8%d8%a7%d8%b7-anzac/,https://staging.lacuisinedebernard.com/%d9%85%d9%84%d9%81%d8%a7%d8%aa-%d8%aa%d8%b9%d8%b1%d9%8a%d9%81-%d8%a7%d9%84%d8%a7%d8%b1%d8%aa%d8%a8%d8%a7%d8%b7-anzac
https://www.lacuisinedebernard.com/%d9%85%d9%84%d9%81%d8%a7%d8%aa-%d8%aa%d8%b9%d8%b1%d9%8a%d9%81-%d8%a7%d9%84%d8%a7%d8%b1%d8%aa%d8%a8%d8%a7%d8%b7-anzac,https://staging.lacuisinedebernard.com/%d9%85%d9%84%d9%81%d8%a7%d8%aa-%d8%aa%d8%b9%d8%b1%d9%8a%d9%81-%d8%a7%d9%84%d8%a7%d8%b1%d8%aa%d8%a8%d8%a7%d8%b7-anzac
https://www.lacuisinedebernard.com/%d9%85%d9%84%d9%81%d8%a7%d8%aa-%d8%aa%d8%b9%d8%b1%d9%8a%d9%81-%d8%a7%d9%84%d8%a7%d8%b1%d8%aa%d8%a8%d8%a7%d8%b7-anzac/,https://staging.lacuisinedebernard.com/%d9%85%d9%84%d9%81%d8%a7%d8%aa-%d8%aa%d8%b9%d8%b1%d9%8a%d9%81-%d8%a7%d9%84%d8%a7%d8%b1%d8%aa%d8%a8%d8%a7%d8%b7-anzac
https://lacuisinedebernard.com/macaroons-of-amiens,https://staging.lacuisinedebernard.com/macaroons-of-amiens
https://lacuisinedebernard.com/macaroons-of-amiens/,https://staging.lacuisinedebernard.com/macaroons-of-amiens
https://www.lacuisinedebernard.com/macaroons-of-amiens,https://staging.lacuisinedebernard.com/macaroons-of-amiens
https://www.lacuisinedebernard.com/macaroons-of-amiens/,https://staging.lacuisinedebernard.com/macaroons-of-amiens
https://lacuisinedebernard.com/birchermuesli,https://staging.lacuisinedebernard.com/birchermuesli
https://lacuisinedebernard.com/birchermuesli/,https://staging.lacuisinedebernard.com/birchermuesli
https://www.lacuisinedebernard.com/birchermuesli,https://staging.lacuisinedebernard.com/birchermuesli
https://www.lacuisinedebernard.com/birchermuesli/,https://staging.lacuisinedebernard.com/birchermuesli
https://lacuisinedebernard.com/tarta-de-pistacho-ultra,https://staging.lacuisinedebernard.com/tarta-de-pistacho-ultra
https://lacuisinedebernard.com/tarta-de-pistacho-ultra/,https://staging.lacuisinedebernard.com/tarta-de-pistacho-ultra
https://www.lacuisinedebernard.com/tarta-de-pistacho-ultra,https://staging.lacuisinedebernard.com/tarta-de-pistacho-ultra
https://www.lacuisinedebernard.com/tarta-de-pistacho-ultra/,https://staging.lacuisinedebernard.com/tarta-de-pistacho-ultra
https://lacuisinedebernard.com/praline,https://staging.lacuisinedebernard.com/praline
https://lacuisinedebernard.com/praline/,https://staging.lacuisinedebernard.com/praline
https://www.lacuisinedebernard.com/praline,https://staging.lacuisinedebernard.com/praline
https://www.lacuisinedebernard.com/praline/,https://staging.lacuisinedebernard.com/praline
https://lacuisinedebernard.com/bolo-ultra-pistachio,https://staging.lacuisinedebernard.com/bolo-ultra-pistachio
https://lacuisinedebernard.com/bolo-ultra-pistachio/,https://staging.lacuisinedebernard.com/bolo-ultra-pistachio
https://www.lacuisinedebernard.com/bolo-ultra-pistachio,https://staging.lacuisinedebernard.com/bolo-ultra-pistachio
https://www.lacuisinedebernard.com/bolo-ultra-pistachio/,https://staging.lacuisinedebernard.com/bolo-ultra-pistachio
https://lacuisinedebernard.com/galletas-cocochocolove,https://staging.lacuisinedebernard.com/galletas-cocochocolove
https://lacuisinedebernard.com/galletas-cocochocolove/,https://staging.lacuisinedebernard.com/galletas-cocochocolove
https://www.lacuisinedebernard.com/galletas-cocochocolove,https://staging.lacuisinedebernard.com/galletas-cocochocolove
https://www.lacuisinedebernard.com/galletas-cocochocolove/,https://staging.lacuisinedebernard.com/galletas-cocochocolove
https://lacuisinedebernard.com/%d8%a7%d9%84%d9%85%d8%a7%d9%83%d8%b1%d9%88%d9%86-%d9%85%d9%86-%d8%a3%d9%85%d9%8a%d8%a7%d9%86,https://staging.lacuisinedebernard.com/%d8%a7%d9%84%d9%85%d8%a7%d9%83%d8%b1%d9%88%d9%86-%d9%85%d9%86-%d8%a3%d9%85%d9%8a%d8%a7%d9%86
https://lacuisinedebernard.com/%d8%a7%d9%84%d9%85%d8%a7%d9%83%d8%b1%d9%88%d9%86-%d9%85%d9%86-%d8%a3%d9%85%d9%8a%d8%a7%d9%86/,https://staging.lacuisinedebernard.com/%d8%a7%d9%84%d9%85%d8%a7%d9%83%d8%b1%d9%88%d9%86-%d9%85%d9%86-%d8%a3%d9%85%d9%8a%d8%a7%d9%86
https://www.lacuisinedebernard.com/%d8%a7%d9%84%d9%85%d8%a7%d9%83%d8%b1%d9%88%d9%86-%d9%85%d9%86-%d8%a3%d9%85%d9%8a%d8%a7%d9%86,https://staging.lacuisinedebernard.com/%d8%a7%d9%84%d9%85%d8%a7%d9%83%d8%b1%d9%88%d9%86-%d9%85%d9%86-%d8%a3%d9%85%d9%8a%d8%a7%d9%86
https://www.lacuisinedebernard.com/%d8%a7%d9%84%d9%85%d8%a7%d9%83%d8%b1%d9%88%d9%86-%d9%85%d9%86-%d8%a3%d9%85%d9%8a%d8%a7%d9%86/,https://staging.lacuisinedebernard.com/%d8%a7%d9%84%d9%85%d8%a7%d9%83%d8%b1%d9%88%d9%86-%d9%85%d9%86-%d8%a3%d9%85%d9%8a%d8%a7%d9%86
https://lacuisinedebernard.com/pan-de-pasta-corta-con-100-de-pistacho,https://staging.lacuisinedebernard.com/pan-de-pasta-corta-con-100-de-pistacho
https://lacuisinedebernard.com/pan-de-pasta-corta-con-100-de-pistacho/,https://staging.lacuisinedebernard.com/pan-de-pasta-corta-con-100-de-pistacho
https://www.lacuisinedebernard.com/pan-de-pasta-corta-con-100-de-pistacho,https://staging.lacuisinedebernard.com/pan-de-pasta-corta-con-100-de-pistacho
https://www.lacuisinedebernard.com/pan-de-pasta-corta-con-100-de-pistacho/,https://staging.lacuisinedebernard.com/pan-de-pasta-corta-con-100-de-pistacho
https://lacuisinedebernard.com/raspberry-tartlets-and-white-chocolate-lime-whipped-cream,https://staging.lacuisinedebernard.com/raspberry-tartlets-and-white-chocolate-lime-whipped-cream
https://lacuisinedebernard.com/raspberry-tartlets-and-white-chocolate-lime-whipped-cream/,https://staging.lacuisinedebernard.com/raspberry-tartlets-and-white-chocolate-lime-whipped-cream
https://www.lacuisinedebernard.com/raspberry-tartlets-and-white-chocolate-lime-whipped-cream,https://staging.lacuisinedebernard.com/raspberry-tartlets-and-white-chocolate-lime-whipped-cream
https://www.lacuisinedebernard.com/raspberry-tartlets-and-white-chocolate-lime-whipped-cream/,https://staging.lacuisinedebernard.com/raspberry-tartlets-and-white-chocolate-lime-whipped-cream
https://lacuisinedebernard.com/apple-buckwheat-cake,https://staging.lacuisinedebernard.com/apple-buckwheat-cake
https://lacuisinedebernard.com/apple-buckwheat-cake/,https://staging.lacuisinedebernard.com/apple-buckwheat-cake
https://www.lacuisinedebernard.com/apple-buckwheat-cake,https://staging.lacuisinedebernard.com/apple-buckwheat-cake
https://www.lacuisinedebernard.com/apple-buckwheat-cake/,https://staging.lacuisinedebernard.com/apple-buckwheat-cake
https://lacuisinedebernard.com/granola-magica,https://staging.lacuisinedebernard.com/granola-magica
https://lacuisinedebernard.com/granola-magica/,https://staging.lacuisinedebernard.com/granola-magica
https://www.lacuisinedebernard.com/granola-magica,https://staging.lacuisinedebernard.com/granola-magica
https://www.lacuisinedebernard.com/granola-magica/,https://staging.lacuisinedebernard.com/granola-magica
https://lacuisinedebernard.com/%d8%b4%d9%88%d8%b2-%d8%a7%d9%84%d8%a8%d9%86%d8%af%d9%82-%d9%88%d9%83%d8%b1%d9%8a%d9%85-%d9%83%d8%b1%d8%a7%d9%85%d9%8a%d9%84-%d8%a8%d8%a7%d9%84%d8%b2%d8%a8%d8%af%d8%a9-%d8%a7%d9%84%d9%85%d9%85%d9%84,https://staging.lacuisinedebernard.com/%d8%b4%d9%88%d8%b2-%d8%a7%d9%84%d8%a8%d9%86%d8%af%d9%82-%d9%88%d9%83%d8%b1%d9%8a%d9%85-%d9%83%d8%b1%d8%a7%d9%85%d9%8a%d9%84-%d8%a8%d8%a7%d9%84%d8%b2%d8%a8%d8%af%d8%a9-%d8%a7%d9%84%d9%85%d9%85%d9%84
https://lacuisinedebernard.com/%d8%b4%d9%88%d8%b2-%d8%a7%d9%84%d8%a8%d9%86%d8%af%d9%82-%d9%88%d9%83%d8%b1%d9%8a%d9%85-%d9%83%d8%b1%d8%a7%d9%85%d9%8a%d9%84-%d8%a8%d8%a7%d9%84%d8%b2%d8%a8%d8%af%d8%a9-%d8%a7%d9%84%d9%85%d9%85%d9%84/,https://staging.lacuisinedebernard.com/%d8%b4%d9%88%d8%b2-%d8%a7%d9%84%d8%a8%d9%86%d8%af%d9%82-%d9%88%d9%83%d8%b1%d9%8a%d9%85-%d9%83%d8%b1%d8%a7%d9%85%d9%8a%d9%84-%d8%a8%d8%a7%d9%84%d8%b2%d8%a8%d8%af%d8%a9-%d8%a7%d9%84%d9%85%d9%85%d9%84
https://www.lacuisinedebernard.com/%d8%b4%d9%88%d8%b2-%d8%a7%d9%84%d8%a8%d9%86%d8%af%d9%82-%d9%88%d9%83%d8%b1%d9%8a%d9%85-%d9%83%d8%b1%d8%a7%d9%85%d9%8a%d9%84-%d8%a8%d8%a7%d9%84%d8%b2%d8%a8%d8%af%d8%a9-%d8%a7%d9%84%d9%85%d9%85%d9%84,https://staging.lacuisinedebernard.com/%d8%b4%d9%88%d8%b2-%d8%a7%d9%84%d8%a8%d9%86%d8%af%d9%82-%d9%88%d9%83%d8%b1%d9%8a%d9%85-%d9%83%d8%b1%d8%a7%d9%85%d9%8a%d9%84-%d8%a8%d8%a7%d9%84%d8%b2%d8%a8%d8%af%d8%a9-%d8%a7%d9%84%d9%85%d9%85%d9%84
https://www.lacuisinedebernard.com/%d8%b4%d9%88%d8%b2-%d8%a7%d9%84%d8%a8%d9%86%d8%af%d9%82-%d9%88%d9%83%d8%b1%d9%8a%d9%85-%d9%83%d8%b1%d8%a7%d9%85%d9%8a%d9%84-%d8%a8%d8%a7%d9%84%d8%b2%d8%a8%d8%af%d8%a9-%d8%a7%d9%84%d9%85%d9%85%d9%84/,https://staging.lacuisinedebernard.com/%d8%b4%d9%88%d8%b2-%d8%a7%d9%84%d8%a8%d9%86%d8%af%d9%82-%d9%88%d9%83%d8%b1%d9%8a%d9%85-%d9%83%d8%b1%d8%a7%d9%85%d9%8a%d9%84-%d8%a8%d8%a7%d9%84%d8%b2%d8%a8%d8%af%d8%a9-%d8%a7%d9%84%d9%85%d9%85%d9%84
https://lacuisinedebernard.com/pudim-de-tapioca-com-leite-de-coco-morangos-e-lima,https://staging.lacuisinedebernard.com/pudim-de-tapioca-com-leite-de-coco-morangos-e-lima
https://lacuisinedebernard.com/pudim-de-tapioca-com-leite-de-coco-morangos-e-lima/,https://staging.lacuisinedebernard.com/pudim-de-tapioca-com-leite-de-coco-morangos-e-lima
https://www.lacuisinedebernard.com/pudim-de-tapioca-com-leite-de-coco-morangos-e-lima,https://staging.lacuisinedebernard.com/pudim-de-tapioca-com-leite-de-coco-morangos-e-lima
https://www.lacuisinedebernard.com/pudim-de-tapioca-com-leite-de-coco-morangos-e-lima/,https://staging.lacuisinedebernard.com/pudim-de-tapioca-com-leite-de-coco-morangos-e-lima
https://lacuisinedebernard.com/torta-de-ameixa-mirabelle,https://staging.lacuisinedebernard.com/torta-de-ameixa-mirabelle
https://lacuisinedebernard.com/torta-de-ameixa-mirabelle/,https://staging.lacuisinedebernard.com/torta-de-ameixa-mirabelle
https://www.lacuisinedebernard.com/torta-de-ameixa-mirabelle,https://staging.lacuisinedebernard.com/torta-de-ameixa-mirabelle
https://www.lacuisinedebernard.com/torta-de-ameixa-mirabelle/,https://staging.lacuisinedebernard.com/torta-de-ameixa-mirabelle
https://lacuisinedebernard.com/%d8%a2%d9%8a%d8%b1-%d9%83%d9%8a%d9%83-%d8%a7%d9%84%d9%81%d8%b1%d8%a7%d9%88%d9%84%d8%a9,https://staging.lacuisinedebernard.com/%d8%a2%d9%8a%d8%b1-%d9%83%d9%8a%d9%83-%d8%a7%d9%84%d9%81%d8%b1%d8%a7%d9%88%d9%84%d8%a9
https://lacuisinedebernard.com/%d8%a2%d9%8a%d8%b1-%d9%83%d9%8a%d9%83-%d8%a7%d9%84%d9%81%d8%b1%d8%a7%d9%88%d9%84%d8%a9/,https://staging.lacuisinedebernard.com/%d8%a2%d9%8a%d8%b1-%d9%83%d9%8a%d9%83-%d8%a7%d9%84%d9%81%d8%b1%d8%a7%d9%88%d9%84%d8%a9
https://www.lacuisinedebernard.com/%d8%a2%d9%8a%d8%b1-%d9%83%d9%8a%d9%83-%d8%a7%d9%84%d9%81%d8%b1%d8%a7%d9%88%d9%84%d8%a9,https://staging.lacuisinedebernard.com/%d8%a2%d9%8a%d8%b1-%d9%83%d9%8a%d9%83-%d8%a7%d9%84%d9%81%d8%b1%d8%a7%d9%88%d9%84%d8%a9
https://www.lacuisinedebernard.com/%d8%a2%d9%8a%d8%b1-%d9%83%d9%8a%d9%83-%d8%a7%d9%84%d9%81%d8%b1%d8%a7%d9%88%d9%84%d8%a9/,https://staging.lacuisinedebernard.com/%d8%a2%d9%8a%d8%b1-%d9%83%d9%8a%d9%83-%d8%a7%d9%84%d9%81%d8%b1%d8%a7%d9%88%d9%84%d8%a9
https://lacuisinedebernard.com/%d9%85%d8%b1%d8%a8%d8%b9%d8%a7%d8%aa-%d8%b2%d8%a8%d8%af%d8%a9-%d8%a7%d9%84%d9%81%d9%88%d9%84-%d8%a7%d9%84%d8%b3%d9%88%d8%af%d8%a7%d9%86%d9%8a,https://staging.lacuisinedebernard.com/%d9%85%d8%b1%d8%a8%d8%b9%d8%a7%d8%aa-%d8%b2%d8%a8%d8%af%d8%a9-%d8%a7%d9%84%d9%81%d9%88%d9%84-%d8%a7%d9%84%d8%b3%d9%88%d8%af%d8%a7%d9%86%d9%8a
https://lacuisinedebernard.com/%d9%85%d8%b1%d8%a8%d8%b9%d8%a7%d8%aa-%d8%b2%d8%a8%d8%af%d8%a9-%d8%a7%d9%84%d9%81%d9%88%d9%84-%d8%a7%d9%84%d8%b3%d9%88%d8%af%d8%a7%d9%86%d9%8a/,https://staging.lacuisinedebernard.com/%d9%85%d8%b1%d8%a8%d8%b9%d8%a7%d8%aa-%d8%b2%d8%a8%d8%af%d8%a9-%d8%a7%d9%84%d9%81%d9%88%d9%84-%d8%a7%d9%84%d8%b3%d9%88%d8%af%d8%a7%d9%86%d9%8a
https://www.lacuisinedebernard.com/%d9%85%d8%b1%d8%a8%d8%b9%d8%a7%d8%aa-%d8%b2%d8%a8%d8%af%d8%a9-%d8%a7%d9%84%d9%81%d9%88%d9%84-%d8%a7%d9%84%d8%b3%d9%88%d8%af%d8%a7%d9%86%d9%8a,https://staging.lacuisinedebernard.com/%d9%85%d8%b1%d8%a8%d8%b9%d8%a7%d8%aa-%d8%b2%d8%a8%d8%af%d8%a9-%d8%a7%d9%84%d9%81%d9%88%d9%84-%d8%a7%d9%84%d8%b3%d9%88%d8%af%d8%a7%d9%86%d9%8a
https://www.lacuisinedebernard.com/%d9%85%d8%b1%d8%a8%d8%b9%d8%a7%d8%aa-%d8%b2%d8%a8%d8%af%d8%a9-%d8%a7%d9%84%d9%81%d9%88%d9%84-%d8%a7%d9%84%d8%b3%d9%88%d8%af%d8%a7%d9%86%d9%8a/,https://staging.lacuisinedebernard.com/%d9%85%d8%b1%d8%a8%d8%b9%d8%a7%d8%aa-%d8%b2%d8%a8%d8%af%d8%a9-%d8%a7%d9%84%d9%81%d9%88%d9%84-%d8%a7%d9%84%d8%b3%d9%88%d8%af%d8%a7%d9%86%d9%8a
https://lacuisinedebernard.com/100-pistachio-shortbread,https://staging.lacuisinedebernard.com/100-pistachio-shortbread
https://lacuisinedebernard.com/100-pistachio-shortbread/,https://staging.lacuisinedebernard.com/100-pistachio-shortbread
https://www.lacuisinedebernard.com/100-pistachio-shortbread,https://staging.lacuisinedebernard.com/100-pistachio-shortbread
https://www.lacuisinedebernard.com/100-pistachio-shortbread/,https://staging.lacuisinedebernard.com/100-pistachio-shortbread
https://lacuisinedebernard.com/%d9%83%d8%b9%d9%83%d8%a9-%d8%a7%d9%84%d8%ad%d9%86%d8%b7%d8%a9-%d8%a7%d9%84%d8%b3%d9%88%d8%af%d8%a7%d8%a1-%d8%a7%d9%84%d8%aa%d9%81%d8%a7%d8%ad,https://staging.lacuisinedebernard.com/%d9%83%d8%b9%d9%83%d8%a9-%d8%a7%d9%84%d8%ad%d9%86%d8%b7%d8%a9-%d8%a7%d9%84%d8%b3%d9%88%d8%af%d8%a7%d8%a1-%d8%a7%d9%84%d8%aa%d9%81%d8%a7%d8%ad
https://lacuisinedebernard.com/%d9%83%d8%b9%d9%83%d8%a9-%d8%a7%d9%84%d8%ad%d9%86%d8%b7%d8%a9-%d8%a7%d9%84%d8%b3%d9%88%d8%af%d8%a7%d8%a1-%d8%a7%d9%84%d8%aa%d9%81%d8%a7%d8%ad/,https://staging.lacuisinedebernard.com/%d9%83%d8%b9%d9%83%d8%a9-%d8%a7%d9%84%d8%ad%d9%86%d8%b7%d8%a9-%d8%a7%d9%84%d8%b3%d9%88%d8%af%d8%a7%d8%a1-%d8%a7%d9%84%d8%aa%d9%81%d8%a7%d8%ad
https://www.lacuisinedebernard.com/%d9%83%d8%b9%d9%83%d8%a9-%d8%a7%d9%84%d8%ad%d9%86%d8%b7%d8%a9-%d8%a7%d9%84%d8%b3%d9%88%d8%af%d8%a7%d8%a1-%d8%a7%d9%84%d8%aa%d9%81%d8%a7%d8%ad,https://staging.lacuisinedebernard.com/%d9%83%d8%b9%d9%83%d8%a9-%d8%a7%d9%84%d8%ad%d9%86%d8%b7%d8%a9-%d8%a7%d9%84%d8%b3%d9%88%d8%af%d8%a7%d8%a1-%d8%a7%d9%84%d8%aa%d9%81%d8%a7%d8%ad
https://www.lacuisinedebernard.com/%d9%83%d8%b9%d9%83%d8%a9-%d8%a7%d9%84%d8%ad%d9%86%d8%b7%d8%a9-%d8%a7%d9%84%d8%b3%d9%88%d8%af%d8%a7%d8%a1-%d8%a7%d9%84%d8%aa%d9%81%d8%a7%d8%ad/,https://staging.lacuisinedebernard.com/%d9%83%d8%b9%d9%83%d8%a9-%d8%a7%d9%84%d8%ad%d9%86%d8%b7%d8%a9-%d8%a7%d9%84%d8%b3%d9%88%d8%af%d8%a7%d8%a1-%d8%a7%d9%84%d8%aa%d9%81%d8%a7%d8%ad
https://lacuisinedebernard.com/%d9%82%d8%b7%d8%b9-%d8%aa%d8%a7%d8%b1%d8%aa%d9%84%d9%8a%d8%aa-%d8%a7%d9%84%d8%aa%d9%88%d8%aa-%d9%85%d8%b9-%d8%a7%d9%84%d9%83%d8%b1%d9%8a%d9%85%d8%a9-%d8%a7%d9%84%d9%85%d8%ae%d9%81%d9%88%d9%82%d8%a9,https://staging.lacuisinedebernard.com/%d9%82%d8%b7%d8%b9-%d8%aa%d8%a7%d8%b1%d8%aa%d9%84%d9%8a%d8%aa-%d8%a7%d9%84%d8%aa%d9%88%d8%aa-%d9%85%d8%b9-%d8%a7%d9%84%d9%83%d8%b1%d9%8a%d9%85%d8%a9-%d8%a7%d9%84%d9%85%d8%ae%d9%81%d9%88%d9%82%d8%a9
https://lacuisinedebernard.com/%d9%82%d8%b7%d8%b9-%d8%aa%d8%a7%d8%b1%d8%aa%d9%84%d9%8a%d8%aa-%d8%a7%d9%84%d8%aa%d9%88%d8%aa-%d9%85%d8%b9-%d8%a7%d9%84%d9%83%d8%b1%d9%8a%d9%85%d8%a9-%d8%a7%d9%84%d9%85%d8%ae%d9%81%d9%88%d9%82%d8%a9/,https://staging.lacuisinedebernard.com/%d9%82%d8%b7%d8%b9-%d8%aa%d8%a7%d8%b1%d8%aa%d9%84%d9%8a%d8%aa-%d8%a7%d9%84%d8%aa%d9%88%d8%aa-%d9%85%d8%b9-%d8%a7%d9%84%d9%83%d8%b1%d9%8a%d9%85%d8%a9-%d8%a7%d9%84%d9%85%d8%ae%d9%81%d9%88%d9%82%d8%a9
https://www.lacuisinedebernard.com/%d9%82%d8%b7%d8%b9-%d8%aa%d8%a7%d8%b1%d8%aa%d9%84%d9%8a%d8%aa-%d8%a7%d9%84%d8%aa%d9%88%d8%aa-%d9%85%d8%b9-%d8%a7%d9%84%d9%83%d8%b1%d9%8a%d9%85%d8%a9-%d8%a7%d9%84%d9%85%d8%ae%d9%81%d9%88%d9%82%d8%a9,https://staging.lacuisinedebernard.com/%d9%82%d8%b7%d8%b9-%d8%aa%d8%a7%d8%b1%d8%aa%d9%84%d9%8a%d8%aa-%d8%a7%d9%84%d8%aa%d9%88%d8%aa-%d9%85%d8%b9-%d8%a7%d9%84%d9%83%d8%b1%d9%8a%d9%85%d8%a9-%d8%a7%d9%84%d9%85%d8%ae%d9%81%d9%88%d9%82%d8%a9
https://www.lacuisinedebernard.com/%d9%82%d8%b7%d8%b9-%d8%aa%d8%a7%d8%b1%d8%aa%d9%84%d9%8a%d8%aa-%d8%a7%d9%84%d8%aa%d9%88%d8%aa-%d9%85%d8%b9-%d8%a7%d9%84%d9%83%d8%b1%d9%8a%d9%85%d8%a9-%d8%a7%d9%84%d9%85%d8%ae%d9%81%d9%88%d9%82%d8%a9/,https://staging.lacuisinedebernard.com/%d9%82%d8%b7%d8%b9-%d8%aa%d8%a7%d8%b1%d8%aa%d9%84%d9%8a%d8%aa-%d8%a7%d9%84%d8%aa%d9%88%d8%aa-%d9%85%d8%b9-%d8%a7%d9%84%d9%83%d8%b1%d9%8a%d9%85%d8%a9-%d8%a7%d9%84%d9%85%d8%ae%d9%81%d9%88%d9%82%d8%a9
https://lacuisinedebernard.com/%d8%a8%d9%8a%d8%b1%d8%b4%d8%b1-%d9%85%d9%88%d8%b3%d9%84%d9%8a,https://staging.lacuisinedebernard.com/%d8%a8%d9%8a%d8%b1%d8%b4%d8%b1-%d9%85%d9%88%d8%b3%d9%84%d9%8a
https://lacuisinedebernard.com/%d8%a8%d9%8a%d8%b1%d8%b4%d8%b1-%d9%85%d9%88%d8%b3%d9%84%d9%8a/,https://staging.lacuisinedebernard.com/%d8%a8%d9%8a%d8%b1%d8%b4%d8%b1-%d9%85%d9%88%d8%b3%d9%84%d9%8a
https://www.lacuisinedebernard.com/%d8%a8%d9%8a%d8%b1%d8%b4%d8%b1-%d9%85%d9%88%d8%b3%d9%84%d9%8a,https://staging.lacuisinedebernard.com/%d8%a8%d9%8a%d8%b1%d8%b4%d8%b1-%d9%85%d9%88%d8%b3%d9%84%d9%8a
https://www.lacuisinedebernard.com/%d8%a8%d9%8a%d8%b1%d8%b4%d8%b1-%d9%85%d9%88%d8%b3%d9%84%d9%8a/,https://staging.lacuisinedebernard.com/%d8%a8%d9%8a%d8%b1%d8%b4%d8%b1-%d9%85%d9%88%d8%b3%d9%84%d9%8a
https://lacuisinedebernard.com/tapioca-pudding-with-coconut-milk-strawberries-and-lime,https://staging.lacuisinedebernard.com/tapioca-pudding-with-coconut-milk-strawberries-and-lime
https://lacuisinedebernard.com/tapioca-pudding-with-coconut-milk-strawberries-and-lime/,https://staging.lacuisinedebernard.com/tapioca-pudding-with-coconut-milk-strawberries-and-lime
https://www.lacuisinedebernard.com/tapioca-pudding-with-coconut-milk-strawberries-and-lime,https://staging.lacuisinedebernard.com/tapioca-pudding-with-coconut-milk-strawberries-and-lime
https://www.lacuisinedebernard.com/tapioca-pudding-with-coconut-milk-strawberries-and-lime/,https://staging.lacuisinedebernard.com/tapioca-pudding-with-coconut-milk-strawberries-and-lime
https://lacuisinedebernard.com/mirabelle-plum-tart,https://staging.lacuisinedebernard.com/mirabelle-plum-tart
https://lacuisinedebernard.com/mirabelle-plum-tart/,https://staging.lacuisinedebernard.com/mirabelle-plum-tart
https://www.lacuisinedebernard.com/mirabelle-plum-tart,https://staging.lacuisinedebernard.com/mirabelle-plum-tart
https://www.lacuisinedebernard.com/mirabelle-plum-tart/,https://staging.lacuisinedebernard.com/mirabelle-plum-tart
https://lacuisinedebernard.com/tarta-de-crema-ligera-de-chiboust-con-turron-y-compota-de-albaricoque,https://staging.lacuisinedebernard.com/tarta-de-crema-ligera-de-chiboust-con-turron-y-compota-de-albaricoque
https://lacuisinedebernard.com/tarta-de-crema-ligera-de-chiboust-con-turron-y-compota-de-albaricoque/,https://staging.lacuisinedebernard.com/tarta-de-crema-ligera-de-chiboust-con-turron-y-compota-de-albaricoque
https://www.lacuisinedebernard.com/tarta-de-crema-ligera-de-chiboust-con-turron-y-compota-de-albaricoque,https://staging.lacuisinedebernard.com/tarta-de-crema-ligera-de-chiboust-con-turron-y-compota-de-albaricoque
https://www.lacuisinedebernard.com/tarta-de-crema-ligera-de-chiboust-con-turron-y-compota-de-albaricoque/,https://staging.lacuisinedebernard.com/tarta-de-crema-ligera-de-chiboust-con-turron-y-compota-de-albaricoque
https://lacuisinedebernard.com/galletas-de-avena-y-linaza,https://staging.lacuisinedebernard.com/galletas-de-avena-y-linaza
https://lacuisinedebernard.com/galletas-de-avena-y-linaza/,https://staging.lacuisinedebernard.com/galletas-de-avena-y-linaza
https://www.lacuisinedebernard.com/galletas-de-avena-y-linaza,https://staging.lacuisinedebernard.com/galletas-de-avena-y-linaza
https://www.lacuisinedebernard.com/galletas-de-avena-y-linaza/,https://staging.lacuisinedebernard.com/galletas-de-avena-y-linaza
https://lacuisinedebernard.com/pastel-de-platano-avena-mantequilla-de-cacahuete-y-chocolate,https://staging.lacuisinedebernard.com/pastel-de-platano-avena-mantequilla-de-cacahuete-y-chocolate
https://lacuisinedebernard.com/pastel-de-platano-avena-mantequilla-de-cacahuete-y-chocolate/,https://staging.lacuisinedebernard.com/pastel-de-platano-avena-mantequilla-de-cacahuete-y-chocolate
https://www.lacuisinedebernard.com/pastel-de-platano-avena-mantequilla-de-cacahuete-y-chocolate,https://staging.lacuisinedebernard.com/pastel-de-platano-avena-mantequilla-de-cacahuete-y-chocolate
https://www.lacuisinedebernard.com/pastel-de-platano-avena-mantequilla-de-cacahuete-y-chocolate/,https://staging.lacuisinedebernard.com/pastel-de-platano-avena-mantequilla-de-cacahuete-y-chocolate
https://lacuisinedebernard.com/choux-de-avellanas-y-crema-de-caramelo-de-mantequilla-salada,https://staging.lacuisinedebernard.com/choux-de-avellanas-y-crema-de-caramelo-de-mantequilla-salada
https://lacuisinedebernard.com/choux-de-avellanas-y-crema-de-caramelo-de-mantequilla-salada/,https://staging.lacuisinedebernard.com/choux-de-avellanas-y-crema-de-caramelo-de-mantequilla-salada
https://www.lacuisinedebernard.com/choux-de-avellanas-y-crema-de-caramelo-de-mantequilla-salada,https://staging.lacuisinedebernard.com/choux-de-avellanas-y-crema-de-caramelo-de-mantequilla-salada
https://www.lacuisinedebernard.com/choux-de-avellanas-y-crema-de-caramelo-de-mantequilla-salada/,https://staging.lacuisinedebernard.com/choux-de-avellanas-y-crema-de-caramelo-de-mantequilla-salada
https://lacuisinedebernard.com/%d9%85%d9%8a%d8%b1%d8%a7%d8%a8%d9%8a%d9%84-%d8%a8%d9%84%d9%88%d9%85-%d8%aa%d8%a7%d8%b1%d8%aa,https://staging.lacuisinedebernard.com/%d9%85%d9%8a%d8%b1%d8%a7%d8%a8%d9%8a%d9%84-%d8%a8%d9%84%d9%88%d9%85-%d8%aa%d8%a7%d8%b1%d8%aa
https://lacuisinedebernard.com/%d9%85%d9%8a%d8%b1%d8%a7%d8%a8%d9%8a%d9%84-%d8%a8%d9%84%d9%88%d9%85-%d8%aa%d8%a7%d8%b1%d8%aa/,https://staging.lacuisinedebernard.com/%d9%85%d9%8a%d8%b1%d8%a7%d8%a8%d9%8a%d9%84-%d8%a8%d9%84%d9%88%d9%85-%d8%aa%d8%a7%d8%b1%d8%aa
https://www.lacuisinedebernard.com/%d9%85%d9%8a%d8%b1%d8%a7%d8%a8%d9%8a%d9%84-%d8%a8%d9%84%d9%88%d9%85-%d8%aa%d8%a7%d8%b1%d8%aa,https://staging.lacuisinedebernard.com/%d9%85%d9%8a%d8%b1%d8%a7%d8%a8%d9%8a%d9%84-%d8%a8%d9%84%d9%88%d9%85-%d8%aa%d8%a7%d8%b1%d8%aa
https://www.lacuisinedebernard.com/%d9%85%d9%8a%d8%b1%d8%a7%d8%a8%d9%8a%d9%84-%d8%a8%d9%84%d9%88%d9%85-%d8%aa%d8%a7%d8%b1%d8%aa/,https://staging.lacuisinedebernard.com/%d9%85%d9%8a%d8%b1%d8%a7%d8%a8%d9%8a%d9%84-%d8%a8%d9%84%d9%88%d9%85-%d8%aa%d8%a7%d8%b1%d8%aa
https://lacuisinedebernard.com/cuadrados-de-mantequilla-de-cacahuete,https://staging.lacuisinedebernard.com/cuadrados-de-mantequilla-de-cacahuete
https://lacuisinedebernard.com/cuadrados-de-mantequilla-de-cacahuete/,https://staging.lacuisinedebernard.com/cuadrados-de-mantequilla-de-cacahuete
https://www.lacuisinedebernard.com/cuadrados-de-mantequilla-de-cacahuete,https://staging.lacuisinedebernard.com/cuadrados-de-mantequilla-de-cacahuete
https://www.lacuisinedebernard.com/cuadrados-de-mantequilla-de-cacahuete/,https://staging.lacuisinedebernard.com/cuadrados-de-mantequilla-de-cacahuete
https://lacuisinedebernard.com/shortbread-100-pistachio,https://staging.lacuisinedebernard.com/shortbread-100-pistachio
https://lacuisinedebernard.com/shortbread-100-pistachio/,https://staging.lacuisinedebernard.com/shortbread-100-pistachio
https://www.lacuisinedebernard.com/shortbread-100-pistachio,https://staging.lacuisinedebernard.com/shortbread-100-pistachio
https://www.lacuisinedebernard.com/shortbread-100-pistachio/,https://staging.lacuisinedebernard.com/shortbread-100-pistachio
https://lacuisinedebernard.com/%d8%a8%d9%88%d8%af%d9%86%d8%ba-%d8%a7%d9%84%d8%aa%d8%a7%d8%a8%d9%8a%d9%88%d9%83%d8%a7-%d9%85%d8%b9-%d8%ad%d9%84%d9%8a%d8%a8-%d8%ac%d9%88%d8%b2-%d8%a7%d9%84%d9%87%d9%86%d8%af-%d9%88%d8%a7%d9%84%d9%81,https://staging.lacuisinedebernard.com/%d8%a8%d9%88%d8%af%d9%86%d8%ba-%d8%a7%d9%84%d8%aa%d8%a7%d8%a8%d9%8a%d9%88%d9%83%d8%a7-%d9%85%d8%b9-%d8%ad%d9%84%d9%8a%d8%a8-%d8%ac%d9%88%d8%b2-%d8%a7%d9%84%d9%87%d9%86%d8%af-%d9%88%d8%a7%d9%84%d9%81
https://lacuisinedebernard.com/%d8%a8%d9%88%d8%af%d9%86%d8%ba-%d8%a7%d9%84%d8%aa%d8%a7%d8%a8%d9%8a%d9%88%d9%83%d8%a7-%d9%85%d8%b9-%d8%ad%d9%84%d9%8a%d8%a8-%d8%ac%d9%88%d8%b2-%d8%a7%d9%84%d9%87%d9%86%d8%af-%d9%88%d8%a7%d9%84%d9%81/,https://staging.lacuisinedebernard.com/%d8%a8%d9%88%d8%af%d9%86%d8%ba-%d8%a7%d9%84%d8%aa%d8%a7%d8%a8%d9%8a%d9%88%d9%83%d8%a7-%d9%85%d8%b9-%d8%ad%d9%84%d9%8a%d8%a8-%d8%ac%d9%88%d8%b2-%d8%a7%d9%84%d9%87%d9%86%d8%af-%d9%88%d8%a7%d9%84%d9%81
https://www.lacuisinedebernard.com/%d8%a8%d9%88%d8%af%d9%86%d8%ba-%d8%a7%d9%84%d8%aa%d8%a7%d8%a8%d9%8a%d9%88%d9%83%d8%a7-%d9%85%d8%b9-%d8%ad%d9%84%d9%8a%d8%a8-%d8%ac%d9%88%d8%b2-%d8%a7%d9%84%d9%87%d9%86%d8%af-%d9%88%d8%a7%d9%84%d9%81,https://staging.lacuisinedebernard.com/%d8%a8%d9%88%d8%af%d9%86%d8%ba-%d8%a7%d9%84%d8%aa%d8%a7%d8%a8%d9%8a%d9%88%d9%83%d8%a7-%d9%85%d8%b9-%d8%ad%d9%84%d9%8a%d8%a8-%d8%ac%d9%88%d8%b2-%d8%a7%d9%84%d9%87%d9%86%d8%af-%d9%88%d8%a7%d9%84%d9%81
https://www.lacuisinedebernard.com/%d8%a8%d9%88%d8%af%d9%86%d8%ba-%d8%a7%d9%84%d8%aa%d8%a7%d8%a8%d9%8a%d9%88%d9%83%d8%a7-%d9%85%d8%b9-%d8%ad%d9%84%d9%8a%d8%a8-%d8%ac%d9%88%d8%b2-%d8%a7%d9%84%d9%87%d9%86%d8%af-%d9%88%d8%a7%d9%84%d9%81/,https://staging.lacuisinedebernard.com/%d8%a8%d9%88%d8%af%d9%86%d8%ba-%d8%a7%d9%84%d8%aa%d8%a7%d8%a8%d9%8a%d9%88%d9%83%d8%a7-%d9%85%d8%b9-%d8%ad%d9%84%d9%8a%d8%a8-%d8%ac%d9%88%d8%b2-%d8%a7%d9%84%d9%87%d9%86%d8%af-%d9%88%d8%a7%d9%84%d9%81
https://lacuisinedebernard.com/bolo-de-creme-de-chiboust-leve-com-nougat-e-compota-de-damasco,https://staging.lacuisinedebernard.com/bolo-de-creme-de-chiboust-leve-com-nougat-e-compota-de-damasco
https://lacuisinedebernard.com/bolo-de-creme-de-chiboust-leve-com-nougat-e-compota-de-damasco/,https://staging.lacuisinedebernard.com/bolo-de-creme-de-chiboust-leve-com-nougat-e-compota-de-damasco
https://www.lacuisinedebernard.com/bolo-de-creme-de-chiboust-leve-com-nougat-e-compota-de-damasco,https://staging.lacuisinedebernard.com/bolo-de-creme-de-chiboust-leve-com-nougat-e-compota-de-damasco
https://www.lacuisinedebernard.com/bolo-de-creme-de-chiboust-leve-com-nougat-e-compota-de-damasco/,https://staging.lacuisinedebernard.com/bolo-de-creme-de-chiboust-leve-com-nougat-e-compota-de-damasco
https://lacuisinedebernard.com/magic-granola,https://staging.lacuisinedebernard.com/magic-granola
https://lacuisinedebernard.com/magic-granola/,https://staging.lacuisinedebernard.com/magic-granola
https://www.lacuisinedebernard.com/magic-granola,https://staging.lacuisinedebernard.com/magic-granola
https://www.lacuisinedebernard.com/magic-granola/,https://staging.lacuisinedebernard.com/magic-granola
https://lacuisinedebernard.com/tarta-aerea-de-fresa,https://staging.lacuisinedebernard.com/tarta-aerea-de-fresa
https://lacuisinedebernard.com/tarta-aerea-de-fresa/,https://staging.lacuisinedebernard.com/tarta-aerea-de-fresa
https://www.lacuisinedebernard.com/tarta-aerea-de-fresa,https://staging.lacuisinedebernard.com/tarta-aerea-de-fresa
https://www.lacuisinedebernard.com/tarta-aerea-de-fresa/,https://staging.lacuisinedebernard.com/tarta-aerea-de-fresa
https://lacuisinedebernard.com/aveia-e-linhaca-pao-curto-de-linhaca,https://staging.lacuisinedebernard.com/aveia-e-linhaca-pao-curto-de-linhaca
https://lacuisinedebernard.com/aveia-e-linhaca-pao-curto-de-linhaca/,https://staging.lacuisinedebernard.com/aveia-e-linhaca-pao-curto-de-linhaca
https://www.lacuisinedebernard.com/aveia-e-linhaca-pao-curto-de-linhaca,https://staging.lacuisinedebernard.com/aveia-e-linhaca-pao-curto-de-linhaca
https://www.lacuisinedebernard.com/aveia-e-linhaca-pao-curto-de-linhaca/,https://staging.lacuisinedebernard.com/aveia-e-linhaca-pao-curto-de-linhaca
https://lacuisinedebernard.com/banana-aveia-manteiga-de-amendoim-e-bolo-de-chocolate,https://staging.lacuisinedebernard.com/banana-aveia-manteiga-de-amendoim-e-bolo-de-chocolate
https://lacuisinedebernard.com/banana-aveia-manteiga-de-amendoim-e-bolo-de-chocolate/,https://staging.lacuisinedebernard.com/banana-aveia-manteiga-de-amendoim-e-bolo-de-chocolate
https://www.lacuisinedebernard.com/banana-aveia-manteiga-de-amendoim-e-bolo-de-chocolate,https://staging.lacuisinedebernard.com/banana-aveia-manteiga-de-amendoim-e-bolo-de-chocolate
https://www.lacuisinedebernard.com/banana-aveia-manteiga-de-amendoim-e-bolo-de-chocolate/,https://staging.lacuisinedebernard.com/banana-aveia-manteiga-de-amendoim-e-bolo-de-chocolate
https://lacuisinedebernard.com/100%d9%aa-%d8%b4%d9%88%d8%b1%d8%aa-%d8%a8%d8%b1%d9%8a%d8%af-%d8%a8%d8%a7%d9%84%d9%81%d8%b3%d8%aa%d9%82,https://staging.lacuisinedebernard.com/100%d9%aa-%d8%b4%d9%88%d8%b1%d8%aa-%d8%a8%d8%b1%d9%8a%d8%af-%d8%a8%d8%a7%d9%84%d9%81%d8%b3%d8%aa%d9%82
https://lacuisinedebernard.com/100%d9%aa-%d8%b4%d9%88%d8%b1%d8%aa-%d8%a8%d8%b1%d9%8a%d8%af-%d8%a8%d8%a7%d9%84%d9%81%d8%b3%d8%aa%d9%82/,https://staging.lacuisinedebernard.com/100%d9%aa-%d8%b4%d9%88%d8%b1%d8%aa-%d8%a8%d8%b1%d9%8a%d8%af-%d8%a8%d8%a7%d9%84%d9%81%d8%b3%d8%aa%d9%82
https://www.lacuisinedebernard.com/100%d9%aa-%d8%b4%d9%88%d8%b1%d8%aa-%d8%a8%d8%b1%d9%8a%d8%af-%d8%a8%d8%a7%d9%84%d9%81%d8%b3%d8%aa%d9%82,https://staging.lacuisinedebernard.com/100%d9%aa-%d8%b4%d9%88%d8%b1%d8%aa-%d8%a8%d8%b1%d9%8a%d8%af-%d8%a8%d8%a7%d9%84%d9%81%d8%b3%d8%aa%d9%82
https://www.lacuisinedebernard.com/100%d9%aa-%d8%b4%d9%88%d8%b1%d8%aa-%d8%a8%d8%b1%d9%8a%d8%af-%d8%a8%d8%a7%d9%84%d9%81%d8%b3%d8%aa%d9%82/,https://staging.lacuisinedebernard.com/100%d9%aa-%d8%b4%d9%88%d8%b1%d8%aa-%d8%a8%d8%b1%d9%8a%d8%af-%d8%a8%d8%a7%d9%84%d9%81%d8%b3%d8%aa%d9%82
https://lacuisinedebernard.com/%d9%85%d8%a7%d8%ac%d9%8a%d9%83-%d8%ac%d8%b1%d8%a7%d9%86%d9%88%d9%84%d8%a7,https://staging.lacuisinedebernard.com/%d9%85%d8%a7%d8%ac%d9%8a%d9%83-%d8%ac%d8%b1%d8%a7%d9%86%d9%88%d9%84%d8%a7
https://lacuisinedebernard.com/%d9%85%d8%a7%d8%ac%d9%8a%d9%83-%d8%ac%d8%b1%d8%a7%d9%86%d9%88%d9%84%d8%a7/,https://staging.lacuisinedebernard.com/%d9%85%d8%a7%d8%ac%d9%8a%d9%83-%d8%ac%d8%b1%d8%a7%d9%86%d9%88%d9%84%d8%a7
https://www.lacuisinedebernard.com/%d9%85%d8%a7%d8%ac%d9%8a%d9%83-%d8%ac%d8%b1%d8%a7%d9%86%d9%88%d9%84%d8%a7,https://staging.lacuisinedebernard.com/%d9%85%d8%a7%d8%ac%d9%8a%d9%83-%d8%ac%d8%b1%d8%a7%d9%86%d9%88%d9%84%d8%a7
https://www.lacuisinedebernard.com/%d9%85%d8%a7%d8%ac%d9%8a%d9%83-%d8%ac%d8%b1%d8%a7%d9%86%d9%88%d9%84%d8%a7/,https://staging.lacuisinedebernard.com/%d9%85%d8%a7%d8%ac%d9%8a%d9%83-%d8%ac%d8%b1%d8%a7%d9%86%d9%88%d9%84%d8%a7
https://lacuisinedebernard.com/tarta-de-manzana-y-trigo-sarraceno,https://staging.lacuisinedebernard.com/tarta-de-manzana-y-trigo-sarraceno
https://lacuisinedebernard.com/tarta-de-manzana-y-trigo-sarraceno/,https://staging.lacuisinedebernard.com/tarta-de-manzana-y-trigo-sarraceno
https://www.lacuisinedebernard.com/tarta-de-manzana-y-trigo-sarraceno,https://staging.lacuisinedebernard.com/tarta-de-manzana-y-trigo-sarraceno
https://www.lacuisinedebernard.com/tarta-de-manzana-y-trigo-sarraceno/,https://staging.lacuisinedebernard.com/tarta-de-manzana-y-trigo-sarraceno
https://lacuisinedebernard.com/oatmeal-and-flaxseed-shortbread,https://staging.lacuisinedebernard.com/oatmeal-and-flaxseed-shortbread
https://lacuisinedebernard.com/oatmeal-and-flaxseed-shortbread/,https://staging.lacuisinedebernard.com/oatmeal-and-flaxseed-shortbread
https://www.lacuisinedebernard.com/oatmeal-and-flaxseed-shortbread,https://staging.lacuisinedebernard.com/oatmeal-and-flaxseed-shortbread
https://www.lacuisinedebernard.com/oatmeal-and-flaxseed-shortbread/,https://staging.lacuisinedebernard.com/oatmeal-and-flaxseed-shortbread
https://lacuisinedebernard.com/quadrados-de-manteiga-de-amendoim,https://staging.lacuisinedebernard.com/quadrados-de-manteiga-de-amendoim
https://lacuisinedebernard.com/quadrados-de-manteiga-de-amendoim/,https://staging.lacuisinedebernard.com/quadrados-de-manteiga-de-amendoim
https://www.lacuisinedebernard.com/quadrados-de-manteiga-de-amendoim,https://staging.lacuisinedebernard.com/quadrados-de-manteiga-de-amendoim
https://www.lacuisinedebernard.com/quadrados-de-manteiga-de-amendoim/,https://staging.lacuisinedebernard.com/quadrados-de-manteiga-de-amendoim
https://lacuisinedebernard.com/tartaletas-de-frambuesa-y-crema-batida-de-chocolate-blanco-y-lima,https://staging.lacuisinedebernard.com/tartaletas-de-frambuesa-y-crema-batida-de-chocolate-blanco-y-lima
https://lacuisinedebernard.com/tartaletas-de-frambuesa-y-crema-batida-de-chocolate-blanco-y-lima/,https://staging.lacuisinedebernard.com/tartaletas-de-frambuesa-y-crema-batida-de-chocolate-blanco-y-lima
https://www.lacuisinedebernard.com/tartaletas-de-frambuesa-y-crema-batida-de-chocolate-blanco-y-lima,https://staging.lacuisinedebernard.com/tartaletas-de-frambuesa-y-crema-batida-de-chocolate-blanco-y-lima
https://www.lacuisinedebernard.com/tartaletas-de-frambuesa-y-crema-batida-de-chocolate-blanco-y-lima/,https://staging.lacuisinedebernard.com/tartaletas-de-frambuesa-y-crema-batida-de-chocolate-blanco-y-lima
https://lacuisinedebernard.com/bolo-aereo-de-morango,https://staging.lacuisinedebernard.com/bolo-aereo-de-morango
https://lacuisinedebernard.com/bolo-aereo-de-morango/,https://staging.lacuisinedebernard.com/bolo-aereo-de-morango
https://www.lacuisinedebernard.com/bolo-aereo-de-morango,https://staging.lacuisinedebernard.com/bolo-aereo-de-morango
https://www.lacuisinedebernard.com/bolo-aereo-de-morango/,https://staging.lacuisinedebernard.com/bolo-aereo-de-morango
https://lacuisinedebernard.com/choux-de-avela-e-creme-de-caramelo-com-manteiga-salgada,https://staging.lacuisinedebernard.com/choux-de-avela-e-creme-de-caramelo-com-manteiga-salgada
https://lacuisinedebernard.com/choux-de-avela-e-creme-de-caramelo-com-manteiga-salgada/,https://staging.lacuisinedebernard.com/choux-de-avela-e-creme-de-caramelo-com-manteiga-salgada
https://www.lacuisinedebernard.com/choux-de-avela-e-creme-de-caramelo-com-manteiga-salgada,https://staging.lacuisinedebernard.com/choux-de-avela-e-creme-de-caramelo-com-manteiga-salgada
https://www.lacuisinedebernard.com/choux-de-avela-e-creme-de-caramelo-com-manteiga-salgada/,https://staging.lacuisinedebernard.com/choux-de-avela-e-creme-de-caramelo-com-manteiga-salgada
https://lacuisinedebernard.com/light-chiboust-cream-cake-with-nougat-and-apricot-compote,https://staging.lacuisinedebernard.com/light-chiboust-cream-cake-with-nougat-and-apricot-compote
https://lacuisinedebernard.com/light-chiboust-cream-cake-with-nougat-and-apricot-compote/,https://staging.lacuisinedebernard.com/light-chiboust-cream-cake-with-nougat-and-apricot-compote
https://www.lacuisinedebernard.com/light-chiboust-cream-cake-with-nougat-and-apricot-compote,https://staging.lacuisinedebernard.com/light-chiboust-cream-cake-with-nougat-and-apricot-compote
https://www.lacuisinedebernard.com/light-chiboust-cream-cake-with-nougat-and-apricot-compote/,https://staging.lacuisinedebernard.com/light-chiboust-cream-cake-with-nougat-and-apricot-compote
https://lacuisinedebernard.com/banana-oatmeal-peanut-butter-and-chocolate-cake,https://staging.lacuisinedebernard.com/banana-oatmeal-peanut-butter-and-chocolate-cake
https://lacuisinedebernard.com/banana-oatmeal-peanut-butter-and-chocolate-cake/,https://staging.lacuisinedebernard.com/banana-oatmeal-peanut-butter-and-chocolate-cake
https://www.lacuisinedebernard.com/banana-oatmeal-peanut-butter-and-chocolate-cake,https://staging.lacuisinedebernard.com/banana-oatmeal-peanut-butter-and-chocolate-cake
https://www.lacuisinedebernard.com/banana-oatmeal-peanut-butter-and-chocolate-cake/,https://staging.lacuisinedebernard.com/banana-oatmeal-peanut-butter-and-chocolate-cake
https://lacuisinedebernard.com/peanut-butter-squares,https://staging.lacuisinedebernard.com/peanut-butter-squares
https://lacuisinedebernard.com/peanut-butter-squares/,https://staging.lacuisinedebernard.com/peanut-butter-squares
https://www.lacuisinedebernard.com/peanut-butter-squares,https://staging.lacuisinedebernard.com/peanut-butter-squares
https://www.lacuisinedebernard.com/peanut-butter-squares/,https://staging.lacuisinedebernard.com/peanut-butter-squares
https://lacuisinedebernard.com/%d9%85%d9%88%d8%b2-%d8%8c-%d8%af%d9%82%d9%8a%d9%82-%d8%a7%d9%84%d8%b4%d9%88%d9%81%d8%a7%d9%86-%d8%8c-%d8%b2%d8%a8%d8%af%d8%a9-%d8%a7%d9%84%d9%81%d9%88%d9%84-%d8%a7%d9%84%d8%b3%d9%88%d8%af%d8%a7%d9%86,https://staging.lacuisinedebernard.com/%d9%85%d9%88%d8%b2-%d8%8c-%d8%af%d9%82%d9%8a%d9%82-%d8%a7%d9%84%d8%b4%d9%88%d9%81%d8%a7%d9%86-%d8%8c-%d8%b2%d8%a8%d8%af%d8%a9-%d8%a7%d9%84%d9%81%d9%88%d9%84-%d8%a7%d9%84%d8%b3%d9%88%d8%af%d8%a7%d9%86
https://lacuisinedebernard.com/%d9%85%d9%88%d8%b2-%d8%8c-%d8%af%d9%82%d9%8a%d9%82-%d8%a7%d9%84%d8%b4%d9%88%d9%81%d8%a7%d9%86-%d8%8c-%d8%b2%d8%a8%d8%af%d8%a9-%d8%a7%d9%84%d9%81%d9%88%d9%84-%d8%a7%d9%84%d8%b3%d9%88%d8%af%d8%a7%d9%86/,https://staging.lacuisinedebernard.com/%d9%85%d9%88%d8%b2-%d8%8c-%d8%af%d9%82%d9%8a%d9%82-%d8%a7%d9%84%d8%b4%d9%88%d9%81%d8%a7%d9%86-%d8%8c-%d8%b2%d8%a8%d8%af%d8%a9-%d8%a7%d9%84%d9%81%d9%88%d9%84-%d8%a7%d9%84%d8%b3%d9%88%d8%af%d8%a7%d9%86
https://www.lacuisinedebernard.com/%d9%85%d9%88%d8%b2-%d8%8c-%d8%af%d9%82%d9%8a%d9%82-%d8%a7%d9%84%d8%b4%d9%88%d9%81%d8%a7%d9%86-%d8%8c-%d8%b2%d8%a8%d8%af%d8%a9-%d8%a7%d9%84%d9%81%d9%88%d9%84-%d8%a7%d9%84%d8%b3%d9%88%d8%af%d8%a7%d9%86,https://staging.lacuisinedebernard.com/%d9%85%d9%88%d8%b2-%d8%8c-%d8%af%d9%82%d9%8a%d9%82-%d8%a7%d9%84%d8%b4%d9%88%d9%81%d8%a7%d9%86-%d8%8c-%d8%b2%d8%a8%d8%af%d8%a9-%d8%a7%d9%84%d9%81%d9%88%d9%84-%d8%a7%d9%84%d8%b3%d9%88%d8%af%d8%a7%d9%86
https://www.lacuisinedebernard.com/%d9%85%d9%88%d8%b2-%d8%8c-%d8%af%d9%82%d9%8a%d9%82-%d8%a7%d9%84%d8%b4%d9%88%d9%81%d8%a7%d9%86-%d8%8c-%d8%b2%d8%a8%d8%af%d8%a9-%d8%a7%d9%84%d9%81%d9%88%d9%84-%d8%a7%d9%84%d8%b3%d9%88%d8%af%d8%a7%d9%86/,https://staging.lacuisinedebernard.com/%d9%85%d9%88%d8%b2-%d8%8c-%d8%af%d9%82%d9%8a%d9%82-%d8%a7%d9%84%d8%b4%d9%88%d9%81%d8%a7%d9%86-%d8%8c-%d8%b2%d8%a8%d8%af%d8%a9-%d8%a7%d9%84%d9%81%d9%88%d9%84-%d8%a7%d9%84%d8%b3%d9%88%d8%af%d8%a7%d9%86
https://lacuisinedebernard.com/tortinhas-de-framboesa-e-creme-de-chocolate-branco-com-chantilly-de-lima,https://staging.lacuisinedebernard.com/tortinhas-de-framboesa-e-creme-de-chocolate-branco-com-chantilly-de-lima
https://lacuisinedebernard.com/tortinhas-de-framboesa-e-creme-de-chocolate-branco-com-chantilly-de-lima/,https://staging.lacuisinedebernard.com/tortinhas-de-framboesa-e-creme-de-chocolate-branco-com-chantilly-de-lima
https://www.lacuisinedebernard.com/tortinhas-de-framboesa-e-creme-de-chocolate-branco-com-chantilly-de-lima,https://staging.lacuisinedebernard.com/tortinhas-de-framboesa-e-creme-de-chocolate-branco-com-chantilly-de-lima
https://www.lacuisinedebernard.com/tortinhas-de-framboesa-e-creme-de-chocolate-branco-com-chantilly-de-lima/,https://staging.lacuisinedebernard.com/tortinhas-de-framboesa-e-creme-de-chocolate-branco-com-chantilly-de-lima
https://lacuisinedebernard.com/tarta-de-ciruelas-mirabelle,https://staging.lacuisinedebernard.com/tarta-de-ciruelas-mirabelle
https://lacuisinedebernard.com/tarta-de-ciruelas-mirabelle/,https://staging.lacuisinedebernard.com/tarta-de-ciruelas-mirabelle
https://www.lacuisinedebernard.com/tarta-de-ciruelas-mirabelle,https://staging.lacuisinedebernard.com/tarta-de-ciruelas-mirabelle
https://www.lacuisinedebernard.com/tarta-de-ciruelas-mirabelle/,https://staging.lacuisinedebernard.com/tarta-de-ciruelas-mirabelle
https://lacuisinedebernard.com/hazelnut-choux-and-salted-butter-caramel-cream,https://staging.lacuisinedebernard.com/hazelnut-choux-and-salted-butter-caramel-cream
https://lacuisinedebernard.com/hazelnut-choux-and-salted-butter-caramel-cream/,https://staging.lacuisinedebernard.com/hazelnut-choux-and-salted-butter-caramel-cream
https://www.lacuisinedebernard.com/hazelnut-choux-and-salted-butter-caramel-cream,https://staging.lacuisinedebernard.com/hazelnut-choux-and-salted-butter-caramel-cream
https://www.lacuisinedebernard.com/hazelnut-choux-and-salted-butter-caramel-cream/,https://staging.lacuisinedebernard.com/hazelnut-choux-and-salted-butter-caramel-cream
https://lacuisinedebernard.com/bolo-de-trigo-sarraceno-de-maca,https://staging.lacuisinedebernard.com/bolo-de-trigo-sarraceno-de-maca
https://lacuisinedebernard.com/bolo-de-trigo-sarraceno-de-maca/,https://staging.lacuisinedebernard.com/bolo-de-trigo-sarraceno-de-maca
https://www.lacuisinedebernard.com/bolo-de-trigo-sarraceno-de-maca,https://staging.lacuisinedebernard.com/bolo-de-trigo-sarraceno-de-maca
https://www.lacuisinedebernard.com/bolo-de-trigo-sarraceno-de-maca/,https://staging.lacuisinedebernard.com/bolo-de-trigo-sarraceno-de-maca
https://lacuisinedebernard.com/strawberry-aerial-cake,https://staging.lacuisinedebernard.com/strawberry-aerial-cake
https://lacuisinedebernard.com/strawberry-aerial-cake/,https://staging.lacuisinedebernard.com/strawberry-aerial-cake
https://www.lacuisinedebernard.com/strawberry-aerial-cake,https://staging.lacuisinedebernard.com/strawberry-aerial-cake
https://www.lacuisinedebernard.com/strawberry-aerial-cake/,https://staging.lacuisinedebernard.com/strawberry-aerial-cake
https://lacuisinedebernard.com/%d8%af%d9%82%d9%8a%d9%82-%d8%a7%d9%84%d8%b4%d9%88%d9%81%d8%a7%d9%86-%d9%88%d8%ae%d8%a8%d8%b2-%d8%a8%d8%b0%d8%b1-%d8%a7%d9%84%d9%83%d8%aa%d8%a7%d9%86,https://staging.lacuisinedebernard.com/%d8%af%d9%82%d9%8a%d9%82-%d8%a7%d9%84%d8%b4%d9%88%d9%81%d8%a7%d9%86-%d9%88%d8%ae%d8%a8%d8%b2-%d8%a8%d8%b0%d8%b1-%d8%a7%d9%84%d9%83%d8%aa%d8%a7%d9%86
https://lacuisinedebernard.com/%d8%af%d9%82%d9%8a%d9%82-%d8%a7%d9%84%d8%b4%d9%88%d9%81%d8%a7%d9%86-%d9%88%d8%ae%d8%a8%d8%b2-%d8%a8%d8%b0%d8%b1-%d8%a7%d9%84%d9%83%d8%aa%d8%a7%d9%86/,https://staging.lacuisinedebernard.com/%d8%af%d9%82%d9%8a%d9%82-%d8%a7%d9%84%d8%b4%d9%88%d9%81%d8%a7%d9%86-%d9%88%d8%ae%d8%a8%d8%b2-%d8%a8%d8%b0%d8%b1-%d8%a7%d9%84%d9%83%d8%aa%d8%a7%d9%86
https://www.lacuisinedebernard.com/%d8%af%d9%82%d9%8a%d9%82-%d8%a7%d9%84%d8%b4%d9%88%d9%81%d8%a7%d9%86-%d9%88%d8%ae%d8%a8%d8%b2-%d8%a8%d8%b0%d8%b1-%d8%a7%d9%84%d9%83%d8%aa%d8%a7%d9%86,https://staging.lacuisinedebernard.com/%d8%af%d9%82%d9%8a%d9%82-%d8%a7%d9%84%d8%b4%d9%88%d9%81%d8%a7%d9%86-%d9%88%d8%ae%d8%a8%d8%b2-%d8%a8%d8%b0%d8%b1-%d8%a7%d9%84%d9%83%d8%aa%d8%a7%d9%86
https://www.lacuisinedebernard.com/%d8%af%d9%82%d9%8a%d9%82-%d8%a7%d9%84%d8%b4%d9%88%d9%81%d8%a7%d9%86-%d9%88%d8%ae%d8%a8%d8%b2-%d8%a8%d8%b0%d8%b1-%d8%a7%d9%84%d9%83%d8%aa%d8%a7%d9%86/,https://staging.lacuisinedebernard.com/%d8%af%d9%82%d9%8a%d9%82-%d8%a7%d9%84%d8%b4%d9%88%d9%81%d8%a7%d9%86-%d9%88%d8%ae%d8%a8%d8%b2-%d8%a8%d8%b0%d8%b1-%d8%a7%d9%84%d9%83%d8%aa%d8%a7%d9%86
https://lacuisinedebernard.com/%d9%83%d8%b9%d9%83%d8%a9-%d9%83%d8%b1%d9%8a%d9%85%d8%a9-%d8%b4%d9%8a%d8%a8%d9%88%d8%b3%d8%aa-%d8%ae%d9%81%d9%8a%d9%81%d8%a9-%d9%85%d8%b9-%d9%86%d9%88%d8%ac%d8%a7-%d9%88%d9%83%d9%88%d9%85%d8%a8%d9%88,https://staging.lacuisinedebernard.com/%d9%83%d8%b9%d9%83%d8%a9-%d9%83%d8%b1%d9%8a%d9%85%d8%a9-%d8%b4%d9%8a%d8%a8%d9%88%d8%b3%d8%aa-%d8%ae%d9%81%d9%8a%d9%81%d8%a9-%d9%85%d8%b9-%d9%86%d9%88%d8%ac%d8%a7-%d9%88%d9%83%d9%88%d9%85%d8%a8%d9%88
https://lacuisinedebernard.com/%d9%83%d8%b9%d9%83%d8%a9-%d9%83%d8%b1%d9%8a%d9%85%d8%a9-%d8%b4%d9%8a%d8%a8%d9%88%d8%b3%d8%aa-%d8%ae%d9%81%d9%8a%d9%81%d8%a9-%d9%85%d8%b9-%d9%86%d9%88%d8%ac%d8%a7-%d9%88%d9%83%d9%88%d9%85%d8%a8%d9%88/,https://staging.lacuisinedebernard.com/%d9%83%d8%b9%d9%83%d8%a9-%d9%83%d8%b1%d9%8a%d9%85%d8%a9-%d8%b4%d9%8a%d8%a8%d9%88%d8%b3%d8%aa-%d8%ae%d9%81%d9%8a%d9%81%d8%a9-%d9%85%d8%b9-%d9%86%d9%88%d8%ac%d8%a7-%d9%88%d9%83%d9%88%d9%85%d8%a8%d9%88
https://www.lacuisinedebernard.com/%d9%83%d8%b9%d9%83%d8%a9-%d9%83%d8%b1%d9%8a%d9%85%d8%a9-%d8%b4%d9%8a%d8%a8%d9%88%d8%b3%d8%aa-%d8%ae%d9%81%d9%8a%d9%81%d8%a9-%d9%85%d8%b9-%d9%86%d9%88%d8%ac%d8%a7-%d9%88%d9%83%d9%88%d9%85%d8%a8%d9%88,https://staging.lacuisinedebernard.com/%d9%83%d8%b9%d9%83%d8%a9-%d9%83%d8%b1%d9%8a%d9%85%d8%a9-%d8%b4%d9%8a%d8%a8%d9%88%d8%b3%d8%aa-%d8%ae%d9%81%d9%8a%d9%81%d8%a9-%d9%85%d8%b9-%d9%86%d9%88%d8%ac%d8%a7-%d9%88%d9%83%d9%88%d9%85%d8%a8%d9%88
https://www.lacuisinedebernard.com/%d9%83%d8%b9%d9%83%d8%a9-%d9%83%d8%b1%d9%8a%d9%85%d8%a9-%d8%b4%d9%8a%d8%a8%d9%88%d8%b3%d8%aa-%d8%ae%d9%81%d9%8a%d9%81%d8%a9-%d9%85%d8%b9-%d9%86%d9%88%d8%ac%d8%a7-%d9%88%d9%83%d9%88%d9%85%d8%a8%d9%88/,https://staging.lacuisinedebernard.com/%d9%83%d8%b9%d9%83%d8%a9-%d9%83%d8%b1%d9%8a%d9%85%d8%a9-%d8%b4%d9%8a%d8%a8%d9%88%d8%b3%d8%aa-%d8%ae%d9%81%d9%8a%d9%81%d8%a9-%d9%85%d8%b9-%d9%86%d9%88%d8%ac%d8%a7-%d9%88%d9%83%d9%88%d9%85%d8%a8%d9%88
https://lacuisinedebernard.com/pudin-de-tapioca-con-leche-de-coco-fresas-y-lima,https://staging.lacuisinedebernard.com/pudin-de-tapioca-con-leche-de-coco-fresas-y-lima
https://lacuisinedebernard.com/pudin-de-tapioca-con-leche-de-coco-fresas-y-lima/,https://staging.lacuisinedebernard.com/pudin-de-tapioca-con-leche-de-coco-fresas-y-lima
https://www.lacuisinedebernard.com/pudin-de-tapioca-con-leche-de-coco-fresas-y-lima,https://staging.lacuisinedebernard.com/pudin-de-tapioca-con-leche-de-coco-fresas-y-lima
https://www.lacuisinedebernard.com/pudin-de-tapioca-con-leche-de-coco-fresas-y-lima/,https://staging.lacuisinedebernard.com/pudin-de-tapioca-con-leche-de-coco-fresas-y-lima
https://lacuisinedebernard.com/tronco-de-nueces-con-caramelo-y-chocolate,https://staging.lacuisinedebernard.com/tronco-de-nueces-con-caramelo-y-chocolate
https://lacuisinedebernard.com/tronco-de-nueces-con-caramelo-y-chocolate/,https://staging.lacuisinedebernard.com/tronco-de-nueces-con-caramelo-y-chocolate
https://www.lacuisinedebernard.com/tronco-de-nueces-con-caramelo-y-chocolate,https://staging.lacuisinedebernard.com/tronco-de-nueces-con-caramelo-y-chocolate
https://www.lacuisinedebernard.com/tronco-de-nueces-con-caramelo-y-chocolate/,https://staging.lacuisinedebernard.com/tronco-de-nueces-con-caramelo-y-chocolate
https://lacuisinedebernard.com/brioche,https://staging.lacuisinedebernard.com/brioche
https://lacuisinedebernard.com/brioche/,https://staging.lacuisinedebernard.com/brioche
https://www.lacuisinedebernard.com/brioche,https://staging.lacuisinedebernard.com/brioche
https://www.lacuisinedebernard.com/brioche/,https://staging.lacuisinedebernard.com/brioche
https://lacuisinedebernard.com/%d8%a7%d9%84%d9%84%d9%88%d8%b2-%d8%a8%d9%81-%d8%a8%d8%a7%d8%b3%d8%aa%d8%b1%d9%8a-%d8%b3%d8%aa%d8%a7%d9%8a%d8%b1%d8%b1%d8%b2,https://staging.lacuisinedebernard.com/%d8%a7%d9%84%d9%84%d9%88%d8%b2-%d8%a8%d9%81-%d8%a8%d8%a7%d8%b3%d8%aa%d8%b1%d9%8a-%d8%b3%d8%aa%d8%a7%d9%8a%d8%b1%d8%b1%d8%b2
https://lacuisinedebernard.com/%d8%a7%d9%84%d9%84%d9%88%d8%b2-%d8%a8%d9%81-%d8%a8%d8%a7%d8%b3%d8%aa%d8%b1%d9%8a-%d8%b3%d8%aa%d8%a7%d9%8a%d8%b1%d8%b1%d8%b2/,https://staging.lacuisinedebernard.com/%d8%a7%d9%84%d9%84%d9%88%d8%b2-%d8%a8%d9%81-%d8%a8%d8%a7%d8%b3%d8%aa%d8%b1%d9%8a-%d8%b3%d8%aa%d8%a7%d9%8a%d8%b1%d8%b1%d8%b2
https://www.lacuisinedebernard.com/%d8%a7%d9%84%d9%84%d9%88%d8%b2-%d8%a8%d9%81-%d8%a8%d8%a7%d8%b3%d8%aa%d8%b1%d9%8a-%d8%b3%d8%aa%d8%a7%d9%8a%d8%b1%d8%b1%d8%b2,https://staging.lacuisinedebernard.com/%d8%a7%d9%84%d9%84%d9%88%d8%b2-%d8%a8%d9%81-%d8%a8%d8%a7%d8%b3%d8%aa%d8%b1%d9%8a-%d8%b3%d8%aa%d8%a7%d9%8a%d8%b1%d8%b1%d8%b2
https://www.lacuisinedebernard.com/%d8%a7%d9%84%d9%84%d9%88%d8%b2-%d8%a8%d9%81-%d8%a8%d8%a7%d8%b3%d8%aa%d8%b1%d9%8a-%d8%b3%d8%aa%d8%a7%d9%8a%d8%b1%d8%b1%d8%b2/,https://staging.lacuisinedebernard.com/%d8%a7%d9%84%d9%84%d9%88%d8%b2-%d8%a8%d9%81-%d8%a8%d8%a7%d8%b3%d8%aa%d8%b1%d9%8a-%d8%b3%d8%aa%d8%a7%d9%8a%d8%b1%d8%b1%d8%b2
https://lacuisinedebernard.com/%d8%b9%d8%ac%d9%8a%d9%86%d8%a9-%d8%a7%d9%84%d9%83%d8%a7%d9%83%d8%a7%d9%88-%d9%88%d8%a7%d9%84%d8%a8%d9%86%d8%af%d9%82,https://staging.lacuisinedebernard.com/%d8%b9%d8%ac%d9%8a%d9%86%d8%a9-%d8%a7%d9%84%d9%83%d8%a7%d9%83%d8%a7%d9%88-%d9%88%d8%a7%d9%84%d8%a8%d9%86%d8%af%d9%82
https://lacuisinedebernard.com/%d8%b9%d8%ac%d9%8a%d9%86%d8%a9-%d8%a7%d9%84%d9%83%d8%a7%d9%83%d8%a7%d9%88-%d9%88%d8%a7%d9%84%d8%a8%d9%86%d8%af%d9%82/,https://staging.lacuisinedebernard.com/%d8%b9%d8%ac%d9%8a%d9%86%d8%a9-%d8%a7%d9%84%d9%83%d8%a7%d9%83%d8%a7%d9%88-%d9%88%d8%a7%d9%84%d8%a8%d9%86%d8%af%d9%82
https://www.lacuisinedebernard.com/%d8%b9%d8%ac%d9%8a%d9%86%d8%a9-%d8%a7%d9%84%d9%83%d8%a7%d9%83%d8%a7%d9%88-%d9%88%d8%a7%d9%84%d8%a8%d9%86%d8%af%d9%82,https://staging.lacuisinedebernard.com/%d8%b9%d8%ac%d9%8a%d9%86%d8%a9-%d8%a7%d9%84%d9%83%d8%a7%d9%83%d8%a7%d9%88-%d9%88%d8%a7%d9%84%d8%a8%d9%86%d8%af%d9%82
https://www.lacuisinedebernard.com/%d8%b9%d8%ac%d9%8a%d9%86%d8%a9-%d8%a7%d9%84%d9%83%d8%a7%d9%83%d8%a7%d9%88-%d9%88%d8%a7%d9%84%d8%a8%d9%86%d8%af%d9%82/,https://staging.lacuisinedebernard.com/%d8%b9%d8%ac%d9%8a%d9%86%d8%a9-%d8%a7%d9%84%d9%83%d8%a7%d9%83%d8%a7%d9%88-%d9%88%d8%a7%d9%84%d8%a8%d9%86%d8%af%d9%82
https://lacuisinedebernard.com/caramelita-bars,https://staging.lacuisinedebernard.com/caramelita-bars
https://lacuisinedebernard.com/caramelita-bars/,https://staging.lacuisinedebernard.com/caramelita-bars
https://www.lacuisinedebernard.com/caramelita-bars,https://staging.lacuisinedebernard.com/caramelita-bars
https://www.lacuisinedebernard.com/caramelita-bars/,https://staging.lacuisinedebernard.com/caramelita-bars
https://lacuisinedebernard.com/elisenlebkuchen-con-chocolate,https://staging.lacuisinedebernard.com/elisenlebkuchen-con-chocolate
https://lacuisinedebernard.com/elisenlebkuchen-con-chocolate/,https://staging.lacuisinedebernard.com/elisenlebkuchen-con-chocolate
https://www.lacuisinedebernard.com/elisenlebkuchen-con-chocolate,https://staging.lacuisinedebernard.com/elisenlebkuchen-con-chocolate
https://www.lacuisinedebernard.com/elisenlebkuchen-con-chocolate/,https://staging.lacuisinedebernard.com/elisenlebkuchen-con-chocolate
https://lacuisinedebernard.com/tratamentos-de-krispies-de-arroz,https://staging.lacuisinedebernard.com/tratamentos-de-krispies-de-arroz
https://lacuisinedebernard.com/tratamentos-de-krispies-de-arroz/,https://staging.lacuisinedebernard.com/tratamentos-de-krispies-de-arroz
https://www.lacuisinedebernard.com/tratamentos-de-krispies-de-arroz,https://staging.lacuisinedebernard.com/tratamentos-de-krispies-de-arroz
https://www.lacuisinedebernard.com/tratamentos-de-krispies-de-arroz/,https://staging.lacuisinedebernard.com/tratamentos-de-krispies-de-arroz
https://lacuisinedebernard.com/avela-sem-farinhas-e-fondant-de-mel,https://staging.lacuisinedebernard.com/avela-sem-farinhas-e-fondant-de-mel
https://lacuisinedebernard.com/avela-sem-farinhas-e-fondant-de-mel/,https://staging.lacuisinedebernard.com/avela-sem-farinhas-e-fondant-de-mel
https://www.lacuisinedebernard.com/avela-sem-farinhas-e-fondant-de-mel,https://staging.lacuisinedebernard.com/avela-sem-farinhas-e-fondant-de-mel
https://www.lacuisinedebernard.com/avela-sem-farinhas-e-fondant-de-mel/,https://staging.lacuisinedebernard.com/avela-sem-farinhas-e-fondant-de-mel
https://lacuisinedebernard.com/explosivo,https://staging.lacuisinedebernard.com/explosivo
https://lacuisinedebernard.com/explosivo/,https://staging.lacuisinedebernard.com/explosivo
https://www.lacuisinedebernard.com/explosivo,https://staging.lacuisinedebernard.com/explosivo
https://www.lacuisinedebernard.com/explosivo/,https://staging.lacuisinedebernard.com/explosivo
https://lacuisinedebernard.com/pralines-de-nuez,https://staging.lacuisinedebernard.com/pralines-de-nuez
https://lacuisinedebernard.com/pralines-de-nuez/,https://staging.lacuisinedebernard.com/pralines-de-nuez
https://www.lacuisinedebernard.com/pralines-de-nuez,https://staging.lacuisinedebernard.com/pralines-de-nuez
https://www.lacuisinedebernard.com/pralines-de-nuez/,https://staging.lacuisinedebernard.com/pralines-de-nuez
https://lacuisinedebernard.com/rice-krispies-treats,https://staging.lacuisinedebernard.com/rice-krispies-treats
https://lacuisinedebernard.com/rice-krispies-treats/,https://staging.lacuisinedebernard.com/rice-krispies-treats
https://www.lacuisinedebernard.com/rice-krispies-treats,https://staging.lacuisinedebernard.com/rice-krispies-treats
https://www.lacuisinedebernard.com/rice-krispies-treats/,https://staging.lacuisinedebernard.com/rice-krispies-treats
https://lacuisinedebernard.com/log-de-caramelo-e-noz-de-chocolate,https://staging.lacuisinedebernard.com/log-de-caramelo-e-noz-de-chocolate
https://lacuisinedebernard.com/log-de-caramelo-e-noz-de-chocolate/,https://staging.lacuisinedebernard.com/log-de-caramelo-e-noz-de-chocolate
https://www.lacuisinedebernard.com/log-de-caramelo-e-noz-de-chocolate,https://staging.lacuisinedebernard.com/log-de-caramelo-e-noz-de-chocolate
https://www.lacuisinedebernard.com/log-de-caramelo-e-noz-de-chocolate/,https://staging.lacuisinedebernard.com/log-de-caramelo-e-noz-de-chocolate
https://lacuisinedebernard.com/hazelnut-and-honey-flourless-fondant,https://staging.lacuisinedebernard.com/hazelnut-and-honey-flourless-fondant
https://lacuisinedebernard.com/hazelnut-and-honey-flourless-fondant/,https://staging.lacuisinedebernard.com/hazelnut-and-honey-flourless-fondant
https://www.lacuisinedebernard.com/hazelnut-and-honey-flourless-fondant,https://staging.lacuisinedebernard.com/hazelnut-and-honey-flourless-fondant
https://www.lacuisinedebernard.com/hazelnut-and-honey-flourless-fondant/,https://staging.lacuisinedebernard.com/hazelnut-and-honey-flourless-fondant
https://lacuisinedebernard.com/chocolates-blancos-con-crujiente-de-praline-de-pistacho,https://staging.lacuisinedebernard.com/chocolates-blancos-con-crujiente-de-praline-de-pistacho
https://lacuisinedebernard.com/chocolates-blancos-con-crujiente-de-praline-de-pistacho/,https://staging.lacuisinedebernard.com/chocolates-blancos-con-crujiente-de-praline-de-pistacho
https://www.lacuisinedebernard.com/chocolates-blancos-con-crujiente-de-praline-de-pistacho,https://staging.lacuisinedebernard.com/chocolates-blancos-con-crujiente-de-praline-de-pistacho
https://www.lacuisinedebernard.com/chocolates-blancos-con-crujiente-de-praline-de-pistacho/,https://staging.lacuisinedebernard.com/chocolates-blancos-con-crujiente-de-praline-de-pistacho
https://lacuisinedebernard.com/elisenlebkuchen-com-chocolate,https://staging.lacuisinedebernard.com/elisenlebkuchen-com-chocolate
https://lacuisinedebernard.com/elisenlebkuchen-com-chocolate/,https://staging.lacuisinedebernard.com/elisenlebkuchen-com-chocolate
https://www.lacuisinedebernard.com/elisenlebkuchen-com-chocolate,https://staging.lacuisinedebernard.com/elisenlebkuchen-com-chocolate
https://www.lacuisinedebernard.com/elisenlebkuchen-com-chocolate/,https://staging.lacuisinedebernard.com/elisenlebkuchen-com-chocolate
https://lacuisinedebernard.com/pasteles-de-avena-con-arandanos-y-chocolate-blanco,https://staging.lacuisinedebernard.com/pasteles-de-avena-con-arandanos-y-chocolate-blanco
https://lacuisinedebernard.com/pasteles-de-avena-con-arandanos-y-chocolate-blanco/,https://staging.lacuisinedebernard.com/pasteles-de-avena-con-arandanos-y-chocolate-blanco
https://www.lacuisinedebernard.com/pasteles-de-avena-con-arandanos-y-chocolate-blanco,https://staging.lacuisinedebernard.com/pasteles-de-avena-con-arandanos-y-chocolate-blanco
https://www.lacuisinedebernard.com/pasteles-de-avena-con-arandanos-y-chocolate-blanco/,https://staging.lacuisinedebernard.com/pasteles-de-avena-con-arandanos-y-chocolate-blanco
https://lacuisinedebernard.com/caramel-and-chocolate-nut-log,https://staging.lacuisinedebernard.com/caramel-and-chocolate-nut-log
https://lacuisinedebernard.com/caramel-and-chocolate-nut-log/,https://staging.lacuisinedebernard.com/caramel-and-chocolate-nut-log
https://www.lacuisinedebernard.com/caramel-and-chocolate-nut-log,https://staging.lacuisinedebernard.com/caramel-and-chocolate-nut-log
https://www.lacuisinedebernard.com/caramel-and-chocolate-nut-log/,https://staging.lacuisinedebernard.com/caramel-and-chocolate-nut-log
https://lacuisinedebernard.com/pralines-de-nozes,https://staging.lacuisinedebernard.com/pralines-de-nozes
https://lacuisinedebernard.com/pralines-de-nozes/,https://staging.lacuisinedebernard.com/pralines-de-nozes
https://www.lacuisinedebernard.com/pralines-de-nozes,https://staging.lacuisinedebernard.com/pralines-de-nozes
https://www.lacuisinedebernard.com/pralines-de-nozes/,https://staging.lacuisinedebernard.com/pralines-de-nozes
https://lacuisinedebernard.com/serpentinas-de-hojaldre-de-almendra,https://staging.lacuisinedebernard.com/serpentinas-de-hojaldre-de-almendra
https://lacuisinedebernard.com/serpentinas-de-hojaldre-de-almendra/,https://staging.lacuisinedebernard.com/serpentinas-de-hojaldre-de-almendra
https://www.lacuisinedebernard.com/serpentinas-de-hojaldre-de-almendra,https://staging.lacuisinedebernard.com/serpentinas-de-hojaldre-de-almendra
https://www.lacuisinedebernard.com/serpentinas-de-hojaldre-de-almendra/,https://staging.lacuisinedebernard.com/serpentinas-de-hojaldre-de-almendra
https://lacuisinedebernard.com/chocolates-brancos-com-pistachio-praline-crisp,https://staging.lacuisinedebernard.com/chocolates-brancos-com-pistachio-praline-crisp
https://lacuisinedebernard.com/chocolates-brancos-com-pistachio-praline-crisp/,https://staging.lacuisinedebernard.com/chocolates-brancos-com-pistachio-praline-crisp
https://www.lacuisinedebernard.com/chocolates-brancos-com-pistachio-praline-crisp,https://staging.lacuisinedebernard.com/chocolates-brancos-com-pistachio-praline-crisp
https://www.lacuisinedebernard.com/chocolates-brancos-com-pistachio-praline-crisp/,https://staging.lacuisinedebernard.com/chocolates-brancos-com-pistachio-praline-crisp
https://lacuisinedebernard.com/%d8%a3%d9%82%d8%b1%d8%a7%d8%b5-%d8%b3%d9%83%d8%b1%d9%8a%d8%a9-%d8%ae%d8%a7%d9%84%d9%8a%d8%a9-%d9%85%d9%86-%d8%a7%d9%84%d8%b7%d8%ad%d9%8a%d9%86-%d9%88%d8%a7%d9%84%d8%a8%d9%86%d8%af%d9%82-%d9%88%d8%a7,https://staging.lacuisinedebernard.com/%d8%a3%d9%82%d8%b1%d8%a7%d8%b5-%d8%b3%d9%83%d8%b1%d9%8a%d8%a9-%d8%ae%d8%a7%d9%84%d9%8a%d8%a9-%d9%85%d9%86-%d8%a7%d9%84%d8%b7%d8%ad%d9%8a%d9%86-%d9%88%d8%a7%d9%84%d8%a8%d9%86%d8%af%d9%82-%d9%88%d8%a7
https://lacuisinedebernard.com/%d8%a3%d9%82%d8%b1%d8%a7%d8%b5-%d8%b3%d9%83%d8%b1%d9%8a%d8%a9-%d8%ae%d8%a7%d9%84%d9%8a%d8%a9-%d9%85%d9%86-%d8%a7%d9%84%d8%b7%d8%ad%d9%8a%d9%86-%d9%88%d8%a7%d9%84%d8%a8%d9%86%d8%af%d9%82-%d9%88%d8%a7/,https://staging.lacuisinedebernard.com/%d8%a3%d9%82%d8%b1%d8%a7%d8%b5-%d8%b3%d9%83%d8%b1%d9%8a%d8%a9-%d8%ae%d8%a7%d9%84%d9%8a%d8%a9-%d9%85%d9%86-%d8%a7%d9%84%d8%b7%d8%ad%d9%8a%d9%86-%d9%88%d8%a7%d9%84%d8%a8%d9%86%d8%af%d9%82-%d9%88%d8%a7
https://www.lacuisinedebernard.com/%d8%a3%d9%82%d8%b1%d8%a7%d8%b5-%d8%b3%d9%83%d8%b1%d9%8a%d8%a9-%d8%ae%d8%a7%d9%84%d9%8a%d8%a9-%d9%85%d9%86-%d8%a7%d9%84%d8%b7%d8%ad%d9%8a%d9%86-%d9%88%d8%a7%d9%84%d8%a8%d9%86%d8%af%d9%82-%d9%88%d8%a7,https://staging.lacuisinedebernard.com/%d8%a3%d9%82%d8%b1%d8%a7%d8%b5-%d8%b3%d9%83%d8%b1%d9%8a%d8%a9-%d8%ae%d8%a7%d9%84%d9%8a%d8%a9-%d9%85%d9%86-%d8%a7%d9%84%d8%b7%d8%ad%d9%8a%d9%86-%d9%88%d8%a7%d9%84%d8%a8%d9%86%d8%af%d9%82-%d9%88%d8%a7
https://www.lacuisinedebernard.com/%d8%a3%d9%82%d8%b1%d8%a7%d8%b5-%d8%b3%d9%83%d8%b1%d9%8a%d8%a9-%d8%ae%d8%a7%d9%84%d9%8a%d8%a9-%d9%85%d9%86-%d8%a7%d9%84%d8%b7%d8%ad%d9%8a%d9%86-%d9%88%d8%a7%d9%84%d8%a8%d9%86%d8%af%d9%82-%d9%88%d8%a7/,https://staging.lacuisinedebernard.com/%d8%a3%d9%82%d8%b1%d8%a7%d8%b5-%d8%b3%d9%83%d8%b1%d9%8a%d8%a9-%d8%ae%d8%a7%d9%84%d9%8a%d8%a9-%d9%85%d9%86-%d8%a7%d9%84%d8%b7%d8%ad%d9%8a%d9%86-%d9%88%d8%a7%d9%84%d8%a8%d9%86%d8%af%d9%82-%d9%88%d8%a7
https://lacuisinedebernard.com/elisenlebkuchen-with-chocolate,https://staging.lacuisinedebernard.com/elisenlebkuchen-with-chocolate
https://lacuisinedebernard.com/elisenlebkuchen-with-chocolate/,https://staging.lacuisinedebernard.com/elisenlebkuchen-with-chocolate
https://www.lacuisinedebernard.com/elisenlebkuchen-with-chocolate,https://staging.lacuisinedebernard.com/elisenlebkuchen-with-chocolate
https://www.lacuisinedebernard.com/elisenlebkuchen-with-chocolate/,https://staging.lacuisinedebernard.com/elisenlebkuchen-with-chocolate
https://lacuisinedebernard.com/bolos-de-aveia-de-aveia-de-chocolate-branco,https://staging.lacuisinedebernard.com/bolos-de-aveia-de-aveia-de-chocolate-branco
https://lacuisinedebernard.com/bolos-de-aveia-de-aveia-de-chocolate-branco/,https://staging.lacuisinedebernard.com/bolos-de-aveia-de-aveia-de-chocolate-branco
https://www.lacuisinedebernard.com/bolos-de-aveia-de-aveia-de-chocolate-branco,https://staging.lacuisinedebernard.com/bolos-de-aveia-de-aveia-de-chocolate-branco
https://www.lacuisinedebernard.com/bolos-de-aveia-de-aveia-de-chocolate-branco/,https://staging.lacuisinedebernard.com/bolos-de-aveia-de-aveia-de-chocolate-branco
https://lacuisinedebernard.com/walnut-pralines,https://staging.lacuisinedebernard.com/walnut-pralines
https://lacuisinedebernard.com/walnut-pralines/,https://staging.lacuisinedebernard.com/walnut-pralines
https://www.lacuisinedebernard.com/walnut-pralines,https://staging.lacuisinedebernard.com/walnut-pralines
https://www.lacuisinedebernard.com/walnut-pralines/,https://staging.lacuisinedebernard.com/walnut-pralines
https://lacuisinedebernard.com/white-chocolates-with-pistachio-praline-crunch,https://staging.lacuisinedebernard.com/white-chocolates-with-pistachio-praline-crunch
https://lacuisinedebernard.com/white-chocolates-with-pistachio-praline-crunch/,https://staging.lacuisinedebernard.com/white-chocolates-with-pistachio-praline-crunch
https://www.lacuisinedebernard.com/white-chocolates-with-pistachio-praline-crunch,https://staging.lacuisinedebernard.com/white-chocolates-with-pistachio-praline-crunch
https://www.lacuisinedebernard.com/white-chocolates-with-pistachio-praline-crunch/,https://staging.lacuisinedebernard.com/white-chocolates-with-pistachio-praline-crunch
https://lacuisinedebernard.com/%d8%a7%d9%84%d8%ac%d9%88%d8%b2-%d9%83%d8%b1%d8%a7%d9%85%d9%8a%d9%84-%d9%88%d8%b4%d9%88%d9%83%d9%88%d9%84%d8%a7%d8%aa%d8%a9-%d9%8a%d9%88%d9%84-%d9%84%d9%88%d8%ac,https://staging.lacuisinedebernard.com/%d8%a7%d9%84%d8%ac%d9%88%d8%b2-%d9%83%d8%b1%d8%a7%d9%85%d9%8a%d9%84-%d9%88%d8%b4%d9%88%d9%83%d9%88%d9%84%d8%a7%d8%aa%d8%a9-%d9%8a%d9%88%d9%84-%d9%84%d9%88%d8%ac
https://lacuisinedebernard.com/%d8%a7%d9%84%d8%ac%d9%88%d8%b2-%d9%83%d8%b1%d8%a7%d9%85%d9%8a%d9%84-%d9%88%d8%b4%d9%88%d9%83%d9%88%d9%84%d8%a7%d8%aa%d8%a9-%d9%8a%d9%88%d9%84-%d9%84%d9%88%d8%ac/,https://staging.lacuisinedebernard.com/%d8%a7%d9%84%d8%ac%d9%88%d8%b2-%d9%83%d8%b1%d8%a7%d9%85%d9%8a%d9%84-%d9%88%d8%b4%d9%88%d9%83%d9%88%d9%84%d8%a7%d8%aa%d8%a9-%d9%8a%d9%88%d9%84-%d9%84%d9%88%d8%ac
https://www.lacuisinedebernard.com/%d8%a7%d9%84%d8%ac%d9%88%d8%b2-%d9%83%d8%b1%d8%a7%d9%85%d9%8a%d9%84-%d9%88%d8%b4%d9%88%d9%83%d9%88%d9%84%d8%a7%d8%aa%d8%a9-%d9%8a%d9%88%d9%84-%d9%84%d9%88%d8%ac,https://staging.lacuisinedebernard.com/%d8%a7%d9%84%d8%ac%d9%88%d8%b2-%d9%83%d8%b1%d8%a7%d9%85%d9%8a%d9%84-%d9%88%d8%b4%d9%88%d9%83%d9%88%d9%84%d8%a7%d8%aa%d8%a9-%d9%8a%d9%88%d9%84-%d9%84%d9%88%d8%ac
https://www.lacuisinedebernard.com/%d8%a7%d9%84%d8%ac%d9%88%d8%b2-%d9%83%d8%b1%d8%a7%d9%85%d9%8a%d9%84-%d9%88%d8%b4%d9%88%d9%83%d9%88%d9%84%d8%a7%d8%aa%d8%a9-%d9%8a%d9%88%d9%84-%d9%84%d9%88%d8%ac/,https://staging.lacuisinedebernard.com/%d8%a7%d9%84%d8%ac%d9%88%d8%b2-%d9%83%d8%b1%d8%a7%d9%85%d9%8a%d9%84-%d9%88%d8%b4%d9%88%d9%83%d9%88%d9%84%d8%a7%d8%aa%d8%a9-%d9%8a%d9%88%d9%84-%d9%84%d9%88%d8%ac
https://lacuisinedebernard.com/%d9%85%d8%a7%d8%af%d8%a9-%d9%85%d8%aa%d9%81%d8%ac%d8%b1%d8%a9,https://staging.lacuisinedebernard.com/%d9%85%d8%a7%d8%af%d8%a9-%d9%85%d8%aa%d9%81%d8%ac%d8%b1%d8%a9
https://lacuisinedebernard.com/%d9%85%d8%a7%d8%af%d8%a9-%d9%85%d8%aa%d9%81%d8%ac%d8%b1%d8%a9/,https://staging.lacuisinedebernard.com/%d9%85%d8%a7%d8%af%d8%a9-%d9%85%d8%aa%d9%81%d8%ac%d8%b1%d8%a9
https://www.lacuisinedebernard.com/%d9%85%d8%a7%d8%af%d8%a9-%d9%85%d8%aa%d9%81%d8%ac%d8%b1%d8%a9,https://staging.lacuisinedebernard.com/%d9%85%d8%a7%d8%af%d8%a9-%d9%85%d8%aa%d9%81%d8%ac%d8%b1%d8%a9
https://www.lacuisinedebernard.com/%d9%85%d8%a7%d8%af%d8%a9-%d9%85%d8%aa%d9%81%d8%ac%d8%b1%d8%a9/,https://staging.lacuisinedebernard.com/%d9%85%d8%a7%d8%af%d8%a9-%d9%85%d8%aa%d9%81%d8%ac%d8%b1%d8%a9
https://lacuisinedebernard.com/%d8%b4%d9%88%d9%83%d9%88%d9%84%d8%a7%d8%aa%d8%a9-%d8%a5%d9%84%d9%8a%d8%b2%d9%86%d9%84%d8%a8%d9%83%d9%88%d8%b4%d9%86,https://staging.lacuisinedebernard.com/%d8%b4%d9%88%d9%83%d9%88%d9%84%d8%a7%d8%aa%d8%a9-%d8%a5%d9%84%d9%8a%d8%b2%d9%86%d9%84%d8%a8%d9%83%d9%88%d8%b4%d9%86
https://lacuisinedebernard.com/%d8%b4%d9%88%d9%83%d9%88%d9%84%d8%a7%d8%aa%d8%a9-%d8%a5%d9%84%d9%8a%d8%b2%d9%86%d9%84%d8%a8%d9%83%d9%88%d8%b4%d9%86/,https://staging.lacuisinedebernard.com/%d8%b4%d9%88%d9%83%d9%88%d9%84%d8%a7%d8%aa%d8%a9-%d8%a5%d9%84%d9%8a%d8%b2%d9%86%d9%84%d8%a8%d9%83%d9%88%d8%b4%d9%86
https://www.lacuisinedebernard.com/%d8%b4%d9%88%d9%83%d9%88%d9%84%d8%a7%d8%aa%d8%a9-%d8%a5%d9%84%d9%8a%d8%b2%d9%86%d9%84%d8%a8%d9%83%d9%88%d8%b4%d9%86,https://staging.lacuisinedebernard.com/%d8%b4%d9%88%d9%83%d9%88%d9%84%d8%a7%d8%aa%d8%a9-%d8%a5%d9%84%d9%8a%d8%b2%d9%86%d9%84%d8%a8%d9%83%d9%88%d8%b4%d9%86
https://www.lacuisinedebernard.com/%d8%b4%d9%88%d9%83%d9%88%d9%84%d8%a7%d8%aa%d8%a9-%d8%a5%d9%84%d9%8a%d8%b2%d9%86%d9%84%d8%a8%d9%83%d9%88%d8%b4%d9%86/,https://staging.lacuisinedebernard.com/%d8%b4%d9%88%d9%83%d9%88%d9%84%d8%a7%d8%aa%d8%a9-%d8%a5%d9%84%d9%8a%d8%b2%d9%86%d9%84%d8%a8%d9%83%d9%88%d8%b4%d9%86
https://lacuisinedebernard.com/serpentinas-de-massa-folhada-com-amendoas,https://staging.lacuisinedebernard.com/serpentinas-de-massa-folhada-com-amendoas
https://lacuisinedebernard.com/serpentinas-de-massa-folhada-com-amendoas/,https://staging.lacuisinedebernard.com/serpentinas-de-massa-folhada-com-amendoas
https://www.lacuisinedebernard.com/serpentinas-de-massa-folhada-com-amendoas,https://staging.lacuisinedebernard.com/serpentinas-de-massa-folhada-com-amendoas
https://www.lacuisinedebernard.com/serpentinas-de-massa-folhada-com-amendoas/,https://staging.lacuisinedebernard.com/serpentinas-de-massa-folhada-com-amendoas
https://lacuisinedebernard.com/barras-de-caramelo,https://staging.lacuisinedebernard.com/barras-de-caramelo
https://lacuisinedebernard.com/barras-de-caramelo/,https://staging.lacuisinedebernard.com/barras-de-caramelo
https://www.lacuisinedebernard.com/barras-de-caramelo,https://staging.lacuisinedebernard.com/barras-de-caramelo
https://www.lacuisinedebernard.com/barras-de-caramelo/,https://staging.lacuisinedebernard.com/barras-de-caramelo
https://lacuisinedebernard.com/brownies-de-chocolate-platano-y-mantequilla-de-cacahuete,https://staging.lacuisinedebernard.com/brownies-de-chocolate-platano-y-mantequilla-de-cacahuete
https://lacuisinedebernard.com/brownies-de-chocolate-platano-y-mantequilla-de-cacahuete/,https://staging.lacuisinedebernard.com/brownies-de-chocolate-platano-y-mantequilla-de-cacahuete
https://www.lacuisinedebernard.com/brownies-de-chocolate-platano-y-mantequilla-de-cacahuete,https://staging.lacuisinedebernard.com/brownies-de-chocolate-platano-y-mantequilla-de-cacahuete
https://www.lacuisinedebernard.com/brownies-de-chocolate-platano-y-mantequilla-de-cacahuete/,https://staging.lacuisinedebernard.com/brownies-de-chocolate-platano-y-mantequilla-de-cacahuete
https://lacuisinedebernard.com/fondant-de-avellanas-y-miel-sin-harina,https://staging.lacuisinedebernard.com/fondant-de-avellanas-y-miel-sin-harina
https://lacuisinedebernard.com/fondant-de-avellanas-y-miel-sin-harina/,https://staging.lacuisinedebernard.com/fondant-de-avellanas-y-miel-sin-harina
https://www.lacuisinedebernard.com/fondant-de-avellanas-y-miel-sin-harina,https://staging.lacuisinedebernard.com/fondant-de-avellanas-y-miel-sin-harina
https://www.lacuisinedebernard.com/fondant-de-avellanas-y-miel-sin-harina/,https://staging.lacuisinedebernard.com/fondant-de-avellanas-y-miel-sin-harina
https://lacuisinedebernard.com/%d8%a7%d9%84%d8%ac%d9%88%d8%b2-%d8%a8%d8%b1%d8%a7%d9%84%d9%8a%d9%86,https://staging.lacuisinedebernard.com/%d8%a7%d9%84%d8%ac%d9%88%d8%b2-%d8%a8%d8%b1%d8%a7%d9%84%d9%8a%d9%86
https://lacuisinedebernard.com/%d8%a7%d9%84%d8%ac%d9%88%d8%b2-%d8%a8%d8%b1%d8%a7%d9%84%d9%8a%d9%86/,https://staging.lacuisinedebernard.com/%d8%a7%d9%84%d8%ac%d9%88%d8%b2-%d8%a8%d8%b1%d8%a7%d9%84%d9%8a%d9%86
https://www.lacuisinedebernard.com/%d8%a7%d9%84%d8%ac%d9%88%d8%b2-%d8%a8%d8%b1%d8%a7%d9%84%d9%8a%d9%86,https://staging.lacuisinedebernard.com/%d8%a7%d9%84%d8%ac%d9%88%d8%b2-%d8%a8%d8%b1%d8%a7%d9%84%d9%8a%d9%86
https://www.lacuisinedebernard.com/%d8%a7%d9%84%d8%ac%d9%88%d8%b2-%d8%a8%d8%b1%d8%a7%d9%84%d9%8a%d9%86/,https://staging.lacuisinedebernard.com/%d8%a7%d9%84%d8%ac%d9%88%d8%b2-%d8%a8%d8%b1%d8%a7%d9%84%d9%8a%d9%86
https://lacuisinedebernard.com/pasta-de-avellanas-con-cacao,https://staging.lacuisinedebernard.com/pasta-de-avellanas-con-cacao
https://lacuisinedebernard.com/pasta-de-avellanas-con-cacao/,https://staging.lacuisinedebernard.com/pasta-de-avellanas-con-cacao
https://www.lacuisinedebernard.com/pasta-de-avellanas-con-cacao,https://staging.lacuisinedebernard.com/pasta-de-avellanas-con-cacao
https://www.lacuisinedebernard.com/pasta-de-avellanas-con-cacao/,https://staging.lacuisinedebernard.com/pasta-de-avellanas-con-cacao
https://lacuisinedebernard.com/%d8%b4%d9%88%d9%83%d9%88%d9%84%d8%a7%d8%aa%d8%a9-%d8%a8%d9%8a%d8%b6%d8%a7%d8%a1-%d9%85%d8%b9-%d8%a8%d8%b1%d8%a7%d9%84%d9%8a%d9%86-%d8%a7%d9%84%d9%81%d8%b3%d8%aa%d9%82-%d8%a7%d9%84%d9%85%d9%82%d8%b1,https://staging.lacuisinedebernard.com/%d8%b4%d9%88%d9%83%d9%88%d9%84%d8%a7%d8%aa%d8%a9-%d8%a8%d9%8a%d8%b6%d8%a7%d8%a1-%d9%85%d8%b9-%d8%a8%d8%b1%d8%a7%d9%84%d9%8a%d9%86-%d8%a7%d9%84%d9%81%d8%b3%d8%aa%d9%82-%d8%a7%d9%84%d9%85%d9%82%d8%b1
https://lacuisinedebernard.com/%d8%b4%d9%88%d9%83%d9%88%d9%84%d8%a7%d8%aa%d8%a9-%d8%a8%d9%8a%d8%b6%d8%a7%d8%a1-%d9%85%d8%b9-%d8%a8%d8%b1%d8%a7%d9%84%d9%8a%d9%86-%d8%a7%d9%84%d9%81%d8%b3%d8%aa%d9%82-%d8%a7%d9%84%d9%85%d9%82%d8%b1/,https://staging.lacuisinedebernard.com/%d8%b4%d9%88%d9%83%d9%88%d9%84%d8%a7%d8%aa%d8%a9-%d8%a8%d9%8a%d8%b6%d8%a7%d8%a1-%d9%85%d8%b9-%d8%a8%d8%b1%d8%a7%d9%84%d9%8a%d9%86-%d8%a7%d9%84%d9%81%d8%b3%d8%aa%d9%82-%d8%a7%d9%84%d9%85%d9%82%d8%b1
https://www.lacuisinedebernard.com/%d8%b4%d9%88%d9%83%d9%88%d9%84%d8%a7%d8%aa%d8%a9-%d8%a8%d9%8a%d8%b6%d8%a7%d8%a1-%d9%85%d8%b9-%d8%a8%d8%b1%d8%a7%d9%84%d9%8a%d9%86-%d8%a7%d9%84%d9%81%d8%b3%d8%aa%d9%82-%d8%a7%d9%84%d9%85%d9%82%d8%b1,https://staging.lacuisinedebernard.com/%d8%b4%d9%88%d9%83%d9%88%d9%84%d8%a7%d8%aa%d8%a9-%d8%a8%d9%8a%d8%b6%d8%a7%d8%a1-%d9%85%d8%b9-%d8%a8%d8%b1%d8%a7%d9%84%d9%8a%d9%86-%d8%a7%d9%84%d9%81%d8%b3%d8%aa%d9%82-%d8%a7%d9%84%d9%85%d9%82%d8%b1
https://www.lacuisinedebernard.com/%d8%b4%d9%88%d9%83%d9%88%d9%84%d8%a7%d8%aa%d8%a9-%d8%a8%d9%8a%d8%b6%d8%a7%d8%a1-%d9%85%d8%b9-%d8%a8%d8%b1%d8%a7%d9%84%d9%8a%d9%86-%d8%a7%d9%84%d9%81%d8%b3%d8%aa%d9%82-%d8%a7%d9%84%d9%85%d9%82%d8%b1/,https://staging.lacuisinedebernard.com/%d8%b4%d9%88%d9%83%d9%88%d9%84%d8%a7%d8%aa%d8%a9-%d8%a8%d9%8a%d8%b6%d8%a7%d8%a1-%d9%85%d8%b9-%d8%a8%d8%b1%d8%a7%d9%84%d9%8a%d9%86-%d8%a7%d9%84%d9%81%d8%b3%d8%aa%d9%82-%d8%a7%d9%84%d9%85%d9%82%d8%b1
https://lacuisinedebernard.com/bares-caramelita,https://staging.lacuisinedebernard.com/bares-caramelita
https://lacuisinedebernard.com/bares-caramelita/,https://staging.lacuisinedebernard.com/bares-caramelita
https://www.lacuisinedebernard.com/bares-caramelita,https://staging.lacuisinedebernard.com/bares-caramelita
https://www.lacuisinedebernard.com/bares-caramelita/,https://staging.lacuisinedebernard.com/bares-caramelita
https://lacuisinedebernard.com/puff-pastry-serpentins-with-almonds,https://staging.lacuisinedebernard.com/puff-pastry-serpentins-with-almonds
https://lacuisinedebernard.com/puff-pastry-serpentins-with-almonds/,https://staging.lacuisinedebernard.com/puff-pastry-serpentins-with-almonds
https://www.lacuisinedebernard.com/puff-pastry-serpentins-with-almonds,https://staging.lacuisinedebernard.com/puff-pastry-serpentins-with-almonds
https://www.lacuisinedebernard.com/puff-pastry-serpentins-with-almonds/,https://staging.lacuisinedebernard.com/puff-pastry-serpentins-with-almonds
https://lacuisinedebernard.com/banana-de-chocolate-e-brownies-de-manteiga-de-amendoim,https://staging.lacuisinedebernard.com/banana-de-chocolate-e-brownies-de-manteiga-de-amendoim
https://lacuisinedebernard.com/banana-de-chocolate-e-brownies-de-manteiga-de-amendoim/,https://staging.lacuisinedebernard.com/banana-de-chocolate-e-brownies-de-manteiga-de-amendoim
https://www.lacuisinedebernard.com/banana-de-chocolate-e-brownies-de-manteiga-de-amendoim,https://staging.lacuisinedebernard.com/banana-de-chocolate-e-brownies-de-manteiga-de-amendoim
https://www.lacuisinedebernard.com/banana-de-chocolate-e-brownies-de-manteiga-de-amendoim/,https://staging.lacuisinedebernard.com/banana-de-chocolate-e-brownies-de-manteiga-de-amendoim
https://lacuisinedebernard.com/chestnut-cream-fondant-cakes,https://staging.lacuisinedebernard.com/chestnut-cream-fondant-cakes
https://lacuisinedebernard.com/chestnut-cream-fondant-cakes/,https://staging.lacuisinedebernard.com/chestnut-cream-fondant-cakes
https://www.lacuisinedebernard.com/chestnut-cream-fondant-cakes,https://staging.lacuisinedebernard.com/chestnut-cream-fondant-cakes
https://www.lacuisinedebernard.com/chestnut-cream-fondant-cakes/,https://staging.lacuisinedebernard.com/chestnut-cream-fondant-cakes
https://lacuisinedebernard.com/%d8%ad%d9%84%d9%88%d9%89-%d8%a7%d9%84%d9%84%d9%88%d8%b2-%d8%a7%d9%84%d9%88%d8%b1%d8%af%d9%8a,https://staging.lacuisinedebernard.com/%d8%ad%d9%84%d9%88%d9%89-%d8%a7%d9%84%d9%84%d9%88%d8%b2-%d8%a7%d9%84%d9%88%d8%b1%d8%af%d9%8a
https://lacuisinedebernard.com/%d8%ad%d9%84%d9%88%d9%89-%d8%a7%d9%84%d9%84%d9%88%d8%b2-%d8%a7%d9%84%d9%88%d8%b1%d8%af%d9%8a/,https://staging.lacuisinedebernard.com/%d8%ad%d9%84%d9%88%d9%89-%d8%a7%d9%84%d9%84%d9%88%d8%b2-%d8%a7%d9%84%d9%88%d8%b1%d8%af%d9%8a
https://www.lacuisinedebernard.com/%d8%ad%d9%84%d9%88%d9%89-%d8%a7%d9%84%d9%84%d9%88%d8%b2-%d8%a7%d9%84%d9%88%d8%b1%d8%af%d9%8a,https://staging.lacuisinedebernard.com/%d8%ad%d9%84%d9%88%d9%89-%d8%a7%d9%84%d9%84%d9%88%d8%b2-%d8%a7%d9%84%d9%88%d8%b1%d8%af%d9%8a
https://www.lacuisinedebernard.com/%d8%ad%d9%84%d9%88%d9%89-%d8%a7%d9%84%d9%84%d9%88%d8%b2-%d8%a7%d9%84%d9%88%d8%b1%d8%af%d9%8a/,https://staging.lacuisinedebernard.com/%d8%ad%d9%84%d9%88%d9%89-%d8%a7%d9%84%d9%84%d9%88%d8%b2-%d8%a7%d9%84%d9%88%d8%b1%d8%af%d9%8a
https://lacuisinedebernard.com/%d9%83%d8%b1%d9%8a%d9%85%d8%a7%d8%aa-%d9%83%d8%b1%d8%a7%d9%85%d9%8a%d9%84-%d9%83%d9%84%d9%88%d8%b2,https://staging.lacuisinedebernard.com/%d9%83%d8%b1%d9%8a%d9%85%d8%a7%d8%aa-%d9%83%d8%b1%d8%a7%d9%85%d9%8a%d9%84-%d9%83%d9%84%d9%88%d8%b2
https://lacuisinedebernard.com/%d9%83%d8%b1%d9%8a%d9%85%d8%a7%d8%aa-%d9%83%d8%b1%d8%a7%d9%85%d9%8a%d9%84-%d9%83%d9%84%d9%88%d8%b2/,https://staging.lacuisinedebernard.com/%d9%83%d8%b1%d9%8a%d9%85%d8%a7%d8%aa-%d9%83%d8%b1%d8%a7%d9%85%d9%8a%d9%84-%d9%83%d9%84%d9%88%d8%b2
https://www.lacuisinedebernard.com/%d9%83%d8%b1%d9%8a%d9%85%d8%a7%d8%aa-%d9%83%d8%b1%d8%a7%d9%85%d9%8a%d9%84-%d9%83%d9%84%d9%88%d8%b2,https://staging.lacuisinedebernard.com/%d9%83%d8%b1%d9%8a%d9%85%d8%a7%d8%aa-%d9%83%d8%b1%d8%a7%d9%85%d9%8a%d9%84-%d9%83%d9%84%d9%88%d8%b2
https://www.lacuisinedebernard.com/%d9%83%d8%b1%d9%8a%d9%85%d8%a7%d8%aa-%d9%83%d8%b1%d8%a7%d9%85%d9%8a%d9%84-%d9%83%d9%84%d9%88%d8%b2/,https://staging.lacuisinedebernard.com/%d9%83%d8%b1%d9%8a%d9%85%d8%a7%d8%aa-%d9%83%d8%b1%d8%a7%d9%85%d9%8a%d9%84-%d9%83%d9%84%d9%88%d8%b2
https://lacuisinedebernard.com/chocolate-e-pao-de-amendoas-curto,https://staging.lacuisinedebernard.com/chocolate-e-pao-de-amendoas-curto
https://lacuisinedebernard.com/chocolate-e-pao-de-amendoas-curto/,https://staging.lacuisinedebernard.com/chocolate-e-pao-de-amendoas-curto
https://www.lacuisinedebernard.com/chocolate-e-pao-de-amendoas-curto,https://staging.lacuisinedebernard.com/chocolate-e-pao-de-amendoas-curto
https://www.lacuisinedebernard.com/chocolate-e-pao-de-amendoas-curto/,https://staging.lacuisinedebernard.com/chocolate-e-pao-de-amendoas-curto
https://lacuisinedebernard.com/tarta-de-semola,https://staging.lacuisinedebernard.com/tarta-de-semola
https://lacuisinedebernard.com/tarta-de-semola/,https://staging.lacuisinedebernard.com/tarta-de-semola
https://www.lacuisinedebernard.com/tarta-de-semola,https://staging.lacuisinedebernard.com/tarta-de-semola
https://www.lacuisinedebernard.com/tarta-de-semola/,https://staging.lacuisinedebernard.com/tarta-de-semola
https://lacuisinedebernard.com/%d9%83%d8%b9%d9%83-%d8%a7%d9%84%d8%b4%d9%88%d9%81%d8%a7%d9%86-%d8%a8%d8%a7%d9%84%d8%b4%d9%88%d9%83%d9%88%d9%84%d8%a7%d8%aa%d8%a9-%d8%a7%d9%84%d8%a8%d9%8a%d8%b6%d8%a7%d8%a1-%d9%88%d8%a7%d9%84%d8%aa,https://staging.lacuisinedebernard.com/%d9%83%d8%b9%d9%83-%d8%a7%d9%84%d8%b4%d9%88%d9%81%d8%a7%d9%86-%d8%a8%d8%a7%d9%84%d8%b4%d9%88%d9%83%d9%88%d9%84%d8%a7%d8%aa%d8%a9-%d8%a7%d9%84%d8%a8%d9%8a%d8%b6%d8%a7%d8%a1-%d9%88%d8%a7%d9%84%d8%aa
https://lacuisinedebernard.com/%d9%83%d8%b9%d9%83-%d8%a7%d9%84%d8%b4%d9%88%d9%81%d8%a7%d9%86-%d8%a8%d8%a7%d9%84%d8%b4%d9%88%d9%83%d9%88%d9%84%d8%a7%d8%aa%d8%a9-%d8%a7%d9%84%d8%a8%d9%8a%d8%b6%d8%a7%d8%a1-%d9%88%d8%a7%d9%84%d8%aa/,https://staging.lacuisinedebernard.com/%d9%83%d8%b9%d9%83-%d8%a7%d9%84%d8%b4%d9%88%d9%81%d8%a7%d9%86-%d8%a8%d8%a7%d9%84%d8%b4%d9%88%d9%83%d9%88%d9%84%d8%a7%d8%aa%d8%a9-%d8%a7%d9%84%d8%a8%d9%8a%d8%b6%d8%a7%d8%a1-%d9%88%d8%a7%d9%84%d8%aa
https://www.lacuisinedebernard.com/%d9%83%d8%b9%d9%83-%d8%a7%d9%84%d8%b4%d9%88%d9%81%d8%a7%d9%86-%d8%a8%d8%a7%d9%84%d8%b4%d9%88%d9%83%d9%88%d9%84%d8%a7%d8%aa%d8%a9-%d8%a7%d9%84%d8%a8%d9%8a%d8%b6%d8%a7%d8%a1-%d9%88%d8%a7%d9%84%d8%aa,https://staging.lacuisinedebernard.com/%d9%83%d8%b9%d9%83-%d8%a7%d9%84%d8%b4%d9%88%d9%81%d8%a7%d9%86-%d8%a8%d8%a7%d9%84%d8%b4%d9%88%d9%83%d9%88%d9%84%d8%a7%d8%aa%d8%a9-%d8%a7%d9%84%d8%a8%d9%8a%d8%b6%d8%a7%d8%a1-%d9%88%d8%a7%d9%84%d8%aa
https://www.lacuisinedebernard.com/%d9%83%d8%b9%d9%83-%d8%a7%d9%84%d8%b4%d9%88%d9%81%d8%a7%d9%86-%d8%a8%d8%a7%d9%84%d8%b4%d9%88%d9%83%d9%88%d9%84%d8%a7%d8%aa%d8%a9-%d8%a7%d9%84%d8%a8%d9%8a%d8%b6%d8%a7%d8%a1-%d9%88%d8%a7%d9%84%d8%aa/,https://staging.lacuisinedebernard.com/%d9%83%d8%b9%d9%83-%d8%a7%d9%84%d8%b4%d9%88%d9%81%d8%a7%d9%86-%d8%a8%d8%a7%d9%84%d8%b4%d9%88%d9%83%d9%88%d9%84%d8%a7%d8%aa%d8%a9-%d8%a7%d9%84%d8%a8%d9%8a%d8%b6%d8%a7%d8%a1-%d9%88%d8%a7%d9%84%d8%aa
https://lacuisinedebernard.com/golosinas-de-arroz-krispies,https://staging.lacuisinedebernard.com/golosinas-de-arroz-krispies
https://lacuisinedebernard.com/golosinas-de-arroz-krispies/,https://staging.lacuisinedebernard.com/golosinas-de-arroz-krispies
https://www.lacuisinedebernard.com/golosinas-de-arroz-krispies,https://staging.lacuisinedebernard.com/golosinas-de-arroz-krispies
https://www.lacuisinedebernard.com/golosinas-de-arroz-krispies/,https://staging.lacuisinedebernard.com/golosinas-de-arroz-krispies
https://lacuisinedebernard.com/%d9%83%d8%b9%d9%83-%d8%a7%d9%84%d9%81%d9%88%d9%86%d8%af%d8%a7%d9%86-%d9%85%d8%b9-%d9%83%d8%b1%d9%8a%d9%85%d8%a9-%d8%a7%d9%84%d9%83%d8%b3%d8%aa%d9%86%d8%a7%d8%a1,https://staging.lacuisinedebernard.com/%d9%83%d8%b9%d9%83-%d8%a7%d9%84%d9%81%d9%88%d9%86%d8%af%d8%a7%d9%86-%d9%85%d8%b9-%d9%83%d8%b1%d9%8a%d9%85%d8%a9-%d8%a7%d9%84%d9%83%d8%b3%d8%aa%d9%86%d8%a7%d8%a1
https://lacuisinedebernard.com/%d9%83%d8%b9%d9%83-%d8%a7%d9%84%d9%81%d9%88%d9%86%d8%af%d8%a7%d9%86-%d9%85%d8%b9-%d9%83%d8%b1%d9%8a%d9%85%d8%a9-%d8%a7%d9%84%d9%83%d8%b3%d8%aa%d9%86%d8%a7%d8%a1/,https://staging.lacuisinedebernard.com/%d9%83%d8%b9%d9%83-%d8%a7%d9%84%d9%81%d9%88%d9%86%d8%af%d8%a7%d9%86-%d9%85%d8%b9-%d9%83%d8%b1%d9%8a%d9%85%d8%a9-%d8%a7%d9%84%d9%83%d8%b3%d8%aa%d9%86%d8%a7%d8%a1
https://www.lacuisinedebernard.com/%d9%83%d8%b9%d9%83-%d8%a7%d9%84%d9%81%d9%88%d9%86%d8%af%d8%a7%d9%86-%d9%85%d8%b9-%d9%83%d8%b1%d9%8a%d9%85%d8%a9-%d8%a7%d9%84%d9%83%d8%b3%d8%aa%d9%86%d8%a7%d8%a1,https://staging.lacuisinedebernard.com/%d9%83%d8%b9%d9%83-%d8%a7%d9%84%d9%81%d9%88%d9%86%d8%af%d8%a7%d9%86-%d9%85%d8%b9-%d9%83%d8%b1%d9%8a%d9%85%d8%a9-%d8%a7%d9%84%d9%83%d8%b3%d8%aa%d9%86%d8%a7%d8%a1
https://www.lacuisinedebernard.com/%d9%83%d8%b9%d9%83-%d8%a7%d9%84%d9%81%d9%88%d9%86%d8%af%d8%a7%d9%86-%d9%85%d8%b9-%d9%83%d8%b1%d9%8a%d9%85%d8%a9-%d8%a7%d9%84%d9%83%d8%b3%d8%aa%d9%86%d8%a7%d8%a1/,https://staging.lacuisinedebernard.com/%d9%83%d8%b9%d9%83-%d8%a7%d9%84%d9%81%d9%88%d9%86%d8%af%d8%a7%d9%86-%d9%85%d8%b9-%d9%83%d8%b1%d9%8a%d9%85%d8%a9-%d8%a7%d9%84%d9%83%d8%b3%d8%aa%d9%86%d8%a7%d8%a1
https://lacuisinedebernard.com/%d8%a8%d8%b1%d9%8a%d9%88%d8%b4,https://staging.lacuisinedebernard.com/%d8%a8%d8%b1%d9%8a%d9%88%d8%b4
https://lacuisinedebernard.com/%d8%a8%d8%b1%d9%8a%d9%88%d8%b4/,https://staging.lacuisinedebernard.com/%d8%a8%d8%b1%d9%8a%d9%88%d8%b4
https://www.lacuisinedebernard.com/%d8%a8%d8%b1%d9%8a%d9%88%d8%b4,https://staging.lacuisinedebernard.com/%d8%a8%d8%b1%d9%8a%d9%88%d8%b4
https://www.lacuisinedebernard.com/%d8%a8%d8%b1%d9%8a%d9%88%d8%b4/,https://staging.lacuisinedebernard.com/%d8%a8%d8%b1%d9%8a%d9%88%d8%b4
https://lacuisinedebernard.com/ghribas-con-nueces,https://staging.lacuisinedebernard.com/ghribas-con-nueces
https://lacuisinedebernard.com/ghribas-con-nueces/,https://staging.lacuisinedebernard.com/ghribas-con-nueces
https://www.lacuisinedebernard.com/ghribas-con-nueces,https://staging.lacuisinedebernard.com/ghribas-con-nueces
https://www.lacuisinedebernard.com/ghribas-con-nueces/,https://staging.lacuisinedebernard.com/ghribas-con-nueces
https://lacuisinedebernard.com/costras-de-te,https://staging.lacuisinedebernard.com/costras-de-te
https://lacuisinedebernard.com/costras-de-te/,https://staging.lacuisinedebernard.com/costras-de-te
https://www.lacuisinedebernard.com/costras-de-te,https://staging.lacuisinedebernard.com/costras-de-te
https://www.lacuisinedebernard.com/costras-de-te/,https://staging.lacuisinedebernard.com/costras-de-te
https://lacuisinedebernard.com/chocolate-and-almond-shortbread,https://staging.lacuisinedebernard.com/chocolate-and-almond-shortbread
https://lacuisinedebernard.com/chocolate-and-almond-shortbread/,https://staging.lacuisinedebernard.com/chocolate-and-almond-shortbread
https://www.lacuisinedebernard.com/chocolate-and-almond-shortbread,https://staging.lacuisinedebernard.com/chocolate-and-almond-shortbread
https://www.lacuisinedebernard.com/chocolate-and-almond-shortbread/,https://staging.lacuisinedebernard.com/chocolate-and-almond-shortbread
https://lacuisinedebernard.com/bolo-de-semola,https://staging.lacuisinedebernard.com/bolo-de-semola
https://lacuisinedebernard.com/bolo-de-semola/,https://staging.lacuisinedebernard.com/bolo-de-semola
https://www.lacuisinedebernard.com/bolo-de-semola,https://staging.lacuisinedebernard.com/bolo-de-semola
https://www.lacuisinedebernard.com/bolo-de-semola/,https://staging.lacuisinedebernard.com/bolo-de-semola
https://lacuisinedebernard.com/%d9%8a%d8%b9%d8%a7%d9%85%d9%84-%d8%b1%d8%a7%d9%8a%d8%b3-%d9%83%d8%b1%d8%b3%d8%a8%d9%8a%d8%b2,https://staging.lacuisinedebernard.com/%d9%8a%d8%b9%d8%a7%d9%85%d9%84-%d8%b1%d8%a7%d9%8a%d8%b3-%d9%83%d8%b1%d8%b3%d8%a8%d9%8a%d8%b2
https://lacuisinedebernard.com/%d9%8a%d8%b9%d8%a7%d9%85%d9%84-%d8%b1%d8%a7%d9%8a%d8%b3-%d9%83%d8%b1%d8%b3%d8%a8%d9%8a%d8%b2/,https://staging.lacuisinedebernard.com/%d9%8a%d8%b9%d8%a7%d9%85%d9%84-%d8%b1%d8%a7%d9%8a%d8%b3-%d9%83%d8%b1%d8%b3%d8%a8%d9%8a%d8%b2
https://www.lacuisinedebernard.com/%d9%8a%d8%b9%d8%a7%d9%85%d9%84-%d8%b1%d8%a7%d9%8a%d8%b3-%d9%83%d8%b1%d8%b3%d8%a8%d9%8a%d8%b2,https://staging.lacuisinedebernard.com/%d9%8a%d8%b9%d8%a7%d9%85%d9%84-%d8%b1%d8%a7%d9%8a%d8%b3-%d9%83%d8%b1%d8%b3%d8%a8%d9%8a%d8%b2
https://www.lacuisinedebernard.com/%d9%8a%d8%b9%d8%a7%d9%85%d9%84-%d8%b1%d8%a7%d9%8a%d8%b3-%d9%83%d8%b1%d8%b3%d8%a8%d9%8a%d8%b2/,https://staging.lacuisinedebernard.com/%d9%8a%d8%b9%d8%a7%d9%85%d9%84-%d8%b1%d8%a7%d9%8a%d8%b3-%d9%83%d8%b1%d8%b3%d8%a8%d9%8a%d8%b2
https://lacuisinedebernard.com/chocolate-banana-and-peanut-butter-brownies,https://staging.lacuisinedebernard.com/chocolate-banana-and-peanut-butter-brownies
https://lacuisinedebernard.com/chocolate-banana-and-peanut-butter-brownies/,https://staging.lacuisinedebernard.com/chocolate-banana-and-peanut-butter-brownies
https://www.lacuisinedebernard.com/chocolate-banana-and-peanut-butter-brownies,https://staging.lacuisinedebernard.com/chocolate-banana-and-peanut-butter-brownies
https://www.lacuisinedebernard.com/chocolate-banana-and-peanut-butter-brownies/,https://staging.lacuisinedebernard.com/chocolate-banana-and-peanut-butter-brownies
https://lacuisinedebernard.com/cremas-de-caramelo-de-clo,https://staging.lacuisinedebernard.com/cremas-de-caramelo-de-clo
https://lacuisinedebernard.com/cremas-de-caramelo-de-clo/,https://staging.lacuisinedebernard.com/cremas-de-caramelo-de-clo
https://www.lacuisinedebernard.com/cremas-de-caramelo-de-clo,https://staging.lacuisinedebernard.com/cremas-de-caramelo-de-clo
https://www.lacuisinedebernard.com/cremas-de-caramelo-de-clo/,https://staging.lacuisinedebernard.com/cremas-de-caramelo-de-clo
https://lacuisinedebernard.com/ghribas-com-nozes,https://staging.lacuisinedebernard.com/ghribas-com-nozes
https://lacuisinedebernard.com/ghribas-com-nozes/,https://staging.lacuisinedebernard.com/ghribas-com-nozes
https://www.lacuisinedebernard.com/ghribas-com-nozes,https://staging.lacuisinedebernard.com/ghribas-com-nozes
https://www.lacuisinedebernard.com/ghribas-com-nozes/,https://staging.lacuisinedebernard.com/ghribas-com-nozes
https://lacuisinedebernard.com/pralines-rosas,https://staging.lacuisinedebernard.com/pralines-rosas
https://lacuisinedebernard.com/pralines-rosas/,https://staging.lacuisinedebernard.com/pralines-rosas
https://www.lacuisinedebernard.com/pralines-rosas,https://staging.lacuisinedebernard.com/pralines-rosas
https://www.lacuisinedebernard.com/pralines-rosas/,https://staging.lacuisinedebernard.com/pralines-rosas
https://lacuisinedebernard.com/crostas-de-cha,https://staging.lacuisinedebernard.com/crostas-de-cha
https://lacuisinedebernard.com/crostas-de-cha/,https://staging.lacuisinedebernard.com/crostas-de-cha
https://www.lacuisinedebernard.com/crostas-de-cha,https://staging.lacuisinedebernard.com/crostas-de-cha
https://www.lacuisinedebernard.com/crostas-de-cha/,https://staging.lacuisinedebernard.com/crostas-de-cha
https://lacuisinedebernard.com/%d8%b4%d9%88%d8%b1%d8%aa%d8%a8%d8%b1%d9%8a%d8%af-%d8%a7%d9%84%d8%b4%d9%88%d9%83%d9%88%d9%84%d8%a7%d8%aa%d8%a9-%d9%88%d8%a7%d9%84%d9%84%d9%88%d8%b2,https://staging.lacuisinedebernard.com/%d8%b4%d9%88%d8%b1%d8%aa%d8%a8%d8%b1%d9%8a%d8%af-%d8%a7%d9%84%d8%b4%d9%88%d9%83%d9%88%d9%84%d8%a7%d8%aa%d8%a9-%d9%88%d8%a7%d9%84%d9%84%d9%88%d8%b2
https://lacuisinedebernard.com/%d8%b4%d9%88%d8%b1%d8%aa%d8%a8%d8%b1%d9%8a%d8%af-%d8%a7%d9%84%d8%b4%d9%88%d9%83%d9%88%d9%84%d8%a7%d8%aa%d8%a9-%d9%88%d8%a7%d9%84%d9%84%d9%88%d8%b2/,https://staging.lacuisinedebernard.com/%d8%b4%d9%88%d8%b1%d8%aa%d8%a8%d8%b1%d9%8a%d8%af-%d8%a7%d9%84%d8%b4%d9%88%d9%83%d9%88%d9%84%d8%a7%d8%aa%d8%a9-%d9%88%d8%a7%d9%84%d9%84%d9%88%d8%b2
https://www.lacuisinedebernard.com/%d8%b4%d9%88%d8%b1%d8%aa%d8%a8%d8%b1%d9%8a%d8%af-%d8%a7%d9%84%d8%b4%d9%88%d9%83%d9%88%d9%84%d8%a7%d8%aa%d8%a9-%d9%88%d8%a7%d9%84%d9%84%d9%88%d8%b2,https://staging.lacuisinedebernard.com/%d8%b4%d9%88%d8%b1%d8%aa%d8%a8%d8%b1%d9%8a%d8%af-%d8%a7%d9%84%d8%b4%d9%88%d9%83%d9%88%d9%84%d8%a7%d8%aa%d8%a9-%d9%88%d8%a7%d9%84%d9%84%d9%88%d8%b2
https://www.lacuisinedebernard.com/%d8%b4%d9%88%d8%b1%d8%aa%d8%a8%d8%b1%d9%8a%d8%af-%d8%a7%d9%84%d8%b4%d9%88%d9%83%d9%88%d9%84%d8%a7%d8%aa%d8%a9-%d9%88%d8%a7%d9%84%d9%84%d9%88%d8%b2/,https://staging.lacuisinedebernard.com/%d8%b4%d9%88%d8%b1%d8%aa%d8%a8%d8%b1%d9%8a%d8%af-%d8%a7%d9%84%d8%b4%d9%88%d9%83%d9%88%d9%84%d8%a7%d8%aa%d8%a9-%d9%88%d8%a7%d9%84%d9%84%d9%88%d8%b2
https://lacuisinedebernard.com/semolina-cake,https://staging.lacuisinedebernard.com/semolina-cake
https://lacuisinedebernard.com/semolina-cake/,https://staging.lacuisinedebernard.com/semolina-cake
https://www.lacuisinedebernard.com/semolina-cake,https://staging.lacuisinedebernard.com/semolina-cake
https://www.lacuisinedebernard.com/semolina-cake/,https://staging.lacuisinedebernard.com/semolina-cake
https://lacuisinedebernard.com/%d8%a8%d8%b1%d8%a7%d9%88%d9%86%d9%8a%d8%b2-%d8%b4%d9%88%d9%83%d9%88%d9%84%d8%a7%d8%aa%d8%a9-%d8%a7%d9%84%d9%85%d9%88%d8%b2-%d9%88%d8%b2%d8%a8%d8%af%d8%a9-%d8%a7%d9%84%d9%81%d9%88%d9%84-%d8%a7%d9%84,https://staging.lacuisinedebernard.com/%d8%a8%d8%b1%d8%a7%d9%88%d9%86%d9%8a%d8%b2-%d8%b4%d9%88%d9%83%d9%88%d9%84%d8%a7%d8%aa%d8%a9-%d8%a7%d9%84%d9%85%d9%88%d8%b2-%d9%88%d8%b2%d8%a8%d8%af%d8%a9-%d8%a7%d9%84%d9%81%d9%88%d9%84-%d8%a7%d9%84
https://lacuisinedebernard.com/%d8%a8%d8%b1%d8%a7%d9%88%d9%86%d9%8a%d8%b2-%d8%b4%d9%88%d9%83%d9%88%d9%84%d8%a7%d8%aa%d8%a9-%d8%a7%d9%84%d9%85%d9%88%d8%b2-%d9%88%d8%b2%d8%a8%d8%af%d8%a9-%d8%a7%d9%84%d9%81%d9%88%d9%84-%d8%a7%d9%84/,https://staging.lacuisinedebernard.com/%d8%a8%d8%b1%d8%a7%d9%88%d9%86%d9%8a%d8%b2-%d8%b4%d9%88%d9%83%d9%88%d9%84%d8%a7%d8%aa%d8%a9-%d8%a7%d9%84%d9%85%d9%88%d8%b2-%d9%88%d8%b2%d8%a8%d8%af%d8%a9-%d8%a7%d9%84%d9%81%d9%88%d9%84-%d8%a7%d9%84
https://www.lacuisinedebernard.com/%d8%a8%d8%b1%d8%a7%d9%88%d9%86%d9%8a%d8%b2-%d8%b4%d9%88%d9%83%d9%88%d9%84%d8%a7%d8%aa%d8%a9-%d8%a7%d9%84%d9%85%d9%88%d8%b2-%d9%88%d8%b2%d8%a8%d8%af%d8%a9-%d8%a7%d9%84%d9%81%d9%88%d9%84-%d8%a7%d9%84,https://staging.lacuisinedebernard.com/%d8%a8%d8%b1%d8%a7%d9%88%d9%86%d9%8a%d8%b2-%d8%b4%d9%88%d9%83%d9%88%d9%84%d8%a7%d8%aa%d8%a9-%d8%a7%d9%84%d9%85%d9%88%d8%b2-%d9%88%d8%b2%d8%a8%d8%af%d8%a9-%d8%a7%d9%84%d9%81%d9%88%d9%84-%d8%a7%d9%84
https://www.lacuisinedebernard.com/%d8%a8%d8%b1%d8%a7%d9%88%d9%86%d9%8a%d8%b2-%d8%b4%d9%88%d9%83%d9%88%d9%84%d8%a7%d8%aa%d8%a9-%d8%a7%d9%84%d9%85%d9%88%d8%b2-%d9%88%d8%b2%d8%a8%d8%af%d8%a9-%d8%a7%d9%84%d9%81%d9%88%d9%84-%d8%a7%d9%84/,https://staging.lacuisinedebernard.com/%d8%a8%d8%b1%d8%a7%d9%88%d9%86%d9%8a%d8%b2-%d8%b4%d9%88%d9%83%d9%88%d9%84%d8%a7%d8%aa%d8%a9-%d8%a7%d9%84%d9%85%d9%88%d8%b2-%d9%88%d8%b2%d8%a8%d8%af%d8%a9-%d8%a7%d9%84%d9%81%d9%88%d9%84-%d8%a7%d9%84
https://lacuisinedebernard.com/explosive,https://staging.lacuisinedebernard.com/explosive
https://lacuisinedebernard.com/explosive/,https://staging.lacuisinedebernard.com/explosive
https://www.lacuisinedebernard.com/explosive,https://staging.lacuisinedebernard.com/explosive
https://www.lacuisinedebernard.com/explosive/,https://staging.lacuisinedebernard.com/explosive
https://lacuisinedebernard.com/ghribas-with-nuts,https://staging.lacuisinedebernard.com/ghribas-with-nuts
https://lacuisinedebernard.com/ghribas-with-nuts/,https://staging.lacuisinedebernard.com/ghribas-with-nuts
https://www.lacuisinedebernard.com/ghribas-with-nuts,https://staging.lacuisinedebernard.com/ghribas-with-nuts
https://www.lacuisinedebernard.com/ghribas-with-nuts/,https://staging.lacuisinedebernard.com/ghribas-with-nuts
https://lacuisinedebernard.com/cremes-de-caramelo-da-clo,https://staging.lacuisinedebernard.com/cremes-de-caramelo-da-clo
https://lacuisinedebernard.com/cremes-de-caramelo-da-clo/,https://staging.lacuisinedebernard.com/cremes-de-caramelo-da-clo
https://www.lacuisinedebernard.com/cremes-de-caramelo-da-clo,https://staging.lacuisinedebernard.com/cremes-de-caramelo-da-clo
https://www.lacuisinedebernard.com/cremes-de-caramelo-da-clo/,https://staging.lacuisinedebernard.com/cremes-de-caramelo-da-clo
https://lacuisinedebernard.com/tartas-de-crema-de-castanas-con-fondant,https://staging.lacuisinedebernard.com/tartas-de-crema-de-castanas-con-fondant
https://lacuisinedebernard.com/tartas-de-crema-de-castanas-con-fondant/,https://staging.lacuisinedebernard.com/tartas-de-crema-de-castanas-con-fondant
https://www.lacuisinedebernard.com/tartas-de-crema-de-castanas-con-fondant,https://staging.lacuisinedebernard.com/tartas-de-crema-de-castanas-con-fondant
https://www.lacuisinedebernard.com/tartas-de-crema-de-castanas-con-fondant/,https://staging.lacuisinedebernard.com/tartas-de-crema-de-castanas-con-fondant
https://lacuisinedebernard.com/tea-crusts,https://staging.lacuisinedebernard.com/tea-crusts
https://lacuisinedebernard.com/tea-crusts/,https://staging.lacuisinedebernard.com/tea-crusts
https://www.lacuisinedebernard.com/tea-crusts,https://staging.lacuisinedebernard.com/tea-crusts
https://www.lacuisinedebernard.com/tea-crusts/,https://staging.lacuisinedebernard.com/tea-crusts
https://lacuisinedebernard.com/pralinas-rosa,https://staging.lacuisinedebernard.com/pralinas-rosa
https://lacuisinedebernard.com/pralinas-rosa/,https://staging.lacuisinedebernard.com/pralinas-rosa
https://www.lacuisinedebernard.com/pralinas-rosa,https://staging.lacuisinedebernard.com/pralinas-rosa
https://www.lacuisinedebernard.com/pralinas-rosa/,https://staging.lacuisinedebernard.com/pralinas-rosa
https://lacuisinedebernard.com/%d9%83%d8%b9%d9%83%d8%a9-%d8%a7%d9%84%d8%b3%d9%85%d9%8a%d8%af,https://staging.lacuisinedebernard.com/%d9%83%d8%b9%d9%83%d8%a9-%d8%a7%d9%84%d8%b3%d9%85%d9%8a%d8%af
https://lacuisinedebernard.com/%d9%83%d8%b9%d9%83%d8%a9-%d8%a7%d9%84%d8%b3%d9%85%d9%8a%d8%af/,https://staging.lacuisinedebernard.com/%d9%83%d8%b9%d9%83%d8%a9-%d8%a7%d9%84%d8%b3%d9%85%d9%8a%d8%af
https://www.lacuisinedebernard.com/%d9%83%d8%b9%d9%83%d8%a9-%d8%a7%d9%84%d8%b3%d9%85%d9%8a%d8%af,https://staging.lacuisinedebernard.com/%d9%83%d8%b9%d9%83%d8%a9-%d8%a7%d9%84%d8%b3%d9%85%d9%8a%d8%af
https://www.lacuisinedebernard.com/%d9%83%d8%b9%d9%83%d8%a9-%d8%a7%d9%84%d8%b3%d9%85%d9%8a%d8%af/,https://staging.lacuisinedebernard.com/%d9%83%d8%b9%d9%83%d8%a9-%d8%a7%d9%84%d8%b3%d9%85%d9%8a%d8%af
https://lacuisinedebernard.com/%d8%a8%d8%a7%d8%b1-%d9%83%d8%a7%d8%b1%d8%a7%d9%85%d9%84%d9%8a%d8%aa%d8%a7,https://staging.lacuisinedebernard.com/%d8%a8%d8%a7%d8%b1-%d9%83%d8%a7%d8%b1%d8%a7%d9%85%d9%84%d9%8a%d8%aa%d8%a7
https://lacuisinedebernard.com/%d8%a8%d8%a7%d8%b1-%d9%83%d8%a7%d8%b1%d8%a7%d9%85%d9%84%d9%8a%d8%aa%d8%a7/,https://staging.lacuisinedebernard.com/%d8%a8%d8%a7%d8%b1-%d9%83%d8%a7%d8%b1%d8%a7%d9%85%d9%84%d9%8a%d8%aa%d8%a7
https://www.lacuisinedebernard.com/%d8%a8%d8%a7%d8%b1-%d9%83%d8%a7%d8%b1%d8%a7%d9%85%d9%84%d9%8a%d8%aa%d8%a7,https://staging.lacuisinedebernard.com/%d8%a8%d8%a7%d8%b1-%d9%83%d8%a7%d8%b1%d8%a7%d9%85%d9%84%d9%8a%d8%aa%d8%a7
https://www.lacuisinedebernard.com/%d8%a8%d8%a7%d8%b1-%d9%83%d8%a7%d8%b1%d8%a7%d9%85%d9%84%d9%8a%d8%aa%d8%a7/,https://staging.lacuisinedebernard.com/%d8%a8%d8%a7%d8%b1-%d9%83%d8%a7%d8%b1%d8%a7%d9%85%d9%84%d9%8a%d8%aa%d8%a7
https://lacuisinedebernard.com/pasta-de-avela-com-cacau,https://staging.lacuisinedebernard.com/pasta-de-avela-com-cacau
https://lacuisinedebernard.com/pasta-de-avela-com-cacau/,https://staging.lacuisinedebernard.com/pasta-de-avela-com-cacau
https://www.lacuisinedebernard.com/pasta-de-avela-com-cacau,https://staging.lacuisinedebernard.com/pasta-de-avela-com-cacau
https://www.lacuisinedebernard.com/pasta-de-avela-com-cacau/,https://staging.lacuisinedebernard.com/pasta-de-avela-com-cacau
https://lacuisinedebernard.com/%d8%a7%d9%84%d8%ac%d9%88%d8%b2-%d8%ba%d8%b1%d9%8a%d8%a8%d8%b3,https://staging.lacuisinedebernard.com/%d8%a7%d9%84%d8%ac%d9%88%d8%b2-%d8%ba%d8%b1%d9%8a%d8%a8%d8%b3
https://lacuisinedebernard.com/%d8%a7%d9%84%d8%ac%d9%88%d8%b2-%d8%ba%d8%b1%d9%8a%d8%a8%d8%b3/,https://staging.lacuisinedebernard.com/%d8%a7%d9%84%d8%ac%d9%88%d8%b2-%d8%ba%d8%b1%d9%8a%d8%a8%d8%b3
https://www.lacuisinedebernard.com/%d8%a7%d9%84%d8%ac%d9%88%d8%b2-%d8%ba%d8%b1%d9%8a%d8%a8%d8%b3,https://staging.lacuisinedebernard.com/%d8%a7%d9%84%d8%ac%d9%88%d8%b2-%d8%ba%d8%b1%d9%8a%d8%a8%d8%b3
https://www.lacuisinedebernard.com/%d8%a7%d9%84%d8%ac%d9%88%d8%b2-%d8%ba%d8%b1%d9%8a%d8%a8%d8%b3/,https://staging.lacuisinedebernard.com/%d8%a7%d9%84%d8%ac%d9%88%d8%b2-%d8%ba%d8%b1%d9%8a%d8%a8%d8%b3
https://lacuisinedebernard.com/creme-de-castanha-bolos-fondant,https://staging.lacuisinedebernard.com/creme-de-castanha-bolos-fondant
https://lacuisinedebernard.com/creme-de-castanha-bolos-fondant/,https://staging.lacuisinedebernard.com/creme-de-castanha-bolos-fondant
https://www.lacuisinedebernard.com/creme-de-castanha-bolos-fondant,https://staging.lacuisinedebernard.com/creme-de-castanha-bolos-fondant
https://www.lacuisinedebernard.com/creme-de-castanha-bolos-fondant/,https://staging.lacuisinedebernard.com/creme-de-castanha-bolos-fondant
https://lacuisinedebernard.com/caramel-creams-from-clo,https://staging.lacuisinedebernard.com/caramel-creams-from-clo
https://lacuisinedebernard.com/caramel-creams-from-clo/,https://staging.lacuisinedebernard.com/caramel-creams-from-clo
https://www.lacuisinedebernard.com/caramel-creams-from-clo,https://staging.lacuisinedebernard.com/caramel-creams-from-clo
https://www.lacuisinedebernard.com/caramel-creams-from-clo/,https://staging.lacuisinedebernard.com/caramel-creams-from-clo
https://lacuisinedebernard.com/pink-pralines,https://staging.lacuisinedebernard.com/pink-pralines
https://lacuisinedebernard.com/pink-pralines/,https://staging.lacuisinedebernard.com/pink-pralines
https://www.lacuisinedebernard.com/pink-pralines,https://staging.lacuisinedebernard.com/pink-pralines
https://www.lacuisinedebernard.com/pink-pralines/,https://staging.lacuisinedebernard.com/pink-pralines
https://lacuisinedebernard.com/galletas-de-chocolate-y-almendras,https://staging.lacuisinedebernard.com/galletas-de-chocolate-y-almendras
https://lacuisinedebernard.com/galletas-de-chocolate-y-almendras/,https://staging.lacuisinedebernard.com/galletas-de-chocolate-y-almendras
https://www.lacuisinedebernard.com/galletas-de-chocolate-y-almendras,https://staging.lacuisinedebernard.com/galletas-de-chocolate-y-almendras
https://www.lacuisinedebernard.com/galletas-de-chocolate-y-almendras/,https://staging.lacuisinedebernard.com/galletas-de-chocolate-y-almendras
https://lacuisinedebernard.com/white-chocolate-and-cranberry-oat-cakes,https://staging.lacuisinedebernard.com/white-chocolate-and-cranberry-oat-cakes
https://lacuisinedebernard.com/white-chocolate-and-cranberry-oat-cakes/,https://staging.lacuisinedebernard.com/white-chocolate-and-cranberry-oat-cakes
https://www.lacuisinedebernard.com/white-chocolate-and-cranberry-oat-cakes,https://staging.lacuisinedebernard.com/white-chocolate-and-cranberry-oat-cakes
https://www.lacuisinedebernard.com/white-chocolate-and-cranberry-oat-cakes/,https://staging.lacuisinedebernard.com/white-chocolate-and-cranberry-oat-cakes
https://lacuisinedebernard.com/%d9%82%d8%b4%d9%88%d8%b1-%d8%a7%d9%84%d8%b4%d8%a7%d9%8a,https://staging.lacuisinedebernard.com/%d9%82%d8%b4%d9%88%d8%b1-%d8%a7%d9%84%d8%b4%d8%a7%d9%8a
https://lacuisinedebernard.com/%d9%82%d8%b4%d9%88%d8%b1-%d8%a7%d9%84%d8%b4%d8%a7%d9%8a/,https://staging.lacuisinedebernard.com/%d9%82%d8%b4%d9%88%d8%b1-%d8%a7%d9%84%d8%b4%d8%a7%d9%8a
https://www.lacuisinedebernard.com/%d9%82%d8%b4%d9%88%d8%b1-%d8%a7%d9%84%d8%b4%d8%a7%d9%8a,https://staging.lacuisinedebernard.com/%d9%82%d8%b4%d9%88%d8%b1-%d8%a7%d9%84%d8%b4%d8%a7%d9%8a
https://www.lacuisinedebernard.com/%d9%82%d8%b4%d9%88%d8%b1-%d8%a7%d9%84%d8%b4%d8%a7%d9%8a/,https://staging.lacuisinedebernard.com/%d9%82%d8%b4%d9%88%d8%b1-%d8%a7%d9%84%d8%b4%d8%a7%d9%8a
https://lacuisinedebernard.com/hazelnut-paste-with-cocoa,https://staging.lacuisinedebernard.com/hazelnut-paste-with-cocoa
https://lacuisinedebernard.com/hazelnut-paste-with-cocoa/,https://staging.lacuisinedebernard.com/hazelnut-paste-with-cocoa
https://www.lacuisinedebernard.com/hazelnut-paste-with-cocoa,https://staging.lacuisinedebernard.com/hazelnut-paste-with-cocoa
https://www.lacuisinedebernard.com/hazelnut-paste-with-cocoa/,https://staging.lacuisinedebernard.com/hazelnut-paste-with-cocoa
https://lacuisinedebernard.com/amlou,https://staging.lacuisinedebernard.com/amlou
https://lacuisinedebernard.com/amlou/,https://staging.lacuisinedebernard.com/amlou
https://www.lacuisinedebernard.com/amlou,https://staging.lacuisinedebernard.com/amlou
https://www.lacuisinedebernard.com/amlou/,https://staging.lacuisinedebernard.com/amlou
https://lacuisinedebernard.com/%d8%a7%d9%84%d9%85%d8%ac%d8%af%d9%84%d9%8a%d8%a9-%d8%a7%d9%84%d8%b9%d9%85%d9%84%d8%a7%d9%82%d8%a9,https://staging.lacuisinedebernard.com/%d8%a7%d9%84%d9%85%d8%ac%d8%af%d9%84%d9%8a%d8%a9-%d8%a7%d9%84%d8%b9%d9%85%d9%84%d8%a7%d9%82%d8%a9
https://lacuisinedebernard.com/%d8%a7%d9%84%d9%85%d8%ac%d8%af%d9%84%d9%8a%d8%a9-%d8%a7%d9%84%d8%b9%d9%85%d9%84%d8%a7%d9%82%d8%a9/,https://staging.lacuisinedebernard.com/%d8%a7%d9%84%d9%85%d8%ac%d8%af%d9%84%d9%8a%d8%a9-%d8%a7%d9%84%d8%b9%d9%85%d9%84%d8%a7%d9%82%d8%a9
https://www.lacuisinedebernard.com/%d8%a7%d9%84%d9%85%d8%ac%d8%af%d9%84%d9%8a%d8%a9-%d8%a7%d9%84%d8%b9%d9%85%d9%84%d8%a7%d9%82%d8%a9,https://staging.lacuisinedebernard.com/%d8%a7%d9%84%d9%85%d8%ac%d8%af%d9%84%d9%8a%d8%a9-%d8%a7%d9%84%d8%b9%d9%85%d9%84%d8%a7%d9%82%d8%a9
https://www.lacuisinedebernard.com/%d8%a7%d9%84%d9%85%d8%ac%d8%af%d9%84%d9%8a%d8%a9-%d8%a7%d9%84%d8%b9%d9%85%d9%84%d8%a7%d9%82%d8%a9/,https://staging.lacuisinedebernard.com/%d8%a7%d9%84%d9%85%d8%ac%d8%af%d9%84%d9%8a%d8%a9-%d8%a7%d9%84%d8%b9%d9%85%d9%84%d8%a7%d9%82%d8%a9
https://lacuisinedebernard.com/%d8%b2%d8%a8%d8%a7%d8%af%d9%89-%d9%85%d8%ab%d9%84%d8%ac,https://staging.lacuisinedebernard.com/%d8%b2%d8%a8%d8%a7%d8%af%d9%89-%d9%85%d8%ab%d9%84%d8%ac
https://lacuisinedebernard.com/%d8%b2%d8%a8%d8%a7%d8%af%d9%89-%d9%85%d8%ab%d9%84%d8%ac/,https://staging.lacuisinedebernard.com/%d8%b2%d8%a8%d8%a7%d8%af%d9%89-%d9%85%d8%ab%d9%84%d8%ac
https://www.lacuisinedebernard.com/%d8%b2%d8%a8%d8%a7%d8%af%d9%89-%d9%85%d8%ab%d9%84%d8%ac,https://staging.lacuisinedebernard.com/%d8%b2%d8%a8%d8%a7%d8%af%d9%89-%d9%85%d8%ab%d9%84%d8%ac
https://www.lacuisinedebernard.com/%d8%b2%d8%a8%d8%a7%d8%af%d9%89-%d9%85%d8%ab%d9%84%d8%ac/,https://staging.lacuisinedebernard.com/%d8%b2%d8%a8%d8%a7%d8%af%d9%89-%d9%85%d8%ab%d9%84%d8%ac
https://lacuisinedebernard.com/tarta-de-frutos-secos,https://staging.lacuisinedebernard.com/tarta-de-frutos-secos
https://lacuisinedebernard.com/tarta-de-frutos-secos/,https://staging.lacuisinedebernard.com/tarta-de-frutos-secos
https://www.lacuisinedebernard.com/tarta-de-frutos-secos,https://staging.lacuisinedebernard.com/tarta-de-frutos-secos
https://www.lacuisinedebernard.com/tarta-de-frutos-secos/,https://staging.lacuisinedebernard.com/tarta-de-frutos-secos
https://lacuisinedebernard.com/rice-with-milk,https://staging.lacuisinedebernard.com/rice-with-milk
https://lacuisinedebernard.com/rice-with-milk/,https://staging.lacuisinedebernard.com/rice-with-milk
https://www.lacuisinedebernard.com/rice-with-milk,https://staging.lacuisinedebernard.com/rice-with-milk
https://www.lacuisinedebernard.com/rice-with-milk/,https://staging.lacuisinedebernard.com/rice-with-milk
https://lacuisinedebernard.com/pastelitos-de-semillas-dulces-sin-gluten-sin-huevo-y-sin-mantequilla-pero-deliciosos,https://staging.lacuisinedebernard.com/pastelitos-de-semillas-dulces-sin-gluten-sin-huevo-y-sin-mantequilla-pero-deliciosos
https://lacuisinedebernard.com/pastelitos-de-semillas-dulces-sin-gluten-sin-huevo-y-sin-mantequilla-pero-deliciosos/,https://staging.lacuisinedebernard.com/pastelitos-de-semillas-dulces-sin-gluten-sin-huevo-y-sin-mantequilla-pero-deliciosos
https://www.lacuisinedebernard.com/pastelitos-de-semillas-dulces-sin-gluten-sin-huevo-y-sin-mantequilla-pero-deliciosos,https://staging.lacuisinedebernard.com/pastelitos-de-semillas-dulces-sin-gluten-sin-huevo-y-sin-mantequilla-pero-deliciosos
https://www.lacuisinedebernard.com/pastelitos-de-semillas-dulces-sin-gluten-sin-huevo-y-sin-mantequilla-pero-deliciosos/,https://staging.lacuisinedebernard.com/pastelitos-de-semillas-dulces-sin-gluten-sin-huevo-y-sin-mantequilla-pero-deliciosos
https://lacuisinedebernard.com/casa-zanimo-o-dinosaurio,https://staging.lacuisinedebernard.com/casa-zanimo-o-dinosaurio
https://lacuisinedebernard.com/casa-zanimo-o-dinosaurio/,https://staging.lacuisinedebernard.com/casa-zanimo-o-dinosaurio
https://www.lacuisinedebernard.com/casa-zanimo-o-dinosaurio,https://staging.lacuisinedebernard.com/casa-zanimo-o-dinosaurio
https://www.lacuisinedebernard.com/casa-zanimo-o-dinosaurio/,https://staging.lacuisinedebernard.com/casa-zanimo-o-dinosaurio
https://lacuisinedebernard.com/galletas-de-chocolate-blanco,https://staging.lacuisinedebernard.com/galletas-de-chocolate-blanco
https://lacuisinedebernard.com/galletas-de-chocolate-blanco/,https://staging.lacuisinedebernard.com/galletas-de-chocolate-blanco
https://www.lacuisinedebernard.com/galletas-de-chocolate-blanco,https://staging.lacuisinedebernard.com/galletas-de-chocolate-blanco
https://www.lacuisinedebernard.com/galletas-de-chocolate-blanco/,https://staging.lacuisinedebernard.com/galletas-de-chocolate-blanco
https://lacuisinedebernard.com/%d8%a3%d8%b1%d8%b2-%d8%a8%d8%a7%d9%84%d8%ad%d9%84%d9%8a%d8%a8,https://staging.lacuisinedebernard.com/%d8%a3%d8%b1%d8%b2-%d8%a8%d8%a7%d9%84%d8%ad%d9%84%d9%8a%d8%a8
https://lacuisinedebernard.com/%d8%a3%d8%b1%d8%b2-%d8%a8%d8%a7%d9%84%d8%ad%d9%84%d9%8a%d8%a8/,https://staging.lacuisinedebernard.com/%d8%a3%d8%b1%d8%b2-%d8%a8%d8%a7%d9%84%d8%ad%d9%84%d9%8a%d8%a8
https://www.lacuisinedebernard.com/%d8%a3%d8%b1%d8%b2-%d8%a8%d8%a7%d9%84%d8%ad%d9%84%d9%8a%d8%a8,https://staging.lacuisinedebernard.com/%d8%a3%d8%b1%d8%b2-%d8%a8%d8%a7%d9%84%d8%ad%d9%84%d9%8a%d8%a8
https://www.lacuisinedebernard.com/%d8%a3%d8%b1%d8%b2-%d8%a8%d8%a7%d9%84%d8%ad%d9%84%d9%8a%d8%a8/,https://staging.lacuisinedebernard.com/%d8%a3%d8%b1%d8%b2-%d8%a8%d8%a7%d9%84%d8%ad%d9%84%d9%8a%d8%a8
https://lacuisinedebernard.com/torta-de-fruta-seca,https://staging.lacuisinedebernard.com/torta-de-fruta-seca
https://lacuisinedebernard.com/torta-de-fruta-seca/,https://staging.lacuisinedebernard.com/torta-de-fruta-seca
https://www.lacuisinedebernard.com/torta-de-fruta-seca,https://staging.lacuisinedebernard.com/torta-de-fruta-seca
https://www.lacuisinedebernard.com/torta-de-fruta-seca/,https://staging.lacuisinedebernard.com/torta-de-fruta-seca
https://lacuisinedebernard.com/bolos-de-sementes-doces-sem-gluten-sem-ovos-e-sem-manteiga-mas-deliciosos,https://staging.lacuisinedebernard.com/bolos-de-sementes-doces-sem-gluten-sem-ovos-e-sem-manteiga-mas-deliciosos
https://lacuisinedebernard.com/bolos-de-sementes-doces-sem-gluten-sem-ovos-e-sem-manteiga-mas-deliciosos/,https://staging.lacuisinedebernard.com/bolos-de-sementes-doces-sem-gluten-sem-ovos-e-sem-manteiga-mas-deliciosos
https://www.lacuisinedebernard.com/bolos-de-sementes-doces-sem-gluten-sem-ovos-e-sem-manteiga-mas-deliciosos,https://staging.lacuisinedebernard.com/bolos-de-sementes-doces-sem-gluten-sem-ovos-e-sem-manteiga-mas-deliciosos
https://www.lacuisinedebernard.com/bolos-de-sementes-doces-sem-gluten-sem-ovos-e-sem-manteiga-mas-deliciosos/,https://staging.lacuisinedebernard.com/bolos-de-sementes-doces-sem-gluten-sem-ovos-e-sem-manteiga-mas-deliciosos
https://lacuisinedebernard.com/sweet-seed-patties-gluten-free-egg-free-and-butter-free-but-delicious,https://staging.lacuisinedebernard.com/sweet-seed-patties-gluten-free-egg-free-and-butter-free-but-delicious
https://lacuisinedebernard.com/sweet-seed-patties-gluten-free-egg-free-and-butter-free-but-delicious/,https://staging.lacuisinedebernard.com/sweet-seed-patties-gluten-free-egg-free-and-butter-free-but-delicious
https://www.lacuisinedebernard.com/sweet-seed-patties-gluten-free-egg-free-and-butter-free-but-delicious,https://staging.lacuisinedebernard.com/sweet-seed-patties-gluten-free-egg-free-and-butter-free-but-delicious
https://www.lacuisinedebernard.com/sweet-seed-patties-gluten-free-egg-free-and-butter-free-but-delicious/,https://staging.lacuisinedebernard.com/sweet-seed-patties-gluten-free-egg-free-and-butter-free-but-delicious
https://lacuisinedebernard.com/dried-fruit-tart,https://staging.lacuisinedebernard.com/dried-fruit-tart
https://lacuisinedebernard.com/dried-fruit-tart/,https://staging.lacuisinedebernard.com/dried-fruit-tart
https://www.lacuisinedebernard.com/dried-fruit-tart,https://staging.lacuisinedebernard.com/dried-fruit-tart
https://www.lacuisinedebernard.com/dried-fruit-tart/,https://staging.lacuisinedebernard.com/dried-fruit-tart
https://lacuisinedebernard.com/casa-zanimo-ou-dinossauro,https://staging.lacuisinedebernard.com/casa-zanimo-ou-dinossauro
https://lacuisinedebernard.com/casa-zanimo-ou-dinossauro/,https://staging.lacuisinedebernard.com/casa-zanimo-ou-dinossauro
https://www.lacuisinedebernard.com/casa-zanimo-ou-dinossauro,https://staging.lacuisinedebernard.com/casa-zanimo-ou-dinossauro
https://www.lacuisinedebernard.com/casa-zanimo-ou-dinossauro/,https://staging.lacuisinedebernard.com/casa-zanimo-ou-dinossauro
https://lacuisinedebernard.com/biscoitos-de-chocolate-branco,https://staging.lacuisinedebernard.com/biscoitos-de-chocolate-branco
https://lacuisinedebernard.com/biscoitos-de-chocolate-branco/,https://staging.lacuisinedebernard.com/biscoitos-de-chocolate-branco
https://www.lacuisinedebernard.com/biscoitos-de-chocolate-branco,https://staging.lacuisinedebernard.com/biscoitos-de-chocolate-branco
https://www.lacuisinedebernard.com/biscoitos-de-chocolate-branco/,https://staging.lacuisinedebernard.com/biscoitos-de-chocolate-branco
https://lacuisinedebernard.com/%d8%a3%d9%85%d9%84%d9%88,https://staging.lacuisinedebernard.com/%d8%a3%d9%85%d9%84%d9%88
https://lacuisinedebernard.com/%d8%a3%d9%85%d9%84%d9%88/,https://staging.lacuisinedebernard.com/%d8%a3%d9%85%d9%84%d9%88
https://www.lacuisinedebernard.com/%d8%a3%d9%85%d9%84%d9%88,https://staging.lacuisinedebernard.com/%d8%a3%d9%85%d9%84%d9%88
https://www.lacuisinedebernard.com/%d8%a3%d9%85%d9%84%d9%88/,https://staging.lacuisinedebernard.com/%d8%a3%d9%85%d9%84%d9%88
https://lacuisinedebernard.com/magdalena-gigante,https://staging.lacuisinedebernard.com/magdalena-gigante
https://lacuisinedebernard.com/magdalena-gigante/,https://staging.lacuisinedebernard.com/magdalena-gigante
https://www.lacuisinedebernard.com/magdalena-gigante,https://staging.lacuisinedebernard.com/magdalena-gigante
https://www.lacuisinedebernard.com/magdalena-gigante/,https://staging.lacuisinedebernard.com/magdalena-gigante
https://lacuisinedebernard.com/%d9%83%d8%b9%d9%83%d8%a7%d8%aa-%d8%a7%d9%84%d8%a8%d8%b0%d9%88%d8%b1-%d8%a7%d9%84%d8%ad%d9%84%d9%88%d8%a9-%d8%ae%d8%a7%d9%84%d9%8a%d8%a9-%d9%85%d9%86-%d8%a7%d9%84%d8%ba%d9%84%d9%88%d8%aa%d9%8a%d9%86,https://staging.lacuisinedebernard.com/%d9%83%d8%b9%d9%83%d8%a7%d8%aa-%d8%a7%d9%84%d8%a8%d8%b0%d9%88%d8%b1-%d8%a7%d9%84%d8%ad%d9%84%d9%88%d8%a9-%d8%ae%d8%a7%d9%84%d9%8a%d8%a9-%d9%85%d9%86-%d8%a7%d9%84%d8%ba%d9%84%d9%88%d8%aa%d9%8a%d9%86
https://lacuisinedebernard.com/%d9%83%d8%b9%d9%83%d8%a7%d8%aa-%d8%a7%d9%84%d8%a8%d8%b0%d9%88%d8%b1-%d8%a7%d9%84%d8%ad%d9%84%d9%88%d8%a9-%d8%ae%d8%a7%d9%84%d9%8a%d8%a9-%d9%85%d9%86-%d8%a7%d9%84%d8%ba%d9%84%d9%88%d8%aa%d9%8a%d9%86/,https://staging.lacuisinedebernard.com/%d9%83%d8%b9%d9%83%d8%a7%d8%aa-%d8%a7%d9%84%d8%a8%d8%b0%d9%88%d8%b1-%d8%a7%d9%84%d8%ad%d9%84%d9%88%d8%a9-%d8%ae%d8%a7%d9%84%d9%8a%d8%a9-%d9%85%d9%86-%d8%a7%d9%84%d8%ba%d9%84%d9%88%d8%aa%d9%8a%d9%86
https://www.lacuisinedebernard.com/%d9%83%d8%b9%d9%83%d8%a7%d8%aa-%d8%a7%d9%84%d8%a8%d8%b0%d9%88%d8%b1-%d8%a7%d9%84%d8%ad%d9%84%d9%88%d8%a9-%d8%ae%d8%a7%d9%84%d9%8a%d8%a9-%d9%85%d9%86-%d8%a7%d9%84%d8%ba%d9%84%d9%88%d8%aa%d9%8a%d9%86,https://staging.lacuisinedebernard.com/%d9%83%d8%b9%d9%83%d8%a7%d8%aa-%d8%a7%d9%84%d8%a8%d8%b0%d9%88%d8%b1-%d8%a7%d9%84%d8%ad%d9%84%d9%88%d8%a9-%d8%ae%d8%a7%d9%84%d9%8a%d8%a9-%d9%85%d9%86-%d8%a7%d9%84%d8%ba%d9%84%d9%88%d8%aa%d9%8a%d9%86
https://www.lacuisinedebernard.com/%d9%83%d8%b9%d9%83%d8%a7%d8%aa-%d8%a7%d9%84%d8%a8%d8%b0%d9%88%d8%b1-%d8%a7%d9%84%d8%ad%d9%84%d9%88%d8%a9-%d8%ae%d8%a7%d9%84%d9%8a%d8%a9-%d9%85%d9%86-%d8%a7%d9%84%d8%ba%d9%84%d9%88%d8%aa%d9%8a%d9%86/,https://staging.lacuisinedebernard.com/%d9%83%d8%b9%d9%83%d8%a7%d8%aa-%d8%a7%d9%84%d8%a8%d8%b0%d9%88%d8%b1-%d8%a7%d9%84%d8%ad%d9%84%d9%88%d8%a9-%d8%ae%d8%a7%d9%84%d9%8a%d8%a9-%d9%85%d9%86-%d8%a7%d9%84%d8%ba%d9%84%d9%88%d8%aa%d9%8a%d9%86
https://lacuisinedebernard.com/white-chocolate-cookies,https://staging.lacuisinedebernard.com/white-chocolate-cookies
https://lacuisinedebernard.com/white-chocolate-cookies/,https://staging.lacuisinedebernard.com/white-chocolate-cookies
https://www.lacuisinedebernard.com/white-chocolate-cookies,https://staging.lacuisinedebernard.com/white-chocolate-cookies
https://www.lacuisinedebernard.com/white-chocolate-cookies/,https://staging.lacuisinedebernard.com/white-chocolate-cookies
https://lacuisinedebernard.com/%d8%aa%d8%a7%d8%b1%d8%aa-%d8%a7%d9%84%d9%81%d9%88%d8%a7%d9%83%d9%87-%d8%a7%d9%84%d9%85%d8%ac%d9%81%d9%81%d8%a9,https://staging.lacuisinedebernard.com/%d8%aa%d8%a7%d8%b1%d8%aa-%d8%a7%d9%84%d9%81%d9%88%d8%a7%d9%83%d9%87-%d8%a7%d9%84%d9%85%d8%ac%d9%81%d9%81%d8%a9
https://lacuisinedebernard.com/%d8%aa%d8%a7%d8%b1%d8%aa-%d8%a7%d9%84%d9%81%d9%88%d8%a7%d9%83%d9%87-%d8%a7%d9%84%d9%85%d8%ac%d9%81%d9%81%d8%a9/,https://staging.lacuisinedebernard.com/%d8%aa%d8%a7%d8%b1%d8%aa-%d8%a7%d9%84%d9%81%d9%88%d8%a7%d9%83%d9%87-%d8%a7%d9%84%d9%85%d8%ac%d9%81%d9%81%d8%a9
https://www.lacuisinedebernard.com/%d8%aa%d8%a7%d8%b1%d8%aa-%d8%a7%d9%84%d9%81%d9%88%d8%a7%d9%83%d9%87-%d8%a7%d9%84%d9%85%d8%ac%d9%81%d9%81%d8%a9,https://staging.lacuisinedebernard.com/%d8%aa%d8%a7%d8%b1%d8%aa-%d8%a7%d9%84%d9%81%d9%88%d8%a7%d9%83%d9%87-%d8%a7%d9%84%d9%85%d8%ac%d9%81%d9%81%d8%a9
https://www.lacuisinedebernard.com/%d8%aa%d8%a7%d8%b1%d8%aa-%d8%a7%d9%84%d9%81%d9%88%d8%a7%d9%83%d9%87-%d8%a7%d9%84%d9%85%d8%ac%d9%81%d9%81%d8%a9/,https://staging.lacuisinedebernard.com/%d8%aa%d8%a7%d8%b1%d8%aa-%d8%a7%d9%84%d9%81%d9%88%d8%a7%d9%83%d9%87-%d8%a7%d9%84%d9%85%d8%ac%d9%81%d9%81%d8%a9
https://lacuisinedebernard.com/arroz-con-leche,https://staging.lacuisinedebernard.com/arroz-con-leche
https://lacuisinedebernard.com/arroz-con-leche/,https://staging.lacuisinedebernard.com/arroz-con-leche
https://www.lacuisinedebernard.com/arroz-con-leche,https://staging.lacuisinedebernard.com/arroz-con-leche
https://www.lacuisinedebernard.com/arroz-con-leche/,https://staging.lacuisinedebernard.com/arroz-con-leche
https://lacuisinedebernard.com/zanimo-or-dinosaurus-house,https://staging.lacuisinedebernard.com/zanimo-or-dinosaurus-house
https://lacuisinedebernard.com/zanimo-or-dinosaurus-house/,https://staging.lacuisinedebernard.com/zanimo-or-dinosaurus-house
https://www.lacuisinedebernard.com/zanimo-or-dinosaurus-house,https://staging.lacuisinedebernard.com/zanimo-or-dinosaurus-house
https://www.lacuisinedebernard.com/zanimo-or-dinosaurus-house/,https://staging.lacuisinedebernard.com/zanimo-or-dinosaurus-house
https://lacuisinedebernard.com/madeleine-gigante,https://staging.lacuisinedebernard.com/madeleine-gigante
https://lacuisinedebernard.com/madeleine-gigante/,https://staging.lacuisinedebernard.com/madeleine-gigante
https://www.lacuisinedebernard.com/madeleine-gigante,https://staging.lacuisinedebernard.com/madeleine-gigante
https://www.lacuisinedebernard.com/madeleine-gigante/,https://staging.lacuisinedebernard.com/madeleine-gigante
https://lacuisinedebernard.com/%d9%83%d9%88%d9%83%d9%8a%d8%b2-%d8%a7%d9%84%d8%b4%d9%88%d9%83%d9%88%d9%84%d8%a7%d8%aa%d8%a9-%d8%a7%d9%84%d8%a8%d9%8a%d8%b6%d8%a7%d8%a1,https://staging.lacuisinedebernard.com/%d9%83%d9%88%d9%83%d9%8a%d8%b2-%d8%a7%d9%84%d8%b4%d9%88%d9%83%d9%88%d9%84%d8%a7%d8%aa%d8%a9-%d8%a7%d9%84%d8%a8%d9%8a%d8%b6%d8%a7%d8%a1
https://lacuisinedebernard.com/%d9%83%d9%88%d9%83%d9%8a%d8%b2-%d8%a7%d9%84%d8%b4%d9%88%d9%83%d9%88%d9%84%d8%a7%d8%aa%d8%a9-%d8%a7%d9%84%d8%a8%d9%8a%d8%b6%d8%a7%d8%a1/,https://staging.lacuisinedebernard.com/%d9%83%d9%88%d9%83%d9%8a%d8%b2-%d8%a7%d9%84%d8%b4%d9%88%d9%83%d9%88%d9%84%d8%a7%d8%aa%d8%a9-%d8%a7%d9%84%d8%a8%d9%8a%d8%b6%d8%a7%d8%a1
https://www.lacuisinedebernard.com/%d9%83%d9%88%d9%83%d9%8a%d8%b2-%d8%a7%d9%84%d8%b4%d9%88%d9%83%d9%88%d9%84%d8%a7%d8%aa%d8%a9-%d8%a7%d9%84%d8%a8%d9%8a%d8%b6%d8%a7%d8%a1,https://staging.lacuisinedebernard.com/%d9%83%d9%88%d9%83%d9%8a%d8%b2-%d8%a7%d9%84%d8%b4%d9%88%d9%83%d9%88%d9%84%d8%a7%d8%aa%d8%a9-%d8%a7%d9%84%d8%a8%d9%8a%d8%b6%d8%a7%d8%a1
https://www.lacuisinedebernard.com/%d9%83%d9%88%d9%83%d9%8a%d8%b2-%d8%a7%d9%84%d8%b4%d9%88%d9%83%d9%88%d9%84%d8%a7%d8%aa%d8%a9-%d8%a7%d9%84%d8%a8%d9%8a%d8%b6%d8%a7%d8%a1/,https://staging.lacuisinedebernard.com/%d9%83%d9%88%d9%83%d9%8a%d8%b2-%d8%a7%d9%84%d8%b4%d9%88%d9%83%d9%88%d9%84%d8%a7%d8%aa%d8%a9-%d8%a7%d9%84%d8%a8%d9%8a%d8%b6%d8%a7%d8%a1
https://lacuisinedebernard.com/%d9%85%d9%86%d8%b2%d9%84-%d8%b2%d8%a7%d9%86%d9%8a%d9%85%d9%88-%d8%a3%d9%88-%d8%a7%d9%84%d8%af%d9%8a%d9%86%d8%a7%d8%b5%d9%88%d8%b1,https://staging.lacuisinedebernard.com/%d9%85%d9%86%d8%b2%d9%84-%d8%b2%d8%a7%d9%86%d9%8a%d9%85%d9%88-%d8%a3%d9%88-%d8%a7%d9%84%d8%af%d9%8a%d9%86%d8%a7%d8%b5%d9%88%d8%b1
https://lacuisinedebernard.com/%d9%85%d9%86%d8%b2%d9%84-%d8%b2%d8%a7%d9%86%d9%8a%d9%85%d9%88-%d8%a3%d9%88-%d8%a7%d9%84%d8%af%d9%8a%d9%86%d8%a7%d8%b5%d9%88%d8%b1/,https://staging.lacuisinedebernard.com/%d9%85%d9%86%d8%b2%d9%84-%d8%b2%d8%a7%d9%86%d9%8a%d9%85%d9%88-%d8%a3%d9%88-%d8%a7%d9%84%d8%af%d9%8a%d9%86%d8%a7%d8%b5%d9%88%d8%b1
https://www.lacuisinedebernard.com/%d9%85%d9%86%d8%b2%d9%84-%d8%b2%d8%a7%d9%86%d9%8a%d9%85%d9%88-%d8%a3%d9%88-%d8%a7%d9%84%d8%af%d9%8a%d9%86%d8%a7%d8%b5%d9%88%d8%b1,https://staging.lacuisinedebernard.com/%d9%85%d9%86%d8%b2%d9%84-%d8%b2%d8%a7%d9%86%d9%8a%d9%85%d9%88-%d8%a3%d9%88-%d8%a7%d9%84%d8%af%d9%8a%d9%86%d8%a7%d8%b5%d9%88%d8%b1
https://www.lacuisinedebernard.com/%d9%85%d9%86%d8%b2%d9%84-%d8%b2%d8%a7%d9%86%d9%8a%d9%85%d9%88-%d8%a3%d9%88-%d8%a7%d9%84%d8%af%d9%8a%d9%86%d8%a7%d8%b5%d9%88%d8%b1/,https://staging.lacuisinedebernard.com/%d9%85%d9%86%d8%b2%d9%84-%d8%b2%d8%a7%d9%86%d9%8a%d9%85%d9%88-%d8%a3%d9%88-%d8%a7%d9%84%d8%af%d9%8a%d9%86%d8%a7%d8%b5%d9%88%d8%b1
https://lacuisinedebernard.com/arroz-com-leite,https://staging.lacuisinedebernard.com/arroz-com-leite
https://lacuisinedebernard.com/arroz-com-leite/,https://staging.lacuisinedebernard.com/arroz-com-leite
https://www.lacuisinedebernard.com/arroz-com-leite,https://staging.lacuisinedebernard.com/arroz-com-leite
https://www.lacuisinedebernard.com/arroz-com-leite/,https://staging.lacuisinedebernard.com/arroz-com-leite
https://lacuisinedebernard.com/galletas-de-limon-y-cardamomo,https://staging.lacuisinedebernard.com/galletas-de-limon-y-cardamomo
https://lacuisinedebernard.com/galletas-de-limon-y-cardamomo/,https://staging.lacuisinedebernard.com/galletas-de-limon-y-cardamomo
https://www.lacuisinedebernard.com/galletas-de-limon-y-cardamomo,https://staging.lacuisinedebernard.com/galletas-de-limon-y-cardamomo
https://www.lacuisinedebernard.com/galletas-de-limon-y-cardamomo/,https://staging.lacuisinedebernard.com/galletas-de-limon-y-cardamomo
https://lacuisinedebernard.com/giant-madeleine,https://staging.lacuisinedebernard.com/giant-madeleine
https://lacuisinedebernard.com/giant-madeleine/,https://staging.lacuisinedebernard.com/giant-madeleine
https://www.lacuisinedebernard.com/giant-madeleine,https://staging.lacuisinedebernard.com/giant-madeleine
https://www.lacuisinedebernard.com/giant-madeleine/,https://staging.lacuisinedebernard.com/giant-madeleine
https://lacuisinedebernard.com/%d9%85%d8%a7%d9%81%d9%86-%d8%a3%d8%aa%d9%88%d9%85%d9%8a%d9%83-%d9%85%d8%b9-%d8%ac%d9%88%d8%b2-%d8%a7%d9%84%d8%a8%d9%82%d8%a7%d9%86-%d9%88%d8%b4%d8%b1%d8%a7%d8%a8-%d8%a7%d9%84%d9%82%d9%8a%d9%82%d8%a8,https://staging.lacuisinedebernard.com/%d9%85%d8%a7%d9%81%d9%86-%d8%a3%d8%aa%d9%88%d9%85%d9%8a%d9%83-%d9%85%d8%b9-%d8%ac%d9%88%d8%b2-%d8%a7%d9%84%d8%a8%d9%82%d8%a7%d9%86-%d9%88%d8%b4%d8%b1%d8%a7%d8%a8-%d8%a7%d9%84%d9%82%d9%8a%d9%82%d8%a8
https://lacuisinedebernard.com/%d9%85%d8%a7%d9%81%d9%86-%d8%a3%d8%aa%d9%88%d9%85%d9%8a%d9%83-%d9%85%d8%b9-%d8%ac%d9%88%d8%b2-%d8%a7%d9%84%d8%a8%d9%82%d8%a7%d9%86-%d9%88%d8%b4%d8%b1%d8%a7%d8%a8-%d8%a7%d9%84%d9%82%d9%8a%d9%82%d8%a8/,https://staging.lacuisinedebernard.com/%d9%85%d8%a7%d9%81%d9%86-%d8%a3%d8%aa%d9%88%d9%85%d9%8a%d9%83-%d9%85%d8%b9-%d8%ac%d9%88%d8%b2-%d8%a7%d9%84%d8%a8%d9%82%d8%a7%d9%86-%d9%88%d8%b4%d8%b1%d8%a7%d8%a8-%d8%a7%d9%84%d9%82%d9%8a%d9%82%d8%a8
https://www.lacuisinedebernard.com/%d9%85%d8%a7%d9%81%d9%86-%d8%a3%d8%aa%d9%88%d9%85%d9%8a%d9%83-%d9%85%d8%b9-%d8%ac%d9%88%d8%b2-%d8%a7%d9%84%d8%a8%d9%82%d8%a7%d9%86-%d9%88%d8%b4%d8%b1%d8%a7%d8%a8-%d8%a7%d9%84%d9%82%d9%8a%d9%82%d8%a8,https://staging.lacuisinedebernard.com/%d9%85%d8%a7%d9%81%d9%86-%d8%a3%d8%aa%d9%88%d9%85%d9%8a%d9%83-%d9%85%d8%b9-%d8%ac%d9%88%d8%b2-%d8%a7%d9%84%d8%a8%d9%82%d8%a7%d9%86-%d9%88%d8%b4%d8%b1%d8%a7%d8%a8-%d8%a7%d9%84%d9%82%d9%8a%d9%82%d8%a8
https://www.lacuisinedebernard.com/%d9%85%d8%a7%d9%81%d9%86-%d8%a3%d8%aa%d9%88%d9%85%d9%8a%d9%83-%d9%85%d8%b9-%d8%ac%d9%88%d8%b2-%d8%a7%d9%84%d8%a8%d9%82%d8%a7%d9%86-%d9%88%d8%b4%d8%b1%d8%a7%d8%a8-%d8%a7%d9%84%d9%82%d9%8a%d9%82%d8%a8/,https://staging.lacuisinedebernard.com/%d9%85%d8%a7%d9%81%d9%86-%d8%a3%d8%aa%d9%88%d9%85%d9%8a%d9%83-%d9%85%d8%b9-%d8%ac%d9%88%d8%b2-%d8%a7%d9%84%d8%a8%d9%82%d8%a7%d9%86-%d9%88%d8%b4%d8%b1%d8%a7%d8%a8-%d8%a7%d9%84%d9%82%d9%8a%d9%82%d8%a8
https://lacuisinedebernard.com/%d9%85%d8%a7%d9%83%d8%b1%d9%88%d9%86-%d9%8a%d8%a7%d8%b3%d9%85%d9%8a%d9%86,https://staging.lacuisinedebernard.com/%d9%85%d8%a7%d9%83%d8%b1%d9%88%d9%86-%d9%8a%d8%a7%d8%b3%d9%85%d9%8a%d9%86
https://lacuisinedebernard.com/%d9%85%d8%a7%d9%83%d8%b1%d9%88%d9%86-%d9%8a%d8%a7%d8%b3%d9%85%d9%8a%d9%86/,https://staging.lacuisinedebernard.com/%d9%85%d8%a7%d9%83%d8%b1%d9%88%d9%86-%d9%8a%d8%a7%d8%b3%d9%85%d9%8a%d9%86
https://www.lacuisinedebernard.com/%d9%85%d8%a7%d9%83%d8%b1%d9%88%d9%86-%d9%8a%d8%a7%d8%b3%d9%85%d9%8a%d9%86,https://staging.lacuisinedebernard.com/%d9%85%d8%a7%d9%83%d8%b1%d9%88%d9%86-%d9%8a%d8%a7%d8%b3%d9%85%d9%8a%d9%86
https://www.lacuisinedebernard.com/%d9%85%d8%a7%d9%83%d8%b1%d9%88%d9%86-%d9%8a%d8%a7%d8%b3%d9%85%d9%8a%d9%86/,https://staging.lacuisinedebernard.com/%d9%85%d8%a7%d9%83%d8%b1%d9%88%d9%86-%d9%8a%d8%a7%d8%b3%d9%85%d9%8a%d9%86
https://lacuisinedebernard.com/milk-chocolate-and-caramel-mousse,https://staging.lacuisinedebernard.com/milk-chocolate-and-caramel-mousse
https://lacuisinedebernard.com/milk-chocolate-and-caramel-mousse/,https://staging.lacuisinedebernard.com/milk-chocolate-and-caramel-mousse
https://www.lacuisinedebernard.com/milk-chocolate-and-caramel-mousse,https://staging.lacuisinedebernard.com/milk-chocolate-and-caramel-mousse
https://www.lacuisinedebernard.com/milk-chocolate-and-caramel-mousse/,https://staging.lacuisinedebernard.com/milk-chocolate-and-caramel-mousse
https://lacuisinedebernard.com/papas-de-aveia,https://staging.lacuisinedebernard.com/papas-de-aveia
https://lacuisinedebernard.com/papas-de-aveia/,https://staging.lacuisinedebernard.com/papas-de-aveia
https://www.lacuisinedebernard.com/papas-de-aveia,https://staging.lacuisinedebernard.com/papas-de-aveia
https://www.lacuisinedebernard.com/papas-de-aveia/,https://staging.lacuisinedebernard.com/papas-de-aveia
https://lacuisinedebernard.com/mi-cuit-con-chocolate-corazon-de-caramelo,https://staging.lacuisinedebernard.com/mi-cuit-con-chocolate-corazon-de-caramelo
https://lacuisinedebernard.com/mi-cuit-con-chocolate-corazon-de-caramelo/,https://staging.lacuisinedebernard.com/mi-cuit-con-chocolate-corazon-de-caramelo
https://www.lacuisinedebernard.com/mi-cuit-con-chocolate-corazon-de-caramelo,https://staging.lacuisinedebernard.com/mi-cuit-con-chocolate-corazon-de-caramelo
https://www.lacuisinedebernard.com/mi-cuit-con-chocolate-corazon-de-caramelo/,https://staging.lacuisinedebernard.com/mi-cuit-con-chocolate-corazon-de-caramelo
https://lacuisinedebernard.com/%d8%a3%d9%84%d8%aa%d9%8a%d9%85%d9%8a%d8%aa-%d8%a3%d9%88%d8%b1%d8%a7%d9%86%d8%ac-%d8%a8%d8%a7%d8%b4%d9%88%d9%86-%d9%83%d9%8a%d9%83,https://staging.lacuisinedebernard.com/%d8%a3%d9%84%d8%aa%d9%8a%d9%85%d9%8a%d8%aa-%d8%a3%d9%88%d8%b1%d8%a7%d9%86%d8%ac-%d8%a8%d8%a7%d8%b4%d9%88%d9%86-%d9%83%d9%8a%d9%83
https://lacuisinedebernard.com/%d8%a3%d9%84%d8%aa%d9%8a%d9%85%d9%8a%d8%aa-%d8%a3%d9%88%d8%b1%d8%a7%d9%86%d8%ac-%d8%a8%d8%a7%d8%b4%d9%88%d9%86-%d9%83%d9%8a%d9%83/,https://staging.lacuisinedebernard.com/%d8%a3%d9%84%d8%aa%d9%8a%d9%85%d9%8a%d8%aa-%d8%a3%d9%88%d8%b1%d8%a7%d9%86%d8%ac-%d8%a8%d8%a7%d8%b4%d9%88%d9%86-%d9%83%d9%8a%d9%83
https://www.lacuisinedebernard.com/%d8%a3%d9%84%d8%aa%d9%8a%d9%85%d9%8a%d8%aa-%d8%a3%d9%88%d8%b1%d8%a7%d9%86%d8%ac-%d8%a8%d8%a7%d8%b4%d9%88%d9%86-%d9%83%d9%8a%d9%83,https://staging.lacuisinedebernard.com/%d8%a3%d9%84%d8%aa%d9%8a%d9%85%d9%8a%d8%aa-%d8%a3%d9%88%d8%b1%d8%a7%d9%86%d8%ac-%d8%a8%d8%a7%d8%b4%d9%88%d9%86-%d9%83%d9%8a%d9%83
https://www.lacuisinedebernard.com/%d8%a3%d9%84%d8%aa%d9%8a%d9%85%d9%8a%d8%aa-%d8%a3%d9%88%d8%b1%d8%a7%d9%86%d8%ac-%d8%a8%d8%a7%d8%b4%d9%88%d9%86-%d9%83%d9%8a%d9%83/,https://staging.lacuisinedebernard.com/%d8%a3%d9%84%d8%aa%d9%8a%d9%85%d9%8a%d8%aa-%d8%a3%d9%88%d8%b1%d8%a7%d9%86%d8%ac-%d8%a8%d8%a7%d8%b4%d9%88%d9%86-%d9%83%d9%8a%d9%83
https://lacuisinedebernard.com/spice-and-macadamia-nut-cake,https://staging.lacuisinedebernard.com/spice-and-macadamia-nut-cake
https://lacuisinedebernard.com/spice-and-macadamia-nut-cake/,https://staging.lacuisinedebernard.com/spice-and-macadamia-nut-cake
https://www.lacuisinedebernard.com/spice-and-macadamia-nut-cake,https://staging.lacuisinedebernard.com/spice-and-macadamia-nut-cake
https://www.lacuisinedebernard.com/spice-and-macadamia-nut-cake/,https://staging.lacuisinedebernard.com/spice-and-macadamia-nut-cake
https://lacuisinedebernard.com/dunas,https://staging.lacuisinedebernard.com/dunas
https://lacuisinedebernard.com/dunas/,https://staging.lacuisinedebernard.com/dunas
https://www.lacuisinedebernard.com/dunas,https://staging.lacuisinedebernard.com/dunas
https://www.lacuisinedebernard.com/dunas/,https://staging.lacuisinedebernard.com/dunas
https://lacuisinedebernard.com/pink-praline-tart,https://staging.lacuisinedebernard.com/pink-praline-tart
https://lacuisinedebernard.com/pink-praline-tart/,https://staging.lacuisinedebernard.com/pink-praline-tart
https://www.lacuisinedebernard.com/pink-praline-tart,https://staging.lacuisinedebernard.com/pink-praline-tart
https://www.lacuisinedebernard.com/pink-praline-tart/,https://staging.lacuisinedebernard.com/pink-praline-tart
https://lacuisinedebernard.com/pao-curto-de-cardamomo-limao,https://staging.lacuisinedebernard.com/pao-curto-de-cardamomo-limao
https://lacuisinedebernard.com/pao-curto-de-cardamomo-limao/,https://staging.lacuisinedebernard.com/pao-curto-de-cardamomo-limao
https://www.lacuisinedebernard.com/pao-curto-de-cardamomo-limao,https://staging.lacuisinedebernard.com/pao-curto-de-cardamomo-limao
https://www.lacuisinedebernard.com/pao-curto-de-cardamomo-limao/,https://staging.lacuisinedebernard.com/pao-curto-de-cardamomo-limao
https://lacuisinedebernard.com/pasteis-de-nata,https://staging.lacuisinedebernard.com/pasteis-de-nata
https://lacuisinedebernard.com/pasteis-de-nata/,https://staging.lacuisinedebernard.com/pasteis-de-nata
https://www.lacuisinedebernard.com/pasteis-de-nata,https://staging.lacuisinedebernard.com/pasteis-de-nata
https://www.lacuisinedebernard.com/pasteis-de-nata/,https://staging.lacuisinedebernard.com/pasteis-de-nata
https://lacuisinedebernard.com/tartas-dulces-con-crema-de-queso,https://staging.lacuisinedebernard.com/tartas-dulces-con-crema-de-queso
https://lacuisinedebernard.com/tartas-dulces-con-crema-de-queso/,https://staging.lacuisinedebernard.com/tartas-dulces-con-crema-de-queso
https://www.lacuisinedebernard.com/tartas-dulces-con-crema-de-queso,https://staging.lacuisinedebernard.com/tartas-dulces-con-crema-de-queso
https://www.lacuisinedebernard.com/tartas-dulces-con-crema-de-queso/,https://staging.lacuisinedebernard.com/tartas-dulces-con-crema-de-queso
https://lacuisinedebernard.com/%d8%b4%d9%88%d9%83%d9%88%d9%84%d8%a7%d8%aa%d8%a9-%d8%a7%d9%84%d8%ad%d9%84%d9%8a%d8%a8-%d9%88%d9%85%d9%88%d8%b3-%d8%a7%d9%84%d9%83%d8%b1%d8%a7%d9%85%d9%8a%d9%84,https://staging.lacuisinedebernard.com/%d8%b4%d9%88%d9%83%d9%88%d9%84%d8%a7%d8%aa%d8%a9-%d8%a7%d9%84%d8%ad%d9%84%d9%8a%d8%a8-%d9%88%d9%85%d9%88%d8%b3-%d8%a7%d9%84%d9%83%d8%b1%d8%a7%d9%85%d9%8a%d9%84
https://lacuisinedebernard.com/%d8%b4%d9%88%d9%83%d9%88%d9%84%d8%a7%d8%aa%d8%a9-%d8%a7%d9%84%d8%ad%d9%84%d9%8a%d8%a8-%d9%88%d9%85%d9%88%d8%b3-%d8%a7%d9%84%d9%83%d8%b1%d8%a7%d9%85%d9%8a%d9%84/,https://staging.lacuisinedebernard.com/%d8%b4%d9%88%d9%83%d9%88%d9%84%d8%a7%d8%aa%d8%a9-%d8%a7%d9%84%d8%ad%d9%84%d9%8a%d8%a8-%d9%88%d9%85%d9%88%d8%b3-%d8%a7%d9%84%d9%83%d8%b1%d8%a7%d9%85%d9%8a%d9%84
https://www.lacuisinedebernard.com/%d8%b4%d9%88%d9%83%d9%88%d9%84%d8%a7%d8%aa%d8%a9-%d8%a7%d9%84%d8%ad%d9%84%d9%8a%d8%a8-%d9%88%d9%85%d9%88%d8%b3-%d8%a7%d9%84%d9%83%d8%b1%d8%a7%d9%85%d9%8a%d9%84,https://staging.lacuisinedebernard.com/%d8%b4%d9%88%d9%83%d9%88%d9%84%d8%a7%d8%aa%d8%a9-%d8%a7%d9%84%d8%ad%d9%84%d9%8a%d8%a8-%d9%88%d9%85%d9%88%d8%b3-%d8%a7%d9%84%d9%83%d8%b1%d8%a7%d9%85%d9%8a%d9%84
https://www.lacuisinedebernard.com/%d8%b4%d9%88%d9%83%d9%88%d9%84%d8%a7%d8%aa%d8%a9-%d8%a7%d9%84%d8%ad%d9%84%d9%8a%d8%a8-%d9%88%d9%85%d9%88%d8%b3-%d8%a7%d9%84%d9%83%d8%b1%d8%a7%d9%85%d9%8a%d9%84/,https://staging.lacuisinedebernard.com/%d8%b4%d9%88%d9%83%d9%88%d9%84%d8%a7%d8%aa%d8%a9-%d8%a7%d9%84%d8%ad%d9%84%d9%8a%d8%a8-%d9%88%d9%85%d9%88%d8%b3-%d8%a7%d9%84%d9%83%d8%b1%d8%a7%d9%85%d9%8a%d9%84
https://lacuisinedebernard.com/porridge,https://staging.lacuisinedebernard.com/porridge
https://lacuisinedebernard.com/porridge/,https://staging.lacuisinedebernard.com/porridge
https://www.lacuisinedebernard.com/porridge,https://staging.lacuisinedebernard.com/porridge
https://www.lacuisinedebernard.com/porridge/,https://staging.lacuisinedebernard.com/porridge
https://lacuisinedebernard.com/%d8%a8%d9%8a%d9%86%d9%83-%d8%a8%d8%b1%d8%a7%d9%84%d9%8a%d9%86-%d8%aa%d8%a7%d8%b1%d8%aa,https://staging.lacuisinedebernard.com/%d8%a8%d9%8a%d9%86%d9%83-%d8%a8%d8%b1%d8%a7%d9%84%d9%8a%d9%86-%d8%aa%d8%a7%d8%b1%d8%aa
https://lacuisinedebernard.com/%d8%a8%d9%8a%d9%86%d9%83-%d8%a8%d8%b1%d8%a7%d9%84%d9%8a%d9%86-%d8%aa%d8%a7%d8%b1%d8%aa/,https://staging.lacuisinedebernard.com/%d8%a8%d9%8a%d9%86%d9%83-%d8%a8%d8%b1%d8%a7%d9%84%d9%8a%d9%86-%d8%aa%d8%a7%d8%b1%d8%aa
https://www.lacuisinedebernard.com/%d8%a8%d9%8a%d9%86%d9%83-%d8%a8%d8%b1%d8%a7%d9%84%d9%8a%d9%86-%d8%aa%d8%a7%d8%b1%d8%aa,https://staging.lacuisinedebernard.com/%d8%a8%d9%8a%d9%86%d9%83-%d8%a8%d8%b1%d8%a7%d9%84%d9%8a%d9%86-%d8%aa%d8%a7%d8%b1%d8%aa
https://www.lacuisinedebernard.com/%d8%a8%d9%8a%d9%86%d9%83-%d8%a8%d8%b1%d8%a7%d9%84%d9%8a%d9%86-%d8%aa%d8%a7%d8%b1%d8%aa/,https://staging.lacuisinedebernard.com/%d8%a8%d9%8a%d9%86%d9%83-%d8%a8%d8%b1%d8%a7%d9%84%d9%8a%d9%86-%d8%aa%d8%a7%d8%b1%d8%aa
https://lacuisinedebernard.com/mi-cuit-com-chocolate-coracao-de-caramelo,https://staging.lacuisinedebernard.com/mi-cuit-com-chocolate-coracao-de-caramelo
https://lacuisinedebernard.com/mi-cuit-com-chocolate-coracao-de-caramelo/,https://staging.lacuisinedebernard.com/mi-cuit-com-chocolate-coracao-de-caramelo
https://www.lacuisinedebernard.com/mi-cuit-com-chocolate-coracao-de-caramelo,https://staging.lacuisinedebernard.com/mi-cuit-com-chocolate-coracao-de-caramelo
https://www.lacuisinedebernard.com/mi-cuit-com-chocolate-coracao-de-caramelo/,https://staging.lacuisinedebernard.com/mi-cuit-com-chocolate-coracao-de-caramelo
https://lacuisinedebernard.com/%d9%83%d8%b9%d9%83%d8%a9-%d8%a7%d9%84%d8%aa%d9%88%d8%a7%d8%a8%d9%84-%d9%88%d8%a7%d9%84%d9%85%d9%83%d8%a7%d8%af%d9%8a%d9%85%d9%8a%d8%a7,https://staging.lacuisinedebernard.com/%d9%83%d8%b9%d9%83%d8%a9-%d8%a7%d9%84%d8%aa%d9%88%d8%a7%d8%a8%d9%84-%d9%88%d8%a7%d9%84%d9%85%d9%83%d8%a7%d8%af%d9%8a%d9%85%d9%8a%d8%a7
https://lacuisinedebernard.com/%d9%83%d8%b9%d9%83%d8%a9-%d8%a7%d9%84%d8%aa%d9%88%d8%a7%d8%a8%d9%84-%d9%88%d8%a7%d9%84%d9%85%d9%83%d8%a7%d8%af%d9%8a%d9%85%d9%8a%d8%a7/,https://staging.lacuisinedebernard.com/%d9%83%d8%b9%d9%83%d8%a9-%d8%a7%d9%84%d8%aa%d9%88%d8%a7%d8%a8%d9%84-%d9%88%d8%a7%d9%84%d9%85%d9%83%d8%a7%d8%af%d9%8a%d9%85%d9%8a%d8%a7
https://www.lacuisinedebernard.com/%d9%83%d8%b9%d9%83%d8%a9-%d8%a7%d9%84%d8%aa%d9%88%d8%a7%d8%a8%d9%84-%d9%88%d8%a7%d9%84%d9%85%d9%83%d8%a7%d8%af%d9%8a%d9%85%d9%8a%d8%a7,https://staging.lacuisinedebernard.com/%d9%83%d8%b9%d9%83%d8%a9-%d8%a7%d9%84%d8%aa%d9%88%d8%a7%d8%a8%d9%84-%d9%88%d8%a7%d9%84%d9%85%d9%83%d8%a7%d8%af%d9%8a%d9%85%d9%8a%d8%a7
https://www.lacuisinedebernard.com/%d9%83%d8%b9%d9%83%d8%a9-%d8%a7%d9%84%d8%aa%d9%88%d8%a7%d8%a8%d9%84-%d9%88%d8%a7%d9%84%d9%85%d9%83%d8%a7%d8%af%d9%8a%d9%85%d9%8a%d8%a7/,https://staging.lacuisinedebernard.com/%d9%83%d8%b9%d9%83%d8%a9-%d8%a7%d9%84%d8%aa%d9%88%d8%a7%d8%a8%d9%84-%d9%88%d8%a7%d9%84%d9%85%d9%83%d8%a7%d8%af%d9%8a%d9%85%d9%8a%d8%a7
https://lacuisinedebernard.com/dunes,https://staging.lacuisinedebernard.com/dunes
https://lacuisinedebernard.com/dunes/,https://staging.lacuisinedebernard.com/dunes
https://www.lacuisinedebernard.com/dunes,https://staging.lacuisinedebernard.com/dunes
https://www.lacuisinedebernard.com/dunes/,https://staging.lacuisinedebernard.com/dunes
https://lacuisinedebernard.com/lemon-cardamom-shortbread,https://staging.lacuisinedebernard.com/lemon-cardamom-shortbread
https://lacuisinedebernard.com/lemon-cardamom-shortbread/,https://staging.lacuisinedebernard.com/lemon-cardamom-shortbread
https://www.lacuisinedebernard.com/lemon-cardamom-shortbread,https://staging.lacuisinedebernard.com/lemon-cardamom-shortbread
https://www.lacuisinedebernard.com/lemon-cardamom-shortbread/,https://staging.lacuisinedebernard.com/lemon-cardamom-shortbread
https://lacuisinedebernard.com/tarta-de-pasion-de-naranja-definitiva,https://staging.lacuisinedebernard.com/tarta-de-pasion-de-naranja-definitiva
https://lacuisinedebernard.com/tarta-de-pasion-de-naranja-definitiva/,https://staging.lacuisinedebernard.com/tarta-de-pasion-de-naranja-definitiva
https://www.lacuisinedebernard.com/tarta-de-pasion-de-naranja-definitiva,https://staging.lacuisinedebernard.com/tarta-de-pasion-de-naranja-definitiva
https://www.lacuisinedebernard.com/tarta-de-pasion-de-naranja-definitiva/,https://staging.lacuisinedebernard.com/tarta-de-pasion-de-naranja-definitiva
https://lacuisinedebernard.com/macarrones-de-jazmin,https://staging.lacuisinedebernard.com/macarrones-de-jazmin
https://lacuisinedebernard.com/macarrones-de-jazmin/,https://staging.lacuisinedebernard.com/macarrones-de-jazmin
https://www.lacuisinedebernard.com/macarrones-de-jazmin,https://staging.lacuisinedebernard.com/macarrones-de-jazmin
https://www.lacuisinedebernard.com/macarrones-de-jazmin/,https://staging.lacuisinedebernard.com/macarrones-de-jazmin
https://lacuisinedebernard.com/%d8%b9%d8%b5%d9%8a%d8%af%d8%a9,https://staging.lacuisinedebernard.com/%d8%b9%d8%b5%d9%8a%d8%af%d8%a9
https://lacuisinedebernard.com/%d8%b9%d8%b5%d9%8a%d8%af%d8%a9/,https://staging.lacuisinedebernard.com/%d8%b9%d8%b5%d9%8a%d8%af%d8%a9
https://www.lacuisinedebernard.com/%d8%b9%d8%b5%d9%8a%d8%af%d8%a9,https://staging.lacuisinedebernard.com/%d8%b9%d8%b5%d9%8a%d8%af%d8%a9
https://www.lacuisinedebernard.com/%d8%b9%d8%b5%d9%8a%d8%af%d8%a9/,https://staging.lacuisinedebernard.com/%d8%b9%d8%b5%d9%8a%d8%af%d8%a9
https://lacuisinedebernard.com/tortas-doces-com-queijo-creme,https://staging.lacuisinedebernard.com/tortas-doces-com-queijo-creme
https://lacuisinedebernard.com/tortas-doces-com-queijo-creme/,https://staging.lacuisinedebernard.com/tortas-doces-com-queijo-creme
https://www.lacuisinedebernard.com/tortas-doces-com-queijo-creme,https://staging.lacuisinedebernard.com/tortas-doces-com-queijo-creme
https://www.lacuisinedebernard.com/tortas-doces-com-queijo-creme/,https://staging.lacuisinedebernard.com/tortas-doces-com-queijo-creme
https://lacuisinedebernard.com/mi-cuit-with-chocolate-caramel-heart,https://staging.lacuisinedebernard.com/mi-cuit-with-chocolate-caramel-heart
https://lacuisinedebernard.com/mi-cuit-with-chocolate-caramel-heart/,https://staging.lacuisinedebernard.com/mi-cuit-with-chocolate-caramel-heart
https://www.lacuisinedebernard.com/mi-cuit-with-chocolate-caramel-heart,https://staging.lacuisinedebernard.com/mi-cuit-with-chocolate-caramel-heart
https://www.lacuisinedebernard.com/mi-cuit-with-chocolate-caramel-heart/,https://staging.lacuisinedebernard.com/mi-cuit-with-chocolate-caramel-heart
https://lacuisinedebernard.com/muffins-atomicos-de-nuez-jarabe-de-arce-y-chocolate,https://staging.lacuisinedebernard.com/muffins-atomicos-de-nuez-jarabe-de-arce-y-chocolate
https://lacuisinedebernard.com/muffins-atomicos-de-nuez-jarabe-de-arce-y-chocolate/,https://staging.lacuisinedebernard.com/muffins-atomicos-de-nuez-jarabe-de-arce-y-chocolate
https://www.lacuisinedebernard.com/muffins-atomicos-de-nuez-jarabe-de-arce-y-chocolate,https://staging.lacuisinedebernard.com/muffins-atomicos-de-nuez-jarabe-de-arce-y-chocolate
https://www.lacuisinedebernard.com/muffins-atomicos-de-nuez-jarabe-de-arce-y-chocolate/,https://staging.lacuisinedebernard.com/muffins-atomicos-de-nuez-jarabe-de-arce-y-chocolate
https://lacuisinedebernard.com/%d8%b4%d9%88%d8%b1%d8%aa-%d8%a8%d8%b1%d9%8a%d8%af-%d8%a8%d8%a7%d9%84%d9%84%d9%8a%d9%85%d9%88%d9%86-%d9%88%d8%a7%d9%84%d9%87%d9%8a%d9%84,https://staging.lacuisinedebernard.com/%d8%b4%d9%88%d8%b1%d8%aa-%d8%a8%d8%b1%d9%8a%d8%af-%d8%a8%d8%a7%d9%84%d9%84%d9%8a%d9%85%d9%88%d9%86-%d9%88%d8%a7%d9%84%d9%87%d9%8a%d9%84
https://lacuisinedebernard.com/%d8%b4%d9%88%d8%b1%d8%aa-%d8%a8%d8%b1%d9%8a%d8%af-%d8%a8%d8%a7%d9%84%d9%84%d9%8a%d9%85%d9%88%d9%86-%d9%88%d8%a7%d9%84%d9%87%d9%8a%d9%84/,https://staging.lacuisinedebernard.com/%d8%b4%d9%88%d8%b1%d8%aa-%d8%a8%d8%b1%d9%8a%d8%af-%d8%a8%d8%a7%d9%84%d9%84%d9%8a%d9%85%d9%88%d9%86-%d9%88%d8%a7%d9%84%d9%87%d9%8a%d9%84
https://www.lacuisinedebernard.com/%d8%b4%d9%88%d8%b1%d8%aa-%d8%a8%d8%b1%d9%8a%d8%af-%d8%a8%d8%a7%d9%84%d9%84%d9%8a%d9%85%d9%88%d9%86-%d9%88%d8%a7%d9%84%d9%87%d9%8a%d9%84,https://staging.lacuisinedebernard.com/%d8%b4%d9%88%d8%b1%d8%aa-%d8%a8%d8%b1%d9%8a%d8%af-%d8%a8%d8%a7%d9%84%d9%84%d9%8a%d9%85%d9%88%d9%86-%d9%88%d8%a7%d9%84%d9%87%d9%8a%d9%84
https://www.lacuisinedebernard.com/%d8%b4%d9%88%d8%b1%d8%aa-%d8%a8%d8%b1%d9%8a%d8%af-%d8%a8%d8%a7%d9%84%d9%84%d9%8a%d9%85%d9%88%d9%86-%d9%88%d8%a7%d9%84%d9%87%d9%8a%d9%84/,https://staging.lacuisinedebernard.com/%d8%b4%d9%88%d8%b1%d8%aa-%d8%a8%d8%b1%d9%8a%d8%af-%d8%a8%d8%a7%d9%84%d9%84%d9%8a%d9%85%d9%88%d9%86-%d9%88%d8%a7%d9%84%d9%87%d9%8a%d9%84
https://lacuisinedebernard.com/%d9%83%d8%ab%d8%a8%d8%a7%d9%86,https://staging.lacuisinedebernard.com/%d9%83%d8%ab%d8%a8%d8%a7%d9%86
https://lacuisinedebernard.com/%d9%83%d8%ab%d8%a8%d8%a7%d9%86/,https://staging.lacuisinedebernard.com/%d9%83%d8%ab%d8%a8%d8%a7%d9%86
https://www.lacuisinedebernard.com/%d9%83%d8%ab%d8%a8%d8%a7%d9%86,https://staging.lacuisinedebernard.com/%d9%83%d8%ab%d8%a8%d8%a7%d9%86
https://www.lacuisinedebernard.com/%d9%83%d8%ab%d8%a8%d8%a7%d9%86/,https://staging.lacuisinedebernard.com/%d9%83%d8%ab%d8%a8%d8%a7%d9%86
https://lacuisinedebernard.com/sweet-cream-cheese-tartlets,https://staging.lacuisinedebernard.com/sweet-cream-cheese-tartlets
https://lacuisinedebernard.com/sweet-cream-cheese-tartlets/,https://staging.lacuisinedebernard.com/sweet-cream-cheese-tartlets
https://www.lacuisinedebernard.com/sweet-cream-cheese-tartlets,https://staging.lacuisinedebernard.com/sweet-cream-cheese-tartlets
https://www.lacuisinedebernard.com/sweet-cream-cheese-tartlets/,https://staging.lacuisinedebernard.com/sweet-cream-cheese-tartlets
https://lacuisinedebernard.com/%d8%a8%d8%a7%d8%b3%d8%aa%d9%8a%d8%b3-%d8%af%d9%8a-%d9%86%d8%a7%d8%aa%d8%a7,https://staging.lacuisinedebernard.com/%d8%a8%d8%a7%d8%b3%d8%aa%d9%8a%d8%b3-%d8%af%d9%8a-%d9%86%d8%a7%d8%aa%d8%a7
https://lacuisinedebernard.com/%d8%a8%d8%a7%d8%b3%d8%aa%d9%8a%d8%b3-%d8%af%d9%8a-%d9%86%d8%a7%d8%aa%d8%a7/,https://staging.lacuisinedebernard.com/%d8%a8%d8%a7%d8%b3%d8%aa%d9%8a%d8%b3-%d8%af%d9%8a-%d9%86%d8%a7%d8%aa%d8%a7
https://www.lacuisinedebernard.com/%d8%a8%d8%a7%d8%b3%d8%aa%d9%8a%d8%b3-%d8%af%d9%8a-%d9%86%d8%a7%d8%aa%d8%a7,https://staging.lacuisinedebernard.com/%d8%a8%d8%a7%d8%b3%d8%aa%d9%8a%d8%b3-%d8%af%d9%8a-%d9%86%d8%a7%d8%aa%d8%a7
https://www.lacuisinedebernard.com/%d8%a8%d8%a7%d8%b3%d8%aa%d9%8a%d8%b3-%d8%af%d9%8a-%d9%86%d8%a7%d8%aa%d8%a7/,https://staging.lacuisinedebernard.com/%d8%a8%d8%a7%d8%b3%d8%aa%d9%8a%d8%b3-%d8%af%d9%8a-%d9%86%d8%a7%d8%aa%d8%a7
https://lacuisinedebernard.com/jasmim-macaroons,https://staging.lacuisinedebernard.com/jasmim-macaroons
https://lacuisinedebernard.com/jasmim-macaroons/,https://staging.lacuisinedebernard.com/jasmim-macaroons
https://www.lacuisinedebernard.com/jasmim-macaroons,https://staging.lacuisinedebernard.com/jasmim-macaroons
https://www.lacuisinedebernard.com/jasmim-macaroons/,https://staging.lacuisinedebernard.com/jasmim-macaroons
https://lacuisinedebernard.com/bolo-de-maracuja-laranja,https://staging.lacuisinedebernard.com/bolo-de-maracuja-laranja
https://lacuisinedebernard.com/bolo-de-maracuja-laranja/,https://staging.lacuisinedebernard.com/bolo-de-maracuja-laranja
https://www.lacuisinedebernard.com/bolo-de-maracuja-laranja,https://staging.lacuisinedebernard.com/bolo-de-maracuja-laranja
https://www.lacuisinedebernard.com/bolo-de-maracuja-laranja/,https://staging.lacuisinedebernard.com/bolo-de-maracuja-laranja
https://lacuisinedebernard.com/pecan-atomico-xarope-de-acer-e-queques-de-chocolate,https://staging.lacuisinedebernard.com/pecan-atomico-xarope-de-acer-e-queques-de-chocolate
https://lacuisinedebernard.com/pecan-atomico-xarope-de-acer-e-queques-de-chocolate/,https://staging.lacuisinedebernard.com/pecan-atomico-xarope-de-acer-e-queques-de-chocolate
https://www.lacuisinedebernard.com/pecan-atomico-xarope-de-acer-e-queques-de-chocolate,https://staging.lacuisinedebernard.com/pecan-atomico-xarope-de-acer-e-queques-de-chocolate
https://www.lacuisinedebernard.com/pecan-atomico-xarope-de-acer-e-queques-de-chocolate/,https://staging.lacuisinedebernard.com/pecan-atomico-xarope-de-acer-e-queques-de-chocolate
https://lacuisinedebernard.com/mi-cuit-%d9%85%d8%b9-%d8%a7%d9%84%d8%b4%d9%88%d9%83%d9%88%d9%84%d8%a7%d8%aa%d8%a9-%d9%88%d9%82%d9%84%d8%a8-%d8%a7%d9%84%d9%83%d8%b1%d8%a7%d9%85%d9%8a%d9%84-%d8%a7%d9%84%d8%b3%d8%a7%d8%a6%d9%84,https://staging.lacuisinedebernard.com/mi-cuit-%d9%85%d8%b9-%d8%a7%d9%84%d8%b4%d9%88%d9%83%d9%88%d9%84%d8%a7%d8%aa%d8%a9-%d9%88%d9%82%d9%84%d8%a8-%d8%a7%d9%84%d9%83%d8%b1%d8%a7%d9%85%d9%8a%d9%84-%d8%a7%d9%84%d8%b3%d8%a7%d8%a6%d9%84
https://lacuisinedebernard.com/mi-cuit-%d9%85%d8%b9-%d8%a7%d9%84%d8%b4%d9%88%d9%83%d9%88%d9%84%d8%a7%d8%aa%d8%a9-%d9%88%d9%82%d9%84%d8%a8-%d8%a7%d9%84%d9%83%d8%b1%d8%a7%d9%85%d9%8a%d9%84-%d8%a7%d9%84%d8%b3%d8%a7%d8%a6%d9%84/,https://staging.lacuisinedebernard.com/mi-cuit-%d9%85%d8%b9-%d8%a7%d9%84%d8%b4%d9%88%d9%83%d9%88%d9%84%d8%a7%d8%aa%d8%a9-%d9%88%d9%82%d9%84%d8%a8-%d8%a7%d9%84%d9%83%d8%b1%d8%a7%d9%85%d9%8a%d9%84-%d8%a7%d9%84%d8%b3%d8%a7%d8%a6%d9%84
https://www.lacuisinedebernard.com/mi-cuit-%d9%85%d8%b9-%d8%a7%d9%84%d8%b4%d9%88%d9%83%d9%88%d9%84%d8%a7%d8%aa%d8%a9-%d9%88%d9%82%d9%84%d8%a8-%d8%a7%d9%84%d9%83%d8%b1%d8%a7%d9%85%d9%8a%d9%84-%d8%a7%d9%84%d8%b3%d8%a7%d8%a6%d9%84,https://staging.lacuisinedebernard.com/mi-cuit-%d9%85%d8%b9-%d8%a7%d9%84%d8%b4%d9%88%d9%83%d9%88%d9%84%d8%a7%d8%aa%d8%a9-%d9%88%d9%82%d9%84%d8%a8-%d8%a7%d9%84%d9%83%d8%b1%d8%a7%d9%85%d9%8a%d9%84-%d8%a7%d9%84%d8%b3%d8%a7%d8%a6%d9%84
https://www.lacuisinedebernard.com/mi-cuit-%d9%85%d8%b9-%d8%a7%d9%84%d8%b4%d9%88%d9%83%d9%88%d9%84%d8%a7%d8%aa%d8%a9-%d9%88%d9%82%d9%84%d8%a8-%d8%a7%d9%84%d9%83%d8%b1%d8%a7%d9%85%d9%8a%d9%84-%d8%a7%d9%84%d8%b3%d8%a7%d8%a6%d9%84/,https://staging.lacuisinedebernard.com/mi-cuit-%d9%85%d8%b9-%d8%a7%d9%84%d8%b4%d9%88%d9%83%d9%88%d9%84%d8%a7%d8%aa%d8%a9-%d9%88%d9%82%d9%84%d8%a8-%d8%a7%d9%84%d9%83%d8%b1%d8%a7%d9%85%d9%8a%d9%84-%d8%a7%d9%84%d8%b3%d8%a7%d8%a6%d9%84
https://lacuisinedebernard.com/pastel-de-especias-y-nueces-de-macadamia,https://staging.lacuisinedebernard.com/pastel-de-especias-y-nueces-de-macadamia
https://lacuisinedebernard.com/pastel-de-especias-y-nueces-de-macadamia/,https://staging.lacuisinedebernard.com/pastel-de-especias-y-nueces-de-macadamia
https://www.lacuisinedebernard.com/pastel-de-especias-y-nueces-de-macadamia,https://staging.lacuisinedebernard.com/pastel-de-especias-y-nueces-de-macadamia
https://www.lacuisinedebernard.com/pastel-de-especias-y-nueces-de-macadamia/,https://staging.lacuisinedebernard.com/pastel-de-especias-y-nueces-de-macadamia
https://lacuisinedebernard.com/mousse-de-chocolate-con-leche-y-caramelo,https://staging.lacuisinedebernard.com/mousse-de-chocolate-con-leche-y-caramelo
https://lacuisinedebernard.com/mousse-de-chocolate-con-leche-y-caramelo/,https://staging.lacuisinedebernard.com/mousse-de-chocolate-con-leche-y-caramelo
https://www.lacuisinedebernard.com/mousse-de-chocolate-con-leche-y-caramelo,https://staging.lacuisinedebernard.com/mousse-de-chocolate-con-leche-y-caramelo
https://www.lacuisinedebernard.com/mousse-de-chocolate-con-leche-y-caramelo/,https://staging.lacuisinedebernard.com/mousse-de-chocolate-con-leche-y-caramelo
https://lacuisinedebernard.com/tarta-de-praline-rosa,https://staging.lacuisinedebernard.com/tarta-de-praline-rosa
https://lacuisinedebernard.com/tarta-de-praline-rosa/,https://staging.lacuisinedebernard.com/tarta-de-praline-rosa
https://www.lacuisinedebernard.com/tarta-de-praline-rosa,https://staging.lacuisinedebernard.com/tarta-de-praline-rosa
https://www.lacuisinedebernard.com/tarta-de-praline-rosa/,https://staging.lacuisinedebernard.com/tarta-de-praline-rosa
https://lacuisinedebernard.com/gachas,https://staging.lacuisinedebernard.com/gachas
https://lacuisinedebernard.com/gachas/,https://staging.lacuisinedebernard.com/gachas
https://www.lacuisinedebernard.com/gachas,https://staging.lacuisinedebernard.com/gachas
https://www.lacuisinedebernard.com/gachas/,https://staging.lacuisinedebernard.com/gachas
https://lacuisinedebernard.com/torta-de-praline-rosa,https://staging.lacuisinedebernard.com/torta-de-praline-rosa
https://lacuisinedebernard.com/torta-de-praline-rosa/,https://staging.lacuisinedebernard.com/torta-de-praline-rosa
https://www.lacuisinedebernard.com/torta-de-praline-rosa,https://staging.lacuisinedebernard.com/torta-de-praline-rosa
https://www.lacuisinedebernard.com/torta-de-praline-rosa/,https://staging.lacuisinedebernard.com/torta-de-praline-rosa
https://lacuisinedebernard.com/atomic-pecan-maple-syrup-and-chocolate-muffins,https://staging.lacuisinedebernard.com/atomic-pecan-maple-syrup-and-chocolate-muffins
https://lacuisinedebernard.com/atomic-pecan-maple-syrup-and-chocolate-muffins/,https://staging.lacuisinedebernard.com/atomic-pecan-maple-syrup-and-chocolate-muffins
https://www.lacuisinedebernard.com/atomic-pecan-maple-syrup-and-chocolate-muffins,https://staging.lacuisinedebernard.com/atomic-pecan-maple-syrup-and-chocolate-muffins
https://www.lacuisinedebernard.com/atomic-pecan-maple-syrup-and-chocolate-muffins/,https://staging.lacuisinedebernard.com/atomic-pecan-maple-syrup-and-chocolate-muffins
https://lacuisinedebernard.com/chocolate-de-leite-e-mousse-de-caramelo,https://staging.lacuisinedebernard.com/chocolate-de-leite-e-mousse-de-caramelo
https://lacuisinedebernard.com/chocolate-de-leite-e-mousse-de-caramelo/,https://staging.lacuisinedebernard.com/chocolate-de-leite-e-mousse-de-caramelo
https://www.lacuisinedebernard.com/chocolate-de-leite-e-mousse-de-caramelo,https://staging.lacuisinedebernard.com/chocolate-de-leite-e-mousse-de-caramelo
https://www.lacuisinedebernard.com/chocolate-de-leite-e-mousse-de-caramelo/,https://staging.lacuisinedebernard.com/chocolate-de-leite-e-mousse-de-caramelo
https://lacuisinedebernard.com/bolo-de-especiarias-e-nozes-de-macadamia,https://staging.lacuisinedebernard.com/bolo-de-especiarias-e-nozes-de-macadamia
https://lacuisinedebernard.com/bolo-de-especiarias-e-nozes-de-macadamia/,https://staging.lacuisinedebernard.com/bolo-de-especiarias-e-nozes-de-macadamia
https://www.lacuisinedebernard.com/bolo-de-especiarias-e-nozes-de-macadamia,https://staging.lacuisinedebernard.com/bolo-de-especiarias-e-nozes-de-macadamia
https://www.lacuisinedebernard.com/bolo-de-especiarias-e-nozes-de-macadamia/,https://staging.lacuisinedebernard.com/bolo-de-especiarias-e-nozes-de-macadamia
https://lacuisinedebernard.com/%d8%aa%d8%a7%d8%b1%d8%aa%d9%84%d9%8a%d8%aa%d8%b3-%d8%ad%d9%84%d9%88%d8%a9-%d9%85%d8%b9-%d8%ac%d8%a8%d9%86%d8%a9-%d9%83%d8%b1%d9%8a%d9%85-%d8%b3%d8%a7%d8%a6%d9%84%d8%a9,https://staging.lacuisinedebernard.com/%d8%aa%d8%a7%d8%b1%d8%aa%d9%84%d9%8a%d8%aa%d8%b3-%d8%ad%d9%84%d9%88%d8%a9-%d9%85%d8%b9-%d8%ac%d8%a8%d9%86%d8%a9-%d9%83%d8%b1%d9%8a%d9%85-%d8%b3%d8%a7%d8%a6%d9%84%d8%a9
https://lacuisinedebernard.com/%d8%aa%d8%a7%d8%b1%d8%aa%d9%84%d9%8a%d8%aa%d8%b3-%d8%ad%d9%84%d9%88%d8%a9-%d9%85%d8%b9-%d8%ac%d8%a8%d9%86%d8%a9-%d9%83%d8%b1%d9%8a%d9%85-%d8%b3%d8%a7%d8%a6%d9%84%d8%a9/,https://staging.lacuisinedebernard.com/%d8%aa%d8%a7%d8%b1%d8%aa%d9%84%d9%8a%d8%aa%d8%b3-%d8%ad%d9%84%d9%88%d8%a9-%d9%85%d8%b9-%d8%ac%d8%a8%d9%86%d8%a9-%d9%83%d8%b1%d9%8a%d9%85-%d8%b3%d8%a7%d8%a6%d9%84%d8%a9
https://www.lacuisinedebernard.com/%d8%aa%d8%a7%d8%b1%d8%aa%d9%84%d9%8a%d8%aa%d8%b3-%d8%ad%d9%84%d9%88%d8%a9-%d9%85%d8%b9-%d8%ac%d8%a8%d9%86%d8%a9-%d9%83%d8%b1%d9%8a%d9%85-%d8%b3%d8%a7%d8%a6%d9%84%d8%a9,https://staging.lacuisinedebernard.com/%d8%aa%d8%a7%d8%b1%d8%aa%d9%84%d9%8a%d8%aa%d8%b3-%d8%ad%d9%84%d9%88%d8%a9-%d9%85%d8%b9-%d8%ac%d8%a8%d9%86%d8%a9-%d9%83%d8%b1%d9%8a%d9%85-%d8%b3%d8%a7%d8%a6%d9%84%d8%a9
https://www.lacuisinedebernard.com/%d8%aa%d8%a7%d8%b1%d8%aa%d9%84%d9%8a%d8%aa%d8%b3-%d8%ad%d9%84%d9%88%d8%a9-%d9%85%d8%b9-%d8%ac%d8%a8%d9%86%d8%a9-%d9%83%d8%b1%d9%8a%d9%85-%d8%b3%d8%a7%d8%a6%d9%84%d8%a9/,https://staging.lacuisinedebernard.com/%d8%aa%d8%a7%d8%b1%d8%aa%d9%84%d9%8a%d8%aa%d8%b3-%d8%ad%d9%84%d9%88%d8%a9-%d9%85%d8%b9-%d8%ac%d8%a8%d9%86%d8%a9-%d9%83%d8%b1%d9%8a%d9%85-%d8%b3%d8%a7%d8%a6%d9%84%d8%a9
https://lacuisinedebernard.com/ultimate-orange-passion-cake,https://staging.lacuisinedebernard.com/ultimate-orange-passion-cake
https://lacuisinedebernard.com/ultimate-orange-passion-cake/,https://staging.lacuisinedebernard.com/ultimate-orange-passion-cake
https://www.lacuisinedebernard.com/ultimate-orange-passion-cake,https://staging.lacuisinedebernard.com/ultimate-orange-passion-cake
https://www.lacuisinedebernard.com/ultimate-orange-passion-cake/,https://staging.lacuisinedebernard.com/ultimate-orange-passion-cake
https://lacuisinedebernard.com/jasmine-macaroons,https://staging.lacuisinedebernard.com/jasmine-macaroons
https://lacuisinedebernard.com/jasmine-macaroons/,https://staging.lacuisinedebernard.com/jasmine-macaroons
https://www.lacuisinedebernard.com/jasmine-macaroons,https://staging.lacuisinedebernard.com/jasmine-macaroons
https://www.lacuisinedebernard.com/jasmine-macaroons/,https://staging.lacuisinedebernard.com/jasmine-macaroons
https://lacuisinedebernard.com/sopaipillas-from-chile,https://staging.lacuisinedebernard.com/sopaipillas-from-chile
https://lacuisinedebernard.com/sopaipillas-from-chile/,https://staging.lacuisinedebernard.com/sopaipillas-from-chile
https://www.lacuisinedebernard.com/sopaipillas-from-chile,https://staging.lacuisinedebernard.com/sopaipillas-from-chile
https://www.lacuisinedebernard.com/sopaipillas-from-chile/,https://staging.lacuisinedebernard.com/sopaipillas-from-chile
https://lacuisinedebernard.com/feria-brasilena-pasteis,https://staging.lacuisinedebernard.com/feria-brasilena-pasteis
https://lacuisinedebernard.com/feria-brasilena-pasteis/,https://staging.lacuisinedebernard.com/feria-brasilena-pasteis
https://www.lacuisinedebernard.com/feria-brasilena-pasteis,https://staging.lacuisinedebernard.com/feria-brasilena-pasteis
https://www.lacuisinedebernard.com/feria-brasilena-pasteis/,https://staging.lacuisinedebernard.com/feria-brasilena-pasteis
https://lacuisinedebernard.com/mhadjebs-%d9%88-maareks,https://staging.lacuisinedebernard.com/mhadjebs-%d9%88-maareks
https://lacuisinedebernard.com/mhadjebs-%d9%88-maareks/,https://staging.lacuisinedebernard.com/mhadjebs-%d9%88-maareks
https://www.lacuisinedebernard.com/mhadjebs-%d9%88-maareks,https://staging.lacuisinedebernard.com/mhadjebs-%d9%88-maareks
https://www.lacuisinedebernard.com/mhadjebs-%d9%88-maareks/,https://staging.lacuisinedebernard.com/mhadjebs-%d9%88-maareks
https://lacuisinedebernard.com/arroz-cantones,https://staging.lacuisinedebernard.com/arroz-cantones
https://lacuisinedebernard.com/arroz-cantones/,https://staging.lacuisinedebernard.com/arroz-cantones
https://www.lacuisinedebernard.com/arroz-cantones,https://staging.lacuisinedebernard.com/arroz-cantones
https://www.lacuisinedebernard.com/arroz-cantones/,https://staging.lacuisinedebernard.com/arroz-cantones
https://lacuisinedebernard.com/malakoffs-vaudois,https://staging.lacuisinedebernard.com/malakoffs-vaudois
https://lacuisinedebernard.com/malakoffs-vaudois/,https://staging.lacuisinedebernard.com/malakoffs-vaudois
https://www.lacuisinedebernard.com/malakoffs-vaudois,https://staging.lacuisinedebernard.com/malakoffs-vaudois
https://www.lacuisinedebernard.com/malakoffs-vaudois/,https://staging.lacuisinedebernard.com/malakoffs-vaudois
https://lacuisinedebernard.com/chinese-steamed-bread-with-chives,https://staging.lacuisinedebernard.com/chinese-steamed-bread-with-chives
https://lacuisinedebernard.com/chinese-steamed-bread-with-chives/,https://staging.lacuisinedebernard.com/chinese-steamed-bread-with-chives
https://www.lacuisinedebernard.com/chinese-steamed-bread-with-chives,https://staging.lacuisinedebernard.com/chinese-steamed-bread-with-chives
https://www.lacuisinedebernard.com/chinese-steamed-bread-with-chives/,https://staging.lacuisinedebernard.com/chinese-steamed-bread-with-chives
https://lacuisinedebernard.com/chili-con-carne,https://staging.lacuisinedebernard.com/chili-con-carne
https://lacuisinedebernard.com/chili-con-carne/,https://staging.lacuisinedebernard.com/chili-con-carne
https://www.lacuisinedebernard.com/chili-con-carne,https://staging.lacuisinedebernard.com/chili-con-carne
https://www.lacuisinedebernard.com/chili-con-carne/,https://staging.lacuisinedebernard.com/chili-con-carne
https://lacuisinedebernard.com/souffle-de-queijo,https://staging.lacuisinedebernard.com/souffle-de-queijo
https://lacuisinedebernard.com/souffle-de-queijo/,https://staging.lacuisinedebernard.com/souffle-de-queijo
https://www.lacuisinedebernard.com/souffle-de-queijo,https://staging.lacuisinedebernard.com/souffle-de-queijo
https://www.lacuisinedebernard.com/souffle-de-queijo/,https://staging.lacuisinedebernard.com/souffle-de-queijo
https://lacuisinedebernard.com/nhoque-de-beringela,https://staging.lacuisinedebernard.com/nhoque-de-beringela
https://lacuisinedebernard.com/nhoque-de-beringela/,https://staging.lacuisinedebernard.com/nhoque-de-beringela
https://www.lacuisinedebernard.com/nhoque-de-beringela,https://staging.lacuisinedebernard.com/nhoque-de-beringela
https://www.lacuisinedebernard.com/nhoque-de-beringela/,https://staging.lacuisinedebernard.com/nhoque-de-beringela
https://lacuisinedebernard.com/sopaipillas-%d9%85%d9%86-%d8%aa%d8%b4%d9%8a%d9%84%d9%8a,https://staging.lacuisinedebernard.com/sopaipillas-%d9%85%d9%86-%d8%aa%d8%b4%d9%8a%d9%84%d9%8a
https://lacuisinedebernard.com/sopaipillas-%d9%85%d9%86-%d8%aa%d8%b4%d9%8a%d9%84%d9%8a/,https://staging.lacuisinedebernard.com/sopaipillas-%d9%85%d9%86-%d8%aa%d8%b4%d9%8a%d9%84%d9%8a
https://www.lacuisinedebernard.com/sopaipillas-%d9%85%d9%86-%d8%aa%d8%b4%d9%8a%d9%84%d9%8a,https://staging.lacuisinedebernard.com/sopaipillas-%d9%85%d9%86-%d8%aa%d8%b4%d9%8a%d9%84%d9%8a
https://www.lacuisinedebernard.com/sopaipillas-%d9%85%d9%86-%d8%aa%d8%b4%d9%8a%d9%84%d9%8a/,https://staging.lacuisinedebernard.com/sopaipillas-%d9%85%d9%86-%d8%aa%d8%b4%d9%8a%d9%84%d9%8a
https://lacuisinedebernard.com/cantonese-rice,https://staging.lacuisinedebernard.com/cantonese-rice
https://lacuisinedebernard.com/cantonese-rice/,https://staging.lacuisinedebernard.com/cantonese-rice
https://www.lacuisinedebernard.com/cantonese-rice,https://staging.lacuisinedebernard.com/cantonese-rice
https://www.lacuisinedebernard.com/cantonese-rice/,https://staging.lacuisinedebernard.com/cantonese-rice
https://lacuisinedebernard.com/brandade,https://staging.lacuisinedebernard.com/brandade
https://lacuisinedebernard.com/brandade/,https://staging.lacuisinedebernard.com/brandade
https://www.lacuisinedebernard.com/brandade,https://staging.lacuisinedebernard.com/brandade
https://www.lacuisinedebernard.com/brandade/,https://staging.lacuisinedebernard.com/brandade
https://lacuisinedebernard.com/eggplant-gnocchi,https://staging.lacuisinedebernard.com/eggplant-gnocchi
https://lacuisinedebernard.com/eggplant-gnocchi/,https://staging.lacuisinedebernard.com/eggplant-gnocchi
https://www.lacuisinedebernard.com/eggplant-gnocchi,https://staging.lacuisinedebernard.com/eggplant-gnocchi
https://www.lacuisinedebernard.com/eggplant-gnocchi/,https://staging.lacuisinedebernard.com/eggplant-gnocchi
https://lacuisinedebernard.com/%d9%85%d8%a7%d9%84%d8%a7%d9%83%d9%88%d9%81%d8%b3-%d9%81%d9%88%d8%af%d9%88%d8%a7,https://staging.lacuisinedebernard.com/%d9%85%d8%a7%d9%84%d8%a7%d9%83%d9%88%d9%81%d8%b3-%d9%81%d9%88%d8%af%d9%88%d8%a7
https://lacuisinedebernard.com/%d9%85%d8%a7%d9%84%d8%a7%d9%83%d9%88%d9%81%d8%b3-%d9%81%d9%88%d8%af%d9%88%d8%a7/,https://staging.lacuisinedebernard.com/%d9%85%d8%a7%d9%84%d8%a7%d9%83%d9%88%d9%81%d8%b3-%d9%81%d9%88%d8%af%d9%88%d8%a7
https://www.lacuisinedebernard.com/%d9%85%d8%a7%d9%84%d8%a7%d9%83%d9%88%d9%81%d8%b3-%d9%81%d9%88%d8%af%d9%88%d8%a7,https://staging.lacuisinedebernard.com/%d9%85%d8%a7%d9%84%d8%a7%d9%83%d9%88%d9%81%d8%b3-%d9%81%d9%88%d8%af%d9%88%d8%a7
https://www.lacuisinedebernard.com/%d9%85%d8%a7%d9%84%d8%a7%d9%83%d9%88%d9%81%d8%b3-%d9%81%d9%88%d8%af%d9%88%d8%a7/,https://staging.lacuisinedebernard.com/%d9%85%d8%a7%d9%84%d8%a7%d9%83%d9%88%d9%81%d8%b3-%d9%81%d9%88%d8%af%d9%88%d8%a7
https://lacuisinedebernard.com/brazilian-pasteis-of-fair,https://staging.lacuisinedebernard.com/brazilian-pasteis-of-fair
https://lacuisinedebernard.com/brazilian-pasteis-of-fair/,https://staging.lacuisinedebernard.com/brazilian-pasteis-of-fair
https://www.lacuisinedebernard.com/brazilian-pasteis-of-fair,https://staging.lacuisinedebernard.com/brazilian-pasteis-of-fair
https://www.lacuisinedebernard.com/brazilian-pasteis-of-fair/,https://staging.lacuisinedebernard.com/brazilian-pasteis-of-fair
https://lacuisinedebernard.com/%d8%b3%d9%88%d9%81%d9%84%d9%8a%d9%87-%d8%a7%d9%84%d8%ac%d8%a8%d9%86,https://staging.lacuisinedebernard.com/%d8%b3%d9%88%d9%81%d9%84%d9%8a%d9%87-%d8%a7%d9%84%d8%ac%d8%a8%d9%86
https://lacuisinedebernard.com/%d8%b3%d9%88%d9%81%d9%84%d9%8a%d9%87-%d8%a7%d9%84%d8%ac%d8%a8%d9%86/,https://staging.lacuisinedebernard.com/%d8%b3%d9%88%d9%81%d9%84%d9%8a%d9%87-%d8%a7%d9%84%d8%ac%d8%a8%d9%86
https://www.lacuisinedebernard.com/%d8%b3%d9%88%d9%81%d9%84%d9%8a%d9%87-%d8%a7%d9%84%d8%ac%d8%a8%d9%86,https://staging.lacuisinedebernard.com/%d8%b3%d9%88%d9%81%d9%84%d9%8a%d9%87-%d8%a7%d9%84%d8%ac%d8%a8%d9%86
https://www.lacuisinedebernard.com/%d8%b3%d9%88%d9%81%d9%84%d9%8a%d9%87-%d8%a7%d9%84%d8%ac%d8%a8%d9%86/,https://staging.lacuisinedebernard.com/%d8%b3%d9%88%d9%81%d9%84%d9%8a%d9%87-%d8%a7%d9%84%d8%ac%d8%a8%d9%86
https://lacuisinedebernard.com/%d8%a7%d9%84%d8%ae%d8%a8%d8%b2-%d8%a7%d9%84%d8%b5%d9%8a%d9%86%d9%8a-%d8%b9%d9%84%d9%89-%d8%a7%d9%84%d8%a8%d8%ae%d8%a7%d8%b1-%d9%85%d8%b9-%d8%a7%d9%84%d8%ab%d9%88%d9%85-%d8%a7%d9%84%d9%85%d8%b9,https://staging.lacuisinedebernard.com/%d8%a7%d9%84%d8%ae%d8%a8%d8%b2-%d8%a7%d9%84%d8%b5%d9%8a%d9%86%d9%8a-%d8%b9%d9%84%d9%89-%d8%a7%d9%84%d8%a8%d8%ae%d8%a7%d8%b1-%d9%85%d8%b9-%d8%a7%d9%84%d8%ab%d9%88%d9%85-%d8%a7%d9%84%d9%85%d8%b9
https://lacuisinedebernard.com/%d8%a7%d9%84%d8%ae%d8%a8%d8%b2-%d8%a7%d9%84%d8%b5%d9%8a%d9%86%d9%8a-%d8%b9%d9%84%d9%89-%d8%a7%d9%84%d8%a8%d8%ae%d8%a7%d8%b1-%d9%85%d8%b9-%d8%a7%d9%84%d8%ab%d9%88%d9%85-%d8%a7%d9%84%d9%85%d8%b9/,https://staging.lacuisinedebernard.com/%d8%a7%d9%84%d8%ae%d8%a8%d8%b2-%d8%a7%d9%84%d8%b5%d9%8a%d9%86%d9%8a-%d8%b9%d9%84%d9%89-%d8%a7%d9%84%d8%a8%d8%ae%d8%a7%d8%b1-%d9%85%d8%b9-%d8%a7%d9%84%d8%ab%d9%88%d9%85-%d8%a7%d9%84%d9%85%d8%b9
https://www.lacuisinedebernard.com/%d8%a7%d9%84%d8%ae%d8%a8%d8%b2-%d8%a7%d9%84%d8%b5%d9%8a%d9%86%d9%8a-%d8%b9%d9%84%d9%89-%d8%a7%d9%84%d8%a8%d8%ae%d8%a7%d8%b1-%d9%85%d8%b9-%d8%a7%d9%84%d8%ab%d9%88%d9%85-%d8%a7%d9%84%d9%85%d8%b9,https://staging.lacuisinedebernard.com/%d8%a7%d9%84%d8%ae%d8%a8%d8%b2-%d8%a7%d9%84%d8%b5%d9%8a%d9%86%d9%8a-%d8%b9%d9%84%d9%89-%d8%a7%d9%84%d8%a8%d8%ae%d8%a7%d8%b1-%d9%85%d8%b9-%d8%a7%d9%84%d8%ab%d9%88%d9%85-%d8%a7%d9%84%d9%85%d8%b9
https://www.lacuisinedebernard.com/%d8%a7%d9%84%d8%ae%d8%a8%d8%b2-%d8%a7%d9%84%d8%b5%d9%8a%d9%86%d9%8a-%d8%b9%d9%84%d9%89-%d8%a7%d9%84%d8%a8%d8%ae%d8%a7%d8%b1-%d9%85%d8%b9-%d8%a7%d9%84%d8%ab%d9%88%d9%85-%d8%a7%d9%84%d9%85%d8%b9/,https://staging.lacuisinedebernard.com/%d8%a7%d9%84%d8%ae%d8%a8%d8%b2-%d8%a7%d9%84%d8%b5%d9%8a%d9%86%d9%8a-%d8%b9%d9%84%d9%89-%d8%a7%d9%84%d8%a8%d8%ae%d8%a7%d8%b1-%d9%85%d8%b9-%d8%a7%d9%84%d8%ab%d9%88%d9%85-%d8%a7%d9%84%d9%85%d8%b9
https://lacuisinedebernard.com/foie-gras-1o-metodo-em-terrina,https://staging.lacuisinedebernard.com/foie-gras-1o-metodo-em-terrina
https://lacuisinedebernard.com/foie-gras-1o-metodo-em-terrina/,https://staging.lacuisinedebernard.com/foie-gras-1o-metodo-em-terrina
https://www.lacuisinedebernard.com/foie-gras-1o-metodo-em-terrina,https://staging.lacuisinedebernard.com/foie-gras-1o-metodo-em-terrina
https://www.lacuisinedebernard.com/foie-gras-1o-metodo-em-terrina/,https://staging.lacuisinedebernard.com/foie-gras-1o-metodo-em-terrina
https://lacuisinedebernard.com/piquillos-rellenos-de-atun,https://staging.lacuisinedebernard.com/piquillos-rellenos-de-atun
https://lacuisinedebernard.com/piquillos-rellenos-de-atun/,https://staging.lacuisinedebernard.com/piquillos-rellenos-de-atun
https://www.lacuisinedebernard.com/piquillos-rellenos-de-atun,https://staging.lacuisinedebernard.com/piquillos-rellenos-de-atun
https://www.lacuisinedebernard.com/piquillos-rellenos-de-atun/,https://staging.lacuisinedebernard.com/piquillos-rellenos-de-atun
https://lacuisinedebernard.com/%d8%a3%d8%b1%d8%b2-%d9%83%d8%a7%d9%86%d8%aa%d9%88%d9%86%d9%8a,https://staging.lacuisinedebernard.com/%d8%a3%d8%b1%d8%b2-%d9%83%d8%a7%d9%86%d8%aa%d9%88%d9%86%d9%8a
https://lacuisinedebernard.com/%d8%a3%d8%b1%d8%b2-%d9%83%d8%a7%d9%86%d8%aa%d9%88%d9%86%d9%8a/,https://staging.lacuisinedebernard.com/%d8%a3%d8%b1%d8%b2-%d9%83%d8%a7%d9%86%d8%aa%d9%88%d9%86%d9%8a
https://www.lacuisinedebernard.com/%d8%a3%d8%b1%d8%b2-%d9%83%d8%a7%d9%86%d8%aa%d9%88%d9%86%d9%8a,https://staging.lacuisinedebernard.com/%d8%a3%d8%b1%d8%b2-%d9%83%d8%a7%d9%86%d8%aa%d9%88%d9%86%d9%8a
https://www.lacuisinedebernard.com/%d8%a3%d8%b1%d8%b2-%d9%83%d8%a7%d9%86%d8%aa%d9%88%d9%86%d9%8a/,https://staging.lacuisinedebernard.com/%d8%a3%d8%b1%d8%b2-%d9%83%d8%a7%d9%86%d8%aa%d9%88%d9%86%d9%8a
https://lacuisinedebernard.com/mhadjebs-y-maareks,https://staging.lacuisinedebernard.com/mhadjebs-y-maareks
https://lacuisinedebernard.com/mhadjebs-y-maareks/,https://staging.lacuisinedebernard.com/mhadjebs-y-maareks
https://www.lacuisinedebernard.com/mhadjebs-y-maareks,https://staging.lacuisinedebernard.com/mhadjebs-y-maareks
https://www.lacuisinedebernard.com/mhadjebs-y-maareks/,https://staging.lacuisinedebernard.com/mhadjebs-y-maareks
https://lacuisinedebernard.com/%d8%a7%d9%84%d9%81%d9%84%d9%81%d9%84-%d8%a7%d9%84%d8%ad%d8%a7%d8%b1-%d9%8a%d8%ae%d8%af%d8%b9-%d9%83%d8%a7%d8%b1%d9%86%d9%8a,https://staging.lacuisinedebernard.com/%d8%a7%d9%84%d9%81%d9%84%d9%81%d9%84-%d8%a7%d9%84%d8%ad%d8%a7%d8%b1-%d9%8a%d8%ae%d8%af%d8%b9-%d9%83%d8%a7%d8%b1%d9%86%d9%8a
https://lacuisinedebernard.com/%d8%a7%d9%84%d9%81%d9%84%d9%81%d9%84-%d8%a7%d9%84%d8%ad%d8%a7%d8%b1-%d9%8a%d8%ae%d8%af%d8%b9-%d9%83%d8%a7%d8%b1%d9%86%d9%8a/,https://staging.lacuisinedebernard.com/%d8%a7%d9%84%d9%81%d9%84%d9%81%d9%84-%d8%a7%d9%84%d8%ad%d8%a7%d8%b1-%d9%8a%d8%ae%d8%af%d8%b9-%d9%83%d8%a7%d8%b1%d9%86%d9%8a
https://www.lacuisinedebernard.com/%d8%a7%d9%84%d9%81%d9%84%d9%81%d9%84-%d8%a7%d9%84%d8%ad%d8%a7%d8%b1-%d9%8a%d8%ae%d8%af%d8%b9-%d9%83%d8%a7%d8%b1%d9%86%d9%8a,https://staging.lacuisinedebernard.com/%d8%a7%d9%84%d9%81%d9%84%d9%81%d9%84-%d8%a7%d9%84%d8%ad%d8%a7%d8%b1-%d9%8a%d8%ae%d8%af%d8%b9-%d9%83%d8%a7%d8%b1%d9%86%d9%8a
https://www.lacuisinedebernard.com/%d8%a7%d9%84%d9%81%d9%84%d9%81%d9%84-%d8%a7%d9%84%d8%ad%d8%a7%d8%b1-%d9%8a%d8%ae%d8%af%d8%b9-%d9%83%d8%a7%d8%b1%d9%86%d9%8a/,https://staging.lacuisinedebernard.com/%d8%a7%d9%84%d9%81%d9%84%d9%81%d9%84-%d8%a7%d9%84%d8%ad%d8%a7%d8%b1-%d9%8a%d8%ae%d8%af%d8%b9-%d9%83%d8%a7%d8%b1%d9%86%d9%8a
https://lacuisinedebernard.com/%d8%ac%d9%86%d9%88%d9%83%d8%aa%d8%b4%d9%8a-%d8%a7%d9%84%d8%a8%d8%a7%d8%b0%d9%86%d8%ac%d8%a7%d9%86,https://staging.lacuisinedebernard.com/%d8%ac%d9%86%d9%88%d9%83%d8%aa%d8%b4%d9%8a-%d8%a7%d9%84%d8%a8%d8%a7%d8%b0%d9%86%d8%ac%d8%a7%d9%86
https://lacuisinedebernard.com/%d8%ac%d9%86%d9%88%d9%83%d8%aa%d8%b4%d9%8a-%d8%a7%d9%84%d8%a8%d8%a7%d8%b0%d9%86%d8%ac%d8%a7%d9%86/,https://staging.lacuisinedebernard.com/%d8%ac%d9%86%d9%88%d9%83%d8%aa%d8%b4%d9%8a-%d8%a7%d9%84%d8%a8%d8%a7%d8%b0%d9%86%d8%ac%d8%a7%d9%86
https://www.lacuisinedebernard.com/%d8%ac%d9%86%d9%88%d9%83%d8%aa%d8%b4%d9%8a-%d8%a7%d9%84%d8%a8%d8%a7%d8%b0%d9%86%d8%ac%d8%a7%d9%86,https://staging.lacuisinedebernard.com/%d8%ac%d9%86%d9%88%d9%83%d8%aa%d8%b4%d9%8a-%d8%a7%d9%84%d8%a8%d8%a7%d8%b0%d9%86%d8%ac%d8%a7%d9%86
https://www.lacuisinedebernard.com/%d8%ac%d9%86%d9%88%d9%83%d8%aa%d8%b4%d9%8a-%d8%a7%d9%84%d8%a8%d8%a7%d8%b0%d9%86%d8%ac%d8%a7%d9%86/,https://staging.lacuisinedebernard.com/%d8%ac%d9%86%d9%88%d9%83%d8%aa%d8%b4%d9%8a-%d8%a7%d9%84%d8%a8%d8%a7%d8%b0%d9%86%d8%ac%d8%a7%d9%86
https://lacuisinedebernard.com/fondue-suiza,https://staging.lacuisinedebernard.com/fondue-suiza
https://lacuisinedebernard.com/fondue-suiza/,https://staging.lacuisinedebernard.com/fondue-suiza
https://www.lacuisinedebernard.com/fondue-suiza,https://staging.lacuisinedebernard.com/fondue-suiza
https://www.lacuisinedebernard.com/fondue-suiza/,https://staging.lacuisinedebernard.com/fondue-suiza
https://lacuisinedebernard.com/%d9%85%d8%b9%d8%b1%d8%b6-pasteis-%d8%a7%d9%84%d8%a8%d8%b1%d8%a7%d8%b2%d9%8a%d9%84%d9%8a,https://staging.lacuisinedebernard.com/%d9%85%d8%b9%d8%b1%d8%b6-pasteis-%d8%a7%d9%84%d8%a8%d8%b1%d8%a7%d8%b2%d9%8a%d9%84%d9%8a
https://lacuisinedebernard.com/%d9%85%d8%b9%d8%b1%d8%b6-pasteis-%d8%a7%d9%84%d8%a8%d8%b1%d8%a7%d8%b2%d9%8a%d9%84%d9%8a/,https://staging.lacuisinedebernard.com/%d9%85%d8%b9%d8%b1%d8%b6-pasteis-%d8%a7%d9%84%d8%a8%d8%b1%d8%a7%d8%b2%d9%8a%d9%84%d9%8a
https://www.lacuisinedebernard.com/%d9%85%d8%b9%d8%b1%d8%b6-pasteis-%d8%a7%d9%84%d8%a8%d8%b1%d8%a7%d8%b2%d9%8a%d9%84%d9%8a,https://staging.lacuisinedebernard.com/%d9%85%d8%b9%d8%b1%d8%b6-pasteis-%d8%a7%d9%84%d8%a8%d8%b1%d8%a7%d8%b2%d9%8a%d9%84%d9%8a
https://www.lacuisinedebernard.com/%d9%85%d8%b9%d8%b1%d8%b6-pasteis-%d8%a7%d9%84%d8%a8%d8%b1%d8%a7%d8%b2%d9%8a%d9%84%d9%8a/,https://staging.lacuisinedebernard.com/%d9%85%d8%b9%d8%b1%d8%b6-pasteis-%d8%a7%d9%84%d8%a8%d8%b1%d8%a7%d8%b2%d9%8a%d9%84%d9%8a
https://lacuisinedebernard.com/peito-de-pato-com-manga,https://staging.lacuisinedebernard.com/peito-de-pato-com-manga
https://lacuisinedebernard.com/peito-de-pato-com-manga/,https://staging.lacuisinedebernard.com/peito-de-pato-com-manga
https://www.lacuisinedebernard.com/peito-de-pato-com-manga,https://staging.lacuisinedebernard.com/peito-de-pato-com-manga
https://www.lacuisinedebernard.com/peito-de-pato-com-manga/,https://staging.lacuisinedebernard.com/peito-de-pato-com-manga
https://lacuisinedebernard.com/mhadjebs-e-maareks,https://staging.lacuisinedebernard.com/mhadjebs-e-maareks
https://lacuisinedebernard.com/mhadjebs-e-maareks/,https://staging.lacuisinedebernard.com/mhadjebs-e-maareks
https://www.lacuisinedebernard.com/mhadjebs-e-maareks,https://staging.lacuisinedebernard.com/mhadjebs-e-maareks
https://www.lacuisinedebernard.com/mhadjebs-e-maareks/,https://staging.lacuisinedebernard.com/mhadjebs-e-maareks
https://lacuisinedebernard.com/piquillos-recheados-com-atum,https://staging.lacuisinedebernard.com/piquillos-recheados-com-atum
https://lacuisinedebernard.com/piquillos-recheados-com-atum/,https://staging.lacuisinedebernard.com/piquillos-recheados-com-atum
https://www.lacuisinedebernard.com/piquillos-recheados-com-atum,https://staging.lacuisinedebernard.com/piquillos-recheados-com-atum
https://www.lacuisinedebernard.com/piquillos-recheados-com-atum/,https://staging.lacuisinedebernard.com/piquillos-recheados-com-atum
https://lacuisinedebernard.com/%d9%81%d9%88%d8%a7-%d8%ac%d8%b1%d8%a7-%d8%a7%d9%84%d8%b7%d8%b1%d9%8a%d9%82%d8%a9-%d8%a7%d9%84%d8%a3%d9%88%d9%84%d9%89-%d8%aa%d9%8a%d8%b1%d9%8a%d9%86,https://staging.lacuisinedebernard.com/%d9%81%d9%88%d8%a7-%d8%ac%d8%b1%d8%a7-%d8%a7%d9%84%d8%b7%d8%b1%d9%8a%d9%82%d8%a9-%d8%a7%d9%84%d8%a3%d9%88%d9%84%d9%89-%d8%aa%d9%8a%d8%b1%d9%8a%d9%86
https://lacuisinedebernard.com/%d9%81%d9%88%d8%a7-%d8%ac%d8%b1%d8%a7-%d8%a7%d9%84%d8%b7%d8%b1%d9%8a%d9%82%d8%a9-%d8%a7%d9%84%d8%a3%d9%88%d9%84%d9%89-%d8%aa%d9%8a%d8%b1%d9%8a%d9%86/,https://staging.lacuisinedebernard.com/%d9%81%d9%88%d8%a7-%d8%ac%d8%b1%d8%a7-%d8%a7%d9%84%d8%b7%d8%b1%d9%8a%d9%82%d8%a9-%d8%a7%d9%84%d8%a3%d9%88%d9%84%d9%89-%d8%aa%d9%8a%d8%b1%d9%8a%d9%86
https://www.lacuisinedebernard.com/%d9%81%d9%88%d8%a7-%d8%ac%d8%b1%d8%a7-%d8%a7%d9%84%d8%b7%d8%b1%d9%8a%d9%82%d8%a9-%d8%a7%d9%84%d8%a3%d9%88%d9%84%d9%89-%d8%aa%d9%8a%d8%b1%d9%8a%d9%86,https://staging.lacuisinedebernard.com/%d9%81%d9%88%d8%a7-%d8%ac%d8%b1%d8%a7-%d8%a7%d9%84%d8%b7%d8%b1%d9%8a%d9%82%d8%a9-%d8%a7%d9%84%d8%a3%d9%88%d9%84%d9%89-%d8%aa%d9%8a%d8%b1%d9%8a%d9%86
https://www.lacuisinedebernard.com/%d9%81%d9%88%d8%a7-%d8%ac%d8%b1%d8%a7-%d8%a7%d9%84%d8%b7%d8%b1%d9%8a%d9%82%d8%a9-%d8%a7%d9%84%d8%a3%d9%88%d9%84%d9%89-%d8%aa%d9%8a%d8%b1%d9%8a%d9%86/,https://staging.lacuisinedebernard.com/%d9%81%d9%88%d8%a7-%d8%ac%d8%b1%d8%a7-%d8%a7%d9%84%d8%b7%d8%b1%d9%8a%d9%82%d8%a9-%d8%a7%d9%84%d8%a3%d9%88%d9%84%d9%89-%d8%aa%d9%8a%d8%b1%d9%8a%d9%86
https://lacuisinedebernard.com/sopaipillas-de-chile,https://staging.lacuisinedebernard.com/sopaipillas-de-chile
https://lacuisinedebernard.com/sopaipillas-de-chile/,https://staging.lacuisinedebernard.com/sopaipillas-de-chile
https://www.lacuisinedebernard.com/sopaipillas-de-chile,https://staging.lacuisinedebernard.com/sopaipillas-de-chile
https://www.lacuisinedebernard.com/sopaipillas-de-chile/,https://staging.lacuisinedebernard.com/sopaipillas-de-chile
https://lacuisinedebernard.com/%d8%a8%d8%b1%d8%a7%d9%86%d8%af%d8%a7%d8%af,https://staging.lacuisinedebernard.com/%d8%a8%d8%b1%d8%a7%d9%86%d8%af%d8%a7%d8%af
https://lacuisinedebernard.com/%d8%a8%d8%b1%d8%a7%d9%86%d8%af%d8%a7%d8%af/,https://staging.lacuisinedebernard.com/%d8%a8%d8%b1%d8%a7%d9%86%d8%af%d8%a7%d8%af
https://www.lacuisinedebernard.com/%d8%a8%d8%b1%d8%a7%d9%86%d8%af%d8%a7%d8%af,https://staging.lacuisinedebernard.com/%d8%a8%d8%b1%d8%a7%d9%86%d8%af%d8%a7%d8%af
https://www.lacuisinedebernard.com/%d8%a8%d8%b1%d8%a7%d9%86%d8%af%d8%a7%d8%af/,https://staging.lacuisinedebernard.com/%d8%a8%d8%b1%d8%a7%d9%86%d8%af%d8%a7%d8%af
https://lacuisinedebernard.com/fondue-suico,https://staging.lacuisinedebernard.com/fondue-suico
https://lacuisinedebernard.com/fondue-suico/,https://staging.lacuisinedebernard.com/fondue-suico
https://www.lacuisinedebernard.com/fondue-suico,https://staging.lacuisinedebernard.com/fondue-suico
https://www.lacuisinedebernard.com/fondue-suico/,https://staging.lacuisinedebernard.com/fondue-suico
https://lacuisinedebernard.com/duck-breast-with-mango,https://staging.lacuisinedebernard.com/duck-breast-with-mango
https://lacuisinedebernard.com/duck-breast-with-mango/,https://staging.lacuisinedebernard.com/duck-breast-with-mango
https://www.lacuisinedebernard.com/duck-breast-with-mango,https://staging.lacuisinedebernard.com/duck-breast-with-mango
https://www.lacuisinedebernard.com/duck-breast-with-mango/,https://staging.lacuisinedebernard.com/duck-breast-with-mango
https://lacuisinedebernard.com/pan-chino-al-vapor-con-cebollino,https://staging.lacuisinedebernard.com/pan-chino-al-vapor-con-cebollino
https://lacuisinedebernard.com/pan-chino-al-vapor-con-cebollino/,https://staging.lacuisinedebernard.com/pan-chino-al-vapor-con-cebollino
https://www.lacuisinedebernard.com/pan-chino-al-vapor-con-cebollino,https://staging.lacuisinedebernard.com/pan-chino-al-vapor-con-cebollino
https://www.lacuisinedebernard.com/pan-chino-al-vapor-con-cebollino/,https://staging.lacuisinedebernard.com/pan-chino-al-vapor-con-cebollino
https://lacuisinedebernard.com/mhadjebs-and-maareks,https://staging.lacuisinedebernard.com/mhadjebs-and-maareks
https://lacuisinedebernard.com/mhadjebs-and-maareks/,https://staging.lacuisinedebernard.com/mhadjebs-and-maareks
https://www.lacuisinedebernard.com/mhadjebs-and-maareks,https://staging.lacuisinedebernard.com/mhadjebs-and-maareks
https://www.lacuisinedebernard.com/mhadjebs-and-maareks/,https://staging.lacuisinedebernard.com/mhadjebs-and-maareks
https://lacuisinedebernard.com/gnocchi-de-berenjena,https://staging.lacuisinedebernard.com/gnocchi-de-berenjena
https://lacuisinedebernard.com/gnocchi-de-berenjena/,https://staging.lacuisinedebernard.com/gnocchi-de-berenjena
https://www.lacuisinedebernard.com/gnocchi-de-berenjena,https://staging.lacuisinedebernard.com/gnocchi-de-berenjena
https://www.lacuisinedebernard.com/gnocchi-de-berenjena/,https://staging.lacuisinedebernard.com/gnocchi-de-berenjena
https://lacuisinedebernard.com/%d9%81%d9%88%d9%86%d8%af%d9%88-%d8%b3%d9%88%d9%8a%d8%b3%d8%b1%d9%8a,https://staging.lacuisinedebernard.com/%d9%81%d9%88%d9%86%d8%af%d9%88-%d8%b3%d9%88%d9%8a%d8%b3%d8%b1%d9%8a
https://lacuisinedebernard.com/%d9%81%d9%88%d9%86%d8%af%d9%88-%d8%b3%d9%88%d9%8a%d8%b3%d8%b1%d9%8a/,https://staging.lacuisinedebernard.com/%d9%81%d9%88%d9%86%d8%af%d9%88-%d8%b3%d9%88%d9%8a%d8%b3%d8%b1%d9%8a
https://www.lacuisinedebernard.com/%d9%81%d9%88%d9%86%d8%af%d9%88-%d8%b3%d9%88%d9%8a%d8%b3%d8%b1%d9%8a,https://staging.lacuisinedebernard.com/%d9%81%d9%88%d9%86%d8%af%d9%88-%d8%b3%d9%88%d9%8a%d8%b3%d8%b1%d9%8a
https://www.lacuisinedebernard.com/%d9%81%d9%88%d9%86%d8%af%d9%88-%d8%b3%d9%88%d9%8a%d8%b3%d8%b1%d9%8a/,https://staging.lacuisinedebernard.com/%d9%81%d9%88%d9%86%d8%af%d9%88-%d8%b3%d9%88%d9%8a%d8%b3%d8%b1%d9%8a
https://lacuisinedebernard.com/sopaipillas-do-chile,https://staging.lacuisinedebernard.com/sopaipillas-do-chile
https://lacuisinedebernard.com/sopaipillas-do-chile/,https://staging.lacuisinedebernard.com/sopaipillas-do-chile
https://www.lacuisinedebernard.com/sopaipillas-do-chile,https://staging.lacuisinedebernard.com/sopaipillas-do-chile
https://www.lacuisinedebernard.com/sopaipillas-do-chile/,https://staging.lacuisinedebernard.com/sopaipillas-do-chile
https://lacuisinedebernard.com/stuffed-piquillos-with-tuna,https://staging.lacuisinedebernard.com/stuffed-piquillos-with-tuna
https://lacuisinedebernard.com/stuffed-piquillos-with-tuna/,https://staging.lacuisinedebernard.com/stuffed-piquillos-with-tuna
https://www.lacuisinedebernard.com/stuffed-piquillos-with-tuna,https://staging.lacuisinedebernard.com/stuffed-piquillos-with-tuna
https://www.lacuisinedebernard.com/stuffed-piquillos-with-tuna/,https://staging.lacuisinedebernard.com/stuffed-piquillos-with-tuna
https://lacuisinedebernard.com/souffle-de-queso,https://staging.lacuisinedebernard.com/souffle-de-queso
https://lacuisinedebernard.com/souffle-de-queso/,https://staging.lacuisinedebernard.com/souffle-de-queso
https://www.lacuisinedebernard.com/souffle-de-queso,https://staging.lacuisinedebernard.com/souffle-de-queso
https://www.lacuisinedebernard.com/souffle-de-queso/,https://staging.lacuisinedebernard.com/souffle-de-queso
https://lacuisinedebernard.com/pao-chines-cozido-a-vapor-com-cebolinho,https://staging.lacuisinedebernard.com/pao-chines-cozido-a-vapor-com-cebolinho
https://lacuisinedebernard.com/pao-chines-cozido-a-vapor-com-cebolinho/,https://staging.lacuisinedebernard.com/pao-chines-cozido-a-vapor-com-cebolinho
https://www.lacuisinedebernard.com/pao-chines-cozido-a-vapor-com-cebolinho,https://staging.lacuisinedebernard.com/pao-chines-cozido-a-vapor-com-cebolinho
https://www.lacuisinedebernard.com/pao-chines-cozido-a-vapor-com-cebolinho/,https://staging.lacuisinedebernard.com/pao-chines-cozido-a-vapor-com-cebolinho
https://lacuisinedebernard.com/gambas-calientes-expres,https://staging.lacuisinedebernard.com/gambas-calientes-expres
https://lacuisinedebernard.com/gambas-calientes-expres/,https://staging.lacuisinedebernard.com/gambas-calientes-expres
https://www.lacuisinedebernard.com/gambas-calientes-expres,https://staging.lacuisinedebernard.com/gambas-calientes-expres
https://www.lacuisinedebernard.com/gambas-calientes-expres/,https://staging.lacuisinedebernard.com/gambas-calientes-expres
https://lacuisinedebernard.com/croque-olympe,https://staging.lacuisinedebernard.com/croque-olympe
https://lacuisinedebernard.com/croque-olympe/,https://staging.lacuisinedebernard.com/croque-olympe
https://www.lacuisinedebernard.com/croque-olympe,https://staging.lacuisinedebernard.com/croque-olympe
https://www.lacuisinedebernard.com/croque-olympe/,https://staging.lacuisinedebernard.com/croque-olympe
https://lacuisinedebernard.com/%d9%81%d8%b7%d8%a7%d8%a6%d8%b1-%d9%81%d9%88%d8%a7-%d8%ac%d8%b1%d8%a7-%d8%b1%d8%a7%d9%81%d9%8a%d9%88%d9%84%d9%8a-%d9%88%d8%a7%d9%84%d8%b9%d8%b3%d9%84-%d9%88%d9%83%d8%b1%d9%8a%d9%85-%d8%a7%d9%84%d9%83,https://staging.lacuisinedebernard.com/%d9%81%d8%b7%d8%a7%d8%a6%d8%b1-%d9%81%d9%88%d8%a7-%d8%ac%d8%b1%d8%a7-%d8%b1%d8%a7%d9%81%d9%8a%d9%88%d9%84%d9%8a-%d9%88%d8%a7%d9%84%d8%b9%d8%b3%d9%84-%d9%88%d9%83%d8%b1%d9%8a%d9%85-%d8%a7%d9%84%d9%83
https://lacuisinedebernard.com/%d9%81%d8%b7%d8%a7%d8%a6%d8%b1-%d9%81%d9%88%d8%a7-%d8%ac%d8%b1%d8%a7-%d8%b1%d8%a7%d9%81%d9%8a%d9%88%d9%84%d9%8a-%d9%88%d8%a7%d9%84%d8%b9%d8%b3%d9%84-%d9%88%d9%83%d8%b1%d9%8a%d9%85-%d8%a7%d9%84%d9%83/,https://staging.lacuisinedebernard.com/%d9%81%d8%b7%d8%a7%d8%a6%d8%b1-%d9%81%d9%88%d8%a7-%d8%ac%d8%b1%d8%a7-%d8%b1%d8%a7%d9%81%d9%8a%d9%88%d9%84%d9%8a-%d9%88%d8%a7%d9%84%d8%b9%d8%b3%d9%84-%d9%88%d9%83%d8%b1%d9%8a%d9%85-%d8%a7%d9%84%d9%83
https://www.lacuisinedebernard.com/%d9%81%d8%b7%d8%a7%d8%a6%d8%b1-%d9%81%d9%88%d8%a7-%d8%ac%d8%b1%d8%a7-%d8%b1%d8%a7%d9%81%d9%8a%d9%88%d9%84%d9%8a-%d9%88%d8%a7%d9%84%d8%b9%d8%b3%d9%84-%d9%88%d9%83%d8%b1%d9%8a%d9%85-%d8%a7%d9%84%d9%83,https://staging.lacuisinedebernard.com/%d9%81%d8%b7%d8%a7%d8%a6%d8%b1-%d9%81%d9%88%d8%a7-%d8%ac%d8%b1%d8%a7-%d8%b1%d8%a7%d9%81%d9%8a%d9%88%d9%84%d9%8a-%d9%88%d8%a7%d9%84%d8%b9%d8%b3%d9%84-%d9%88%d9%83%d8%b1%d9%8a%d9%85-%d8%a7%d9%84%d9%83
https://www.lacuisinedebernard.com/%d9%81%d8%b7%d8%a7%d8%a6%d8%b1-%d9%81%d9%88%d8%a7-%d8%ac%d8%b1%d8%a7-%d8%b1%d8%a7%d9%81%d9%8a%d9%88%d9%84%d9%8a-%d9%88%d8%a7%d9%84%d8%b9%d8%b3%d9%84-%d9%88%d9%83%d8%b1%d9%8a%d9%85-%d8%a7%d9%84%d9%83/,https://staging.lacuisinedebernard.com/%d9%81%d8%b7%d8%a7%d8%a6%d8%b1-%d9%81%d9%88%d8%a7-%d8%ac%d8%b1%d8%a7-%d8%b1%d8%a7%d9%81%d9%8a%d9%88%d9%84%d9%8a-%d9%88%d8%a7%d9%84%d8%b9%d8%b3%d9%84-%d9%88%d9%83%d8%b1%d9%8a%d9%85-%d8%a7%d9%84%d9%83
https://lacuisinedebernard.com/swiss-fondue,https://staging.lacuisinedebernard.com/swiss-fondue
https://lacuisinedebernard.com/swiss-fondue/,https://staging.lacuisinedebernard.com/swiss-fondue
https://www.lacuisinedebernard.com/swiss-fondue,https://staging.lacuisinedebernard.com/swiss-fondue
https://www.lacuisinedebernard.com/swiss-fondue/,https://staging.lacuisinedebernard.com/swiss-fondue
https://lacuisinedebernard.com/risotto-basilico-de-tomate,https://staging.lacuisinedebernard.com/risotto-basilico-de-tomate
https://lacuisinedebernard.com/risotto-basilico-de-tomate/,https://staging.lacuisinedebernard.com/risotto-basilico-de-tomate
https://www.lacuisinedebernard.com/risotto-basilico-de-tomate,https://staging.lacuisinedebernard.com/risotto-basilico-de-tomate
https://www.lacuisinedebernard.com/risotto-basilico-de-tomate/,https://staging.lacuisinedebernard.com/risotto-basilico-de-tomate
https://lacuisinedebernard.com/%d9%83%d8%b1%d9%88%d9%83-%d8%a3%d9%88%d9%84%d9%8a%d9%85%d8%a8,https://staging.lacuisinedebernard.com/%d9%83%d8%b1%d9%88%d9%83-%d8%a3%d9%88%d9%84%d9%8a%d9%85%d8%a8
https://lacuisinedebernard.com/%d9%83%d8%b1%d9%88%d9%83-%d8%a3%d9%88%d9%84%d9%8a%d9%85%d8%a8/,https://staging.lacuisinedebernard.com/%d9%83%d8%b1%d9%88%d9%83-%d8%a3%d9%88%d9%84%d9%8a%d9%85%d8%a8
https://www.lacuisinedebernard.com/%d9%83%d8%b1%d9%88%d9%83-%d8%a3%d9%88%d9%84%d9%8a%d9%85%d8%a8,https://staging.lacuisinedebernard.com/%d9%83%d8%b1%d9%88%d9%83-%d8%a3%d9%88%d9%84%d9%8a%d9%85%d8%a8
https://www.lacuisinedebernard.com/%d9%83%d8%b1%d9%88%d9%83-%d8%a3%d9%88%d9%84%d9%8a%d9%85%d8%a8/,https://staging.lacuisinedebernard.com/%d9%83%d8%b1%d9%88%d9%83-%d8%a3%d9%88%d9%84%d9%8a%d9%85%d8%a8
https://lacuisinedebernard.com/camarao-quente-expresso,https://staging.lacuisinedebernard.com/camarao-quente-expresso
https://lacuisinedebernard.com/camarao-quente-expresso/,https://staging.lacuisinedebernard.com/camarao-quente-expresso
https://www.lacuisinedebernard.com/camarao-quente-expresso,https://staging.lacuisinedebernard.com/camarao-quente-expresso
https://www.lacuisinedebernard.com/camarao-quente-expresso/,https://staging.lacuisinedebernard.com/camarao-quente-expresso
https://lacuisinedebernard.com/gougeres-de-queso,https://staging.lacuisinedebernard.com/gougeres-de-queso
https://lacuisinedebernard.com/gougeres-de-queso/,https://staging.lacuisinedebernard.com/gougeres-de-queso
https://www.lacuisinedebernard.com/gougeres-de-queso,https://staging.lacuisinedebernard.com/gougeres-de-queso
https://www.lacuisinedebernard.com/gougeres-de-queso/,https://staging.lacuisinedebernard.com/gougeres-de-queso
https://lacuisinedebernard.com/feira-brasileira-de-pasteis,https://staging.lacuisinedebernard.com/feira-brasileira-de-pasteis
https://lacuisinedebernard.com/feira-brasileira-de-pasteis/,https://staging.lacuisinedebernard.com/feira-brasileira-de-pasteis
https://www.lacuisinedebernard.com/feira-brasileira-de-pasteis,https://staging.lacuisinedebernard.com/feira-brasileira-de-pasteis
https://www.lacuisinedebernard.com/feira-brasileira-de-pasteis/,https://staging.lacuisinedebernard.com/feira-brasileira-de-pasteis
https://lacuisinedebernard.com/risotto-tomato-basil,https://staging.lacuisinedebernard.com/risotto-tomato-basil
https://lacuisinedebernard.com/risotto-tomato-basil/,https://staging.lacuisinedebernard.com/risotto-tomato-basil
https://www.lacuisinedebernard.com/risotto-tomato-basil,https://staging.lacuisinedebernard.com/risotto-tomato-basil
https://www.lacuisinedebernard.com/risotto-tomato-basil/,https://staging.lacuisinedebernard.com/risotto-tomato-basil
https://lacuisinedebernard.com/pasta-de-otono-con-setas-y-pechuga-de-pato,https://staging.lacuisinedebernard.com/pasta-de-otono-con-setas-y-pechuga-de-pato
https://lacuisinedebernard.com/pasta-de-otono-con-setas-y-pechuga-de-pato/,https://staging.lacuisinedebernard.com/pasta-de-otono-con-setas-y-pechuga-de-pato
https://www.lacuisinedebernard.com/pasta-de-otono-con-setas-y-pechuga-de-pato,https://staging.lacuisinedebernard.com/pasta-de-otono-con-setas-y-pechuga-de-pato
https://www.lacuisinedebernard.com/pasta-de-otono-con-setas-y-pechuga-de-pato/,https://staging.lacuisinedebernard.com/pasta-de-otono-con-setas-y-pechuga-de-pato
https://lacuisinedebernard.com/%d8%b7%d9%85%d8%a7%d8%b7%d9%85-%d8%a8%d8%a7%d8%b3%d9%84-%d8%b1%d9%8a%d8%b2%d9%88%d8%aa%d9%88,https://staging.lacuisinedebernard.com/%d8%b7%d9%85%d8%a7%d8%b7%d9%85-%d8%a8%d8%a7%d8%b3%d9%84-%d8%b1%d9%8a%d8%b2%d9%88%d8%aa%d9%88
https://lacuisinedebernard.com/%d8%b7%d9%85%d8%a7%d8%b7%d9%85-%d8%a8%d8%a7%d8%b3%d9%84-%d8%b1%d9%8a%d8%b2%d9%88%d8%aa%d9%88/,https://staging.lacuisinedebernard.com/%d8%b7%d9%85%d8%a7%d8%b7%d9%85-%d8%a8%d8%a7%d8%b3%d9%84-%d8%b1%d9%8a%d8%b2%d9%88%d8%aa%d9%88
https://www.lacuisinedebernard.com/%d8%b7%d9%85%d8%a7%d8%b7%d9%85-%d8%a8%d8%a7%d8%b3%d9%84-%d8%b1%d9%8a%d8%b2%d9%88%d8%aa%d9%88,https://staging.lacuisinedebernard.com/%d8%b7%d9%85%d8%a7%d8%b7%d9%85-%d8%a8%d8%a7%d8%b3%d9%84-%d8%b1%d9%8a%d8%b2%d9%88%d8%aa%d9%88
https://www.lacuisinedebernard.com/%d8%b7%d9%85%d8%a7%d8%b7%d9%85-%d8%a8%d8%a7%d8%b3%d9%84-%d8%b1%d9%8a%d8%b2%d9%88%d8%aa%d9%88/,https://staging.lacuisinedebernard.com/%d8%b7%d9%85%d8%a7%d8%b7%d9%85-%d8%a8%d8%a7%d8%b3%d9%84-%d8%b1%d9%8a%d8%b2%d9%88%d8%aa%d9%88
https://lacuisinedebernard.com/express-spicy-shrimp,https://staging.lacuisinedebernard.com/express-spicy-shrimp
https://lacuisinedebernard.com/express-spicy-shrimp/,https://staging.lacuisinedebernard.com/express-spicy-shrimp
https://www.lacuisinedebernard.com/express-spicy-shrimp,https://staging.lacuisinedebernard.com/express-spicy-shrimp
https://www.lacuisinedebernard.com/express-spicy-shrimp/,https://staging.lacuisinedebernard.com/express-spicy-shrimp
https://lacuisinedebernard.com/raviolis-de-foie-gras-con-miel-y-crema-de-trufa,https://staging.lacuisinedebernard.com/raviolis-de-foie-gras-con-miel-y-crema-de-trufa
https://lacuisinedebernard.com/raviolis-de-foie-gras-con-miel-y-crema-de-trufa/,https://staging.lacuisinedebernard.com/raviolis-de-foie-gras-con-miel-y-crema-de-trufa
https://www.lacuisinedebernard.com/raviolis-de-foie-gras-con-miel-y-crema-de-trufa,https://staging.lacuisinedebernard.com/raviolis-de-foie-gras-con-miel-y-crema-de-trufa
https://www.lacuisinedebernard.com/raviolis-de-foie-gras-con-miel-y-crema-de-trufa/,https://staging.lacuisinedebernard.com/raviolis-de-foie-gras-con-miel-y-crema-de-trufa
https://lacuisinedebernard.com/pechuga-de-pato-con-mango,https://staging.lacuisinedebernard.com/pechuga-de-pato-con-mango
https://lacuisinedebernard.com/pechuga-de-pato-con-mango/,https://staging.lacuisinedebernard.com/pechuga-de-pato-con-mango
https://www.lacuisinedebernard.com/pechuga-de-pato-con-mango,https://staging.lacuisinedebernard.com/pechuga-de-pato-con-mango
https://www.lacuisinedebernard.com/pechuga-de-pato-con-mango/,https://staging.lacuisinedebernard.com/pechuga-de-pato-con-mango
https://lacuisinedebernard.com/gougeres-de-queijo,https://staging.lacuisinedebernard.com/gougeres-de-queijo
https://lacuisinedebernard.com/gougeres-de-queijo/,https://staging.lacuisinedebernard.com/gougeres-de-queijo
https://www.lacuisinedebernard.com/gougeres-de-queijo,https://staging.lacuisinedebernard.com/gougeres-de-queijo
https://www.lacuisinedebernard.com/gougeres-de-queijo/,https://staging.lacuisinedebernard.com/gougeres-de-queijo
https://lacuisinedebernard.com/massa-de-outono-com-cogumelos-e-peito-de-pato,https://staging.lacuisinedebernard.com/massa-de-outono-com-cogumelos-e-peito-de-pato
https://lacuisinedebernard.com/massa-de-outono-com-cogumelos-e-peito-de-pato/,https://staging.lacuisinedebernard.com/massa-de-outono-com-cogumelos-e-peito-de-pato
https://www.lacuisinedebernard.com/massa-de-outono-com-cogumelos-e-peito-de-pato,https://staging.lacuisinedebernard.com/massa-de-outono-com-cogumelos-e-peito-de-pato
https://www.lacuisinedebernard.com/massa-de-outono-com-cogumelos-e-peito-de-pato/,https://staging.lacuisinedebernard.com/massa-de-outono-com-cogumelos-e-peito-de-pato
https://lacuisinedebernard.com/foie-gras-ravioli-com-mel-e-creme-de-trufa,https://staging.lacuisinedebernard.com/foie-gras-ravioli-com-mel-e-creme-de-trufa
https://lacuisinedebernard.com/foie-gras-ravioli-com-mel-e-creme-de-trufa/,https://staging.lacuisinedebernard.com/foie-gras-ravioli-com-mel-e-creme-de-trufa
https://www.lacuisinedebernard.com/foie-gras-ravioli-com-mel-e-creme-de-trufa,https://staging.lacuisinedebernard.com/foie-gras-ravioli-com-mel-e-creme-de-trufa
https://www.lacuisinedebernard.com/foie-gras-ravioli-com-mel-e-creme-de-trufa/,https://staging.lacuisinedebernard.com/foie-gras-ravioli-com-mel-e-creme-de-trufa
https://lacuisinedebernard.com/%d8%b5%d8%af%d8%b1-%d8%a7%d9%84%d8%a8%d8%b7-%d9%85%d8%b9-%d8%a7%d9%84%d9%85%d8%a7%d9%86%d8%ac%d9%88,https://staging.lacuisinedebernard.com/%d8%b5%d8%af%d8%b1-%d8%a7%d9%84%d8%a8%d8%b7-%d9%85%d8%b9-%d8%a7%d9%84%d9%85%d8%a7%d9%86%d8%ac%d9%88
https://lacuisinedebernard.com/%d8%b5%d8%af%d8%b1-%d8%a7%d9%84%d8%a8%d8%b7-%d9%85%d8%b9-%d8%a7%d9%84%d9%85%d8%a7%d9%86%d8%ac%d9%88/,https://staging.lacuisinedebernard.com/%d8%b5%d8%af%d8%b1-%d8%a7%d9%84%d8%a8%d8%b7-%d9%85%d8%b9-%d8%a7%d9%84%d9%85%d8%a7%d9%86%d8%ac%d9%88
https://www.lacuisinedebernard.com/%d8%b5%d8%af%d8%b1-%d8%a7%d9%84%d8%a8%d8%b7-%d9%85%d8%b9-%d8%a7%d9%84%d9%85%d8%a7%d9%86%d8%ac%d9%88,https://staging.lacuisinedebernard.com/%d8%b5%d8%af%d8%b1-%d8%a7%d9%84%d8%a8%d8%b7-%d9%85%d8%b9-%d8%a7%d9%84%d9%85%d8%a7%d9%86%d8%ac%d9%88
https://www.lacuisinedebernard.com/%d8%b5%d8%af%d8%b1-%d8%a7%d9%84%d8%a8%d8%b7-%d9%85%d8%b9-%d8%a7%d9%84%d9%85%d8%a7%d9%86%d8%ac%d9%88/,https://staging.lacuisinedebernard.com/%d8%b5%d8%af%d8%b1-%d8%a7%d9%84%d8%a8%d8%b7-%d9%85%d8%b9-%d8%a7%d9%84%d9%85%d8%a7%d9%86%d8%ac%d9%88
https://lacuisinedebernard.com/cheese-gougeres,https://staging.lacuisinedebernard.com/cheese-gougeres
https://lacuisinedebernard.com/cheese-gougeres/,https://staging.lacuisinedebernard.com/cheese-gougeres
https://www.lacuisinedebernard.com/cheese-gougeres,https://staging.lacuisinedebernard.com/cheese-gougeres
https://www.lacuisinedebernard.com/cheese-gougeres/,https://staging.lacuisinedebernard.com/cheese-gougeres
https://lacuisinedebernard.com/%d8%b1%d9%88%d8%a8%d9%8a%d8%a7%d9%86-%d8%ad%d8%a7%d8%b1-%d8%a7%d9%83%d8%b3%d8%a8%d8%b1%d9%8a%d8%b3,https://staging.lacuisinedebernard.com/%d8%b1%d9%88%d8%a8%d9%8a%d8%a7%d9%86-%d8%ad%d8%a7%d8%b1-%d8%a7%d9%83%d8%b3%d8%a8%d8%b1%d9%8a%d8%b3
https://lacuisinedebernard.com/%d8%b1%d9%88%d8%a8%d9%8a%d8%a7%d9%86-%d8%ad%d8%a7%d8%b1-%d8%a7%d9%83%d8%b3%d8%a8%d8%b1%d9%8a%d8%b3/,https://staging.lacuisinedebernard.com/%d8%b1%d9%88%d8%a8%d9%8a%d8%a7%d9%86-%d8%ad%d8%a7%d8%b1-%d8%a7%d9%83%d8%b3%d8%a8%d8%b1%d9%8a%d8%b3
https://www.lacuisinedebernard.com/%d8%b1%d9%88%d8%a8%d9%8a%d8%a7%d9%86-%d8%ad%d8%a7%d8%b1-%d8%a7%d9%83%d8%b3%d8%a8%d8%b1%d9%8a%d8%b3,https://staging.lacuisinedebernard.com/%d8%b1%d9%88%d8%a8%d9%8a%d8%a7%d9%86-%d8%ad%d8%a7%d8%b1-%d8%a7%d9%83%d8%b3%d8%a8%d8%b1%d9%8a%d8%b3
https://www.lacuisinedebernard.com/%d8%b1%d9%88%d8%a8%d9%8a%d8%a7%d9%86-%d8%ad%d8%a7%d8%b1-%d8%a7%d9%83%d8%b3%d8%a8%d8%b1%d9%8a%d8%b3/,https://staging.lacuisinedebernard.com/%d8%b1%d9%88%d8%a8%d9%8a%d8%a7%d9%86-%d8%ad%d8%a7%d8%b1-%d8%a7%d9%83%d8%b3%d8%a8%d8%b1%d9%8a%d8%b3
https://lacuisinedebernard.com/autumn-pasta-with-mushrooms-and-duck-breast,https://staging.lacuisinedebernard.com/autumn-pasta-with-mushrooms-and-duck-breast
https://lacuisinedebernard.com/autumn-pasta-with-mushrooms-and-duck-breast/,https://staging.lacuisinedebernard.com/autumn-pasta-with-mushrooms-and-duck-breast
https://www.lacuisinedebernard.com/autumn-pasta-with-mushrooms-and-duck-breast,https://staging.lacuisinedebernard.com/autumn-pasta-with-mushrooms-and-duck-breast
https://www.lacuisinedebernard.com/autumn-pasta-with-mushrooms-and-duck-breast/,https://staging.lacuisinedebernard.com/autumn-pasta-with-mushrooms-and-duck-breast
https://lacuisinedebernard.com/cheese-souffle,https://staging.lacuisinedebernard.com/cheese-souffle
https://lacuisinedebernard.com/cheese-souffle/,https://staging.lacuisinedebernard.com/cheese-souffle
https://www.lacuisinedebernard.com/cheese-souffle,https://staging.lacuisinedebernard.com/cheese-souffle
https://www.lacuisinedebernard.com/cheese-souffle/,https://staging.lacuisinedebernard.com/cheese-souffle
https://lacuisinedebernard.com/%d9%85%d8%ad%d8%b4%d9%8a-%d8%a7%d9%84%d8%aa%d9%88%d9%86%d8%a9-%d8%a8%d9%8a%d9%83%d9%88%d9%8a%d9%84%d9%88%d8%b3,https://staging.lacuisinedebernard.com/%d9%85%d8%ad%d8%b4%d9%8a-%d8%a7%d9%84%d8%aa%d9%88%d9%86%d8%a9-%d8%a8%d9%8a%d9%83%d9%88%d9%8a%d9%84%d9%88%d8%b3
https://lacuisinedebernard.com/%d9%85%d8%ad%d8%b4%d9%8a-%d8%a7%d9%84%d8%aa%d9%88%d9%86%d8%a9-%d8%a8%d9%8a%d9%83%d9%88%d9%8a%d9%84%d9%88%d8%b3/,https://staging.lacuisinedebernard.com/%d9%85%d8%ad%d8%b4%d9%8a-%d8%a7%d9%84%d8%aa%d9%88%d9%86%d8%a9-%d8%a8%d9%8a%d9%83%d9%88%d9%8a%d9%84%d9%88%d8%b3
https://www.lacuisinedebernard.com/%d9%85%d8%ad%d8%b4%d9%8a-%d8%a7%d9%84%d8%aa%d9%88%d9%86%d8%a9-%d8%a8%d9%8a%d9%83%d9%88%d9%8a%d9%84%d9%88%d8%b3,https://staging.lacuisinedebernard.com/%d9%85%d8%ad%d8%b4%d9%8a-%d8%a7%d9%84%d8%aa%d9%88%d9%86%d8%a9-%d8%a8%d9%8a%d9%83%d9%88%d9%8a%d9%84%d9%88%d8%b3
https://www.lacuisinedebernard.com/%d9%85%d8%ad%d8%b4%d9%8a-%d8%a7%d9%84%d8%aa%d9%88%d9%86%d8%a9-%d8%a8%d9%8a%d9%83%d9%88%d9%8a%d9%84%d9%88%d8%b3/,https://staging.lacuisinedebernard.com/%d9%85%d8%ad%d8%b4%d9%8a-%d8%a7%d9%84%d8%aa%d9%88%d9%86%d8%a9-%d8%a8%d9%8a%d9%83%d9%88%d9%8a%d9%84%d9%88%d8%b3
https://lacuisinedebernard.com/%d9%83%d9%88%d8%ac%d9%8a%d8%b1-%d8%a8%d8%a7%d9%84%d8%ac%d8%a8%d9%86,https://staging.lacuisinedebernard.com/%d9%83%d9%88%d8%ac%d9%8a%d8%b1-%d8%a8%d8%a7%d9%84%d8%ac%d8%a8%d9%86
https://lacuisinedebernard.com/%d9%83%d9%88%d8%ac%d9%8a%d8%b1-%d8%a8%d8%a7%d9%84%d8%ac%d8%a8%d9%86/,https://staging.lacuisinedebernard.com/%d9%83%d9%88%d8%ac%d9%8a%d8%b1-%d8%a8%d8%a7%d9%84%d8%ac%d8%a8%d9%86
https://www.lacuisinedebernard.com/%d9%83%d9%88%d8%ac%d9%8a%d8%b1-%d8%a8%d8%a7%d9%84%d8%ac%d8%a8%d9%86,https://staging.lacuisinedebernard.com/%d9%83%d9%88%d8%ac%d9%8a%d8%b1-%d8%a8%d8%a7%d9%84%d8%ac%d8%a8%d9%86
https://www.lacuisinedebernard.com/%d9%83%d9%88%d8%ac%d9%8a%d8%b1-%d8%a8%d8%a7%d9%84%d8%ac%d8%a8%d9%86/,https://staging.lacuisinedebernard.com/%d9%83%d9%88%d8%ac%d9%8a%d8%b1-%d8%a8%d8%a7%d9%84%d8%ac%d8%a8%d9%86
https://lacuisinedebernard.com/risotto-de-tomate-y-albahaca,https://staging.lacuisinedebernard.com/risotto-de-tomate-y-albahaca
https://lacuisinedebernard.com/risotto-de-tomate-y-albahaca/,https://staging.lacuisinedebernard.com/risotto-de-tomate-y-albahaca
https://www.lacuisinedebernard.com/risotto-de-tomate-y-albahaca,https://staging.lacuisinedebernard.com/risotto-de-tomate-y-albahaca
https://www.lacuisinedebernard.com/risotto-de-tomate-y-albahaca/,https://staging.lacuisinedebernard.com/risotto-de-tomate-y-albahaca
https://lacuisinedebernard.com/%d8%a7%d9%84%d8%ae%d8%b1%d9%8a%d9%81-%d8%a8%d8%a7%d8%b3%d8%aa%d8%a7-%d9%85%d8%b9-%d8%a7%d9%84%d9%81%d8%b7%d8%b1-%d9%88%d8%b5%d8%af%d8%b1-%d8%a7%d9%84%d8%a8%d8%b7,https://staging.lacuisinedebernard.com/%d8%a7%d9%84%d8%ae%d8%b1%d9%8a%d9%81-%d8%a8%d8%a7%d8%b3%d8%aa%d8%a7-%d9%85%d8%b9-%d8%a7%d9%84%d9%81%d8%b7%d8%b1-%d9%88%d8%b5%d8%af%d8%b1-%d8%a7%d9%84%d8%a8%d8%b7
https://lacuisinedebernard.com/%d8%a7%d9%84%d8%ae%d8%b1%d9%8a%d9%81-%d8%a8%d8%a7%d8%b3%d8%aa%d8%a7-%d9%85%d8%b9-%d8%a7%d9%84%d9%81%d8%b7%d8%b1-%d9%88%d8%b5%d8%af%d8%b1-%d8%a7%d9%84%d8%a8%d8%b7/,https://staging.lacuisinedebernard.com/%d8%a7%d9%84%d8%ae%d8%b1%d9%8a%d9%81-%d8%a8%d8%a7%d8%b3%d8%aa%d8%a7-%d9%85%d8%b9-%d8%a7%d9%84%d9%81%d8%b7%d8%b1-%d9%88%d8%b5%d8%af%d8%b1-%d8%a7%d9%84%d8%a8%d8%b7
https://www.lacuisinedebernard.com/%d8%a7%d9%84%d8%ae%d8%b1%d9%8a%d9%81-%d8%a8%d8%a7%d8%b3%d8%aa%d8%a7-%d9%85%d8%b9-%d8%a7%d9%84%d9%81%d8%b7%d8%b1-%d9%88%d8%b5%d8%af%d8%b1-%d8%a7%d9%84%d8%a8%d8%b7,https://staging.lacuisinedebernard.com/%d8%a7%d9%84%d8%ae%d8%b1%d9%8a%d9%81-%d8%a8%d8%a7%d8%b3%d8%aa%d8%a7-%d9%85%d8%b9-%d8%a7%d9%84%d9%81%d8%b7%d8%b1-%d9%88%d8%b5%d8%af%d8%b1-%d8%a7%d9%84%d8%a8%d8%b7
https://www.lacuisinedebernard.com/%d8%a7%d9%84%d8%ae%d8%b1%d9%8a%d9%81-%d8%a8%d8%a7%d8%b3%d8%aa%d8%a7-%d9%85%d8%b9-%d8%a7%d9%84%d9%81%d8%b7%d8%b1-%d9%88%d8%b5%d8%af%d8%b1-%d8%a7%d9%84%d8%a8%d8%b7/,https://staging.lacuisinedebernard.com/%d8%a7%d9%84%d8%ae%d8%b1%d9%8a%d9%81-%d8%a8%d8%a7%d8%b3%d8%aa%d8%a7-%d9%85%d8%b9-%d8%a7%d9%84%d9%81%d8%b7%d8%b1-%d9%88%d8%b5%d8%af%d8%b1-%d8%a7%d9%84%d8%a8%d8%b7
https://lacuisinedebernard.com/foie-gras-ravioli-with-honey-and-truffle-cream,https://staging.lacuisinedebernard.com/foie-gras-ravioli-with-honey-and-truffle-cream
https://lacuisinedebernard.com/foie-gras-ravioli-with-honey-and-truffle-cream/,https://staging.lacuisinedebernard.com/foie-gras-ravioli-with-honey-and-truffle-cream
https://www.lacuisinedebernard.com/foie-gras-ravioli-with-honey-and-truffle-cream,https://staging.lacuisinedebernard.com/foie-gras-ravioli-with-honey-and-truffle-cream
https://www.lacuisinedebernard.com/foie-gras-ravioli-with-honey-and-truffle-cream/,https://staging.lacuisinedebernard.com/foie-gras-ravioli-with-honey-and-truffle-cream
https://lacuisinedebernard.com/manzanas-darphin,https://staging.lacuisinedebernard.com/manzanas-darphin
https://lacuisinedebernard.com/manzanas-darphin/,https://staging.lacuisinedebernard.com/manzanas-darphin
https://www.lacuisinedebernard.com/manzanas-darphin,https://staging.lacuisinedebernard.com/manzanas-darphin
https://www.lacuisinedebernard.com/manzanas-darphin/,https://staging.lacuisinedebernard.com/manzanas-darphin
https://lacuisinedebernard.com/baba-ganoush,https://staging.lacuisinedebernard.com/baba-ganoush
https://lacuisinedebernard.com/baba-ganoush/,https://staging.lacuisinedebernard.com/baba-ganoush
https://www.lacuisinedebernard.com/baba-ganoush,https://staging.lacuisinedebernard.com/baba-ganoush
https://www.lacuisinedebernard.com/baba-ganoush/,https://staging.lacuisinedebernard.com/baba-ganoush
https://lacuisinedebernard.com/macarroes-com-foie-gras,https://staging.lacuisinedebernard.com/macarroes-com-foie-gras
https://lacuisinedebernard.com/macarroes-com-foie-gras/,https://staging.lacuisinedebernard.com/macarroes-com-foie-gras
https://www.lacuisinedebernard.com/macarroes-com-foie-gras,https://staging.lacuisinedebernard.com/macarroes-com-foie-gras
https://www.lacuisinedebernard.com/macarroes-com-foie-gras/,https://staging.lacuisinedebernard.com/macarroes-com-foie-gras
https://lacuisinedebernard.com/%d8%a8%d8%b1%d9%88%d8%b4%d9%8a%d8%aa%d8%a7-%d8%a7%d9%84%d8%b3%d8%b1%d8%af%d9%8a%d9%86-%d9%88%d8%a7%d9%84%d8%b7%d9%85%d8%a7%d8%b7%d9%85-%d8%a8%d8%a7%d9%84%d8%ab%d9%88%d9%85,https://staging.lacuisinedebernard.com/%d8%a8%d8%b1%d9%88%d8%b4%d9%8a%d8%aa%d8%a7-%d8%a7%d9%84%d8%b3%d8%b1%d8%af%d9%8a%d9%86-%d9%88%d8%a7%d9%84%d8%b7%d9%85%d8%a7%d8%b7%d9%85-%d8%a8%d8%a7%d9%84%d8%ab%d9%88%d9%85
https://lacuisinedebernard.com/%d8%a8%d8%b1%d9%88%d8%b4%d9%8a%d8%aa%d8%a7-%d8%a7%d9%84%d8%b3%d8%b1%d8%af%d9%8a%d9%86-%d9%88%d8%a7%d9%84%d8%b7%d9%85%d8%a7%d8%b7%d9%85-%d8%a8%d8%a7%d9%84%d8%ab%d9%88%d9%85/,https://staging.lacuisinedebernard.com/%d8%a8%d8%b1%d9%88%d8%b4%d9%8a%d8%aa%d8%a7-%d8%a7%d9%84%d8%b3%d8%b1%d8%af%d9%8a%d9%86-%d9%88%d8%a7%d9%84%d8%b7%d9%85%d8%a7%d8%b7%d9%85-%d8%a8%d8%a7%d9%84%d8%ab%d9%88%d9%85
https://www.lacuisinedebernard.com/%d8%a8%d8%b1%d9%88%d8%b4%d9%8a%d8%aa%d8%a7-%d8%a7%d9%84%d8%b3%d8%b1%d8%af%d9%8a%d9%86-%d9%88%d8%a7%d9%84%d8%b7%d9%85%d8%a7%d8%b7%d9%85-%d8%a8%d8%a7%d9%84%d8%ab%d9%88%d9%85,https://staging.lacuisinedebernard.com/%d8%a8%d8%b1%d9%88%d8%b4%d9%8a%d8%aa%d8%a7-%d8%a7%d9%84%d8%b3%d8%b1%d8%af%d9%8a%d9%86-%d9%88%d8%a7%d9%84%d8%b7%d9%85%d8%a7%d8%b7%d9%85-%d8%a8%d8%a7%d9%84%d8%ab%d9%88%d9%85
https://www.lacuisinedebernard.com/%d8%a8%d8%b1%d9%88%d8%b4%d9%8a%d8%aa%d8%a7-%d8%a7%d9%84%d8%b3%d8%b1%d8%af%d9%8a%d9%86-%d9%88%d8%a7%d9%84%d8%b7%d9%85%d8%a7%d8%b7%d9%85-%d8%a8%d8%a7%d9%84%d8%ab%d9%88%d9%85/,https://staging.lacuisinedebernard.com/%d8%a8%d8%b1%d9%88%d8%b4%d9%8a%d8%aa%d8%a7-%d8%a7%d9%84%d8%b3%d8%b1%d8%af%d9%8a%d9%86-%d9%88%d8%a7%d9%84%d8%b7%d9%85%d8%a7%d8%b7%d9%85-%d8%a8%d8%a7%d9%84%d8%ab%d9%88%d9%85
https://lacuisinedebernard.com/feijoada-a-brasileira,https://staging.lacuisinedebernard.com/feijoada-a-brasileira
https://lacuisinedebernard.com/feijoada-a-brasileira/,https://staging.lacuisinedebernard.com/feijoada-a-brasileira
https://www.lacuisinedebernard.com/feijoada-a-brasileira,https://staging.lacuisinedebernard.com/feijoada-a-brasileira
https://www.lacuisinedebernard.com/feijoada-a-brasileira/,https://staging.lacuisinedebernard.com/feijoada-a-brasileira
https://lacuisinedebernard.com/shrimp-fritters,https://staging.lacuisinedebernard.com/shrimp-fritters
https://lacuisinedebernard.com/shrimp-fritters/,https://staging.lacuisinedebernard.com/shrimp-fritters
https://www.lacuisinedebernard.com/shrimp-fritters,https://staging.lacuisinedebernard.com/shrimp-fritters
https://www.lacuisinedebernard.com/shrimp-fritters/,https://staging.lacuisinedebernard.com/shrimp-fritters
https://lacuisinedebernard.com/%d8%b3%d9%84%d8%b7%d8%a9-%d8%a8%d8%b7%d8%a7%d8%b7%d8%b3-%d9%8a%d8%a7%d8%a8%d8%a7%d9%86%d9%8a%d8%a9,https://staging.lacuisinedebernard.com/%d8%b3%d9%84%d8%b7%d8%a9-%d8%a8%d8%b7%d8%a7%d8%b7%d8%b3-%d9%8a%d8%a7%d8%a8%d8%a7%d9%86%d9%8a%d8%a9
https://lacuisinedebernard.com/%d8%b3%d9%84%d8%b7%d8%a9-%d8%a8%d8%b7%d8%a7%d8%b7%d8%b3-%d9%8a%d8%a7%d8%a8%d8%a7%d9%86%d9%8a%d8%a9/,https://staging.lacuisinedebernard.com/%d8%b3%d9%84%d8%b7%d8%a9-%d8%a8%d8%b7%d8%a7%d8%b7%d8%b3-%d9%8a%d8%a7%d8%a8%d8%a7%d9%86%d9%8a%d8%a9
https://www.lacuisinedebernard.com/%d8%b3%d9%84%d8%b7%d8%a9-%d8%a8%d8%b7%d8%a7%d8%b7%d8%b3-%d9%8a%d8%a7%d8%a8%d8%a7%d9%86%d9%8a%d8%a9,https://staging.lacuisinedebernard.com/%d8%b3%d9%84%d8%b7%d8%a9-%d8%a8%d8%b7%d8%a7%d8%b7%d8%b3-%d9%8a%d8%a7%d8%a8%d8%a7%d9%86%d9%8a%d8%a9
https://www.lacuisinedebernard.com/%d8%b3%d9%84%d8%b7%d8%a9-%d8%a8%d8%b7%d8%a7%d8%b7%d8%b3-%d9%8a%d8%a7%d8%a8%d8%a7%d9%86%d9%8a%d8%a9/,https://staging.lacuisinedebernard.com/%d8%b3%d9%84%d8%b7%d8%a9-%d8%a8%d8%b7%d8%a7%d8%b7%d8%b3-%d9%8a%d8%a7%d8%a8%d8%a7%d9%86%d9%8a%d8%a9
https://lacuisinedebernard.com/macaroons-with-foie-gras,https://staging.lacuisinedebernard.com/macaroons-with-foie-gras
https://lacuisinedebernard.com/macaroons-with-foie-gras/,https://staging.lacuisinedebernard.com/macaroons-with-foie-gras
https://www.lacuisinedebernard.com/macaroons-with-foie-gras,https://staging.lacuisinedebernard.com/macaroons-with-foie-gras
https://www.lacuisinedebernard.com/macaroons-with-foie-gras/,https://staging.lacuisinedebernard.com/macaroons-with-foie-gras
https://lacuisinedebernard.com/macas-darphin,https://staging.lacuisinedebernard.com/macas-darphin
https://lacuisinedebernard.com/macas-darphin/,https://staging.lacuisinedebernard.com/macas-darphin
https://www.lacuisinedebernard.com/macas-darphin,https://staging.lacuisinedebernard.com/macas-darphin
https://www.lacuisinedebernard.com/macas-darphin/,https://staging.lacuisinedebernard.com/macas-darphin
https://lacuisinedebernard.com/verduras-del-sol-a-la-parrilla,https://staging.lacuisinedebernard.com/verduras-del-sol-a-la-parrilla
https://lacuisinedebernard.com/verduras-del-sol-a-la-parrilla/,https://staging.lacuisinedebernard.com/verduras-del-sol-a-la-parrilla
https://www.lacuisinedebernard.com/verduras-del-sol-a-la-parrilla,https://staging.lacuisinedebernard.com/verduras-del-sol-a-la-parrilla
https://www.lacuisinedebernard.com/verduras-del-sol-a-la-parrilla/,https://staging.lacuisinedebernard.com/verduras-del-sol-a-la-parrilla
https://lacuisinedebernard.com/%d9%81%d8%b7%d8%a7%d8%a6%d8%b1-%d8%a7%d9%84%d8%ac%d9%85%d8%a8%d8%b1%d9%8a,https://staging.lacuisinedebernard.com/%d9%81%d8%b7%d8%a7%d8%a6%d8%b1-%d8%a7%d9%84%d8%ac%d9%85%d8%a8%d8%b1%d9%8a
https://lacuisinedebernard.com/%d9%81%d8%b7%d8%a7%d8%a6%d8%b1-%d8%a7%d9%84%d8%ac%d9%85%d8%a8%d8%b1%d9%8a/,https://staging.lacuisinedebernard.com/%d9%81%d8%b7%d8%a7%d8%a6%d8%b1-%d8%a7%d9%84%d8%ac%d9%85%d8%a8%d8%b1%d9%8a
https://www.lacuisinedebernard.com/%d9%81%d8%b7%d8%a7%d8%a6%d8%b1-%d8%a7%d9%84%d8%ac%d9%85%d8%a8%d8%b1%d9%8a,https://staging.lacuisinedebernard.com/%d9%81%d8%b7%d8%a7%d8%a6%d8%b1-%d8%a7%d9%84%d8%ac%d9%85%d8%a8%d8%b1%d9%8a
https://www.lacuisinedebernard.com/%d9%81%d8%b7%d8%a7%d8%a6%d8%b1-%d8%a7%d9%84%d8%ac%d9%85%d8%a8%d8%b1%d9%8a/,https://staging.lacuisinedebernard.com/%d9%81%d8%b7%d8%a7%d8%a6%d8%b1-%d8%a7%d9%84%d8%ac%d9%85%d8%a8%d8%b1%d9%8a
https://lacuisinedebernard.com/darphin-apples,https://staging.lacuisinedebernard.com/darphin-apples
https://lacuisinedebernard.com/darphin-apples/,https://staging.lacuisinedebernard.com/darphin-apples
https://www.lacuisinedebernard.com/darphin-apples,https://staging.lacuisinedebernard.com/darphin-apples
https://www.lacuisinedebernard.com/darphin-apples/,https://staging.lacuisinedebernard.com/darphin-apples
https://lacuisinedebernard.com/%d8%a7%d9%84%d9%85%d8%a7%d9%83%d8%b1%d9%88%d9%86-%d9%85%d8%b9-%d9%81%d8%b7%d8%a7%d8%a6%d8%b1-%d9%81%d9%88%d8%a7-%d8%ac%d8%b1%d8%a7,https://staging.lacuisinedebernard.com/%d8%a7%d9%84%d9%85%d8%a7%d9%83%d8%b1%d9%88%d9%86-%d9%85%d8%b9-%d9%81%d8%b7%d8%a7%d8%a6%d8%b1-%d9%81%d9%88%d8%a7-%d8%ac%d8%b1%d8%a7
https://lacuisinedebernard.com/%d8%a7%d9%84%d9%85%d8%a7%d9%83%d8%b1%d9%88%d9%86-%d9%85%d8%b9-%d9%81%d8%b7%d8%a7%d8%a6%d8%b1-%d9%81%d9%88%d8%a7-%d8%ac%d8%b1%d8%a7/,https://staging.lacuisinedebernard.com/%d8%a7%d9%84%d9%85%d8%a7%d9%83%d8%b1%d9%88%d9%86-%d9%85%d8%b9-%d9%81%d8%b7%d8%a7%d8%a6%d8%b1-%d9%81%d9%88%d8%a7-%d8%ac%d8%b1%d8%a7
https://www.lacuisinedebernard.com/%d8%a7%d9%84%d9%85%d8%a7%d9%83%d8%b1%d9%88%d9%86-%d9%85%d8%b9-%d9%81%d8%b7%d8%a7%d8%a6%d8%b1-%d9%81%d9%88%d8%a7-%d8%ac%d8%b1%d8%a7,https://staging.lacuisinedebernard.com/%d8%a7%d9%84%d9%85%d8%a7%d9%83%d8%b1%d9%88%d9%86-%d9%85%d8%b9-%d9%81%d8%b7%d8%a7%d8%a6%d8%b1-%d9%81%d9%88%d8%a7-%d8%ac%d8%b1%d8%a7
https://www.lacuisinedebernard.com/%d8%a7%d9%84%d9%85%d8%a7%d9%83%d8%b1%d9%88%d9%86-%d9%85%d8%b9-%d9%81%d8%b7%d8%a7%d8%a6%d8%b1-%d9%81%d9%88%d8%a7-%d8%ac%d8%b1%d8%a7/,https://staging.lacuisinedebernard.com/%d8%a7%d9%84%d9%85%d8%a7%d9%83%d8%b1%d9%88%d9%86-%d9%85%d8%b9-%d9%81%d8%b7%d8%a7%d8%a6%d8%b1-%d9%81%d9%88%d8%a7-%d8%ac%d8%b1%d8%a7
https://lacuisinedebernard.com/feijoada-in-brasileira,https://staging.lacuisinedebernard.com/feijoada-in-brasileira
https://lacuisinedebernard.com/feijoada-in-brasileira/,https://staging.lacuisinedebernard.com/feijoada-in-brasileira
https://www.lacuisinedebernard.com/feijoada-in-brasileira,https://staging.lacuisinedebernard.com/feijoada-in-brasileira
https://www.lacuisinedebernard.com/feijoada-in-brasileira/,https://staging.lacuisinedebernard.com/feijoada-in-brasileira
https://lacuisinedebernard.com/vegetais-do-sol-grelhados,https://staging.lacuisinedebernard.com/vegetais-do-sol-grelhados
https://lacuisinedebernard.com/vegetais-do-sol-grelhados/,https://staging.lacuisinedebernard.com/vegetais-do-sol-grelhados
https://www.lacuisinedebernard.com/vegetais-do-sol-grelhados,https://staging.lacuisinedebernard.com/vegetais-do-sol-grelhados
https://www.lacuisinedebernard.com/vegetais-do-sol-grelhados/,https://staging.lacuisinedebernard.com/vegetais-do-sol-grelhados
https://lacuisinedebernard.com/bruschetta-de-sardinas-y-tomate-con-ajo,https://staging.lacuisinedebernard.com/bruschetta-de-sardinas-y-tomate-con-ajo
https://lacuisinedebernard.com/bruschetta-de-sardinas-y-tomate-con-ajo/,https://staging.lacuisinedebernard.com/bruschetta-de-sardinas-y-tomate-con-ajo
https://www.lacuisinedebernard.com/bruschetta-de-sardinas-y-tomate-con-ajo,https://staging.lacuisinedebernard.com/bruschetta-de-sardinas-y-tomate-con-ajo
https://www.lacuisinedebernard.com/bruschetta-de-sardinas-y-tomate-con-ajo/,https://staging.lacuisinedebernard.com/bruschetta-de-sardinas-y-tomate-con-ajo
https://lacuisinedebernard.com/empanadas-de-pino,https://staging.lacuisinedebernard.com/empanadas-de-pino
https://lacuisinedebernard.com/empanadas-de-pino/,https://staging.lacuisinedebernard.com/empanadas-de-pino
https://www.lacuisinedebernard.com/empanadas-de-pino,https://staging.lacuisinedebernard.com/empanadas-de-pino
https://www.lacuisinedebernard.com/empanadas-de-pino/,https://staging.lacuisinedebernard.com/empanadas-de-pino
https://lacuisinedebernard.com/%d8%a8%d8%a7%d8%a8%d8%a7-%d8%ba%d9%86%d9%88%d8%ac,https://staging.lacuisinedebernard.com/%d8%a8%d8%a7%d8%a8%d8%a7-%d8%ba%d9%86%d9%88%d8%ac
https://lacuisinedebernard.com/%d8%a8%d8%a7%d8%a8%d8%a7-%d8%ba%d9%86%d9%88%d8%ac/,https://staging.lacuisinedebernard.com/%d8%a8%d8%a7%d8%a8%d8%a7-%d8%ba%d9%86%d9%88%d8%ac
https://www.lacuisinedebernard.com/%d8%a8%d8%a7%d8%a8%d8%a7-%d8%ba%d9%86%d9%88%d8%ac,https://staging.lacuisinedebernard.com/%d8%a8%d8%a7%d8%a8%d8%a7-%d8%ba%d9%86%d9%88%d8%ac
https://www.lacuisinedebernard.com/%d8%a8%d8%a7%d8%a8%d8%a7-%d8%ba%d9%86%d9%88%d8%ac/,https://staging.lacuisinedebernard.com/%d8%a8%d8%a7%d8%a8%d8%a7-%d8%ba%d9%86%d9%88%d8%ac
https://lacuisinedebernard.com/%d8%a7%d9%84%d8%aa%d9%81%d8%a7%d8%ad-%d8%af%d8%a7%d8%b1%d9%81%d9%8a%d9%86,https://staging.lacuisinedebernard.com/%d8%a7%d9%84%d8%aa%d9%81%d8%a7%d8%ad-%d8%af%d8%a7%d8%b1%d9%81%d9%8a%d9%86
https://lacuisinedebernard.com/%d8%a7%d9%84%d8%aa%d9%81%d8%a7%d8%ad-%d8%af%d8%a7%d8%b1%d9%81%d9%8a%d9%86/,https://staging.lacuisinedebernard.com/%d8%a7%d9%84%d8%aa%d9%81%d8%a7%d8%ad-%d8%af%d8%a7%d8%b1%d9%81%d9%8a%d9%86
https://www.lacuisinedebernard.com/%d8%a7%d9%84%d8%aa%d9%81%d8%a7%d8%ad-%d8%af%d8%a7%d8%b1%d9%81%d9%8a%d9%86,https://staging.lacuisinedebernard.com/%d8%a7%d9%84%d8%aa%d9%81%d8%a7%d8%ad-%d8%af%d8%a7%d8%b1%d9%81%d9%8a%d9%86
https://www.lacuisinedebernard.com/%d8%a7%d9%84%d8%aa%d9%81%d8%a7%d8%ad-%d8%af%d8%a7%d8%b1%d9%81%d9%8a%d9%86/,https://staging.lacuisinedebernard.com/%d8%a7%d9%84%d8%aa%d9%81%d8%a7%d8%ad-%d8%af%d8%a7%d8%b1%d9%81%d9%8a%d9%86
https://lacuisinedebernard.com/bruschetta-de-sardinha-e-tomate-com-alho,https://staging.lacuisinedebernard.com/bruschetta-de-sardinha-e-tomate-com-alho
https://lacuisinedebernard.com/bruschetta-de-sardinha-e-tomate-com-alho/,https://staging.lacuisinedebernard.com/bruschetta-de-sardinha-e-tomate-com-alho
https://www.lacuisinedebernard.com/bruschetta-de-sardinha-e-tomate-com-alho,https://staging.lacuisinedebernard.com/bruschetta-de-sardinha-e-tomate-com-alho
https://www.lacuisinedebernard.com/bruschetta-de-sardinha-e-tomate-com-alho/,https://staging.lacuisinedebernard.com/bruschetta-de-sardinha-e-tomate-com-alho
https://lacuisinedebernard.com/grilled-vegetables-of-the-sun,https://staging.lacuisinedebernard.com/grilled-vegetables-of-the-sun
https://lacuisinedebernard.com/grilled-vegetables-of-the-sun/,https://staging.lacuisinedebernard.com/grilled-vegetables-of-the-sun
https://www.lacuisinedebernard.com/grilled-vegetables-of-the-sun,https://staging.lacuisinedebernard.com/grilled-vegetables-of-the-sun
https://www.lacuisinedebernard.com/grilled-vegetables-of-the-sun/,https://staging.lacuisinedebernard.com/grilled-vegetables-of-the-sun
https://lacuisinedebernard.com/bunuelos-de-camarones,https://staging.lacuisinedebernard.com/bunuelos-de-camarones
https://lacuisinedebernard.com/bunuelos-de-camarones/,https://staging.lacuisinedebernard.com/bunuelos-de-camarones
https://www.lacuisinedebernard.com/bunuelos-de-camarones,https://staging.lacuisinedebernard.com/bunuelos-de-camarones
https://www.lacuisinedebernard.com/bunuelos-de-camarones/,https://staging.lacuisinedebernard.com/bunuelos-de-camarones
https://lacuisinedebernard.com/%d8%ae%d8%b6%d8%a7%d8%b1-%d9%85%d8%b4%d9%88%d9%8a%d8%a9,https://staging.lacuisinedebernard.com/%d8%ae%d8%b6%d8%a7%d8%b1-%d9%85%d8%b4%d9%88%d9%8a%d8%a9
https://lacuisinedebernard.com/%d8%ae%d8%b6%d8%a7%d8%b1-%d9%85%d8%b4%d9%88%d9%8a%d8%a9/,https://staging.lacuisinedebernard.com/%d8%ae%d8%b6%d8%a7%d8%b1-%d9%85%d8%b4%d9%88%d9%8a%d8%a9
https://www.lacuisinedebernard.com/%d8%ae%d8%b6%d8%a7%d8%b1-%d9%85%d8%b4%d9%88%d9%8a%d8%a9,https://staging.lacuisinedebernard.com/%d8%ae%d8%b6%d8%a7%d8%b1-%d9%85%d8%b4%d9%88%d9%8a%d8%a9
https://www.lacuisinedebernard.com/%d8%ae%d8%b6%d8%a7%d8%b1-%d9%85%d8%b4%d9%88%d9%8a%d8%a9/,https://staging.lacuisinedebernard.com/%d8%ae%d8%b6%d8%a7%d8%b1-%d9%85%d8%b4%d9%88%d9%8a%d8%a9
https://lacuisinedebernard.com/macarrones-con-foie-gras,https://staging.lacuisinedebernard.com/macarrones-con-foie-gras
https://lacuisinedebernard.com/macarrones-con-foie-gras/,https://staging.lacuisinedebernard.com/macarrones-con-foie-gras
https://www.lacuisinedebernard.com/macarrones-con-foie-gras,https://staging.lacuisinedebernard.com/macarrones-con-foie-gras
https://www.lacuisinedebernard.com/macarrones-con-foie-gras/,https://staging.lacuisinedebernard.com/macarrones-con-foie-gras
https://lacuisinedebernard.com/fritas-de-camarao,https://staging.lacuisinedebernard.com/fritas-de-camarao
https://lacuisinedebernard.com/fritas-de-camarao/,https://staging.lacuisinedebernard.com/fritas-de-camarao
https://www.lacuisinedebernard.com/fritas-de-camarao,https://staging.lacuisinedebernard.com/fritas-de-camarao
https://www.lacuisinedebernard.com/fritas-de-camarao/,https://staging.lacuisinedebernard.com/fritas-de-camarao
https://lacuisinedebernard.com/sardines-and-tomatoes-bruschetta-with-garlic,https://staging.lacuisinedebernard.com/sardines-and-tomatoes-bruschetta-with-garlic
https://lacuisinedebernard.com/sardines-and-tomatoes-bruschetta-with-garlic/,https://staging.lacuisinedebernard.com/sardines-and-tomatoes-bruschetta-with-garlic
https://www.lacuisinedebernard.com/sardines-and-tomatoes-bruschetta-with-garlic,https://staging.lacuisinedebernard.com/sardines-and-tomatoes-bruschetta-with-garlic
https://www.lacuisinedebernard.com/sardines-and-tomatoes-bruschetta-with-garlic/,https://staging.lacuisinedebernard.com/sardines-and-tomatoes-bruschetta-with-garlic
https://lacuisinedebernard.com/%d9%81%d8%b7%d8%a7%d8%a6%d8%b1-%d9%81%d9%88%d8%a7-%d8%ac%d8%b1%d8%a7-%d8%a7%d9%84%d8%b7%d8%b1%d9%8a%d9%82%d8%a9-%d8%a7%d9%84%d8%b1%d8%a7%d8%a8%d8%b9%d8%a9-%d8%a7%d9%84%d9%85%d9%82%d9%84%d9%8a%d8%a9,https://staging.lacuisinedebernard.com/%d9%81%d8%b7%d8%a7%d8%a6%d8%b1-%d9%81%d9%88%d8%a7-%d8%ac%d8%b1%d8%a7-%d8%a7%d9%84%d8%b7%d8%b1%d9%8a%d9%82%d8%a9-%d8%a7%d9%84%d8%b1%d8%a7%d8%a8%d8%b9%d8%a9-%d8%a7%d9%84%d9%85%d9%82%d9%84%d9%8a%d8%a9
https://lacuisinedebernard.com/%d9%81%d8%b7%d8%a7%d8%a6%d8%b1-%d9%81%d9%88%d8%a7-%d8%ac%d8%b1%d8%a7-%d8%a7%d9%84%d8%b7%d8%b1%d9%8a%d9%82%d8%a9-%d8%a7%d9%84%d8%b1%d8%a7%d8%a8%d8%b9%d8%a9-%d8%a7%d9%84%d9%85%d9%82%d9%84%d9%8a%d8%a9/,https://staging.lacuisinedebernard.com/%d9%81%d8%b7%d8%a7%d8%a6%d8%b1-%d9%81%d9%88%d8%a7-%d8%ac%d8%b1%d8%a7-%d8%a7%d9%84%d8%b7%d8%b1%d9%8a%d9%82%d8%a9-%d8%a7%d9%84%d8%b1%d8%a7%d8%a8%d8%b9%d8%a9-%d8%a7%d9%84%d9%85%d9%82%d9%84%d9%8a%d8%a9
https://www.lacuisinedebernard.com/%d9%81%d8%b7%d8%a7%d8%a6%d8%b1-%d9%81%d9%88%d8%a7-%d8%ac%d8%b1%d8%a7-%d8%a7%d9%84%d8%b7%d8%b1%d9%8a%d9%82%d8%a9-%d8%a7%d9%84%d8%b1%d8%a7%d8%a8%d8%b9%d8%a9-%d8%a7%d9%84%d9%85%d9%82%d9%84%d9%8a%d8%a9,https://staging.lacuisinedebernard.com/%d9%81%d8%b7%d8%a7%d8%a6%d8%b1-%d9%81%d9%88%d8%a7-%d8%ac%d8%b1%d8%a7-%d8%a7%d9%84%d8%b7%d8%b1%d9%8a%d9%82%d8%a9-%d8%a7%d9%84%d8%b1%d8%a7%d8%a8%d8%b9%d8%a9-%d8%a7%d9%84%d9%85%d9%82%d9%84%d9%8a%d8%a9
https://www.lacuisinedebernard.com/%d9%81%d8%b7%d8%a7%d8%a6%d8%b1-%d9%81%d9%88%d8%a7-%d8%ac%d8%b1%d8%a7-%d8%a7%d9%84%d8%b7%d8%b1%d9%8a%d9%82%d8%a9-%d8%a7%d9%84%d8%b1%d8%a7%d8%a8%d8%b9%d8%a9-%d8%a7%d9%84%d9%85%d9%82%d9%84%d9%8a%d8%a9/,https://staging.lacuisinedebernard.com/%d9%81%d8%b7%d8%a7%d8%a6%d8%b1-%d9%81%d9%88%d8%a7-%d8%ac%d8%b1%d8%a7-%d8%a7%d9%84%d8%b7%d8%b1%d9%8a%d9%82%d8%a9-%d8%a7%d9%84%d8%b1%d8%a7%d8%a8%d8%b9%d8%a9-%d8%a7%d9%84%d9%85%d9%82%d9%84%d9%8a%d8%a9
https://lacuisinedebernard.com/yakitori-chicken-dumplings,https://staging.lacuisinedebernard.com/yakitori-chicken-dumplings
https://lacuisinedebernard.com/yakitori-chicken-dumplings/,https://staging.lacuisinedebernard.com/yakitori-chicken-dumplings
https://www.lacuisinedebernard.com/yakitori-chicken-dumplings,https://staging.lacuisinedebernard.com/yakitori-chicken-dumplings
https://www.lacuisinedebernard.com/yakitori-chicken-dumplings/,https://staging.lacuisinedebernard.com/yakitori-chicken-dumplings
https://lacuisinedebernard.com/tarama-com-pimenta-de-espelette,https://staging.lacuisinedebernard.com/tarama-com-pimenta-de-espelette
https://lacuisinedebernard.com/tarama-com-pimenta-de-espelette/,https://staging.lacuisinedebernard.com/tarama-com-pimenta-de-espelette
https://www.lacuisinedebernard.com/tarama-com-pimenta-de-espelette,https://staging.lacuisinedebernard.com/tarama-com-pimenta-de-espelette
https://www.lacuisinedebernard.com/tarama-com-pimenta-de-espelette/,https://staging.lacuisinedebernard.com/tarama-com-pimenta-de-espelette
https://lacuisinedebernard.com/%d8%a8%d9%8a%d9%86%d9%88-%d8%a7%d9%85%d8%a8%d8%a7%d9%86%d8%a7%d8%af%d8%a7%d8%b3,https://staging.lacuisinedebernard.com/%d8%a8%d9%8a%d9%86%d9%88-%d8%a7%d9%85%d8%a8%d8%a7%d9%86%d8%a7%d8%af%d8%a7%d8%b3
https://lacuisinedebernard.com/%d8%a8%d9%8a%d9%86%d9%88-%d8%a7%d9%85%d8%a8%d8%a7%d9%86%d8%a7%d8%af%d8%a7%d8%b3/,https://staging.lacuisinedebernard.com/%d8%a8%d9%8a%d9%86%d9%88-%d8%a7%d9%85%d8%a8%d8%a7%d9%86%d8%a7%d8%af%d8%a7%d8%b3
https://www.lacuisinedebernard.com/%d8%a8%d9%8a%d9%86%d9%88-%d8%a7%d9%85%d8%a8%d8%a7%d9%86%d8%a7%d8%af%d8%a7%d8%b3,https://staging.lacuisinedebernard.com/%d8%a8%d9%8a%d9%86%d9%88-%d8%a7%d9%85%d8%a8%d8%a7%d9%86%d8%a7%d8%af%d8%a7%d8%b3
https://www.lacuisinedebernard.com/%d8%a8%d9%8a%d9%86%d9%88-%d8%a7%d9%85%d8%a8%d8%a7%d9%86%d8%a7%d8%af%d8%a7%d8%b3/,https://staging.lacuisinedebernard.com/%d8%a8%d9%8a%d9%86%d9%88-%d8%a7%d9%85%d8%a8%d8%a7%d9%86%d8%a7%d8%af%d8%a7%d8%b3
https://lacuisinedebernard.com/wasabi-tarama,https://staging.lacuisinedebernard.com/wasabi-tarama
https://lacuisinedebernard.com/wasabi-tarama/,https://staging.lacuisinedebernard.com/wasabi-tarama
https://www.lacuisinedebernard.com/wasabi-tarama,https://staging.lacuisinedebernard.com/wasabi-tarama
https://www.lacuisinedebernard.com/wasabi-tarama/,https://staging.lacuisinedebernard.com/wasabi-tarama
https://lacuisinedebernard.com/shrimp-tarama,https://staging.lacuisinedebernard.com/shrimp-tarama
https://lacuisinedebernard.com/shrimp-tarama/,https://staging.lacuisinedebernard.com/shrimp-tarama
https://www.lacuisinedebernard.com/shrimp-tarama,https://staging.lacuisinedebernard.com/shrimp-tarama
https://www.lacuisinedebernard.com/shrimp-tarama/,https://staging.lacuisinedebernard.com/shrimp-tarama
https://lacuisinedebernard.com/ravioles-pequineses,https://staging.lacuisinedebernard.com/ravioles-pequineses
https://lacuisinedebernard.com/ravioles-pequineses/,https://staging.lacuisinedebernard.com/ravioles-pequineses
https://www.lacuisinedebernard.com/ravioles-pequineses,https://staging.lacuisinedebernard.com/ravioles-pequineses
https://www.lacuisinedebernard.com/ravioles-pequineses/,https://staging.lacuisinedebernard.com/ravioles-pequineses
https://lacuisinedebernard.com/%d8%af%d8%ac%d8%a7%d8%ac-%d9%83%d8%a7%d8%ac%d9%88,https://staging.lacuisinedebernard.com/%d8%af%d8%ac%d8%a7%d8%ac-%d9%83%d8%a7%d8%ac%d9%88
https://lacuisinedebernard.com/%d8%af%d8%ac%d8%a7%d8%ac-%d9%83%d8%a7%d8%ac%d9%88/,https://staging.lacuisinedebernard.com/%d8%af%d8%ac%d8%a7%d8%ac-%d9%83%d8%a7%d8%ac%d9%88
https://www.lacuisinedebernard.com/%d8%af%d8%ac%d8%a7%d8%ac-%d9%83%d8%a7%d8%ac%d9%88,https://staging.lacuisinedebernard.com/%d8%af%d8%ac%d8%a7%d8%ac-%d9%83%d8%a7%d8%ac%d9%88
https://www.lacuisinedebernard.com/%d8%af%d8%ac%d8%a7%d8%ac-%d9%83%d8%a7%d8%ac%d9%88/,https://staging.lacuisinedebernard.com/%d8%af%d8%ac%d8%a7%d8%ac-%d9%83%d8%a7%d8%ac%d9%88
https://lacuisinedebernard.com/aneis-de-cebola,https://staging.lacuisinedebernard.com/aneis-de-cebola
https://lacuisinedebernard.com/aneis-de-cebola/,https://staging.lacuisinedebernard.com/aneis-de-cebola
https://www.lacuisinedebernard.com/aneis-de-cebola,https://staging.lacuisinedebernard.com/aneis-de-cebola
https://www.lacuisinedebernard.com/aneis-de-cebola/,https://staging.lacuisinedebernard.com/aneis-de-cebola
https://lacuisinedebernard.com/tarama-with-espelette-pepper,https://staging.lacuisinedebernard.com/tarama-with-espelette-pepper
https://lacuisinedebernard.com/tarama-with-espelette-pepper/,https://staging.lacuisinedebernard.com/tarama-with-espelette-pepper
https://www.lacuisinedebernard.com/tarama-with-espelette-pepper,https://staging.lacuisinedebernard.com/tarama-with-espelette-pepper
https://www.lacuisinedebernard.com/tarama-with-espelette-pepper/,https://staging.lacuisinedebernard.com/tarama-with-espelette-pepper
https://lacuisinedebernard.com/%d8%ac%d9%85%d8%a8%d8%b1%d9%8a-%d8%aa%d8%b1%d8%a7%d9%85%d8%a7,https://staging.lacuisinedebernard.com/%d8%ac%d9%85%d8%a8%d8%b1%d9%8a-%d8%aa%d8%b1%d8%a7%d9%85%d8%a7
https://lacuisinedebernard.com/%d8%ac%d9%85%d8%a8%d8%b1%d9%8a-%d8%aa%d8%b1%d8%a7%d9%85%d8%a7/,https://staging.lacuisinedebernard.com/%d8%ac%d9%85%d8%a8%d8%b1%d9%8a-%d8%aa%d8%b1%d8%a7%d9%85%d8%a7
https://www.lacuisinedebernard.com/%d8%ac%d9%85%d8%a8%d8%b1%d9%8a-%d8%aa%d8%b1%d8%a7%d9%85%d8%a7,https://staging.lacuisinedebernard.com/%d8%ac%d9%85%d8%a8%d8%b1%d9%8a-%d8%aa%d8%b1%d8%a7%d9%85%d8%a7
https://www.lacuisinedebernard.com/%d8%ac%d9%85%d8%a8%d8%b1%d9%8a-%d8%aa%d8%b1%d8%a7%d9%85%d8%a7/,https://staging.lacuisinedebernard.com/%d8%ac%d9%85%d8%a8%d8%b1%d9%8a-%d8%aa%d8%b1%d8%a7%d9%85%d8%a7
https://lacuisinedebernard.com/ravioli-pequines,https://staging.lacuisinedebernard.com/ravioli-pequines
https://lacuisinedebernard.com/ravioli-pequines/,https://staging.lacuisinedebernard.com/ravioli-pequines
https://www.lacuisinedebernard.com/ravioli-pequines,https://staging.lacuisinedebernard.com/ravioli-pequines
https://www.lacuisinedebernard.com/ravioli-pequines/,https://staging.lacuisinedebernard.com/ravioli-pequines
https://lacuisinedebernard.com/%d9%83%d8%b1%d8%a7%d8%aa-%d8%af%d8%ac%d8%a7%d8%ac-%d9%8a%d8%a7%d9%83%d9%8a%d8%aa%d9%88%d8%b1%d9%8a,https://staging.lacuisinedebernard.com/%d9%83%d8%b1%d8%a7%d8%aa-%d8%af%d8%ac%d8%a7%d8%ac-%d9%8a%d8%a7%d9%83%d9%8a%d8%aa%d9%88%d8%b1%d9%8a
https://lacuisinedebernard.com/%d9%83%d8%b1%d8%a7%d8%aa-%d8%af%d8%ac%d8%a7%d8%ac-%d9%8a%d8%a7%d9%83%d9%8a%d8%aa%d9%88%d8%b1%d9%8a/,https://staging.lacuisinedebernard.com/%d9%83%d8%b1%d8%a7%d8%aa-%d8%af%d8%ac%d8%a7%d8%ac-%d9%8a%d8%a7%d9%83%d9%8a%d8%aa%d9%88%d8%b1%d9%8a
https://www.lacuisinedebernard.com/%d9%83%d8%b1%d8%a7%d8%aa-%d8%af%d8%ac%d8%a7%d8%ac-%d9%8a%d8%a7%d9%83%d9%8a%d8%aa%d9%88%d8%b1%d9%8a,https://staging.lacuisinedebernard.com/%d9%83%d8%b1%d8%a7%d8%aa-%d8%af%d8%ac%d8%a7%d8%ac-%d9%8a%d8%a7%d9%83%d9%8a%d8%aa%d9%88%d8%b1%d9%8a
https://www.lacuisinedebernard.com/%d9%83%d8%b1%d8%a7%d8%aa-%d8%af%d8%ac%d8%a7%d8%ac-%d9%8a%d8%a7%d9%83%d9%8a%d8%aa%d9%88%d8%b1%d9%8a/,https://staging.lacuisinedebernard.com/%d9%83%d8%b1%d8%a7%d8%aa-%d8%af%d8%ac%d8%a7%d8%ac-%d9%8a%d8%a7%d9%83%d9%8a%d8%aa%d9%88%d8%b1%d9%8a
https://lacuisinedebernard.com/atun-con-alcaparras-o-uvas-para-untar,https://staging.lacuisinedebernard.com/atun-con-alcaparras-o-uvas-para-untar
https://lacuisinedebernard.com/atun-con-alcaparras-o-uvas-para-untar/,https://staging.lacuisinedebernard.com/atun-con-alcaparras-o-uvas-para-untar
https://www.lacuisinedebernard.com/atun-con-alcaparras-o-uvas-para-untar,https://staging.lacuisinedebernard.com/atun-con-alcaparras-o-uvas-para-untar
https://www.lacuisinedebernard.com/atun-con-alcaparras-o-uvas-para-untar/,https://staging.lacuisinedebernard.com/atun-con-alcaparras-o-uvas-para-untar
https://lacuisinedebernard.com/onion-rings,https://staging.lacuisinedebernard.com/onion-rings
https://lacuisinedebernard.com/onion-rings/,https://staging.lacuisinedebernard.com/onion-rings
https://www.lacuisinedebernard.com/onion-rings,https://staging.lacuisinedebernard.com/onion-rings
https://www.lacuisinedebernard.com/onion-rings/,https://staging.lacuisinedebernard.com/onion-rings
https://lacuisinedebernard.com/cangrejo-real-tarama,https://staging.lacuisinedebernard.com/cangrejo-real-tarama
https://lacuisinedebernard.com/cangrejo-real-tarama/,https://staging.lacuisinedebernard.com/cangrejo-real-tarama
https://www.lacuisinedebernard.com/cangrejo-real-tarama,https://staging.lacuisinedebernard.com/cangrejo-real-tarama
https://www.lacuisinedebernard.com/cangrejo-real-tarama/,https://staging.lacuisinedebernard.com/cangrejo-real-tarama
https://lacuisinedebernard.com/pollo-con-anacardos,https://staging.lacuisinedebernard.com/pollo-con-anacardos
https://lacuisinedebernard.com/pollo-con-anacardos/,https://staging.lacuisinedebernard.com/pollo-con-anacardos
https://www.lacuisinedebernard.com/pollo-con-anacardos,https://staging.lacuisinedebernard.com/pollo-con-anacardos
https://www.lacuisinedebernard.com/pollo-con-anacardos/,https://staging.lacuisinedebernard.com/pollo-con-anacardos
https://lacuisinedebernard.com/%d8%ad%d9%84%d9%82%d8%a7%d8%aa-%d8%a7%d9%84%d8%a8%d8%b5%d9%84,https://staging.lacuisinedebernard.com/%d8%ad%d9%84%d9%82%d8%a7%d8%aa-%d8%a7%d9%84%d8%a8%d8%b5%d9%84
https://lacuisinedebernard.com/%d8%ad%d9%84%d9%82%d8%a7%d8%aa-%d8%a7%d9%84%d8%a8%d8%b5%d9%84/,https://staging.lacuisinedebernard.com/%d8%ad%d9%84%d9%82%d8%a7%d8%aa-%d8%a7%d9%84%d8%a8%d8%b5%d9%84
https://www.lacuisinedebernard.com/%d8%ad%d9%84%d9%82%d8%a7%d8%aa-%d8%a7%d9%84%d8%a8%d8%b5%d9%84,https://staging.lacuisinedebernard.com/%d8%ad%d9%84%d9%82%d8%a7%d8%aa-%d8%a7%d9%84%d8%a8%d8%b5%d9%84
https://www.lacuisinedebernard.com/%d8%ad%d9%84%d9%82%d8%a7%d8%aa-%d8%a7%d9%84%d8%a8%d8%b5%d9%84/,https://staging.lacuisinedebernard.com/%d8%ad%d9%84%d9%82%d8%a7%d8%aa-%d8%a7%d9%84%d8%a8%d8%b5%d9%84
https://lacuisinedebernard.com/foie-gras-cuarto-metodo-de-fritura-en-sarten,https://staging.lacuisinedebernard.com/foie-gras-cuarto-metodo-de-fritura-en-sarten
https://lacuisinedebernard.com/foie-gras-cuarto-metodo-de-fritura-en-sarten/,https://staging.lacuisinedebernard.com/foie-gras-cuarto-metodo-de-fritura-en-sarten
https://www.lacuisinedebernard.com/foie-gras-cuarto-metodo-de-fritura-en-sarten,https://staging.lacuisinedebernard.com/foie-gras-cuarto-metodo-de-fritura-en-sarten
https://www.lacuisinedebernard.com/foie-gras-cuarto-metodo-de-fritura-en-sarten/,https://staging.lacuisinedebernard.com/foie-gras-cuarto-metodo-de-fritura-en-sarten
https://lacuisinedebernard.com/%d8%a5%d8%b3%d8%a8%d9%84%d9%8a%d8%aa-%d8%aa%d8%b4%d9%8a%d9%84%d9%8a-%d8%aa%d8%a7%d8%b1%d8%a7%d9%85%d8%a7,https://staging.lacuisinedebernard.com/%d8%a5%d8%b3%d8%a8%d9%84%d9%8a%d8%aa-%d8%aa%d8%b4%d9%8a%d9%84%d9%8a-%d8%aa%d8%a7%d8%b1%d8%a7%d9%85%d8%a7
https://lacuisinedebernard.com/%d8%a5%d8%b3%d8%a8%d9%84%d9%8a%d8%aa-%d8%aa%d8%b4%d9%8a%d9%84%d9%8a-%d8%aa%d8%a7%d8%b1%d8%a7%d9%85%d8%a7/,https://staging.lacuisinedebernard.com/%d8%a5%d8%b3%d8%a8%d9%84%d9%8a%d8%aa-%d8%aa%d8%b4%d9%8a%d9%84%d9%8a-%d8%aa%d8%a7%d8%b1%d8%a7%d9%85%d8%a7
https://www.lacuisinedebernard.com/%d8%a5%d8%b3%d8%a8%d9%84%d9%8a%d8%aa-%d8%aa%d8%b4%d9%8a%d9%84%d9%8a-%d8%aa%d8%a7%d8%b1%d8%a7%d9%85%d8%a7,https://staging.lacuisinedebernard.com/%d8%a5%d8%b3%d8%a8%d9%84%d9%8a%d8%aa-%d8%aa%d8%b4%d9%8a%d9%84%d9%8a-%d8%aa%d8%a7%d8%b1%d8%a7%d9%85%d8%a7
https://www.lacuisinedebernard.com/%d8%a5%d8%b3%d8%a8%d9%84%d9%8a%d8%aa-%d8%aa%d8%b4%d9%8a%d9%84%d9%8a-%d8%aa%d8%a7%d8%b1%d8%a7%d9%85%d8%a7/,https://staging.lacuisinedebernard.com/%d8%a5%d8%b3%d8%a8%d9%84%d9%8a%d8%aa-%d8%aa%d8%b4%d9%8a%d9%84%d9%8a-%d8%aa%d8%a7%d8%b1%d8%a7%d9%85%d8%a7
https://lacuisinedebernard.com/pekingese-ravioli,https://staging.lacuisinedebernard.com/pekingese-ravioli
https://lacuisinedebernard.com/pekingese-ravioli/,https://staging.lacuisinedebernard.com/pekingese-ravioli
https://www.lacuisinedebernard.com/pekingese-ravioli,https://staging.lacuisinedebernard.com/pekingese-ravioli
https://www.lacuisinedebernard.com/pekingese-ravioli/,https://staging.lacuisinedebernard.com/pekingese-ravioli
https://lacuisinedebernard.com/caranguejo-real-tarama,https://staging.lacuisinedebernard.com/caranguejo-real-tarama
https://lacuisinedebernard.com/caranguejo-real-tarama/,https://staging.lacuisinedebernard.com/caranguejo-real-tarama
https://www.lacuisinedebernard.com/caranguejo-real-tarama,https://staging.lacuisinedebernard.com/caranguejo-real-tarama
https://www.lacuisinedebernard.com/caranguejo-real-tarama/,https://staging.lacuisinedebernard.com/caranguejo-real-tarama
https://lacuisinedebernard.com/ensalada-de-patata-japonesa,https://staging.lacuisinedebernard.com/ensalada-de-patata-japonesa
https://lacuisinedebernard.com/ensalada-de-patata-japonesa/,https://staging.lacuisinedebernard.com/ensalada-de-patata-japonesa
https://www.lacuisinedebernard.com/ensalada-de-patata-japonesa,https://staging.lacuisinedebernard.com/ensalada-de-patata-japonesa
https://www.lacuisinedebernard.com/ensalada-de-patata-japonesa/,https://staging.lacuisinedebernard.com/ensalada-de-patata-japonesa
https://lacuisinedebernard.com/atum-com-alcaparras-ou-uvas-para-espalhar,https://staging.lacuisinedebernard.com/atum-com-alcaparras-ou-uvas-para-espalhar
https://lacuisinedebernard.com/atum-com-alcaparras-ou-uvas-para-espalhar/,https://staging.lacuisinedebernard.com/atum-com-alcaparras-ou-uvas-para-espalhar
https://www.lacuisinedebernard.com/atum-com-alcaparras-ou-uvas-para-espalhar,https://staging.lacuisinedebernard.com/atum-com-alcaparras-ou-uvas-para-espalhar
https://www.lacuisinedebernard.com/atum-com-alcaparras-ou-uvas-para-espalhar/,https://staging.lacuisinedebernard.com/atum-com-alcaparras-ou-uvas-para-espalhar
https://lacuisinedebernard.com/frango-de-caju,https://staging.lacuisinedebernard.com/frango-de-caju
https://lacuisinedebernard.com/frango-de-caju/,https://staging.lacuisinedebernard.com/frango-de-caju
https://www.lacuisinedebernard.com/frango-de-caju,https://staging.lacuisinedebernard.com/frango-de-caju
https://www.lacuisinedebernard.com/frango-de-caju/,https://staging.lacuisinedebernard.com/frango-de-caju
https://lacuisinedebernard.com/tarama-de-camarones,https://staging.lacuisinedebernard.com/tarama-de-camarones
https://lacuisinedebernard.com/tarama-de-camarones/,https://staging.lacuisinedebernard.com/tarama-de-camarones
https://www.lacuisinedebernard.com/tarama-de-camarones,https://staging.lacuisinedebernard.com/tarama-de-camarones
https://www.lacuisinedebernard.com/tarama-de-camarones/,https://staging.lacuisinedebernard.com/tarama-de-camarones
https://lacuisinedebernard.com/salada-de-batata-japonesa,https://staging.lacuisinedebernard.com/salada-de-batata-japonesa
https://lacuisinedebernard.com/salada-de-batata-japonesa/,https://staging.lacuisinedebernard.com/salada-de-batata-japonesa
https://www.lacuisinedebernard.com/salada-de-batata-japonesa,https://staging.lacuisinedebernard.com/salada-de-batata-japonesa
https://www.lacuisinedebernard.com/salada-de-batata-japonesa/,https://staging.lacuisinedebernard.com/salada-de-batata-japonesa
https://lacuisinedebernard.com/tuna-with-capers-or-grapes-to-spread,https://staging.lacuisinedebernard.com/tuna-with-capers-or-grapes-to-spread
https://lacuisinedebernard.com/tuna-with-capers-or-grapes-to-spread/,https://staging.lacuisinedebernard.com/tuna-with-capers-or-grapes-to-spread
https://www.lacuisinedebernard.com/tuna-with-capers-or-grapes-to-spread,https://staging.lacuisinedebernard.com/tuna-with-capers-or-grapes-to-spread
https://www.lacuisinedebernard.com/tuna-with-capers-or-grapes-to-spread/,https://staging.lacuisinedebernard.com/tuna-with-capers-or-grapes-to-spread
https://lacuisinedebernard.com/%d8%a7%d9%84%d9%88%d8%b3%d8%a7%d8%a8%d9%8a-%d8%aa%d8%a7%d8%b1%d8%a7%d9%85%d8%a7,https://staging.lacuisinedebernard.com/%d8%a7%d9%84%d9%88%d8%b3%d8%a7%d8%a8%d9%8a-%d8%aa%d8%a7%d8%b1%d8%a7%d9%85%d8%a7
https://lacuisinedebernard.com/%d8%a7%d9%84%d9%88%d8%b3%d8%a7%d8%a8%d9%8a-%d8%aa%d8%a7%d8%b1%d8%a7%d9%85%d8%a7/,https://staging.lacuisinedebernard.com/%d8%a7%d9%84%d9%88%d8%b3%d8%a7%d8%a8%d9%8a-%d8%aa%d8%a7%d8%b1%d8%a7%d9%85%d8%a7
https://www.lacuisinedebernard.com/%d8%a7%d9%84%d9%88%d8%b3%d8%a7%d8%a8%d9%8a-%d8%aa%d8%a7%d8%b1%d8%a7%d9%85%d8%a7,https://staging.lacuisinedebernard.com/%d8%a7%d9%84%d9%88%d8%b3%d8%a7%d8%a8%d9%8a-%d8%aa%d8%a7%d8%b1%d8%a7%d9%85%d8%a7
https://www.lacuisinedebernard.com/%d8%a7%d9%84%d9%88%d8%b3%d8%a7%d8%a8%d9%8a-%d8%aa%d8%a7%d8%b1%d8%a7%d9%85%d8%a7/,https://staging.lacuisinedebernard.com/%d8%a7%d9%84%d9%88%d8%b3%d8%a7%d8%a8%d9%8a-%d8%aa%d8%a7%d8%b1%d8%a7%d9%85%d8%a7
https://lacuisinedebernard.com/bolas-de-pollo-yakitori,https://staging.lacuisinedebernard.com/bolas-de-pollo-yakitori
https://lacuisinedebernard.com/bolas-de-pollo-yakitori/,https://staging.lacuisinedebernard.com/bolas-de-pollo-yakitori
https://www.lacuisinedebernard.com/bolas-de-pollo-yakitori,https://staging.lacuisinedebernard.com/bolas-de-pollo-yakitori
https://www.lacuisinedebernard.com/bolas-de-pollo-yakitori/,https://staging.lacuisinedebernard.com/bolas-de-pollo-yakitori
https://lacuisinedebernard.com/foie-gras-4o-metodo-pan-fritar-em-cima-um-do-outro,https://staging.lacuisinedebernard.com/foie-gras-4o-metodo-pan-fritar-em-cima-um-do-outro
https://lacuisinedebernard.com/foie-gras-4o-metodo-pan-fritar-em-cima-um-do-outro/,https://staging.lacuisinedebernard.com/foie-gras-4o-metodo-pan-fritar-em-cima-um-do-outro
https://www.lacuisinedebernard.com/foie-gras-4o-metodo-pan-fritar-em-cima-um-do-outro,https://staging.lacuisinedebernard.com/foie-gras-4o-metodo-pan-fritar-em-cima-um-do-outro
https://www.lacuisinedebernard.com/foie-gras-4o-metodo-pan-fritar-em-cima-um-do-outro/,https://staging.lacuisinedebernard.com/foie-gras-4o-metodo-pan-fritar-em-cima-um-do-outro
https://lacuisinedebernard.com/royal-crab-tarama,https://staging.lacuisinedebernard.com/royal-crab-tarama
https://lacuisinedebernard.com/royal-crab-tarama/,https://staging.lacuisinedebernard.com/royal-crab-tarama
https://www.lacuisinedebernard.com/royal-crab-tarama,https://staging.lacuisinedebernard.com/royal-crab-tarama
https://www.lacuisinedebernard.com/royal-crab-tarama/,https://staging.lacuisinedebernard.com/royal-crab-tarama
https://lacuisinedebernard.com/%d8%b2%d9%84%d8%a7%d8%a8%d9%8a%d8%a9-%d8%a8%d9%83%d9%8a%d9%86,https://staging.lacuisinedebernard.com/%d8%b2%d9%84%d8%a7%d8%a8%d9%8a%d8%a9-%d8%a8%d9%83%d9%8a%d9%86
https://lacuisinedebernard.com/%d8%b2%d9%84%d8%a7%d8%a8%d9%8a%d8%a9-%d8%a8%d9%83%d9%8a%d9%86/,https://staging.lacuisinedebernard.com/%d8%b2%d9%84%d8%a7%d8%a8%d9%8a%d8%a9-%d8%a8%d9%83%d9%8a%d9%86
https://www.lacuisinedebernard.com/%d8%b2%d9%84%d8%a7%d8%a8%d9%8a%d8%a9-%d8%a8%d9%83%d9%8a%d9%86,https://staging.lacuisinedebernard.com/%d8%b2%d9%84%d8%a7%d8%a8%d9%8a%d8%a9-%d8%a8%d9%83%d9%8a%d9%86
https://www.lacuisinedebernard.com/%d8%b2%d9%84%d8%a7%d8%a8%d9%8a%d8%a9-%d8%a8%d9%83%d9%8a%d9%86/,https://staging.lacuisinedebernard.com/%d8%b2%d9%84%d8%a7%d8%a8%d9%8a%d8%a9-%d8%a8%d9%83%d9%8a%d9%86
https://lacuisinedebernard.com/camarao-tarama,https://staging.lacuisinedebernard.com/camarao-tarama
https://lacuisinedebernard.com/camarao-tarama/,https://staging.lacuisinedebernard.com/camarao-tarama
https://www.lacuisinedebernard.com/camarao-tarama,https://staging.lacuisinedebernard.com/camarao-tarama
https://www.lacuisinedebernard.com/camarao-tarama/,https://staging.lacuisinedebernard.com/camarao-tarama
https://lacuisinedebernard.com/cashew-chicken,https://staging.lacuisinedebernard.com/cashew-chicken
https://lacuisinedebernard.com/cashew-chicken/,https://staging.lacuisinedebernard.com/cashew-chicken
https://www.lacuisinedebernard.com/cashew-chicken,https://staging.lacuisinedebernard.com/cashew-chicken
https://www.lacuisinedebernard.com/cashew-chicken/,https://staging.lacuisinedebernard.com/cashew-chicken
https://lacuisinedebernard.com/tarama-con-pimiento-de-espelette,https://staging.lacuisinedebernard.com/tarama-con-pimiento-de-espelette
https://lacuisinedebernard.com/tarama-con-pimiento-de-espelette/,https://staging.lacuisinedebernard.com/tarama-con-pimiento-de-espelette
https://www.lacuisinedebernard.com/tarama-con-pimiento-de-espelette,https://staging.lacuisinedebernard.com/tarama-con-pimiento-de-espelette
https://www.lacuisinedebernard.com/tarama-con-pimiento-de-espelette/,https://staging.lacuisinedebernard.com/tarama-con-pimiento-de-espelette
https://lacuisinedebernard.com/bolas-de-frango-yakitori,https://staging.lacuisinedebernard.com/bolas-de-frango-yakitori
https://lacuisinedebernard.com/bolas-de-frango-yakitori/,https://staging.lacuisinedebernard.com/bolas-de-frango-yakitori
https://www.lacuisinedebernard.com/bolas-de-frango-yakitori,https://staging.lacuisinedebernard.com/bolas-de-frango-yakitori
https://www.lacuisinedebernard.com/bolas-de-frango-yakitori/,https://staging.lacuisinedebernard.com/bolas-de-frango-yakitori
https://lacuisinedebernard.com/%d8%aa%d9%88%d9%86%d8%a9-%d9%85%d8%b9-%d8%a7%d9%84%d9%83%d8%a8%d8%b1-%d8%a3%d9%88-%d8%a7%d9%84%d8%b2%d8%a8%d9%8a%d8%a8-%d9%84%d9%84%d8%af%d9%87%d9%86,https://staging.lacuisinedebernard.com/%d8%aa%d9%88%d9%86%d8%a9-%d9%85%d8%b9-%d8%a7%d9%84%d9%83%d8%a8%d8%b1-%d8%a3%d9%88-%d8%a7%d9%84%d8%b2%d8%a8%d9%8a%d8%a8-%d9%84%d9%84%d8%af%d9%87%d9%86
https://lacuisinedebernard.com/%d8%aa%d9%88%d9%86%d8%a9-%d9%85%d8%b9-%d8%a7%d9%84%d9%83%d8%a8%d8%b1-%d8%a3%d9%88-%d8%a7%d9%84%d8%b2%d8%a8%d9%8a%d8%a8-%d9%84%d9%84%d8%af%d9%87%d9%86/,https://staging.lacuisinedebernard.com/%d8%aa%d9%88%d9%86%d8%a9-%d9%85%d8%b9-%d8%a7%d9%84%d9%83%d8%a8%d8%b1-%d8%a3%d9%88-%d8%a7%d9%84%d8%b2%d8%a8%d9%8a%d8%a8-%d9%84%d9%84%d8%af%d9%87%d9%86
https://www.lacuisinedebernard.com/%d8%aa%d9%88%d9%86%d8%a9-%d9%85%d8%b9-%d8%a7%d9%84%d9%83%d8%a8%d8%b1-%d8%a3%d9%88-%d8%a7%d9%84%d8%b2%d8%a8%d9%8a%d8%a8-%d9%84%d9%84%d8%af%d9%87%d9%86,https://staging.lacuisinedebernard.com/%d8%aa%d9%88%d9%86%d8%a9-%d9%85%d8%b9-%d8%a7%d9%84%d9%83%d8%a8%d8%b1-%d8%a3%d9%88-%d8%a7%d9%84%d8%b2%d8%a8%d9%8a%d8%a8-%d9%84%d9%84%d8%af%d9%87%d9%86
https://www.lacuisinedebernard.com/%d8%aa%d9%88%d9%86%d8%a9-%d9%85%d8%b9-%d8%a7%d9%84%d9%83%d8%a8%d8%b1-%d8%a3%d9%88-%d8%a7%d9%84%d8%b2%d8%a8%d9%8a%d8%a8-%d9%84%d9%84%d8%af%d9%87%d9%86/,https://staging.lacuisinedebernard.com/%d8%aa%d9%88%d9%86%d8%a9-%d9%85%d8%b9-%d8%a7%d9%84%d9%83%d8%a8%d8%b1-%d8%a3%d9%88-%d8%a7%d9%84%d8%b2%d8%a8%d9%8a%d8%a8-%d9%84%d9%84%d8%af%d9%87%d9%86
https://lacuisinedebernard.com/anillos-de-cebolla,https://staging.lacuisinedebernard.com/anillos-de-cebolla
https://lacuisinedebernard.com/anillos-de-cebolla/,https://staging.lacuisinedebernard.com/anillos-de-cebolla
https://www.lacuisinedebernard.com/anillos-de-cebolla,https://staging.lacuisinedebernard.com/anillos-de-cebolla
https://www.lacuisinedebernard.com/anillos-de-cebolla/,https://staging.lacuisinedebernard.com/anillos-de-cebolla
https://lacuisinedebernard.com/%d8%aa%d8%b1%d8%a7%d9%85%d8%a7-%d8%b1%d9%88%d9%8a%d8%a7%d9%84-%d9%85%d8%b9-%d8%a7%d9%84%d8%b3%d9%84%d8%b7%d8%b9%d9%88%d9%86,https://staging.lacuisinedebernard.com/%d8%aa%d8%b1%d8%a7%d9%85%d8%a7-%d8%b1%d9%88%d9%8a%d8%a7%d9%84-%d9%85%d8%b9-%d8%a7%d9%84%d8%b3%d9%84%d8%b7%d8%b9%d9%88%d9%86
https://lacuisinedebernard.com/%d8%aa%d8%b1%d8%a7%d9%85%d8%a7-%d8%b1%d9%88%d9%8a%d8%a7%d9%84-%d9%85%d8%b9-%d8%a7%d9%84%d8%b3%d9%84%d8%b7%d8%b9%d9%88%d9%86/,https://staging.lacuisinedebernard.com/%d8%aa%d8%b1%d8%a7%d9%85%d8%a7-%d8%b1%d9%88%d9%8a%d8%a7%d9%84-%d9%85%d8%b9-%d8%a7%d9%84%d8%b3%d9%84%d8%b7%d8%b9%d9%88%d9%86
https://www.lacuisinedebernard.com/%d8%aa%d8%b1%d8%a7%d9%85%d8%a7-%d8%b1%d9%88%d9%8a%d8%a7%d9%84-%d9%85%d8%b9-%d8%a7%d9%84%d8%b3%d9%84%d8%b7%d8%b9%d9%88%d9%86,https://staging.lacuisinedebernard.com/%d8%aa%d8%b1%d8%a7%d9%85%d8%a7-%d8%b1%d9%88%d9%8a%d8%a7%d9%84-%d9%85%d8%b9-%d8%a7%d9%84%d8%b3%d9%84%d8%b7%d8%b9%d9%88%d9%86
https://www.lacuisinedebernard.com/%d8%aa%d8%b1%d8%a7%d9%85%d8%a7-%d8%b1%d9%88%d9%8a%d8%a7%d9%84-%d9%85%d8%b9-%d8%a7%d9%84%d8%b3%d9%84%d8%b7%d8%b9%d9%88%d9%86/,https://staging.lacuisinedebernard.com/%d8%aa%d8%b1%d8%a7%d9%85%d8%a7-%d8%b1%d9%88%d9%8a%d8%a7%d9%84-%d9%85%d8%b9-%d8%a7%d9%84%d8%b3%d9%84%d8%b7%d8%b9%d9%88%d9%86
https://lacuisinedebernard.com/japanese-potato-salad,https://staging.lacuisinedebernard.com/japanese-potato-salad
https://lacuisinedebernard.com/japanese-potato-salad/,https://staging.lacuisinedebernard.com/japanese-potato-salad
https://www.lacuisinedebernard.com/japanese-potato-salad,https://staging.lacuisinedebernard.com/japanese-potato-salad
https://www.lacuisinedebernard.com/japanese-potato-salad/,https://staging.lacuisinedebernard.com/japanese-potato-salad
https://lacuisinedebernard.com/foie-gras-4th-method-pan-fried-on-top,https://staging.lacuisinedebernard.com/foie-gras-4th-method-pan-fried-on-top
https://lacuisinedebernard.com/foie-gras-4th-method-pan-fried-on-top/,https://staging.lacuisinedebernard.com/foie-gras-4th-method-pan-fried-on-top
https://www.lacuisinedebernard.com/foie-gras-4th-method-pan-fried-on-top,https://staging.lacuisinedebernard.com/foie-gras-4th-method-pan-fried-on-top
https://www.lacuisinedebernard.com/foie-gras-4th-method-pan-fried-on-top/,https://staging.lacuisinedebernard.com/foie-gras-4th-method-pan-fried-on-top
https://lacuisinedebernard.com/beef-bourguignon,https://staging.lacuisinedebernard.com/beef-bourguignon
https://lacuisinedebernard.com/beef-bourguignon/,https://staging.lacuisinedebernard.com/beef-bourguignon
https://www.lacuisinedebernard.com/beef-bourguignon,https://staging.lacuisinedebernard.com/beef-bourguignon
https://www.lacuisinedebernard.com/beef-bourguignon/,https://staging.lacuisinedebernard.com/beef-bourguignon
https://lacuisinedebernard.com/sopa-de-abobora-e-gengibre,https://staging.lacuisinedebernard.com/sopa-de-abobora-e-gengibre
https://lacuisinedebernard.com/sopa-de-abobora-e-gengibre/,https://staging.lacuisinedebernard.com/sopa-de-abobora-e-gengibre
https://www.lacuisinedebernard.com/sopa-de-abobora-e-gengibre,https://staging.lacuisinedebernard.com/sopa-de-abobora-e-gengibre
https://www.lacuisinedebernard.com/sopa-de-abobora-e-gengibre/,https://staging.lacuisinedebernard.com/sopa-de-abobora-e-gengibre
https://lacuisinedebernard.com/%d8%a8%d9%8a%d8%b6-%d9%83%d9%88%d9%83%d9%88%d8%aa-%d8%a8%d8%a7%d9%84%d9%83%d8%b1%d9%8a%d9%85%d8%a9,https://staging.lacuisinedebernard.com/%d8%a8%d9%8a%d8%b6-%d9%83%d9%88%d9%83%d9%88%d8%aa-%d8%a8%d8%a7%d9%84%d9%83%d8%b1%d9%8a%d9%85%d8%a9
https://lacuisinedebernard.com/%d8%a8%d9%8a%d8%b6-%d9%83%d9%88%d9%83%d9%88%d8%aa-%d8%a8%d8%a7%d9%84%d9%83%d8%b1%d9%8a%d9%85%d8%a9/,https://staging.lacuisinedebernard.com/%d8%a8%d9%8a%d8%b6-%d9%83%d9%88%d9%83%d9%88%d8%aa-%d8%a8%d8%a7%d9%84%d9%83%d8%b1%d9%8a%d9%85%d8%a9
https://www.lacuisinedebernard.com/%d8%a8%d9%8a%d8%b6-%d9%83%d9%88%d9%83%d9%88%d8%aa-%d8%a8%d8%a7%d9%84%d9%83%d8%b1%d9%8a%d9%85%d8%a9,https://staging.lacuisinedebernard.com/%d8%a8%d9%8a%d8%b6-%d9%83%d9%88%d9%83%d9%88%d8%aa-%d8%a8%d8%a7%d9%84%d9%83%d8%b1%d9%8a%d9%85%d8%a9
https://www.lacuisinedebernard.com/%d8%a8%d9%8a%d8%b6-%d9%83%d9%88%d9%83%d9%88%d8%aa-%d8%a8%d8%a7%d9%84%d9%83%d8%b1%d9%8a%d9%85%d8%a9/,https://staging.lacuisinedebernard.com/%d8%a8%d9%8a%d8%b6-%d9%83%d9%88%d9%83%d9%88%d8%aa-%d8%a8%d8%a7%d9%84%d9%83%d8%b1%d9%8a%d9%85%d8%a9
https://lacuisinedebernard.com/ballotines-fritos-tailandeses-con-cerdo-y-kaffir,https://staging.lacuisinedebernard.com/ballotines-fritos-tailandeses-con-cerdo-y-kaffir
https://lacuisinedebernard.com/ballotines-fritos-tailandeses-con-cerdo-y-kaffir/,https://staging.lacuisinedebernard.com/ballotines-fritos-tailandeses-con-cerdo-y-kaffir
https://www.lacuisinedebernard.com/ballotines-fritos-tailandeses-con-cerdo-y-kaffir,https://staging.lacuisinedebernard.com/ballotines-fritos-tailandeses-con-cerdo-y-kaffir
https://www.lacuisinedebernard.com/ballotines-fritos-tailandeses-con-cerdo-y-kaffir/,https://staging.lacuisinedebernard.com/ballotines-fritos-tailandeses-con-cerdo-y-kaffir
https://lacuisinedebernard.com/fideos-con-salsa-picante-de-sesamo-y-cacahuete,https://staging.lacuisinedebernard.com/fideos-con-salsa-picante-de-sesamo-y-cacahuete
https://lacuisinedebernard.com/fideos-con-salsa-picante-de-sesamo-y-cacahuete/,https://staging.lacuisinedebernard.com/fideos-con-salsa-picante-de-sesamo-y-cacahuete
https://www.lacuisinedebernard.com/fideos-con-salsa-picante-de-sesamo-y-cacahuete,https://staging.lacuisinedebernard.com/fideos-con-salsa-picante-de-sesamo-y-cacahuete
https://www.lacuisinedebernard.com/fideos-con-salsa-picante-de-sesamo-y-cacahuete/,https://staging.lacuisinedebernard.com/fideos-con-salsa-picante-de-sesamo-y-cacahuete
https://lacuisinedebernard.com/carbonada-flamenga,https://staging.lacuisinedebernard.com/carbonada-flamenga
https://lacuisinedebernard.com/carbonada-flamenga/,https://staging.lacuisinedebernard.com/carbonada-flamenga
https://www.lacuisinedebernard.com/carbonada-flamenga,https://staging.lacuisinedebernard.com/carbonada-flamenga
https://www.lacuisinedebernard.com/carbonada-flamenga/,https://staging.lacuisinedebernard.com/carbonada-flamenga
https://lacuisinedebernard.com/%d9%84%d8%ad%d9%85-%d8%a7%d9%84%d8%a8%d9%82%d8%b1-%d8%a8%d9%88%d8%b1%d8%ba%d9%8a%d9%86%d9%8a%d9%88%d9%86,https://staging.lacuisinedebernard.com/%d9%84%d8%ad%d9%85-%d8%a7%d9%84%d8%a8%d9%82%d8%b1-%d8%a8%d9%88%d8%b1%d8%ba%d9%8a%d9%86%d9%8a%d9%88%d9%86
https://lacuisinedebernard.com/%d9%84%d8%ad%d9%85-%d8%a7%d9%84%d8%a8%d9%82%d8%b1-%d8%a8%d9%88%d8%b1%d8%ba%d9%8a%d9%86%d9%8a%d9%88%d9%86/,https://staging.lacuisinedebernard.com/%d9%84%d8%ad%d9%85-%d8%a7%d9%84%d8%a8%d9%82%d8%b1-%d8%a8%d9%88%d8%b1%d8%ba%d9%8a%d9%86%d9%8a%d9%88%d9%86
https://www.lacuisinedebernard.com/%d9%84%d8%ad%d9%85-%d8%a7%d9%84%d8%a8%d9%82%d8%b1-%d8%a8%d9%88%d8%b1%d8%ba%d9%8a%d9%86%d9%8a%d9%88%d9%86,https://staging.lacuisinedebernard.com/%d9%84%d8%ad%d9%85-%d8%a7%d9%84%d8%a8%d9%82%d8%b1-%d8%a8%d9%88%d8%b1%d8%ba%d9%8a%d9%86%d9%8a%d9%88%d9%86
https://www.lacuisinedebernard.com/%d9%84%d8%ad%d9%85-%d8%a7%d9%84%d8%a8%d9%82%d8%b1-%d8%a8%d9%88%d8%b1%d8%ba%d9%8a%d9%86%d9%8a%d9%88%d9%86/,https://staging.lacuisinedebernard.com/%d9%84%d8%ad%d9%85-%d8%a7%d9%84%d8%a8%d9%82%d8%b1-%d8%a8%d9%88%d8%b1%d8%ba%d9%8a%d9%86%d9%8a%d9%88%d9%86
https://lacuisinedebernard.com/balotes-tailandeses-fritos-com-carne-de-porco-e-kaffir,https://staging.lacuisinedebernard.com/balotes-tailandeses-fritos-com-carne-de-porco-e-kaffir
https://lacuisinedebernard.com/balotes-tailandeses-fritos-com-carne-de-porco-e-kaffir/,https://staging.lacuisinedebernard.com/balotes-tailandeses-fritos-com-carne-de-porco-e-kaffir
https://www.lacuisinedebernard.com/balotes-tailandeses-fritos-com-carne-de-porco-e-kaffir,https://staging.lacuisinedebernard.com/balotes-tailandeses-fritos-com-carne-de-porco-e-kaffir
https://www.lacuisinedebernard.com/balotes-tailandeses-fritos-com-carne-de-porco-e-kaffir/,https://staging.lacuisinedebernard.com/balotes-tailandeses-fritos-com-carne-de-porco-e-kaffir
https://lacuisinedebernard.com/flemish-carbonade,https://staging.lacuisinedebernard.com/flemish-carbonade
https://lacuisinedebernard.com/flemish-carbonade/,https://staging.lacuisinedebernard.com/flemish-carbonade
https://www.lacuisinedebernard.com/flemish-carbonade,https://staging.lacuisinedebernard.com/flemish-carbonade
https://www.lacuisinedebernard.com/flemish-carbonade/,https://staging.lacuisinedebernard.com/flemish-carbonade
https://lacuisinedebernard.com/pumpkin-and-ginger-soup,https://staging.lacuisinedebernard.com/pumpkin-and-ginger-soup
https://lacuisinedebernard.com/pumpkin-and-ginger-soup/,https://staging.lacuisinedebernard.com/pumpkin-and-ginger-soup
https://www.lacuisinedebernard.com/pumpkin-and-ginger-soup,https://staging.lacuisinedebernard.com/pumpkin-and-ginger-soup
https://www.lacuisinedebernard.com/pumpkin-and-ginger-soup/,https://staging.lacuisinedebernard.com/pumpkin-and-ginger-soup
https://lacuisinedebernard.com/risotto-de-espinacas,https://staging.lacuisinedebernard.com/risotto-de-espinacas
https://lacuisinedebernard.com/risotto-de-espinacas/,https://staging.lacuisinedebernard.com/risotto-de-espinacas
https://www.lacuisinedebernard.com/risotto-de-espinacas,https://staging.lacuisinedebernard.com/risotto-de-espinacas
https://www.lacuisinedebernard.com/risotto-de-espinacas/,https://staging.lacuisinedebernard.com/risotto-de-espinacas
https://lacuisinedebernard.com/macarrao-com-molho-quente-de-amendoim-sesamo,https://staging.lacuisinedebernard.com/macarrao-com-molho-quente-de-amendoim-sesamo
https://lacuisinedebernard.com/macarrao-com-molho-quente-de-amendoim-sesamo/,https://staging.lacuisinedebernard.com/macarrao-com-molho-quente-de-amendoim-sesamo
https://www.lacuisinedebernard.com/macarrao-com-molho-quente-de-amendoim-sesamo,https://staging.lacuisinedebernard.com/macarrao-com-molho-quente-de-amendoim-sesamo
https://www.lacuisinedebernard.com/macarrao-com-molho-quente-de-amendoim-sesamo/,https://staging.lacuisinedebernard.com/macarrao-com-molho-quente-de-amendoim-sesamo
https://lacuisinedebernard.com/%d8%b4%d9%88%d8%b1%d8%a8%d8%a9-%d8%a7%d9%84%d9%82%d8%b1%d8%b9-%d9%88%d8%a7%d9%84%d8%b2%d9%86%d8%ac%d8%a8%d9%8a%d9%84,https://staging.lacuisinedebernard.com/%d8%b4%d9%88%d8%b1%d8%a8%d8%a9-%d8%a7%d9%84%d9%82%d8%b1%d8%b9-%d9%88%d8%a7%d9%84%d8%b2%d9%86%d8%ac%d8%a8%d9%8a%d9%84
https://lacuisinedebernard.com/%d8%b4%d9%88%d8%b1%d8%a8%d8%a9-%d8%a7%d9%84%d9%82%d8%b1%d8%b9-%d9%88%d8%a7%d9%84%d8%b2%d9%86%d8%ac%d8%a8%d9%8a%d9%84/,https://staging.lacuisinedebernard.com/%d8%b4%d9%88%d8%b1%d8%a8%d8%a9-%d8%a7%d9%84%d9%82%d8%b1%d8%b9-%d9%88%d8%a7%d9%84%d8%b2%d9%86%d8%ac%d8%a8%d9%8a%d9%84
https://www.lacuisinedebernard.com/%d8%b4%d9%88%d8%b1%d8%a8%d8%a9-%d8%a7%d9%84%d9%82%d8%b1%d8%b9-%d9%88%d8%a7%d9%84%d8%b2%d9%86%d8%ac%d8%a8%d9%8a%d9%84,https://staging.lacuisinedebernard.com/%d8%b4%d9%88%d8%b1%d8%a8%d8%a9-%d8%a7%d9%84%d9%82%d8%b1%d8%b9-%d9%88%d8%a7%d9%84%d8%b2%d9%86%d8%ac%d8%a8%d9%8a%d9%84
https://www.lacuisinedebernard.com/%d8%b4%d9%88%d8%b1%d8%a8%d8%a9-%d8%a7%d9%84%d9%82%d8%b1%d8%b9-%d9%88%d8%a7%d9%84%d8%b2%d9%86%d8%ac%d8%a8%d9%8a%d9%84/,https://staging.lacuisinedebernard.com/%d8%b4%d9%88%d8%b1%d8%a8%d8%a9-%d8%a7%d9%84%d9%82%d8%b1%d8%b9-%d9%88%d8%a7%d9%84%d8%b2%d9%86%d8%ac%d8%a8%d9%8a%d9%84
https://lacuisinedebernard.com/risotto-de-espinafres,https://staging.lacuisinedebernard.com/risotto-de-espinafres
https://lacuisinedebernard.com/risotto-de-espinafres/,https://staging.lacuisinedebernard.com/risotto-de-espinafres
https://www.lacuisinedebernard.com/risotto-de-espinafres,https://staging.lacuisinedebernard.com/risotto-de-espinafres
https://www.lacuisinedebernard.com/risotto-de-espinafres/,https://staging.lacuisinedebernard.com/risotto-de-espinafres
https://lacuisinedebernard.com/thai-fried-ballotins-with-pork-and-kaffir,https://staging.lacuisinedebernard.com/thai-fried-ballotins-with-pork-and-kaffir
https://lacuisinedebernard.com/thai-fried-ballotins-with-pork-and-kaffir/,https://staging.lacuisinedebernard.com/thai-fried-ballotins-with-pork-and-kaffir
https://www.lacuisinedebernard.com/thai-fried-ballotins-with-pork-and-kaffir,https://staging.lacuisinedebernard.com/thai-fried-ballotins-with-pork-and-kaffir
https://www.lacuisinedebernard.com/thai-fried-ballotins-with-pork-and-kaffir/,https://staging.lacuisinedebernard.com/thai-fried-ballotins-with-pork-and-kaffir
https://lacuisinedebernard.com/huevos-en-salsa-de-nata,https://staging.lacuisinedebernard.com/huevos-en-salsa-de-nata
https://lacuisinedebernard.com/huevos-en-salsa-de-nata/,https://staging.lacuisinedebernard.com/huevos-en-salsa-de-nata
https://www.lacuisinedebernard.com/huevos-en-salsa-de-nata,https://staging.lacuisinedebernard.com/huevos-en-salsa-de-nata
https://www.lacuisinedebernard.com/huevos-en-salsa-de-nata/,https://staging.lacuisinedebernard.com/huevos-en-salsa-de-nata
https://lacuisinedebernard.com/sesame-peanut-hot-sauce-noodles,https://staging.lacuisinedebernard.com/sesame-peanut-hot-sauce-noodles
https://lacuisinedebernard.com/sesame-peanut-hot-sauce-noodles/,https://staging.lacuisinedebernard.com/sesame-peanut-hot-sauce-noodles
https://www.lacuisinedebernard.com/sesame-peanut-hot-sauce-noodles,https://staging.lacuisinedebernard.com/sesame-peanut-hot-sauce-noodles
https://www.lacuisinedebernard.com/sesame-peanut-hot-sauce-noodles/,https://staging.lacuisinedebernard.com/sesame-peanut-hot-sauce-noodles
https://lacuisinedebernard.com/%d9%8a%d8%ae%d9%86%d8%a9-%d9%81%d9%84%d9%85%d9%86%d9%83%d9%8a%d8%a9,https://staging.lacuisinedebernard.com/%d9%8a%d8%ae%d9%86%d8%a9-%d9%81%d9%84%d9%85%d9%86%d9%83%d9%8a%d8%a9
https://lacuisinedebernard.com/%d9%8a%d8%ae%d9%86%d8%a9-%d9%81%d9%84%d9%85%d9%86%d9%83%d9%8a%d8%a9/,https://staging.lacuisinedebernard.com/%d9%8a%d8%ae%d9%86%d8%a9-%d9%81%d9%84%d9%85%d9%86%d9%83%d9%8a%d8%a9
https://www.lacuisinedebernard.com/%d9%8a%d8%ae%d9%86%d8%a9-%d9%81%d9%84%d9%85%d9%86%d9%83%d9%8a%d8%a9,https://staging.lacuisinedebernard.com/%d9%8a%d8%ae%d9%86%d8%a9-%d9%81%d9%84%d9%85%d9%86%d9%83%d9%8a%d8%a9
https://www.lacuisinedebernard.com/%d9%8a%d8%ae%d9%86%d8%a9-%d9%81%d9%84%d9%85%d9%86%d9%83%d9%8a%d8%a9/,https://staging.lacuisinedebernard.com/%d9%8a%d8%ae%d9%86%d8%a9-%d9%81%d9%84%d9%85%d9%86%d9%83%d9%8a%d8%a9
https://lacuisinedebernard.com/%d8%a8%d8%b7%d8%a7%d9%82%d8%a7%d8%aa-%d8%a7%d9%84%d8%a7%d9%82%d8%aa%d8%b1%d8%a7%d8%b9-%d8%a7%d9%84%d8%aa%d8%a7%d9%8a%d9%84%d8%a7%d9%86%d8%af%d9%8a%d8%a9-%d8%a7%d9%84%d9%85%d9%82%d9%84%d9%8a%d8%a9,https://staging.lacuisinedebernard.com/%d8%a8%d8%b7%d8%a7%d9%82%d8%a7%d8%aa-%d8%a7%d9%84%d8%a7%d9%82%d8%aa%d8%b1%d8%a7%d8%b9-%d8%a7%d9%84%d8%aa%d8%a7%d9%8a%d9%84%d8%a7%d9%86%d8%af%d9%8a%d8%a9-%d8%a7%d9%84%d9%85%d9%82%d9%84%d9%8a%d8%a9
https://lacuisinedebernard.com/%d8%a8%d8%b7%d8%a7%d9%82%d8%a7%d8%aa-%d8%a7%d9%84%d8%a7%d9%82%d8%aa%d8%b1%d8%a7%d8%b9-%d8%a7%d9%84%d8%aa%d8%a7%d9%8a%d9%84%d8%a7%d9%86%d8%af%d9%8a%d8%a9-%d8%a7%d9%84%d9%85%d9%82%d9%84%d9%8a%d8%a9/,https://staging.lacuisinedebernard.com/%d8%a8%d8%b7%d8%a7%d9%82%d8%a7%d8%aa-%d8%a7%d9%84%d8%a7%d9%82%d8%aa%d8%b1%d8%a7%d8%b9-%d8%a7%d9%84%d8%aa%d8%a7%d9%8a%d9%84%d8%a7%d9%86%d8%af%d9%8a%d8%a9-%d8%a7%d9%84%d9%85%d9%82%d9%84%d9%8a%d8%a9
https://www.lacuisinedebernard.com/%d8%a8%d8%b7%d8%a7%d9%82%d8%a7%d8%aa-%d8%a7%d9%84%d8%a7%d9%82%d8%aa%d8%b1%d8%a7%d8%b9-%d8%a7%d9%84%d8%aa%d8%a7%d9%8a%d9%84%d8%a7%d9%86%d8%af%d9%8a%d8%a9-%d8%a7%d9%84%d9%85%d9%82%d9%84%d9%8a%d8%a9,https://staging.lacuisinedebernard.com/%d8%a8%d8%b7%d8%a7%d9%82%d8%a7%d8%aa-%d8%a7%d9%84%d8%a7%d9%82%d8%aa%d8%b1%d8%a7%d8%b9-%d8%a7%d9%84%d8%aa%d8%a7%d9%8a%d9%84%d8%a7%d9%86%d8%af%d9%8a%d8%a9-%d8%a7%d9%84%d9%85%d9%82%d9%84%d9%8a%d8%a9
https://www.lacuisinedebernard.com/%d8%a8%d8%b7%d8%a7%d9%82%d8%a7%d8%aa-%d8%a7%d9%84%d8%a7%d9%82%d8%aa%d8%b1%d8%a7%d8%b9-%d8%a7%d9%84%d8%aa%d8%a7%d9%8a%d9%84%d8%a7%d9%86%d8%af%d9%8a%d8%a9-%d8%a7%d9%84%d9%85%d9%82%d9%84%d9%8a%d8%a9/,https://staging.lacuisinedebernard.com/%d8%a8%d8%b7%d8%a7%d9%82%d8%a7%d8%aa-%d8%a7%d9%84%d8%a7%d9%82%d8%aa%d8%b1%d8%a7%d8%b9-%d8%a7%d9%84%d8%aa%d8%a7%d9%8a%d9%84%d8%a7%d9%86%d8%af%d9%8a%d8%a9-%d8%a7%d9%84%d9%85%d9%82%d9%84%d9%8a%d8%a9
https://lacuisinedebernard.com/spinach-risotto,https://staging.lacuisinedebernard.com/spinach-risotto
https://lacuisinedebernard.com/spinach-risotto/,https://staging.lacuisinedebernard.com/spinach-risotto
https://www.lacuisinedebernard.com/spinach-risotto,https://staging.lacuisinedebernard.com/spinach-risotto
https://www.lacuisinedebernard.com/spinach-risotto/,https://staging.lacuisinedebernard.com/spinach-risotto
https://lacuisinedebernard.com/pasta-a-la-carbonara,https://staging.lacuisinedebernard.com/pasta-a-la-carbonara
https://lacuisinedebernard.com/pasta-a-la-carbonara/,https://staging.lacuisinedebernard.com/pasta-a-la-carbonara
https://www.lacuisinedebernard.com/pasta-a-la-carbonara,https://staging.lacuisinedebernard.com/pasta-a-la-carbonara
https://www.lacuisinedebernard.com/pasta-a-la-carbonara/,https://staging.lacuisinedebernard.com/pasta-a-la-carbonara
https://lacuisinedebernard.com/buey-bourguignon,https://staging.lacuisinedebernard.com/buey-bourguignon
https://lacuisinedebernard.com/buey-bourguignon/,https://staging.lacuisinedebernard.com/buey-bourguignon
https://www.lacuisinedebernard.com/buey-bourguignon,https://staging.lacuisinedebernard.com/buey-bourguignon
https://www.lacuisinedebernard.com/buey-bourguignon/,https://staging.lacuisinedebernard.com/buey-bourguignon
https://lacuisinedebernard.com/%d9%86%d9%88%d8%af%d9%84%d8%b2-%d8%a8%d8%a7%d9%84%d8%b3%d9%85%d8%b3%d9%85-%d8%a7%d9%84%d8%ad%d8%a7%d8%b1-%d9%88%d8%b5%d9%84%d8%b5%d8%a9-%d8%a7%d9%84%d9%81%d9%88%d9%84-%d8%a7%d9%84%d8%b3%d9%88%d8%af,https://staging.lacuisinedebernard.com/%d9%86%d9%88%d8%af%d9%84%d8%b2-%d8%a8%d8%a7%d9%84%d8%b3%d9%85%d8%b3%d9%85-%d8%a7%d9%84%d8%ad%d8%a7%d8%b1-%d9%88%d8%b5%d9%84%d8%b5%d8%a9-%d8%a7%d9%84%d9%81%d9%88%d9%84-%d8%a7%d9%84%d8%b3%d9%88%d8%af
https://lacuisinedebernard.com/%d9%86%d9%88%d8%af%d9%84%d8%b2-%d8%a8%d8%a7%d9%84%d8%b3%d9%85%d8%b3%d9%85-%d8%a7%d9%84%d8%ad%d8%a7%d8%b1-%d9%88%d8%b5%d9%84%d8%b5%d8%a9-%d8%a7%d9%84%d9%81%d9%88%d9%84-%d8%a7%d9%84%d8%b3%d9%88%d8%af/,https://staging.lacuisinedebernard.com/%d9%86%d9%88%d8%af%d9%84%d8%b2-%d8%a8%d8%a7%d9%84%d8%b3%d9%85%d8%b3%d9%85-%d8%a7%d9%84%d8%ad%d8%a7%d8%b1-%d9%88%d8%b5%d9%84%d8%b5%d8%a9-%d8%a7%d9%84%d9%81%d9%88%d9%84-%d8%a7%d9%84%d8%b3%d9%88%d8%af
https://www.lacuisinedebernard.com/%d9%86%d9%88%d8%af%d9%84%d8%b2-%d8%a8%d8%a7%d9%84%d8%b3%d9%85%d8%b3%d9%85-%d8%a7%d9%84%d8%ad%d8%a7%d8%b1-%d9%88%d8%b5%d9%84%d8%b5%d8%a9-%d8%a7%d9%84%d9%81%d9%88%d9%84-%d8%a7%d9%84%d8%b3%d9%88%d8%af,https://staging.lacuisinedebernard.com/%d9%86%d9%88%d8%af%d9%84%d8%b2-%d8%a8%d8%a7%d9%84%d8%b3%d9%85%d8%b3%d9%85-%d8%a7%d9%84%d8%ad%d8%a7%d8%b1-%d9%88%d8%b5%d9%84%d8%b5%d8%a9-%d8%a7%d9%84%d9%81%d9%88%d9%84-%d8%a7%d9%84%d8%b3%d9%88%d8%af
https://www.lacuisinedebernard.com/%d9%86%d9%88%d8%af%d9%84%d8%b2-%d8%a8%d8%a7%d9%84%d8%b3%d9%85%d8%b3%d9%85-%d8%a7%d9%84%d8%ad%d8%a7%d8%b1-%d9%88%d8%b5%d9%84%d8%b5%d8%a9-%d8%a7%d9%84%d9%81%d9%88%d9%84-%d8%a7%d9%84%d8%b3%d9%88%d8%af/,https://staging.lacuisinedebernard.com/%d9%86%d9%88%d8%af%d9%84%d8%b2-%d8%a8%d8%a7%d9%84%d8%b3%d9%85%d8%b3%d9%85-%d8%a7%d9%84%d8%ad%d8%a7%d8%b1-%d9%88%d8%b5%d9%84%d8%b5%d8%a9-%d8%a7%d9%84%d9%81%d9%88%d9%84-%d8%a7%d9%84%d8%b3%d9%88%d8%af
https://lacuisinedebernard.com/ovos-em-molho-de-natas,https://staging.lacuisinedebernard.com/ovos-em-molho-de-natas
https://lacuisinedebernard.com/ovos-em-molho-de-natas/,https://staging.lacuisinedebernard.com/ovos-em-molho-de-natas
https://www.lacuisinedebernard.com/ovos-em-molho-de-natas,https://staging.lacuisinedebernard.com/ovos-em-molho-de-natas
https://www.lacuisinedebernard.com/ovos-em-molho-de-natas/,https://staging.lacuisinedebernard.com/ovos-em-molho-de-natas
https://lacuisinedebernard.com/massas-a-la-carbonara,https://staging.lacuisinedebernard.com/massas-a-la-carbonara
https://lacuisinedebernard.com/massas-a-la-carbonara/,https://staging.lacuisinedebernard.com/massas-a-la-carbonara
https://www.lacuisinedebernard.com/massas-a-la-carbonara,https://staging.lacuisinedebernard.com/massas-a-la-carbonara
https://www.lacuisinedebernard.com/massas-a-la-carbonara/,https://staging.lacuisinedebernard.com/massas-a-la-carbonara
https://lacuisinedebernard.com/bourguignon-de-carne-bovina,https://staging.lacuisinedebernard.com/bourguignon-de-carne-bovina
https://lacuisinedebernard.com/bourguignon-de-carne-bovina/,https://staging.lacuisinedebernard.com/bourguignon-de-carne-bovina
https://www.lacuisinedebernard.com/bourguignon-de-carne-bovina,https://staging.lacuisinedebernard.com/bourguignon-de-carne-bovina
https://www.lacuisinedebernard.com/bourguignon-de-carne-bovina/,https://staging.lacuisinedebernard.com/bourguignon-de-carne-bovina
https://lacuisinedebernard.com/%d8%b1%d9%8a%d8%b3%d8%aa%d9%88-%d8%a7%d9%84%d8%b3%d8%a8%d8%a7%d9%86%d8%ae,https://staging.lacuisinedebernard.com/%d8%b1%d9%8a%d8%b3%d8%aa%d9%88-%d8%a7%d9%84%d8%b3%d8%a8%d8%a7%d9%86%d8%ae
https://lacuisinedebernard.com/%d8%b1%d9%8a%d8%b3%d8%aa%d9%88-%d8%a7%d9%84%d8%b3%d8%a8%d8%a7%d9%86%d8%ae/,https://staging.lacuisinedebernard.com/%d8%b1%d9%8a%d8%b3%d8%aa%d9%88-%d8%a7%d9%84%d8%b3%d8%a8%d8%a7%d9%86%d8%ae
https://www.lacuisinedebernard.com/%d8%b1%d9%8a%d8%b3%d8%aa%d9%88-%d8%a7%d9%84%d8%b3%d8%a8%d8%a7%d9%86%d8%ae,https://staging.lacuisinedebernard.com/%d8%b1%d9%8a%d8%b3%d8%aa%d9%88-%d8%a7%d9%84%d8%b3%d8%a8%d8%a7%d9%86%d8%ae
https://www.lacuisinedebernard.com/%d8%b1%d9%8a%d8%b3%d8%aa%d9%88-%d8%a7%d9%84%d8%b3%d8%a8%d8%a7%d9%86%d8%ae/,https://staging.lacuisinedebernard.com/%d8%b1%d9%8a%d8%b3%d8%aa%d9%88-%d8%a7%d9%84%d8%b3%d8%a8%d8%a7%d9%86%d8%ae
https://lacuisinedebernard.com/sopa-de-calabaza-y-jengibre,https://staging.lacuisinedebernard.com/sopa-de-calabaza-y-jengibre
https://lacuisinedebernard.com/sopa-de-calabaza-y-jengibre/,https://staging.lacuisinedebernard.com/sopa-de-calabaza-y-jengibre
https://www.lacuisinedebernard.com/sopa-de-calabaza-y-jengibre,https://staging.lacuisinedebernard.com/sopa-de-calabaza-y-jengibre
https://www.lacuisinedebernard.com/sopa-de-calabaza-y-jengibre/,https://staging.lacuisinedebernard.com/sopa-de-calabaza-y-jengibre
https://lacuisinedebernard.com/carbonada-flamenca,https://staging.lacuisinedebernard.com/carbonada-flamenca
https://lacuisinedebernard.com/carbonada-flamenca/,https://staging.lacuisinedebernard.com/carbonada-flamenca
https://www.lacuisinedebernard.com/carbonada-flamenca,https://staging.lacuisinedebernard.com/carbonada-flamenca
https://www.lacuisinedebernard.com/carbonada-flamenca/,https://staging.lacuisinedebernard.com/carbonada-flamenca
https://lacuisinedebernard.com/creme-eggs,https://staging.lacuisinedebernard.com/creme-eggs
https://lacuisinedebernard.com/creme-eggs/,https://staging.lacuisinedebernard.com/creme-eggs
https://www.lacuisinedebernard.com/creme-eggs,https://staging.lacuisinedebernard.com/creme-eggs
https://www.lacuisinedebernard.com/creme-eggs/,https://staging.lacuisinedebernard.com/creme-eggs
https://lacuisinedebernard.com/tostadas-fritas-de-camarones,https://staging.lacuisinedebernard.com/tostadas-fritas-de-camarones
https://lacuisinedebernard.com/tostadas-fritas-de-camarones/,https://staging.lacuisinedebernard.com/tostadas-fritas-de-camarones
https://www.lacuisinedebernard.com/tostadas-fritas-de-camarones,https://staging.lacuisinedebernard.com/tostadas-fritas-de-camarones
https://www.lacuisinedebernard.com/tostadas-fritas-de-camarones/,https://staging.lacuisinedebernard.com/tostadas-fritas-de-camarones
https://lacuisinedebernard.com/tosta-de-camarao-frito,https://staging.lacuisinedebernard.com/tosta-de-camarao-frito
https://lacuisinedebernard.com/tosta-de-camarao-frito/,https://staging.lacuisinedebernard.com/tosta-de-camarao-frito
https://www.lacuisinedebernard.com/tosta-de-camarao-frito,https://staging.lacuisinedebernard.com/tosta-de-camarao-frito
https://www.lacuisinedebernard.com/tosta-de-camarao-frito/,https://staging.lacuisinedebernard.com/tosta-de-camarao-frito
https://lacuisinedebernard.com/frango-com-folhas-de-pandanus,https://staging.lacuisinedebernard.com/frango-com-folhas-de-pandanus
https://lacuisinedebernard.com/frango-com-folhas-de-pandanus/,https://staging.lacuisinedebernard.com/frango-com-folhas-de-pandanus
https://www.lacuisinedebernard.com/frango-com-folhas-de-pandanus,https://staging.lacuisinedebernard.com/frango-com-folhas-de-pandanus
https://www.lacuisinedebernard.com/frango-com-folhas-de-pandanus/,https://staging.lacuisinedebernard.com/frango-com-folhas-de-pandanus
https://lacuisinedebernard.com/%d9%83%d9%8a%d8%b4-%d8%a7%d9%84%d8%b3%d8%a8%d8%a7%d9%86%d8%ae-%d9%88%d8%a7%d9%84%d8%b3%d9%84%d9%85%d9%88%d9%86-%d8%a7%d9%84%d9%85%d8%af%d8%ae%d9%86,https://staging.lacuisinedebernard.com/%d9%83%d9%8a%d8%b4-%d8%a7%d9%84%d8%b3%d8%a8%d8%a7%d9%86%d8%ae-%d9%88%d8%a7%d9%84%d8%b3%d9%84%d9%85%d9%88%d9%86-%d8%a7%d9%84%d9%85%d8%af%d8%ae%d9%86
https://lacuisinedebernard.com/%d9%83%d9%8a%d8%b4-%d8%a7%d9%84%d8%b3%d8%a8%d8%a7%d9%86%d8%ae-%d9%88%d8%a7%d9%84%d8%b3%d9%84%d9%85%d9%88%d9%86-%d8%a7%d9%84%d9%85%d8%af%d8%ae%d9%86/,https://staging.lacuisinedebernard.com/%d9%83%d9%8a%d8%b4-%d8%a7%d9%84%d8%b3%d8%a8%d8%a7%d9%86%d8%ae-%d9%88%d8%a7%d9%84%d8%b3%d9%84%d9%85%d9%88%d9%86-%d8%a7%d9%84%d9%85%d8%af%d8%ae%d9%86
https://www.lacuisinedebernard.com/%d9%83%d9%8a%d8%b4-%d8%a7%d9%84%d8%b3%d8%a8%d8%a7%d9%86%d8%ae-%d9%88%d8%a7%d9%84%d8%b3%d9%84%d9%85%d9%88%d9%86-%d8%a7%d9%84%d9%85%d8%af%d8%ae%d9%86,https://staging.lacuisinedebernard.com/%d9%83%d9%8a%d8%b4-%d8%a7%d9%84%d8%b3%d8%a8%d8%a7%d9%86%d8%ae-%d9%88%d8%a7%d9%84%d8%b3%d9%84%d9%85%d9%88%d9%86-%d8%a7%d9%84%d9%85%d8%af%d8%ae%d9%86
https://www.lacuisinedebernard.com/%d9%83%d9%8a%d8%b4-%d8%a7%d9%84%d8%b3%d8%a8%d8%a7%d9%86%d8%ae-%d9%88%d8%a7%d9%84%d8%b3%d9%84%d9%85%d9%88%d9%86-%d8%a7%d9%84%d9%85%d8%af%d8%ae%d9%86/,https://staging.lacuisinedebernard.com/%d9%83%d9%8a%d8%b4-%d8%a7%d9%84%d8%b3%d8%a8%d8%a7%d9%86%d8%ae-%d9%88%d8%a7%d9%84%d8%b3%d9%84%d9%85%d9%88%d9%86-%d8%a7%d9%84%d9%85%d8%af%d8%ae%d9%86
https://lacuisinedebernard.com/chinese-stir-fried-noodles-with-vegetables-and-duck,https://staging.lacuisinedebernard.com/chinese-stir-fried-noodles-with-vegetables-and-duck
https://lacuisinedebernard.com/chinese-stir-fried-noodles-with-vegetables-and-duck/,https://staging.lacuisinedebernard.com/chinese-stir-fried-noodles-with-vegetables-and-duck
https://www.lacuisinedebernard.com/chinese-stir-fried-noodles-with-vegetables-and-duck,https://staging.lacuisinedebernard.com/chinese-stir-fried-noodles-with-vegetables-and-duck
https://www.lacuisinedebernard.com/chinese-stir-fried-noodles-with-vegetables-and-duck/,https://staging.lacuisinedebernard.com/chinese-stir-fried-noodles-with-vegetables-and-duck
https://lacuisinedebernard.com/%d8%a7%d9%84%d8%ae%d8%a8%d8%b2-%d8%a7%d9%84%d9%85%d8%ad%d9%85%d8%b5-%d8%a7%d9%84%d9%85%d9%82%d8%b1%d9%85%d8%b4-%d9%85%d8%b9-%d9%81%d8%b7%d8%a7%d8%a6%d8%b1-%d9%81%d9%88%d8%a7-%d8%ac%d8%b1%d8%a7-%d8%a7,https://staging.lacuisinedebernard.com/%d8%a7%d9%84%d8%ae%d8%a8%d8%b2-%d8%a7%d9%84%d9%85%d8%ad%d9%85%d8%b5-%d8%a7%d9%84%d9%85%d9%82%d8%b1%d9%85%d8%b4-%d9%85%d8%b9-%d9%81%d8%b7%d8%a7%d8%a6%d8%b1-%d9%81%d9%88%d8%a7-%d8%ac%d8%b1%d8%a7-%d8%a7
https://lacuisinedebernard.com/%d8%a7%d9%84%d8%ae%d8%a8%d8%b2-%d8%a7%d9%84%d9%85%d8%ad%d9%85%d8%b5-%d8%a7%d9%84%d9%85%d9%82%d8%b1%d9%85%d8%b4-%d9%85%d8%b9-%d9%81%d8%b7%d8%a7%d8%a6%d8%b1-%d9%81%d9%88%d8%a7-%d8%ac%d8%b1%d8%a7-%d8%a7/,https://staging.lacuisinedebernard.com/%d8%a7%d9%84%d8%ae%d8%a8%d8%b2-%d8%a7%d9%84%d9%85%d8%ad%d9%85%d8%b5-%d8%a7%d9%84%d9%85%d9%82%d8%b1%d9%85%d8%b4-%d9%85%d8%b9-%d9%81%d8%b7%d8%a7%d8%a6%d8%b1-%d9%81%d9%88%d8%a7-%d8%ac%d8%b1%d8%a7-%d8%a7
https://www.lacuisinedebernard.com/%d8%a7%d9%84%d8%ae%d8%a8%d8%b2-%d8%a7%d9%84%d9%85%d8%ad%d9%85%d8%b5-%d8%a7%d9%84%d9%85%d9%82%d8%b1%d9%85%d8%b4-%d9%85%d8%b9-%d9%81%d8%b7%d8%a7%d8%a6%d8%b1-%d9%81%d9%88%d8%a7-%d8%ac%d8%b1%d8%a7-%d8%a7,https://staging.lacuisinedebernard.com/%d8%a7%d9%84%d8%ae%d8%a8%d8%b2-%d8%a7%d9%84%d9%85%d8%ad%d9%85%d8%b5-%d8%a7%d9%84%d9%85%d9%82%d8%b1%d9%85%d8%b4-%d9%85%d8%b9-%d9%81%d8%b7%d8%a7%d8%a6%d8%b1-%d9%81%d9%88%d8%a7-%d8%ac%d8%b1%d8%a7-%d8%a7
https://www.lacuisinedebernard.com/%d8%a7%d9%84%d8%ae%d8%a8%d8%b2-%d8%a7%d9%84%d9%85%d8%ad%d9%85%d8%b5-%d8%a7%d9%84%d9%85%d9%82%d8%b1%d9%85%d8%b4-%d9%85%d8%b9-%d9%81%d8%b7%d8%a7%d8%a6%d8%b1-%d9%81%d9%88%d8%a7-%d8%ac%d8%b1%d8%a7-%d8%a7/,https://staging.lacuisinedebernard.com/%d8%a7%d9%84%d8%ae%d8%a8%d8%b2-%d8%a7%d9%84%d9%85%d8%ad%d9%85%d8%b5-%d8%a7%d9%84%d9%85%d9%82%d8%b1%d9%85%d8%b4-%d9%85%d8%b9-%d9%81%d8%b7%d8%a7%d8%a6%d8%b1-%d9%81%d9%88%d8%a7-%d8%ac%d8%b1%d8%a7-%d8%a7
https://lacuisinedebernard.com/%d8%af%d8%ac%d8%a7%d8%ac-%d8%aa%d9%8a%d8%b1%d9%8a%d9%86-%d9%81%d9%8a-%d9%81%d9%88%d8%a7-%d8%ac%d9%8a%d9%84%d9%8a,https://staging.lacuisinedebernard.com/%d8%af%d8%ac%d8%a7%d8%ac-%d8%aa%d9%8a%d8%b1%d9%8a%d9%86-%d9%81%d9%8a-%d9%81%d9%88%d8%a7-%d8%ac%d9%8a%d9%84%d9%8a
https://lacuisinedebernard.com/%d8%af%d8%ac%d8%a7%d8%ac-%d8%aa%d9%8a%d8%b1%d9%8a%d9%86-%d9%81%d9%8a-%d9%81%d9%88%d8%a7-%d8%ac%d9%8a%d9%84%d9%8a/,https://staging.lacuisinedebernard.com/%d8%af%d8%ac%d8%a7%d8%ac-%d8%aa%d9%8a%d8%b1%d9%8a%d9%86-%d9%81%d9%8a-%d9%81%d9%88%d8%a7-%d8%ac%d9%8a%d9%84%d9%8a
https://www.lacuisinedebernard.com/%d8%af%d8%ac%d8%a7%d8%ac-%d8%aa%d9%8a%d8%b1%d9%8a%d9%86-%d9%81%d9%8a-%d9%81%d9%88%d8%a7-%d8%ac%d9%8a%d9%84%d9%8a,https://staging.lacuisinedebernard.com/%d8%af%d8%ac%d8%a7%d8%ac-%d8%aa%d9%8a%d8%b1%d9%8a%d9%86-%d9%81%d9%8a-%d9%81%d9%88%d8%a7-%d8%ac%d9%8a%d9%84%d9%8a
https://www.lacuisinedebernard.com/%d8%af%d8%ac%d8%a7%d8%ac-%d8%aa%d9%8a%d8%b1%d9%8a%d9%86-%d9%81%d9%8a-%d9%81%d9%88%d8%a7-%d8%ac%d9%8a%d9%84%d9%8a/,https://staging.lacuisinedebernard.com/%d8%af%d8%ac%d8%a7%d8%ac-%d8%aa%d9%8a%d8%b1%d9%8a%d9%86-%d9%81%d9%8a-%d9%81%d9%88%d8%a7-%d8%ac%d9%8a%d9%84%d9%8a
https://lacuisinedebernard.com/quiche-de-brocoli-jamon-y-roquefort,https://staging.lacuisinedebernard.com/quiche-de-brocoli-jamon-y-roquefort
https://lacuisinedebernard.com/quiche-de-brocoli-jamon-y-roquefort/,https://staging.lacuisinedebernard.com/quiche-de-brocoli-jamon-y-roquefort
https://www.lacuisinedebernard.com/quiche-de-brocoli-jamon-y-roquefort,https://staging.lacuisinedebernard.com/quiche-de-brocoli-jamon-y-roquefort
https://www.lacuisinedebernard.com/quiche-de-brocoli-jamon-y-roquefort/,https://staging.lacuisinedebernard.com/quiche-de-brocoli-jamon-y-roquefort
https://lacuisinedebernard.com/salmorejo,https://staging.lacuisinedebernard.com/salmorejo
https://lacuisinedebernard.com/salmorejo/,https://staging.lacuisinedebernard.com/salmorejo
https://www.lacuisinedebernard.com/salmorejo,https://staging.lacuisinedebernard.com/salmorejo
https://www.lacuisinedebernard.com/salmorejo/,https://staging.lacuisinedebernard.com/salmorejo
https://lacuisinedebernard.com/lasana-con-berenjena,https://staging.lacuisinedebernard.com/lasana-con-berenjena
https://lacuisinedebernard.com/lasana-con-berenjena/,https://staging.lacuisinedebernard.com/lasana-con-berenjena
https://www.lacuisinedebernard.com/lasana-con-berenjena,https://staging.lacuisinedebernard.com/lasana-con-berenjena
https://www.lacuisinedebernard.com/lasana-con-berenjena/,https://staging.lacuisinedebernard.com/lasana-con-berenjena
https://lacuisinedebernard.com/chicken-with-pandanus-leaves,https://staging.lacuisinedebernard.com/chicken-with-pandanus-leaves
https://lacuisinedebernard.com/chicken-with-pandanus-leaves/,https://staging.lacuisinedebernard.com/chicken-with-pandanus-leaves
https://www.lacuisinedebernard.com/chicken-with-pandanus-leaves,https://staging.lacuisinedebernard.com/chicken-with-pandanus-leaves
https://www.lacuisinedebernard.com/chicken-with-pandanus-leaves/,https://staging.lacuisinedebernard.com/chicken-with-pandanus-leaves
https://lacuisinedebernard.com/pollo-caramelizado-con-citricos,https://staging.lacuisinedebernard.com/pollo-caramelizado-con-citricos
https://lacuisinedebernard.com/pollo-caramelizado-con-citricos/,https://staging.lacuisinedebernard.com/pollo-caramelizado-con-citricos
https://www.lacuisinedebernard.com/pollo-caramelizado-con-citricos,https://staging.lacuisinedebernard.com/pollo-caramelizado-con-citricos
https://www.lacuisinedebernard.com/pollo-caramelizado-con-citricos/,https://staging.lacuisinedebernard.com/pollo-caramelizado-con-citricos
https://lacuisinedebernard.com/%d9%86%d9%88%d8%af%d9%84%d8%b2-%d8%b5%d9%8a%d9%86%d9%8a%d8%a9-%d9%85%d9%82%d9%84%d9%8a%d8%a9-%d9%85%d8%b9-%d8%a7%d9%84%d8%ae%d8%b6%d8%a7%d8%b1-%d9%88%d8%a7%d9%84%d8%a8%d8%b7,https://staging.lacuisinedebernard.com/%d9%86%d9%88%d8%af%d9%84%d8%b2-%d8%b5%d9%8a%d9%86%d9%8a%d8%a9-%d9%85%d9%82%d9%84%d9%8a%d8%a9-%d9%85%d8%b9-%d8%a7%d9%84%d8%ae%d8%b6%d8%a7%d8%b1-%d9%88%d8%a7%d9%84%d8%a8%d8%b7
https://lacuisinedebernard.com/%d9%86%d9%88%d8%af%d9%84%d8%b2-%d8%b5%d9%8a%d9%86%d9%8a%d8%a9-%d9%85%d9%82%d9%84%d9%8a%d8%a9-%d9%85%d8%b9-%d8%a7%d9%84%d8%ae%d8%b6%d8%a7%d8%b1-%d9%88%d8%a7%d9%84%d8%a8%d8%b7/,https://staging.lacuisinedebernard.com/%d9%86%d9%88%d8%af%d9%84%d8%b2-%d8%b5%d9%8a%d9%86%d9%8a%d8%a9-%d9%85%d9%82%d9%84%d9%8a%d8%a9-%d9%85%d8%b9-%d8%a7%d9%84%d8%ae%d8%b6%d8%a7%d8%b1-%d9%88%d8%a7%d9%84%d8%a8%d8%b7
https://www.lacuisinedebernard.com/%d9%86%d9%88%d8%af%d9%84%d8%b2-%d8%b5%d9%8a%d9%86%d9%8a%d8%a9-%d9%85%d9%82%d9%84%d9%8a%d8%a9-%d9%85%d8%b9-%d8%a7%d9%84%d8%ae%d8%b6%d8%a7%d8%b1-%d9%88%d8%a7%d9%84%d8%a8%d8%b7,https://staging.lacuisinedebernard.com/%d9%86%d9%88%d8%af%d9%84%d8%b2-%d8%b5%d9%8a%d9%86%d9%8a%d8%a9-%d9%85%d9%82%d9%84%d9%8a%d8%a9-%d9%85%d8%b9-%d8%a7%d9%84%d8%ae%d8%b6%d8%a7%d8%b1-%d9%88%d8%a7%d9%84%d8%a8%d8%b7
https://www.lacuisinedebernard.com/%d9%86%d9%88%d8%af%d9%84%d8%b2-%d8%b5%d9%8a%d9%86%d9%8a%d8%a9-%d9%85%d9%82%d9%84%d9%8a%d8%a9-%d9%85%d8%b9-%d8%a7%d9%84%d8%ae%d8%b6%d8%a7%d8%b1-%d9%88%d8%a7%d9%84%d8%a8%d8%b7/,https://staging.lacuisinedebernard.com/%d9%86%d9%88%d8%af%d9%84%d8%b2-%d8%b5%d9%8a%d9%86%d9%8a%d8%a9-%d9%85%d9%82%d9%84%d9%8a%d8%a9-%d9%85%d8%b9-%d8%a7%d9%84%d8%ae%d8%b6%d8%a7%d8%b1-%d9%88%d8%a7%d9%84%d8%a8%d8%b7
https://lacuisinedebernard.com/sopa-de-cebolla-gratinada,https://staging.lacuisinedebernard.com/sopa-de-cebolla-gratinada
https://lacuisinedebernard.com/sopa-de-cebolla-gratinada/,https://staging.lacuisinedebernard.com/sopa-de-cebolla-gratinada
https://www.lacuisinedebernard.com/sopa-de-cebolla-gratinada,https://staging.lacuisinedebernard.com/sopa-de-cebolla-gratinada
https://www.lacuisinedebernard.com/sopa-de-cebolla-gratinada/,https://staging.lacuisinedebernard.com/sopa-de-cebolla-gratinada
https://lacuisinedebernard.com/%d9%85%d8%b9%d9%83%d8%b1%d9%88%d9%86%d8%a9-%d9%83%d8%a7%d8%b1%d8%a8%d9%88%d9%86%d8%a7%d8%b1%d8%a7,https://staging.lacuisinedebernard.com/%d9%85%d8%b9%d9%83%d8%b1%d9%88%d9%86%d8%a9-%d9%83%d8%a7%d8%b1%d8%a8%d9%88%d9%86%d8%a7%d8%b1%d8%a7
https://lacuisinedebernard.com/%d9%85%d8%b9%d9%83%d8%b1%d9%88%d9%86%d8%a9-%d9%83%d8%a7%d8%b1%d8%a8%d9%88%d9%86%d8%a7%d8%b1%d8%a7/,https://staging.lacuisinedebernard.com/%d9%85%d8%b9%d9%83%d8%b1%d9%88%d9%86%d8%a9-%d9%83%d8%a7%d8%b1%d8%a8%d9%88%d9%86%d8%a7%d8%b1%d8%a7
https://www.lacuisinedebernard.com/%d9%85%d8%b9%d9%83%d8%b1%d9%88%d9%86%d8%a9-%d9%83%d8%a7%d8%b1%d8%a8%d9%88%d9%86%d8%a7%d8%b1%d8%a7,https://staging.lacuisinedebernard.com/%d9%85%d8%b9%d9%83%d8%b1%d9%88%d9%86%d8%a9-%d9%83%d8%a7%d8%b1%d8%a8%d9%88%d9%86%d8%a7%d8%b1%d8%a7
https://www.lacuisinedebernard.com/%d9%85%d8%b9%d9%83%d8%b1%d9%88%d9%86%d8%a9-%d9%83%d8%a7%d8%b1%d8%a8%d9%88%d9%86%d8%a7%d8%b1%d8%a7/,https://staging.lacuisinedebernard.com/%d9%85%d8%b9%d9%83%d8%b1%d9%88%d9%86%d8%a9-%d9%83%d8%a7%d8%b1%d8%a8%d9%88%d9%86%d8%a7%d8%b1%d8%a7
https://lacuisinedebernard.com/lasanha-com-beringela,https://staging.lacuisinedebernard.com/lasanha-com-beringela
https://lacuisinedebernard.com/lasanha-com-beringela/,https://staging.lacuisinedebernard.com/lasanha-com-beringela
https://www.lacuisinedebernard.com/lasanha-com-beringela,https://staging.lacuisinedebernard.com/lasanha-com-beringela
https://www.lacuisinedebernard.com/lasanha-com-beringela/,https://staging.lacuisinedebernard.com/lasanha-com-beringela
https://lacuisinedebernard.com/brocolos-presunto-e-quiche-roquefort,https://staging.lacuisinedebernard.com/brocolos-presunto-e-quiche-roquefort
https://lacuisinedebernard.com/brocolos-presunto-e-quiche-roquefort/,https://staging.lacuisinedebernard.com/brocolos-presunto-e-quiche-roquefort
https://www.lacuisinedebernard.com/brocolos-presunto-e-quiche-roquefort,https://staging.lacuisinedebernard.com/brocolos-presunto-e-quiche-roquefort
https://www.lacuisinedebernard.com/brocolos-presunto-e-quiche-roquefort/,https://staging.lacuisinedebernard.com/brocolos-presunto-e-quiche-roquefort
https://lacuisinedebernard.com/bacalao-con-crema-de-citricos-y-alcaravea-arroz-rojo,https://staging.lacuisinedebernard.com/bacalao-con-crema-de-citricos-y-alcaravea-arroz-rojo
https://lacuisinedebernard.com/bacalao-con-crema-de-citricos-y-alcaravea-arroz-rojo/,https://staging.lacuisinedebernard.com/bacalao-con-crema-de-citricos-y-alcaravea-arroz-rojo
https://www.lacuisinedebernard.com/bacalao-con-crema-de-citricos-y-alcaravea-arroz-rojo,https://staging.lacuisinedebernard.com/bacalao-con-crema-de-citricos-y-alcaravea-arroz-rojo
https://www.lacuisinedebernard.com/bacalao-con-crema-de-citricos-y-alcaravea-arroz-rojo/,https://staging.lacuisinedebernard.com/bacalao-con-crema-de-citricos-y-alcaravea-arroz-rojo
https://lacuisinedebernard.com/%d8%b3%d8%a7%d9%84%d9%85%d9%88%d8%b1%d8%ac%d9%88,https://staging.lacuisinedebernard.com/%d8%b3%d8%a7%d9%84%d9%85%d9%88%d8%b1%d8%ac%d9%88
https://lacuisinedebernard.com/%d8%b3%d8%a7%d9%84%d9%85%d9%88%d8%b1%d8%ac%d9%88/,https://staging.lacuisinedebernard.com/%d8%b3%d8%a7%d9%84%d9%85%d9%88%d8%b1%d8%ac%d9%88
https://www.lacuisinedebernard.com/%d8%b3%d8%a7%d9%84%d9%85%d9%88%d8%b1%d8%ac%d9%88,https://staging.lacuisinedebernard.com/%d8%b3%d8%a7%d9%84%d9%85%d9%88%d8%b1%d8%ac%d9%88
https://www.lacuisinedebernard.com/%d8%b3%d8%a7%d9%84%d9%85%d9%88%d8%b1%d8%ac%d9%88/,https://staging.lacuisinedebernard.com/%d8%b3%d8%a7%d9%84%d9%85%d9%88%d8%b1%d8%ac%d9%88
https://lacuisinedebernard.com/eggplant-lasagna,https://staging.lacuisinedebernard.com/eggplant-lasagna
https://lacuisinedebernard.com/eggplant-lasagna/,https://staging.lacuisinedebernard.com/eggplant-lasagna
https://www.lacuisinedebernard.com/eggplant-lasagna,https://staging.lacuisinedebernard.com/eggplant-lasagna
https://www.lacuisinedebernard.com/eggplant-lasagna/,https://staging.lacuisinedebernard.com/eggplant-lasagna
https://lacuisinedebernard.com/broccoli-ham-and-roquefort-quiche,https://staging.lacuisinedebernard.com/broccoli-ham-and-roquefort-quiche
https://lacuisinedebernard.com/broccoli-ham-and-roquefort-quiche/,https://staging.lacuisinedebernard.com/broccoli-ham-and-roquefort-quiche
https://www.lacuisinedebernard.com/broccoli-ham-and-roquefort-quiche,https://staging.lacuisinedebernard.com/broccoli-ham-and-roquefort-quiche
https://www.lacuisinedebernard.com/broccoli-ham-and-roquefort-quiche/,https://staging.lacuisinedebernard.com/broccoli-ham-and-roquefort-quiche
https://lacuisinedebernard.com/sopa-de-cebola-gratinado,https://staging.lacuisinedebernard.com/sopa-de-cebola-gratinado
https://lacuisinedebernard.com/sopa-de-cebola-gratinado/,https://staging.lacuisinedebernard.com/sopa-de-cebola-gratinado
https://www.lacuisinedebernard.com/sopa-de-cebola-gratinado,https://staging.lacuisinedebernard.com/sopa-de-cebola-gratinado
https://www.lacuisinedebernard.com/sopa-de-cebola-gratinado/,https://staging.lacuisinedebernard.com/sopa-de-cebola-gratinado
https://lacuisinedebernard.com/frango-caramelizado-com-citrinos,https://staging.lacuisinedebernard.com/frango-caramelizado-com-citrinos
https://lacuisinedebernard.com/frango-caramelizado-com-citrinos/,https://staging.lacuisinedebernard.com/frango-caramelizado-com-citrinos
https://www.lacuisinedebernard.com/frango-caramelizado-com-citrinos,https://staging.lacuisinedebernard.com/frango-caramelizado-com-citrinos
https://www.lacuisinedebernard.com/frango-caramelizado-com-citrinos/,https://staging.lacuisinedebernard.com/frango-caramelizado-com-citrinos
https://lacuisinedebernard.com/terrina-de-pollo-en-gelatina-de-foie-gras,https://staging.lacuisinedebernard.com/terrina-de-pollo-en-gelatina-de-foie-gras
https://lacuisinedebernard.com/terrina-de-pollo-en-gelatina-de-foie-gras/,https://staging.lacuisinedebernard.com/terrina-de-pollo-en-gelatina-de-foie-gras
https://www.lacuisinedebernard.com/terrina-de-pollo-en-gelatina-de-foie-gras,https://staging.lacuisinedebernard.com/terrina-de-pollo-en-gelatina-de-foie-gras
https://www.lacuisinedebernard.com/terrina-de-pollo-en-gelatina-de-foie-gras/,https://staging.lacuisinedebernard.com/terrina-de-pollo-en-gelatina-de-foie-gras
https://lacuisinedebernard.com/%d8%af%d8%ac%d8%a7%d8%ac-%d9%85%d8%b9-%d8%a3%d9%88%d8%b1%d8%a7%d9%82-%d8%a7%d9%84%d8%a8%d8%a7%d9%86%d8%af%d8%a7%d9%86%d9%88%d8%b3,https://staging.lacuisinedebernard.com/%d8%af%d8%ac%d8%a7%d8%ac-%d9%85%d8%b9-%d8%a3%d9%88%d8%b1%d8%a7%d9%82-%d8%a7%d9%84%d8%a8%d8%a7%d9%86%d8%af%d8%a7%d9%86%d9%88%d8%b3
https://lacuisinedebernard.com/%d8%af%d8%ac%d8%a7%d8%ac-%d9%85%d8%b9-%d8%a3%d9%88%d8%b1%d8%a7%d9%82-%d8%a7%d9%84%d8%a8%d8%a7%d9%86%d8%af%d8%a7%d9%86%d9%88%d8%b3/,https://staging.lacuisinedebernard.com/%d8%af%d8%ac%d8%a7%d8%ac-%d9%85%d8%b9-%d8%a3%d9%88%d8%b1%d8%a7%d9%82-%d8%a7%d9%84%d8%a8%d8%a7%d9%86%d8%af%d8%a7%d9%86%d9%88%d8%b3
https://www.lacuisinedebernard.com/%d8%af%d8%ac%d8%a7%d8%ac-%d9%85%d8%b9-%d8%a3%d9%88%d8%b1%d8%a7%d9%82-%d8%a7%d9%84%d8%a8%d8%a7%d9%86%d8%af%d8%a7%d9%86%d9%88%d8%b3,https://staging.lacuisinedebernard.com/%d8%af%d8%ac%d8%a7%d8%ac-%d9%85%d8%b9-%d8%a3%d9%88%d8%b1%d8%a7%d9%82-%d8%a7%d9%84%d8%a8%d8%a7%d9%86%d8%af%d8%a7%d9%86%d9%88%d8%b3
https://www.lacuisinedebernard.com/%d8%af%d8%ac%d8%a7%d8%ac-%d9%85%d8%b9-%d8%a3%d9%88%d8%b1%d8%a7%d9%82-%d8%a7%d9%84%d8%a8%d8%a7%d9%86%d8%af%d8%a7%d9%86%d9%88%d8%b3/,https://staging.lacuisinedebernard.com/%d8%af%d8%ac%d8%a7%d8%ac-%d9%85%d8%b9-%d8%a3%d9%88%d8%b1%d8%a7%d9%82-%d8%a7%d9%84%d8%a8%d8%a7%d9%86%d8%af%d8%a7%d9%86%d9%88%d8%b3
https://lacuisinedebernard.com/quiche-de-espinacas-y-salmon-ahumado,https://staging.lacuisinedebernard.com/quiche-de-espinacas-y-salmon-ahumado
https://lacuisinedebernard.com/quiche-de-espinacas-y-salmon-ahumado/,https://staging.lacuisinedebernard.com/quiche-de-espinacas-y-salmon-ahumado
https://www.lacuisinedebernard.com/quiche-de-espinacas-y-salmon-ahumado,https://staging.lacuisinedebernard.com/quiche-de-espinacas-y-salmon-ahumado
https://www.lacuisinedebernard.com/quiche-de-espinacas-y-salmon-ahumado/,https://staging.lacuisinedebernard.com/quiche-de-espinacas-y-salmon-ahumado
https://lacuisinedebernard.com/bacalhau-com-creme-de-citrinos-e-alcaravia-arroz-vermelho,https://staging.lacuisinedebernard.com/bacalhau-com-creme-de-citrinos-e-alcaravia-arroz-vermelho
https://lacuisinedebernard.com/bacalhau-com-creme-de-citrinos-e-alcaravia-arroz-vermelho/,https://staging.lacuisinedebernard.com/bacalhau-com-creme-de-citrinos-e-alcaravia-arroz-vermelho
https://www.lacuisinedebernard.com/bacalhau-com-creme-de-citrinos-e-alcaravia-arroz-vermelho,https://staging.lacuisinedebernard.com/bacalhau-com-creme-de-citrinos-e-alcaravia-arroz-vermelho
https://www.lacuisinedebernard.com/bacalhau-com-creme-de-citrinos-e-alcaravia-arroz-vermelho/,https://staging.lacuisinedebernard.com/bacalhau-com-creme-de-citrinos-e-alcaravia-arroz-vermelho
https://lacuisinedebernard.com/%d8%b1%d9%88%d8%a8%d9%8a%d8%a7%d9%86-%d9%85%d9%82%d9%84%d9%8a,https://staging.lacuisinedebernard.com/%d8%b1%d9%88%d8%a8%d9%8a%d8%a7%d9%86-%d9%85%d9%82%d9%84%d9%8a
https://lacuisinedebernard.com/%d8%b1%d9%88%d8%a8%d9%8a%d8%a7%d9%86-%d9%85%d9%82%d9%84%d9%8a/,https://staging.lacuisinedebernard.com/%d8%b1%d9%88%d8%a8%d9%8a%d8%a7%d9%86-%d9%85%d9%82%d9%84%d9%8a
https://www.lacuisinedebernard.com/%d8%b1%d9%88%d8%a8%d9%8a%d8%a7%d9%86-%d9%85%d9%82%d9%84%d9%8a,https://staging.lacuisinedebernard.com/%d8%b1%d9%88%d8%a8%d9%8a%d8%a7%d9%86-%d9%85%d9%82%d9%84%d9%8a
https://www.lacuisinedebernard.com/%d8%b1%d9%88%d8%a8%d9%8a%d8%a7%d9%86-%d9%85%d9%82%d9%84%d9%8a/,https://staging.lacuisinedebernard.com/%d8%b1%d9%88%d8%a8%d9%8a%d8%a7%d9%86-%d9%85%d9%82%d9%84%d9%8a
https://lacuisinedebernard.com/tostada-crujiente-con-foie-gras-frito,https://staging.lacuisinedebernard.com/tostada-crujiente-con-foie-gras-frito
https://lacuisinedebernard.com/tostada-crujiente-con-foie-gras-frito/,https://staging.lacuisinedebernard.com/tostada-crujiente-con-foie-gras-frito
https://www.lacuisinedebernard.com/tostada-crujiente-con-foie-gras-frito,https://staging.lacuisinedebernard.com/tostada-crujiente-con-foie-gras-frito
https://www.lacuisinedebernard.com/tostada-crujiente-con-foie-gras-frito/,https://staging.lacuisinedebernard.com/tostada-crujiente-con-foie-gras-frito
https://lacuisinedebernard.com/terrina-de-galinha-em-geleia-de-foie-gras,https://staging.lacuisinedebernard.com/terrina-de-galinha-em-geleia-de-foie-gras
https://lacuisinedebernard.com/terrina-de-galinha-em-geleia-de-foie-gras/,https://staging.lacuisinedebernard.com/terrina-de-galinha-em-geleia-de-foie-gras
https://www.lacuisinedebernard.com/terrina-de-galinha-em-geleia-de-foie-gras,https://staging.lacuisinedebernard.com/terrina-de-galinha-em-geleia-de-foie-gras
https://www.lacuisinedebernard.com/terrina-de-galinha-em-geleia-de-foie-gras/,https://staging.lacuisinedebernard.com/terrina-de-galinha-em-geleia-de-foie-gras
https://lacuisinedebernard.com/onion-soup-gratin,https://staging.lacuisinedebernard.com/onion-soup-gratin
https://lacuisinedebernard.com/onion-soup-gratin/,https://staging.lacuisinedebernard.com/onion-soup-gratin
https://www.lacuisinedebernard.com/onion-soup-gratin,https://staging.lacuisinedebernard.com/onion-soup-gratin
https://www.lacuisinedebernard.com/onion-soup-gratin/,https://staging.lacuisinedebernard.com/onion-soup-gratin
https://lacuisinedebernard.com/caramelized-chicken-with-citrus,https://staging.lacuisinedebernard.com/caramelized-chicken-with-citrus
https://lacuisinedebernard.com/caramelized-chicken-with-citrus/,https://staging.lacuisinedebernard.com/caramelized-chicken-with-citrus
https://www.lacuisinedebernard.com/caramelized-chicken-with-citrus,https://staging.lacuisinedebernard.com/caramelized-chicken-with-citrus
https://www.lacuisinedebernard.com/caramelized-chicken-with-citrus/,https://staging.lacuisinedebernard.com/caramelized-chicken-with-citrus
https://lacuisinedebernard.com/espinafres-e-quiche-de-salmao-fumado,https://staging.lacuisinedebernard.com/espinafres-e-quiche-de-salmao-fumado
https://lacuisinedebernard.com/espinafres-e-quiche-de-salmao-fumado/,https://staging.lacuisinedebernard.com/espinafres-e-quiche-de-salmao-fumado
https://www.lacuisinedebernard.com/espinafres-e-quiche-de-salmao-fumado,https://staging.lacuisinedebernard.com/espinafres-e-quiche-de-salmao-fumado
https://www.lacuisinedebernard.com/espinafres-e-quiche-de-salmao-fumado/,https://staging.lacuisinedebernard.com/espinafres-e-quiche-de-salmao-fumado
https://lacuisinedebernard.com/%d9%84%d8%a7%d8%b2%d8%a7%d9%86%d9%8a%d8%a7-%d8%a7%d9%84%d8%a8%d8%a7%d8%b0%d9%86%d8%ac%d8%a7%d9%86,https://staging.lacuisinedebernard.com/%d9%84%d8%a7%d8%b2%d8%a7%d9%86%d9%8a%d8%a7-%d8%a7%d9%84%d8%a8%d8%a7%d8%b0%d9%86%d8%ac%d8%a7%d9%86
https://lacuisinedebernard.com/%d9%84%d8%a7%d8%b2%d8%a7%d9%86%d9%8a%d8%a7-%d8%a7%d9%84%d8%a8%d8%a7%d8%b0%d9%86%d8%ac%d8%a7%d9%86/,https://staging.lacuisinedebernard.com/%d9%84%d8%a7%d8%b2%d8%a7%d9%86%d9%8a%d8%a7-%d8%a7%d9%84%d8%a8%d8%a7%d8%b0%d9%86%d8%ac%d8%a7%d9%86
https://www.lacuisinedebernard.com/%d9%84%d8%a7%d8%b2%d8%a7%d9%86%d9%8a%d8%a7-%d8%a7%d9%84%d8%a8%d8%a7%d8%b0%d9%86%d8%ac%d8%a7%d9%86,https://staging.lacuisinedebernard.com/%d9%84%d8%a7%d8%b2%d8%a7%d9%86%d9%8a%d8%a7-%d8%a7%d9%84%d8%a8%d8%a7%d8%b0%d9%86%d8%ac%d8%a7%d9%86
https://www.lacuisinedebernard.com/%d9%84%d8%a7%d8%b2%d8%a7%d9%86%d9%8a%d8%a7-%d8%a7%d9%84%d8%a8%d8%a7%d8%b0%d9%86%d8%ac%d8%a7%d9%86/,https://staging.lacuisinedebernard.com/%d9%84%d8%a7%d8%b2%d8%a7%d9%86%d9%8a%d8%a7-%d8%a7%d9%84%d8%a8%d8%a7%d8%b0%d9%86%d8%ac%d8%a7%d9%86
https://lacuisinedebernard.com/%d8%a8%d8%b1%d9%88%d9%83%d9%84%d9%8a-%d9%87%d8%a7%d9%85-%d9%88-%d8%b1%d9%88%d9%83%d9%81%d9%88%d8%b1-%d9%83%d9%8a%d8%b4%d9%8a,https://staging.lacuisinedebernard.com/%d8%a8%d8%b1%d9%88%d9%83%d9%84%d9%8a-%d9%87%d8%a7%d9%85-%d9%88-%d8%b1%d9%88%d9%83%d9%81%d9%88%d8%b1-%d9%83%d9%8a%d8%b4%d9%8a
https://lacuisinedebernard.com/%d8%a8%d8%b1%d9%88%d9%83%d9%84%d9%8a-%d9%87%d8%a7%d9%85-%d9%88-%d8%b1%d9%88%d9%83%d9%81%d9%88%d8%b1-%d9%83%d9%8a%d8%b4%d9%8a/,https://staging.lacuisinedebernard.com/%d8%a8%d8%b1%d9%88%d9%83%d9%84%d9%8a-%d9%87%d8%a7%d9%85-%d9%88-%d8%b1%d9%88%d9%83%d9%81%d9%88%d8%b1-%d9%83%d9%8a%d8%b4%d9%8a
https://www.lacuisinedebernard.com/%d8%a8%d8%b1%d9%88%d9%83%d9%84%d9%8a-%d9%87%d8%a7%d9%85-%d9%88-%d8%b1%d9%88%d9%83%d9%81%d9%88%d8%b1-%d9%83%d9%8a%d8%b4%d9%8a,https://staging.lacuisinedebernard.com/%d8%a8%d8%b1%d9%88%d9%83%d9%84%d9%8a-%d9%87%d8%a7%d9%85-%d9%88-%d8%b1%d9%88%d9%83%d9%81%d9%88%d8%b1-%d9%83%d9%8a%d8%b4%d9%8a
https://www.lacuisinedebernard.com/%d8%a8%d8%b1%d9%88%d9%83%d9%84%d9%8a-%d9%87%d8%a7%d9%85-%d9%88-%d8%b1%d9%88%d9%83%d9%81%d9%88%d8%b1-%d9%83%d9%8a%d8%b4%d9%8a/,https://staging.lacuisinedebernard.com/%d8%a8%d8%b1%d9%88%d9%83%d9%84%d9%8a-%d9%87%d8%a7%d9%85-%d9%88-%d8%b1%d9%88%d9%83%d9%81%d9%88%d8%b1-%d9%83%d9%8a%d8%b4%d9%8a
https://lacuisinedebernard.com/cod-with-citrus-cream-and-caraway-red-rice,https://staging.lacuisinedebernard.com/cod-with-citrus-cream-and-caraway-red-rice
https://lacuisinedebernard.com/cod-with-citrus-cream-and-caraway-red-rice/,https://staging.lacuisinedebernard.com/cod-with-citrus-cream-and-caraway-red-rice
https://www.lacuisinedebernard.com/cod-with-citrus-cream-and-caraway-red-rice,https://staging.lacuisinedebernard.com/cod-with-citrus-cream-and-caraway-red-rice
https://www.lacuisinedebernard.com/cod-with-citrus-cream-and-caraway-red-rice/,https://staging.lacuisinedebernard.com/cod-with-citrus-cream-and-caraway-red-rice
https://lacuisinedebernard.com/fideos-chinos-salteados-con-verduras-y-pato,https://staging.lacuisinedebernard.com/fideos-chinos-salteados-con-verduras-y-pato
https://lacuisinedebernard.com/fideos-chinos-salteados-con-verduras-y-pato/,https://staging.lacuisinedebernard.com/fideos-chinos-salteados-con-verduras-y-pato
https://www.lacuisinedebernard.com/fideos-chinos-salteados-con-verduras-y-pato,https://staging.lacuisinedebernard.com/fideos-chinos-salteados-con-verduras-y-pato
https://www.lacuisinedebernard.com/fideos-chinos-salteados-con-verduras-y-pato/,https://staging.lacuisinedebernard.com/fideos-chinos-salteados-con-verduras-y-pato
https://lacuisinedebernard.com/torradas-crocantes-com-foie-gras-pan-fritas,https://staging.lacuisinedebernard.com/torradas-crocantes-com-foie-gras-pan-fritas
https://lacuisinedebernard.com/torradas-crocantes-com-foie-gras-pan-fritas/,https://staging.lacuisinedebernard.com/torradas-crocantes-com-foie-gras-pan-fritas
https://www.lacuisinedebernard.com/torradas-crocantes-com-foie-gras-pan-fritas,https://staging.lacuisinedebernard.com/torradas-crocantes-com-foie-gras-pan-fritas
https://www.lacuisinedebernard.com/torradas-crocantes-com-foie-gras-pan-fritas/,https://staging.lacuisinedebernard.com/torradas-crocantes-com-foie-gras-pan-fritas
https://lacuisinedebernard.com/pollo-con-hojas-de-pandano,https://staging.lacuisinedebernard.com/pollo-con-hojas-de-pandano
https://lacuisinedebernard.com/pollo-con-hojas-de-pandano/,https://staging.lacuisinedebernard.com/pollo-con-hojas-de-pandano
https://www.lacuisinedebernard.com/pollo-con-hojas-de-pandano,https://staging.lacuisinedebernard.com/pollo-con-hojas-de-pandano
https://www.lacuisinedebernard.com/pollo-con-hojas-de-pandano/,https://staging.lacuisinedebernard.com/pollo-con-hojas-de-pandano
https://lacuisinedebernard.com/%d8%b4%d9%88%d8%b1%d8%a8%d8%a9-%d8%a7%d9%84%d8%a8%d8%b5%d9%84-%d8%a7%d9%84%d9%81%d8%b1%d9%86%d8%b3%d9%8a%d8%a9,https://staging.lacuisinedebernard.com/%d8%b4%d9%88%d8%b1%d8%a8%d8%a9-%d8%a7%d9%84%d8%a8%d8%b5%d9%84-%d8%a7%d9%84%d9%81%d8%b1%d9%86%d8%b3%d9%8a%d8%a9
https://lacuisinedebernard.com/%d8%b4%d9%88%d8%b1%d8%a8%d8%a9-%d8%a7%d9%84%d8%a8%d8%b5%d9%84-%d8%a7%d9%84%d9%81%d8%b1%d9%86%d8%b3%d9%8a%d8%a9/,https://staging.lacuisinedebernard.com/%d8%b4%d9%88%d8%b1%d8%a8%d8%a9-%d8%a7%d9%84%d8%a8%d8%b5%d9%84-%d8%a7%d9%84%d9%81%d8%b1%d9%86%d8%b3%d9%8a%d8%a9
https://www.lacuisinedebernard.com/%d8%b4%d9%88%d8%b1%d8%a8%d8%a9-%d8%a7%d9%84%d8%a8%d8%b5%d9%84-%d8%a7%d9%84%d9%81%d8%b1%d9%86%d8%b3%d9%8a%d8%a9,https://staging.lacuisinedebernard.com/%d8%b4%d9%88%d8%b1%d8%a8%d8%a9-%d8%a7%d9%84%d8%a8%d8%b5%d9%84-%d8%a7%d9%84%d9%81%d8%b1%d9%86%d8%b3%d9%8a%d8%a9
https://www.lacuisinedebernard.com/%d8%b4%d9%88%d8%b1%d8%a8%d8%a9-%d8%a7%d9%84%d8%a8%d8%b5%d9%84-%d8%a7%d9%84%d9%81%d8%b1%d9%86%d8%b3%d9%8a%d8%a9/,https://staging.lacuisinedebernard.com/%d8%b4%d9%88%d8%b1%d8%a8%d8%a9-%d8%a7%d9%84%d8%a8%d8%b5%d9%84-%d8%a7%d9%84%d9%81%d8%b1%d9%86%d8%b3%d9%8a%d8%a9
https://lacuisinedebernard.com/spinach-and-smoked-salmon-quiche,https://staging.lacuisinedebernard.com/spinach-and-smoked-salmon-quiche
https://lacuisinedebernard.com/spinach-and-smoked-salmon-quiche/,https://staging.lacuisinedebernard.com/spinach-and-smoked-salmon-quiche
https://www.lacuisinedebernard.com/spinach-and-smoked-salmon-quiche,https://staging.lacuisinedebernard.com/spinach-and-smoked-salmon-quiche
https://www.lacuisinedebernard.com/spinach-and-smoked-salmon-quiche/,https://staging.lacuisinedebernard.com/spinach-and-smoked-salmon-quiche
https://lacuisinedebernard.com/chicken-terrine-in-foie-gras-jelly,https://staging.lacuisinedebernard.com/chicken-terrine-in-foie-gras-jelly
https://lacuisinedebernard.com/chicken-terrine-in-foie-gras-jelly/,https://staging.lacuisinedebernard.com/chicken-terrine-in-foie-gras-jelly
https://www.lacuisinedebernard.com/chicken-terrine-in-foie-gras-jelly,https://staging.lacuisinedebernard.com/chicken-terrine-in-foie-gras-jelly
https://www.lacuisinedebernard.com/chicken-terrine-in-foie-gras-jelly/,https://staging.lacuisinedebernard.com/chicken-terrine-in-foie-gras-jelly
https://lacuisinedebernard.com/%d8%b3%d9%85%d9%83-%d8%a7%d9%84%d9%82%d8%af-%d9%85%d8%b9-%d9%83%d8%b1%d9%8a%d9%85%d8%a9-%d8%a7%d9%84%d8%ad%d9%85%d8%b6%d9%8a%d8%a7%d8%aa-%d9%88%d8%a7%d9%84%d9%83%d8%b1%d8%a7%d9%88%d9%8a%d8%a9-%d9%88,https://staging.lacuisinedebernard.com/%d8%b3%d9%85%d9%83-%d8%a7%d9%84%d9%82%d8%af-%d9%85%d8%b9-%d9%83%d8%b1%d9%8a%d9%85%d8%a9-%d8%a7%d9%84%d8%ad%d9%85%d8%b6%d9%8a%d8%a7%d8%aa-%d9%88%d8%a7%d9%84%d9%83%d8%b1%d8%a7%d9%88%d9%8a%d8%a9-%d9%88
https://lacuisinedebernard.com/%d8%b3%d9%85%d9%83-%d8%a7%d9%84%d9%82%d8%af-%d9%85%d8%b9-%d9%83%d8%b1%d9%8a%d9%85%d8%a9-%d8%a7%d9%84%d8%ad%d9%85%d8%b6%d9%8a%d8%a7%d8%aa-%d9%88%d8%a7%d9%84%d9%83%d8%b1%d8%a7%d9%88%d9%8a%d8%a9-%d9%88/,https://staging.lacuisinedebernard.com/%d8%b3%d9%85%d9%83-%d8%a7%d9%84%d9%82%d8%af-%d9%85%d8%b9-%d9%83%d8%b1%d9%8a%d9%85%d8%a9-%d8%a7%d9%84%d8%ad%d9%85%d8%b6%d9%8a%d8%a7%d8%aa-%d9%88%d8%a7%d9%84%d9%83%d8%b1%d8%a7%d9%88%d9%8a%d8%a9-%d9%88
https://www.lacuisinedebernard.com/%d8%b3%d9%85%d9%83-%d8%a7%d9%84%d9%82%d8%af-%d9%85%d8%b9-%d9%83%d8%b1%d9%8a%d9%85%d8%a9-%d8%a7%d9%84%d8%ad%d9%85%d8%b6%d9%8a%d8%a7%d8%aa-%d9%88%d8%a7%d9%84%d9%83%d8%b1%d8%a7%d9%88%d9%8a%d8%a9-%d9%88,https://staging.lacuisinedebernard.com/%d8%b3%d9%85%d9%83-%d8%a7%d9%84%d9%82%d8%af-%d9%85%d8%b9-%d9%83%d8%b1%d9%8a%d9%85%d8%a9-%d8%a7%d9%84%d8%ad%d9%85%d8%b6%d9%8a%d8%a7%d8%aa-%d9%88%d8%a7%d9%84%d9%83%d8%b1%d8%a7%d9%88%d9%8a%d8%a9-%d9%88
https://www.lacuisinedebernard.com/%d8%b3%d9%85%d9%83-%d8%a7%d9%84%d9%82%d8%af-%d9%85%d8%b9-%d9%83%d8%b1%d9%8a%d9%85%d8%a9-%d8%a7%d9%84%d8%ad%d9%85%d8%b6%d9%8a%d8%a7%d8%aa-%d9%88%d8%a7%d9%84%d9%83%d8%b1%d8%a7%d9%88%d9%8a%d8%a9-%d9%88/,https://staging.lacuisinedebernard.com/%d8%b3%d9%85%d9%83-%d8%a7%d9%84%d9%82%d8%af-%d9%85%d8%b9-%d9%83%d8%b1%d9%8a%d9%85%d8%a9-%d8%a7%d9%84%d8%ad%d9%85%d8%b6%d9%8a%d8%a7%d8%aa-%d9%88%d8%a7%d9%84%d9%83%d8%b1%d8%a7%d9%88%d9%8a%d8%a9-%d9%88
https://lacuisinedebernard.com/%d8%af%d8%ac%d8%a7%d8%ac-%d9%85%d9%88%d8%a7%d9%84%d8%ad-%d8%a8%d8%a7%d9%84%d9%83%d8%b1%d8%a7%d9%85%d9%8a%d9%84,https://staging.lacuisinedebernard.com/%d8%af%d8%ac%d8%a7%d8%ac-%d9%85%d9%88%d8%a7%d9%84%d8%ad-%d8%a8%d8%a7%d9%84%d9%83%d8%b1%d8%a7%d9%85%d9%8a%d9%84
https://lacuisinedebernard.com/%d8%af%d8%ac%d8%a7%d8%ac-%d9%85%d9%88%d8%a7%d9%84%d8%ad-%d8%a8%d8%a7%d9%84%d9%83%d8%b1%d8%a7%d9%85%d9%8a%d9%84/,https://staging.lacuisinedebernard.com/%d8%af%d8%ac%d8%a7%d8%ac-%d9%85%d9%88%d8%a7%d9%84%d8%ad-%d8%a8%d8%a7%d9%84%d9%83%d8%b1%d8%a7%d9%85%d9%8a%d9%84
https://www.lacuisinedebernard.com/%d8%af%d8%ac%d8%a7%d8%ac-%d9%85%d9%88%d8%a7%d9%84%d8%ad-%d8%a8%d8%a7%d9%84%d9%83%d8%b1%d8%a7%d9%85%d9%8a%d9%84,https://staging.lacuisinedebernard.com/%d8%af%d8%ac%d8%a7%d8%ac-%d9%85%d9%88%d8%a7%d9%84%d8%ad-%d8%a8%d8%a7%d9%84%d9%83%d8%b1%d8%a7%d9%85%d9%8a%d9%84
https://www.lacuisinedebernard.com/%d8%af%d8%ac%d8%a7%d8%ac-%d9%85%d9%88%d8%a7%d9%84%d8%ad-%d8%a8%d8%a7%d9%84%d9%83%d8%b1%d8%a7%d9%85%d9%8a%d9%84/,https://staging.lacuisinedebernard.com/%d8%af%d8%ac%d8%a7%d8%ac-%d9%85%d9%88%d8%a7%d9%84%d8%ad-%d8%a8%d8%a7%d9%84%d9%83%d8%b1%d8%a7%d9%85%d9%8a%d9%84
https://lacuisinedebernard.com/macarrao-chines-frito-com-legumes-e-pato,https://staging.lacuisinedebernard.com/macarrao-chines-frito-com-legumes-e-pato
https://lacuisinedebernard.com/macarrao-chines-frito-com-legumes-e-pato/,https://staging.lacuisinedebernard.com/macarrao-chines-frito-com-legumes-e-pato
https://www.lacuisinedebernard.com/macarrao-chines-frito-com-legumes-e-pato,https://staging.lacuisinedebernard.com/macarrao-chines-frito-com-legumes-e-pato
https://www.lacuisinedebernard.com/macarrao-chines-frito-com-legumes-e-pato/,https://staging.lacuisinedebernard.com/macarrao-chines-frito-com-legumes-e-pato
https://lacuisinedebernard.com/crispy-toast-with-pan-fried-foie-gras,https://staging.lacuisinedebernard.com/crispy-toast-with-pan-fried-foie-gras
https://lacuisinedebernard.com/crispy-toast-with-pan-fried-foie-gras/,https://staging.lacuisinedebernard.com/crispy-toast-with-pan-fried-foie-gras
https://www.lacuisinedebernard.com/crispy-toast-with-pan-fried-foie-gras,https://staging.lacuisinedebernard.com/crispy-toast-with-pan-fried-foie-gras
https://www.lacuisinedebernard.com/crispy-toast-with-pan-fried-foie-gras/,https://staging.lacuisinedebernard.com/crispy-toast-with-pan-fried-foie-gras
https://lacuisinedebernard.com/%d8%aa%d9%88%d8%b1%d8%aa%d9%8a%d9%84%d8%a7-%d8%ad%d9%85%d8%b1%d8%a7%d8%a1,https://staging.lacuisinedebernard.com/%d8%aa%d9%88%d8%b1%d8%aa%d9%8a%d9%84%d8%a7-%d8%ad%d9%85%d8%b1%d8%a7%d8%a1
https://lacuisinedebernard.com/%d8%aa%d9%88%d8%b1%d8%aa%d9%8a%d9%84%d8%a7-%d8%ad%d9%85%d8%b1%d8%a7%d8%a1/,https://staging.lacuisinedebernard.com/%d8%aa%d9%88%d8%b1%d8%aa%d9%8a%d9%84%d8%a7-%d8%ad%d9%85%d8%b1%d8%a7%d8%a1
https://www.lacuisinedebernard.com/%d8%aa%d9%88%d8%b1%d8%aa%d9%8a%d9%84%d8%a7-%d8%ad%d9%85%d8%b1%d8%a7%d8%a1,https://staging.lacuisinedebernard.com/%d8%aa%d9%88%d8%b1%d8%aa%d9%8a%d9%84%d8%a7-%d8%ad%d9%85%d8%b1%d8%a7%d8%a1
https://www.lacuisinedebernard.com/%d8%aa%d9%88%d8%b1%d8%aa%d9%8a%d9%84%d8%a7-%d8%ad%d9%85%d8%b1%d8%a7%d8%a1/,https://staging.lacuisinedebernard.com/%d8%aa%d9%88%d8%b1%d8%aa%d9%8a%d9%84%d8%a7-%d8%ad%d9%85%d8%b1%d8%a7%d8%a1
https://lacuisinedebernard.com/bollos-de-especias-de-arcos,https://staging.lacuisinedebernard.com/bollos-de-especias-de-arcos
https://lacuisinedebernard.com/bollos-de-especias-de-arcos/,https://staging.lacuisinedebernard.com/bollos-de-especias-de-arcos
https://www.lacuisinedebernard.com/bollos-de-especias-de-arcos,https://staging.lacuisinedebernard.com/bollos-de-especias-de-arcos
https://www.lacuisinedebernard.com/bollos-de-especias-de-arcos/,https://staging.lacuisinedebernard.com/bollos-de-especias-de-arcos
https://lacuisinedebernard.com/bunuelos-de-berenjena-andaluces,https://staging.lacuisinedebernard.com/bunuelos-de-berenjena-andaluces
https://lacuisinedebernard.com/bunuelos-de-berenjena-andaluces/,https://staging.lacuisinedebernard.com/bunuelos-de-berenjena-andaluces
https://www.lacuisinedebernard.com/bunuelos-de-berenjena-andaluces,https://staging.lacuisinedebernard.com/bunuelos-de-berenjena-andaluces
https://www.lacuisinedebernard.com/bunuelos-de-berenjena-andaluces/,https://staging.lacuisinedebernard.com/bunuelos-de-berenjena-andaluces
https://lacuisinedebernard.com/indian-rice-with-dry-fruits,https://staging.lacuisinedebernard.com/indian-rice-with-dry-fruits
https://lacuisinedebernard.com/indian-rice-with-dry-fruits/,https://staging.lacuisinedebernard.com/indian-rice-with-dry-fruits
https://www.lacuisinedebernard.com/indian-rice-with-dry-fruits,https://staging.lacuisinedebernard.com/indian-rice-with-dry-fruits
https://www.lacuisinedebernard.com/indian-rice-with-dry-fruits/,https://staging.lacuisinedebernard.com/indian-rice-with-dry-fruits
https://lacuisinedebernard.com/mkharkas-ou-chebbakias,https://staging.lacuisinedebernard.com/mkharkas-ou-chebbakias
https://lacuisinedebernard.com/mkharkas-ou-chebbakias/,https://staging.lacuisinedebernard.com/mkharkas-ou-chebbakias
https://www.lacuisinedebernard.com/mkharkas-ou-chebbakias,https://staging.lacuisinedebernard.com/mkharkas-ou-chebbakias
https://www.lacuisinedebernard.com/mkharkas-ou-chebbakias/,https://staging.lacuisinedebernard.com/mkharkas-ou-chebbakias
https://lacuisinedebernard.com/frango-com-manteiga,https://staging.lacuisinedebernard.com/frango-com-manteiga
https://lacuisinedebernard.com/frango-com-manteiga/,https://staging.lacuisinedebernard.com/frango-com-manteiga
https://www.lacuisinedebernard.com/frango-com-manteiga,https://staging.lacuisinedebernard.com/frango-com-manteiga
https://www.lacuisinedebernard.com/frango-com-manteiga/,https://staging.lacuisinedebernard.com/frango-com-manteiga
https://lacuisinedebernard.com/paezinhos-de-especiarias-arcos,https://staging.lacuisinedebernard.com/paezinhos-de-especiarias-arcos
https://lacuisinedebernard.com/paezinhos-de-especiarias-arcos/,https://staging.lacuisinedebernard.com/paezinhos-de-especiarias-arcos
https://www.lacuisinedebernard.com/paezinhos-de-especiarias-arcos,https://staging.lacuisinedebernard.com/paezinhos-de-especiarias-arcos
https://www.lacuisinedebernard.com/paezinhos-de-especiarias-arcos/,https://staging.lacuisinedebernard.com/paezinhos-de-especiarias-arcos
https://lacuisinedebernard.com/butter-chicken,https://staging.lacuisinedebernard.com/butter-chicken
https://lacuisinedebernard.com/butter-chicken/,https://staging.lacuisinedebernard.com/butter-chicken
https://www.lacuisinedebernard.com/butter-chicken,https://staging.lacuisinedebernard.com/butter-chicken
https://www.lacuisinedebernard.com/butter-chicken/,https://staging.lacuisinedebernard.com/butter-chicken
https://lacuisinedebernard.com/fritos-de-berinjelas-andaluzes,https://staging.lacuisinedebernard.com/fritos-de-berinjelas-andaluzes
https://lacuisinedebernard.com/fritos-de-berinjelas-andaluzes/,https://staging.lacuisinedebernard.com/fritos-de-berinjelas-andaluzes
https://www.lacuisinedebernard.com/fritos-de-berinjelas-andaluzes,https://staging.lacuisinedebernard.com/fritos-de-berinjelas-andaluzes
https://www.lacuisinedebernard.com/fritos-de-berinjelas-andaluzes/,https://staging.lacuisinedebernard.com/fritos-de-berinjelas-andaluzes
https://lacuisinedebernard.com/pollo-de-mil-sabores-de-la-tribu-dai-de-yunnan,https://staging.lacuisinedebernard.com/pollo-de-mil-sabores-de-la-tribu-dai-de-yunnan
https://lacuisinedebernard.com/pollo-de-mil-sabores-de-la-tribu-dai-de-yunnan/,https://staging.lacuisinedebernard.com/pollo-de-mil-sabores-de-la-tribu-dai-de-yunnan
https://www.lacuisinedebernard.com/pollo-de-mil-sabores-de-la-tribu-dai-de-yunnan,https://staging.lacuisinedebernard.com/pollo-de-mil-sabores-de-la-tribu-dai-de-yunnan
https://www.lacuisinedebernard.com/pollo-de-mil-sabores-de-la-tribu-dai-de-yunnan/,https://staging.lacuisinedebernard.com/pollo-de-mil-sabores-de-la-tribu-dai-de-yunnan
https://lacuisinedebernard.com/mkharkas-or-chebbakias,https://staging.lacuisinedebernard.com/mkharkas-or-chebbakias
https://lacuisinedebernard.com/mkharkas-or-chebbakias/,https://staging.lacuisinedebernard.com/mkharkas-or-chebbakias
https://www.lacuisinedebernard.com/mkharkas-or-chebbakias,https://staging.lacuisinedebernard.com/mkharkas-or-chebbakias
https://www.lacuisinedebernard.com/mkharkas-or-chebbakias/,https://staging.lacuisinedebernard.com/mkharkas-or-chebbakias
https://lacuisinedebernard.com/%d8%a3%d8%b1%d8%b2-%d9%87%d9%86%d8%af%d9%8a-%d8%a8%d8%a7%d9%84%d9%81%d9%88%d8%a7%d9%83%d9%87-%d8%a7%d9%84%d9%85%d8%ac%d9%81%d9%81%d8%a9,https://staging.lacuisinedebernard.com/%d8%a3%d8%b1%d8%b2-%d9%87%d9%86%d8%af%d9%8a-%d8%a8%d8%a7%d9%84%d9%81%d9%88%d8%a7%d9%83%d9%87-%d8%a7%d9%84%d9%85%d8%ac%d9%81%d9%81%d8%a9
https://lacuisinedebernard.com/%d8%a3%d8%b1%d8%b2-%d9%87%d9%86%d8%af%d9%8a-%d8%a8%d8%a7%d9%84%d9%81%d9%88%d8%a7%d9%83%d9%87-%d8%a7%d9%84%d9%85%d8%ac%d9%81%d9%81%d8%a9/,https://staging.lacuisinedebernard.com/%d8%a3%d8%b1%d8%b2-%d9%87%d9%86%d8%af%d9%8a-%d8%a8%d8%a7%d9%84%d9%81%d9%88%d8%a7%d9%83%d9%87-%d8%a7%d9%84%d9%85%d8%ac%d9%81%d9%81%d8%a9
https://www.lacuisinedebernard.com/%d8%a3%d8%b1%d8%b2-%d9%87%d9%86%d8%af%d9%8a-%d8%a8%d8%a7%d9%84%d9%81%d9%88%d8%a7%d9%83%d9%87-%d8%a7%d9%84%d9%85%d8%ac%d9%81%d9%81%d8%a9,https://staging.lacuisinedebernard.com/%d8%a3%d8%b1%d8%b2-%d9%87%d9%86%d8%af%d9%8a-%d8%a8%d8%a7%d9%84%d9%81%d9%88%d8%a7%d9%83%d9%87-%d8%a7%d9%84%d9%85%d8%ac%d9%81%d9%81%d8%a9
https://www.lacuisinedebernard.com/%d8%a3%d8%b1%d8%b2-%d9%87%d9%86%d8%af%d9%8a-%d8%a8%d8%a7%d9%84%d9%81%d9%88%d8%a7%d9%83%d9%87-%d8%a7%d9%84%d9%85%d8%ac%d9%81%d9%81%d8%a9/,https://staging.lacuisinedebernard.com/%d8%a3%d8%b1%d8%b2-%d9%87%d9%86%d8%af%d9%8a-%d8%a8%d8%a7%d9%84%d9%81%d9%88%d8%a7%d9%83%d9%87-%d8%a7%d9%84%d9%85%d8%ac%d9%81%d9%81%d8%a9
https://lacuisinedebernard.com/mil-sabores-de-frango-da-tribo-dai-de-yunnan,https://staging.lacuisinedebernard.com/mil-sabores-de-frango-da-tribo-dai-de-yunnan
https://lacuisinedebernard.com/mil-sabores-de-frango-da-tribo-dai-de-yunnan/,https://staging.lacuisinedebernard.com/mil-sabores-de-frango-da-tribo-dai-de-yunnan
https://www.lacuisinedebernard.com/mil-sabores-de-frango-da-tribo-dai-de-yunnan,https://staging.lacuisinedebernard.com/mil-sabores-de-frango-da-tribo-dai-de-yunnan
https://www.lacuisinedebernard.com/mil-sabores-de-frango-da-tribo-dai-de-yunnan/,https://staging.lacuisinedebernard.com/mil-sabores-de-frango-da-tribo-dai-de-yunnan
https://lacuisinedebernard.com/mkharkas-%d8%a3%d9%88-chebbakias,https://staging.lacuisinedebernard.com/mkharkas-%d8%a3%d9%88-chebbakias
https://lacuisinedebernard.com/mkharkas-%d8%a3%d9%88-chebbakias/,https://staging.lacuisinedebernard.com/mkharkas-%d8%a3%d9%88-chebbakias
https://www.lacuisinedebernard.com/mkharkas-%d8%a3%d9%88-chebbakias,https://staging.lacuisinedebernard.com/mkharkas-%d8%a3%d9%88-chebbakias
https://www.lacuisinedebernard.com/mkharkas-%d8%a3%d9%88-chebbakias/,https://staging.lacuisinedebernard.com/mkharkas-%d8%a3%d9%88-chebbakias
https://lacuisinedebernard.com/arcos-spice-buns,https://staging.lacuisinedebernard.com/arcos-spice-buns
https://lacuisinedebernard.com/arcos-spice-buns/,https://staging.lacuisinedebernard.com/arcos-spice-buns
https://www.lacuisinedebernard.com/arcos-spice-buns,https://staging.lacuisinedebernard.com/arcos-spice-buns
https://www.lacuisinedebernard.com/arcos-spice-buns/,https://staging.lacuisinedebernard.com/arcos-spice-buns
https://lacuisinedebernard.com/%d8%af%d8%ac%d8%a7%d8%ac-%d8%a8%d8%a7%d9%84%d8%b2%d8%a8%d8%af%d8%a9,https://staging.lacuisinedebernard.com/%d8%af%d8%ac%d8%a7%d8%ac-%d8%a8%d8%a7%d9%84%d8%b2%d8%a8%d8%af%d8%a9
https://lacuisinedebernard.com/%d8%af%d8%ac%d8%a7%d8%ac-%d8%a8%d8%a7%d9%84%d8%b2%d8%a8%d8%af%d8%a9/,https://staging.lacuisinedebernard.com/%d8%af%d8%ac%d8%a7%d8%ac-%d8%a8%d8%a7%d9%84%d8%b2%d8%a8%d8%af%d8%a9
https://www.lacuisinedebernard.com/%d8%af%d8%ac%d8%a7%d8%ac-%d8%a8%d8%a7%d9%84%d8%b2%d8%a8%d8%af%d8%a9,https://staging.lacuisinedebernard.com/%d8%af%d8%ac%d8%a7%d8%ac-%d8%a8%d8%a7%d9%84%d8%b2%d8%a8%d8%af%d8%a9
https://www.lacuisinedebernard.com/%d8%af%d8%ac%d8%a7%d8%ac-%d8%a8%d8%a7%d9%84%d8%b2%d8%a8%d8%af%d8%a9/,https://staging.lacuisinedebernard.com/%d8%af%d8%ac%d8%a7%d8%ac-%d8%a8%d8%a7%d9%84%d8%b2%d8%a8%d8%af%d8%a9
https://lacuisinedebernard.com/andalusian-eggplant-fritters,https://staging.lacuisinedebernard.com/andalusian-eggplant-fritters
https://lacuisinedebernard.com/andalusian-eggplant-fritters/,https://staging.lacuisinedebernard.com/andalusian-eggplant-fritters
https://www.lacuisinedebernard.com/andalusian-eggplant-fritters,https://staging.lacuisinedebernard.com/andalusian-eggplant-fritters
https://www.lacuisinedebernard.com/andalusian-eggplant-fritters/,https://staging.lacuisinedebernard.com/andalusian-eggplant-fritters
https://lacuisinedebernard.com/tortilla-roja,https://staging.lacuisinedebernard.com/tortilla-roja
https://lacuisinedebernard.com/tortilla-roja/,https://staging.lacuisinedebernard.com/tortilla-roja
https://www.lacuisinedebernard.com/tortilla-roja,https://staging.lacuisinedebernard.com/tortilla-roja
https://www.lacuisinedebernard.com/tortilla-roja/,https://staging.lacuisinedebernard.com/tortilla-roja
https://lacuisinedebernard.com/thousand-flavors-chicken-from-the-dai-tribe-of-yunnan,https://staging.lacuisinedebernard.com/thousand-flavors-chicken-from-the-dai-tribe-of-yunnan
https://lacuisinedebernard.com/thousand-flavors-chicken-from-the-dai-tribe-of-yunnan/,https://staging.lacuisinedebernard.com/thousand-flavors-chicken-from-the-dai-tribe-of-yunnan
https://www.lacuisinedebernard.com/thousand-flavors-chicken-from-the-dai-tribe-of-yunnan,https://staging.lacuisinedebernard.com/thousand-flavors-chicken-from-the-dai-tribe-of-yunnan
https://www.lacuisinedebernard.com/thousand-flavors-chicken-from-the-dai-tribe-of-yunnan/,https://staging.lacuisinedebernard.com/thousand-flavors-chicken-from-the-dai-tribe-of-yunnan
https://lacuisinedebernard.com/pan-de-molde-salado-con-avellanas-especiadas,https://staging.lacuisinedebernard.com/pan-de-molde-salado-con-avellanas-especiadas
https://lacuisinedebernard.com/pan-de-molde-salado-con-avellanas-especiadas/,https://staging.lacuisinedebernard.com/pan-de-molde-salado-con-avellanas-especiadas
https://www.lacuisinedebernard.com/pan-de-molde-salado-con-avellanas-especiadas,https://staging.lacuisinedebernard.com/pan-de-molde-salado-con-avellanas-especiadas
https://www.lacuisinedebernard.com/pan-de-molde-salado-con-avellanas-especiadas/,https://staging.lacuisinedebernard.com/pan-de-molde-salado-con-avellanas-especiadas
https://lacuisinedebernard.com/arroz-indio-con-frutos-secos,https://staging.lacuisinedebernard.com/arroz-indio-con-frutos-secos
https://lacuisinedebernard.com/arroz-indio-con-frutos-secos/,https://staging.lacuisinedebernard.com/arroz-indio-con-frutos-secos
https://www.lacuisinedebernard.com/arroz-indio-con-frutos-secos,https://staging.lacuisinedebernard.com/arroz-indio-con-frutos-secos
https://www.lacuisinedebernard.com/arroz-indio-con-frutos-secos/,https://staging.lacuisinedebernard.com/arroz-indio-con-frutos-secos
https://lacuisinedebernard.com/%d8%af%d8%a7%d8%b1%d9%83%d9%88%d8%b3-%d8%b3%d8%a8%d8%a7%d9%8a%d8%b3-%d8%b1%d9%88%d9%84%d8%b2,https://staging.lacuisinedebernard.com/%d8%af%d8%a7%d8%b1%d9%83%d9%88%d8%b3-%d8%b3%d8%a8%d8%a7%d9%8a%d8%b3-%d8%b1%d9%88%d9%84%d8%b2
https://lacuisinedebernard.com/%d8%af%d8%a7%d8%b1%d9%83%d9%88%d8%b3-%d8%b3%d8%a8%d8%a7%d9%8a%d8%b3-%d8%b1%d9%88%d9%84%d8%b2/,https://staging.lacuisinedebernard.com/%d8%af%d8%a7%d8%b1%d9%83%d9%88%d8%b3-%d8%b3%d8%a8%d8%a7%d9%8a%d8%b3-%d8%b1%d9%88%d9%84%d8%b2
https://www.lacuisinedebernard.com/%d8%af%d8%a7%d8%b1%d9%83%d9%88%d8%b3-%d8%b3%d8%a8%d8%a7%d9%8a%d8%b3-%d8%b1%d9%88%d9%84%d8%b2,https://staging.lacuisinedebernard.com/%d8%af%d8%a7%d8%b1%d9%83%d9%88%d8%b3-%d8%b3%d8%a8%d8%a7%d9%8a%d8%b3-%d8%b1%d9%88%d9%84%d8%b2
https://www.lacuisinedebernard.com/%d8%af%d8%a7%d8%b1%d9%83%d9%88%d8%b3-%d8%b3%d8%a8%d8%a7%d9%8a%d8%b3-%d8%b1%d9%88%d9%84%d8%b2/,https://staging.lacuisinedebernard.com/%d8%af%d8%a7%d8%b1%d9%83%d9%88%d8%b3-%d8%b3%d8%a8%d8%a7%d9%8a%d8%b3-%d8%b1%d9%88%d9%84%d8%b2
https://lacuisinedebernard.com/%d8%a7%d9%84%d9%81%d8%b7%d8%a7%d8%a6%d8%b1-%d8%a7%d9%84%d8%a3%d9%86%d8%af%d9%84%d8%b3%d9%8a%d8%a9-%d9%85%d9%86-%d8%a7%d9%84%d8%a8%d8%a7%d8%b0%d9%86%d8%ac%d8%a7%d9%86,https://staging.lacuisinedebernard.com/%d8%a7%d9%84%d9%81%d8%b7%d8%a7%d8%a6%d8%b1-%d8%a7%d9%84%d8%a3%d9%86%d8%af%d9%84%d8%b3%d9%8a%d8%a9-%d9%85%d9%86-%d8%a7%d9%84%d8%a8%d8%a7%d8%b0%d9%86%d8%ac%d8%a7%d9%86
https://lacuisinedebernard.com/%d8%a7%d9%84%d9%81%d8%b7%d8%a7%d8%a6%d8%b1-%d8%a7%d9%84%d8%a3%d9%86%d8%af%d9%84%d8%b3%d9%8a%d8%a9-%d9%85%d9%86-%d8%a7%d9%84%d8%a8%d8%a7%d8%b0%d9%86%d8%ac%d8%a7%d9%86/,https://staging.lacuisinedebernard.com/%d8%a7%d9%84%d9%81%d8%b7%d8%a7%d8%a6%d8%b1-%d8%a7%d9%84%d8%a3%d9%86%d8%af%d9%84%d8%b3%d9%8a%d8%a9-%d9%85%d9%86-%d8%a7%d9%84%d8%a8%d8%a7%d8%b0%d9%86%d8%ac%d8%a7%d9%86
https://www.lacuisinedebernard.com/%d8%a7%d9%84%d9%81%d8%b7%d8%a7%d8%a6%d8%b1-%d8%a7%d9%84%d8%a3%d9%86%d8%af%d9%84%d8%b3%d9%8a%d8%a9-%d9%85%d9%86-%d8%a7%d9%84%d8%a8%d8%a7%d8%b0%d9%86%d8%ac%d8%a7%d9%86,https://staging.lacuisinedebernard.com/%d8%a7%d9%84%d9%81%d8%b7%d8%a7%d8%a6%d8%b1-%d8%a7%d9%84%d8%a3%d9%86%d8%af%d9%84%d8%b3%d9%8a%d8%a9-%d9%85%d9%86-%d8%a7%d9%84%d8%a8%d8%a7%d8%b0%d9%86%d8%ac%d8%a7%d9%86
https://www.lacuisinedebernard.com/%d8%a7%d9%84%d9%81%d8%b7%d8%a7%d8%a6%d8%b1-%d8%a7%d9%84%d8%a3%d9%86%d8%af%d9%84%d8%b3%d9%8a%d8%a9-%d9%85%d9%86-%d8%a7%d9%84%d8%a8%d8%a7%d8%b0%d9%86%d8%ac%d8%a7%d9%86/,https://staging.lacuisinedebernard.com/%d8%a7%d9%84%d9%81%d8%b7%d8%a7%d8%a6%d8%b1-%d8%a7%d9%84%d8%a3%d9%86%d8%af%d9%84%d8%b3%d9%8a%d8%a9-%d9%85%d9%86-%d8%a7%d9%84%d8%a8%d8%a7%d8%b0%d9%86%d8%ac%d8%a7%d9%86
https://lacuisinedebernard.com/tortilha-vermelha,https://staging.lacuisinedebernard.com/tortilha-vermelha
https://lacuisinedebernard.com/tortilha-vermelha/,https://staging.lacuisinedebernard.com/tortilha-vermelha
https://www.lacuisinedebernard.com/tortilha-vermelha,https://staging.lacuisinedebernard.com/tortilha-vermelha
https://www.lacuisinedebernard.com/tortilha-vermelha/,https://staging.lacuisinedebernard.com/tortilha-vermelha
https://lacuisinedebernard.com/pao-curto-salgado-microscopico-com-avelas-picantes,https://staging.lacuisinedebernard.com/pao-curto-salgado-microscopico-com-avelas-picantes
https://lacuisinedebernard.com/pao-curto-salgado-microscopico-com-avelas-picantes/,https://staging.lacuisinedebernard.com/pao-curto-salgado-microscopico-com-avelas-picantes
https://www.lacuisinedebernard.com/pao-curto-salgado-microscopico-com-avelas-picantes,https://staging.lacuisinedebernard.com/pao-curto-salgado-microscopico-com-avelas-picantes
https://www.lacuisinedebernard.com/pao-curto-salgado-microscopico-com-avelas-picantes/,https://staging.lacuisinedebernard.com/pao-curto-salgado-microscopico-com-avelas-picantes
https://lacuisinedebernard.com/pollo-a-la-mantequilla,https://staging.lacuisinedebernard.com/pollo-a-la-mantequilla
https://lacuisinedebernard.com/pollo-a-la-mantequilla/,https://staging.lacuisinedebernard.com/pollo-a-la-mantequilla
https://www.lacuisinedebernard.com/pollo-a-la-mantequilla,https://staging.lacuisinedebernard.com/pollo-a-la-mantequilla
https://www.lacuisinedebernard.com/pollo-a-la-mantequilla/,https://staging.lacuisinedebernard.com/pollo-a-la-mantequilla
https://lacuisinedebernard.com/mkharkas-o-chebbakias,https://staging.lacuisinedebernard.com/mkharkas-o-chebbakias
https://lacuisinedebernard.com/mkharkas-o-chebbakias/,https://staging.lacuisinedebernard.com/mkharkas-o-chebbakias
https://www.lacuisinedebernard.com/mkharkas-o-chebbakias,https://staging.lacuisinedebernard.com/mkharkas-o-chebbakias
https://www.lacuisinedebernard.com/mkharkas-o-chebbakias/,https://staging.lacuisinedebernard.com/mkharkas-o-chebbakias
https://lacuisinedebernard.com/arroz-indiano-com-frutos-secos,https://staging.lacuisinedebernard.com/arroz-indiano-com-frutos-secos
https://lacuisinedebernard.com/arroz-indiano-com-frutos-secos/,https://staging.lacuisinedebernard.com/arroz-indiano-com-frutos-secos
https://www.lacuisinedebernard.com/arroz-indiano-com-frutos-secos,https://staging.lacuisinedebernard.com/arroz-indiano-com-frutos-secos
https://www.lacuisinedebernard.com/arroz-indiano-com-frutos-secos/,https://staging.lacuisinedebernard.com/arroz-indiano-com-frutos-secos
https://lacuisinedebernard.com/%d9%8a%d9%88%d9%86%d8%a7%d9%86-%d8%af%d8%a7%d9%8a-%d9%82%d8%a8%d9%8a%d9%84%d8%a9-%d8%a3%d9%84%d9%81-%d9%86%d9%83%d9%87%d8%a9-%d8%af%d8%ac%d8%a7%d8%ac,https://staging.lacuisinedebernard.com/%d9%8a%d9%88%d9%86%d8%a7%d9%86-%d8%af%d8%a7%d9%8a-%d9%82%d8%a8%d9%8a%d9%84%d8%a9-%d8%a3%d9%84%d9%81-%d9%86%d9%83%d9%87%d8%a9-%d8%af%d8%ac%d8%a7%d8%ac
https://lacuisinedebernard.com/%d9%8a%d9%88%d9%86%d8%a7%d9%86-%d8%af%d8%a7%d9%8a-%d9%82%d8%a8%d9%8a%d9%84%d8%a9-%d8%a3%d9%84%d9%81-%d9%86%d9%83%d9%87%d8%a9-%d8%af%d8%ac%d8%a7%d8%ac/,https://staging.lacuisinedebernard.com/%d9%8a%d9%88%d9%86%d8%a7%d9%86-%d8%af%d8%a7%d9%8a-%d9%82%d8%a8%d9%8a%d9%84%d8%a9-%d8%a3%d9%84%d9%81-%d9%86%d9%83%d9%87%d8%a9-%d8%af%d8%ac%d8%a7%d8%ac
https://www.lacuisinedebernard.com/%d9%8a%d9%88%d9%86%d8%a7%d9%86-%d8%af%d8%a7%d9%8a-%d9%82%d8%a8%d9%8a%d9%84%d8%a9-%d8%a3%d9%84%d9%81-%d9%86%d9%83%d9%87%d8%a9-%d8%af%d8%ac%d8%a7%d8%ac,https://staging.lacuisinedebernard.com/%d9%8a%d9%88%d9%86%d8%a7%d9%86-%d8%af%d8%a7%d9%8a-%d9%82%d8%a8%d9%8a%d9%84%d8%a9-%d8%a3%d9%84%d9%81-%d9%86%d9%83%d9%87%d8%a9-%d8%af%d8%ac%d8%a7%d8%ac
https://www.lacuisinedebernard.com/%d9%8a%d9%88%d9%86%d8%a7%d9%86-%d8%af%d8%a7%d9%8a-%d9%82%d8%a8%d9%8a%d9%84%d8%a9-%d8%a3%d9%84%d9%81-%d9%86%d9%83%d9%87%d8%a9-%d8%af%d8%ac%d8%a7%d8%ac/,https://staging.lacuisinedebernard.com/%d9%8a%d9%88%d9%86%d8%a7%d9%86-%d8%af%d8%a7%d9%8a-%d9%82%d8%a8%d9%8a%d9%84%d8%a9-%d8%a3%d9%84%d9%81-%d9%86%d9%83%d9%87%d8%a9-%d8%af%d8%ac%d8%a7%d8%ac
https://lacuisinedebernard.com/red-tortilla,https://staging.lacuisinedebernard.com/red-tortilla
https://lacuisinedebernard.com/red-tortilla/,https://staging.lacuisinedebernard.com/red-tortilla
https://www.lacuisinedebernard.com/red-tortilla,https://staging.lacuisinedebernard.com/red-tortilla
https://www.lacuisinedebernard.com/red-tortilla/,https://staging.lacuisinedebernard.com/red-tortilla
https://lacuisinedebernard.com/%d9%83%d8%b1%d8%a7%d8%aa-%d8%a7%d9%84%d8%ac%d8%a8%d9%86-%d8%a7%d9%84%d9%85%d9%82%d9%84%d9%8a%d8%a9,https://staging.lacuisinedebernard.com/%d9%83%d8%b1%d8%a7%d8%aa-%d8%a7%d9%84%d8%ac%d8%a8%d9%86-%d8%a7%d9%84%d9%85%d9%82%d9%84%d9%8a%d8%a9
https://lacuisinedebernard.com/%d9%83%d8%b1%d8%a7%d8%aa-%d8%a7%d9%84%d8%ac%d8%a8%d9%86-%d8%a7%d9%84%d9%85%d9%82%d9%84%d9%8a%d8%a9/,https://staging.lacuisinedebernard.com/%d9%83%d8%b1%d8%a7%d8%aa-%d8%a7%d9%84%d8%ac%d8%a8%d9%86-%d8%a7%d9%84%d9%85%d9%82%d9%84%d9%8a%d8%a9
https://www.lacuisinedebernard.com/%d9%83%d8%b1%d8%a7%d8%aa-%d8%a7%d9%84%d8%ac%d8%a8%d9%86-%d8%a7%d9%84%d9%85%d9%82%d9%84%d9%8a%d8%a9,https://staging.lacuisinedebernard.com/%d9%83%d8%b1%d8%a7%d8%aa-%d8%a7%d9%84%d8%ac%d8%a8%d9%86-%d8%a7%d9%84%d9%85%d9%82%d9%84%d9%8a%d8%a9
https://www.lacuisinedebernard.com/%d9%83%d8%b1%d8%a7%d8%aa-%d8%a7%d9%84%d8%ac%d8%a8%d9%86-%d8%a7%d9%84%d9%85%d9%82%d9%84%d9%8a%d8%a9/,https://staging.lacuisinedebernard.com/%d9%83%d8%b1%d8%a7%d8%aa-%d8%a7%d9%84%d8%ac%d8%a8%d9%86-%d8%a7%d9%84%d9%85%d9%82%d9%84%d9%8a%d8%a9
https://lacuisinedebernard.com/frango-laranja-crocante,https://staging.lacuisinedebernard.com/frango-laranja-crocante
https://lacuisinedebernard.com/frango-laranja-crocante/,https://staging.lacuisinedebernard.com/frango-laranja-crocante
https://www.lacuisinedebernard.com/frango-laranja-crocante,https://staging.lacuisinedebernard.com/frango-laranja-crocante
https://www.lacuisinedebernard.com/frango-laranja-crocante/,https://staging.lacuisinedebernard.com/frango-laranja-crocante
https://lacuisinedebernard.com/%d8%b3%d9%8a%d8%b1%d8%a7%d9%86%d9%88-%d9%87%d8%a7%d9%85-%d9%83%d8%b1%d9%88%d9%83%d9%8a%d8%aa,https://staging.lacuisinedebernard.com/%d8%b3%d9%8a%d8%b1%d8%a7%d9%86%d9%88-%d9%87%d8%a7%d9%85-%d9%83%d8%b1%d9%88%d9%83%d9%8a%d8%aa
https://lacuisinedebernard.com/%d8%b3%d9%8a%d8%b1%d8%a7%d9%86%d9%88-%d9%87%d8%a7%d9%85-%d9%83%d8%b1%d9%88%d9%83%d9%8a%d8%aa/,https://staging.lacuisinedebernard.com/%d8%b3%d9%8a%d8%b1%d8%a7%d9%86%d9%88-%d9%87%d8%a7%d9%85-%d9%83%d8%b1%d9%88%d9%83%d9%8a%d8%aa
https://www.lacuisinedebernard.com/%d8%b3%d9%8a%d8%b1%d8%a7%d9%86%d9%88-%d9%87%d8%a7%d9%85-%d9%83%d8%b1%d9%88%d9%83%d9%8a%d8%aa,https://staging.lacuisinedebernard.com/%d8%b3%d9%8a%d8%b1%d8%a7%d9%86%d9%88-%d9%87%d8%a7%d9%85-%d9%83%d8%b1%d9%88%d9%83%d9%8a%d8%aa
https://www.lacuisinedebernard.com/%d8%b3%d9%8a%d8%b1%d8%a7%d9%86%d9%88-%d9%87%d8%a7%d9%85-%d9%83%d8%b1%d9%88%d9%83%d9%8a%d8%aa/,https://staging.lacuisinedebernard.com/%d8%b3%d9%8a%d8%b1%d8%a7%d9%86%d9%88-%d9%87%d8%a7%d9%85-%d9%83%d8%b1%d9%88%d9%83%d9%8a%d8%aa
https://lacuisinedebernard.com/microscopic-shortbread-with-spiced-hazelnuts,https://staging.lacuisinedebernard.com/microscopic-shortbread-with-spiced-hazelnuts
https://lacuisinedebernard.com/microscopic-shortbread-with-spiced-hazelnuts/,https://staging.lacuisinedebernard.com/microscopic-shortbread-with-spiced-hazelnuts
https://www.lacuisinedebernard.com/microscopic-shortbread-with-spiced-hazelnuts,https://staging.lacuisinedebernard.com/microscopic-shortbread-with-spiced-hazelnuts
https://www.lacuisinedebernard.com/microscopic-shortbread-with-spiced-hazelnuts/,https://staging.lacuisinedebernard.com/microscopic-shortbread-with-spiced-hazelnuts
https://lacuisinedebernard.com/%d9%81%d8%b7%d9%8a%d8%b1%d8%a9-%d8%a7%d9%84%d9%83%d8%b1%d8%a7%d8%ab,https://staging.lacuisinedebernard.com/%d9%81%d8%b7%d9%8a%d8%b1%d8%a9-%d8%a7%d9%84%d9%83%d8%b1%d8%a7%d8%ab
https://lacuisinedebernard.com/%d9%81%d8%b7%d9%8a%d8%b1%d8%a9-%d8%a7%d9%84%d9%83%d8%b1%d8%a7%d8%ab/,https://staging.lacuisinedebernard.com/%d9%81%d8%b7%d9%8a%d8%b1%d8%a9-%d8%a7%d9%84%d9%83%d8%b1%d8%a7%d8%ab
https://www.lacuisinedebernard.com/%d9%81%d8%b7%d9%8a%d8%b1%d8%a9-%d8%a7%d9%84%d9%83%d8%b1%d8%a7%d8%ab,https://staging.lacuisinedebernard.com/%d9%81%d8%b7%d9%8a%d8%b1%d8%a9-%d8%a7%d9%84%d9%83%d8%b1%d8%a7%d8%ab
https://www.lacuisinedebernard.com/%d9%81%d8%b7%d9%8a%d8%b1%d8%a9-%d8%a7%d9%84%d9%83%d8%b1%d8%a7%d8%ab/,https://staging.lacuisinedebernard.com/%d9%81%d8%b7%d9%8a%d8%b1%d8%a9-%d8%a7%d9%84%d9%83%d8%b1%d8%a7%d8%ab
https://lacuisinedebernard.com/minty-payoyo-puff-pastry,https://staging.lacuisinedebernard.com/minty-payoyo-puff-pastry
https://lacuisinedebernard.com/minty-payoyo-puff-pastry/,https://staging.lacuisinedebernard.com/minty-payoyo-puff-pastry
https://www.lacuisinedebernard.com/minty-payoyo-puff-pastry,https://staging.lacuisinedebernard.com/minty-payoyo-puff-pastry
https://www.lacuisinedebernard.com/minty-payoyo-puff-pastry/,https://staging.lacuisinedebernard.com/minty-payoyo-puff-pastry
https://lacuisinedebernard.com/imperial-nems,https://staging.lacuisinedebernard.com/imperial-nems
https://lacuisinedebernard.com/imperial-nems/,https://staging.lacuisinedebernard.com/imperial-nems
https://www.lacuisinedebernard.com/imperial-nems,https://staging.lacuisinedebernard.com/imperial-nems
https://www.lacuisinedebernard.com/imperial-nems/,https://staging.lacuisinedebernard.com/imperial-nems
https://lacuisinedebernard.com/tajine-de-cordeiro-com-ameixas-secas,https://staging.lacuisinedebernard.com/tajine-de-cordeiro-com-ameixas-secas
https://lacuisinedebernard.com/tajine-de-cordeiro-com-ameixas-secas/,https://staging.lacuisinedebernard.com/tajine-de-cordeiro-com-ameixas-secas
https://www.lacuisinedebernard.com/tajine-de-cordeiro-com-ameixas-secas,https://staging.lacuisinedebernard.com/tajine-de-cordeiro-com-ameixas-secas
https://www.lacuisinedebernard.com/tajine-de-cordeiro-com-ameixas-secas/,https://staging.lacuisinedebernard.com/tajine-de-cordeiro-com-ameixas-secas
https://lacuisinedebernard.com/hojaldre-con-chorizo-y-pesto-rojo,https://staging.lacuisinedebernard.com/hojaldre-con-chorizo-y-pesto-rojo
https://lacuisinedebernard.com/hojaldre-con-chorizo-y-pesto-rojo/,https://staging.lacuisinedebernard.com/hojaldre-con-chorizo-y-pesto-rojo
https://www.lacuisinedebernard.com/hojaldre-con-chorizo-y-pesto-rojo,https://staging.lacuisinedebernard.com/hojaldre-con-chorizo-y-pesto-rojo
https://www.lacuisinedebernard.com/hojaldre-con-chorizo-y-pesto-rojo/,https://staging.lacuisinedebernard.com/hojaldre-con-chorizo-y-pesto-rojo
https://lacuisinedebernard.com/el-guiso-de-peter,https://staging.lacuisinedebernard.com/el-guiso-de-peter
https://lacuisinedebernard.com/el-guiso-de-peter/,https://staging.lacuisinedebernard.com/el-guiso-de-peter
https://www.lacuisinedebernard.com/el-guiso-de-peter,https://staging.lacuisinedebernard.com/el-guiso-de-peter
https://www.lacuisinedebernard.com/el-guiso-de-peter/,https://staging.lacuisinedebernard.com/el-guiso-de-peter
https://lacuisinedebernard.com/crispy-orange-chicken,https://staging.lacuisinedebernard.com/crispy-orange-chicken
https://lacuisinedebernard.com/crispy-orange-chicken/,https://staging.lacuisinedebernard.com/crispy-orange-chicken
https://www.lacuisinedebernard.com/crispy-orange-chicken,https://staging.lacuisinedebernard.com/crispy-orange-chicken
https://www.lacuisinedebernard.com/crispy-orange-chicken/,https://staging.lacuisinedebernard.com/crispy-orange-chicken
https://lacuisinedebernard.com/tfaya,https://staging.lacuisinedebernard.com/tfaya
https://lacuisinedebernard.com/tfaya/,https://staging.lacuisinedebernard.com/tfaya
https://www.lacuisinedebernard.com/tfaya,https://staging.lacuisinedebernard.com/tfaya
https://www.lacuisinedebernard.com/tfaya/,https://staging.lacuisinedebernard.com/tfaya
https://lacuisinedebernard.com/massa-folhada-com-chourico-e-pesto-vermelho,https://staging.lacuisinedebernard.com/massa-folhada-com-chourico-e-pesto-vermelho
https://lacuisinedebernard.com/massa-folhada-com-chourico-e-pesto-vermelho/,https://staging.lacuisinedebernard.com/massa-folhada-com-chourico-e-pesto-vermelho
https://www.lacuisinedebernard.com/massa-folhada-com-chourico-e-pesto-vermelho,https://staging.lacuisinedebernard.com/massa-folhada-com-chourico-e-pesto-vermelho
https://www.lacuisinedebernard.com/massa-folhada-com-chourico-e-pesto-vermelho/,https://staging.lacuisinedebernard.com/massa-folhada-com-chourico-e-pesto-vermelho
https://lacuisinedebernard.com/%d8%a8%d8%b3%d9%83%d9%88%d9%8a%d8%aa-%d8%b4%d9%88%d8%b1%d8%aa%d8%a8%d8%b1%d9%8a%d8%af-%d8%a7%d9%84%d9%84%d8%b0%d9%8a%d8%b0-%d8%a7%d9%84%d9%85%d8%ac%d9%87%d8%b1%d9%8a-%d9%85%d8%b9-%d8%a7%d9%84%d8%a8,https://staging.lacuisinedebernard.com/%d8%a8%d8%b3%d9%83%d9%88%d9%8a%d8%aa-%d8%b4%d9%88%d8%b1%d8%aa%d8%a8%d8%b1%d9%8a%d8%af-%d8%a7%d9%84%d9%84%d8%b0%d9%8a%d8%b0-%d8%a7%d9%84%d9%85%d8%ac%d9%87%d8%b1%d9%8a-%d9%85%d8%b9-%d8%a7%d9%84%d8%a8
https://lacuisinedebernard.com/%d8%a8%d8%b3%d9%83%d9%88%d9%8a%d8%aa-%d8%b4%d9%88%d8%b1%d8%aa%d8%a8%d8%b1%d9%8a%d8%af-%d8%a7%d9%84%d9%84%d8%b0%d9%8a%d8%b0-%d8%a7%d9%84%d9%85%d8%ac%d9%87%d8%b1%d9%8a-%d9%85%d8%b9-%d8%a7%d9%84%d8%a8/,https://staging.lacuisinedebernard.com/%d8%a8%d8%b3%d9%83%d9%88%d9%8a%d8%aa-%d8%b4%d9%88%d8%b1%d8%aa%d8%a8%d8%b1%d9%8a%d8%af-%d8%a7%d9%84%d9%84%d8%b0%d9%8a%d8%b0-%d8%a7%d9%84%d9%85%d8%ac%d9%87%d8%b1%d9%8a-%d9%85%d8%b9-%d8%a7%d9%84%d8%a8
https://www.lacuisinedebernard.com/%d8%a8%d8%b3%d9%83%d9%88%d9%8a%d8%aa-%d8%b4%d9%88%d8%b1%d8%aa%d8%a8%d8%b1%d9%8a%d8%af-%d8%a7%d9%84%d9%84%d8%b0%d9%8a%d8%b0-%d8%a7%d9%84%d9%85%d8%ac%d9%87%d8%b1%d9%8a-%d9%85%d8%b9-%d8%a7%d9%84%d8%a8,https://staging.lacuisinedebernard.com/%d8%a8%d8%b3%d9%83%d9%88%d9%8a%d8%aa-%d8%b4%d9%88%d8%b1%d8%aa%d8%a8%d8%b1%d9%8a%d8%af-%d8%a7%d9%84%d9%84%d8%b0%d9%8a%d8%b0-%d8%a7%d9%84%d9%85%d8%ac%d9%87%d8%b1%d9%8a-%d9%85%d8%b9-%d8%a7%d9%84%d8%a8
https://www.lacuisinedebernard.com/%d8%a8%d8%b3%d9%83%d9%88%d9%8a%d8%aa-%d8%b4%d9%88%d8%b1%d8%aa%d8%a8%d8%b1%d9%8a%d8%af-%d8%a7%d9%84%d9%84%d8%b0%d9%8a%d8%b0-%d8%a7%d9%84%d9%85%d8%ac%d9%87%d8%b1%d9%8a-%d9%85%d8%b9-%d8%a7%d9%84%d8%a8/,https://staging.lacuisinedebernard.com/%d8%a8%d8%b3%d9%83%d9%88%d9%8a%d8%aa-%d8%b4%d9%88%d8%b1%d8%aa%d8%a8%d8%b1%d9%8a%d8%af-%d8%a7%d9%84%d9%84%d8%b0%d9%8a%d8%b0-%d8%a7%d9%84%d9%85%d8%ac%d9%87%d8%b1%d9%8a-%d9%85%d8%b9-%d8%a7%d9%84%d8%a8
https://lacuisinedebernard.com/%d9%84%d9%81%d8%a7%d8%a6%d9%81-%d8%a7%d9%84%d8%b1%d8%a8%d9%8a%d8%b9-%d8%a7%d9%84%d8%a5%d9%85%d8%a8%d8%b1%d8%a7%d8%b7%d9%88%d8%b1%d9%8a%d8%a9,https://staging.lacuisinedebernard.com/%d9%84%d9%81%d8%a7%d8%a6%d9%81-%d8%a7%d9%84%d8%b1%d8%a8%d9%8a%d8%b9-%d8%a7%d9%84%d8%a5%d9%85%d8%a8%d8%b1%d8%a7%d8%b7%d9%88%d8%b1%d9%8a%d8%a9
https://lacuisinedebernard.com/%d9%84%d9%81%d8%a7%d8%a6%d9%81-%d8%a7%d9%84%d8%b1%d8%a8%d9%8a%d8%b9-%d8%a7%d9%84%d8%a5%d9%85%d8%a8%d8%b1%d8%a7%d8%b7%d9%88%d8%b1%d9%8a%d8%a9/,https://staging.lacuisinedebernard.com/%d9%84%d9%81%d8%a7%d8%a6%d9%81-%d8%a7%d9%84%d8%b1%d8%a8%d9%8a%d8%b9-%d8%a7%d9%84%d8%a5%d9%85%d8%a8%d8%b1%d8%a7%d8%b7%d9%88%d8%b1%d9%8a%d8%a9
https://www.lacuisinedebernard.com/%d9%84%d9%81%d8%a7%d8%a6%d9%81-%d8%a7%d9%84%d8%b1%d8%a8%d9%8a%d8%b9-%d8%a7%d9%84%d8%a5%d9%85%d8%a8%d8%b1%d8%a7%d8%b7%d9%88%d8%b1%d9%8a%d8%a9,https://staging.lacuisinedebernard.com/%d9%84%d9%81%d8%a7%d8%a6%d9%81-%d8%a7%d9%84%d8%b1%d8%a8%d9%8a%d8%b9-%d8%a7%d9%84%d8%a5%d9%85%d8%a8%d8%b1%d8%a7%d8%b7%d9%88%d8%b1%d9%8a%d8%a9
https://www.lacuisinedebernard.com/%d9%84%d9%81%d8%a7%d8%a6%d9%81-%d8%a7%d9%84%d8%b1%d8%a8%d9%8a%d8%b9-%d8%a7%d9%84%d8%a5%d9%85%d8%a8%d8%b1%d8%a7%d8%b7%d9%88%d8%b1%d9%8a%d8%a9/,https://staging.lacuisinedebernard.com/%d9%84%d9%81%d8%a7%d8%a6%d9%81-%d8%a7%d9%84%d8%b1%d8%a8%d9%8a%d8%b9-%d8%a7%d9%84%d8%a5%d9%85%d8%a8%d8%b1%d8%a7%d8%b7%d9%88%d8%b1%d9%8a%d8%a9
https://lacuisinedebernard.com/okonomiyaki,https://staging.lacuisinedebernard.com/okonomiyaki
https://lacuisinedebernard.com/okonomiyaki/,https://staging.lacuisinedebernard.com/okonomiyaki
https://www.lacuisinedebernard.com/okonomiyaki,https://staging.lacuisinedebernard.com/okonomiyaki
https://www.lacuisinedebernard.com/okonomiyaki/,https://staging.lacuisinedebernard.com/okonomiyaki
https://lacuisinedebernard.com/%d9%81%d8%b7%d9%8a%d8%b1%d8%a9-%d8%a7%d9%84%d9%86%d8%b9%d9%86%d8%a7%d8%b9-payoyo,https://staging.lacuisinedebernard.com/%d9%81%d8%b7%d9%8a%d8%b1%d8%a9-%d8%a7%d9%84%d9%86%d8%b9%d9%86%d8%a7%d8%b9-payoyo
https://lacuisinedebernard.com/%d9%81%d8%b7%d9%8a%d8%b1%d8%a9-%d8%a7%d9%84%d9%86%d8%b9%d9%86%d8%a7%d8%b9-payoyo/,https://staging.lacuisinedebernard.com/%d9%81%d8%b7%d9%8a%d8%b1%d8%a9-%d8%a7%d9%84%d9%86%d8%b9%d9%86%d8%a7%d8%b9-payoyo
https://www.lacuisinedebernard.com/%d9%81%d8%b7%d9%8a%d8%b1%d8%a9-%d8%a7%d9%84%d9%86%d8%b9%d9%86%d8%a7%d8%b9-payoyo,https://staging.lacuisinedebernard.com/%d9%81%d8%b7%d9%8a%d8%b1%d8%a9-%d8%a7%d9%84%d9%86%d8%b9%d9%86%d8%a7%d8%b9-payoyo
https://www.lacuisinedebernard.com/%d9%81%d8%b7%d9%8a%d8%b1%d8%a9-%d8%a7%d9%84%d9%86%d8%b9%d9%86%d8%a7%d8%b9-payoyo/,https://staging.lacuisinedebernard.com/%d9%81%d8%b7%d9%8a%d8%b1%d8%a9-%d8%a7%d9%84%d9%86%d8%b9%d9%86%d8%a7%d8%b9-payoyo
https://lacuisinedebernard.com/mini-tartas-de-pimiento-asado-tatin,https://staging.lacuisinedebernard.com/mini-tartas-de-pimiento-asado-tatin
https://lacuisinedebernard.com/mini-tartas-de-pimiento-asado-tatin/,https://staging.lacuisinedebernard.com/mini-tartas-de-pimiento-asado-tatin
https://www.lacuisinedebernard.com/mini-tartas-de-pimiento-asado-tatin,https://staging.lacuisinedebernard.com/mini-tartas-de-pimiento-asado-tatin
https://www.lacuisinedebernard.com/mini-tartas-de-pimiento-asado-tatin/,https://staging.lacuisinedebernard.com/mini-tartas-de-pimiento-asado-tatin
https://lacuisinedebernard.com/guisado-de-peter,https://staging.lacuisinedebernard.com/guisado-de-peter
https://lacuisinedebernard.com/guisado-de-peter/,https://staging.lacuisinedebernard.com/guisado-de-peter
https://www.lacuisinedebernard.com/guisado-de-peter,https://staging.lacuisinedebernard.com/guisado-de-peter
https://www.lacuisinedebernard.com/guisado-de-peter/,https://staging.lacuisinedebernard.com/guisado-de-peter
https://lacuisinedebernard.com/lamb-tajine-with-prunes,https://staging.lacuisinedebernard.com/lamb-tajine-with-prunes
https://lacuisinedebernard.com/lamb-tajine-with-prunes/,https://staging.lacuisinedebernard.com/lamb-tajine-with-prunes
https://www.lacuisinedebernard.com/lamb-tajine-with-prunes,https://staging.lacuisinedebernard.com/lamb-tajine-with-prunes
https://www.lacuisinedebernard.com/lamb-tajine-with-prunes/,https://staging.lacuisinedebernard.com/lamb-tajine-with-prunes
https://lacuisinedebernard.com/mini-tortas-de-pimenta-tatin-grelhadas,https://staging.lacuisinedebernard.com/mini-tortas-de-pimenta-tatin-grelhadas
https://lacuisinedebernard.com/mini-tortas-de-pimenta-tatin-grelhadas/,https://staging.lacuisinedebernard.com/mini-tortas-de-pimenta-tatin-grelhadas
https://www.lacuisinedebernard.com/mini-tortas-de-pimenta-tatin-grelhadas,https://staging.lacuisinedebernard.com/mini-tortas-de-pimenta-tatin-grelhadas
https://www.lacuisinedebernard.com/mini-tortas-de-pimenta-tatin-grelhadas/,https://staging.lacuisinedebernard.com/mini-tortas-de-pimenta-tatin-grelhadas
https://lacuisinedebernard.com/puff-pastry-with-chorizo-and-red-pesto,https://staging.lacuisinedebernard.com/puff-pastry-with-chorizo-and-red-pesto
https://lacuisinedebernard.com/puff-pastry-with-chorizo-and-red-pesto/,https://staging.lacuisinedebernard.com/puff-pastry-with-chorizo-and-red-pesto
https://www.lacuisinedebernard.com/puff-pastry-with-chorizo-and-red-pesto,https://staging.lacuisinedebernard.com/puff-pastry-with-chorizo-and-red-pesto
https://www.lacuisinedebernard.com/puff-pastry-with-chorizo-and-red-pesto/,https://staging.lacuisinedebernard.com/puff-pastry-with-chorizo-and-red-pesto
https://lacuisinedebernard.com/pastel-de-puerros,https://staging.lacuisinedebernard.com/pastel-de-puerros
https://lacuisinedebernard.com/pastel-de-puerros/,https://staging.lacuisinedebernard.com/pastel-de-puerros
https://www.lacuisinedebernard.com/pastel-de-puerros,https://staging.lacuisinedebernard.com/pastel-de-puerros
https://www.lacuisinedebernard.com/pastel-de-puerros/,https://staging.lacuisinedebernard.com/pastel-de-puerros
https://lacuisinedebernard.com/peters-stew,https://staging.lacuisinedebernard.com/peters-stew
https://lacuisinedebernard.com/peters-stew/,https://staging.lacuisinedebernard.com/peters-stew
https://www.lacuisinedebernard.com/peters-stew,https://staging.lacuisinedebernard.com/peters-stew
https://www.lacuisinedebernard.com/peters-stew/,https://staging.lacuisinedebernard.com/peters-stew
https://lacuisinedebernard.com/bolas-de-queso-fritas,https://staging.lacuisinedebernard.com/bolas-de-queso-fritas
https://lacuisinedebernard.com/bolas-de-queso-fritas/,https://staging.lacuisinedebernard.com/bolas-de-queso-fritas
https://www.lacuisinedebernard.com/bolas-de-queso-fritas,https://staging.lacuisinedebernard.com/bolas-de-queso-fritas
https://www.lacuisinedebernard.com/bolas-de-queso-fritas/,https://staging.lacuisinedebernard.com/bolas-de-queso-fritas
https://lacuisinedebernard.com/%d8%af%d8%ac%d8%a7%d8%ac-%d9%85%d9%82%d8%b1%d9%85%d8%b4-%d8%a8%d8%a7%d9%84%d8%a8%d8%b1%d8%aa%d9%82%d8%a7%d9%84,https://staging.lacuisinedebernard.com/%d8%af%d8%ac%d8%a7%d8%ac-%d9%85%d9%82%d8%b1%d9%85%d8%b4-%d8%a8%d8%a7%d9%84%d8%a8%d8%b1%d8%aa%d9%82%d8%a7%d9%84
https://lacuisinedebernard.com/%d8%af%d8%ac%d8%a7%d8%ac-%d9%85%d9%82%d8%b1%d9%85%d8%b4-%d8%a8%d8%a7%d9%84%d8%a8%d8%b1%d8%aa%d9%82%d8%a7%d9%84/,https://staging.lacuisinedebernard.com/%d8%af%d8%ac%d8%a7%d8%ac-%d9%85%d9%82%d8%b1%d9%85%d8%b4-%d8%a8%d8%a7%d9%84%d8%a8%d8%b1%d8%aa%d9%82%d8%a7%d9%84
https://www.lacuisinedebernard.com/%d8%af%d8%ac%d8%a7%d8%ac-%d9%85%d9%82%d8%b1%d9%85%d8%b4-%d8%a8%d8%a7%d9%84%d8%a8%d8%b1%d8%aa%d9%82%d8%a7%d9%84,https://staging.lacuisinedebernard.com/%d8%af%d8%ac%d8%a7%d8%ac-%d9%85%d9%82%d8%b1%d9%85%d8%b4-%d8%a8%d8%a7%d9%84%d8%a8%d8%b1%d8%aa%d9%82%d8%a7%d9%84
https://www.lacuisinedebernard.com/%d8%af%d8%ac%d8%a7%d8%ac-%d9%85%d9%82%d8%b1%d9%85%d8%b4-%d8%a8%d8%a7%d9%84%d8%a8%d8%b1%d8%aa%d9%82%d8%a7%d9%84/,https://staging.lacuisinedebernard.com/%d8%af%d8%ac%d8%a7%d8%ac-%d9%85%d9%82%d8%b1%d9%85%d8%b4-%d8%a8%d8%a7%d9%84%d8%a8%d8%b1%d8%aa%d9%82%d8%a7%d9%84
https://lacuisinedebernard.com/croquetas-de-jamon-serrano,https://staging.lacuisinedebernard.com/croquetas-de-jamon-serrano
https://lacuisinedebernard.com/croquetas-de-jamon-serrano/,https://staging.lacuisinedebernard.com/croquetas-de-jamon-serrano
https://www.lacuisinedebernard.com/croquetas-de-jamon-serrano,https://staging.lacuisinedebernard.com/croquetas-de-jamon-serrano
https://www.lacuisinedebernard.com/croquetas-de-jamon-serrano/,https://staging.lacuisinedebernard.com/croquetas-de-jamon-serrano
https://lacuisinedebernard.com/tajin-agneau-%d9%85%d9%86-pruneau,https://staging.lacuisinedebernard.com/tajin-agneau-%d9%85%d9%86-pruneau
https://lacuisinedebernard.com/tajin-agneau-%d9%85%d9%86-pruneau/,https://staging.lacuisinedebernard.com/tajin-agneau-%d9%85%d9%86-pruneau
https://www.lacuisinedebernard.com/tajin-agneau-%d9%85%d9%86-pruneau,https://staging.lacuisinedebernard.com/tajin-agneau-%d9%85%d9%86-pruneau
https://www.lacuisinedebernard.com/tajin-agneau-%d9%85%d9%86-pruneau/,https://staging.lacuisinedebernard.com/tajin-agneau-%d9%85%d9%86-pruneau
https://lacuisinedebernard.com/mini-tatin-pies-with-roasted-peppers,https://staging.lacuisinedebernard.com/mini-tatin-pies-with-roasted-peppers
https://lacuisinedebernard.com/mini-tatin-pies-with-roasted-peppers/,https://staging.lacuisinedebernard.com/mini-tatin-pies-with-roasted-peppers
https://www.lacuisinedebernard.com/mini-tatin-pies-with-roasted-peppers,https://staging.lacuisinedebernard.com/mini-tatin-pies-with-roasted-peppers
https://www.lacuisinedebernard.com/mini-tatin-pies-with-roasted-peppers/,https://staging.lacuisinedebernard.com/mini-tatin-pies-with-roasted-peppers
https://lacuisinedebernard.com/torta-de-alho-frances,https://staging.lacuisinedebernard.com/torta-de-alho-frances
https://lacuisinedebernard.com/torta-de-alho-frances/,https://staging.lacuisinedebernard.com/torta-de-alho-frances
https://www.lacuisinedebernard.com/torta-de-alho-frances,https://staging.lacuisinedebernard.com/torta-de-alho-frances
https://www.lacuisinedebernard.com/torta-de-alho-frances/,https://staging.lacuisinedebernard.com/torta-de-alho-frances
https://lacuisinedebernard.com/%d9%8a%d8%ae%d9%86%d8%a9-%d8%a8%d9%8a%d8%aa%d8%b1,https://staging.lacuisinedebernard.com/%d9%8a%d8%ae%d9%86%d8%a9-%d8%a8%d9%8a%d8%aa%d8%b1
https://lacuisinedebernard.com/%d9%8a%d8%ae%d9%86%d8%a9-%d8%a8%d9%8a%d8%aa%d8%b1/,https://staging.lacuisinedebernard.com/%d9%8a%d8%ae%d9%86%d8%a9-%d8%a8%d9%8a%d8%aa%d8%b1
https://www.lacuisinedebernard.com/%d9%8a%d8%ae%d9%86%d8%a9-%d8%a8%d9%8a%d8%aa%d8%b1,https://staging.lacuisinedebernard.com/%d9%8a%d8%ae%d9%86%d8%a9-%d8%a8%d9%8a%d8%aa%d8%b1
https://www.lacuisinedebernard.com/%d9%8a%d8%ae%d9%86%d8%a9-%d8%a8%d9%8a%d8%aa%d8%b1/,https://staging.lacuisinedebernard.com/%d9%8a%d8%ae%d9%86%d8%a9-%d8%a8%d9%8a%d8%aa%d8%b1
https://lacuisinedebernard.com/nems-imperial,https://staging.lacuisinedebernard.com/nems-imperial
https://lacuisinedebernard.com/nems-imperial/,https://staging.lacuisinedebernard.com/nems-imperial
https://www.lacuisinedebernard.com/nems-imperial,https://staging.lacuisinedebernard.com/nems-imperial
https://www.lacuisinedebernard.com/nems-imperial/,https://staging.lacuisinedebernard.com/nems-imperial
https://lacuisinedebernard.com/%d9%85%d8%b9%d8%ac%d9%86%d8%a7%d8%aa-%d8%a8%d8%a7%d9%81-%d9%85%d8%b9-%d8%aa%d8%b4%d9%88%d8%b1%d9%8a%d8%b2%d9%88-%d9%88%d8%a8%d9%8a%d8%b3%d8%aa%d9%88-%d8%a3%d8%ad%d9%85%d8%b1,https://staging.lacuisinedebernard.com/%d9%85%d8%b9%d8%ac%d9%86%d8%a7%d8%aa-%d8%a8%d8%a7%d9%81-%d9%85%d8%b9-%d8%aa%d8%b4%d9%88%d8%b1%d9%8a%d8%b2%d9%88-%d9%88%d8%a8%d9%8a%d8%b3%d8%aa%d9%88-%d8%a3%d8%ad%d9%85%d8%b1
https://lacuisinedebernard.com/%d9%85%d8%b9%d8%ac%d9%86%d8%a7%d8%aa-%d8%a8%d8%a7%d9%81-%d9%85%d8%b9-%d8%aa%d8%b4%d9%88%d8%b1%d9%8a%d8%b2%d9%88-%d9%88%d8%a8%d9%8a%d8%b3%d8%aa%d9%88-%d8%a3%d8%ad%d9%85%d8%b1/,https://staging.lacuisinedebernard.com/%d9%85%d8%b9%d8%ac%d9%86%d8%a7%d8%aa-%d8%a8%d8%a7%d9%81-%d9%85%d8%b9-%d8%aa%d8%b4%d9%88%d8%b1%d9%8a%d8%b2%d9%88-%d9%88%d8%a8%d9%8a%d8%b3%d8%aa%d9%88-%d8%a3%d8%ad%d9%85%d8%b1
https://www.lacuisinedebernard.com/%d9%85%d8%b9%d8%ac%d9%86%d8%a7%d8%aa-%d8%a8%d8%a7%d9%81-%d9%85%d8%b9-%d8%aa%d8%b4%d9%88%d8%b1%d9%8a%d8%b2%d9%88-%d9%88%d8%a8%d9%8a%d8%b3%d8%aa%d9%88-%d8%a3%d8%ad%d9%85%d8%b1,https://staging.lacuisinedebernard.com/%d9%85%d8%b9%d8%ac%d9%86%d8%a7%d8%aa-%d8%a8%d8%a7%d9%81-%d9%85%d8%b9-%d8%aa%d8%b4%d9%88%d8%b1%d9%8a%d8%b2%d9%88-%d9%88%d8%a8%d9%8a%d8%b3%d8%aa%d9%88-%d8%a3%d8%ad%d9%85%d8%b1
https://www.lacuisinedebernard.com/%d9%85%d8%b9%d8%ac%d9%86%d8%a7%d8%aa-%d8%a8%d8%a7%d9%81-%d9%85%d8%b9-%d8%aa%d8%b4%d9%88%d8%b1%d9%8a%d8%b2%d9%88-%d9%88%d8%a8%d9%8a%d8%b3%d8%aa%d9%88-%d8%a3%d8%ad%d9%85%d8%b1/,https://staging.lacuisinedebernard.com/%d9%85%d8%b9%d8%ac%d9%86%d8%a7%d8%aa-%d8%a8%d8%a7%d9%81-%d9%85%d8%b9-%d8%aa%d8%b4%d9%88%d8%b1%d9%8a%d8%b2%d9%88-%d9%88%d8%a8%d9%8a%d8%b3%d8%aa%d9%88-%d8%a3%d8%ad%d9%85%d8%b1
https://lacuisinedebernard.com/bolas-de-queijo-frito,https://staging.lacuisinedebernard.com/bolas-de-queijo-frito
https://lacuisinedebernard.com/bolas-de-queijo-frito/,https://staging.lacuisinedebernard.com/bolas-de-queijo-frito
https://www.lacuisinedebernard.com/bolas-de-queijo-frito,https://staging.lacuisinedebernard.com/bolas-de-queijo-frito
https://www.lacuisinedebernard.com/bolas-de-queijo-frito/,https://staging.lacuisinedebernard.com/bolas-de-queijo-frito
https://lacuisinedebernard.com/hojaldre-payoyo-a-la-menta,https://staging.lacuisinedebernard.com/hojaldre-payoyo-a-la-menta
https://lacuisinedebernard.com/hojaldre-payoyo-a-la-menta/,https://staging.lacuisinedebernard.com/hojaldre-payoyo-a-la-menta
https://www.lacuisinedebernard.com/hojaldre-payoyo-a-la-menta,https://staging.lacuisinedebernard.com/hojaldre-payoyo-a-la-menta
https://www.lacuisinedebernard.com/hojaldre-payoyo-a-la-menta/,https://staging.lacuisinedebernard.com/hojaldre-payoyo-a-la-menta
https://lacuisinedebernard.com/croquetes-de-presunto-serrano,https://staging.lacuisinedebernard.com/croquetes-de-presunto-serrano
https://lacuisinedebernard.com/croquetes-de-presunto-serrano/,https://staging.lacuisinedebernard.com/croquetes-de-presunto-serrano
https://www.lacuisinedebernard.com/croquetes-de-presunto-serrano,https://staging.lacuisinedebernard.com/croquetes-de-presunto-serrano
https://www.lacuisinedebernard.com/croquetes-de-presunto-serrano/,https://staging.lacuisinedebernard.com/croquetes-de-presunto-serrano
https://lacuisinedebernard.com/tajine-de-cordero-con-ciruelas-pasas,https://staging.lacuisinedebernard.com/tajine-de-cordero-con-ciruelas-pasas
https://lacuisinedebernard.com/tajine-de-cordero-con-ciruelas-pasas/,https://staging.lacuisinedebernard.com/tajine-de-cordero-con-ciruelas-pasas
https://www.lacuisinedebernard.com/tajine-de-cordero-con-ciruelas-pasas,https://staging.lacuisinedebernard.com/tajine-de-cordero-con-ciruelas-pasas
https://www.lacuisinedebernard.com/tajine-de-cordero-con-ciruelas-pasas/,https://staging.lacuisinedebernard.com/tajine-de-cordero-con-ciruelas-pasas
https://lacuisinedebernard.com/%d8%aa%d8%a7%d8%b1%d8%aa-%d8%a7%d9%84%d9%81%d9%84%d9%81%d9%84-%d8%a7%d9%84%d9%85%d8%b4%d9%88%d9%8a-%d9%85%d9%8a%d9%86%d9%8a-%d8%aa%d8%a7%d8%aa%d9%8a%d9%86,https://staging.lacuisinedebernard.com/%d8%aa%d8%a7%d8%b1%d8%aa-%d8%a7%d9%84%d9%81%d9%84%d9%81%d9%84-%d8%a7%d9%84%d9%85%d8%b4%d9%88%d9%8a-%d9%85%d9%8a%d9%86%d9%8a-%d8%aa%d8%a7%d8%aa%d9%8a%d9%86
https://lacuisinedebernard.com/%d8%aa%d8%a7%d8%b1%d8%aa-%d8%a7%d9%84%d9%81%d9%84%d9%81%d9%84-%d8%a7%d9%84%d9%85%d8%b4%d9%88%d9%8a-%d9%85%d9%8a%d9%86%d9%8a-%d8%aa%d8%a7%d8%aa%d9%8a%d9%86/,https://staging.lacuisinedebernard.com/%d8%aa%d8%a7%d8%b1%d8%aa-%d8%a7%d9%84%d9%81%d9%84%d9%81%d9%84-%d8%a7%d9%84%d9%85%d8%b4%d9%88%d9%8a-%d9%85%d9%8a%d9%86%d9%8a-%d8%aa%d8%a7%d8%aa%d9%8a%d9%86
https://www.lacuisinedebernard.com/%d8%aa%d8%a7%d8%b1%d8%aa-%d8%a7%d9%84%d9%81%d9%84%d9%81%d9%84-%d8%a7%d9%84%d9%85%d8%b4%d9%88%d9%8a-%d9%85%d9%8a%d9%86%d9%8a-%d8%aa%d8%a7%d8%aa%d9%8a%d9%86,https://staging.lacuisinedebernard.com/%d8%aa%d8%a7%d8%b1%d8%aa-%d8%a7%d9%84%d9%81%d9%84%d9%81%d9%84-%d8%a7%d9%84%d9%85%d8%b4%d9%88%d9%8a-%d9%85%d9%8a%d9%86%d9%8a-%d8%aa%d8%a7%d8%aa%d9%8a%d9%86
https://www.lacuisinedebernard.com/%d8%aa%d8%a7%d8%b1%d8%aa-%d8%a7%d9%84%d9%81%d9%84%d9%81%d9%84-%d8%a7%d9%84%d9%85%d8%b4%d9%88%d9%8a-%d9%85%d9%8a%d9%86%d9%8a-%d8%aa%d8%a7%d8%aa%d9%8a%d9%86/,https://staging.lacuisinedebernard.com/%d8%aa%d8%a7%d8%b1%d8%aa-%d8%a7%d9%84%d9%81%d9%84%d9%81%d9%84-%d8%a7%d9%84%d9%85%d8%b4%d9%88%d9%8a-%d9%85%d9%8a%d9%86%d9%8a-%d8%aa%d8%a7%d8%aa%d9%8a%d9%86
https://lacuisinedebernard.com/serrano-ham-croquettes,https://staging.lacuisinedebernard.com/serrano-ham-croquettes
https://lacuisinedebernard.com/serrano-ham-croquettes/,https://staging.lacuisinedebernard.com/serrano-ham-croquettes
https://www.lacuisinedebernard.com/serrano-ham-croquettes,https://staging.lacuisinedebernard.com/serrano-ham-croquettes
https://www.lacuisinedebernard.com/serrano-ham-croquettes/,https://staging.lacuisinedebernard.com/serrano-ham-croquettes
https://lacuisinedebernard.com/%d8%a3%d9%88%d9%83%d9%88%d9%86%d9%88%d9%85%d9%8a%d8%a7%d9%83%d9%8a,https://staging.lacuisinedebernard.com/%d8%a3%d9%88%d9%83%d9%88%d9%86%d9%88%d9%85%d9%8a%d8%a7%d9%83%d9%8a
https://lacuisinedebernard.com/%d8%a3%d9%88%d9%83%d9%88%d9%86%d9%88%d9%85%d9%8a%d8%a7%d9%83%d9%8a/,https://staging.lacuisinedebernard.com/%d8%a3%d9%88%d9%83%d9%88%d9%86%d9%88%d9%85%d9%8a%d8%a7%d9%83%d9%8a
https://www.lacuisinedebernard.com/%d8%a3%d9%88%d9%83%d9%88%d9%86%d9%88%d9%85%d9%8a%d8%a7%d9%83%d9%8a,https://staging.lacuisinedebernard.com/%d8%a3%d9%88%d9%83%d9%88%d9%86%d9%88%d9%85%d9%8a%d8%a7%d9%83%d9%8a
https://www.lacuisinedebernard.com/%d8%a3%d9%88%d9%83%d9%88%d9%86%d9%88%d9%85%d9%8a%d8%a7%d9%83%d9%8a/,https://staging.lacuisinedebernard.com/%d8%a3%d9%88%d9%83%d9%88%d9%86%d9%88%d9%85%d9%8a%d8%a7%d9%83%d9%8a
https://lacuisinedebernard.com/leek-pie,https://staging.lacuisinedebernard.com/leek-pie
https://lacuisinedebernard.com/leek-pie/,https://staging.lacuisinedebernard.com/leek-pie
https://www.lacuisinedebernard.com/leek-pie,https://staging.lacuisinedebernard.com/leek-pie
https://www.lacuisinedebernard.com/leek-pie/,https://staging.lacuisinedebernard.com/leek-pie
https://lacuisinedebernard.com/fried-cheese-balls,https://staging.lacuisinedebernard.com/fried-cheese-balls
https://lacuisinedebernard.com/fried-cheese-balls/,https://staging.lacuisinedebernard.com/fried-cheese-balls
https://www.lacuisinedebernard.com/fried-cheese-balls,https://staging.lacuisinedebernard.com/fried-cheese-balls
https://www.lacuisinedebernard.com/fried-cheese-balls/,https://staging.lacuisinedebernard.com/fried-cheese-balls
https://lacuisinedebernard.com/folhado-minty-payoyo-puff-pastry,https://staging.lacuisinedebernard.com/folhado-minty-payoyo-puff-pastry
https://lacuisinedebernard.com/folhado-minty-payoyo-puff-pastry/,https://staging.lacuisinedebernard.com/folhado-minty-payoyo-puff-pastry
https://www.lacuisinedebernard.com/folhado-minty-payoyo-puff-pastry,https://staging.lacuisinedebernard.com/folhado-minty-payoyo-puff-pastry
https://www.lacuisinedebernard.com/folhado-minty-payoyo-puff-pastry/,https://staging.lacuisinedebernard.com/folhado-minty-payoyo-puff-pastry
https://lacuisinedebernard.com/pollo-a-la-naranja-crujiente,https://staging.lacuisinedebernard.com/pollo-a-la-naranja-crujiente
https://lacuisinedebernard.com/pollo-a-la-naranja-crujiente/,https://staging.lacuisinedebernard.com/pollo-a-la-naranja-crujiente
https://www.lacuisinedebernard.com/pollo-a-la-naranja-crujiente,https://staging.lacuisinedebernard.com/pollo-a-la-naranja-crujiente
https://www.lacuisinedebernard.com/pollo-a-la-naranja-crujiente/,https://staging.lacuisinedebernard.com/pollo-a-la-naranja-crujiente
https://lacuisinedebernard.com/%d8%b7%d9%81%d8%a7%d9%8a%d8%a9,https://staging.lacuisinedebernard.com/%d8%b7%d9%81%d8%a7%d9%8a%d8%a9
https://lacuisinedebernard.com/%d8%b7%d9%81%d8%a7%d9%8a%d8%a9/,https://staging.lacuisinedebernard.com/%d8%b7%d9%81%d8%a7%d9%8a%d8%a9
https://www.lacuisinedebernard.com/%d8%b7%d9%81%d8%a7%d9%8a%d8%a9,https://staging.lacuisinedebernard.com/%d8%b7%d9%81%d8%a7%d9%8a%d8%a9
https://www.lacuisinedebernard.com/%d8%b7%d9%81%d8%a7%d9%8a%d8%a9/,https://staging.lacuisinedebernard.com/%d8%b7%d9%81%d8%a7%d9%8a%d8%a9
https://lacuisinedebernard.com/macadamia-nuts-in-chile,https://staging.lacuisinedebernard.com/macadamia-nuts-in-chile
https://lacuisinedebernard.com/macadamia-nuts-in-chile/,https://staging.lacuisinedebernard.com/macadamia-nuts-in-chile
https://www.lacuisinedebernard.com/macadamia-nuts-in-chile,https://staging.lacuisinedebernard.com/macadamia-nuts-in-chile
https://www.lacuisinedebernard.com/macadamia-nuts-in-chile/,https://staging.lacuisinedebernard.com/macadamia-nuts-in-chile
https://lacuisinedebernard.com/cuscuz-berbere,https://staging.lacuisinedebernard.com/cuscuz-berbere
https://lacuisinedebernard.com/cuscuz-berbere/,https://staging.lacuisinedebernard.com/cuscuz-berbere
https://www.lacuisinedebernard.com/cuscuz-berbere,https://staging.lacuisinedebernard.com/cuscuz-berbere
https://www.lacuisinedebernard.com/cuscuz-berbere/,https://staging.lacuisinedebernard.com/cuscuz-berbere
https://lacuisinedebernard.com/ensalada-de-zanahoria-naranja-y-cilantro,https://staging.lacuisinedebernard.com/ensalada-de-zanahoria-naranja-y-cilantro
https://lacuisinedebernard.com/ensalada-de-zanahoria-naranja-y-cilantro/,https://staging.lacuisinedebernard.com/ensalada-de-zanahoria-naranja-y-cilantro
https://www.lacuisinedebernard.com/ensalada-de-zanahoria-naranja-y-cilantro,https://staging.lacuisinedebernard.com/ensalada-de-zanahoria-naranja-y-cilantro
https://www.lacuisinedebernard.com/ensalada-de-zanahoria-naranja-y-cilantro/,https://staging.lacuisinedebernard.com/ensalada-de-zanahoria-naranja-y-cilantro
https://lacuisinedebernard.com/%d8%a8%d8%a7%d8%b3%d8%aa%d8%a7-%d9%85%d8%b9-%d8%a7%d9%84%d8%a8%d8%a7%d8%b2%d9%84%d8%a7%d8%a1-%d9%88%d9%84%d8%ad%d9%85-%d8%a7%d9%84%d8%ae%d9%86%d8%b2%d9%8a%d8%b1-%d8%a7%d9%84%d9%85%d9%82%d8%af%d8%af,https://staging.lacuisinedebernard.com/%d8%a8%d8%a7%d8%b3%d8%aa%d8%a7-%d9%85%d8%b9-%d8%a7%d9%84%d8%a8%d8%a7%d8%b2%d9%84%d8%a7%d8%a1-%d9%88%d9%84%d8%ad%d9%85-%d8%a7%d9%84%d8%ae%d9%86%d8%b2%d9%8a%d8%b1-%d8%a7%d9%84%d9%85%d9%82%d8%af%d8%af
https://lacuisinedebernard.com/%d8%a8%d8%a7%d8%b3%d8%aa%d8%a7-%d9%85%d8%b9-%d8%a7%d9%84%d8%a8%d8%a7%d8%b2%d9%84%d8%a7%d8%a1-%d9%88%d9%84%d8%ad%d9%85-%d8%a7%d9%84%d8%ae%d9%86%d8%b2%d9%8a%d8%b1-%d8%a7%d9%84%d9%85%d9%82%d8%af%d8%af/,https://staging.lacuisinedebernard.com/%d8%a8%d8%a7%d8%b3%d8%aa%d8%a7-%d9%85%d8%b9-%d8%a7%d9%84%d8%a8%d8%a7%d8%b2%d9%84%d8%a7%d8%a1-%d9%88%d9%84%d8%ad%d9%85-%d8%a7%d9%84%d8%ae%d9%86%d8%b2%d9%8a%d8%b1-%d8%a7%d9%84%d9%85%d9%82%d8%af%d8%af
https://www.lacuisinedebernard.com/%d8%a8%d8%a7%d8%b3%d8%aa%d8%a7-%d9%85%d8%b9-%d8%a7%d9%84%d8%a8%d8%a7%d8%b2%d9%84%d8%a7%d8%a1-%d9%88%d9%84%d8%ad%d9%85-%d8%a7%d9%84%d8%ae%d9%86%d8%b2%d9%8a%d8%b1-%d8%a7%d9%84%d9%85%d9%82%d8%af%d8%af,https://staging.lacuisinedebernard.com/%d8%a8%d8%a7%d8%b3%d8%aa%d8%a7-%d9%85%d8%b9-%d8%a7%d9%84%d8%a8%d8%a7%d8%b2%d9%84%d8%a7%d8%a1-%d9%88%d9%84%d8%ad%d9%85-%d8%a7%d9%84%d8%ae%d9%86%d8%b2%d9%8a%d8%b1-%d8%a7%d9%84%d9%85%d9%82%d8%af%d8%af
https://www.lacuisinedebernard.com/%d8%a8%d8%a7%d8%b3%d8%aa%d8%a7-%d9%85%d8%b9-%d8%a7%d9%84%d8%a8%d8%a7%d8%b2%d9%84%d8%a7%d8%a1-%d9%88%d9%84%d8%ad%d9%85-%d8%a7%d9%84%d8%ae%d9%86%d8%b2%d9%8a%d8%b1-%d8%a7%d9%84%d9%85%d9%82%d8%af%d8%af/,https://staging.lacuisinedebernard.com/%d8%a8%d8%a7%d8%b3%d8%aa%d8%a7-%d9%85%d8%b9-%d8%a7%d9%84%d8%a8%d8%a7%d8%b2%d9%84%d8%a7%d8%a1-%d9%88%d9%84%d8%ad%d9%85-%d8%a7%d9%84%d8%ae%d9%86%d8%b2%d9%8a%d8%b1-%d8%a7%d9%84%d9%85%d9%82%d8%af%d8%af
https://lacuisinedebernard.com/empadas-de-frango-com-catupiry,https://staging.lacuisinedebernard.com/empadas-de-frango-com-catupiry
https://lacuisinedebernard.com/empadas-de-frango-com-catupiry/,https://staging.lacuisinedebernard.com/empadas-de-frango-com-catupiry
https://www.lacuisinedebernard.com/empadas-de-frango-com-catupiry,https://staging.lacuisinedebernard.com/empadas-de-frango-com-catupiry
https://www.lacuisinedebernard.com/empadas-de-frango-com-catupiry/,https://staging.lacuisinedebernard.com/empadas-de-frango-com-catupiry
https://lacuisinedebernard.com/fish-balls-with-tarragon-sauce,https://staging.lacuisinedebernard.com/fish-balls-with-tarragon-sauce
https://lacuisinedebernard.com/fish-balls-with-tarragon-sauce/,https://staging.lacuisinedebernard.com/fish-balls-with-tarragon-sauce
https://www.lacuisinedebernard.com/fish-balls-with-tarragon-sauce,https://staging.lacuisinedebernard.com/fish-balls-with-tarragon-sauce
https://www.lacuisinedebernard.com/fish-balls-with-tarragon-sauce/,https://staging.lacuisinedebernard.com/fish-balls-with-tarragon-sauce
https://lacuisinedebernard.com/%d9%85%d9%83%d8%b3%d8%b1%d8%a7%d8%aa-%d8%a7%d9%84%d9%85%d9%83%d8%a7%d8%af%d9%8a%d9%85%d9%8a%d8%a7-%d9%81%d9%8a-%d8%aa%d8%b4%d9%8a%d9%84%d9%8a,https://staging.lacuisinedebernard.com/%d9%85%d9%83%d8%b3%d8%b1%d8%a7%d8%aa-%d8%a7%d9%84%d9%85%d9%83%d8%a7%d8%af%d9%8a%d9%85%d9%8a%d8%a7-%d9%81%d9%8a-%d8%aa%d8%b4%d9%8a%d9%84%d9%8a
https://lacuisinedebernard.com/%d9%85%d9%83%d8%b3%d8%b1%d8%a7%d8%aa-%d8%a7%d9%84%d9%85%d9%83%d8%a7%d8%af%d9%8a%d9%85%d9%8a%d8%a7-%d9%81%d9%8a-%d8%aa%d8%b4%d9%8a%d9%84%d9%8a/,https://staging.lacuisinedebernard.com/%d9%85%d9%83%d8%b3%d8%b1%d8%a7%d8%aa-%d8%a7%d9%84%d9%85%d9%83%d8%a7%d8%af%d9%8a%d9%85%d9%8a%d8%a7-%d9%81%d9%8a-%d8%aa%d8%b4%d9%8a%d9%84%d9%8a
https://www.lacuisinedebernard.com/%d9%85%d9%83%d8%b3%d8%b1%d8%a7%d8%aa-%d8%a7%d9%84%d9%85%d9%83%d8%a7%d8%af%d9%8a%d9%85%d9%8a%d8%a7-%d9%81%d9%8a-%d8%aa%d8%b4%d9%8a%d9%84%d9%8a,https://staging.lacuisinedebernard.com/%d9%85%d9%83%d8%b3%d8%b1%d8%a7%d8%aa-%d8%a7%d9%84%d9%85%d9%83%d8%a7%d8%af%d9%8a%d9%85%d9%8a%d8%a7-%d9%81%d9%8a-%d8%aa%d8%b4%d9%8a%d9%84%d9%8a
https://www.lacuisinedebernard.com/%d9%85%d9%83%d8%b3%d8%b1%d8%a7%d8%aa-%d8%a7%d9%84%d9%85%d9%83%d8%a7%d8%af%d9%8a%d9%85%d9%8a%d8%a7-%d9%81%d9%8a-%d8%aa%d8%b4%d9%8a%d9%84%d9%8a/,https://staging.lacuisinedebernard.com/%d9%85%d9%83%d8%b3%d8%b1%d8%a7%d8%aa-%d8%a7%d9%84%d9%85%d9%83%d8%a7%d8%af%d9%8a%d9%85%d9%8a%d8%a7-%d9%81%d9%8a-%d8%aa%d8%b4%d9%8a%d9%84%d9%8a
https://lacuisinedebernard.com/kibbehs,https://staging.lacuisinedebernard.com/kibbehs
https://lacuisinedebernard.com/kibbehs/,https://staging.lacuisinedebernard.com/kibbehs
https://www.lacuisinedebernard.com/kibbehs,https://staging.lacuisinedebernard.com/kibbehs
https://www.lacuisinedebernard.com/kibbehs/,https://staging.lacuisinedebernard.com/kibbehs
https://lacuisinedebernard.com/%d9%83%d8%b1%d8%a7%d8%aa-%d8%a7%d9%84%d8%b3%d9%85%d9%83-%d8%8c-%d8%b5%d9%84%d8%b5%d8%a9-%d8%a7%d9%84%d8%b7%d8%b1%d8%ae%d9%88%d9%86,https://staging.lacuisinedebernard.com/%d9%83%d8%b1%d8%a7%d8%aa-%d8%a7%d9%84%d8%b3%d9%85%d9%83-%d8%8c-%d8%b5%d9%84%d8%b5%d8%a9-%d8%a7%d9%84%d8%b7%d8%b1%d8%ae%d9%88%d9%86
https://lacuisinedebernard.com/%d9%83%d8%b1%d8%a7%d8%aa-%d8%a7%d9%84%d8%b3%d9%85%d9%83-%d8%8c-%d8%b5%d9%84%d8%b5%d8%a9-%d8%a7%d9%84%d8%b7%d8%b1%d8%ae%d9%88%d9%86/,https://staging.lacuisinedebernard.com/%d9%83%d8%b1%d8%a7%d8%aa-%d8%a7%d9%84%d8%b3%d9%85%d9%83-%d8%8c-%d8%b5%d9%84%d8%b5%d8%a9-%d8%a7%d9%84%d8%b7%d8%b1%d8%ae%d9%88%d9%86
https://www.lacuisinedebernard.com/%d9%83%d8%b1%d8%a7%d8%aa-%d8%a7%d9%84%d8%b3%d9%85%d9%83-%d8%8c-%d8%b5%d9%84%d8%b5%d8%a9-%d8%a7%d9%84%d8%b7%d8%b1%d8%ae%d9%88%d9%86,https://staging.lacuisinedebernard.com/%d9%83%d8%b1%d8%a7%d8%aa-%d8%a7%d9%84%d8%b3%d9%85%d9%83-%d8%8c-%d8%b5%d9%84%d8%b5%d8%a9-%d8%a7%d9%84%d8%b7%d8%b1%d8%ae%d9%88%d9%86
https://www.lacuisinedebernard.com/%d9%83%d8%b1%d8%a7%d8%aa-%d8%a7%d9%84%d8%b3%d9%85%d9%83-%d8%8c-%d8%b5%d9%84%d8%b5%d8%a9-%d8%a7%d9%84%d8%b7%d8%b1%d8%ae%d9%88%d9%86/,https://staging.lacuisinedebernard.com/%d9%83%d8%b1%d8%a7%d8%aa-%d8%a7%d9%84%d8%b3%d9%85%d9%83-%d8%8c-%d8%b5%d9%84%d8%b5%d8%a9-%d8%a7%d9%84%d8%b7%d8%b1%d8%ae%d9%88%d9%86
https://lacuisinedebernard.com/berber-couscous,https://staging.lacuisinedebernard.com/berber-couscous
https://lacuisinedebernard.com/berber-couscous/,https://staging.lacuisinedebernard.com/berber-couscous
https://www.lacuisinedebernard.com/berber-couscous,https://staging.lacuisinedebernard.com/berber-couscous
https://www.lacuisinedebernard.com/berber-couscous/,https://staging.lacuisinedebernard.com/berber-couscous
https://lacuisinedebernard.com/salada-de-coentros-de-cenoura-laranja,https://staging.lacuisinedebernard.com/salada-de-coentros-de-cenoura-laranja
https://lacuisinedebernard.com/salada-de-coentros-de-cenoura-laranja/,https://staging.lacuisinedebernard.com/salada-de-coentros-de-cenoura-laranja
https://www.lacuisinedebernard.com/salada-de-coentros-de-cenoura-laranja,https://staging.lacuisinedebernard.com/salada-de-coentros-de-cenoura-laranja
https://www.lacuisinedebernard.com/salada-de-coentros-de-cenoura-laranja/,https://staging.lacuisinedebernard.com/salada-de-coentros-de-cenoura-laranja
https://lacuisinedebernard.com/pasta-con-guisantes-bacon-y-cebolla-crujiente,https://staging.lacuisinedebernard.com/pasta-con-guisantes-bacon-y-cebolla-crujiente
https://lacuisinedebernard.com/pasta-con-guisantes-bacon-y-cebolla-crujiente/,https://staging.lacuisinedebernard.com/pasta-con-guisantes-bacon-y-cebolla-crujiente
https://www.lacuisinedebernard.com/pasta-con-guisantes-bacon-y-cebolla-crujiente,https://staging.lacuisinedebernard.com/pasta-con-guisantes-bacon-y-cebolla-crujiente
https://www.lacuisinedebernard.com/pasta-con-guisantes-bacon-y-cebolla-crujiente/,https://staging.lacuisinedebernard.com/pasta-con-guisantes-bacon-y-cebolla-crujiente
https://lacuisinedebernard.com/carrot-orange-cilantro-salad,https://staging.lacuisinedebernard.com/carrot-orange-cilantro-salad
https://lacuisinedebernard.com/carrot-orange-cilantro-salad/,https://staging.lacuisinedebernard.com/carrot-orange-cilantro-salad
https://www.lacuisinedebernard.com/carrot-orange-cilantro-salad,https://staging.lacuisinedebernard.com/carrot-orange-cilantro-salad
https://www.lacuisinedebernard.com/carrot-orange-cilantro-salad/,https://staging.lacuisinedebernard.com/carrot-orange-cilantro-salad
https://lacuisinedebernard.com/%d8%a7%d9%84%d9%83%d8%b3%d9%83%d8%b3-%d8%a7%d9%84%d8%a8%d8%b1%d8%a8%d8%b1%d9%8a,https://staging.lacuisinedebernard.com/%d8%a7%d9%84%d9%83%d8%b3%d9%83%d8%b3-%d8%a7%d9%84%d8%a8%d8%b1%d8%a8%d8%b1%d9%8a
https://lacuisinedebernard.com/%d8%a7%d9%84%d9%83%d8%b3%d9%83%d8%b3-%d8%a7%d9%84%d8%a8%d8%b1%d8%a8%d8%b1%d9%8a/,https://staging.lacuisinedebernard.com/%d8%a7%d9%84%d9%83%d8%b3%d9%83%d8%b3-%d8%a7%d9%84%d8%a8%d8%b1%d8%a8%d8%b1%d9%8a
https://www.lacuisinedebernard.com/%d8%a7%d9%84%d9%83%d8%b3%d9%83%d8%b3-%d8%a7%d9%84%d8%a8%d8%b1%d8%a8%d8%b1%d9%8a,https://staging.lacuisinedebernard.com/%d8%a7%d9%84%d9%83%d8%b3%d9%83%d8%b3-%d8%a7%d9%84%d8%a8%d8%b1%d8%a8%d8%b1%d9%8a
https://www.lacuisinedebernard.com/%d8%a7%d9%84%d9%83%d8%b3%d9%83%d8%b3-%d8%a7%d9%84%d8%a8%d8%b1%d8%a8%d8%b1%d9%8a/,https://staging.lacuisinedebernard.com/%d8%a7%d9%84%d9%83%d8%b3%d9%83%d8%b3-%d8%a7%d9%84%d8%a8%d8%b1%d8%a8%d8%b1%d9%8a
https://lacuisinedebernard.com/%d8%aa%d8%b1%d8%a7%d9%85%d8%a7,https://staging.lacuisinedebernard.com/%d8%aa%d8%b1%d8%a7%d9%85%d8%a7
https://lacuisinedebernard.com/%d8%aa%d8%b1%d8%a7%d9%85%d8%a7/,https://staging.lacuisinedebernard.com/%d8%aa%d8%b1%d8%a7%d9%85%d8%a7
https://www.lacuisinedebernard.com/%d8%aa%d8%b1%d8%a7%d9%85%d8%a7,https://staging.lacuisinedebernard.com/%d8%aa%d8%b1%d8%a7%d9%85%d8%a7
https://www.lacuisinedebernard.com/%d8%aa%d8%b1%d8%a7%d9%85%d8%a7/,https://staging.lacuisinedebernard.com/%d8%aa%d8%b1%d8%a7%d9%85%d8%a7
https://lacuisinedebernard.com/%d8%b3%d9%84%d8%b7%d8%a9-%d8%ac%d8%b2%d8%b1-%d9%88-%d8%a8%d8%b1%d8%aa%d9%82%d8%a7%d9%84-%d9%88-%d9%83%d8%b2%d8%a8%d8%b1%d8%a9,https://staging.lacuisinedebernard.com/%d8%b3%d9%84%d8%b7%d8%a9-%d8%ac%d8%b2%d8%b1-%d9%88-%d8%a8%d8%b1%d8%aa%d9%82%d8%a7%d9%84-%d9%88-%d9%83%d8%b2%d8%a8%d8%b1%d8%a9
https://lacuisinedebernard.com/%d8%b3%d9%84%d8%b7%d8%a9-%d8%ac%d8%b2%d8%b1-%d9%88-%d8%a8%d8%b1%d8%aa%d9%82%d8%a7%d9%84-%d9%88-%d9%83%d8%b2%d8%a8%d8%b1%d8%a9/,https://staging.lacuisinedebernard.com/%d8%b3%d9%84%d8%b7%d8%a9-%d8%ac%d8%b2%d8%b1-%d9%88-%d8%a8%d8%b1%d8%aa%d9%82%d8%a7%d9%84-%d9%88-%d9%83%d8%b2%d8%a8%d8%b1%d8%a9
https://www.lacuisinedebernard.com/%d8%b3%d9%84%d8%b7%d8%a9-%d8%ac%d8%b2%d8%b1-%d9%88-%d8%a8%d8%b1%d8%aa%d9%82%d8%a7%d9%84-%d9%88-%d9%83%d8%b2%d8%a8%d8%b1%d8%a9,https://staging.lacuisinedebernard.com/%d8%b3%d9%84%d8%b7%d8%a9-%d8%ac%d8%b2%d8%b1-%d9%88-%d8%a8%d8%b1%d8%aa%d9%82%d8%a7%d9%84-%d9%88-%d9%83%d8%b2%d8%a8%d8%b1%d8%a9
https://www.lacuisinedebernard.com/%d8%b3%d9%84%d8%b7%d8%a9-%d8%ac%d8%b2%d8%b1-%d9%88-%d8%a8%d8%b1%d8%aa%d9%82%d8%a7%d9%84-%d9%88-%d9%83%d8%b2%d8%a8%d8%b1%d8%a9/,https://staging.lacuisinedebernard.com/%d8%b3%d9%84%d8%b7%d8%a9-%d8%ac%d8%b2%d8%b1-%d9%88-%d8%a8%d8%b1%d8%aa%d9%82%d8%a7%d9%84-%d9%88-%d9%83%d8%b2%d8%a8%d8%b1%d8%a9
https://lacuisinedebernard.com/%d8%a5%d9%85%d8%a8%d8%a7%d8%af%d8%a7%d8%b3-%d9%85%d9%86-%d9%82%d8%a8%d9%84-%d9%81%d8%b1%d8%a7%d9%86%d8%ac%d9%88-%d9%83%d9%88%d9%85-%d9%83%d8%a7%d8%aa%d9%88%d8%a8%d9%8a%d8%b1%d9%8a,https://staging.lacuisinedebernard.com/%d8%a5%d9%85%d8%a8%d8%a7%d8%af%d8%a7%d8%b3-%d9%85%d9%86-%d9%82%d8%a8%d9%84-%d9%81%d8%b1%d8%a7%d9%86%d8%ac%d9%88-%d9%83%d9%88%d9%85-%d9%83%d8%a7%d8%aa%d9%88%d8%a8%d9%8a%d8%b1%d9%8a
https://lacuisinedebernard.com/%d8%a5%d9%85%d8%a8%d8%a7%d8%af%d8%a7%d8%b3-%d9%85%d9%86-%d9%82%d8%a8%d9%84-%d9%81%d8%b1%d8%a7%d9%86%d8%ac%d9%88-%d9%83%d9%88%d9%85-%d9%83%d8%a7%d8%aa%d9%88%d8%a8%d9%8a%d8%b1%d9%8a/,https://staging.lacuisinedebernard.com/%d8%a5%d9%85%d8%a8%d8%a7%d8%af%d8%a7%d8%b3-%d9%85%d9%86-%d9%82%d8%a8%d9%84-%d9%81%d8%b1%d8%a7%d9%86%d8%ac%d9%88-%d9%83%d9%88%d9%85-%d9%83%d8%a7%d8%aa%d9%88%d8%a8%d9%8a%d8%b1%d9%8a
https://www.lacuisinedebernard.com/%d8%a5%d9%85%d8%a8%d8%a7%d8%af%d8%a7%d8%b3-%d9%85%d9%86-%d9%82%d8%a8%d9%84-%d9%81%d8%b1%d8%a7%d9%86%d8%ac%d9%88-%d9%83%d9%88%d9%85-%d9%83%d8%a7%d8%aa%d9%88%d8%a8%d9%8a%d8%b1%d9%8a,https://staging.lacuisinedebernard.com/%d8%a5%d9%85%d8%a8%d8%a7%d8%af%d8%a7%d8%b3-%d9%85%d9%86-%d9%82%d8%a8%d9%84-%d9%81%d8%b1%d8%a7%d9%86%d8%ac%d9%88-%d9%83%d9%88%d9%85-%d9%83%d8%a7%d8%aa%d9%88%d8%a8%d9%8a%d8%b1%d9%8a
https://www.lacuisinedebernard.com/%d8%a5%d9%85%d8%a8%d8%a7%d8%af%d8%a7%d8%b3-%d9%85%d9%86-%d9%82%d8%a8%d9%84-%d9%81%d8%b1%d8%a7%d9%86%d8%ac%d9%88-%d9%83%d9%88%d9%85-%d9%83%d8%a7%d8%aa%d9%88%d8%a8%d9%8a%d8%b1%d9%8a/,https://staging.lacuisinedebernard.com/%d8%a5%d9%85%d8%a8%d8%a7%d8%af%d8%a7%d8%b3-%d9%85%d9%86-%d9%82%d8%a8%d9%84-%d9%81%d8%b1%d8%a7%d9%86%d8%ac%d9%88-%d9%83%d9%88%d9%85-%d9%83%d8%a7%d8%aa%d9%88%d8%a8%d9%8a%d8%b1%d9%8a
https://lacuisinedebernard.com/massas-com-ervilhas-bacon-e-cebolas-crocantes,https://staging.lacuisinedebernard.com/massas-com-ervilhas-bacon-e-cebolas-crocantes
https://lacuisinedebernard.com/massas-com-ervilhas-bacon-e-cebolas-crocantes/,https://staging.lacuisinedebernard.com/massas-com-ervilhas-bacon-e-cebolas-crocantes
https://www.lacuisinedebernard.com/massas-com-ervilhas-bacon-e-cebolas-crocantes,https://staging.lacuisinedebernard.com/massas-com-ervilhas-bacon-e-cebolas-crocantes
https://www.lacuisinedebernard.com/massas-com-ervilhas-bacon-e-cebolas-crocantes/,https://staging.lacuisinedebernard.com/massas-com-ervilhas-bacon-e-cebolas-crocantes
https://lacuisinedebernard.com/bolas-de-pescado-con-salsa-de-estragon,https://staging.lacuisinedebernard.com/bolas-de-pescado-con-salsa-de-estragon
https://lacuisinedebernard.com/bolas-de-pescado-con-salsa-de-estragon/,https://staging.lacuisinedebernard.com/bolas-de-pescado-con-salsa-de-estragon
https://www.lacuisinedebernard.com/bolas-de-pescado-con-salsa-de-estragon,https://staging.lacuisinedebernard.com/bolas-de-pescado-con-salsa-de-estragon
https://www.lacuisinedebernard.com/bolas-de-pescado-con-salsa-de-estragon/,https://staging.lacuisinedebernard.com/bolas-de-pescado-con-salsa-de-estragon
https://lacuisinedebernard.com/nueces-de-macadamia-en-chile,https://staging.lacuisinedebernard.com/nueces-de-macadamia-en-chile
https://lacuisinedebernard.com/nueces-de-macadamia-en-chile/,https://staging.lacuisinedebernard.com/nueces-de-macadamia-en-chile
https://www.lacuisinedebernard.com/nueces-de-macadamia-en-chile,https://staging.lacuisinedebernard.com/nueces-de-macadamia-en-chile
https://www.lacuisinedebernard.com/nueces-de-macadamia-en-chile/,https://staging.lacuisinedebernard.com/nueces-de-macadamia-en-chile
https://lacuisinedebernard.com/%d9%83%d8%a8%d8%a9,https://staging.lacuisinedebernard.com/%d9%83%d8%a8%d8%a9
https://lacuisinedebernard.com/%d9%83%d8%a8%d8%a9/,https://staging.lacuisinedebernard.com/%d9%83%d8%a8%d8%a9
https://www.lacuisinedebernard.com/%d9%83%d8%a8%d8%a9,https://staging.lacuisinedebernard.com/%d9%83%d8%a8%d8%a9
https://www.lacuisinedebernard.com/%d9%83%d8%a8%d8%a9/,https://staging.lacuisinedebernard.com/%d9%83%d8%a8%d8%a9
https://lacuisinedebernard.com/arroz-con-pollo-a-la-hainanesa,https://staging.lacuisinedebernard.com/arroz-con-pollo-a-la-hainanesa
https://lacuisinedebernard.com/arroz-con-pollo-a-la-hainanesa/,https://staging.lacuisinedebernard.com/arroz-con-pollo-a-la-hainanesa
https://www.lacuisinedebernard.com/arroz-con-pollo-a-la-hainanesa,https://staging.lacuisinedebernard.com/arroz-con-pollo-a-la-hainanesa
https://www.lacuisinedebernard.com/arroz-con-pollo-a-la-hainanesa/,https://staging.lacuisinedebernard.com/arroz-con-pollo-a-la-hainanesa
https://lacuisinedebernard.com/pasta-with-peas-bacon-and-crispy-onions,https://staging.lacuisinedebernard.com/pasta-with-peas-bacon-and-crispy-onions
https://lacuisinedebernard.com/pasta-with-peas-bacon-and-crispy-onions/,https://staging.lacuisinedebernard.com/pasta-with-peas-bacon-and-crispy-onions
https://www.lacuisinedebernard.com/pasta-with-peas-bacon-and-crispy-onions,https://staging.lacuisinedebernard.com/pasta-with-peas-bacon-and-crispy-onions
https://www.lacuisinedebernard.com/pasta-with-peas-bacon-and-crispy-onions/,https://staging.lacuisinedebernard.com/pasta-with-peas-bacon-and-crispy-onions
https://lacuisinedebernard.com/nozes-de-macadamia-no-chile,https://staging.lacuisinedebernard.com/nozes-de-macadamia-no-chile
https://lacuisinedebernard.com/nozes-de-macadamia-no-chile/,https://staging.lacuisinedebernard.com/nozes-de-macadamia-no-chile
https://www.lacuisinedebernard.com/nozes-de-macadamia-no-chile,https://staging.lacuisinedebernard.com/nozes-de-macadamia-no-chile
https://www.lacuisinedebernard.com/nozes-de-macadamia-no-chile/,https://staging.lacuisinedebernard.com/nozes-de-macadamia-no-chile
https://lacuisinedebernard.com/bolas-de-peixe-com-molho-de-estragao,https://staging.lacuisinedebernard.com/bolas-de-peixe-com-molho-de-estragao
https://lacuisinedebernard.com/bolas-de-peixe-com-molho-de-estragao/,https://staging.lacuisinedebernard.com/bolas-de-peixe-com-molho-de-estragao
https://www.lacuisinedebernard.com/bolas-de-peixe-com-molho-de-estragao,https://staging.lacuisinedebernard.com/bolas-de-peixe-com-molho-de-estragao
https://www.lacuisinedebernard.com/bolas-de-peixe-com-molho-de-estragao/,https://staging.lacuisinedebernard.com/bolas-de-peixe-com-molho-de-estragao
https://lacuisinedebernard.com/cuscus-bereber,https://staging.lacuisinedebernard.com/cuscus-bereber
https://lacuisinedebernard.com/cuscus-bereber/,https://staging.lacuisinedebernard.com/cuscus-bereber
https://www.lacuisinedebernard.com/cuscus-bereber,https://staging.lacuisinedebernard.com/cuscus-bereber
https://www.lacuisinedebernard.com/cuscus-bereber/,https://staging.lacuisinedebernard.com/cuscus-bereber
https://lacuisinedebernard.com/chicken-pastilla,https://staging.lacuisinedebernard.com/chicken-pastilla
https://lacuisinedebernard.com/chicken-pastilla/,https://staging.lacuisinedebernard.com/chicken-pastilla
https://www.lacuisinedebernard.com/chicken-pastilla,https://staging.lacuisinedebernard.com/chicken-pastilla
https://www.lacuisinedebernard.com/chicken-pastilla/,https://staging.lacuisinedebernard.com/chicken-pastilla
https://lacuisinedebernard.com/%d8%b4%d9%8a%d8%aa%d8%a7%d9%83%d9%8a-%d9%88%d8%b4%d9%8a%d9%85%d9%8a%d8%ac%d9%8a-%d8%b1%d9%8a%d8%b2%d9%88%d8%aa%d9%88,https://staging.lacuisinedebernard.com/%d8%b4%d9%8a%d8%aa%d8%a7%d9%83%d9%8a-%d9%88%d8%b4%d9%8a%d9%85%d9%8a%d8%ac%d9%8a-%d8%b1%d9%8a%d8%b2%d9%88%d8%aa%d9%88
https://lacuisinedebernard.com/%d8%b4%d9%8a%d8%aa%d8%a7%d9%83%d9%8a-%d9%88%d8%b4%d9%8a%d9%85%d9%8a%d8%ac%d9%8a-%d8%b1%d9%8a%d8%b2%d9%88%d8%aa%d9%88/,https://staging.lacuisinedebernard.com/%d8%b4%d9%8a%d8%aa%d8%a7%d9%83%d9%8a-%d9%88%d8%b4%d9%8a%d9%85%d9%8a%d8%ac%d9%8a-%d8%b1%d9%8a%d8%b2%d9%88%d8%aa%d9%88
https://www.lacuisinedebernard.com/%d8%b4%d9%8a%d8%aa%d8%a7%d9%83%d9%8a-%d9%88%d8%b4%d9%8a%d9%85%d9%8a%d8%ac%d9%8a-%d8%b1%d9%8a%d8%b2%d9%88%d8%aa%d9%88,https://staging.lacuisinedebernard.com/%d8%b4%d9%8a%d8%aa%d8%a7%d9%83%d9%8a-%d9%88%d8%b4%d9%8a%d9%85%d9%8a%d8%ac%d9%8a-%d8%b1%d9%8a%d8%b2%d9%88%d8%aa%d9%88
https://www.lacuisinedebernard.com/%d8%b4%d9%8a%d8%aa%d8%a7%d9%83%d9%8a-%d9%88%d8%b4%d9%8a%d9%85%d9%8a%d8%ac%d9%8a-%d8%b1%d9%8a%d8%b2%d9%88%d8%aa%d9%88/,https://staging.lacuisinedebernard.com/%d8%b4%d9%8a%d8%aa%d8%a7%d9%83%d9%8a-%d9%88%d8%b4%d9%8a%d9%85%d9%8a%d8%ac%d9%8a-%d8%b1%d9%8a%d8%b2%d9%88%d8%aa%d9%88
https://lacuisinedebernard.com/%d8%aa%d9%83%d8%aa%d9%88%d9%83%d8%a9,https://staging.lacuisinedebernard.com/%d8%aa%d9%83%d8%aa%d9%88%d9%83%d8%a9
https://lacuisinedebernard.com/%d8%aa%d9%83%d8%aa%d9%88%d9%83%d8%a9/,https://staging.lacuisinedebernard.com/%d8%aa%d9%83%d8%aa%d9%88%d9%83%d8%a9
https://www.lacuisinedebernard.com/%d8%aa%d9%83%d8%aa%d9%88%d9%83%d8%a9,https://staging.lacuisinedebernard.com/%d8%aa%d9%83%d8%aa%d9%88%d9%83%d8%a9
https://www.lacuisinedebernard.com/%d8%aa%d9%83%d8%aa%d9%88%d9%83%d8%a9/,https://staging.lacuisinedebernard.com/%d8%aa%d9%83%d8%aa%d9%88%d9%83%d8%a9
https://lacuisinedebernard.com/itek-sio-duck-with-coriander-seeds-palm-sugar-and-tamarind,https://staging.lacuisinedebernard.com/itek-sio-duck-with-coriander-seeds-palm-sugar-and-tamarind
https://lacuisinedebernard.com/itek-sio-duck-with-coriander-seeds-palm-sugar-and-tamarind/,https://staging.lacuisinedebernard.com/itek-sio-duck-with-coriander-seeds-palm-sugar-and-tamarind
https://www.lacuisinedebernard.com/itek-sio-duck-with-coriander-seeds-palm-sugar-and-tamarind,https://staging.lacuisinedebernard.com/itek-sio-duck-with-coriander-seeds-palm-sugar-and-tamarind
https://www.lacuisinedebernard.com/itek-sio-duck-with-coriander-seeds-palm-sugar-and-tamarind/,https://staging.lacuisinedebernard.com/itek-sio-duck-with-coriander-seeds-palm-sugar-and-tamarind
https://lacuisinedebernard.com/panquecas-coreanas-com-feijao-mung-e-cebolinho,https://staging.lacuisinedebernard.com/panquecas-coreanas-com-feijao-mung-e-cebolinho
https://lacuisinedebernard.com/panquecas-coreanas-com-feijao-mung-e-cebolinho/,https://staging.lacuisinedebernard.com/panquecas-coreanas-com-feijao-mung-e-cebolinho
https://www.lacuisinedebernard.com/panquecas-coreanas-com-feijao-mung-e-cebolinho,https://staging.lacuisinedebernard.com/panquecas-coreanas-com-feijao-mung-e-cebolinho
https://www.lacuisinedebernard.com/panquecas-coreanas-com-feijao-mung-e-cebolinho/,https://staging.lacuisinedebernard.com/panquecas-coreanas-com-feijao-mung-e-cebolinho
https://lacuisinedebernard.com/arroz-de-frango-hainanes,https://staging.lacuisinedebernard.com/arroz-de-frango-hainanes
https://lacuisinedebernard.com/arroz-de-frango-hainanes/,https://staging.lacuisinedebernard.com/arroz-de-frango-hainanes
https://www.lacuisinedebernard.com/arroz-de-frango-hainanes,https://staging.lacuisinedebernard.com/arroz-de-frango-hainanes
https://www.lacuisinedebernard.com/arroz-de-frango-hainanes/,https://staging.lacuisinedebernard.com/arroz-de-frango-hainanes
https://lacuisinedebernard.com/sopa-de-esparragos-verdes,https://staging.lacuisinedebernard.com/sopa-de-esparragos-verdes
https://lacuisinedebernard.com/sopa-de-esparragos-verdes/,https://staging.lacuisinedebernard.com/sopa-de-esparragos-verdes
https://www.lacuisinedebernard.com/sopa-de-esparragos-verdes,https://staging.lacuisinedebernard.com/sopa-de-esparragos-verdes
https://www.lacuisinedebernard.com/sopa-de-esparragos-verdes/,https://staging.lacuisinedebernard.com/sopa-de-esparragos-verdes
https://lacuisinedebernard.com/tajine-de-ternera-con-guisantes-y-alcachofas,https://staging.lacuisinedebernard.com/tajine-de-ternera-con-guisantes-y-alcachofas
https://lacuisinedebernard.com/tajine-de-ternera-con-guisantes-y-alcachofas/,https://staging.lacuisinedebernard.com/tajine-de-ternera-con-guisantes-y-alcachofas
https://www.lacuisinedebernard.com/tajine-de-ternera-con-guisantes-y-alcachofas,https://staging.lacuisinedebernard.com/tajine-de-ternera-con-guisantes-y-alcachofas
https://www.lacuisinedebernard.com/tajine-de-ternera-con-guisantes-y-alcachofas/,https://staging.lacuisinedebernard.com/tajine-de-ternera-con-guisantes-y-alcachofas
https://lacuisinedebernard.com/%d8%a8%d8%b3%d8%b7%d9%8a%d9%84%d8%a9-%d8%af%d8%ac%d8%a7%d8%ac,https://staging.lacuisinedebernard.com/%d8%a8%d8%b3%d8%b7%d9%8a%d9%84%d8%a9-%d8%af%d8%ac%d8%a7%d8%ac
https://lacuisinedebernard.com/%d8%a8%d8%b3%d8%b7%d9%8a%d9%84%d8%a9-%d8%af%d8%ac%d8%a7%d8%ac/,https://staging.lacuisinedebernard.com/%d8%a8%d8%b3%d8%b7%d9%8a%d9%84%d8%a9-%d8%af%d8%ac%d8%a7%d8%ac
https://www.lacuisinedebernard.com/%d8%a8%d8%b3%d8%b7%d9%8a%d9%84%d8%a9-%d8%af%d8%ac%d8%a7%d8%ac,https://staging.lacuisinedebernard.com/%d8%a8%d8%b3%d8%b7%d9%8a%d9%84%d8%a9-%d8%af%d8%ac%d8%a7%d8%ac
https://www.lacuisinedebernard.com/%d8%a8%d8%b3%d8%b7%d9%8a%d9%84%d8%a9-%d8%af%d8%ac%d8%a7%d8%ac/,https://staging.lacuisinedebernard.com/%d8%a8%d8%b3%d8%b7%d9%8a%d9%84%d8%a9-%d8%af%d8%ac%d8%a7%d8%ac
https://lacuisinedebernard.com/vitela-tajine-com-ervilhas-e-alcachofras,https://staging.lacuisinedebernard.com/vitela-tajine-com-ervilhas-e-alcachofras
https://lacuisinedebernard.com/vitela-tajine-com-ervilhas-e-alcachofras/,https://staging.lacuisinedebernard.com/vitela-tajine-com-ervilhas-e-alcachofras
https://www.lacuisinedebernard.com/vitela-tajine-com-ervilhas-e-alcachofras,https://staging.lacuisinedebernard.com/vitela-tajine-com-ervilhas-e-alcachofras
https://www.lacuisinedebernard.com/vitela-tajine-com-ervilhas-e-alcachofras/,https://staging.lacuisinedebernard.com/vitela-tajine-com-ervilhas-e-alcachofras
https://lacuisinedebernard.com/harira,https://staging.lacuisinedebernard.com/harira
https://lacuisinedebernard.com/harira/,https://staging.lacuisinedebernard.com/harira
https://www.lacuisinedebernard.com/harira,https://staging.lacuisinedebernard.com/harira
https://www.lacuisinedebernard.com/harira/,https://staging.lacuisinedebernard.com/harira
https://lacuisinedebernard.com/korean-pancakes-with-mung-beans-and-chives,https://staging.lacuisinedebernard.com/korean-pancakes-with-mung-beans-and-chives
https://lacuisinedebernard.com/korean-pancakes-with-mung-beans-and-chives/,https://staging.lacuisinedebernard.com/korean-pancakes-with-mung-beans-and-chives
https://www.lacuisinedebernard.com/korean-pancakes-with-mung-beans-and-chives,https://staging.lacuisinedebernard.com/korean-pancakes-with-mung-beans-and-chives
https://www.lacuisinedebernard.com/korean-pancakes-with-mung-beans-and-chives/,https://staging.lacuisinedebernard.com/korean-pancakes-with-mung-beans-and-chives
https://lacuisinedebernard.com/itek-sio-%d8%a8%d8%b7-%d9%85%d8%b9-%d8%a8%d8%b0%d9%88%d8%b1-%d8%a7%d9%84%d9%83%d8%b2%d8%a8%d8%b1%d8%a9-%d9%88%d8%b3%d9%83%d8%b1-%d8%a7%d9%84%d9%86%d8%ae%d9%8a%d9%84-%d9%88%d8%a7%d9%84%d8%aa%d9%85,https://staging.lacuisinedebernard.com/itek-sio-%d8%a8%d8%b7-%d9%85%d8%b9-%d8%a8%d8%b0%d9%88%d8%b1-%d8%a7%d9%84%d9%83%d8%b2%d8%a8%d8%b1%d8%a9-%d9%88%d8%b3%d9%83%d8%b1-%d8%a7%d9%84%d9%86%d8%ae%d9%8a%d9%84-%d9%88%d8%a7%d9%84%d8%aa%d9%85
https://lacuisinedebernard.com/itek-sio-%d8%a8%d8%b7-%d9%85%d8%b9-%d8%a8%d8%b0%d9%88%d8%b1-%d8%a7%d9%84%d9%83%d8%b2%d8%a8%d8%b1%d8%a9-%d9%88%d8%b3%d9%83%d8%b1-%d8%a7%d9%84%d9%86%d8%ae%d9%8a%d9%84-%d9%88%d8%a7%d9%84%d8%aa%d9%85/,https://staging.lacuisinedebernard.com/itek-sio-%d8%a8%d8%b7-%d9%85%d8%b9-%d8%a8%d8%b0%d9%88%d8%b1-%d8%a7%d9%84%d9%83%d8%b2%d8%a8%d8%b1%d8%a9-%d9%88%d8%b3%d9%83%d8%b1-%d8%a7%d9%84%d9%86%d8%ae%d9%8a%d9%84-%d9%88%d8%a7%d9%84%d8%aa%d9%85
https://www.lacuisinedebernard.com/itek-sio-%d8%a8%d8%b7-%d9%85%d8%b9-%d8%a8%d8%b0%d9%88%d8%b1-%d8%a7%d9%84%d9%83%d8%b2%d8%a8%d8%b1%d8%a9-%d9%88%d8%b3%d9%83%d8%b1-%d8%a7%d9%84%d9%86%d8%ae%d9%8a%d9%84-%d9%88%d8%a7%d9%84%d8%aa%d9%85,https://staging.lacuisinedebernard.com/itek-sio-%d8%a8%d8%b7-%d9%85%d8%b9-%d8%a8%d8%b0%d9%88%d8%b1-%d8%a7%d9%84%d9%83%d8%b2%d8%a8%d8%b1%d8%a9-%d9%88%d8%b3%d9%83%d8%b1-%d8%a7%d9%84%d9%86%d8%ae%d9%8a%d9%84-%d9%88%d8%a7%d9%84%d8%aa%d9%85
https://www.lacuisinedebernard.com/itek-sio-%d8%a8%d8%b7-%d9%85%d8%b9-%d8%a8%d8%b0%d9%88%d8%b1-%d8%a7%d9%84%d9%83%d8%b2%d8%a8%d8%b1%d8%a9-%d9%88%d8%b3%d9%83%d8%b1-%d8%a7%d9%84%d9%86%d8%ae%d9%8a%d9%84-%d9%88%d8%a7%d9%84%d8%aa%d9%85/,https://staging.lacuisinedebernard.com/itek-sio-%d8%a8%d8%b7-%d9%85%d8%b9-%d8%a8%d8%b0%d9%88%d8%b1-%d8%a7%d9%84%d9%83%d8%b2%d8%a8%d8%b1%d8%a9-%d9%88%d8%b3%d9%83%d8%b1-%d8%a7%d9%84%d9%86%d8%ae%d9%8a%d9%84-%d9%88%d8%a7%d9%84%d8%aa%d9%85
https://lacuisinedebernard.com/hainanese-chicken-rice,https://staging.lacuisinedebernard.com/hainanese-chicken-rice
https://lacuisinedebernard.com/hainanese-chicken-rice/,https://staging.lacuisinedebernard.com/hainanese-chicken-rice
https://www.lacuisinedebernard.com/hainanese-chicken-rice,https://staging.lacuisinedebernard.com/hainanese-chicken-rice
https://www.lacuisinedebernard.com/hainanese-chicken-rice/,https://staging.lacuisinedebernard.com/hainanese-chicken-rice
https://lacuisinedebernard.com/dal-de-lentejas-con-coco,https://staging.lacuisinedebernard.com/dal-de-lentejas-con-coco
https://lacuisinedebernard.com/dal-de-lentejas-con-coco/,https://staging.lacuisinedebernard.com/dal-de-lentejas-con-coco
https://www.lacuisinedebernard.com/dal-de-lentejas-con-coco,https://staging.lacuisinedebernard.com/dal-de-lentejas-con-coco
https://www.lacuisinedebernard.com/dal-de-lentejas-con-coco/,https://staging.lacuisinedebernard.com/dal-de-lentejas-con-coco
https://lacuisinedebernard.com/sopa-de-espargos-verdes,https://staging.lacuisinedebernard.com/sopa-de-espargos-verdes
https://lacuisinedebernard.com/sopa-de-espargos-verdes/,https://staging.lacuisinedebernard.com/sopa-de-espargos-verdes
https://www.lacuisinedebernard.com/sopa-de-espargos-verdes,https://staging.lacuisinedebernard.com/sopa-de-espargos-verdes
https://www.lacuisinedebernard.com/sopa-de-espargos-verdes/,https://staging.lacuisinedebernard.com/sopa-de-espargos-verdes
https://lacuisinedebernard.com/%d8%a3%d8%b1%d8%b2-%d8%a7%d9%84%d8%af%d8%ac%d8%a7%d8%ac-%d9%87%d9%8a%d9%86%d8%a7%d9%86%d9%8a%d8%b3,https://staging.lacuisinedebernard.com/%d8%a3%d8%b1%d8%b2-%d8%a7%d9%84%d8%af%d8%ac%d8%a7%d8%ac-%d9%87%d9%8a%d9%86%d8%a7%d9%86%d9%8a%d8%b3
https://lacuisinedebernard.com/%d8%a3%d8%b1%d8%b2-%d8%a7%d9%84%d8%af%d8%ac%d8%a7%d8%ac-%d9%87%d9%8a%d9%86%d8%a7%d9%86%d9%8a%d8%b3/,https://staging.lacuisinedebernard.com/%d8%a3%d8%b1%d8%b2-%d8%a7%d9%84%d8%af%d8%ac%d8%a7%d8%ac-%d9%87%d9%8a%d9%86%d8%a7%d9%86%d9%8a%d8%b3
https://www.lacuisinedebernard.com/%d8%a3%d8%b1%d8%b2-%d8%a7%d9%84%d8%af%d8%ac%d8%a7%d8%ac-%d9%87%d9%8a%d9%86%d8%a7%d9%86%d9%8a%d8%b3,https://staging.lacuisinedebernard.com/%d8%a3%d8%b1%d8%b2-%d8%a7%d9%84%d8%af%d8%ac%d8%a7%d8%ac-%d9%87%d9%8a%d9%86%d8%a7%d9%86%d9%8a%d8%b3
https://www.lacuisinedebernard.com/%d8%a3%d8%b1%d8%b2-%d8%a7%d9%84%d8%af%d8%ac%d8%a7%d8%ac-%d9%87%d9%8a%d9%86%d8%a7%d9%86%d9%8a%d8%b3/,https://staging.lacuisinedebernard.com/%d8%a3%d8%b1%d8%b2-%d8%a7%d9%84%d8%af%d8%ac%d8%a7%d8%ac-%d9%87%d9%8a%d9%86%d8%a7%d9%86%d9%8a%d8%b3
https://lacuisinedebernard.com/veal-tagine-with-peas-and-artichokes,https://staging.lacuisinedebernard.com/veal-tagine-with-peas-and-artichokes
https://lacuisinedebernard.com/veal-tagine-with-peas-and-artichokes/,https://staging.lacuisinedebernard.com/veal-tagine-with-peas-and-artichokes
https://www.lacuisinedebernard.com/veal-tagine-with-peas-and-artichokes,https://staging.lacuisinedebernard.com/veal-tagine-with-peas-and-artichokes
https://www.lacuisinedebernard.com/veal-tagine-with-peas-and-artichokes/,https://staging.lacuisinedebernard.com/veal-tagine-with-peas-and-artichokes
https://lacuisinedebernard.com/%d8%a7%d9%84%d9%81%d8%b7%d8%a7%d8%a6%d8%b1-%d8%a7%d9%84%d9%83%d9%88%d8%b1%d9%8a%d8%a9-%d9%85%d8%b9-%d9%81%d8%a7%d8%b5%d9%88%d9%84%d9%8a%d8%a7-%d9%85%d9%88%d9%86%d8%ac-%d9%88%d8%a7%d9%84%d8%a8%d8%b5,https://staging.lacuisinedebernard.com/%d8%a7%d9%84%d9%81%d8%b7%d8%a7%d8%a6%d8%b1-%d8%a7%d9%84%d9%83%d9%88%d8%b1%d9%8a%d8%a9-%d9%85%d8%b9-%d9%81%d8%a7%d8%b5%d9%88%d9%84%d9%8a%d8%a7-%d9%85%d9%88%d9%86%d8%ac-%d9%88%d8%a7%d9%84%d8%a8%d8%b5
https://lacuisinedebernard.com/%d8%a7%d9%84%d9%81%d8%b7%d8%a7%d8%a6%d8%b1-%d8%a7%d9%84%d9%83%d9%88%d8%b1%d9%8a%d8%a9-%d9%85%d8%b9-%d9%81%d8%a7%d8%b5%d9%88%d9%84%d9%8a%d8%a7-%d9%85%d9%88%d9%86%d8%ac-%d9%88%d8%a7%d9%84%d8%a8%d8%b5/,https://staging.lacuisinedebernard.com/%d8%a7%d9%84%d9%81%d8%b7%d8%a7%d8%a6%d8%b1-%d8%a7%d9%84%d9%83%d9%88%d8%b1%d9%8a%d8%a9-%d9%85%d8%b9-%d9%81%d8%a7%d8%b5%d9%88%d9%84%d9%8a%d8%a7-%d9%85%d9%88%d9%86%d8%ac-%d9%88%d8%a7%d9%84%d8%a8%d8%b5
https://www.lacuisinedebernard.com/%d8%a7%d9%84%d9%81%d8%b7%d8%a7%d8%a6%d8%b1-%d8%a7%d9%84%d9%83%d9%88%d8%b1%d9%8a%d8%a9-%d9%85%d8%b9-%d9%81%d8%a7%d8%b5%d9%88%d9%84%d9%8a%d8%a7-%d9%85%d9%88%d9%86%d8%ac-%d9%88%d8%a7%d9%84%d8%a8%d8%b5,https://staging.lacuisinedebernard.com/%d8%a7%d9%84%d9%81%d8%b7%d8%a7%d8%a6%d8%b1-%d8%a7%d9%84%d9%83%d9%88%d8%b1%d9%8a%d8%a9-%d9%85%d8%b9-%d9%81%d8%a7%d8%b5%d9%88%d9%84%d9%8a%d8%a7-%d9%85%d9%88%d9%86%d8%ac-%d9%88%d8%a7%d9%84%d8%a8%d8%b5
https://www.lacuisinedebernard.com/%d8%a7%d9%84%d9%81%d8%b7%d8%a7%d8%a6%d8%b1-%d8%a7%d9%84%d9%83%d9%88%d8%b1%d9%8a%d8%a9-%d9%85%d8%b9-%d9%81%d8%a7%d8%b5%d9%88%d9%84%d9%8a%d8%a7-%d9%85%d9%88%d9%86%d8%ac-%d9%88%d8%a7%d9%84%d8%a8%d8%b5/,https://staging.lacuisinedebernard.com/%d8%a7%d9%84%d9%81%d8%b7%d8%a7%d8%a6%d8%b1-%d8%a7%d9%84%d9%83%d9%88%d8%b1%d9%8a%d8%a9-%d9%85%d8%b9-%d9%81%d8%a7%d8%b5%d9%88%d9%84%d9%8a%d8%a7-%d9%85%d9%88%d9%86%d8%ac-%d9%88%d8%a7%d9%84%d8%a8%d8%b5
https://lacuisinedebernard.com/dal-de-lentilha-com-coco,https://staging.lacuisinedebernard.com/dal-de-lentilha-com-coco
https://lacuisinedebernard.com/dal-de-lentilha-com-coco/,https://staging.lacuisinedebernard.com/dal-de-lentilha-com-coco
https://www.lacuisinedebernard.com/dal-de-lentilha-com-coco,https://staging.lacuisinedebernard.com/dal-de-lentilha-com-coco
https://www.lacuisinedebernard.com/dal-de-lentilha-com-coco/,https://staging.lacuisinedebernard.com/dal-de-lentilha-com-coco
https://lacuisinedebernard.com/risotto-con-shiitake-y-shimeji,https://staging.lacuisinedebernard.com/risotto-con-shiitake-y-shimeji
https://lacuisinedebernard.com/risotto-con-shiitake-y-shimeji/,https://staging.lacuisinedebernard.com/risotto-con-shiitake-y-shimeji
https://www.lacuisinedebernard.com/risotto-con-shiitake-y-shimeji,https://staging.lacuisinedebernard.com/risotto-con-shiitake-y-shimeji
https://www.lacuisinedebernard.com/risotto-con-shiitake-y-shimeji/,https://staging.lacuisinedebernard.com/risotto-con-shiitake-y-shimeji
https://lacuisinedebernard.com/green-asparagus-soup,https://staging.lacuisinedebernard.com/green-asparagus-soup
https://lacuisinedebernard.com/green-asparagus-soup/,https://staging.lacuisinedebernard.com/green-asparagus-soup
https://www.lacuisinedebernard.com/green-asparagus-soup,https://staging.lacuisinedebernard.com/green-asparagus-soup
https://www.lacuisinedebernard.com/green-asparagus-soup/,https://staging.lacuisinedebernard.com/green-asparagus-soup
https://lacuisinedebernard.com/taktouka,https://staging.lacuisinedebernard.com/taktouka
https://lacuisinedebernard.com/taktouka/,https://staging.lacuisinedebernard.com/taktouka
https://www.lacuisinedebernard.com/taktouka,https://staging.lacuisinedebernard.com/taktouka
https://www.lacuisinedebernard.com/taktouka/,https://staging.lacuisinedebernard.com/taktouka
https://lacuisinedebernard.com/%d9%83%d8%b1%d9%8a%d9%85-%d8%b9%d9%84%d9%89-%d8%a7%d9%84%d9%87%d9%84%d9%8a%d9%88%d9%86-%d8%a7%d9%84%d8%a3%d8%ae%d8%b6%d8%b1,https://staging.lacuisinedebernard.com/%d9%83%d8%b1%d9%8a%d9%85-%d8%b9%d9%84%d9%89-%d8%a7%d9%84%d9%87%d9%84%d9%8a%d9%88%d9%86-%d8%a7%d9%84%d8%a3%d8%ae%d8%b6%d8%b1
https://lacuisinedebernard.com/%d9%83%d8%b1%d9%8a%d9%85-%d8%b9%d9%84%d9%89-%d8%a7%d9%84%d9%87%d9%84%d9%8a%d9%88%d9%86-%d8%a7%d9%84%d8%a3%d8%ae%d8%b6%d8%b1/,https://staging.lacuisinedebernard.com/%d9%83%d8%b1%d9%8a%d9%85-%d8%b9%d9%84%d9%89-%d8%a7%d9%84%d9%87%d9%84%d9%8a%d9%88%d9%86-%d8%a7%d9%84%d8%a3%d8%ae%d8%b6%d8%b1
https://www.lacuisinedebernard.com/%d9%83%d8%b1%d9%8a%d9%85-%d8%b9%d9%84%d9%89-%d8%a7%d9%84%d9%87%d9%84%d9%8a%d9%88%d9%86-%d8%a7%d9%84%d8%a3%d8%ae%d8%b6%d8%b1,https://staging.lacuisinedebernard.com/%d9%83%d8%b1%d9%8a%d9%85-%d8%b9%d9%84%d9%89-%d8%a7%d9%84%d9%87%d9%84%d9%8a%d9%88%d9%86-%d8%a7%d9%84%d8%a3%d8%ae%d8%b6%d8%b1
https://www.lacuisinedebernard.com/%d9%83%d8%b1%d9%8a%d9%85-%d8%b9%d9%84%d9%89-%d8%a7%d9%84%d9%87%d9%84%d9%8a%d9%88%d9%86-%d8%a7%d9%84%d8%a3%d8%ae%d8%b6%d8%b1/,https://staging.lacuisinedebernard.com/%d9%83%d8%b1%d9%8a%d9%85-%d8%b9%d9%84%d9%89-%d8%a7%d9%84%d9%87%d9%84%d9%8a%d9%88%d9%86-%d8%a7%d9%84%d8%a3%d8%ae%d8%b6%d8%b1
https://lacuisinedebernard.com/%d8%b7%d8%a7%d8%ac%d9%86-%d8%a8%d8%aa%d9%84%d9%88-%d9%85%d8%b9-%d8%a7%d9%84%d8%a8%d8%a7%d8%b2%d9%84%d8%a7%d8%a1-%d9%88%d8%a7%d9%84%d8%ae%d8%b1%d8%b4%d9%88%d9%81,https://staging.lacuisinedebernard.com/%d8%b7%d8%a7%d8%ac%d9%86-%d8%a8%d8%aa%d9%84%d9%88-%d9%85%d8%b9-%d8%a7%d9%84%d8%a8%d8%a7%d8%b2%d9%84%d8%a7%d8%a1-%d9%88%d8%a7%d9%84%d8%ae%d8%b1%d8%b4%d9%88%d9%81
https://lacuisinedebernard.com/%d8%b7%d8%a7%d8%ac%d9%86-%d8%a8%d8%aa%d9%84%d9%88-%d9%85%d8%b9-%d8%a7%d9%84%d8%a8%d8%a7%d8%b2%d9%84%d8%a7%d8%a1-%d9%88%d8%a7%d9%84%d8%ae%d8%b1%d8%b4%d9%88%d9%81/,https://staging.lacuisinedebernard.com/%d8%b7%d8%a7%d8%ac%d9%86-%d8%a8%d8%aa%d9%84%d9%88-%d9%85%d8%b9-%d8%a7%d9%84%d8%a8%d8%a7%d8%b2%d9%84%d8%a7%d8%a1-%d9%88%d8%a7%d9%84%d8%ae%d8%b1%d8%b4%d9%88%d9%81
https://www.lacuisinedebernard.com/%d8%b7%d8%a7%d8%ac%d9%86-%d8%a8%d8%aa%d9%84%d9%88-%d9%85%d8%b9-%d8%a7%d9%84%d8%a8%d8%a7%d8%b2%d9%84%d8%a7%d8%a1-%d9%88%d8%a7%d9%84%d8%ae%d8%b1%d8%b4%d9%88%d9%81,https://staging.lacuisinedebernard.com/%d8%b7%d8%a7%d8%ac%d9%86-%d8%a8%d8%aa%d9%84%d9%88-%d9%85%d8%b9-%d8%a7%d9%84%d8%a8%d8%a7%d8%b2%d9%84%d8%a7%d8%a1-%d9%88%d8%a7%d9%84%d8%ae%d8%b1%d8%b4%d9%88%d9%81
https://www.lacuisinedebernard.com/%d8%b7%d8%a7%d8%ac%d9%86-%d8%a8%d8%aa%d9%84%d9%88-%d9%85%d8%b9-%d8%a7%d9%84%d8%a8%d8%a7%d8%b2%d9%84%d8%a7%d8%a1-%d9%88%d8%a7%d9%84%d8%ae%d8%b1%d8%b4%d9%88%d9%81/,https://staging.lacuisinedebernard.com/%d8%b7%d8%a7%d8%ac%d9%86-%d8%a8%d8%aa%d9%84%d9%88-%d9%85%d8%b9-%d8%a7%d9%84%d8%a8%d8%a7%d8%b2%d9%84%d8%a7%d8%a1-%d9%88%d8%a7%d9%84%d8%ae%d8%b1%d8%b4%d9%88%d9%81
https://lacuisinedebernard.com/itek-sio-pato-con-semillas-de-cilantro-azucar-de-palma-y-tamarindo,https://staging.lacuisinedebernard.com/itek-sio-pato-con-semillas-de-cilantro-azucar-de-palma-y-tamarindo
https://lacuisinedebernard.com/itek-sio-pato-con-semillas-de-cilantro-azucar-de-palma-y-tamarindo/,https://staging.lacuisinedebernard.com/itek-sio-pato-con-semillas-de-cilantro-azucar-de-palma-y-tamarindo
https://www.lacuisinedebernard.com/itek-sio-pato-con-semillas-de-cilantro-azucar-de-palma-y-tamarindo,https://staging.lacuisinedebernard.com/itek-sio-pato-con-semillas-de-cilantro-azucar-de-palma-y-tamarindo
https://www.lacuisinedebernard.com/itek-sio-pato-con-semillas-de-cilantro-azucar-de-palma-y-tamarindo/,https://staging.lacuisinedebernard.com/itek-sio-pato-con-semillas-de-cilantro-azucar-de-palma-y-tamarindo
https://lacuisinedebernard.com/coconut-lentil-dal,https://staging.lacuisinedebernard.com/coconut-lentil-dal
https://lacuisinedebernard.com/coconut-lentil-dal/,https://staging.lacuisinedebernard.com/coconut-lentil-dal
https://www.lacuisinedebernard.com/coconut-lentil-dal,https://staging.lacuisinedebernard.com/coconut-lentil-dal
https://www.lacuisinedebernard.com/coconut-lentil-dal/,https://staging.lacuisinedebernard.com/coconut-lentil-dal
https://lacuisinedebernard.com/pastilla-de-pollo,https://staging.lacuisinedebernard.com/pastilla-de-pollo
https://lacuisinedebernard.com/pastilla-de-pollo/,https://staging.lacuisinedebernard.com/pastilla-de-pollo
https://www.lacuisinedebernard.com/pastilla-de-pollo,https://staging.lacuisinedebernard.com/pastilla-de-pollo
https://www.lacuisinedebernard.com/pastilla-de-pollo/,https://staging.lacuisinedebernard.com/pastilla-de-pollo
https://lacuisinedebernard.com/risotto-com-shiitake-e-shimeji,https://staging.lacuisinedebernard.com/risotto-com-shiitake-e-shimeji
https://lacuisinedebernard.com/risotto-com-shiitake-e-shimeji/,https://staging.lacuisinedebernard.com/risotto-com-shiitake-e-shimeji
https://www.lacuisinedebernard.com/risotto-com-shiitake-e-shimeji,https://staging.lacuisinedebernard.com/risotto-com-shiitake-e-shimeji
https://www.lacuisinedebernard.com/risotto-com-shiitake-e-shimeji/,https://staging.lacuisinedebernard.com/risotto-com-shiitake-e-shimeji
https://lacuisinedebernard.com/%d8%b9%d8%af%d8%b3-%d8%ac%d9%88%d8%b2-%d8%a7%d9%84%d9%87%d9%86%d8%af-%d8%af%d8%a7%d9%84,https://staging.lacuisinedebernard.com/%d8%b9%d8%af%d8%b3-%d8%ac%d9%88%d8%b2-%d8%a7%d9%84%d9%87%d9%86%d8%af-%d8%af%d8%a7%d9%84
https://lacuisinedebernard.com/%d8%b9%d8%af%d8%b3-%d8%ac%d9%88%d8%b2-%d8%a7%d9%84%d9%87%d9%86%d8%af-%d8%af%d8%a7%d9%84/,https://staging.lacuisinedebernard.com/%d8%b9%d8%af%d8%b3-%d8%ac%d9%88%d8%b2-%d8%a7%d9%84%d9%87%d9%86%d8%af-%d8%af%d8%a7%d9%84
https://www.lacuisinedebernard.com/%d8%b9%d8%af%d8%b3-%d8%ac%d9%88%d8%b2-%d8%a7%d9%84%d9%87%d9%86%d8%af-%d8%af%d8%a7%d9%84,https://staging.lacuisinedebernard.com/%d8%b9%d8%af%d8%b3-%d8%ac%d9%88%d8%b2-%d8%a7%d9%84%d9%87%d9%86%d8%af-%d8%af%d8%a7%d9%84
https://www.lacuisinedebernard.com/%d8%b9%d8%af%d8%b3-%d8%ac%d9%88%d8%b2-%d8%a7%d9%84%d9%87%d9%86%d8%af-%d8%af%d8%a7%d9%84/,https://staging.lacuisinedebernard.com/%d8%b9%d8%af%d8%b3-%d8%ac%d9%88%d8%b2-%d8%a7%d9%84%d9%87%d9%86%d8%af-%d8%af%d8%a7%d9%84
https://lacuisinedebernard.com/pastilla-de-frango,https://staging.lacuisinedebernard.com/pastilla-de-frango
https://lacuisinedebernard.com/pastilla-de-frango/,https://staging.lacuisinedebernard.com/pastilla-de-frango
https://www.lacuisinedebernard.com/pastilla-de-frango,https://staging.lacuisinedebernard.com/pastilla-de-frango
https://www.lacuisinedebernard.com/pastilla-de-frango/,https://staging.lacuisinedebernard.com/pastilla-de-frango
https://lacuisinedebernard.com/%d8%ad%d8%b1%d9%8a%d8%b1%d8%a9,https://staging.lacuisinedebernard.com/%d8%ad%d8%b1%d9%8a%d8%b1%d8%a9
https://lacuisinedebernard.com/%d8%ad%d8%b1%d9%8a%d8%b1%d8%a9/,https://staging.lacuisinedebernard.com/%d8%ad%d8%b1%d9%8a%d8%b1%d8%a9
https://www.lacuisinedebernard.com/%d8%ad%d8%b1%d9%8a%d8%b1%d8%a9,https://staging.lacuisinedebernard.com/%d8%ad%d8%b1%d9%8a%d8%b1%d8%a9
https://www.lacuisinedebernard.com/%d8%ad%d8%b1%d9%8a%d8%b1%d8%a9/,https://staging.lacuisinedebernard.com/%d8%ad%d8%b1%d9%8a%d8%b1%d8%a9
https://lacuisinedebernard.com/itek-sio-pato-com-sementes-de-coentros-acucar-de-palma-e-tamarindo,https://staging.lacuisinedebernard.com/itek-sio-pato-com-sementes-de-coentros-acucar-de-palma-e-tamarindo
https://lacuisinedebernard.com/itek-sio-pato-com-sementes-de-coentros-acucar-de-palma-e-tamarindo/,https://staging.lacuisinedebernard.com/itek-sio-pato-com-sementes-de-coentros-acucar-de-palma-e-tamarindo
https://www.lacuisinedebernard.com/itek-sio-pato-com-sementes-de-coentros-acucar-de-palma-e-tamarindo,https://staging.lacuisinedebernard.com/itek-sio-pato-com-sementes-de-coentros-acucar-de-palma-e-tamarindo
https://www.lacuisinedebernard.com/itek-sio-pato-com-sementes-de-coentros-acucar-de-palma-e-tamarindo/,https://staging.lacuisinedebernard.com/itek-sio-pato-com-sementes-de-coentros-acucar-de-palma-e-tamarindo
https://lacuisinedebernard.com/tortitas-coreanas-con-alubias-mungo-y-cebollino,https://staging.lacuisinedebernard.com/tortitas-coreanas-con-alubias-mungo-y-cebollino
https://lacuisinedebernard.com/tortitas-coreanas-con-alubias-mungo-y-cebollino/,https://staging.lacuisinedebernard.com/tortitas-coreanas-con-alubias-mungo-y-cebollino
https://www.lacuisinedebernard.com/tortitas-coreanas-con-alubias-mungo-y-cebollino,https://staging.lacuisinedebernard.com/tortitas-coreanas-con-alubias-mungo-y-cebollino
https://www.lacuisinedebernard.com/tortitas-coreanas-con-alubias-mungo-y-cebollino/,https://staging.lacuisinedebernard.com/tortitas-coreanas-con-alubias-mungo-y-cebollino
https://lacuisinedebernard.com/risotto-with-shiitake-and-shimejis,https://staging.lacuisinedebernard.com/risotto-with-shiitake-and-shimejis
https://lacuisinedebernard.com/risotto-with-shiitake-and-shimejis/,https://staging.lacuisinedebernard.com/risotto-with-shiitake-and-shimejis
https://www.lacuisinedebernard.com/risotto-with-shiitake-and-shimejis,https://staging.lacuisinedebernard.com/risotto-with-shiitake-and-shimejis
https://www.lacuisinedebernard.com/risotto-with-shiitake-and-shimejis/,https://staging.lacuisinedebernard.com/risotto-with-shiitake-and-shimejis
https://lacuisinedebernard.com/ensalada-de-quinoa-con-frutos-secos,https://staging.lacuisinedebernard.com/ensalada-de-quinoa-con-frutos-secos
https://lacuisinedebernard.com/ensalada-de-quinoa-con-frutos-secos/,https://staging.lacuisinedebernard.com/ensalada-de-quinoa-con-frutos-secos
https://www.lacuisinedebernard.com/ensalada-de-quinoa-con-frutos-secos,https://staging.lacuisinedebernard.com/ensalada-de-quinoa-con-frutos-secos
https://www.lacuisinedebernard.com/ensalada-de-quinoa-con-frutos-secos/,https://staging.lacuisinedebernard.com/ensalada-de-quinoa-con-frutos-secos
https://lacuisinedebernard.com/gaspacho-de-tomate,https://staging.lacuisinedebernard.com/gaspacho-de-tomate
https://lacuisinedebernard.com/gaspacho-de-tomate/,https://staging.lacuisinedebernard.com/gaspacho-de-tomate
https://www.lacuisinedebernard.com/gaspacho-de-tomate,https://staging.lacuisinedebernard.com/gaspacho-de-tomate
https://www.lacuisinedebernard.com/gaspacho-de-tomate/,https://staging.lacuisinedebernard.com/gaspacho-de-tomate
https://lacuisinedebernard.com/tomato-gaspacho,https://staging.lacuisinedebernard.com/tomato-gaspacho
https://lacuisinedebernard.com/tomato-gaspacho/,https://staging.lacuisinedebernard.com/tomato-gaspacho
https://www.lacuisinedebernard.com/tomato-gaspacho,https://staging.lacuisinedebernard.com/tomato-gaspacho
https://www.lacuisinedebernard.com/tomato-gaspacho/,https://staging.lacuisinedebernard.com/tomato-gaspacho
https://lacuisinedebernard.com/%d8%b7%d9%85%d8%a7%d8%b7%d9%85-%d8%ac%d8%a7%d8%b2%d8%a8%d8%a7%d8%aa%d8%b4%d9%88,https://staging.lacuisinedebernard.com/%d8%b7%d9%85%d8%a7%d8%b7%d9%85-%d8%ac%d8%a7%d8%b2%d8%a8%d8%a7%d8%aa%d8%b4%d9%88
https://lacuisinedebernard.com/%d8%b7%d9%85%d8%a7%d8%b7%d9%85-%d8%ac%d8%a7%d8%b2%d8%a8%d8%a7%d8%aa%d8%b4%d9%88/,https://staging.lacuisinedebernard.com/%d8%b7%d9%85%d8%a7%d8%b7%d9%85-%d8%ac%d8%a7%d8%b2%d8%a8%d8%a7%d8%aa%d8%b4%d9%88
https://www.lacuisinedebernard.com/%d8%b7%d9%85%d8%a7%d8%b7%d9%85-%d8%ac%d8%a7%d8%b2%d8%a8%d8%a7%d8%aa%d8%b4%d9%88,https://staging.lacuisinedebernard.com/%d8%b7%d9%85%d8%a7%d8%b7%d9%85-%d8%ac%d8%a7%d8%b2%d8%a8%d8%a7%d8%aa%d8%b4%d9%88
https://www.lacuisinedebernard.com/%d8%b7%d9%85%d8%a7%d8%b7%d9%85-%d8%ac%d8%a7%d8%b2%d8%a8%d8%a7%d8%aa%d8%b4%d9%88/,https://staging.lacuisinedebernard.com/%d8%b7%d9%85%d8%a7%d8%b7%d9%85-%d8%ac%d8%a7%d8%b2%d8%a8%d8%a7%d8%aa%d8%b4%d9%88
https://lacuisinedebernard.com/falafels,https://staging.lacuisinedebernard.com/falafels
https://lacuisinedebernard.com/falafels/,https://staging.lacuisinedebernard.com/falafels
https://www.lacuisinedebernard.com/falafels,https://staging.lacuisinedebernard.com/falafels
https://www.lacuisinedebernard.com/falafels/,https://staging.lacuisinedebernard.com/falafels
https://lacuisinedebernard.com/carne-frita-con-polvo-de-sato-casero,https://staging.lacuisinedebernard.com/carne-frita-con-polvo-de-sato-casero
https://lacuisinedebernard.com/carne-frita-con-polvo-de-sato-casero/,https://staging.lacuisinedebernard.com/carne-frita-con-polvo-de-sato-casero
https://www.lacuisinedebernard.com/carne-frita-con-polvo-de-sato-casero,https://staging.lacuisinedebernard.com/carne-frita-con-polvo-de-sato-casero
https://www.lacuisinedebernard.com/carne-frita-con-polvo-de-sato-casero/,https://staging.lacuisinedebernard.com/carne-frita-con-polvo-de-sato-casero
https://lacuisinedebernard.com/thaizeed,https://staging.lacuisinedebernard.com/thaizeed
https://lacuisinedebernard.com/thaizeed/,https://staging.lacuisinedebernard.com/thaizeed
https://www.lacuisinedebernard.com/thaizeed,https://staging.lacuisinedebernard.com/thaizeed
https://www.lacuisinedebernard.com/thaizeed/,https://staging.lacuisinedebernard.com/thaizeed
https://lacuisinedebernard.com/carne-salteada-con-cebolla,https://staging.lacuisinedebernard.com/carne-salteada-con-cebolla
https://lacuisinedebernard.com/carne-salteada-con-cebolla/,https://staging.lacuisinedebernard.com/carne-salteada-con-cebolla
https://www.lacuisinedebernard.com/carne-salteada-con-cebolla,https://staging.lacuisinedebernard.com/carne-salteada-con-cebolla
https://www.lacuisinedebernard.com/carne-salteada-con-cebolla/,https://staging.lacuisinedebernard.com/carne-salteada-con-cebolla
https://lacuisinedebernard.com/quick-home-made-pizza-without-poolish,https://staging.lacuisinedebernard.com/quick-home-made-pizza-without-poolish
https://lacuisinedebernard.com/quick-home-made-pizza-without-poolish/,https://staging.lacuisinedebernard.com/quick-home-made-pizza-without-poolish
https://www.lacuisinedebernard.com/quick-home-made-pizza-without-poolish,https://staging.lacuisinedebernard.com/quick-home-made-pizza-without-poolish
https://www.lacuisinedebernard.com/quick-home-made-pizza-without-poolish/,https://staging.lacuisinedebernard.com/quick-home-made-pizza-without-poolish
https://lacuisinedebernard.com/%d9%85%d9%83%d8%b1%d9%88%d9%86%d8%a9-%d8%a8%d8%a7%d9%84%d8%a8%d9%8a%d8%b3%d8%aa%d9%88-%d9%88%d8%a7%d9%84%d8%b7%d9%85%d8%a7%d8%b7%d9%85-%d8%a7%d9%84%d9%85%d8%ac%d9%81%d9%81%d8%a9-%d8%b3%d9%84%d8%b7,https://staging.lacuisinedebernard.com/%d9%85%d9%83%d8%b1%d9%88%d9%86%d8%a9-%d8%a8%d8%a7%d9%84%d8%a8%d9%8a%d8%b3%d8%aa%d9%88-%d9%88%d8%a7%d9%84%d8%b7%d9%85%d8%a7%d8%b7%d9%85-%d8%a7%d9%84%d9%85%d8%ac%d9%81%d9%81%d8%a9-%d8%b3%d9%84%d8%b7
https://lacuisinedebernard.com/%d9%85%d9%83%d8%b1%d9%88%d9%86%d8%a9-%d8%a8%d8%a7%d9%84%d8%a8%d9%8a%d8%b3%d8%aa%d9%88-%d9%88%d8%a7%d9%84%d8%b7%d9%85%d8%a7%d8%b7%d9%85-%d8%a7%d9%84%d9%85%d8%ac%d9%81%d9%81%d8%a9-%d8%b3%d9%84%d8%b7/,https://staging.lacuisinedebernard.com/%d9%85%d9%83%d8%b1%d9%88%d9%86%d8%a9-%d8%a8%d8%a7%d9%84%d8%a8%d9%8a%d8%b3%d8%aa%d9%88-%d9%88%d8%a7%d9%84%d8%b7%d9%85%d8%a7%d8%b7%d9%85-%d8%a7%d9%84%d9%85%d8%ac%d9%81%d9%81%d8%a9-%d8%b3%d9%84%d8%b7
https://www.lacuisinedebernard.com/%d9%85%d9%83%d8%b1%d9%88%d9%86%d8%a9-%d8%a8%d8%a7%d9%84%d8%a8%d9%8a%d8%b3%d8%aa%d9%88-%d9%88%d8%a7%d9%84%d8%b7%d9%85%d8%a7%d8%b7%d9%85-%d8%a7%d9%84%d9%85%d8%ac%d9%81%d9%81%d8%a9-%d8%b3%d9%84%d8%b7,https://staging.lacuisinedebernard.com/%d9%85%d9%83%d8%b1%d9%88%d9%86%d8%a9-%d8%a8%d8%a7%d9%84%d8%a8%d9%8a%d8%b3%d8%aa%d9%88-%d9%88%d8%a7%d9%84%d8%b7%d9%85%d8%a7%d8%b7%d9%85-%d8%a7%d9%84%d9%85%d8%ac%d9%81%d9%81%d8%a9-%d8%b3%d9%84%d8%b7
https://www.lacuisinedebernard.com/%d9%85%d9%83%d8%b1%d9%88%d9%86%d8%a9-%d8%a8%d8%a7%d9%84%d8%a8%d9%8a%d8%b3%d8%aa%d9%88-%d9%88%d8%a7%d9%84%d8%b7%d9%85%d8%a7%d8%b7%d9%85-%d8%a7%d9%84%d9%85%d8%ac%d9%81%d9%81%d8%a9-%d8%b3%d9%84%d8%b7/,https://staging.lacuisinedebernard.com/%d9%85%d9%83%d8%b1%d9%88%d9%86%d8%a9-%d8%a8%d8%a7%d9%84%d8%a8%d9%8a%d8%b3%d8%aa%d9%88-%d9%88%d8%a7%d9%84%d8%b7%d9%85%d8%a7%d8%b7%d9%85-%d8%a7%d9%84%d9%85%d8%ac%d9%81%d9%81%d8%a9-%d8%b3%d9%84%d8%b7
https://lacuisinedebernard.com/chuletas-de-cerdo-a-la-parrilla-con-salsa-barbacoa,https://staging.lacuisinedebernard.com/chuletas-de-cerdo-a-la-parrilla-con-salsa-barbacoa
https://lacuisinedebernard.com/chuletas-de-cerdo-a-la-parrilla-con-salsa-barbacoa/,https://staging.lacuisinedebernard.com/chuletas-de-cerdo-a-la-parrilla-con-salsa-barbacoa
https://www.lacuisinedebernard.com/chuletas-de-cerdo-a-la-parrilla-con-salsa-barbacoa,https://staging.lacuisinedebernard.com/chuletas-de-cerdo-a-la-parrilla-con-salsa-barbacoa
https://www.lacuisinedebernard.com/chuletas-de-cerdo-a-la-parrilla-con-salsa-barbacoa/,https://staging.lacuisinedebernard.com/chuletas-de-cerdo-a-la-parrilla-con-salsa-barbacoa
https://lacuisinedebernard.com/zaalouk,https://staging.lacuisinedebernard.com/zaalouk
https://lacuisinedebernard.com/zaalouk/,https://staging.lacuisinedebernard.com/zaalouk
https://www.lacuisinedebernard.com/zaalouk,https://staging.lacuisinedebernard.com/zaalouk
https://www.lacuisinedebernard.com/zaalouk/,https://staging.lacuisinedebernard.com/zaalouk
https://lacuisinedebernard.com/salada-de-quinoa-com-frutos-secos,https://staging.lacuisinedebernard.com/salada-de-quinoa-com-frutos-secos
https://lacuisinedebernard.com/salada-de-quinoa-com-frutos-secos/,https://staging.lacuisinedebernard.com/salada-de-quinoa-com-frutos-secos
https://www.lacuisinedebernard.com/salada-de-quinoa-com-frutos-secos,https://staging.lacuisinedebernard.com/salada-de-quinoa-com-frutos-secos
https://www.lacuisinedebernard.com/salada-de-quinoa-com-frutos-secos/,https://staging.lacuisinedebernard.com/salada-de-quinoa-com-frutos-secos
https://lacuisinedebernard.com/arroz-glutinoso,https://staging.lacuisinedebernard.com/arroz-glutinoso
https://lacuisinedebernard.com/arroz-glutinoso/,https://staging.lacuisinedebernard.com/arroz-glutinoso
https://www.lacuisinedebernard.com/arroz-glutinoso,https://staging.lacuisinedebernard.com/arroz-glutinoso
https://www.lacuisinedebernard.com/arroz-glutinoso/,https://staging.lacuisinedebernard.com/arroz-glutinoso
https://lacuisinedebernard.com/carne-de-vaca-frita-com-sate-powder-feito-em-casa,https://staging.lacuisinedebernard.com/carne-de-vaca-frita-com-sate-powder-feito-em-casa
https://lacuisinedebernard.com/carne-de-vaca-frita-com-sate-powder-feito-em-casa/,https://staging.lacuisinedebernard.com/carne-de-vaca-frita-com-sate-powder-feito-em-casa
https://www.lacuisinedebernard.com/carne-de-vaca-frita-com-sate-powder-feito-em-casa,https://staging.lacuisinedebernard.com/carne-de-vaca-frita-com-sate-powder-feito-em-casa
https://www.lacuisinedebernard.com/carne-de-vaca-frita-com-sate-powder-feito-em-casa/,https://staging.lacuisinedebernard.com/carne-de-vaca-frita-com-sate-powder-feito-em-casa
https://lacuisinedebernard.com/quinoa-salad-with-dried-fruit,https://staging.lacuisinedebernard.com/quinoa-salad-with-dried-fruit
https://lacuisinedebernard.com/quinoa-salad-with-dried-fruit/,https://staging.lacuisinedebernard.com/quinoa-salad-with-dried-fruit
https://www.lacuisinedebernard.com/quinoa-salad-with-dried-fruit,https://staging.lacuisinedebernard.com/quinoa-salad-with-dried-fruit
https://www.lacuisinedebernard.com/quinoa-salad-with-dried-fruit/,https://staging.lacuisinedebernard.com/quinoa-salad-with-dried-fruit
https://lacuisinedebernard.com/tabbouleh,https://staging.lacuisinedebernard.com/tabbouleh
https://lacuisinedebernard.com/tabbouleh/,https://staging.lacuisinedebernard.com/tabbouleh
https://www.lacuisinedebernard.com/tabbouleh,https://staging.lacuisinedebernard.com/tabbouleh
https://www.lacuisinedebernard.com/tabbouleh/,https://staging.lacuisinedebernard.com/tabbouleh
https://lacuisinedebernard.com/ensalada-de-pollo-al-curry-y-anacardos,https://staging.lacuisinedebernard.com/ensalada-de-pollo-al-curry-y-anacardos
https://lacuisinedebernard.com/ensalada-de-pollo-al-curry-y-anacardos/,https://staging.lacuisinedebernard.com/ensalada-de-pollo-al-curry-y-anacardos
https://www.lacuisinedebernard.com/ensalada-de-pollo-al-curry-y-anacardos,https://staging.lacuisinedebernard.com/ensalada-de-pollo-al-curry-y-anacardos
https://www.lacuisinedebernard.com/ensalada-de-pollo-al-curry-y-anacardos/,https://staging.lacuisinedebernard.com/ensalada-de-pollo-al-curry-y-anacardos
https://lacuisinedebernard.com/glutinous-rice,https://staging.lacuisinedebernard.com/glutinous-rice
https://lacuisinedebernard.com/glutinous-rice/,https://staging.lacuisinedebernard.com/glutinous-rice
https://www.lacuisinedebernard.com/glutinous-rice,https://staging.lacuisinedebernard.com/glutinous-rice
https://www.lacuisinedebernard.com/glutinous-rice/,https://staging.lacuisinedebernard.com/glutinous-rice
https://lacuisinedebernard.com/carne-bovina-salteada-com-cebolas,https://staging.lacuisinedebernard.com/carne-bovina-salteada-com-cebolas
https://lacuisinedebernard.com/carne-bovina-salteada-com-cebolas/,https://staging.lacuisinedebernard.com/carne-bovina-salteada-com-cebolas
https://www.lacuisinedebernard.com/carne-bovina-salteada-com-cebolas,https://staging.lacuisinedebernard.com/carne-bovina-salteada-com-cebolas
https://www.lacuisinedebernard.com/carne-bovina-salteada-com-cebolas/,https://staging.lacuisinedebernard.com/carne-bovina-salteada-com-cebolas
https://lacuisinedebernard.com/%d8%a8%d9%8a%d8%aa%d8%b2%d8%a7-%d8%b3%d8%b1%d9%8a%d8%b9%d8%a9-%d9%85%d8%ad%d9%84%d9%8a%d8%a9-%d8%a7%d9%84%d8%b5%d9%86%d8%b9-%d8%a8%d8%af%d9%88%d9%86-%d8%ad%d9%85%d8%a7%d9%85-%d8%b3%d8%a8%d8%a7%d8%ad,https://staging.lacuisinedebernard.com/%d8%a8%d9%8a%d8%aa%d8%b2%d8%a7-%d8%b3%d8%b1%d9%8a%d8%b9%d8%a9-%d9%85%d8%ad%d9%84%d9%8a%d8%a9-%d8%a7%d9%84%d8%b5%d9%86%d8%b9-%d8%a8%d8%af%d9%88%d9%86-%d8%ad%d9%85%d8%a7%d9%85-%d8%b3%d8%a8%d8%a7%d8%ad
https://lacuisinedebernard.com/%d8%a8%d9%8a%d8%aa%d8%b2%d8%a7-%d8%b3%d8%b1%d9%8a%d8%b9%d8%a9-%d9%85%d8%ad%d9%84%d9%8a%d8%a9-%d8%a7%d9%84%d8%b5%d9%86%d8%b9-%d8%a8%d8%af%d9%88%d9%86-%d8%ad%d9%85%d8%a7%d9%85-%d8%b3%d8%a8%d8%a7%d8%ad/,https://staging.lacuisinedebernard.com/%d8%a8%d9%8a%d8%aa%d8%b2%d8%a7-%d8%b3%d8%b1%d9%8a%d8%b9%d8%a9-%d9%85%d8%ad%d9%84%d9%8a%d8%a9-%d8%a7%d9%84%d8%b5%d9%86%d8%b9-%d8%a8%d8%af%d9%88%d9%86-%d8%ad%d9%85%d8%a7%d9%85-%d8%b3%d8%a8%d8%a7%d8%ad
https://www.lacuisinedebernard.com/%d8%a8%d9%8a%d8%aa%d8%b2%d8%a7-%d8%b3%d8%b1%d9%8a%d8%b9%d8%a9-%d9%85%d8%ad%d9%84%d9%8a%d8%a9-%d8%a7%d9%84%d8%b5%d9%86%d8%b9-%d8%a8%d8%af%d9%88%d9%86-%d8%ad%d9%85%d8%a7%d9%85-%d8%b3%d8%a8%d8%a7%d8%ad,https://staging.lacuisinedebernard.com/%d8%a8%d9%8a%d8%aa%d8%b2%d8%a7-%d8%b3%d8%b1%d9%8a%d8%b9%d8%a9-%d9%85%d8%ad%d9%84%d9%8a%d8%a9-%d8%a7%d9%84%d8%b5%d9%86%d8%b9-%d8%a8%d8%af%d9%88%d9%86-%d8%ad%d9%85%d8%a7%d9%85-%d8%b3%d8%a8%d8%a7%d8%ad
https://www.lacuisinedebernard.com/%d8%a8%d9%8a%d8%aa%d8%b2%d8%a7-%d8%b3%d8%b1%d9%8a%d8%b9%d8%a9-%d9%85%d8%ad%d9%84%d9%8a%d8%a9-%d8%a7%d9%84%d8%b5%d9%86%d8%b9-%d8%a8%d8%af%d9%88%d9%86-%d8%ad%d9%85%d8%a7%d9%85-%d8%b3%d8%a8%d8%a7%d8%ad/,https://staging.lacuisinedebernard.com/%d8%a8%d9%8a%d8%aa%d8%b2%d8%a7-%d8%b3%d8%b1%d9%8a%d8%b9%d8%a9-%d9%85%d8%ad%d9%84%d9%8a%d8%a9-%d8%a7%d9%84%d8%b5%d9%86%d8%b9-%d8%a8%d8%af%d9%88%d9%86-%d8%ad%d9%85%d8%a7%d9%85-%d8%b3%d8%a8%d8%a7%d8%ad
https://lacuisinedebernard.com/%d8%b2%d8%b9%d9%84%d9%88%d9%82,https://staging.lacuisinedebernard.com/%d8%b2%d8%b9%d9%84%d9%88%d9%82
https://lacuisinedebernard.com/%d8%b2%d8%b9%d9%84%d9%88%d9%82/,https://staging.lacuisinedebernard.com/%d8%b2%d8%b9%d9%84%d9%88%d9%82
https://www.lacuisinedebernard.com/%d8%b2%d8%b9%d9%84%d9%88%d9%82,https://staging.lacuisinedebernard.com/%d8%b2%d8%b9%d9%84%d9%88%d9%82
https://www.lacuisinedebernard.com/%d8%b2%d8%b9%d9%84%d9%88%d9%82/,https://staging.lacuisinedebernard.com/%d8%b2%d8%b9%d9%84%d9%88%d9%82
https://lacuisinedebernard.com/costeletas-de-porco-grelhadas-com-molho-barbecue,https://staging.lacuisinedebernard.com/costeletas-de-porco-grelhadas-com-molho-barbecue
https://lacuisinedebernard.com/costeletas-de-porco-grelhadas-com-molho-barbecue/,https://staging.lacuisinedebernard.com/costeletas-de-porco-grelhadas-com-molho-barbecue
https://www.lacuisinedebernard.com/costeletas-de-porco-grelhadas-com-molho-barbecue,https://staging.lacuisinedebernard.com/costeletas-de-porco-grelhadas-com-molho-barbecue
https://www.lacuisinedebernard.com/costeletas-de-porco-grelhadas-com-molho-barbecue/,https://staging.lacuisinedebernard.com/costeletas-de-porco-grelhadas-com-molho-barbecue
https://lacuisinedebernard.com/fried-beef-with-sate-powder-homemade,https://staging.lacuisinedebernard.com/fried-beef-with-sate-powder-homemade
https://lacuisinedebernard.com/fried-beef-with-sate-powder-homemade/,https://staging.lacuisinedebernard.com/fried-beef-with-sate-powder-homemade
https://www.lacuisinedebernard.com/fried-beef-with-sate-powder-homemade,https://staging.lacuisinedebernard.com/fried-beef-with-sate-powder-homemade
https://www.lacuisinedebernard.com/fried-beef-with-sate-powder-homemade/,https://staging.lacuisinedebernard.com/fried-beef-with-sate-powder-homemade
https://lacuisinedebernard.com/%d8%a3%d8%b1%d8%b2-%d9%84%d8%b2%d8%ac,https://staging.lacuisinedebernard.com/%d8%a3%d8%b1%d8%b2-%d9%84%d8%b2%d8%ac
https://lacuisinedebernard.com/%d8%a3%d8%b1%d8%b2-%d9%84%d8%b2%d8%ac/,https://staging.lacuisinedebernard.com/%d8%a3%d8%b1%d8%b2-%d9%84%d8%b2%d8%ac
https://www.lacuisinedebernard.com/%d8%a3%d8%b1%d8%b2-%d9%84%d8%b2%d8%ac,https://staging.lacuisinedebernard.com/%d8%a3%d8%b1%d8%b2-%d9%84%d8%b2%d8%ac
https://www.lacuisinedebernard.com/%d8%a3%d8%b1%d8%b2-%d9%84%d8%b2%d8%ac/,https://staging.lacuisinedebernard.com/%d8%a3%d8%b1%d8%b2-%d9%84%d8%b2%d8%ac
https://lacuisinedebernard.com/%d8%b3%d9%84%d8%b7%d8%a9-%d8%a7%d9%84%d9%83%d9%8a%d9%86%d9%88%d8%a7-%d8%a8%d8%a7%d9%84%d9%81%d9%88%d8%a7%d9%83%d9%87-%d8%a7%d9%84%d9%85%d8%ac%d9%81%d9%81%d8%a9,https://staging.lacuisinedebernard.com/%d8%b3%d9%84%d8%b7%d8%a9-%d8%a7%d9%84%d9%83%d9%8a%d9%86%d9%88%d8%a7-%d8%a8%d8%a7%d9%84%d9%81%d9%88%d8%a7%d9%83%d9%87-%d8%a7%d9%84%d9%85%d8%ac%d9%81%d9%81%d8%a9
https://lacuisinedebernard.com/%d8%b3%d9%84%d8%b7%d8%a9-%d8%a7%d9%84%d9%83%d9%8a%d9%86%d9%88%d8%a7-%d8%a8%d8%a7%d9%84%d9%81%d9%88%d8%a7%d9%83%d9%87-%d8%a7%d9%84%d9%85%d8%ac%d9%81%d9%81%d8%a9/,https://staging.lacuisinedebernard.com/%d8%b3%d9%84%d8%b7%d8%a9-%d8%a7%d9%84%d9%83%d9%8a%d9%86%d9%88%d8%a7-%d8%a8%d8%a7%d9%84%d9%81%d9%88%d8%a7%d9%83%d9%87-%d8%a7%d9%84%d9%85%d8%ac%d9%81%d9%81%d8%a9
https://www.lacuisinedebernard.com/%d8%b3%d9%84%d8%b7%d8%a9-%d8%a7%d9%84%d9%83%d9%8a%d9%86%d9%88%d8%a7-%d8%a8%d8%a7%d9%84%d9%81%d9%88%d8%a7%d9%83%d9%87-%d8%a7%d9%84%d9%85%d8%ac%d9%81%d9%81%d8%a9,https://staging.lacuisinedebernard.com/%d8%b3%d9%84%d8%b7%d8%a9-%d8%a7%d9%84%d9%83%d9%8a%d9%86%d9%88%d8%a7-%d8%a8%d8%a7%d9%84%d9%81%d9%88%d8%a7%d9%83%d9%87-%d8%a7%d9%84%d9%85%d8%ac%d9%81%d9%81%d8%a9
https://www.lacuisinedebernard.com/%d8%b3%d9%84%d8%b7%d8%a9-%d8%a7%d9%84%d9%83%d9%8a%d9%86%d9%88%d8%a7-%d8%a8%d8%a7%d9%84%d9%81%d9%88%d8%a7%d9%83%d9%87-%d8%a7%d9%84%d9%85%d8%ac%d9%81%d9%81%d8%a9/,https://staging.lacuisinedebernard.com/%d8%b3%d9%84%d8%b7%d8%a9-%d8%a7%d9%84%d9%83%d9%8a%d9%86%d9%88%d8%a7-%d8%a8%d8%a7%d9%84%d9%81%d9%88%d8%a7%d9%83%d9%87-%d8%a7%d9%84%d9%85%d8%ac%d9%81%d9%81%d8%a9
https://lacuisinedebernard.com/pasta-con-pesto-y-tomates-secos-caliente-o-como-ensalada-fria,https://staging.lacuisinedebernard.com/pasta-con-pesto-y-tomates-secos-caliente-o-como-ensalada-fria
https://lacuisinedebernard.com/pasta-con-pesto-y-tomates-secos-caliente-o-como-ensalada-fria/,https://staging.lacuisinedebernard.com/pasta-con-pesto-y-tomates-secos-caliente-o-como-ensalada-fria
https://www.lacuisinedebernard.com/pasta-con-pesto-y-tomates-secos-caliente-o-como-ensalada-fria,https://staging.lacuisinedebernard.com/pasta-con-pesto-y-tomates-secos-caliente-o-como-ensalada-fria
https://www.lacuisinedebernard.com/pasta-con-pesto-y-tomates-secos-caliente-o-como-ensalada-fria/,https://staging.lacuisinedebernard.com/pasta-con-pesto-y-tomates-secos-caliente-o-como-ensalada-fria
https://lacuisinedebernard.com/beef-sauteed-with-onions,https://staging.lacuisinedebernard.com/beef-sauteed-with-onions
https://lacuisinedebernard.com/beef-sauteed-with-onions/,https://staging.lacuisinedebernard.com/beef-sauteed-with-onions
https://www.lacuisinedebernard.com/beef-sauteed-with-onions,https://staging.lacuisinedebernard.com/beef-sauteed-with-onions
https://www.lacuisinedebernard.com/beef-sauteed-with-onions/,https://staging.lacuisinedebernard.com/beef-sauteed-with-onions
https://lacuisinedebernard.com/grilled-pork-chops-with-barbecue-sauce,https://staging.lacuisinedebernard.com/grilled-pork-chops-with-barbecue-sauce
https://lacuisinedebernard.com/grilled-pork-chops-with-barbecue-sauce/,https://staging.lacuisinedebernard.com/grilled-pork-chops-with-barbecue-sauce
https://www.lacuisinedebernard.com/grilled-pork-chops-with-barbecue-sauce,https://staging.lacuisinedebernard.com/grilled-pork-chops-with-barbecue-sauce
https://www.lacuisinedebernard.com/grilled-pork-chops-with-barbecue-sauce/,https://staging.lacuisinedebernard.com/grilled-pork-chops-with-barbecue-sauce
https://lacuisinedebernard.com/caril-de-frango-e-salada-de-caju,https://staging.lacuisinedebernard.com/caril-de-frango-e-salada-de-caju
https://lacuisinedebernard.com/caril-de-frango-e-salada-de-caju/,https://staging.lacuisinedebernard.com/caril-de-frango-e-salada-de-caju
https://www.lacuisinedebernard.com/caril-de-frango-e-salada-de-caju,https://staging.lacuisinedebernard.com/caril-de-frango-e-salada-de-caju
https://www.lacuisinedebernard.com/caril-de-frango-e-salada-de-caju/,https://staging.lacuisinedebernard.com/caril-de-frango-e-salada-de-caju
https://lacuisinedebernard.com/%d9%84%d8%ad%d9%85-%d8%a8%d9%82%d8%b1%d9%8a-%d9%85%d8%aa%d8%ac%d8%b9%d8%af-%d9%85%d8%b9-%d9%85%d8%b3%d8%ad%d9%88%d9%82-%d8%b3%d8%a7%d8%aa%d9%8a%d9%87-%d9%85%d8%ad%d9%84%d9%8a-%d8%a7%d9%84%d8%b5%d9%86,https://staging.lacuisinedebernard.com/%d9%84%d8%ad%d9%85-%d8%a8%d9%82%d8%b1%d9%8a-%d9%85%d8%aa%d8%ac%d8%b9%d8%af-%d9%85%d8%b9-%d9%85%d8%b3%d8%ad%d9%88%d9%82-%d8%b3%d8%a7%d8%aa%d9%8a%d9%87-%d9%85%d8%ad%d9%84%d9%8a-%d8%a7%d9%84%d8%b5%d9%86
https://lacuisinedebernard.com/%d9%84%d8%ad%d9%85-%d8%a8%d9%82%d8%b1%d9%8a-%d9%85%d8%aa%d8%ac%d8%b9%d8%af-%d9%85%d8%b9-%d9%85%d8%b3%d8%ad%d9%88%d9%82-%d8%b3%d8%a7%d8%aa%d9%8a%d9%87-%d9%85%d8%ad%d9%84%d9%8a-%d8%a7%d9%84%d8%b5%d9%86/,https://staging.lacuisinedebernard.com/%d9%84%d8%ad%d9%85-%d8%a8%d9%82%d8%b1%d9%8a-%d9%85%d8%aa%d8%ac%d8%b9%d8%af-%d9%85%d8%b9-%d9%85%d8%b3%d8%ad%d9%88%d9%82-%d8%b3%d8%a7%d8%aa%d9%8a%d9%87-%d9%85%d8%ad%d9%84%d9%8a-%d8%a7%d9%84%d8%b5%d9%86
https://www.lacuisinedebernard.com/%d9%84%d8%ad%d9%85-%d8%a8%d9%82%d8%b1%d9%8a-%d9%85%d8%aa%d8%ac%d8%b9%d8%af-%d9%85%d8%b9-%d9%85%d8%b3%d8%ad%d9%88%d9%82-%d8%b3%d8%a7%d8%aa%d9%8a%d9%87-%d9%85%d8%ad%d9%84%d9%8a-%d8%a7%d9%84%d8%b5%d9%86,https://staging.lacuisinedebernard.com/%d9%84%d8%ad%d9%85-%d8%a8%d9%82%d8%b1%d9%8a-%d9%85%d8%aa%d8%ac%d8%b9%d8%af-%d9%85%d8%b9-%d9%85%d8%b3%d8%ad%d9%88%d9%82-%d8%b3%d8%a7%d8%aa%d9%8a%d9%87-%d9%85%d8%ad%d9%84%d9%8a-%d8%a7%d9%84%d8%b5%d9%86
https://www.lacuisinedebernard.com/%d9%84%d8%ad%d9%85-%d8%a8%d9%82%d8%b1%d9%8a-%d9%85%d8%aa%d8%ac%d8%b9%d8%af-%d9%85%d8%b9-%d9%85%d8%b3%d8%ad%d9%88%d9%82-%d8%b3%d8%a7%d8%aa%d9%8a%d9%87-%d9%85%d8%ad%d9%84%d9%8a-%d8%a7%d9%84%d8%b5%d9%86/,https://staging.lacuisinedebernard.com/%d9%84%d8%ad%d9%85-%d8%a8%d9%82%d8%b1%d9%8a-%d9%85%d8%aa%d8%ac%d8%b9%d8%af-%d9%85%d8%b9-%d9%85%d8%b3%d8%ad%d9%88%d9%82-%d8%b3%d8%a7%d8%aa%d9%8a%d9%87-%d9%85%d8%ad%d9%84%d9%8a-%d8%a7%d9%84%d8%b5%d9%86
https://lacuisinedebernard.com/pizza-rapida-sin-poolish,https://staging.lacuisinedebernard.com/pizza-rapida-sin-poolish
https://lacuisinedebernard.com/pizza-rapida-sin-poolish/,https://staging.lacuisinedebernard.com/pizza-rapida-sin-poolish
https://www.lacuisinedebernard.com/pizza-rapida-sin-poolish,https://staging.lacuisinedebernard.com/pizza-rapida-sin-poolish
https://www.lacuisinedebernard.com/pizza-rapida-sin-poolish/,https://staging.lacuisinedebernard.com/pizza-rapida-sin-poolish
https://lacuisinedebernard.com/chicken-curry-and-cashew-salad,https://staging.lacuisinedebernard.com/chicken-curry-and-cashew-salad
https://lacuisinedebernard.com/chicken-curry-and-cashew-salad/,https://staging.lacuisinedebernard.com/chicken-curry-and-cashew-salad
https://www.lacuisinedebernard.com/chicken-curry-and-cashew-salad,https://staging.lacuisinedebernard.com/chicken-curry-and-cashew-salad
https://www.lacuisinedebernard.com/chicken-curry-and-cashew-salad/,https://staging.lacuisinedebernard.com/chicken-curry-and-cashew-salad
https://lacuisinedebernard.com/%d8%b6%d9%84%d9%88%d8%b9-%d9%84%d8%ad%d9%85-%d8%a7%d9%84%d8%ae%d9%86%d8%b2%d9%8a%d8%b1-%d8%a7%d9%84%d9%85%d8%b4%d9%88%d9%8a-%d8%a8%d8%b5%d9%84%d8%b5%d8%a9-%d8%a7%d9%84%d8%a8%d8%a7%d8%b1%d8%a8%d9%83,https://staging.lacuisinedebernard.com/%d8%b6%d9%84%d9%88%d8%b9-%d9%84%d8%ad%d9%85-%d8%a7%d9%84%d8%ae%d9%86%d8%b2%d9%8a%d8%b1-%d8%a7%d9%84%d9%85%d8%b4%d9%88%d9%8a-%d8%a8%d8%b5%d9%84%d8%b5%d8%a9-%d8%a7%d9%84%d8%a8%d8%a7%d8%b1%d8%a8%d9%83
https://lacuisinedebernard.com/%d8%b6%d9%84%d9%88%d8%b9-%d9%84%d8%ad%d9%85-%d8%a7%d9%84%d8%ae%d9%86%d8%b2%d9%8a%d8%b1-%d8%a7%d9%84%d9%85%d8%b4%d9%88%d9%8a-%d8%a8%d8%b5%d9%84%d8%b5%d8%a9-%d8%a7%d9%84%d8%a8%d8%a7%d8%b1%d8%a8%d9%83/,https://staging.lacuisinedebernard.com/%d8%b6%d9%84%d9%88%d8%b9-%d9%84%d8%ad%d9%85-%d8%a7%d9%84%d8%ae%d9%86%d8%b2%d9%8a%d8%b1-%d8%a7%d9%84%d9%85%d8%b4%d9%88%d9%8a-%d8%a8%d8%b5%d9%84%d8%b5%d8%a9-%d8%a7%d9%84%d8%a8%d8%a7%d8%b1%d8%a8%d9%83
https://www.lacuisinedebernard.com/%d8%b6%d9%84%d9%88%d8%b9-%d9%84%d8%ad%d9%85-%d8%a7%d9%84%d8%ae%d9%86%d8%b2%d9%8a%d8%b1-%d8%a7%d9%84%d9%85%d8%b4%d9%88%d9%8a-%d8%a8%d8%b5%d9%84%d8%b5%d8%a9-%d8%a7%d9%84%d8%a8%d8%a7%d8%b1%d8%a8%d9%83,https://staging.lacuisinedebernard.com/%d8%b6%d9%84%d9%88%d8%b9-%d9%84%d8%ad%d9%85-%d8%a7%d9%84%d8%ae%d9%86%d8%b2%d9%8a%d8%b1-%d8%a7%d9%84%d9%85%d8%b4%d9%88%d9%8a-%d8%a8%d8%b5%d9%84%d8%b5%d8%a9-%d8%a7%d9%84%d8%a8%d8%a7%d8%b1%d8%a8%d9%83
https://www.lacuisinedebernard.com/%d8%b6%d9%84%d9%88%d8%b9-%d9%84%d8%ad%d9%85-%d8%a7%d9%84%d8%ae%d9%86%d8%b2%d9%8a%d8%b1-%d8%a7%d9%84%d9%85%d8%b4%d9%88%d9%8a-%d8%a8%d8%b5%d9%84%d8%b5%d8%a9-%d8%a7%d9%84%d8%a8%d8%a7%d8%b1%d8%a8%d9%83/,https://staging.lacuisinedebernard.com/%d8%b6%d9%84%d9%88%d8%b9-%d9%84%d8%ad%d9%85-%d8%a7%d9%84%d8%ae%d9%86%d8%b2%d9%8a%d8%b1-%d8%a7%d9%84%d9%85%d8%b4%d9%88%d9%8a-%d8%a8%d8%b5%d9%84%d8%b5%d8%a9-%d8%a7%d9%84%d8%a8%d8%a7%d8%b1%d8%a8%d9%83
https://lacuisinedebernard.com/massa-com-pesto-e-tomate-seco-quente-ou-como-salada-fria,https://staging.lacuisinedebernard.com/massa-com-pesto-e-tomate-seco-quente-ou-como-salada-fria
https://lacuisinedebernard.com/massa-com-pesto-e-tomate-seco-quente-ou-como-salada-fria/,https://staging.lacuisinedebernard.com/massa-com-pesto-e-tomate-seco-quente-ou-como-salada-fria
https://www.lacuisinedebernard.com/massa-com-pesto-e-tomate-seco-quente-ou-como-salada-fria,https://staging.lacuisinedebernard.com/massa-com-pesto-e-tomate-seco-quente-ou-como-salada-fria
https://www.lacuisinedebernard.com/massa-com-pesto-e-tomate-seco-quente-ou-como-salada-fria/,https://staging.lacuisinedebernard.com/massa-com-pesto-e-tomate-seco-quente-ou-como-salada-fria
https://lacuisinedebernard.com/%d9%84%d8%ad%d9%85-%d8%a8%d9%82%d8%b1%d9%8a-%d8%b3%d9%88%d8%aa%d9%8a%d9%87-%d9%85%d8%b9-%d8%a7%d9%84%d8%a8%d8%b5%d9%84,https://staging.lacuisinedebernard.com/%d9%84%d8%ad%d9%85-%d8%a8%d9%82%d8%b1%d9%8a-%d8%b3%d9%88%d8%aa%d9%8a%d9%87-%d9%85%d8%b9-%d8%a7%d9%84%d8%a8%d8%b5%d9%84
https://lacuisinedebernard.com/%d9%84%d8%ad%d9%85-%d8%a8%d9%82%d8%b1%d9%8a-%d8%b3%d9%88%d8%aa%d9%8a%d9%87-%d9%85%d8%b9-%d8%a7%d9%84%d8%a8%d8%b5%d9%84/,https://staging.lacuisinedebernard.com/%d9%84%d8%ad%d9%85-%d8%a8%d9%82%d8%b1%d9%8a-%d8%b3%d9%88%d8%aa%d9%8a%d9%87-%d9%85%d8%b9-%d8%a7%d9%84%d8%a8%d8%b5%d9%84
https://www.lacuisinedebernard.com/%d9%84%d8%ad%d9%85-%d8%a8%d9%82%d8%b1%d9%8a-%d8%b3%d9%88%d8%aa%d9%8a%d9%87-%d9%85%d8%b9-%d8%a7%d9%84%d8%a8%d8%b5%d9%84,https://staging.lacuisinedebernard.com/%d9%84%d8%ad%d9%85-%d8%a8%d9%82%d8%b1%d9%8a-%d8%b3%d9%88%d8%aa%d9%8a%d9%87-%d9%85%d8%b9-%d8%a7%d9%84%d8%a8%d8%b5%d9%84
https://www.lacuisinedebernard.com/%d9%84%d8%ad%d9%85-%d8%a8%d9%82%d8%b1%d9%8a-%d8%b3%d9%88%d8%aa%d9%8a%d9%87-%d9%85%d8%b9-%d8%a7%d9%84%d8%a8%d8%b5%d9%84/,https://staging.lacuisinedebernard.com/%d9%84%d8%ad%d9%85-%d8%a8%d9%82%d8%b1%d9%8a-%d8%b3%d9%88%d8%aa%d9%8a%d9%87-%d9%85%d8%b9-%d8%a7%d9%84%d8%a8%d8%b5%d9%84
https://lacuisinedebernard.com/pizza-rapida-sem-poolish,https://staging.lacuisinedebernard.com/pizza-rapida-sem-poolish
https://lacuisinedebernard.com/pizza-rapida-sem-poolish/,https://staging.lacuisinedebernard.com/pizza-rapida-sem-poolish
https://www.lacuisinedebernard.com/pizza-rapida-sem-poolish,https://staging.lacuisinedebernard.com/pizza-rapida-sem-poolish
https://www.lacuisinedebernard.com/pizza-rapida-sem-poolish/,https://staging.lacuisinedebernard.com/pizza-rapida-sem-poolish
https://lacuisinedebernard.com/%d8%b3%d9%84%d8%b7%d8%a9-%d8%a7%d9%84%d8%af%d8%ac%d8%a7%d8%ac-%d8%a8%d8%a7%d9%84%d9%83%d8%a7%d8%b1%d9%8a-%d9%88%d8%a7%d9%84%d9%83%d8%a7%d8%ac%d9%88,https://staging.lacuisinedebernard.com/%d8%b3%d9%84%d8%b7%d8%a9-%d8%a7%d9%84%d8%af%d8%ac%d8%a7%d8%ac-%d8%a8%d8%a7%d9%84%d9%83%d8%a7%d8%b1%d9%8a-%d9%88%d8%a7%d9%84%d9%83%d8%a7%d8%ac%d9%88
https://lacuisinedebernard.com/%d8%b3%d9%84%d8%b7%d8%a9-%d8%a7%d9%84%d8%af%d8%ac%d8%a7%d8%ac-%d8%a8%d8%a7%d9%84%d9%83%d8%a7%d8%b1%d9%8a-%d9%88%d8%a7%d9%84%d9%83%d8%a7%d8%ac%d9%88/,https://staging.lacuisinedebernard.com/%d8%b3%d9%84%d8%b7%d8%a9-%d8%a7%d9%84%d8%af%d8%ac%d8%a7%d8%ac-%d8%a8%d8%a7%d9%84%d9%83%d8%a7%d8%b1%d9%8a-%d9%88%d8%a7%d9%84%d9%83%d8%a7%d8%ac%d9%88
https://www.lacuisinedebernard.com/%d8%b3%d9%84%d8%b7%d8%a9-%d8%a7%d9%84%d8%af%d8%ac%d8%a7%d8%ac-%d8%a8%d8%a7%d9%84%d9%83%d8%a7%d8%b1%d9%8a-%d9%88%d8%a7%d9%84%d9%83%d8%a7%d8%ac%d9%88,https://staging.lacuisinedebernard.com/%d8%b3%d9%84%d8%b7%d8%a9-%d8%a7%d9%84%d8%af%d8%ac%d8%a7%d8%ac-%d8%a8%d8%a7%d9%84%d9%83%d8%a7%d8%b1%d9%8a-%d9%88%d8%a7%d9%84%d9%83%d8%a7%d8%ac%d9%88
https://www.lacuisinedebernard.com/%d8%b3%d9%84%d8%b7%d8%a9-%d8%a7%d9%84%d8%af%d8%ac%d8%a7%d8%ac-%d8%a8%d8%a7%d9%84%d9%83%d8%a7%d8%b1%d9%8a-%d9%88%d8%a7%d9%84%d9%83%d8%a7%d8%ac%d9%88/,https://staging.lacuisinedebernard.com/%d8%b3%d9%84%d8%b7%d8%a9-%d8%a7%d9%84%d8%af%d8%ac%d8%a7%d8%ac-%d8%a8%d8%a7%d9%84%d9%83%d8%a7%d8%b1%d9%8a-%d9%88%d8%a7%d9%84%d9%83%d8%a7%d8%ac%d9%88
https://lacuisinedebernard.com/black-pudim-com-macas-e-cebolas-caramelizadas,https://staging.lacuisinedebernard.com/black-pudim-com-macas-e-cebolas-caramelizadas
https://lacuisinedebernard.com/black-pudim-com-macas-e-cebolas-caramelizadas/,https://staging.lacuisinedebernard.com/black-pudim-com-macas-e-cebolas-caramelizadas
https://www.lacuisinedebernard.com/black-pudim-com-macas-e-cebolas-caramelizadas,https://staging.lacuisinedebernard.com/black-pudim-com-macas-e-cebolas-caramelizadas
https://www.lacuisinedebernard.com/black-pudim-com-macas-e-cebolas-caramelizadas/,https://staging.lacuisinedebernard.com/black-pudim-com-macas-e-cebolas-caramelizadas
https://lacuisinedebernard.com/%d8%aa%d8%a8%d9%88%d9%84%d8%a9,https://staging.lacuisinedebernard.com/%d8%aa%d8%a8%d9%88%d9%84%d8%a9
https://lacuisinedebernard.com/%d8%aa%d8%a8%d9%88%d9%84%d8%a9/,https://staging.lacuisinedebernard.com/%d8%aa%d8%a8%d9%88%d9%84%d8%a9
https://www.lacuisinedebernard.com/%d8%aa%d8%a8%d9%88%d9%84%d8%a9,https://staging.lacuisinedebernard.com/%d8%aa%d8%a8%d9%88%d9%84%d8%a9
https://www.lacuisinedebernard.com/%d8%aa%d8%a8%d9%88%d9%84%d8%a9/,https://staging.lacuisinedebernard.com/%d8%aa%d8%a8%d9%88%d9%84%d8%a9
https://lacuisinedebernard.com/%d9%81%d9%84%d8%a7%d9%81%d9%84,https://staging.lacuisinedebernard.com/%d9%81%d9%84%d8%a7%d9%81%d9%84
https://lacuisinedebernard.com/%d9%81%d9%84%d8%a7%d9%81%d9%84/,https://staging.lacuisinedebernard.com/%d9%81%d9%84%d8%a7%d9%81%d9%84
https://www.lacuisinedebernard.com/%d9%81%d9%84%d8%a7%d9%81%d9%84,https://staging.lacuisinedebernard.com/%d9%81%d9%84%d8%a7%d9%81%d9%84
https://www.lacuisinedebernard.com/%d9%81%d9%84%d8%a7%d9%81%d9%84/,https://staging.lacuisinedebernard.com/%d9%81%d9%84%d8%a7%d9%81%d9%84
https://lacuisinedebernard.com/pasta-with-pesto-and-dried-tomatoes-hot-or-in-a-cold-salad,https://staging.lacuisinedebernard.com/pasta-with-pesto-and-dried-tomatoes-hot-or-in-a-cold-salad
https://lacuisinedebernard.com/pasta-with-pesto-and-dried-tomatoes-hot-or-in-a-cold-salad/,https://staging.lacuisinedebernard.com/pasta-with-pesto-and-dried-tomatoes-hot-or-in-a-cold-salad
https://www.lacuisinedebernard.com/pasta-with-pesto-and-dried-tomatoes-hot-or-in-a-cold-salad,https://staging.lacuisinedebernard.com/pasta-with-pesto-and-dried-tomatoes-hot-or-in-a-cold-salad
https://www.lacuisinedebernard.com/pasta-with-pesto-and-dried-tomatoes-hot-or-in-a-cold-salad/,https://staging.lacuisinedebernard.com/pasta-with-pesto-and-dried-tomatoes-hot-or-in-a-cold-salad
https://lacuisinedebernard.com/%d8%a7%d9%84%d8%b7%d9%86%d8%ac%d9%8a%d8%a9-%d9%84%d8%ad%d9%85-%d8%a7%d9%84%d8%b9%d8%ac%d9%84-%d9%85%d8%b9-%d8%a7%d9%84%d8%ab%d9%88%d9%85-%d9%88%d8%a7%d9%84%d9%83%d9%85%d9%88%d9%86-%d9%88%d8%a7%d9%84,https://staging.lacuisinedebernard.com/%d8%a7%d9%84%d8%b7%d9%86%d8%ac%d9%8a%d8%a9-%d9%84%d8%ad%d9%85-%d8%a7%d9%84%d8%b9%d8%ac%d9%84-%d9%85%d8%b9-%d8%a7%d9%84%d8%ab%d9%88%d9%85-%d9%88%d8%a7%d9%84%d9%83%d9%85%d9%88%d9%86-%d9%88%d8%a7%d9%84
https://lacuisinedebernard.com/%d8%a7%d9%84%d8%b7%d9%86%d8%ac%d9%8a%d8%a9-%d9%84%d8%ad%d9%85-%d8%a7%d9%84%d8%b9%d8%ac%d9%84-%d9%85%d8%b9-%d8%a7%d9%84%d8%ab%d9%88%d9%85-%d9%88%d8%a7%d9%84%d9%83%d9%85%d9%88%d9%86-%d9%88%d8%a7%d9%84/,https://staging.lacuisinedebernard.com/%d8%a7%d9%84%d8%b7%d9%86%d8%ac%d9%8a%d8%a9-%d9%84%d8%ad%d9%85-%d8%a7%d9%84%d8%b9%d8%ac%d9%84-%d9%85%d8%b9-%d8%a7%d9%84%d8%ab%d9%88%d9%85-%d9%88%d8%a7%d9%84%d9%83%d9%85%d9%88%d9%86-%d9%88%d8%a7%d9%84
https://www.lacuisinedebernard.com/%d8%a7%d9%84%d8%b7%d9%86%d8%ac%d9%8a%d8%a9-%d9%84%d8%ad%d9%85-%d8%a7%d9%84%d8%b9%d8%ac%d9%84-%d9%85%d8%b9-%d8%a7%d9%84%d8%ab%d9%88%d9%85-%d9%88%d8%a7%d9%84%d9%83%d9%85%d9%88%d9%86-%d9%88%d8%a7%d9%84,https://staging.lacuisinedebernard.com/%d8%a7%d9%84%d8%b7%d9%86%d8%ac%d9%8a%d8%a9-%d9%84%d8%ad%d9%85-%d8%a7%d9%84%d8%b9%d8%ac%d9%84-%d9%85%d8%b9-%d8%a7%d9%84%d8%ab%d9%88%d9%85-%d9%88%d8%a7%d9%84%d9%83%d9%85%d9%88%d9%86-%d9%88%d8%a7%d9%84
https://www.lacuisinedebernard.com/%d8%a7%d9%84%d8%b7%d9%86%d8%ac%d9%8a%d8%a9-%d9%84%d8%ad%d9%85-%d8%a7%d9%84%d8%b9%d8%ac%d9%84-%d9%85%d8%b9-%d8%a7%d9%84%d8%ab%d9%88%d9%85-%d9%88%d8%a7%d9%84%d9%83%d9%85%d9%88%d9%86-%d9%88%d8%a7%d9%84/,https://staging.lacuisinedebernard.com/%d8%a7%d9%84%d8%b7%d9%86%d8%ac%d9%8a%d8%a9-%d9%84%d8%ad%d9%85-%d8%a7%d9%84%d8%b9%d8%ac%d9%84-%d9%85%d8%b9-%d8%a7%d9%84%d8%ab%d9%88%d9%85-%d9%88%d8%a7%d9%84%d9%83%d9%85%d9%88%d9%86-%d9%88%d8%a7%d9%84
https://lacuisinedebernard.com/%d8%ae%d8%a8%d8%b2-%d8%a5%d8%b3%d9%8a%d9%86,https://staging.lacuisinedebernard.com/%d8%ae%d8%a8%d8%b2-%d8%a5%d8%b3%d9%8a%d9%86
https://lacuisinedebernard.com/%d8%ae%d8%a8%d8%b2-%d8%a5%d8%b3%d9%8a%d9%86/,https://staging.lacuisinedebernard.com/%d8%ae%d8%a8%d8%b2-%d8%a5%d8%b3%d9%8a%d9%86
https://www.lacuisinedebernard.com/%d8%ae%d8%a8%d8%b2-%d8%a5%d8%b3%d9%8a%d9%86,https://staging.lacuisinedebernard.com/%d8%ae%d8%a8%d8%b2-%d8%a5%d8%b3%d9%8a%d9%86
https://www.lacuisinedebernard.com/%d8%ae%d8%a8%d8%b2-%d8%a5%d8%b3%d9%8a%d9%86/,https://staging.lacuisinedebernard.com/%d8%ae%d8%a8%d8%b2-%d8%a5%d8%b3%d9%8a%d9%86
https://lacuisinedebernard.com/mamy-cocos-beef-pasteis-de-carne,https://staging.lacuisinedebernard.com/mamy-cocos-beef-pasteis-de-carne
https://lacuisinedebernard.com/mamy-cocos-beef-pasteis-de-carne/,https://staging.lacuisinedebernard.com/mamy-cocos-beef-pasteis-de-carne
https://www.lacuisinedebernard.com/mamy-cocos-beef-pasteis-de-carne,https://staging.lacuisinedebernard.com/mamy-cocos-beef-pasteis-de-carne
https://www.lacuisinedebernard.com/mamy-cocos-beef-pasteis-de-carne/,https://staging.lacuisinedebernard.com/mamy-cocos-beef-pasteis-de-carne
https://lacuisinedebernard.com/pasta-bolonhesa,https://staging.lacuisinedebernard.com/pasta-bolonhesa
https://lacuisinedebernard.com/pasta-bolonhesa/,https://staging.lacuisinedebernard.com/pasta-bolonhesa
https://www.lacuisinedebernard.com/pasta-bolonhesa,https://staging.lacuisinedebernard.com/pasta-bolonhesa
https://www.lacuisinedebernard.com/pasta-bolonhesa/,https://staging.lacuisinedebernard.com/pasta-bolonhesa
https://lacuisinedebernard.com/capon-with-chestnuts,https://staging.lacuisinedebernard.com/capon-with-chestnuts
https://lacuisinedebernard.com/capon-with-chestnuts/,https://staging.lacuisinedebernard.com/capon-with-chestnuts
https://www.lacuisinedebernard.com/capon-with-chestnuts,https://staging.lacuisinedebernard.com/capon-with-chestnuts
https://www.lacuisinedebernard.com/capon-with-chestnuts/,https://staging.lacuisinedebernard.com/capon-with-chestnuts
https://lacuisinedebernard.com/conejo-con-ciruelas-pasas,https://staging.lacuisinedebernard.com/conejo-con-ciruelas-pasas
https://lacuisinedebernard.com/conejo-con-ciruelas-pasas/,https://staging.lacuisinedebernard.com/conejo-con-ciruelas-pasas
https://www.lacuisinedebernard.com/conejo-con-ciruelas-pasas,https://staging.lacuisinedebernard.com/conejo-con-ciruelas-pasas
https://www.lacuisinedebernard.com/conejo-con-ciruelas-pasas/,https://staging.lacuisinedebernard.com/conejo-con-ciruelas-pasas
https://lacuisinedebernard.com/giant-couscous-salad-with-cranberries-and-pecans,https://staging.lacuisinedebernard.com/giant-couscous-salad-with-cranberries-and-pecans
https://lacuisinedebernard.com/giant-couscous-salad-with-cranberries-and-pecans/,https://staging.lacuisinedebernard.com/giant-couscous-salad-with-cranberries-and-pecans
https://www.lacuisinedebernard.com/giant-couscous-salad-with-cranberries-and-pecans,https://staging.lacuisinedebernard.com/giant-couscous-salad-with-cranberries-and-pecans
https://www.lacuisinedebernard.com/giant-couscous-salad-with-cranberries-and-pecans/,https://staging.lacuisinedebernard.com/giant-couscous-salad-with-cranberries-and-pecans
https://lacuisinedebernard.com/%d8%a8%d8%a7%d8%b1%d9%85%d9%88%d9%86%d8%aa%d9%8a%d9%8a%d8%b1-%d9%85%d9%86-%d8%a7%d9%84%d8%a8%d9%88%d8%af%d9%86%d8%ac-%d8%a7%d9%84%d8%a3%d8%b3%d9%88%d8%af-%d9%85%d8%b9-%d8%a7%d9%84%d8%aa%d9%81%d8%a7,https://staging.lacuisinedebernard.com/%d8%a8%d8%a7%d8%b1%d9%85%d9%88%d9%86%d8%aa%d9%8a%d9%8a%d8%b1-%d9%85%d9%86-%d8%a7%d9%84%d8%a8%d9%88%d8%af%d9%86%d8%ac-%d8%a7%d9%84%d8%a3%d8%b3%d9%88%d8%af-%d9%85%d8%b9-%d8%a7%d9%84%d8%aa%d9%81%d8%a7
https://lacuisinedebernard.com/%d8%a8%d8%a7%d8%b1%d9%85%d9%88%d9%86%d8%aa%d9%8a%d9%8a%d8%b1-%d9%85%d9%86-%d8%a7%d9%84%d8%a8%d9%88%d8%af%d9%86%d8%ac-%d8%a7%d9%84%d8%a3%d8%b3%d9%88%d8%af-%d9%85%d8%b9-%d8%a7%d9%84%d8%aa%d9%81%d8%a7/,https://staging.lacuisinedebernard.com/%d8%a8%d8%a7%d8%b1%d9%85%d9%88%d9%86%d8%aa%d9%8a%d9%8a%d8%b1-%d9%85%d9%86-%d8%a7%d9%84%d8%a8%d9%88%d8%af%d9%86%d8%ac-%d8%a7%d9%84%d8%a3%d8%b3%d9%88%d8%af-%d9%85%d8%b9-%d8%a7%d9%84%d8%aa%d9%81%d8%a7
https://www.lacuisinedebernard.com/%d8%a8%d8%a7%d8%b1%d9%85%d9%88%d9%86%d8%aa%d9%8a%d9%8a%d8%b1-%d9%85%d9%86-%d8%a7%d9%84%d8%a8%d9%88%d8%af%d9%86%d8%ac-%d8%a7%d9%84%d8%a3%d8%b3%d9%88%d8%af-%d9%85%d8%b9-%d8%a7%d9%84%d8%aa%d9%81%d8%a7,https://staging.lacuisinedebernard.com/%d8%a8%d8%a7%d8%b1%d9%85%d9%88%d9%86%d8%aa%d9%8a%d9%8a%d8%b1-%d9%85%d9%86-%d8%a7%d9%84%d8%a8%d9%88%d8%af%d9%86%d8%ac-%d8%a7%d9%84%d8%a3%d8%b3%d9%88%d8%af-%d9%85%d8%b9-%d8%a7%d9%84%d8%aa%d9%81%d8%a7
https://www.lacuisinedebernard.com/%d8%a8%d8%a7%d8%b1%d9%85%d9%88%d9%86%d8%aa%d9%8a%d9%8a%d8%b1-%d9%85%d9%86-%d8%a7%d9%84%d8%a8%d9%88%d8%af%d9%86%d8%ac-%d8%a7%d9%84%d8%a3%d8%b3%d9%88%d8%af-%d9%85%d8%b9-%d8%a7%d9%84%d8%aa%d9%81%d8%a7/,https://staging.lacuisinedebernard.com/%d8%a8%d8%a7%d8%b1%d9%85%d9%88%d9%86%d8%aa%d9%8a%d9%8a%d8%b1-%d9%85%d9%86-%d8%a7%d9%84%d8%a8%d9%88%d8%af%d9%86%d8%ac-%d8%a7%d9%84%d8%a3%d8%b3%d9%88%d8%af-%d9%85%d8%b9-%d8%a7%d9%84%d8%aa%d9%81%d8%a7
https://lacuisinedebernard.com/pasta-con-crema-de-pistachos-y-albahaca,https://staging.lacuisinedebernard.com/pasta-con-crema-de-pistachos-y-albahaca
https://lacuisinedebernard.com/pasta-con-crema-de-pistachos-y-albahaca/,https://staging.lacuisinedebernard.com/pasta-con-crema-de-pistachos-y-albahaca
https://www.lacuisinedebernard.com/pasta-con-crema-de-pistachos-y-albahaca,https://staging.lacuisinedebernard.com/pasta-con-crema-de-pistachos-y-albahaca
https://www.lacuisinedebernard.com/pasta-con-crema-de-pistachos-y-albahaca/,https://staging.lacuisinedebernard.com/pasta-con-crema-de-pistachos-y-albahaca
https://lacuisinedebernard.com/%d8%b4%d9%88%d8%b1%d8%a8%d8%a9-%d9%83%d8%b1%d9%8a%d9%85%d8%a9-%d8%a7%d9%84%d8%ac%d8%b2%d8%b1-%d8%a8%d8%a7%d9%84%d8%a8%d9%87%d8%a7%d8%b1%d8%a7%d8%aa-%d8%a7%d9%84%d8%ad%d9%84%d9%88%d8%a9,https://staging.lacuisinedebernard.com/%d8%b4%d9%88%d8%b1%d8%a8%d8%a9-%d9%83%d8%b1%d9%8a%d9%85%d8%a9-%d8%a7%d9%84%d8%ac%d8%b2%d8%b1-%d8%a8%d8%a7%d9%84%d8%a8%d9%87%d8%a7%d8%b1%d8%a7%d8%aa-%d8%a7%d9%84%d8%ad%d9%84%d9%88%d8%a9
https://lacuisinedebernard.com/%d8%b4%d9%88%d8%b1%d8%a8%d8%a9-%d9%83%d8%b1%d9%8a%d9%85%d8%a9-%d8%a7%d9%84%d8%ac%d8%b2%d8%b1-%d8%a8%d8%a7%d9%84%d8%a8%d9%87%d8%a7%d8%b1%d8%a7%d8%aa-%d8%a7%d9%84%d8%ad%d9%84%d9%88%d8%a9/,https://staging.lacuisinedebernard.com/%d8%b4%d9%88%d8%b1%d8%a8%d8%a9-%d9%83%d8%b1%d9%8a%d9%85%d8%a9-%d8%a7%d9%84%d8%ac%d8%b2%d8%b1-%d8%a8%d8%a7%d9%84%d8%a8%d9%87%d8%a7%d8%b1%d8%a7%d8%aa-%d8%a7%d9%84%d8%ad%d9%84%d9%88%d8%a9
https://www.lacuisinedebernard.com/%d8%b4%d9%88%d8%b1%d8%a8%d8%a9-%d9%83%d8%b1%d9%8a%d9%85%d8%a9-%d8%a7%d9%84%d8%ac%d8%b2%d8%b1-%d8%a8%d8%a7%d9%84%d8%a8%d9%87%d8%a7%d8%b1%d8%a7%d8%aa-%d8%a7%d9%84%d8%ad%d9%84%d9%88%d8%a9,https://staging.lacuisinedebernard.com/%d8%b4%d9%88%d8%b1%d8%a8%d8%a9-%d9%83%d8%b1%d9%8a%d9%85%d8%a9-%d8%a7%d9%84%d8%ac%d8%b2%d8%b1-%d8%a8%d8%a7%d9%84%d8%a8%d9%87%d8%a7%d8%b1%d8%a7%d8%aa-%d8%a7%d9%84%d8%ad%d9%84%d9%88%d8%a9
https://www.lacuisinedebernard.com/%d8%b4%d9%88%d8%b1%d8%a8%d8%a9-%d9%83%d8%b1%d9%8a%d9%85%d8%a9-%d8%a7%d9%84%d8%ac%d8%b2%d8%b1-%d8%a8%d8%a7%d9%84%d8%a8%d9%87%d8%a7%d8%b1%d8%a7%d8%aa-%d8%a7%d9%84%d8%ad%d9%84%d9%88%d8%a9/,https://staging.lacuisinedebernard.com/%d8%b4%d9%88%d8%b1%d8%a8%d8%a9-%d9%83%d8%b1%d9%8a%d9%85%d8%a9-%d8%a7%d9%84%d8%ac%d8%b2%d8%b1-%d8%a8%d8%a7%d9%84%d8%a8%d9%87%d8%a7%d8%b1%d8%a7%d8%aa-%d8%a7%d9%84%d8%ad%d9%84%d9%88%d8%a9
https://lacuisinedebernard.com/mamy-cocos-beef-pastries,https://staging.lacuisinedebernard.com/mamy-cocos-beef-pastries
https://lacuisinedebernard.com/mamy-cocos-beef-pastries/,https://staging.lacuisinedebernard.com/mamy-cocos-beef-pastries
https://www.lacuisinedebernard.com/mamy-cocos-beef-pastries,https://staging.lacuisinedebernard.com/mamy-cocos-beef-pastries
https://www.lacuisinedebernard.com/mamy-cocos-beef-pastries/,https://staging.lacuisinedebernard.com/mamy-cocos-beef-pastries
https://lacuisinedebernard.com/%d9%83%d8%a7%d8%a8%d9%88%d9%86-%d9%85%d8%b9-%d8%a7%d9%84%d9%83%d8%b3%d8%aa%d9%86%d8%a7%d8%a1,https://staging.lacuisinedebernard.com/%d9%83%d8%a7%d8%a8%d9%88%d9%86-%d9%85%d8%b9-%d8%a7%d9%84%d9%83%d8%b3%d8%aa%d9%86%d8%a7%d8%a1
https://lacuisinedebernard.com/%d9%83%d8%a7%d8%a8%d9%88%d9%86-%d9%85%d8%b9-%d8%a7%d9%84%d9%83%d8%b3%d8%aa%d9%86%d8%a7%d8%a1/,https://staging.lacuisinedebernard.com/%d9%83%d8%a7%d8%a8%d9%88%d9%86-%d9%85%d8%b9-%d8%a7%d9%84%d9%83%d8%b3%d8%aa%d9%86%d8%a7%d8%a1
https://www.lacuisinedebernard.com/%d9%83%d8%a7%d8%a8%d9%88%d9%86-%d9%85%d8%b9-%d8%a7%d9%84%d9%83%d8%b3%d8%aa%d9%86%d8%a7%d8%a1,https://staging.lacuisinedebernard.com/%d9%83%d8%a7%d8%a8%d9%88%d9%86-%d9%85%d8%b9-%d8%a7%d9%84%d9%83%d8%b3%d8%aa%d9%86%d8%a7%d8%a1
https://www.lacuisinedebernard.com/%d9%83%d8%a7%d8%a8%d9%88%d9%86-%d9%85%d8%b9-%d8%a7%d9%84%d9%83%d8%b3%d8%aa%d9%86%d8%a7%d8%a1/,https://staging.lacuisinedebernard.com/%d9%83%d8%a7%d8%a8%d9%88%d9%86-%d9%85%d8%b9-%d8%a7%d9%84%d9%83%d8%b3%d8%aa%d9%86%d8%a7%d8%a1
https://lacuisinedebernard.com/pasta-bolognese,https://staging.lacuisinedebernard.com/pasta-bolognese
https://lacuisinedebernard.com/pasta-bolognese/,https://staging.lacuisinedebernard.com/pasta-bolognese
https://www.lacuisinedebernard.com/pasta-bolognese,https://staging.lacuisinedebernard.com/pasta-bolognese
https://www.lacuisinedebernard.com/pasta-bolognese/,https://staging.lacuisinedebernard.com/pasta-bolognese
https://lacuisinedebernard.com/coelho-com-ameixas-secas,https://staging.lacuisinedebernard.com/coelho-com-ameixas-secas
https://lacuisinedebernard.com/coelho-com-ameixas-secas/,https://staging.lacuisinedebernard.com/coelho-com-ameixas-secas
https://www.lacuisinedebernard.com/coelho-com-ameixas-secas,https://staging.lacuisinedebernard.com/coelho-com-ameixas-secas
https://www.lacuisinedebernard.com/coelho-com-ameixas-secas/,https://staging.lacuisinedebernard.com/coelho-com-ameixas-secas
https://lacuisinedebernard.com/%d8%b3%d9%84%d8%b7%d8%a9-%d8%a7%d9%84%d9%83%d8%b3%d9%83%d8%b3-%d8%a7%d9%84%d8%b9%d9%85%d9%84%d8%a7%d9%82%d8%a9-%d9%85%d8%b9-%d8%a7%d9%84%d8%aa%d9%88%d8%aa-%d8%a7%d9%84%d8%a8%d8%b1%d9%8a-%d9%88%d8%a7,https://staging.lacuisinedebernard.com/%d8%b3%d9%84%d8%b7%d8%a9-%d8%a7%d9%84%d9%83%d8%b3%d9%83%d8%b3-%d8%a7%d9%84%d8%b9%d9%85%d9%84%d8%a7%d9%82%d8%a9-%d9%85%d8%b9-%d8%a7%d9%84%d8%aa%d9%88%d8%aa-%d8%a7%d9%84%d8%a8%d8%b1%d9%8a-%d9%88%d8%a7
https://lacuisinedebernard.com/%d8%b3%d9%84%d8%b7%d8%a9-%d8%a7%d9%84%d9%83%d8%b3%d9%83%d8%b3-%d8%a7%d9%84%d8%b9%d9%85%d9%84%d8%a7%d9%82%d8%a9-%d9%85%d8%b9-%d8%a7%d9%84%d8%aa%d9%88%d8%aa-%d8%a7%d9%84%d8%a8%d8%b1%d9%8a-%d9%88%d8%a7/,https://staging.lacuisinedebernard.com/%d8%b3%d9%84%d8%b7%d8%a9-%d8%a7%d9%84%d9%83%d8%b3%d9%83%d8%b3-%d8%a7%d9%84%d8%b9%d9%85%d9%84%d8%a7%d9%82%d8%a9-%d9%85%d8%b9-%d8%a7%d9%84%d8%aa%d9%88%d8%aa-%d8%a7%d9%84%d8%a8%d8%b1%d9%8a-%d9%88%d8%a7
https://www.lacuisinedebernard.com/%d8%b3%d9%84%d8%b7%d8%a9-%d8%a7%d9%84%d9%83%d8%b3%d9%83%d8%b3-%d8%a7%d9%84%d8%b9%d9%85%d9%84%d8%a7%d9%82%d8%a9-%d9%85%d8%b9-%d8%a7%d9%84%d8%aa%d9%88%d8%aa-%d8%a7%d9%84%d8%a8%d8%b1%d9%8a-%d9%88%d8%a7,https://staging.lacuisinedebernard.com/%d8%b3%d9%84%d8%b7%d8%a9-%d8%a7%d9%84%d9%83%d8%b3%d9%83%d8%b3-%d8%a7%d9%84%d8%b9%d9%85%d9%84%d8%a7%d9%82%d8%a9-%d9%85%d8%b9-%d8%a7%d9%84%d8%aa%d9%88%d8%aa-%d8%a7%d9%84%d8%a8%d8%b1%d9%8a-%d9%88%d8%a7
https://www.lacuisinedebernard.com/%d8%b3%d9%84%d8%b7%d8%a9-%d8%a7%d9%84%d9%83%d8%b3%d9%83%d8%b3-%d8%a7%d9%84%d8%b9%d9%85%d9%84%d8%a7%d9%82%d8%a9-%d9%85%d8%b9-%d8%a7%d9%84%d8%aa%d9%88%d8%aa-%d8%a7%d9%84%d8%a8%d8%b1%d9%8a-%d9%88%d8%a7/,https://staging.lacuisinedebernard.com/%d8%b3%d9%84%d8%b7%d8%a9-%d8%a7%d9%84%d9%83%d8%b3%d9%83%d8%b3-%d8%a7%d9%84%d8%b9%d9%85%d9%84%d8%a7%d9%82%d8%a9-%d9%85%d8%b9-%d8%a7%d9%84%d8%aa%d9%88%d8%aa-%d8%a7%d9%84%d8%a8%d8%b1%d9%8a-%d9%88%d8%a7
https://lacuisinedebernard.com/pollo-yassa-de-mamy-coco,https://staging.lacuisinedebernard.com/pollo-yassa-de-mamy-coco
https://lacuisinedebernard.com/pollo-yassa-de-mamy-coco/,https://staging.lacuisinedebernard.com/pollo-yassa-de-mamy-coco
https://www.lacuisinedebernard.com/pollo-yassa-de-mamy-coco,https://staging.lacuisinedebernard.com/pollo-yassa-de-mamy-coco
https://www.lacuisinedebernard.com/pollo-yassa-de-mamy-coco/,https://staging.lacuisinedebernard.com/pollo-yassa-de-mamy-coco
https://lacuisinedebernard.com/%d9%81%d9%88,https://staging.lacuisinedebernard.com/%d9%81%d9%88
https://lacuisinedebernard.com/%d9%81%d9%88/,https://staging.lacuisinedebernard.com/%d9%81%d9%88
https://www.lacuisinedebernard.com/%d9%81%d9%88,https://staging.lacuisinedebernard.com/%d9%81%d9%88
https://www.lacuisinedebernard.com/%d9%81%d9%88/,https://staging.lacuisinedebernard.com/%d9%81%d9%88
https://lacuisinedebernard.com/pasta-de-pistachio-e-manjericao-creme,https://staging.lacuisinedebernard.com/pasta-de-pistachio-e-manjericao-creme
https://lacuisinedebernard.com/pasta-de-pistachio-e-manjericao-creme/,https://staging.lacuisinedebernard.com/pasta-de-pistachio-e-manjericao-creme
https://www.lacuisinedebernard.com/pasta-de-pistachio-e-manjericao-creme,https://staging.lacuisinedebernard.com/pasta-de-pistachio-e-manjericao-creme
https://www.lacuisinedebernard.com/pasta-de-pistachio-e-manjericao-creme/,https://staging.lacuisinedebernard.com/pasta-de-pistachio-e-manjericao-creme
https://lacuisinedebernard.com/nabos-con-glaseado-de-azucar,https://staging.lacuisinedebernard.com/nabos-con-glaseado-de-azucar
https://lacuisinedebernard.com/nabos-con-glaseado-de-azucar/,https://staging.lacuisinedebernard.com/nabos-con-glaseado-de-azucar
https://www.lacuisinedebernard.com/nabos-con-glaseado-de-azucar,https://staging.lacuisinedebernard.com/nabos-con-glaseado-de-azucar
https://www.lacuisinedebernard.com/nabos-con-glaseado-de-azucar/,https://staging.lacuisinedebernard.com/nabos-con-glaseado-de-azucar
https://lacuisinedebernard.com/tanjia-jarretes-de-ternera-con-ajo-comino-y-limones-confitados,https://staging.lacuisinedebernard.com/tanjia-jarretes-de-ternera-con-ajo-comino-y-limones-confitados
https://lacuisinedebernard.com/tanjia-jarretes-de-ternera-con-ajo-comino-y-limones-confitados/,https://staging.lacuisinedebernard.com/tanjia-jarretes-de-ternera-con-ajo-comino-y-limones-confitados
https://www.lacuisinedebernard.com/tanjia-jarretes-de-ternera-con-ajo-comino-y-limones-confitados,https://staging.lacuisinedebernard.com/tanjia-jarretes-de-ternera-con-ajo-comino-y-limones-confitados
https://www.lacuisinedebernard.com/tanjia-jarretes-de-ternera-con-ajo-comino-y-limones-confitados/,https://staging.lacuisinedebernard.com/tanjia-jarretes-de-ternera-con-ajo-comino-y-limones-confitados
https://lacuisinedebernard.com/rabbit-with-prunes,https://staging.lacuisinedebernard.com/rabbit-with-prunes
https://lacuisinedebernard.com/rabbit-with-prunes/,https://staging.lacuisinedebernard.com/rabbit-with-prunes
https://www.lacuisinedebernard.com/rabbit-with-prunes,https://staging.lacuisinedebernard.com/rabbit-with-prunes
https://www.lacuisinedebernard.com/rabbit-with-prunes/,https://staging.lacuisinedebernard.com/rabbit-with-prunes
https://lacuisinedebernard.com/%d8%ac%d8%af%d8%a9-%d9%83%d9%88%d9%83%d9%88-%d8%a8%d9%8a%d9%81-%d8%a8%d8%a7%d8%b3%d8%aa%d9%8a%d9%84,https://staging.lacuisinedebernard.com/%d8%ac%d8%af%d8%a9-%d9%83%d9%88%d9%83%d9%88-%d8%a8%d9%8a%d9%81-%d8%a8%d8%a7%d8%b3%d8%aa%d9%8a%d9%84
https://lacuisinedebernard.com/%d8%ac%d8%af%d8%a9-%d9%83%d9%88%d9%83%d9%88-%d8%a8%d9%8a%d9%81-%d8%a8%d8%a7%d8%b3%d8%aa%d9%8a%d9%84/,https://staging.lacuisinedebernard.com/%d8%ac%d8%af%d8%a9-%d9%83%d9%88%d9%83%d9%88-%d8%a8%d9%8a%d9%81-%d8%a8%d8%a7%d8%b3%d8%aa%d9%8a%d9%84
https://www.lacuisinedebernard.com/%d8%ac%d8%af%d8%a9-%d9%83%d9%88%d9%83%d9%88-%d8%a8%d9%8a%d9%81-%d8%a8%d8%a7%d8%b3%d8%aa%d9%8a%d9%84,https://staging.lacuisinedebernard.com/%d8%ac%d8%af%d8%a9-%d9%83%d9%88%d9%83%d9%88-%d8%a8%d9%8a%d9%81-%d8%a8%d8%a7%d8%b3%d8%aa%d9%8a%d9%84
https://www.lacuisinedebernard.com/%d8%ac%d8%af%d8%a9-%d9%83%d9%88%d9%83%d9%88-%d8%a8%d9%8a%d9%81-%d8%a8%d8%a7%d8%b3%d8%aa%d9%8a%d9%84/,https://staging.lacuisinedebernard.com/%d8%ac%d8%af%d8%a9-%d9%83%d9%88%d9%83%d9%88-%d8%a8%d9%8a%d9%81-%d8%a8%d8%a7%d8%b3%d8%aa%d9%8a%d9%84
https://lacuisinedebernard.com/nabos-com-cobertura-de-acucar,https://staging.lacuisinedebernard.com/nabos-com-cobertura-de-acucar
https://lacuisinedebernard.com/nabos-com-cobertura-de-acucar/,https://staging.lacuisinedebernard.com/nabos-com-cobertura-de-acucar
https://www.lacuisinedebernard.com/nabos-com-cobertura-de-acucar,https://staging.lacuisinedebernard.com/nabos-com-cobertura-de-acucar
https://www.lacuisinedebernard.com/nabos-com-cobertura-de-acucar/,https://staging.lacuisinedebernard.com/nabos-com-cobertura-de-acucar
https://lacuisinedebernard.com/%d8%b9%d8%ac%d9%8a%d9%86-%d8%a8%d9%88%d9%84%d9%88%d9%86%d9%8a,https://staging.lacuisinedebernard.com/%d8%b9%d8%ac%d9%8a%d9%86-%d8%a8%d9%88%d9%84%d9%88%d9%86%d9%8a
https://lacuisinedebernard.com/%d8%b9%d8%ac%d9%8a%d9%86-%d8%a8%d9%88%d9%84%d9%88%d9%86%d9%8a/,https://staging.lacuisinedebernard.com/%d8%b9%d8%ac%d9%8a%d9%86-%d8%a8%d9%88%d9%84%d9%88%d9%86%d9%8a
https://www.lacuisinedebernard.com/%d8%b9%d8%ac%d9%8a%d9%86-%d8%a8%d9%88%d9%84%d9%88%d9%86%d9%8a,https://staging.lacuisinedebernard.com/%d8%b9%d8%ac%d9%8a%d9%86-%d8%a8%d9%88%d9%84%d9%88%d9%86%d9%8a
https://www.lacuisinedebernard.com/%d8%b9%d8%ac%d9%8a%d9%86-%d8%a8%d9%88%d9%84%d9%88%d9%86%d9%8a/,https://staging.lacuisinedebernard.com/%d8%b9%d8%ac%d9%8a%d9%86-%d8%a8%d9%88%d9%84%d9%88%d9%86%d9%8a
https://lacuisinedebernard.com/sopa-de-zanahoria-y-especias-dulces,https://staging.lacuisinedebernard.com/sopa-de-zanahoria-y-especias-dulces
https://lacuisinedebernard.com/sopa-de-zanahoria-y-especias-dulces/,https://staging.lacuisinedebernard.com/sopa-de-zanahoria-y-especias-dulces
https://www.lacuisinedebernard.com/sopa-de-zanahoria-y-especias-dulces,https://staging.lacuisinedebernard.com/sopa-de-zanahoria-y-especias-dulces
https://www.lacuisinedebernard.com/sopa-de-zanahoria-y-especias-dulces/,https://staging.lacuisinedebernard.com/sopa-de-zanahoria-y-especias-dulces
https://lacuisinedebernard.com/pan-esenio,https://staging.lacuisinedebernard.com/pan-esenio
https://lacuisinedebernard.com/pan-esenio/,https://staging.lacuisinedebernard.com/pan-esenio
https://www.lacuisinedebernard.com/pan-esenio,https://staging.lacuisinedebernard.com/pan-esenio
https://www.lacuisinedebernard.com/pan-esenio/,https://staging.lacuisinedebernard.com/pan-esenio
https://lacuisinedebernard.com/yassa-chicken-de-mamy-coco,https://staging.lacuisinedebernard.com/yassa-chicken-de-mamy-coco
https://lacuisinedebernard.com/yassa-chicken-de-mamy-coco/,https://staging.lacuisinedebernard.com/yassa-chicken-de-mamy-coco
https://www.lacuisinedebernard.com/yassa-chicken-de-mamy-coco,https://staging.lacuisinedebernard.com/yassa-chicken-de-mamy-coco
https://www.lacuisinedebernard.com/yassa-chicken-de-mamy-coco/,https://staging.lacuisinedebernard.com/yassa-chicken-de-mamy-coco
https://lacuisinedebernard.com/pistachio-and-basil-cream-pasta,https://staging.lacuisinedebernard.com/pistachio-and-basil-cream-pasta
https://lacuisinedebernard.com/pistachio-and-basil-cream-pasta/,https://staging.lacuisinedebernard.com/pistachio-and-basil-cream-pasta
https://www.lacuisinedebernard.com/pistachio-and-basil-cream-pasta,https://staging.lacuisinedebernard.com/pistachio-and-basil-cream-pasta
https://www.lacuisinedebernard.com/pistachio-and-basil-cream-pasta/,https://staging.lacuisinedebernard.com/pistachio-and-basil-cream-pasta
https://lacuisinedebernard.com/capon-con-castanas,https://staging.lacuisinedebernard.com/capon-con-castanas
https://lacuisinedebernard.com/capon-con-castanas/,https://staging.lacuisinedebernard.com/capon-con-castanas
https://www.lacuisinedebernard.com/capon-con-castanas,https://staging.lacuisinedebernard.com/capon-con-castanas
https://www.lacuisinedebernard.com/capon-con-castanas/,https://staging.lacuisinedebernard.com/capon-con-castanas
https://lacuisinedebernard.com/mamy-cocos-yassa-chicken,https://staging.lacuisinedebernard.com/mamy-cocos-yassa-chicken
https://lacuisinedebernard.com/mamy-cocos-yassa-chicken/,https://staging.lacuisinedebernard.com/mamy-cocos-yassa-chicken
https://www.lacuisinedebernard.com/mamy-cocos-yassa-chicken,https://staging.lacuisinedebernard.com/mamy-cocos-yassa-chicken
https://www.lacuisinedebernard.com/mamy-cocos-yassa-chicken/,https://staging.lacuisinedebernard.com/mamy-cocos-yassa-chicken
https://lacuisinedebernard.com/%d8%a3%d8%b1%d9%86%d8%a8-%d9%85%d8%b9-%d8%a7%d9%84%d8%a8%d8%b1%d9%82%d9%88%d9%82,https://staging.lacuisinedebernard.com/%d8%a3%d8%b1%d9%86%d8%a8-%d9%85%d8%b9-%d8%a7%d9%84%d8%a8%d8%b1%d9%82%d9%88%d9%82
https://lacuisinedebernard.com/%d8%a3%d8%b1%d9%86%d8%a8-%d9%85%d8%b9-%d8%a7%d9%84%d8%a8%d8%b1%d9%82%d9%88%d9%82/,https://staging.lacuisinedebernard.com/%d8%a3%d8%b1%d9%86%d8%a8-%d9%85%d8%b9-%d8%a7%d9%84%d8%a8%d8%b1%d9%82%d9%88%d9%82
https://www.lacuisinedebernard.com/%d8%a3%d8%b1%d9%86%d8%a8-%d9%85%d8%b9-%d8%a7%d9%84%d8%a8%d8%b1%d9%82%d9%88%d9%82,https://staging.lacuisinedebernard.com/%d8%a3%d8%b1%d9%86%d8%a8-%d9%85%d8%b9-%d8%a7%d9%84%d8%a8%d8%b1%d9%82%d9%88%d9%82
https://www.lacuisinedebernard.com/%d8%a3%d8%b1%d9%86%d8%a8-%d9%85%d8%b9-%d8%a7%d9%84%d8%a8%d8%b1%d9%82%d9%88%d9%82/,https://staging.lacuisinedebernard.com/%d8%a3%d8%b1%d9%86%d8%a8-%d9%85%d8%b9-%d8%a7%d9%84%d8%a8%d8%b1%d9%82%d9%88%d9%82
https://lacuisinedebernard.com/ensalada-de-cuscus-gigante-con-arandanos-y-nueces,https://staging.lacuisinedebernard.com/ensalada-de-cuscus-gigante-con-arandanos-y-nueces
https://lacuisinedebernard.com/ensalada-de-cuscus-gigante-con-arandanos-y-nueces/,https://staging.lacuisinedebernard.com/ensalada-de-cuscus-gigante-con-arandanos-y-nueces
https://www.lacuisinedebernard.com/ensalada-de-cuscus-gigante-con-arandanos-y-nueces,https://staging.lacuisinedebernard.com/ensalada-de-cuscus-gigante-con-arandanos-y-nueces
https://www.lacuisinedebernard.com/ensalada-de-cuscus-gigante-con-arandanos-y-nueces/,https://staging.lacuisinedebernard.com/ensalada-de-cuscus-gigante-con-arandanos-y-nueces
https://lacuisinedebernard.com/sopa-de-cenoura-e-especiarias-doces,https://staging.lacuisinedebernard.com/sopa-de-cenoura-e-especiarias-doces
https://lacuisinedebernard.com/sopa-de-cenoura-e-especiarias-doces/,https://staging.lacuisinedebernard.com/sopa-de-cenoura-e-especiarias-doces
https://www.lacuisinedebernard.com/sopa-de-cenoura-e-especiarias-doces,https://staging.lacuisinedebernard.com/sopa-de-cenoura-e-especiarias-doces
https://www.lacuisinedebernard.com/sopa-de-cenoura-e-especiarias-doces/,https://staging.lacuisinedebernard.com/sopa-de-cenoura-e-especiarias-doces
https://lacuisinedebernard.com/turnips-with-sugar-glaze,https://staging.lacuisinedebernard.com/turnips-with-sugar-glaze
https://lacuisinedebernard.com/turnips-with-sugar-glaze/,https://staging.lacuisinedebernard.com/turnips-with-sugar-glaze
https://www.lacuisinedebernard.com/turnips-with-sugar-glaze,https://staging.lacuisinedebernard.com/turnips-with-sugar-glaze
https://www.lacuisinedebernard.com/turnips-with-sugar-glaze/,https://staging.lacuisinedebernard.com/turnips-with-sugar-glaze
https://lacuisinedebernard.com/%d8%a8%d8%a7%d8%b3%d8%aa%d8%a7-%d8%a7%d9%84%d9%81%d8%b3%d8%aa%d9%82-%d9%88-%d9%83%d8%b1%d9%8a%d9%85%d8%a9-%d8%a7%d9%84%d8%b1%d9%8a%d8%ad%d8%a7%d9%86,https://staging.lacuisinedebernard.com/%d8%a8%d8%a7%d8%b3%d8%aa%d8%a7-%d8%a7%d9%84%d9%81%d8%b3%d8%aa%d9%82-%d9%88-%d9%83%d8%b1%d9%8a%d9%85%d8%a9-%d8%a7%d9%84%d8%b1%d9%8a%d8%ad%d8%a7%d9%86
https://lacuisinedebernard.com/%d8%a8%d8%a7%d8%b3%d8%aa%d8%a7-%d8%a7%d9%84%d9%81%d8%b3%d8%aa%d9%82-%d9%88-%d9%83%d8%b1%d9%8a%d9%85%d8%a9-%d8%a7%d9%84%d8%b1%d9%8a%d8%ad%d8%a7%d9%86/,https://staging.lacuisinedebernard.com/%d8%a8%d8%a7%d8%b3%d8%aa%d8%a7-%d8%a7%d9%84%d9%81%d8%b3%d8%aa%d9%82-%d9%88-%d9%83%d8%b1%d9%8a%d9%85%d8%a9-%d8%a7%d9%84%d8%b1%d9%8a%d8%ad%d8%a7%d9%86
https://www.lacuisinedebernard.com/%d8%a8%d8%a7%d8%b3%d8%aa%d8%a7-%d8%a7%d9%84%d9%81%d8%b3%d8%aa%d9%82-%d9%88-%d9%83%d8%b1%d9%8a%d9%85%d8%a9-%d8%a7%d9%84%d8%b1%d9%8a%d8%ad%d8%a7%d9%86,https://staging.lacuisinedebernard.com/%d8%a8%d8%a7%d8%b3%d8%aa%d8%a7-%d8%a7%d9%84%d9%81%d8%b3%d8%aa%d9%82-%d9%88-%d9%83%d8%b1%d9%8a%d9%85%d8%a9-%d8%a7%d9%84%d8%b1%d9%8a%d8%ad%d8%a7%d9%86
https://www.lacuisinedebernard.com/%d8%a8%d8%a7%d8%b3%d8%aa%d8%a7-%d8%a7%d9%84%d9%81%d8%b3%d8%aa%d9%82-%d9%88-%d9%83%d8%b1%d9%8a%d9%85%d8%a9-%d8%a7%d9%84%d8%b1%d9%8a%d8%ad%d8%a7%d9%86/,https://staging.lacuisinedebernard.com/%d8%a8%d8%a7%d8%b3%d8%aa%d8%a7-%d8%a7%d9%84%d9%81%d8%b3%d8%aa%d9%82-%d9%88-%d9%83%d8%b1%d9%8a%d9%85%d8%a9-%d8%a7%d9%84%d8%b1%d9%8a%d8%ad%d8%a7%d9%86
https://lacuisinedebernard.com/tanjia-vitela-com-alho-cominho-e-limoes-cristalizados,https://staging.lacuisinedebernard.com/tanjia-vitela-com-alho-cominho-e-limoes-cristalizados
https://lacuisinedebernard.com/tanjia-vitela-com-alho-cominho-e-limoes-cristalizados/,https://staging.lacuisinedebernard.com/tanjia-vitela-com-alho-cominho-e-limoes-cristalizados
https://www.lacuisinedebernard.com/tanjia-vitela-com-alho-cominho-e-limoes-cristalizados,https://staging.lacuisinedebernard.com/tanjia-vitela-com-alho-cominho-e-limoes-cristalizados
https://www.lacuisinedebernard.com/tanjia-vitela-com-alho-cominho-e-limoes-cristalizados/,https://staging.lacuisinedebernard.com/tanjia-vitela-com-alho-cominho-e-limoes-cristalizados
https://lacuisinedebernard.com/pao-essene,https://staging.lacuisinedebernard.com/pao-essene
https://lacuisinedebernard.com/pao-essene/,https://staging.lacuisinedebernard.com/pao-essene
https://www.lacuisinedebernard.com/pao-essene,https://staging.lacuisinedebernard.com/pao-essene
https://www.lacuisinedebernard.com/pao-essene/,https://staging.lacuisinedebernard.com/pao-essene
https://lacuisinedebernard.com/capao-com-castanhas,https://staging.lacuisinedebernard.com/capao-com-castanhas
https://lacuisinedebernard.com/capao-com-castanhas/,https://staging.lacuisinedebernard.com/capao-com-castanhas
https://www.lacuisinedebernard.com/capao-com-castanhas,https://staging.lacuisinedebernard.com/capao-com-castanhas
https://www.lacuisinedebernard.com/capao-com-castanhas/,https://staging.lacuisinedebernard.com/capao-com-castanhas
https://lacuisinedebernard.com/%d8%af%d8%ac%d8%a7%d8%ac-%d9%8a%d8%b3%d9%87-%d9%85%d9%86-%d9%85%d8%a7%d9%85%d9%8a-%d9%83%d9%88%d9%83%d9%88,https://staging.lacuisinedebernard.com/%d8%af%d8%ac%d8%a7%d8%ac-%d9%8a%d8%b3%d9%87-%d9%85%d9%86-%d9%85%d8%a7%d9%85%d9%8a-%d9%83%d9%88%d9%83%d9%88
https://lacuisinedebernard.com/%d8%af%d8%ac%d8%a7%d8%ac-%d9%8a%d8%b3%d9%87-%d9%85%d9%86-%d9%85%d8%a7%d9%85%d9%8a-%d9%83%d9%88%d9%83%d9%88/,https://staging.lacuisinedebernard.com/%d8%af%d8%ac%d8%a7%d8%ac-%d9%8a%d8%b3%d9%87-%d9%85%d9%86-%d9%85%d8%a7%d9%85%d9%8a-%d9%83%d9%88%d9%83%d9%88
https://www.lacuisinedebernard.com/%d8%af%d8%ac%d8%a7%d8%ac-%d9%8a%d8%b3%d9%87-%d9%85%d9%86-%d9%85%d8%a7%d9%85%d9%8a-%d9%83%d9%88%d9%83%d9%88,https://staging.lacuisinedebernard.com/%d8%af%d8%ac%d8%a7%d8%ac-%d9%8a%d8%b3%d9%87-%d9%85%d9%86-%d9%85%d8%a7%d9%85%d9%8a-%d9%83%d9%88%d9%83%d9%88
https://www.lacuisinedebernard.com/%d8%af%d8%ac%d8%a7%d8%ac-%d9%8a%d8%b3%d9%87-%d9%85%d9%86-%d9%85%d8%a7%d9%85%d9%8a-%d9%83%d9%88%d9%83%d9%88/,https://staging.lacuisinedebernard.com/%d8%af%d8%ac%d8%a7%d8%ac-%d9%8a%d8%b3%d9%87-%d9%85%d9%86-%d9%85%d8%a7%d9%85%d9%8a-%d9%83%d9%88%d9%83%d9%88
https://lacuisinedebernard.com/tanjia-veal-shanks-with-garlic-cumin-and-candied-lemons,https://staging.lacuisinedebernard.com/tanjia-veal-shanks-with-garlic-cumin-and-candied-lemons
https://lacuisinedebernard.com/tanjia-veal-shanks-with-garlic-cumin-and-candied-lemons/,https://staging.lacuisinedebernard.com/tanjia-veal-shanks-with-garlic-cumin-and-candied-lemons
https://www.lacuisinedebernard.com/tanjia-veal-shanks-with-garlic-cumin-and-candied-lemons,https://staging.lacuisinedebernard.com/tanjia-veal-shanks-with-garlic-cumin-and-candied-lemons
https://www.lacuisinedebernard.com/tanjia-veal-shanks-with-garlic-cumin-and-candied-lemons/,https://staging.lacuisinedebernard.com/tanjia-veal-shanks-with-garlic-cumin-and-candied-lemons
https://lacuisinedebernard.com/pasteles-de-carne-de-mamy-coco,https://staging.lacuisinedebernard.com/pasteles-de-carne-de-mamy-coco
https://lacuisinedebernard.com/pasteles-de-carne-de-mamy-coco/,https://staging.lacuisinedebernard.com/pasteles-de-carne-de-mamy-coco
https://www.lacuisinedebernard.com/pasteles-de-carne-de-mamy-coco,https://staging.lacuisinedebernard.com/pasteles-de-carne-de-mamy-coco
https://www.lacuisinedebernard.com/pasteles-de-carne-de-mamy-coco/,https://staging.lacuisinedebernard.com/pasteles-de-carne-de-mamy-coco
https://lacuisinedebernard.com/carrot-and-sweet-spice-soup,https://staging.lacuisinedebernard.com/carrot-and-sweet-spice-soup
https://lacuisinedebernard.com/carrot-and-sweet-spice-soup/,https://staging.lacuisinedebernard.com/carrot-and-sweet-spice-soup
https://www.lacuisinedebernard.com/carrot-and-sweet-spice-soup,https://staging.lacuisinedebernard.com/carrot-and-sweet-spice-soup
https://www.lacuisinedebernard.com/carrot-and-sweet-spice-soup/,https://staging.lacuisinedebernard.com/carrot-and-sweet-spice-soup
https://lacuisinedebernard.com/essene-bread,https://staging.lacuisinedebernard.com/essene-bread
https://lacuisinedebernard.com/essene-bread/,https://staging.lacuisinedebernard.com/essene-bread
https://www.lacuisinedebernard.com/essene-bread,https://staging.lacuisinedebernard.com/essene-bread
https://www.lacuisinedebernard.com/essene-bread/,https://staging.lacuisinedebernard.com/essene-bread
https://lacuisinedebernard.com/salada-de-couscous-gigante-com-arandos-e-pecans,https://staging.lacuisinedebernard.com/salada-de-couscous-gigante-com-arandos-e-pecans
https://lacuisinedebernard.com/salada-de-couscous-gigante-com-arandos-e-pecans/,https://staging.lacuisinedebernard.com/salada-de-couscous-gigante-com-arandos-e-pecans
https://www.lacuisinedebernard.com/salada-de-couscous-gigante-com-arandos-e-pecans,https://staging.lacuisinedebernard.com/salada-de-couscous-gigante-com-arandos-e-pecans
https://www.lacuisinedebernard.com/salada-de-couscous-gigante-com-arandos-e-pecans/,https://staging.lacuisinedebernard.com/salada-de-couscous-gigante-com-arandos-e-pecans
https://lacuisinedebernard.com/%d8%a7%d9%84%d9%84%d9%81%d8%aa-%d8%a8%d8%a7%d9%84%d8%b3%d9%83%d8%b1,https://staging.lacuisinedebernard.com/%d8%a7%d9%84%d9%84%d9%81%d8%aa-%d8%a8%d8%a7%d9%84%d8%b3%d9%83%d8%b1
https://lacuisinedebernard.com/%d8%a7%d9%84%d9%84%d9%81%d8%aa-%d8%a8%d8%a7%d9%84%d8%b3%d9%83%d8%b1/,https://staging.lacuisinedebernard.com/%d8%a7%d9%84%d9%84%d9%81%d8%aa-%d8%a8%d8%a7%d9%84%d8%b3%d9%83%d8%b1
https://www.lacuisinedebernard.com/%d8%a7%d9%84%d9%84%d9%81%d8%aa-%d8%a8%d8%a7%d9%84%d8%b3%d9%83%d8%b1,https://staging.lacuisinedebernard.com/%d8%a7%d9%84%d9%84%d9%81%d8%aa-%d8%a8%d8%a7%d9%84%d8%b3%d9%83%d8%b1
https://www.lacuisinedebernard.com/%d8%a7%d9%84%d9%84%d9%81%d8%aa-%d8%a8%d8%a7%d9%84%d8%b3%d9%83%d8%b1/,https://staging.lacuisinedebernard.com/%d8%a7%d9%84%d9%84%d9%81%d8%aa-%d8%a8%d8%a7%d9%84%d8%b3%d9%83%d8%b1
https://lacuisinedebernard.com/pasta-bolonesa,https://staging.lacuisinedebernard.com/pasta-bolonesa
https://lacuisinedebernard.com/pasta-bolonesa/,https://staging.lacuisinedebernard.com/pasta-bolonesa
https://www.lacuisinedebernard.com/pasta-bolonesa,https://staging.lacuisinedebernard.com/pasta-bolonesa
https://www.lacuisinedebernard.com/pasta-bolonesa/,https://staging.lacuisinedebernard.com/pasta-bolonesa
https://lacuisinedebernard.com/sopa-de-castanha,https://staging.lacuisinedebernard.com/sopa-de-castanha
https://lacuisinedebernard.com/sopa-de-castanha/,https://staging.lacuisinedebernard.com/sopa-de-castanha
https://www.lacuisinedebernard.com/sopa-de-castanha,https://staging.lacuisinedebernard.com/sopa-de-castanha
https://www.lacuisinedebernard.com/sopa-de-castanha/,https://staging.lacuisinedebernard.com/sopa-de-castanha
https://lacuisinedebernard.com/chestnut-soup,https://staging.lacuisinedebernard.com/chestnut-soup
https://lacuisinedebernard.com/chestnut-soup/,https://staging.lacuisinedebernard.com/chestnut-soup
https://www.lacuisinedebernard.com/chestnut-soup,https://staging.lacuisinedebernard.com/chestnut-soup
https://www.lacuisinedebernard.com/chestnut-soup/,https://staging.lacuisinedebernard.com/chestnut-soup
https://lacuisinedebernard.com/blanquette-de-veau,https://staging.lacuisinedebernard.com/blanquette-de-veau
https://lacuisinedebernard.com/blanquette-de-veau/,https://staging.lacuisinedebernard.com/blanquette-de-veau
https://www.lacuisinedebernard.com/blanquette-de-veau,https://staging.lacuisinedebernard.com/blanquette-de-veau
https://www.lacuisinedebernard.com/blanquette-de-veau/,https://staging.lacuisinedebernard.com/blanquette-de-veau
https://lacuisinedebernard.com/curry-panang-de-cerdo-lichi-y-cacahuete,https://staging.lacuisinedebernard.com/curry-panang-de-cerdo-lichi-y-cacahuete
https://lacuisinedebernard.com/curry-panang-de-cerdo-lichi-y-cacahuete/,https://staging.lacuisinedebernard.com/curry-panang-de-cerdo-lichi-y-cacahuete
https://www.lacuisinedebernard.com/curry-panang-de-cerdo-lichi-y-cacahuete,https://staging.lacuisinedebernard.com/curry-panang-de-cerdo-lichi-y-cacahuete
https://www.lacuisinedebernard.com/curry-panang-de-cerdo-lichi-y-cacahuete/,https://staging.lacuisinedebernard.com/curry-panang-de-cerdo-lichi-y-cacahuete
https://lacuisinedebernard.com/gaspacho-mint-avocado,https://staging.lacuisinedebernard.com/gaspacho-mint-avocado
https://lacuisinedebernard.com/gaspacho-mint-avocado/,https://staging.lacuisinedebernard.com/gaspacho-mint-avocado
https://www.lacuisinedebernard.com/gaspacho-mint-avocado,https://staging.lacuisinedebernard.com/gaspacho-mint-avocado
https://www.lacuisinedebernard.com/gaspacho-mint-avocado/,https://staging.lacuisinedebernard.com/gaspacho-mint-avocado
https://lacuisinedebernard.com/%d8%b3%d9%85%d9%83-%d8%a7%d9%84%d8%b3%d9%84%d9%85%d9%88%d9%86-%d8%aa%d9%8a%d8%b1%d9%8a%d9%86,https://staging.lacuisinedebernard.com/%d8%b3%d9%85%d9%83-%d8%a7%d9%84%d8%b3%d9%84%d9%85%d9%88%d9%86-%d8%aa%d9%8a%d8%b1%d9%8a%d9%86
https://lacuisinedebernard.com/%d8%b3%d9%85%d9%83-%d8%a7%d9%84%d8%b3%d9%84%d9%85%d9%88%d9%86-%d8%aa%d9%8a%d8%b1%d9%8a%d9%86/,https://staging.lacuisinedebernard.com/%d8%b3%d9%85%d9%83-%d8%a7%d9%84%d8%b3%d9%84%d9%85%d9%88%d9%86-%d8%aa%d9%8a%d8%b1%d9%8a%d9%86
https://www.lacuisinedebernard.com/%d8%b3%d9%85%d9%83-%d8%a7%d9%84%d8%b3%d9%84%d9%85%d9%88%d9%86-%d8%aa%d9%8a%d8%b1%d9%8a%d9%86,https://staging.lacuisinedebernard.com/%d8%b3%d9%85%d9%83-%d8%a7%d9%84%d8%b3%d9%84%d9%85%d9%88%d9%86-%d8%aa%d9%8a%d8%b1%d9%8a%d9%86
https://www.lacuisinedebernard.com/%d8%b3%d9%85%d9%83-%d8%a7%d9%84%d8%b3%d9%84%d9%85%d9%88%d9%86-%d8%aa%d9%8a%d8%b1%d9%8a%d9%86/,https://staging.lacuisinedebernard.com/%d8%b3%d9%85%d9%83-%d8%a7%d9%84%d8%b3%d9%84%d9%85%d9%88%d9%86-%d8%aa%d9%8a%d8%b1%d9%8a%d9%86
https://lacuisinedebernard.com/tamagoyaki-omelete-japonesa,https://staging.lacuisinedebernard.com/tamagoyaki-omelete-japonesa
https://lacuisinedebernard.com/tamagoyaki-omelete-japonesa/,https://staging.lacuisinedebernard.com/tamagoyaki-omelete-japonesa
https://www.lacuisinedebernard.com/tamagoyaki-omelete-japonesa,https://staging.lacuisinedebernard.com/tamagoyaki-omelete-japonesa
https://www.lacuisinedebernard.com/tamagoyaki-omelete-japonesa/,https://staging.lacuisinedebernard.com/tamagoyaki-omelete-japonesa
https://lacuisinedebernard.com/baigan-massala,https://staging.lacuisinedebernard.com/baigan-massala
https://lacuisinedebernard.com/baigan-massala/,https://staging.lacuisinedebernard.com/baigan-massala
https://www.lacuisinedebernard.com/baigan-massala,https://staging.lacuisinedebernard.com/baigan-massala
https://www.lacuisinedebernard.com/baigan-massala/,https://staging.lacuisinedebernard.com/baigan-massala
https://lacuisinedebernard.com/bissara,https://staging.lacuisinedebernard.com/bissara
https://lacuisinedebernard.com/bissara/,https://staging.lacuisinedebernard.com/bissara
https://www.lacuisinedebernard.com/bissara,https://staging.lacuisinedebernard.com/bissara
https://www.lacuisinedebernard.com/bissara/,https://staging.lacuisinedebernard.com/bissara
https://lacuisinedebernard.com/%d9%85%d9%83%d8%b1%d9%88%d9%86%d8%a9-%d8%a8%d8%a7%d9%84%d8%ac%d9%88%d8%b2-%d9%88-gorgonzola,https://staging.lacuisinedebernard.com/%d9%85%d9%83%d8%b1%d9%88%d9%86%d8%a9-%d8%a8%d8%a7%d9%84%d8%ac%d9%88%d8%b2-%d9%88-gorgonzola
https://lacuisinedebernard.com/%d9%85%d9%83%d8%b1%d9%88%d9%86%d8%a9-%d8%a8%d8%a7%d9%84%d8%ac%d9%88%d8%b2-%d9%88-gorgonzola/,https://staging.lacuisinedebernard.com/%d9%85%d9%83%d8%b1%d9%88%d9%86%d8%a9-%d8%a8%d8%a7%d9%84%d8%ac%d9%88%d8%b2-%d9%88-gorgonzola
https://www.lacuisinedebernard.com/%d9%85%d9%83%d8%b1%d9%88%d9%86%d8%a9-%d8%a8%d8%a7%d9%84%d8%ac%d9%88%d8%b2-%d9%88-gorgonzola,https://staging.lacuisinedebernard.com/%d9%85%d9%83%d8%b1%d9%88%d9%86%d8%a9-%d8%a8%d8%a7%d9%84%d8%ac%d9%88%d8%b2-%d9%88-gorgonzola
https://www.lacuisinedebernard.com/%d9%85%d9%83%d8%b1%d9%88%d9%86%d8%a9-%d8%a8%d8%a7%d9%84%d8%ac%d9%88%d8%b2-%d9%88-gorgonzola/,https://staging.lacuisinedebernard.com/%d9%85%d9%83%d8%b1%d9%88%d9%86%d8%a9-%d8%a8%d8%a7%d9%84%d8%ac%d9%88%d8%b2-%d9%88-gorgonzola
https://lacuisinedebernard.com/esparguete-squash-assado,https://staging.lacuisinedebernard.com/esparguete-squash-assado
https://lacuisinedebernard.com/esparguete-squash-assado/,https://staging.lacuisinedebernard.com/esparguete-squash-assado
https://www.lacuisinedebernard.com/esparguete-squash-assado,https://staging.lacuisinedebernard.com/esparguete-squash-assado
https://www.lacuisinedebernard.com/esparguete-squash-assado/,https://staging.lacuisinedebernard.com/esparguete-squash-assado
https://lacuisinedebernard.com/%d8%ac%d8%a7%d8%b2%d8%a8%d8%a7%d8%aa%d8%b4%d9%88-%d9%85%d9%86%d8%aa-%d8%a3%d9%81%d9%88%d9%83%d8%a7%d8%af%d9%88,https://staging.lacuisinedebernard.com/%d8%ac%d8%a7%d8%b2%d8%a8%d8%a7%d8%aa%d8%b4%d9%88-%d9%85%d9%86%d8%aa-%d8%a3%d9%81%d9%88%d9%83%d8%a7%d8%af%d9%88
https://lacuisinedebernard.com/%d8%ac%d8%a7%d8%b2%d8%a8%d8%a7%d8%aa%d8%b4%d9%88-%d9%85%d9%86%d8%aa-%d8%a3%d9%81%d9%88%d9%83%d8%a7%d8%af%d9%88/,https://staging.lacuisinedebernard.com/%d8%ac%d8%a7%d8%b2%d8%a8%d8%a7%d8%aa%d8%b4%d9%88-%d9%85%d9%86%d8%aa-%d8%a3%d9%81%d9%88%d9%83%d8%a7%d8%af%d9%88
https://www.lacuisinedebernard.com/%d8%ac%d8%a7%d8%b2%d8%a8%d8%a7%d8%aa%d8%b4%d9%88-%d9%85%d9%86%d8%aa-%d8%a3%d9%81%d9%88%d9%83%d8%a7%d8%af%d9%88,https://staging.lacuisinedebernard.com/%d8%ac%d8%a7%d8%b2%d8%a8%d8%a7%d8%aa%d8%b4%d9%88-%d9%85%d9%86%d8%aa-%d8%a3%d9%81%d9%88%d9%83%d8%a7%d8%af%d9%88
https://www.lacuisinedebernard.com/%d8%ac%d8%a7%d8%b2%d8%a8%d8%a7%d8%aa%d8%b4%d9%88-%d9%85%d9%86%d8%aa-%d8%a3%d9%81%d9%88%d9%83%d8%a7%d8%af%d9%88/,https://staging.lacuisinedebernard.com/%d8%ac%d8%a7%d8%b2%d8%a8%d8%a7%d8%aa%d8%b4%d9%88-%d9%85%d9%86%d8%aa-%d8%a3%d9%81%d9%88%d9%83%d8%a7%d8%af%d9%88
https://lacuisinedebernard.com/caril-de-porco-lychee-e-amendoim-panang,https://staging.lacuisinedebernard.com/caril-de-porco-lychee-e-amendoim-panang
https://lacuisinedebernard.com/caril-de-porco-lychee-e-amendoim-panang/,https://staging.lacuisinedebernard.com/caril-de-porco-lychee-e-amendoim-panang
https://www.lacuisinedebernard.com/caril-de-porco-lychee-e-amendoim-panang,https://staging.lacuisinedebernard.com/caril-de-porco-lychee-e-amendoim-panang
https://www.lacuisinedebernard.com/caril-de-porco-lychee-e-amendoim-panang/,https://staging.lacuisinedebernard.com/caril-de-porco-lychee-e-amendoim-panang
https://lacuisinedebernard.com/tamagoyaki-japanese-omelette,https://staging.lacuisinedebernard.com/tamagoyaki-japanese-omelette
https://lacuisinedebernard.com/tamagoyaki-japanese-omelette/,https://staging.lacuisinedebernard.com/tamagoyaki-japanese-omelette
https://www.lacuisinedebernard.com/tamagoyaki-japanese-omelette,https://staging.lacuisinedebernard.com/tamagoyaki-japanese-omelette
https://www.lacuisinedebernard.com/tamagoyaki-japanese-omelette/,https://staging.lacuisinedebernard.com/tamagoyaki-japanese-omelette
https://lacuisinedebernard.com/pizza-blanche-version-con-masa-en-poolish,https://staging.lacuisinedebernard.com/pizza-blanche-version-con-masa-en-poolish
https://lacuisinedebernard.com/pizza-blanche-version-con-masa-en-poolish/,https://staging.lacuisinedebernard.com/pizza-blanche-version-con-masa-en-poolish
https://www.lacuisinedebernard.com/pizza-blanche-version-con-masa-en-poolish,https://staging.lacuisinedebernard.com/pizza-blanche-version-con-masa-en-poolish
https://www.lacuisinedebernard.com/pizza-blanche-version-con-masa-en-poolish/,https://staging.lacuisinedebernard.com/pizza-blanche-version-con-masa-en-poolish
https://lacuisinedebernard.com/sueno-moruno-datil-salado-y-limon-confitado,https://staging.lacuisinedebernard.com/sueno-moruno-datil-salado-y-limon-confitado
https://lacuisinedebernard.com/sueno-moruno-datil-salado-y-limon-confitado/,https://staging.lacuisinedebernard.com/sueno-moruno-datil-salado-y-limon-confitado
https://www.lacuisinedebernard.com/sueno-moruno-datil-salado-y-limon-confitado,https://staging.lacuisinedebernard.com/sueno-moruno-datil-salado-y-limon-confitado
https://www.lacuisinedebernard.com/sueno-moruno-datil-salado-y-limon-confitado/,https://staging.lacuisinedebernard.com/sueno-moruno-datil-salado-y-limon-confitado
https://lacuisinedebernard.com/pollo-al-limon-confitado,https://staging.lacuisinedebernard.com/pollo-al-limon-confitado
https://lacuisinedebernard.com/pollo-al-limon-confitado/,https://staging.lacuisinedebernard.com/pollo-al-limon-confitado
https://www.lacuisinedebernard.com/pollo-al-limon-confitado,https://staging.lacuisinedebernard.com/pollo-al-limon-confitado
https://www.lacuisinedebernard.com/pollo-al-limon-confitado/,https://staging.lacuisinedebernard.com/pollo-al-limon-confitado
https://lacuisinedebernard.com/pork-lychee-and-peanut-panang-curry,https://staging.lacuisinedebernard.com/pork-lychee-and-peanut-panang-curry
https://lacuisinedebernard.com/pork-lychee-and-peanut-panang-curry/,https://staging.lacuisinedebernard.com/pork-lychee-and-peanut-panang-curry
https://www.lacuisinedebernard.com/pork-lychee-and-peanut-panang-curry,https://staging.lacuisinedebernard.com/pork-lychee-and-peanut-panang-curry
https://www.lacuisinedebernard.com/pork-lychee-and-peanut-panang-curry/,https://staging.lacuisinedebernard.com/pork-lychee-and-peanut-panang-curry
https://lacuisinedebernard.com/pizza-blanche-massa-na-versao-poolish,https://staging.lacuisinedebernard.com/pizza-blanche-massa-na-versao-poolish
https://lacuisinedebernard.com/pizza-blanche-massa-na-versao-poolish/,https://staging.lacuisinedebernard.com/pizza-blanche-massa-na-versao-poolish
https://www.lacuisinedebernard.com/pizza-blanche-massa-na-versao-poolish,https://staging.lacuisinedebernard.com/pizza-blanche-massa-na-versao-poolish
https://www.lacuisinedebernard.com/pizza-blanche-massa-na-versao-poolish/,https://staging.lacuisinedebernard.com/pizza-blanche-massa-na-versao-poolish
https://lacuisinedebernard.com/%d8%aa%d8%a7%d9%85%d8%a7%d8%ba%d9%88%d9%8a%d8%a7%d9%83%d9%8a-%d8%b9%d8%ac%d8%a9-%d9%8a%d8%a7%d8%a8%d8%a7%d9%86%d9%8a%d8%a9,https://staging.lacuisinedebernard.com/%d8%aa%d8%a7%d9%85%d8%a7%d8%ba%d9%88%d9%8a%d8%a7%d9%83%d9%8a-%d8%b9%d8%ac%d8%a9-%d9%8a%d8%a7%d8%a8%d8%a7%d9%86%d9%8a%d8%a9
https://lacuisinedebernard.com/%d8%aa%d8%a7%d9%85%d8%a7%d8%ba%d9%88%d9%8a%d8%a7%d9%83%d9%8a-%d8%b9%d8%ac%d8%a9-%d9%8a%d8%a7%d8%a8%d8%a7%d9%86%d9%8a%d8%a9/,https://staging.lacuisinedebernard.com/%d8%aa%d8%a7%d9%85%d8%a7%d8%ba%d9%88%d9%8a%d8%a7%d9%83%d9%8a-%d8%b9%d8%ac%d8%a9-%d9%8a%d8%a7%d8%a8%d8%a7%d9%86%d9%8a%d8%a9
https://www.lacuisinedebernard.com/%d8%aa%d8%a7%d9%85%d8%a7%d8%ba%d9%88%d9%8a%d8%a7%d9%83%d9%8a-%d8%b9%d8%ac%d8%a9-%d9%8a%d8%a7%d8%a8%d8%a7%d9%86%d9%8a%d8%a9,https://staging.lacuisinedebernard.com/%d8%aa%d8%a7%d9%85%d8%a7%d8%ba%d9%88%d9%8a%d8%a7%d9%83%d9%8a-%d8%b9%d8%ac%d8%a9-%d9%8a%d8%a7%d8%a8%d8%a7%d9%86%d9%8a%d8%a9
https://www.lacuisinedebernard.com/%d8%aa%d8%a7%d9%85%d8%a7%d8%ba%d9%88%d9%8a%d8%a7%d9%83%d9%8a-%d8%b9%d8%ac%d8%a9-%d9%8a%d8%a7%d8%a8%d8%a7%d9%86%d9%8a%d8%a9/,https://staging.lacuisinedebernard.com/%d8%aa%d8%a7%d9%85%d8%a7%d8%ba%d9%88%d9%8a%d8%a7%d9%83%d9%8a-%d8%b9%d8%ac%d8%a9-%d9%8a%d8%a7%d8%a8%d8%a7%d9%86%d9%8a%d8%a9
https://lacuisinedebernard.com/terrina-de-salmon,https://staging.lacuisinedebernard.com/terrina-de-salmon
https://lacuisinedebernard.com/terrina-de-salmon/,https://staging.lacuisinedebernard.com/terrina-de-salmon
https://www.lacuisinedebernard.com/terrina-de-salmon,https://staging.lacuisinedebernard.com/terrina-de-salmon
https://www.lacuisinedebernard.com/terrina-de-salmon/,https://staging.lacuisinedebernard.com/terrina-de-salmon
https://lacuisinedebernard.com/sonho-mouro-data-salgada-e-confit-de-limao,https://staging.lacuisinedebernard.com/sonho-mouro-data-salgada-e-confit-de-limao
https://lacuisinedebernard.com/sonho-mouro-data-salgada-e-confit-de-limao/,https://staging.lacuisinedebernard.com/sonho-mouro-data-salgada-e-confit-de-limao
https://www.lacuisinedebernard.com/sonho-mouro-data-salgada-e-confit-de-limao,https://staging.lacuisinedebernard.com/sonho-mouro-data-salgada-e-confit-de-limao
https://www.lacuisinedebernard.com/sonho-mouro-data-salgada-e-confit-de-limao/,https://staging.lacuisinedebernard.com/sonho-mouro-data-salgada-e-confit-de-limao
https://lacuisinedebernard.com/frango-com-lemon-confit,https://staging.lacuisinedebernard.com/frango-com-lemon-confit
https://lacuisinedebernard.com/frango-com-lemon-confit/,https://staging.lacuisinedebernard.com/frango-com-lemon-confit
https://www.lacuisinedebernard.com/frango-com-lemon-confit,https://staging.lacuisinedebernard.com/frango-com-lemon-confit
https://www.lacuisinedebernard.com/frango-com-lemon-confit/,https://staging.lacuisinedebernard.com/frango-com-lemon-confit
https://lacuisinedebernard.com/pasta-con-nueces-y-gorgonzola,https://staging.lacuisinedebernard.com/pasta-con-nueces-y-gorgonzola
https://lacuisinedebernard.com/pasta-con-nueces-y-gorgonzola/,https://staging.lacuisinedebernard.com/pasta-con-nueces-y-gorgonzola
https://www.lacuisinedebernard.com/pasta-con-nueces-y-gorgonzola,https://staging.lacuisinedebernard.com/pasta-con-nueces-y-gorgonzola
https://www.lacuisinedebernard.com/pasta-con-nueces-y-gorgonzola/,https://staging.lacuisinedebernard.com/pasta-con-nueces-y-gorgonzola
https://lacuisinedebernard.com/white-pizza-dough-on-poolish-version,https://staging.lacuisinedebernard.com/white-pizza-dough-on-poolish-version
https://lacuisinedebernard.com/white-pizza-dough-on-poolish-version/,https://staging.lacuisinedebernard.com/white-pizza-dough-on-poolish-version
https://www.lacuisinedebernard.com/white-pizza-dough-on-poolish-version,https://staging.lacuisinedebernard.com/white-pizza-dough-on-poolish-version
https://www.lacuisinedebernard.com/white-pizza-dough-on-poolish-version/,https://staging.lacuisinedebernard.com/white-pizza-dough-on-poolish-version
https://lacuisinedebernard.com/%d9%84%d8%ad%d9%85-%d8%a7%d9%84%d8%b9%d8%ac%d9%84-%d8%a7%d9%84%d8%ad%d8%b3%d8%a7%d8%a1,https://staging.lacuisinedebernard.com/%d9%84%d8%ad%d9%85-%d8%a7%d9%84%d8%b9%d8%ac%d9%84-%d8%a7%d9%84%d8%ad%d8%b3%d8%a7%d8%a1
https://lacuisinedebernard.com/%d9%84%d8%ad%d9%85-%d8%a7%d9%84%d8%b9%d8%ac%d9%84-%d8%a7%d9%84%d8%ad%d8%b3%d8%a7%d8%a1/,https://staging.lacuisinedebernard.com/%d9%84%d8%ad%d9%85-%d8%a7%d9%84%d8%b9%d8%ac%d9%84-%d8%a7%d9%84%d8%ad%d8%b3%d8%a7%d8%a1
https://www.lacuisinedebernard.com/%d9%84%d8%ad%d9%85-%d8%a7%d9%84%d8%b9%d8%ac%d9%84-%d8%a7%d9%84%d8%ad%d8%b3%d8%a7%d8%a1,https://staging.lacuisinedebernard.com/%d9%84%d8%ad%d9%85-%d8%a7%d9%84%d8%b9%d8%ac%d9%84-%d8%a7%d9%84%d8%ad%d8%b3%d8%a7%d8%a1
https://www.lacuisinedebernard.com/%d9%84%d8%ad%d9%85-%d8%a7%d9%84%d8%b9%d8%ac%d9%84-%d8%a7%d9%84%d8%ad%d8%b3%d8%a7%d8%a1/,https://staging.lacuisinedebernard.com/%d9%84%d8%ad%d9%85-%d8%a7%d9%84%d8%b9%d8%ac%d9%84-%d8%a7%d9%84%d8%ad%d8%b3%d8%a7%d8%a1
https://lacuisinedebernard.com/%d8%a8%d9%8a%d8%ba%d8%a7%d9%86-%d9%85%d8%a7%d8%b3%d8%a7%d9%84%d8%a7,https://staging.lacuisinedebernard.com/%d8%a8%d9%8a%d8%ba%d8%a7%d9%86-%d9%85%d8%a7%d8%b3%d8%a7%d9%84%d8%a7
https://lacuisinedebernard.com/%d8%a8%d9%8a%d8%ba%d8%a7%d9%86-%d9%85%d8%a7%d8%b3%d8%a7%d9%84%d8%a7/,https://staging.lacuisinedebernard.com/%d8%a8%d9%8a%d8%ba%d8%a7%d9%86-%d9%85%d8%a7%d8%b3%d8%a7%d9%84%d8%a7
https://www.lacuisinedebernard.com/%d8%a8%d9%8a%d8%ba%d8%a7%d9%86-%d9%85%d8%a7%d8%b3%d8%a7%d9%84%d8%a7,https://staging.lacuisinedebernard.com/%d8%a8%d9%8a%d8%ba%d8%a7%d9%86-%d9%85%d8%a7%d8%b3%d8%a7%d9%84%d8%a7
https://www.lacuisinedebernard.com/%d8%a8%d9%8a%d8%ba%d8%a7%d9%86-%d9%85%d8%a7%d8%b3%d8%a7%d9%84%d8%a7/,https://staging.lacuisinedebernard.com/%d8%a8%d9%8a%d8%ba%d8%a7%d9%86-%d9%85%d8%a7%d8%b3%d8%a7%d9%84%d8%a7
https://lacuisinedebernard.com/%d9%83%d8%a7%d8%b1%d9%8a-%d8%a8%d8%a7%d9%86%d8%a7%d9%86%d8%ac-%d9%85%d8%b9-%d9%84%d8%ad%d9%85-%d8%a7%d9%84%d8%ae%d9%86%d8%b2%d9%8a%d8%b1-%d9%88%d8%a7%d9%84%d9%84%d9%8a%d8%aa%d8%b4%d9%8a-%d9%88%d8%a7,https://staging.lacuisinedebernard.com/%d9%83%d8%a7%d8%b1%d9%8a-%d8%a8%d8%a7%d9%86%d8%a7%d9%86%d8%ac-%d9%85%d8%b9-%d9%84%d8%ad%d9%85-%d8%a7%d9%84%d8%ae%d9%86%d8%b2%d9%8a%d8%b1-%d9%88%d8%a7%d9%84%d9%84%d9%8a%d8%aa%d8%b4%d9%8a-%d9%88%d8%a7
https://lacuisinedebernard.com/%d9%83%d8%a7%d8%b1%d9%8a-%d8%a8%d8%a7%d9%86%d8%a7%d9%86%d8%ac-%d9%85%d8%b9-%d9%84%d8%ad%d9%85-%d8%a7%d9%84%d8%ae%d9%86%d8%b2%d9%8a%d8%b1-%d9%88%d8%a7%d9%84%d9%84%d9%8a%d8%aa%d8%b4%d9%8a-%d9%88%d8%a7/,https://staging.lacuisinedebernard.com/%d9%83%d8%a7%d8%b1%d9%8a-%d8%a8%d8%a7%d9%86%d8%a7%d9%86%d8%ac-%d9%85%d8%b9-%d9%84%d8%ad%d9%85-%d8%a7%d9%84%d8%ae%d9%86%d8%b2%d9%8a%d8%b1-%d9%88%d8%a7%d9%84%d9%84%d9%8a%d8%aa%d8%b4%d9%8a-%d9%88%d8%a7
https://www.lacuisinedebernard.com/%d9%83%d8%a7%d8%b1%d9%8a-%d8%a8%d8%a7%d9%86%d8%a7%d9%86%d8%ac-%d9%85%d8%b9-%d9%84%d8%ad%d9%85-%d8%a7%d9%84%d8%ae%d9%86%d8%b2%d9%8a%d8%b1-%d9%88%d8%a7%d9%84%d9%84%d9%8a%d8%aa%d8%b4%d9%8a-%d9%88%d8%a7,https://staging.lacuisinedebernard.com/%d9%83%d8%a7%d8%b1%d9%8a-%d8%a8%d8%a7%d9%86%d8%a7%d9%86%d8%ac-%d9%85%d8%b9-%d9%84%d8%ad%d9%85-%d8%a7%d9%84%d8%ae%d9%86%d8%b2%d9%8a%d8%b1-%d9%88%d8%a7%d9%84%d9%84%d9%8a%d8%aa%d8%b4%d9%8a-%d9%88%d8%a7
https://www.lacuisinedebernard.com/%d9%83%d8%a7%d8%b1%d9%8a-%d8%a8%d8%a7%d9%86%d8%a7%d9%86%d8%ac-%d9%85%d8%b9-%d9%84%d8%ad%d9%85-%d8%a7%d9%84%d8%ae%d9%86%d8%b2%d9%8a%d8%b1-%d9%88%d8%a7%d9%84%d9%84%d9%8a%d8%aa%d8%b4%d9%8a-%d9%88%d8%a7/,https://staging.lacuisinedebernard.com/%d9%83%d8%a7%d8%b1%d9%8a-%d8%a8%d8%a7%d9%86%d8%a7%d9%86%d8%ac-%d9%85%d8%b9-%d9%84%d8%ad%d9%85-%d8%a7%d9%84%d8%ae%d9%86%d8%b2%d9%8a%d8%b1-%d9%88%d8%a7%d9%84%d9%84%d9%8a%d8%aa%d8%b4%d9%8a-%d9%88%d8%a7
https://lacuisinedebernard.com/gaspacho-menta-aguacate,https://staging.lacuisinedebernard.com/gaspacho-menta-aguacate
https://lacuisinedebernard.com/gaspacho-menta-aguacate/,https://staging.lacuisinedebernard.com/gaspacho-menta-aguacate
https://www.lacuisinedebernard.com/gaspacho-menta-aguacate,https://staging.lacuisinedebernard.com/gaspacho-menta-aguacate
https://www.lacuisinedebernard.com/gaspacho-menta-aguacate/,https://staging.lacuisinedebernard.com/gaspacho-menta-aguacate
https://lacuisinedebernard.com/moorish-dream-salt-confit-of-dates-and-lemons,https://staging.lacuisinedebernard.com/moorish-dream-salt-confit-of-dates-and-lemons
https://lacuisinedebernard.com/moorish-dream-salt-confit-of-dates-and-lemons/,https://staging.lacuisinedebernard.com/moorish-dream-salt-confit-of-dates-and-lemons
https://www.lacuisinedebernard.com/moorish-dream-salt-confit-of-dates-and-lemons,https://staging.lacuisinedebernard.com/moorish-dream-salt-confit-of-dates-and-lemons
https://www.lacuisinedebernard.com/moorish-dream-salt-confit-of-dates-and-lemons/,https://staging.lacuisinedebernard.com/moorish-dream-salt-confit-of-dates-and-lemons
https://lacuisinedebernard.com/terrina-de-salmao,https://staging.lacuisinedebernard.com/terrina-de-salmao
https://lacuisinedebernard.com/terrina-de-salmao/,https://staging.lacuisinedebernard.com/terrina-de-salmao
https://www.lacuisinedebernard.com/terrina-de-salmao,https://staging.lacuisinedebernard.com/terrina-de-salmao
https://www.lacuisinedebernard.com/terrina-de-salmao/,https://staging.lacuisinedebernard.com/terrina-de-salmao
https://lacuisinedebernard.com/chicken-with-lemon-confit,https://staging.lacuisinedebernard.com/chicken-with-lemon-confit
https://lacuisinedebernard.com/chicken-with-lemon-confit/,https://staging.lacuisinedebernard.com/chicken-with-lemon-confit
https://www.lacuisinedebernard.com/chicken-with-lemon-confit,https://staging.lacuisinedebernard.com/chicken-with-lemon-confit
https://www.lacuisinedebernard.com/chicken-with-lemon-confit/,https://staging.lacuisinedebernard.com/chicken-with-lemon-confit
https://lacuisinedebernard.com/massa-com-nozes-e-gorgonzola,https://staging.lacuisinedebernard.com/massa-com-nozes-e-gorgonzola
https://lacuisinedebernard.com/massa-com-nozes-e-gorgonzola/,https://staging.lacuisinedebernard.com/massa-com-nozes-e-gorgonzola
https://www.lacuisinedebernard.com/massa-com-nozes-e-gorgonzola,https://staging.lacuisinedebernard.com/massa-com-nozes-e-gorgonzola
https://www.lacuisinedebernard.com/massa-com-nozes-e-gorgonzola/,https://staging.lacuisinedebernard.com/massa-com-nozes-e-gorgonzola
https://lacuisinedebernard.com/sopa-de-castanas,https://staging.lacuisinedebernard.com/sopa-de-castanas
https://lacuisinedebernard.com/sopa-de-castanas/,https://staging.lacuisinedebernard.com/sopa-de-castanas
https://www.lacuisinedebernard.com/sopa-de-castanas,https://staging.lacuisinedebernard.com/sopa-de-castanas
https://www.lacuisinedebernard.com/sopa-de-castanas/,https://staging.lacuisinedebernard.com/sopa-de-castanas
https://lacuisinedebernard.com/%d8%a8%d9%8a%d8%aa%d8%b2%d8%a7-%d8%a8%d9%8a%d8%b6%d8%a7%d8%a1-%d9%86%d8%b3%d8%ae%d8%a9-%d8%a7%d9%84%d8%b9%d8%ac%d9%8a%d9%86-%d8%b9%d9%84%d9%89-%d8%ad%d9%85%d8%a7%d9%85-%d8%a7%d9%84%d8%b3%d8%a8%d8%a7,https://staging.lacuisinedebernard.com/%d8%a8%d9%8a%d8%aa%d8%b2%d8%a7-%d8%a8%d9%8a%d8%b6%d8%a7%d8%a1-%d9%86%d8%b3%d8%ae%d8%a9-%d8%a7%d9%84%d8%b9%d8%ac%d9%8a%d9%86-%d8%b9%d9%84%d9%89-%d8%ad%d9%85%d8%a7%d9%85-%d8%a7%d9%84%d8%b3%d8%a8%d8%a7
https://lacuisinedebernard.com/%d8%a8%d9%8a%d8%aa%d8%b2%d8%a7-%d8%a8%d9%8a%d8%b6%d8%a7%d8%a1-%d9%86%d8%b3%d8%ae%d8%a9-%d8%a7%d9%84%d8%b9%d8%ac%d9%8a%d9%86-%d8%b9%d9%84%d9%89-%d8%ad%d9%85%d8%a7%d9%85-%d8%a7%d9%84%d8%b3%d8%a8%d8%a7/,https://staging.lacuisinedebernard.com/%d8%a8%d9%8a%d8%aa%d8%b2%d8%a7-%d8%a8%d9%8a%d8%b6%d8%a7%d8%a1-%d9%86%d8%b3%d8%ae%d8%a9-%d8%a7%d9%84%d8%b9%d8%ac%d9%8a%d9%86-%d8%b9%d9%84%d9%89-%d8%ad%d9%85%d8%a7%d9%85-%d8%a7%d9%84%d8%b3%d8%a8%d8%a7
https://www.lacuisinedebernard.com/%d8%a8%d9%8a%d8%aa%d8%b2%d8%a7-%d8%a8%d9%8a%d8%b6%d8%a7%d8%a1-%d9%86%d8%b3%d8%ae%d8%a9-%d8%a7%d9%84%d8%b9%d8%ac%d9%8a%d9%86-%d8%b9%d9%84%d9%89-%d8%ad%d9%85%d8%a7%d9%85-%d8%a7%d9%84%d8%b3%d8%a8%d8%a7,https://staging.lacuisinedebernard.com/%d8%a8%d9%8a%d8%aa%d8%b2%d8%a7-%d8%a8%d9%8a%d8%b6%d8%a7%d8%a1-%d9%86%d8%b3%d8%ae%d8%a9-%d8%a7%d9%84%d8%b9%d8%ac%d9%8a%d9%86-%d8%b9%d9%84%d9%89-%d8%ad%d9%85%d8%a7%d9%85-%d8%a7%d9%84%d8%b3%d8%a8%d8%a7
https://www.lacuisinedebernard.com/%d8%a8%d9%8a%d8%aa%d8%b2%d8%a7-%d8%a8%d9%8a%d8%b6%d8%a7%d8%a1-%d9%86%d8%b3%d8%ae%d8%a9-%d8%a7%d9%84%d8%b9%d8%ac%d9%8a%d9%86-%d8%b9%d9%84%d9%89-%d8%ad%d9%85%d8%a7%d9%85-%d8%a7%d9%84%d8%b3%d8%a8%d8%a7/,https://staging.lacuisinedebernard.com/%d8%a8%d9%8a%d8%aa%d8%b2%d8%a7-%d8%a8%d9%8a%d8%b6%d8%a7%d8%a1-%d9%86%d8%b3%d8%ae%d8%a9-%d8%a7%d9%84%d8%b9%d8%ac%d9%8a%d9%86-%d8%b9%d9%84%d9%89-%d8%ad%d9%85%d8%a7%d9%85-%d8%a7%d9%84%d8%b3%d8%a8%d8%a7
https://lacuisinedebernard.com/abacate-com-gaspacho-de-hortela,https://staging.lacuisinedebernard.com/abacate-com-gaspacho-de-hortela
https://lacuisinedebernard.com/abacate-com-gaspacho-de-hortela/,https://staging.lacuisinedebernard.com/abacate-com-gaspacho-de-hortela
https://www.lacuisinedebernard.com/abacate-com-gaspacho-de-hortela,https://staging.lacuisinedebernard.com/abacate-com-gaspacho-de-hortela
https://www.lacuisinedebernard.com/abacate-com-gaspacho-de-hortela/,https://staging.lacuisinedebernard.com/abacate-com-gaspacho-de-hortela
https://lacuisinedebernard.com/songe-mauresque-%d9%83%d9%88%d9%86%d9%81%d9%8a%d8%aa-%d8%a7%d9%84%d8%aa%d9%85%d8%b1-%d9%88%d8%a7%d9%84%d9%84%d9%8a%d9%85%d9%88%d9%86-%d8%a7%d9%84%d9%85%d9%85%d9%84%d8%ad,https://staging.lacuisinedebernard.com/songe-mauresque-%d9%83%d9%88%d9%86%d9%81%d9%8a%d8%aa-%d8%a7%d9%84%d8%aa%d9%85%d8%b1-%d9%88%d8%a7%d9%84%d9%84%d9%8a%d9%85%d9%88%d9%86-%d8%a7%d9%84%d9%85%d9%85%d9%84%d8%ad
https://lacuisinedebernard.com/songe-mauresque-%d9%83%d9%88%d9%86%d9%81%d9%8a%d8%aa-%d8%a7%d9%84%d8%aa%d9%85%d8%b1-%d9%88%d8%a7%d9%84%d9%84%d9%8a%d9%85%d9%88%d9%86-%d8%a7%d9%84%d9%85%d9%85%d9%84%d8%ad/,https://staging.lacuisinedebernard.com/songe-mauresque-%d9%83%d9%88%d9%86%d9%81%d9%8a%d8%aa-%d8%a7%d9%84%d8%aa%d9%85%d8%b1-%d9%88%d8%a7%d9%84%d9%84%d9%8a%d9%85%d9%88%d9%86-%d8%a7%d9%84%d9%85%d9%85%d9%84%d8%ad
https://www.lacuisinedebernard.com/songe-mauresque-%d9%83%d9%88%d9%86%d9%81%d9%8a%d8%aa-%d8%a7%d9%84%d8%aa%d9%85%d8%b1-%d9%88%d8%a7%d9%84%d9%84%d9%8a%d9%85%d9%88%d9%86-%d8%a7%d9%84%d9%85%d9%85%d9%84%d8%ad,https://staging.lacuisinedebernard.com/songe-mauresque-%d9%83%d9%88%d9%86%d9%81%d9%8a%d8%aa-%d8%a7%d9%84%d8%aa%d9%85%d8%b1-%d9%88%d8%a7%d9%84%d9%84%d9%8a%d9%85%d9%88%d9%86-%d8%a7%d9%84%d9%85%d9%85%d9%84%d8%ad
https://www.lacuisinedebernard.com/songe-mauresque-%d9%83%d9%88%d9%86%d9%81%d9%8a%d8%aa-%d8%a7%d9%84%d8%aa%d9%85%d8%b1-%d9%88%d8%a7%d9%84%d9%84%d9%8a%d9%85%d9%88%d9%86-%d8%a7%d9%84%d9%85%d9%85%d9%84%d8%ad/,https://staging.lacuisinedebernard.com/songe-mauresque-%d9%83%d9%88%d9%86%d9%81%d9%8a%d8%aa-%d8%a7%d9%84%d8%aa%d9%85%d8%b1-%d9%88%d8%a7%d9%84%d9%84%d9%8a%d9%85%d9%88%d9%86-%d8%a7%d9%84%d9%85%d9%85%d9%84%d8%ad
https://lacuisinedebernard.com/salmon-terrine,https://staging.lacuisinedebernard.com/salmon-terrine
https://lacuisinedebernard.com/salmon-terrine/,https://staging.lacuisinedebernard.com/salmon-terrine
https://www.lacuisinedebernard.com/salmon-terrine,https://staging.lacuisinedebernard.com/salmon-terrine
https://www.lacuisinedebernard.com/salmon-terrine/,https://staging.lacuisinedebernard.com/salmon-terrine
https://lacuisinedebernard.com/tamagoyaki-tortilla-japonesa,https://staging.lacuisinedebernard.com/tamagoyaki-tortilla-japonesa
https://lacuisinedebernard.com/tamagoyaki-tortilla-japonesa/,https://staging.lacuisinedebernard.com/tamagoyaki-tortilla-japonesa
https://www.lacuisinedebernard.com/tamagoyaki-tortilla-japonesa,https://staging.lacuisinedebernard.com/tamagoyaki-tortilla-japonesa
https://www.lacuisinedebernard.com/tamagoyaki-tortilla-japonesa/,https://staging.lacuisinedebernard.com/tamagoyaki-tortilla-japonesa
https://lacuisinedebernard.com/espaguetis-asados,https://staging.lacuisinedebernard.com/espaguetis-asados
https://lacuisinedebernard.com/espaguetis-asados/,https://staging.lacuisinedebernard.com/espaguetis-asados
https://www.lacuisinedebernard.com/espaguetis-asados,https://staging.lacuisinedebernard.com/espaguetis-asados
https://www.lacuisinedebernard.com/espaguetis-asados/,https://staging.lacuisinedebernard.com/espaguetis-asados
https://lacuisinedebernard.com/%d9%83%d9%88%d9%86%d9%81%d9%8a%d8%aa-%d8%af%d8%ac%d8%a7%d8%ac-%d8%a8%d8%a7%d9%84%d9%84%d9%8a%d9%85%d9%88%d9%86,https://staging.lacuisinedebernard.com/%d9%83%d9%88%d9%86%d9%81%d9%8a%d8%aa-%d8%af%d8%ac%d8%a7%d8%ac-%d8%a8%d8%a7%d9%84%d9%84%d9%8a%d9%85%d9%88%d9%86
https://lacuisinedebernard.com/%d9%83%d9%88%d9%86%d9%81%d9%8a%d8%aa-%d8%af%d8%ac%d8%a7%d8%ac-%d8%a8%d8%a7%d9%84%d9%84%d9%8a%d9%85%d9%88%d9%86/,https://staging.lacuisinedebernard.com/%d9%83%d9%88%d9%86%d9%81%d9%8a%d8%aa-%d8%af%d8%ac%d8%a7%d8%ac-%d8%a8%d8%a7%d9%84%d9%84%d9%8a%d9%85%d9%88%d9%86
https://www.lacuisinedebernard.com/%d9%83%d9%88%d9%86%d9%81%d9%8a%d8%aa-%d8%af%d8%ac%d8%a7%d8%ac-%d8%a8%d8%a7%d9%84%d9%84%d9%8a%d9%85%d9%88%d9%86,https://staging.lacuisinedebernard.com/%d9%83%d9%88%d9%86%d9%81%d9%8a%d8%aa-%d8%af%d8%ac%d8%a7%d8%ac-%d8%a8%d8%a7%d9%84%d9%84%d9%8a%d9%85%d9%88%d9%86
https://www.lacuisinedebernard.com/%d9%83%d9%88%d9%86%d9%81%d9%8a%d8%aa-%d8%af%d8%ac%d8%a7%d8%ac-%d8%a8%d8%a7%d9%84%d9%84%d9%8a%d9%85%d9%88%d9%86/,https://staging.lacuisinedebernard.com/%d9%83%d9%88%d9%86%d9%81%d9%8a%d8%aa-%d8%af%d8%ac%d8%a7%d8%ac-%d8%a8%d8%a7%d9%84%d9%84%d9%8a%d9%85%d9%88%d9%86
https://lacuisinedebernard.com/pasta-with-walnuts-and-gorgonzola,https://staging.lacuisinedebernard.com/pasta-with-walnuts-and-gorgonzola
https://lacuisinedebernard.com/pasta-with-walnuts-and-gorgonzola/,https://staging.lacuisinedebernard.com/pasta-with-walnuts-and-gorgonzola
https://www.lacuisinedebernard.com/pasta-with-walnuts-and-gorgonzola,https://staging.lacuisinedebernard.com/pasta-with-walnuts-and-gorgonzola
https://www.lacuisinedebernard.com/pasta-with-walnuts-and-gorgonzola/,https://staging.lacuisinedebernard.com/pasta-with-walnuts-and-gorgonzola
https://lacuisinedebernard.com/%d8%a8%d9%8a%d8%b3%d8%a7%d8%b1%d8%a7,https://staging.lacuisinedebernard.com/%d8%a8%d9%8a%d8%b3%d8%a7%d8%b1%d8%a7
https://lacuisinedebernard.com/%d8%a8%d9%8a%d8%b3%d8%a7%d8%b1%d8%a7/,https://staging.lacuisinedebernard.com/%d8%a8%d9%8a%d8%b3%d8%a7%d8%b1%d8%a7
https://www.lacuisinedebernard.com/%d8%a8%d9%8a%d8%b3%d8%a7%d8%b1%d8%a7,https://staging.lacuisinedebernard.com/%d8%a8%d9%8a%d8%b3%d8%a7%d8%b1%d8%a7
https://www.lacuisinedebernard.com/%d8%a8%d9%8a%d8%b3%d8%a7%d8%b1%d8%a7/,https://staging.lacuisinedebernard.com/%d8%a8%d9%8a%d8%b3%d8%a7%d8%b1%d8%a7
https://lacuisinedebernard.com/%d8%a7%d8%b3%d8%a8%d8%a7%d8%ac%d9%8a%d8%aa%d9%8a-%d8%a7%d8%b3%d9%83%d9%88%d8%a7%d8%b4-%d9%85%d8%ad%d9%85%d8%b5,https://staging.lacuisinedebernard.com/%d8%a7%d8%b3%d8%a8%d8%a7%d8%ac%d9%8a%d8%aa%d9%8a-%d8%a7%d8%b3%d9%83%d9%88%d8%a7%d8%b4-%d9%85%d8%ad%d9%85%d8%b5
https://lacuisinedebernard.com/%d8%a7%d8%b3%d8%a8%d8%a7%d8%ac%d9%8a%d8%aa%d9%8a-%d8%a7%d8%b3%d9%83%d9%88%d8%a7%d8%b4-%d9%85%d8%ad%d9%85%d8%b5/,https://staging.lacuisinedebernard.com/%d8%a7%d8%b3%d8%a8%d8%a7%d8%ac%d9%8a%d8%aa%d9%8a-%d8%a7%d8%b3%d9%83%d9%88%d8%a7%d8%b4-%d9%85%d8%ad%d9%85%d8%b5
https://www.lacuisinedebernard.com/%d8%a7%d8%b3%d8%a8%d8%a7%d8%ac%d9%8a%d8%aa%d9%8a-%d8%a7%d8%b3%d9%83%d9%88%d8%a7%d8%b4-%d9%85%d8%ad%d9%85%d8%b5,https://staging.lacuisinedebernard.com/%d8%a7%d8%b3%d8%a8%d8%a7%d8%ac%d9%8a%d8%aa%d9%8a-%d8%a7%d8%b3%d9%83%d9%88%d8%a7%d8%b4-%d9%85%d8%ad%d9%85%d8%b5
https://www.lacuisinedebernard.com/%d8%a7%d8%b3%d8%a8%d8%a7%d8%ac%d9%8a%d8%aa%d9%8a-%d8%a7%d8%b3%d9%83%d9%88%d8%a7%d8%b4-%d9%85%d8%ad%d9%85%d8%b5/,https://staging.lacuisinedebernard.com/%d8%a7%d8%b3%d8%a8%d8%a7%d8%ac%d9%8a%d8%aa%d9%8a-%d8%a7%d8%b3%d9%83%d9%88%d8%a7%d8%b4-%d9%85%d8%ad%d9%85%d8%b5
https://lacuisinedebernard.com/roasted-spaghetti-squash,https://staging.lacuisinedebernard.com/roasted-spaghetti-squash
https://lacuisinedebernard.com/roasted-spaghetti-squash/,https://staging.lacuisinedebernard.com/roasted-spaghetti-squash
https://www.lacuisinedebernard.com/roasted-spaghetti-squash,https://staging.lacuisinedebernard.com/roasted-spaghetti-squash
https://www.lacuisinedebernard.com/roasted-spaghetti-squash/,https://staging.lacuisinedebernard.com/roasted-spaghetti-squash
https://lacuisinedebernard.com/%d9%83%d8%b1%d9%8a%d9%85%d8%a9-%d8%a7%d9%84%d9%83%d8%b3%d8%aa%d9%86%d8%a7%d8%a1,https://staging.lacuisinedebernard.com/%d9%83%d8%b1%d9%8a%d9%85%d8%a9-%d8%a7%d9%84%d9%83%d8%b3%d8%aa%d9%86%d8%a7%d8%a1
https://lacuisinedebernard.com/%d9%83%d8%b1%d9%8a%d9%85%d8%a9-%d8%a7%d9%84%d9%83%d8%b3%d8%aa%d9%86%d8%a7%d8%a1/,https://staging.lacuisinedebernard.com/%d9%83%d8%b1%d9%8a%d9%85%d8%a9-%d8%a7%d9%84%d9%83%d8%b3%d8%aa%d9%86%d8%a7%d8%a1
https://www.lacuisinedebernard.com/%d9%83%d8%b1%d9%8a%d9%85%d8%a9-%d8%a7%d9%84%d9%83%d8%b3%d8%aa%d9%86%d8%a7%d8%a1,https://staging.lacuisinedebernard.com/%d9%83%d8%b1%d9%8a%d9%85%d8%a9-%d8%a7%d9%84%d9%83%d8%b3%d8%aa%d9%86%d8%a7%d8%a1
https://www.lacuisinedebernard.com/%d9%83%d8%b1%d9%8a%d9%85%d8%a9-%d8%a7%d9%84%d9%83%d8%b3%d8%aa%d9%86%d8%a7%d8%a1/,https://staging.lacuisinedebernard.com/%d9%83%d8%b1%d9%8a%d9%85%d8%a9-%d8%a7%d9%84%d9%83%d8%b3%d8%aa%d9%86%d8%a7%d8%a1
https://lacuisinedebernard.com/arroz-frito-con-gambas-pina-y-anacardos,https://staging.lacuisinedebernard.com/arroz-frito-con-gambas-pina-y-anacardos
https://lacuisinedebernard.com/arroz-frito-con-gambas-pina-y-anacardos/,https://staging.lacuisinedebernard.com/arroz-frito-con-gambas-pina-y-anacardos
https://www.lacuisinedebernard.com/arroz-frito-con-gambas-pina-y-anacardos,https://staging.lacuisinedebernard.com/arroz-frito-con-gambas-pina-y-anacardos
https://www.lacuisinedebernard.com/arroz-frito-con-gambas-pina-y-anacardos/,https://staging.lacuisinedebernard.com/arroz-frito-con-gambas-pina-y-anacardos
https://lacuisinedebernard.com/arroz-frito-com-camarao-ananas-e-castanha-de-caju,https://staging.lacuisinedebernard.com/arroz-frito-com-camarao-ananas-e-castanha-de-caju
https://lacuisinedebernard.com/arroz-frito-com-camarao-ananas-e-castanha-de-caju/,https://staging.lacuisinedebernard.com/arroz-frito-com-camarao-ananas-e-castanha-de-caju
https://www.lacuisinedebernard.com/arroz-frito-com-camarao-ananas-e-castanha-de-caju,https://staging.lacuisinedebernard.com/arroz-frito-com-camarao-ananas-e-castanha-de-caju
https://www.lacuisinedebernard.com/arroz-frito-com-camarao-ananas-e-castanha-de-caju/,https://staging.lacuisinedebernard.com/arroz-frito-com-camarao-ananas-e-castanha-de-caju
https://lacuisinedebernard.com/shiitake-crunch-pie,https://staging.lacuisinedebernard.com/shiitake-crunch-pie
https://lacuisinedebernard.com/shiitake-crunch-pie/,https://staging.lacuisinedebernard.com/shiitake-crunch-pie
https://www.lacuisinedebernard.com/shiitake-crunch-pie,https://staging.lacuisinedebernard.com/shiitake-crunch-pie
https://www.lacuisinedebernard.com/shiitake-crunch-pie/,https://staging.lacuisinedebernard.com/shiitake-crunch-pie
https://lacuisinedebernard.com/%d9%83%d8%a7%d8%b1%d9%8a-%d8%a3%d8%ad%d9%85%d8%b1-%d9%88-%d8%b1%d9%88%d8%a8%d9%8a%d8%a7%d9%86-%d8%b1%d9%8a%d8%b2%d9%88%d8%aa%d9%88,https://staging.lacuisinedebernard.com/%d9%83%d8%a7%d8%b1%d9%8a-%d8%a3%d8%ad%d9%85%d8%b1-%d9%88-%d8%b1%d9%88%d8%a8%d9%8a%d8%a7%d9%86-%d8%b1%d9%8a%d8%b2%d9%88%d8%aa%d9%88
https://lacuisinedebernard.com/%d9%83%d8%a7%d8%b1%d9%8a-%d8%a3%d8%ad%d9%85%d8%b1-%d9%88-%d8%b1%d9%88%d8%a8%d9%8a%d8%a7%d9%86-%d8%b1%d9%8a%d8%b2%d9%88%d8%aa%d9%88/,https://staging.lacuisinedebernard.com/%d9%83%d8%a7%d8%b1%d9%8a-%d8%a3%d8%ad%d9%85%d8%b1-%d9%88-%d8%b1%d9%88%d8%a8%d9%8a%d8%a7%d9%86-%d8%b1%d9%8a%d8%b2%d9%88%d8%aa%d9%88
https://www.lacuisinedebernard.com/%d9%83%d8%a7%d8%b1%d9%8a-%d8%a3%d8%ad%d9%85%d8%b1-%d9%88-%d8%b1%d9%88%d8%a8%d9%8a%d8%a7%d9%86-%d8%b1%d9%8a%d8%b2%d9%88%d8%aa%d9%88,https://staging.lacuisinedebernard.com/%d9%83%d8%a7%d8%b1%d9%8a-%d8%a3%d8%ad%d9%85%d8%b1-%d9%88-%d8%b1%d9%88%d8%a8%d9%8a%d8%a7%d9%86-%d8%b1%d9%8a%d8%b2%d9%88%d8%aa%d9%88
https://www.lacuisinedebernard.com/%d9%83%d8%a7%d8%b1%d9%8a-%d8%a3%d8%ad%d9%85%d8%b1-%d9%88-%d8%b1%d9%88%d8%a8%d9%8a%d8%a7%d9%86-%d8%b1%d9%8a%d8%b2%d9%88%d8%aa%d9%88/,https://staging.lacuisinedebernard.com/%d9%83%d8%a7%d8%b1%d9%8a-%d8%a3%d8%ad%d9%85%d8%b1-%d9%88-%d8%b1%d9%88%d8%a8%d9%8a%d8%a7%d9%86-%d8%b1%d9%8a%d8%b2%d9%88%d8%aa%d9%88
https://lacuisinedebernard.com/carne-de-porco-vietnamita-com-caramelo,https://staging.lacuisinedebernard.com/carne-de-porco-vietnamita-com-caramelo
https://lacuisinedebernard.com/carne-de-porco-vietnamita-com-caramelo/,https://staging.lacuisinedebernard.com/carne-de-porco-vietnamita-com-caramelo
https://www.lacuisinedebernard.com/carne-de-porco-vietnamita-com-caramelo,https://staging.lacuisinedebernard.com/carne-de-porco-vietnamita-com-caramelo
https://www.lacuisinedebernard.com/carne-de-porco-vietnamita-com-caramelo/,https://staging.lacuisinedebernard.com/carne-de-porco-vietnamita-com-caramelo
https://lacuisinedebernard.com/fried-rice-with-shrimps-pineapple-and-cashew-nuts,https://staging.lacuisinedebernard.com/fried-rice-with-shrimps-pineapple-and-cashew-nuts
https://lacuisinedebernard.com/fried-rice-with-shrimps-pineapple-and-cashew-nuts/,https://staging.lacuisinedebernard.com/fried-rice-with-shrimps-pineapple-and-cashew-nuts
https://www.lacuisinedebernard.com/fried-rice-with-shrimps-pineapple-and-cashew-nuts,https://staging.lacuisinedebernard.com/fried-rice-with-shrimps-pineapple-and-cashew-nuts
https://www.lacuisinedebernard.com/fried-rice-with-shrimps-pineapple-and-cashew-nuts/,https://staging.lacuisinedebernard.com/fried-rice-with-shrimps-pineapple-and-cashew-nuts
https://lacuisinedebernard.com/lentes-marroquies,https://staging.lacuisinedebernard.com/lentes-marroquies
https://lacuisinedebernard.com/lentes-marroquies/,https://staging.lacuisinedebernard.com/lentes-marroquies
https://www.lacuisinedebernard.com/lentes-marroquies,https://staging.lacuisinedebernard.com/lentes-marroquies
https://www.lacuisinedebernard.com/lentes-marroquies/,https://staging.lacuisinedebernard.com/lentes-marroquies
https://lacuisinedebernard.com/%d8%aa%d8%a7%d8%b1%d8%aa-%d9%83%d8%b1%d9%88%d8%b3%d8%aa%d9%8a-%d9%81%d9%88%d9%86%d8%af%d8%a7%d9%86-%d9%85%d8%b9-%d8%b4%d9%8a%d8%aa%d8%a7%d9%83%d8%b3,https://staging.lacuisinedebernard.com/%d8%aa%d8%a7%d8%b1%d8%aa-%d9%83%d8%b1%d9%88%d8%b3%d8%aa%d9%8a-%d9%81%d9%88%d9%86%d8%af%d8%a7%d9%86-%d9%85%d8%b9-%d8%b4%d9%8a%d8%aa%d8%a7%d9%83%d8%b3
https://lacuisinedebernard.com/%d8%aa%d8%a7%d8%b1%d8%aa-%d9%83%d8%b1%d9%88%d8%b3%d8%aa%d9%8a-%d9%81%d9%88%d9%86%d8%af%d8%a7%d9%86-%d9%85%d8%b9-%d8%b4%d9%8a%d8%aa%d8%a7%d9%83%d8%b3/,https://staging.lacuisinedebernard.com/%d8%aa%d8%a7%d8%b1%d8%aa-%d9%83%d8%b1%d9%88%d8%b3%d8%aa%d9%8a-%d9%81%d9%88%d9%86%d8%af%d8%a7%d9%86-%d9%85%d8%b9-%d8%b4%d9%8a%d8%aa%d8%a7%d9%83%d8%b3
https://www.lacuisinedebernard.com/%d8%aa%d8%a7%d8%b1%d8%aa-%d9%83%d8%b1%d9%88%d8%b3%d8%aa%d9%8a-%d9%81%d9%88%d9%86%d8%af%d8%a7%d9%86-%d9%85%d8%b9-%d8%b4%d9%8a%d8%aa%d8%a7%d9%83%d8%b3,https://staging.lacuisinedebernard.com/%d8%aa%d8%a7%d8%b1%d8%aa-%d9%83%d8%b1%d9%88%d8%b3%d8%aa%d9%8a-%d9%81%d9%88%d9%86%d8%af%d8%a7%d9%86-%d9%85%d8%b9-%d8%b4%d9%8a%d8%aa%d8%a7%d9%83%d8%b3
https://www.lacuisinedebernard.com/%d8%aa%d8%a7%d8%b1%d8%aa-%d9%83%d8%b1%d9%88%d8%b3%d8%aa%d9%8a-%d9%81%d9%88%d9%86%d8%af%d8%a7%d9%86-%d9%85%d8%b9-%d8%b4%d9%8a%d8%aa%d8%a7%d9%83%d8%b3/,https://staging.lacuisinedebernard.com/%d8%aa%d8%a7%d8%b1%d8%aa-%d9%83%d8%b1%d9%88%d8%b3%d8%aa%d9%8a-%d9%81%d9%88%d9%86%d8%af%d8%a7%d9%86-%d9%85%d8%b9-%d8%b4%d9%8a%d8%aa%d8%a7%d9%83%d8%b3
https://lacuisinedebernard.com/vietnamese-pork-with-caramel,https://staging.lacuisinedebernard.com/vietnamese-pork-with-caramel
https://lacuisinedebernard.com/vietnamese-pork-with-caramel/,https://staging.lacuisinedebernard.com/vietnamese-pork-with-caramel
https://www.lacuisinedebernard.com/vietnamese-pork-with-caramel,https://staging.lacuisinedebernard.com/vietnamese-pork-with-caramel
https://www.lacuisinedebernard.com/vietnamese-pork-with-caramel/,https://staging.lacuisinedebernard.com/vietnamese-pork-with-caramel
https://lacuisinedebernard.com/causa-peruana,https://staging.lacuisinedebernard.com/causa-peruana
https://lacuisinedebernard.com/causa-peruana/,https://staging.lacuisinedebernard.com/causa-peruana
https://www.lacuisinedebernard.com/causa-peruana,https://staging.lacuisinedebernard.com/causa-peruana
https://www.lacuisinedebernard.com/causa-peruana/,https://staging.lacuisinedebernard.com/causa-peruana
https://lacuisinedebernard.com/lentes-marroquinas,https://staging.lacuisinedebernard.com/lentes-marroquinas
https://lacuisinedebernard.com/lentes-marroquinas/,https://staging.lacuisinedebernard.com/lentes-marroquinas
https://www.lacuisinedebernard.com/lentes-marroquinas,https://staging.lacuisinedebernard.com/lentes-marroquinas
https://www.lacuisinedebernard.com/lentes-marroquinas/,https://staging.lacuisinedebernard.com/lentes-marroquinas
https://lacuisinedebernard.com/%d9%81%d9%8a%d8%aa%d9%86%d8%a7%d9%85%d9%8a-%d9%83%d8%b1%d8%a7%d9%85%d9%8a%d9%84-%d9%84%d8%ad%d9%85-%d8%ae%d9%86%d8%b2%d9%8a%d8%b1,https://staging.lacuisinedebernard.com/%d9%81%d9%8a%d8%aa%d9%86%d8%a7%d9%85%d9%8a-%d9%83%d8%b1%d8%a7%d9%85%d9%8a%d9%84-%d9%84%d8%ad%d9%85-%d8%ae%d9%86%d8%b2%d9%8a%d8%b1
https://lacuisinedebernard.com/%d9%81%d9%8a%d8%aa%d9%86%d8%a7%d9%85%d9%8a-%d9%83%d8%b1%d8%a7%d9%85%d9%8a%d9%84-%d9%84%d8%ad%d9%85-%d8%ae%d9%86%d8%b2%d9%8a%d8%b1/,https://staging.lacuisinedebernard.com/%d9%81%d9%8a%d8%aa%d9%86%d8%a7%d9%85%d9%8a-%d9%83%d8%b1%d8%a7%d9%85%d9%8a%d9%84-%d9%84%d8%ad%d9%85-%d8%ae%d9%86%d8%b2%d9%8a%d8%b1
https://www.lacuisinedebernard.com/%d9%81%d9%8a%d8%aa%d9%86%d8%a7%d9%85%d9%8a-%d9%83%d8%b1%d8%a7%d9%85%d9%8a%d9%84-%d9%84%d8%ad%d9%85-%d8%ae%d9%86%d8%b2%d9%8a%d8%b1,https://staging.lacuisinedebernard.com/%d9%81%d9%8a%d8%aa%d9%86%d8%a7%d9%85%d9%8a-%d9%83%d8%b1%d8%a7%d9%85%d9%8a%d9%84-%d9%84%d8%ad%d9%85-%d8%ae%d9%86%d8%b2%d9%8a%d8%b1
https://www.lacuisinedebernard.com/%d9%81%d9%8a%d8%aa%d9%86%d8%a7%d9%85%d9%8a-%d9%83%d8%b1%d8%a7%d9%85%d9%8a%d9%84-%d9%84%d8%ad%d9%85-%d8%ae%d9%86%d8%b2%d9%8a%d8%b1/,https://staging.lacuisinedebernard.com/%d9%81%d9%8a%d8%aa%d9%86%d8%a7%d9%85%d9%8a-%d9%83%d8%b1%d8%a7%d9%85%d9%8a%d9%84-%d9%84%d8%ad%d9%85-%d8%ae%d9%86%d8%b2%d9%8a%d8%b1
https://lacuisinedebernard.com/risotto-de-curry-rojo-y-gambas,https://staging.lacuisinedebernard.com/risotto-de-curry-rojo-y-gambas
https://lacuisinedebernard.com/risotto-de-curry-rojo-y-gambas/,https://staging.lacuisinedebernard.com/risotto-de-curry-rojo-y-gambas
https://www.lacuisinedebernard.com/risotto-de-curry-rojo-y-gambas,https://staging.lacuisinedebernard.com/risotto-de-curry-rojo-y-gambas
https://www.lacuisinedebernard.com/risotto-de-curry-rojo-y-gambas/,https://staging.lacuisinedebernard.com/risotto-de-curry-rojo-y-gambas
https://lacuisinedebernard.com/moroccan-lenses,https://staging.lacuisinedebernard.com/moroccan-lenses
https://lacuisinedebernard.com/moroccan-lenses/,https://staging.lacuisinedebernard.com/moroccan-lenses
https://www.lacuisinedebernard.com/moroccan-lenses,https://staging.lacuisinedebernard.com/moroccan-lenses
https://www.lacuisinedebernard.com/moroccan-lenses/,https://staging.lacuisinedebernard.com/moroccan-lenses
https://lacuisinedebernard.com/%d8%a3%d8%b1%d8%b2-%d9%85%d9%82%d9%84%d9%8a-%d8%a8%d8%a7%d9%84%d8%ac%d9%85%d8%a8%d8%b1%d9%8a-%d9%88%d8%a7%d9%84%d8%a3%d9%86%d8%a7%d9%86%d8%a7%d8%b3-%d9%88%d8%a7%d9%84%d9%83%d8%a7%d8%ac%d9%88,https://staging.lacuisinedebernard.com/%d8%a3%d8%b1%d8%b2-%d9%85%d9%82%d9%84%d9%8a-%d8%a8%d8%a7%d9%84%d8%ac%d9%85%d8%a8%d8%b1%d9%8a-%d9%88%d8%a7%d9%84%d8%a3%d9%86%d8%a7%d9%86%d8%a7%d8%b3-%d9%88%d8%a7%d9%84%d9%83%d8%a7%d8%ac%d9%88
https://lacuisinedebernard.com/%d8%a3%d8%b1%d8%b2-%d9%85%d9%82%d9%84%d9%8a-%d8%a8%d8%a7%d9%84%d8%ac%d9%85%d8%a8%d8%b1%d9%8a-%d9%88%d8%a7%d9%84%d8%a3%d9%86%d8%a7%d9%86%d8%a7%d8%b3-%d9%88%d8%a7%d9%84%d9%83%d8%a7%d8%ac%d9%88/,https://staging.lacuisinedebernard.com/%d8%a3%d8%b1%d8%b2-%d9%85%d9%82%d9%84%d9%8a-%d8%a8%d8%a7%d9%84%d8%ac%d9%85%d8%a8%d8%b1%d9%8a-%d9%88%d8%a7%d9%84%d8%a3%d9%86%d8%a7%d9%86%d8%a7%d8%b3-%d9%88%d8%a7%d9%84%d9%83%d8%a7%d8%ac%d9%88
https://www.lacuisinedebernard.com/%d8%a3%d8%b1%d8%b2-%d9%85%d9%82%d9%84%d9%8a-%d8%a8%d8%a7%d9%84%d8%ac%d9%85%d8%a8%d8%b1%d9%8a-%d9%88%d8%a7%d9%84%d8%a3%d9%86%d8%a7%d9%86%d8%a7%d8%b3-%d9%88%d8%a7%d9%84%d9%83%d8%a7%d8%ac%d9%88,https://staging.lacuisinedebernard.com/%d8%a3%d8%b1%d8%b2-%d9%85%d9%82%d9%84%d9%8a-%d8%a8%d8%a7%d9%84%d8%ac%d9%85%d8%a8%d8%b1%d9%8a-%d9%88%d8%a7%d9%84%d8%a3%d9%86%d8%a7%d9%86%d8%a7%d8%b3-%d9%88%d8%a7%d9%84%d9%83%d8%a7%d8%ac%d9%88
https://www.lacuisinedebernard.com/%d8%a3%d8%b1%d8%b2-%d9%85%d9%82%d9%84%d9%8a-%d8%a8%d8%a7%d9%84%d8%ac%d9%85%d8%a8%d8%b1%d9%8a-%d9%88%d8%a7%d9%84%d8%a3%d9%86%d8%a7%d9%86%d8%a7%d8%b3-%d9%88%d8%a7%d9%84%d9%83%d8%a7%d8%ac%d9%88/,https://staging.lacuisinedebernard.com/%d8%a3%d8%b1%d8%b2-%d9%85%d9%82%d9%84%d9%8a-%d8%a8%d8%a7%d9%84%d8%ac%d9%85%d8%a8%d8%b1%d9%8a-%d9%88%d8%a7%d9%84%d8%a3%d9%86%d8%a7%d9%86%d8%a7%d8%b3-%d9%88%d8%a7%d9%84%d9%83%d8%a7%d8%ac%d9%88
https://lacuisinedebernard.com/caril-vermelho-e-risotto-de-camarao,https://staging.lacuisinedebernard.com/caril-vermelho-e-risotto-de-camarao
https://lacuisinedebernard.com/caril-vermelho-e-risotto-de-camarao/,https://staging.lacuisinedebernard.com/caril-vermelho-e-risotto-de-camarao
https://www.lacuisinedebernard.com/caril-vermelho-e-risotto-de-camarao,https://staging.lacuisinedebernard.com/caril-vermelho-e-risotto-de-camarao
https://www.lacuisinedebernard.com/caril-vermelho-e-risotto-de-camarao/,https://staging.lacuisinedebernard.com/caril-vermelho-e-risotto-de-camarao
https://lacuisinedebernard.com/pastel-crujiente-de-shiitake,https://staging.lacuisinedebernard.com/pastel-crujiente-de-shiitake
https://lacuisinedebernard.com/pastel-crujiente-de-shiitake/,https://staging.lacuisinedebernard.com/pastel-crujiente-de-shiitake
https://www.lacuisinedebernard.com/pastel-crujiente-de-shiitake,https://staging.lacuisinedebernard.com/pastel-crujiente-de-shiitake
https://www.lacuisinedebernard.com/pastel-crujiente-de-shiitake/,https://staging.lacuisinedebernard.com/pastel-crujiente-de-shiitake
https://lacuisinedebernard.com/torta-shiitake-crunch-pie,https://staging.lacuisinedebernard.com/torta-shiitake-crunch-pie
https://lacuisinedebernard.com/torta-shiitake-crunch-pie/,https://staging.lacuisinedebernard.com/torta-shiitake-crunch-pie
https://www.lacuisinedebernard.com/torta-shiitake-crunch-pie,https://staging.lacuisinedebernard.com/torta-shiitake-crunch-pie
https://www.lacuisinedebernard.com/torta-shiitake-crunch-pie/,https://staging.lacuisinedebernard.com/torta-shiitake-crunch-pie
https://lacuisinedebernard.com/%d8%b9%d8%af%d8%b3-%d9%85%d8%ba%d8%b1%d8%a8%d9%8a,https://staging.lacuisinedebernard.com/%d8%b9%d8%af%d8%b3-%d9%85%d8%ba%d8%b1%d8%a8%d9%8a
https://lacuisinedebernard.com/%d8%b9%d8%af%d8%b3-%d9%85%d8%ba%d8%b1%d8%a8%d9%8a/,https://staging.lacuisinedebernard.com/%d8%b9%d8%af%d8%b3-%d9%85%d8%ba%d8%b1%d8%a8%d9%8a
https://www.lacuisinedebernard.com/%d8%b9%d8%af%d8%b3-%d9%85%d8%ba%d8%b1%d8%a8%d9%8a,https://staging.lacuisinedebernard.com/%d8%b9%d8%af%d8%b3-%d9%85%d8%ba%d8%b1%d8%a8%d9%8a
https://www.lacuisinedebernard.com/%d8%b9%d8%af%d8%b3-%d9%85%d8%ba%d8%b1%d8%a8%d9%8a/,https://staging.lacuisinedebernard.com/%d8%b9%d8%af%d8%b3-%d9%85%d8%ba%d8%b1%d8%a8%d9%8a
https://lacuisinedebernard.com/red-curry-and-shrimp-risotto,https://staging.lacuisinedebernard.com/red-curry-and-shrimp-risotto
https://lacuisinedebernard.com/red-curry-and-shrimp-risotto/,https://staging.lacuisinedebernard.com/red-curry-and-shrimp-risotto
https://www.lacuisinedebernard.com/red-curry-and-shrimp-risotto,https://staging.lacuisinedebernard.com/red-curry-and-shrimp-risotto
https://www.lacuisinedebernard.com/red-curry-and-shrimp-risotto/,https://staging.lacuisinedebernard.com/red-curry-and-shrimp-risotto
https://lacuisinedebernard.com/cerdo-vietnamita-con-caramelo,https://staging.lacuisinedebernard.com/cerdo-vietnamita-con-caramelo
https://lacuisinedebernard.com/cerdo-vietnamita-con-caramelo/,https://staging.lacuisinedebernard.com/cerdo-vietnamita-con-caramelo
https://www.lacuisinedebernard.com/cerdo-vietnamita-con-caramelo,https://staging.lacuisinedebernard.com/cerdo-vietnamita-con-caramelo
https://www.lacuisinedebernard.com/cerdo-vietnamita-con-caramelo/,https://staging.lacuisinedebernard.com/cerdo-vietnamita-con-caramelo
https://lacuisinedebernard.com/peruvian-causa,https://staging.lacuisinedebernard.com/peruvian-causa
https://lacuisinedebernard.com/peruvian-causa/,https://staging.lacuisinedebernard.com/peruvian-causa
https://www.lacuisinedebernard.com/peruvian-causa,https://staging.lacuisinedebernard.com/peruvian-causa
https://www.lacuisinedebernard.com/peruvian-causa/,https://staging.lacuisinedebernard.com/peruvian-causa
https://lacuisinedebernard.com/%d9%84%d9%8a%d9%85%d9%88%d9%86-%d9%85%d9%84%d8%a8%d8%b3-%d8%a8%d8%a7%d9%84%d9%85%d9%84%d8%ad,https://staging.lacuisinedebernard.com/%d9%84%d9%8a%d9%85%d9%88%d9%86-%d9%85%d9%84%d8%a8%d8%b3-%d8%a8%d8%a7%d9%84%d9%85%d9%84%d8%ad
https://lacuisinedebernard.com/%d9%84%d9%8a%d9%85%d9%88%d9%86-%d9%85%d9%84%d8%a8%d8%b3-%d8%a8%d8%a7%d9%84%d9%85%d9%84%d8%ad/,https://staging.lacuisinedebernard.com/%d9%84%d9%8a%d9%85%d9%88%d9%86-%d9%85%d9%84%d8%a8%d8%b3-%d8%a8%d8%a7%d9%84%d9%85%d9%84%d8%ad
https://www.lacuisinedebernard.com/%d9%84%d9%8a%d9%85%d9%88%d9%86-%d9%85%d9%84%d8%a8%d8%b3-%d8%a8%d8%a7%d9%84%d9%85%d9%84%d8%ad,https://staging.lacuisinedebernard.com/%d9%84%d9%8a%d9%85%d9%88%d9%86-%d9%85%d9%84%d8%a8%d8%b3-%d8%a8%d8%a7%d9%84%d9%85%d9%84%d8%ad
https://www.lacuisinedebernard.com/%d9%84%d9%8a%d9%85%d9%88%d9%86-%d9%85%d9%84%d8%a8%d8%b3-%d8%a8%d8%a7%d9%84%d9%85%d9%84%d8%ad/,https://staging.lacuisinedebernard.com/%d9%84%d9%8a%d9%85%d9%88%d9%86-%d9%85%d9%84%d8%a8%d8%b3-%d8%a8%d8%a7%d9%84%d9%85%d9%84%d8%ad
https://lacuisinedebernard.com/meloui,https://staging.lacuisinedebernard.com/meloui
https://lacuisinedebernard.com/meloui/,https://staging.lacuisinedebernard.com/meloui
https://www.lacuisinedebernard.com/meloui,https://staging.lacuisinedebernard.com/meloui
https://www.lacuisinedebernard.com/meloui/,https://staging.lacuisinedebernard.com/meloui
https://lacuisinedebernard.com/salted-wheat-porridge-with-coconut-milk-carrots-and-peanuts-honey-and-sesame-chicken,https://staging.lacuisinedebernard.com/salted-wheat-porridge-with-coconut-milk-carrots-and-peanuts-honey-and-sesame-chicken
https://lacuisinedebernard.com/salted-wheat-porridge-with-coconut-milk-carrots-and-peanuts-honey-and-sesame-chicken/,https://staging.lacuisinedebernard.com/salted-wheat-porridge-with-coconut-milk-carrots-and-peanuts-honey-and-sesame-chicken
https://www.lacuisinedebernard.com/salted-wheat-porridge-with-coconut-milk-carrots-and-peanuts-honey-and-sesame-chicken,https://staging.lacuisinedebernard.com/salted-wheat-porridge-with-coconut-milk-carrots-and-peanuts-honey-and-sesame-chicken
https://www.lacuisinedebernard.com/salted-wheat-porridge-with-coconut-milk-carrots-and-peanuts-honey-and-sesame-chicken/,https://staging.lacuisinedebernard.com/salted-wheat-porridge-with-coconut-milk-carrots-and-peanuts-honey-and-sesame-chicken
https://lacuisinedebernard.com/tartaro-de-salmao-com-alcaparras-e-cebolas-vermelhas,https://staging.lacuisinedebernard.com/tartaro-de-salmao-com-alcaparras-e-cebolas-vermelhas
https://lacuisinedebernard.com/tartaro-de-salmao-com-alcaparras-e-cebolas-vermelhas/,https://staging.lacuisinedebernard.com/tartaro-de-salmao-com-alcaparras-e-cebolas-vermelhas
https://www.lacuisinedebernard.com/tartaro-de-salmao-com-alcaparras-e-cebolas-vermelhas,https://staging.lacuisinedebernard.com/tartaro-de-salmao-com-alcaparras-e-cebolas-vermelhas
https://www.lacuisinedebernard.com/tartaro-de-salmao-com-alcaparras-e-cebolas-vermelhas/,https://staging.lacuisinedebernard.com/tartaro-de-salmao-com-alcaparras-e-cebolas-vermelhas
https://lacuisinedebernard.com/trigo-de-fivela-salgado-quinoa-e-papas-de-edamame-com-especiarias,https://staging.lacuisinedebernard.com/trigo-de-fivela-salgado-quinoa-e-papas-de-edamame-com-especiarias
https://lacuisinedebernard.com/trigo-de-fivela-salgado-quinoa-e-papas-de-edamame-com-especiarias/,https://staging.lacuisinedebernard.com/trigo-de-fivela-salgado-quinoa-e-papas-de-edamame-com-especiarias
https://www.lacuisinedebernard.com/trigo-de-fivela-salgado-quinoa-e-papas-de-edamame-com-especiarias,https://staging.lacuisinedebernard.com/trigo-de-fivela-salgado-quinoa-e-papas-de-edamame-com-especiarias
https://www.lacuisinedebernard.com/trigo-de-fivela-salgado-quinoa-e-papas-de-edamame-com-especiarias/,https://staging.lacuisinedebernard.com/trigo-de-fivela-salgado-quinoa-e-papas-de-edamame-com-especiarias
https://lacuisinedebernard.com/%d8%a7%d9%84%d8%aa%d8%a8%d9%88%d9%84%d8%a9-%d8%a7%d9%84%d8%aa%d8%b1%d9%83%d9%8a%d8%a9,https://staging.lacuisinedebernard.com/%d8%a7%d9%84%d8%aa%d8%a8%d9%88%d9%84%d8%a9-%d8%a7%d9%84%d8%aa%d8%b1%d9%83%d9%8a%d8%a9
https://lacuisinedebernard.com/%d8%a7%d9%84%d8%aa%d8%a8%d9%88%d9%84%d8%a9-%d8%a7%d9%84%d8%aa%d8%b1%d9%83%d9%8a%d8%a9/,https://staging.lacuisinedebernard.com/%d8%a7%d9%84%d8%aa%d8%a8%d9%88%d9%84%d8%a9-%d8%a7%d9%84%d8%aa%d8%b1%d9%83%d9%8a%d8%a9
https://www.lacuisinedebernard.com/%d8%a7%d9%84%d8%aa%d8%a8%d9%88%d9%84%d8%a9-%d8%a7%d9%84%d8%aa%d8%b1%d9%83%d9%8a%d8%a9,https://staging.lacuisinedebernard.com/%d8%a7%d9%84%d8%aa%d8%a8%d9%88%d9%84%d8%a9-%d8%a7%d9%84%d8%aa%d8%b1%d9%83%d9%8a%d8%a9
https://www.lacuisinedebernard.com/%d8%a7%d9%84%d8%aa%d8%a8%d9%88%d9%84%d8%a9-%d8%a7%d9%84%d8%aa%d8%b1%d9%83%d9%8a%d8%a9/,https://staging.lacuisinedebernard.com/%d8%a7%d9%84%d8%aa%d8%a8%d9%88%d9%84%d8%a9-%d8%a7%d9%84%d8%aa%d8%b1%d9%83%d9%8a%d8%a9
https://lacuisinedebernard.com/ensalada-de-quinoa-fresca-con-verduras,https://staging.lacuisinedebernard.com/ensalada-de-quinoa-fresca-con-verduras
https://lacuisinedebernard.com/ensalada-de-quinoa-fresca-con-verduras/,https://staging.lacuisinedebernard.com/ensalada-de-quinoa-fresca-con-verduras
https://www.lacuisinedebernard.com/ensalada-de-quinoa-fresca-con-verduras,https://staging.lacuisinedebernard.com/ensalada-de-quinoa-fresca-con-verduras
https://www.lacuisinedebernard.com/ensalada-de-quinoa-fresca-con-verduras/,https://staging.lacuisinedebernard.com/ensalada-de-quinoa-fresca-con-verduras
https://lacuisinedebernard.com/%d9%82%d8%b6%d9%8a%d8%a9-%d8%a8%d9%8a%d8%b1%d9%88,https://staging.lacuisinedebernard.com/%d9%82%d8%b6%d9%8a%d8%a9-%d8%a8%d9%8a%d8%b1%d9%88
https://lacuisinedebernard.com/%d9%82%d8%b6%d9%8a%d8%a9-%d8%a8%d9%8a%d8%b1%d9%88/,https://staging.lacuisinedebernard.com/%d9%82%d8%b6%d9%8a%d8%a9-%d8%a8%d9%8a%d8%b1%d9%88
https://www.lacuisinedebernard.com/%d9%82%d8%b6%d9%8a%d8%a9-%d8%a8%d9%8a%d8%b1%d9%88,https://staging.lacuisinedebernard.com/%d9%82%d8%b6%d9%8a%d8%a9-%d8%a8%d9%8a%d8%b1%d9%88
https://www.lacuisinedebernard.com/%d9%82%d8%b6%d9%8a%d8%a9-%d8%a8%d9%8a%d8%b1%d9%88/,https://staging.lacuisinedebernard.com/%d9%82%d8%b6%d9%8a%d8%a9-%d8%a8%d9%8a%d8%b1%d9%88
https://lacuisinedebernard.com/tartaletas-saladas-de-epoisses-y-maroilles,https://staging.lacuisinedebernard.com/tartaletas-saladas-de-epoisses-y-maroilles
https://lacuisinedebernard.com/tartaletas-saladas-de-epoisses-y-maroilles/,https://staging.lacuisinedebernard.com/tartaletas-saladas-de-epoisses-y-maroilles
https://www.lacuisinedebernard.com/tartaletas-saladas-de-epoisses-y-maroilles,https://staging.lacuisinedebernard.com/tartaletas-saladas-de-epoisses-y-maroilles
https://www.lacuisinedebernard.com/tartaletas-saladas-de-epoisses-y-maroilles/,https://staging.lacuisinedebernard.com/tartaletas-saladas-de-epoisses-y-maroilles
https://lacuisinedebernard.com/salada-de-trigo-com-tomate-cebola-vermelha-caramelizada-e-mozzarella,https://staging.lacuisinedebernard.com/salada-de-trigo-com-tomate-cebola-vermelha-caramelizada-e-mozzarella
https://lacuisinedebernard.com/salada-de-trigo-com-tomate-cebola-vermelha-caramelizada-e-mozzarella/,https://staging.lacuisinedebernard.com/salada-de-trigo-com-tomate-cebola-vermelha-caramelizada-e-mozzarella
https://www.lacuisinedebernard.com/salada-de-trigo-com-tomate-cebola-vermelha-caramelizada-e-mozzarella,https://staging.lacuisinedebernard.com/salada-de-trigo-com-tomate-cebola-vermelha-caramelizada-e-mozzarella
https://www.lacuisinedebernard.com/salada-de-trigo-com-tomate-cebola-vermelha-caramelizada-e-mozzarella/,https://staging.lacuisinedebernard.com/salada-de-trigo-com-tomate-cebola-vermelha-caramelizada-e-mozzarella
https://lacuisinedebernard.com/%d9%85%d9%84%d9%88%d9%8a,https://staging.lacuisinedebernard.com/%d9%85%d9%84%d9%88%d9%8a
https://lacuisinedebernard.com/%d9%85%d9%84%d9%88%d9%8a/,https://staging.lacuisinedebernard.com/%d9%85%d9%84%d9%88%d9%8a
https://www.lacuisinedebernard.com/%d9%85%d9%84%d9%88%d9%8a,https://staging.lacuisinedebernard.com/%d9%85%d9%84%d9%88%d9%8a
https://www.lacuisinedebernard.com/%d9%85%d9%84%d9%88%d9%8a/,https://staging.lacuisinedebernard.com/%d9%85%d9%84%d9%88%d9%8a
https://lacuisinedebernard.com/tortinhas-saborosas-de-epoisses-e-maroilles,https://staging.lacuisinedebernard.com/tortinhas-saborosas-de-epoisses-e-maroilles
https://lacuisinedebernard.com/tortinhas-saborosas-de-epoisses-e-maroilles/,https://staging.lacuisinedebernard.com/tortinhas-saborosas-de-epoisses-e-maroilles
https://www.lacuisinedebernard.com/tortinhas-saborosas-de-epoisses-e-maroilles,https://staging.lacuisinedebernard.com/tortinhas-saborosas-de-epoisses-e-maroilles
https://www.lacuisinedebernard.com/tortinhas-saborosas-de-epoisses-e-maroilles/,https://staging.lacuisinedebernard.com/tortinhas-saborosas-de-epoisses-e-maroilles
https://lacuisinedebernard.com/gravlax-de-salmon,https://staging.lacuisinedebernard.com/gravlax-de-salmon
https://lacuisinedebernard.com/gravlax-de-salmon/,https://staging.lacuisinedebernard.com/gravlax-de-salmon
https://www.lacuisinedebernard.com/gravlax-de-salmon,https://staging.lacuisinedebernard.com/gravlax-de-salmon
https://www.lacuisinedebernard.com/gravlax-de-salmon/,https://staging.lacuisinedebernard.com/gravlax-de-salmon
https://lacuisinedebernard.com/%d8%b9%d8%b5%d9%8a%d8%af%d8%a9-%d8%a7%d9%84%d9%82%d9%85%d8%ad-%d8%a7%d9%84%d9%85%d9%85%d9%84%d8%ad-%d9%85%d8%b9-%d8%ad%d9%84%d9%8a%d8%a8-%d8%ac%d9%88%d8%b2-%d8%a7%d9%84%d9%87%d9%86%d8%af-%d9%88%d8%a7,https://staging.lacuisinedebernard.com/%d8%b9%d8%b5%d9%8a%d8%af%d8%a9-%d8%a7%d9%84%d9%82%d9%85%d8%ad-%d8%a7%d9%84%d9%85%d9%85%d9%84%d8%ad-%d9%85%d8%b9-%d8%ad%d9%84%d9%8a%d8%a8-%d8%ac%d9%88%d8%b2-%d8%a7%d9%84%d9%87%d9%86%d8%af-%d9%88%d8%a7
https://lacuisinedebernard.com/%d8%b9%d8%b5%d9%8a%d8%af%d8%a9-%d8%a7%d9%84%d9%82%d9%85%d8%ad-%d8%a7%d9%84%d9%85%d9%85%d9%84%d8%ad-%d9%85%d8%b9-%d8%ad%d9%84%d9%8a%d8%a8-%d8%ac%d9%88%d8%b2-%d8%a7%d9%84%d9%87%d9%86%d8%af-%d9%88%d8%a7/,https://staging.lacuisinedebernard.com/%d8%b9%d8%b5%d9%8a%d8%af%d8%a9-%d8%a7%d9%84%d9%82%d9%85%d8%ad-%d8%a7%d9%84%d9%85%d9%85%d9%84%d8%ad-%d9%85%d8%b9-%d8%ad%d9%84%d9%8a%d8%a8-%d8%ac%d9%88%d8%b2-%d8%a7%d9%84%d9%87%d9%86%d8%af-%d9%88%d8%a7
https://www.lacuisinedebernard.com/%d8%b9%d8%b5%d9%8a%d8%af%d8%a9-%d8%a7%d9%84%d9%82%d9%85%d8%ad-%d8%a7%d9%84%d9%85%d9%85%d9%84%d8%ad-%d9%85%d8%b9-%d8%ad%d9%84%d9%8a%d8%a8-%d8%ac%d9%88%d8%b2-%d8%a7%d9%84%d9%87%d9%86%d8%af-%d9%88%d8%a7,https://staging.lacuisinedebernard.com/%d8%b9%d8%b5%d9%8a%d8%af%d8%a9-%d8%a7%d9%84%d9%82%d9%85%d8%ad-%d8%a7%d9%84%d9%85%d9%85%d9%84%d8%ad-%d9%85%d8%b9-%d8%ad%d9%84%d9%8a%d8%a8-%d8%ac%d9%88%d8%b2-%d8%a7%d9%84%d9%87%d9%86%d8%af-%d9%88%d8%a7
https://www.lacuisinedebernard.com/%d8%b9%d8%b5%d9%8a%d8%af%d8%a9-%d8%a7%d9%84%d9%82%d9%85%d8%ad-%d8%a7%d9%84%d9%85%d9%85%d9%84%d8%ad-%d9%85%d8%b9-%d8%ad%d9%84%d9%8a%d8%a8-%d8%ac%d9%88%d8%b2-%d8%a7%d9%84%d9%87%d9%86%d8%af-%d9%88%d8%a7/,https://staging.lacuisinedebernard.com/%d8%b9%d8%b5%d9%8a%d8%af%d8%a9-%d8%a7%d9%84%d9%82%d9%85%d8%ad-%d8%a7%d9%84%d9%85%d9%85%d9%84%d8%ad-%d9%85%d8%b9-%d8%ad%d9%84%d9%8a%d8%a8-%d8%ac%d9%88%d8%b2-%d8%a7%d9%84%d9%87%d9%86%d8%af-%d9%88%d8%a7
https://lacuisinedebernard.com/salted-buckwheat-quinoa-and-edamame-porridge-with-spices,https://staging.lacuisinedebernard.com/salted-buckwheat-quinoa-and-edamame-porridge-with-spices
https://lacuisinedebernard.com/salted-buckwheat-quinoa-and-edamame-porridge-with-spices/,https://staging.lacuisinedebernard.com/salted-buckwheat-quinoa-and-edamame-porridge-with-spices
https://www.lacuisinedebernard.com/salted-buckwheat-quinoa-and-edamame-porridge-with-spices,https://staging.lacuisinedebernard.com/salted-buckwheat-quinoa-and-edamame-porridge-with-spices
https://www.lacuisinedebernard.com/salted-buckwheat-quinoa-and-edamame-porridge-with-spices/,https://staging.lacuisinedebernard.com/salted-buckwheat-quinoa-and-edamame-porridge-with-spices
https://lacuisinedebernard.com/ensalada-de-pasta-con-salsa-cesar,https://staging.lacuisinedebernard.com/ensalada-de-pasta-con-salsa-cesar
https://lacuisinedebernard.com/ensalada-de-pasta-con-salsa-cesar/,https://staging.lacuisinedebernard.com/ensalada-de-pasta-con-salsa-cesar
https://www.lacuisinedebernard.com/ensalada-de-pasta-con-salsa-cesar,https://staging.lacuisinedebernard.com/ensalada-de-pasta-con-salsa-cesar
https://www.lacuisinedebernard.com/ensalada-de-pasta-con-salsa-cesar/,https://staging.lacuisinedebernard.com/ensalada-de-pasta-con-salsa-cesar
https://lacuisinedebernard.com/wheat-salad-with-tomatoes-caramelized-red-onions-and-mozzarella,https://staging.lacuisinedebernard.com/wheat-salad-with-tomatoes-caramelized-red-onions-and-mozzarella
https://lacuisinedebernard.com/wheat-salad-with-tomatoes-caramelized-red-onions-and-mozzarella/,https://staging.lacuisinedebernard.com/wheat-salad-with-tomatoes-caramelized-red-onions-and-mozzarella
https://www.lacuisinedebernard.com/wheat-salad-with-tomatoes-caramelized-red-onions-and-mozzarella,https://staging.lacuisinedebernard.com/wheat-salad-with-tomatoes-caramelized-red-onions-and-mozzarella
https://www.lacuisinedebernard.com/wheat-salad-with-tomatoes-caramelized-red-onions-and-mozzarella/,https://staging.lacuisinedebernard.com/wheat-salad-with-tomatoes-caramelized-red-onions-and-mozzarella
https://lacuisinedebernard.com/espaguetis-con-chile-atun-y-limon,https://staging.lacuisinedebernard.com/espaguetis-con-chile-atun-y-limon
https://lacuisinedebernard.com/espaguetis-con-chile-atun-y-limon/,https://staging.lacuisinedebernard.com/espaguetis-con-chile-atun-y-limon
https://www.lacuisinedebernard.com/espaguetis-con-chile-atun-y-limon,https://staging.lacuisinedebernard.com/espaguetis-con-chile-atun-y-limon
https://www.lacuisinedebernard.com/espaguetis-con-chile-atun-y-limon/,https://staging.lacuisinedebernard.com/espaguetis-con-chile-atun-y-limon
https://lacuisinedebernard.com/salada-de-quinoa-fresca-com-legumes,https://staging.lacuisinedebernard.com/salada-de-quinoa-fresca-com-legumes
https://lacuisinedebernard.com/salada-de-quinoa-fresca-com-legumes/,https://staging.lacuisinedebernard.com/salada-de-quinoa-fresca-com-legumes
https://www.lacuisinedebernard.com/salada-de-quinoa-fresca-com-legumes,https://staging.lacuisinedebernard.com/salada-de-quinoa-fresca-com-legumes
https://www.lacuisinedebernard.com/salada-de-quinoa-fresca-com-legumes/,https://staging.lacuisinedebernard.com/salada-de-quinoa-fresca-com-legumes
https://lacuisinedebernard.com/pasta-de-anacardos-con-eneldo,https://staging.lacuisinedebernard.com/pasta-de-anacardos-con-eneldo
https://lacuisinedebernard.com/pasta-de-anacardos-con-eneldo/,https://staging.lacuisinedebernard.com/pasta-de-anacardos-con-eneldo
https://www.lacuisinedebernard.com/pasta-de-anacardos-con-eneldo,https://staging.lacuisinedebernard.com/pasta-de-anacardos-con-eneldo
https://www.lacuisinedebernard.com/pasta-de-anacardos-con-eneldo/,https://staging.lacuisinedebernard.com/pasta-de-anacardos-con-eneldo
https://lacuisinedebernard.com/pasta-de-castanha-de-caju-com-aneto,https://staging.lacuisinedebernard.com/pasta-de-castanha-de-caju-com-aneto
https://lacuisinedebernard.com/pasta-de-castanha-de-caju-com-aneto/,https://staging.lacuisinedebernard.com/pasta-de-castanha-de-caju-com-aneto
https://www.lacuisinedebernard.com/pasta-de-castanha-de-caju-com-aneto,https://staging.lacuisinedebernard.com/pasta-de-castanha-de-caju-com-aneto
https://www.lacuisinedebernard.com/pasta-de-castanha-de-caju-com-aneto/,https://staging.lacuisinedebernard.com/pasta-de-castanha-de-caju-com-aneto
https://lacuisinedebernard.com/tabbouleh-turco,https://staging.lacuisinedebernard.com/tabbouleh-turco
https://lacuisinedebernard.com/tabbouleh-turco/,https://staging.lacuisinedebernard.com/tabbouleh-turco
https://www.lacuisinedebernard.com/tabbouleh-turco,https://staging.lacuisinedebernard.com/tabbouleh-turco
https://www.lacuisinedebernard.com/tabbouleh-turco/,https://staging.lacuisinedebernard.com/tabbouleh-turco
https://lacuisinedebernard.com/salmon-gravlax,https://staging.lacuisinedebernard.com/salmon-gravlax
https://lacuisinedebernard.com/salmon-gravlax/,https://staging.lacuisinedebernard.com/salmon-gravlax
https://www.lacuisinedebernard.com/salmon-gravlax,https://staging.lacuisinedebernard.com/salmon-gravlax
https://www.lacuisinedebernard.com/salmon-gravlax/,https://staging.lacuisinedebernard.com/salmon-gravlax
https://lacuisinedebernard.com/%d8%a7%d9%84%d8%ad%d9%86%d8%b7%d8%a9-%d8%a7%d9%84%d8%b3%d9%88%d8%af%d8%a7%d8%a1-%d8%a7%d9%84%d9%84%d8%b0%d9%8a%d8%b0%d8%a9-%d9%88%d8%a7%d9%84%d9%83%d9%8a%d9%86%d9%88%d8%a7-%d9%88%d8%b9%d8%b5%d9%8a,https://staging.lacuisinedebernard.com/%d8%a7%d9%84%d8%ad%d9%86%d8%b7%d8%a9-%d8%a7%d9%84%d8%b3%d9%88%d8%af%d8%a7%d8%a1-%d8%a7%d9%84%d9%84%d8%b0%d9%8a%d8%b0%d8%a9-%d9%88%d8%a7%d9%84%d9%83%d9%8a%d9%86%d9%88%d8%a7-%d9%88%d8%b9%d8%b5%d9%8a
https://lacuisinedebernard.com/%d8%a7%d9%84%d8%ad%d9%86%d8%b7%d8%a9-%d8%a7%d9%84%d8%b3%d9%88%d8%af%d8%a7%d8%a1-%d8%a7%d9%84%d9%84%d8%b0%d9%8a%d8%b0%d8%a9-%d9%88%d8%a7%d9%84%d9%83%d9%8a%d9%86%d9%88%d8%a7-%d9%88%d8%b9%d8%b5%d9%8a/,https://staging.lacuisinedebernard.com/%d8%a7%d9%84%d8%ad%d9%86%d8%b7%d8%a9-%d8%a7%d9%84%d8%b3%d9%88%d8%af%d8%a7%d8%a1-%d8%a7%d9%84%d9%84%d8%b0%d9%8a%d8%b0%d8%a9-%d9%88%d8%a7%d9%84%d9%83%d9%8a%d9%86%d9%88%d8%a7-%d9%88%d8%b9%d8%b5%d9%8a
https://www.lacuisinedebernard.com/%d8%a7%d9%84%d8%ad%d9%86%d8%b7%d8%a9-%d8%a7%d9%84%d8%b3%d9%88%d8%af%d8%a7%d8%a1-%d8%a7%d9%84%d9%84%d8%b0%d9%8a%d8%b0%d8%a9-%d9%88%d8%a7%d9%84%d9%83%d9%8a%d9%86%d9%88%d8%a7-%d9%88%d8%b9%d8%b5%d9%8a,https://staging.lacuisinedebernard.com/%d8%a7%d9%84%d8%ad%d9%86%d8%b7%d8%a9-%d8%a7%d9%84%d8%b3%d9%88%d8%af%d8%a7%d8%a1-%d8%a7%d9%84%d9%84%d8%b0%d9%8a%d8%b0%d8%a9-%d9%88%d8%a7%d9%84%d9%83%d9%8a%d9%86%d9%88%d8%a7-%d9%88%d8%b9%d8%b5%d9%8a
https://www.lacuisinedebernard.com/%d8%a7%d9%84%d8%ad%d9%86%d8%b7%d8%a9-%d8%a7%d9%84%d8%b3%d9%88%d8%af%d8%a7%d8%a1-%d8%a7%d9%84%d9%84%d8%b0%d9%8a%d8%b0%d8%a9-%d9%88%d8%a7%d9%84%d9%83%d9%8a%d9%86%d9%88%d8%a7-%d9%88%d8%b9%d8%b5%d9%8a/,https://staging.lacuisinedebernard.com/%d8%a7%d9%84%d8%ad%d9%86%d8%b7%d8%a9-%d8%a7%d9%84%d8%b3%d9%88%d8%af%d8%a7%d8%a1-%d8%a7%d9%84%d9%84%d8%b0%d9%8a%d8%b0%d8%a9-%d9%88%d8%a7%d9%84%d9%83%d9%8a%d9%86%d9%88%d8%a7-%d9%88%d8%b9%d8%b5%d9%8a
https://lacuisinedebernard.com/epoisses-and-maroilles-savoury-tartlets,https://staging.lacuisinedebernard.com/epoisses-and-maroilles-savoury-tartlets
https://lacuisinedebernard.com/epoisses-and-maroilles-savoury-tartlets/,https://staging.lacuisinedebernard.com/epoisses-and-maroilles-savoury-tartlets
https://www.lacuisinedebernard.com/epoisses-and-maroilles-savoury-tartlets,https://staging.lacuisinedebernard.com/epoisses-and-maroilles-savoury-tartlets
https://www.lacuisinedebernard.com/epoisses-and-maroilles-savoury-tartlets/,https://staging.lacuisinedebernard.com/epoisses-and-maroilles-savoury-tartlets
https://lacuisinedebernard.com/fresh-quinoa-vegetable-salad,https://staging.lacuisinedebernard.com/fresh-quinoa-vegetable-salad
https://lacuisinedebernard.com/fresh-quinoa-vegetable-salad/,https://staging.lacuisinedebernard.com/fresh-quinoa-vegetable-salad
https://www.lacuisinedebernard.com/fresh-quinoa-vegetable-salad,https://staging.lacuisinedebernard.com/fresh-quinoa-vegetable-salad
https://www.lacuisinedebernard.com/fresh-quinoa-vegetable-salad/,https://staging.lacuisinedebernard.com/fresh-quinoa-vegetable-salad
https://lacuisinedebernard.com/salada-de-massa-com-molho-cesar,https://staging.lacuisinedebernard.com/salada-de-massa-com-molho-cesar
https://lacuisinedebernard.com/salada-de-massa-com-molho-cesar/,https://staging.lacuisinedebernard.com/salada-de-massa-com-molho-cesar
https://www.lacuisinedebernard.com/salada-de-massa-com-molho-cesar,https://staging.lacuisinedebernard.com/salada-de-massa-com-molho-cesar
https://www.lacuisinedebernard.com/salada-de-massa-com-molho-cesar/,https://staging.lacuisinedebernard.com/salada-de-massa-com-molho-cesar
https://lacuisinedebernard.com/%d8%b3%d9%84%d8%b7%d8%a9-%d9%82%d9%85%d8%ad-%d9%85%d8%b9-%d8%b7%d9%85%d8%a7%d8%b7%d9%85-%d8%8c-%d8%a8%d8%b5%d9%84-%d8%a3%d8%ad%d9%85%d8%b1-%d9%85%d9%83%d8%b1%d9%85%d9%84-%d9%88-%d9%85%d9%88%d8%b2,https://staging.lacuisinedebernard.com/%d8%b3%d9%84%d8%b7%d8%a9-%d9%82%d9%85%d8%ad-%d9%85%d8%b9-%d8%b7%d9%85%d8%a7%d8%b7%d9%85-%d8%8c-%d8%a8%d8%b5%d9%84-%d8%a3%d8%ad%d9%85%d8%b1-%d9%85%d9%83%d8%b1%d9%85%d9%84-%d9%88-%d9%85%d9%88%d8%b2
https://lacuisinedebernard.com/%d8%b3%d9%84%d8%b7%d8%a9-%d9%82%d9%85%d8%ad-%d9%85%d8%b9-%d8%b7%d9%85%d8%a7%d8%b7%d9%85-%d8%8c-%d8%a8%d8%b5%d9%84-%d8%a3%d8%ad%d9%85%d8%b1-%d9%85%d9%83%d8%b1%d9%85%d9%84-%d9%88-%d9%85%d9%88%d8%b2/,https://staging.lacuisinedebernard.com/%d8%b3%d9%84%d8%b7%d8%a9-%d9%82%d9%85%d8%ad-%d9%85%d8%b9-%d8%b7%d9%85%d8%a7%d8%b7%d9%85-%d8%8c-%d8%a8%d8%b5%d9%84-%d8%a3%d8%ad%d9%85%d8%b1-%d9%85%d9%83%d8%b1%d9%85%d9%84-%d9%88-%d9%85%d9%88%d8%b2
https://www.lacuisinedebernard.com/%d8%b3%d9%84%d8%b7%d8%a9-%d9%82%d9%85%d8%ad-%d9%85%d8%b9-%d8%b7%d9%85%d8%a7%d8%b7%d9%85-%d8%8c-%d8%a8%d8%b5%d9%84-%d8%a3%d8%ad%d9%85%d8%b1-%d9%85%d9%83%d8%b1%d9%85%d9%84-%d9%88-%d9%85%d9%88%d8%b2,https://staging.lacuisinedebernard.com/%d8%b3%d9%84%d8%b7%d8%a9-%d9%82%d9%85%d8%ad-%d9%85%d8%b9-%d8%b7%d9%85%d8%a7%d8%b7%d9%85-%d8%8c-%d8%a8%d8%b5%d9%84-%d8%a3%d8%ad%d9%85%d8%b1-%d9%85%d9%83%d8%b1%d9%85%d9%84-%d9%88-%d9%85%d9%88%d8%b2
https://www.lacuisinedebernard.com/%d8%b3%d9%84%d8%b7%d8%a9-%d9%82%d9%85%d8%ad-%d9%85%d8%b9-%d8%b7%d9%85%d8%a7%d8%b7%d9%85-%d8%8c-%d8%a8%d8%b5%d9%84-%d8%a3%d8%ad%d9%85%d8%b1-%d9%85%d9%83%d8%b1%d9%85%d9%84-%d9%88-%d9%85%d9%88%d8%b2/,https://staging.lacuisinedebernard.com/%d8%b3%d9%84%d8%b7%d8%a9-%d9%82%d9%85%d8%ad-%d9%85%d8%b9-%d8%b7%d9%85%d8%a7%d8%b7%d9%85-%d8%8c-%d8%a8%d8%b5%d9%84-%d8%a3%d8%ad%d9%85%d8%b1-%d9%85%d9%83%d8%b1%d9%85%d9%84-%d9%88-%d9%85%d9%88%d8%b2
https://lacuisinedebernard.com/limones-conservados-en-sal,https://staging.lacuisinedebernard.com/limones-conservados-en-sal
https://lacuisinedebernard.com/limones-conservados-en-sal/,https://staging.lacuisinedebernard.com/limones-conservados-en-sal
https://www.lacuisinedebernard.com/limones-conservados-en-sal,https://staging.lacuisinedebernard.com/limones-conservados-en-sal
https://www.lacuisinedebernard.com/limones-conservados-en-sal/,https://staging.lacuisinedebernard.com/limones-conservados-en-sal
https://lacuisinedebernard.com/esparguete-com-pimenta-atum-e-limao,https://staging.lacuisinedebernard.com/esparguete-com-pimenta-atum-e-limao
https://lacuisinedebernard.com/esparguete-com-pimenta-atum-e-limao/,https://staging.lacuisinedebernard.com/esparguete-com-pimenta-atum-e-limao
https://www.lacuisinedebernard.com/esparguete-com-pimenta-atum-e-limao,https://staging.lacuisinedebernard.com/esparguete-com-pimenta-atum-e-limao
https://www.lacuisinedebernard.com/esparguete-com-pimenta-atum-e-limao/,https://staging.lacuisinedebernard.com/esparguete-com-pimenta-atum-e-limao
https://lacuisinedebernard.com/cashew-nut-paste-with-dill,https://staging.lacuisinedebernard.com/cashew-nut-paste-with-dill
https://lacuisinedebernard.com/cashew-nut-paste-with-dill/,https://staging.lacuisinedebernard.com/cashew-nut-paste-with-dill
https://www.lacuisinedebernard.com/cashew-nut-paste-with-dill,https://staging.lacuisinedebernard.com/cashew-nut-paste-with-dill
https://www.lacuisinedebernard.com/cashew-nut-paste-with-dill/,https://staging.lacuisinedebernard.com/cashew-nut-paste-with-dill
https://lacuisinedebernard.com/%d9%81%d8%b7%d8%a7%d8%a6%d8%b1-%d8%a5%d8%a8%d9%88%d8%a7%d8%b3-%d9%88%d9%85%d8%a7%d8%b1%d9%88%d9%8a%d9%84-%d8%a7%d9%84%d9%84%d8%b0%d9%8a%d8%b0%d8%a9,https://staging.lacuisinedebernard.com/%d9%81%d8%b7%d8%a7%d8%a6%d8%b1-%d8%a5%d8%a8%d9%88%d8%a7%d8%b3-%d9%88%d9%85%d8%a7%d8%b1%d9%88%d9%8a%d9%84-%d8%a7%d9%84%d9%84%d8%b0%d9%8a%d8%b0%d8%a9
https://lacuisinedebernard.com/%d9%81%d8%b7%d8%a7%d8%a6%d8%b1-%d8%a5%d8%a8%d9%88%d8%a7%d8%b3-%d9%88%d9%85%d8%a7%d8%b1%d9%88%d9%8a%d9%84-%d8%a7%d9%84%d9%84%d8%b0%d9%8a%d8%b0%d8%a9/,https://staging.lacuisinedebernard.com/%d9%81%d8%b7%d8%a7%d8%a6%d8%b1-%d8%a5%d8%a8%d9%88%d8%a7%d8%b3-%d9%88%d9%85%d8%a7%d8%b1%d9%88%d9%8a%d9%84-%d8%a7%d9%84%d9%84%d8%b0%d9%8a%d8%b0%d8%a9
https://www.lacuisinedebernard.com/%d9%81%d8%b7%d8%a7%d8%a6%d8%b1-%d8%a5%d8%a8%d9%88%d8%a7%d8%b3-%d9%88%d9%85%d8%a7%d8%b1%d9%88%d9%8a%d9%84-%d8%a7%d9%84%d9%84%d8%b0%d9%8a%d8%b0%d8%a9,https://staging.lacuisinedebernard.com/%d9%81%d8%b7%d8%a7%d8%a6%d8%b1-%d8%a5%d8%a8%d9%88%d8%a7%d8%b3-%d9%88%d9%85%d8%a7%d8%b1%d9%88%d9%8a%d9%84-%d8%a7%d9%84%d9%84%d8%b0%d9%8a%d8%b0%d8%a9
https://www.lacuisinedebernard.com/%d9%81%d8%b7%d8%a7%d8%a6%d8%b1-%d8%a5%d8%a8%d9%88%d8%a7%d8%b3-%d9%88%d9%85%d8%a7%d8%b1%d9%88%d9%8a%d9%84-%d8%a7%d9%84%d9%84%d8%b0%d9%8a%d8%b0%d8%a9/,https://staging.lacuisinedebernard.com/%d9%81%d8%b7%d8%a7%d8%a6%d8%b1-%d8%a5%d8%a8%d9%88%d8%a7%d8%b3-%d9%88%d9%85%d8%a7%d8%b1%d9%88%d9%8a%d9%84-%d8%a7%d9%84%d9%84%d8%b0%d9%8a%d8%b0%d8%a9
https://lacuisinedebernard.com/%d8%b3%d9%84%d8%b7%d8%a9-%d8%a7%d9%84%d9%83%d9%8a%d9%86%d9%88%d8%a7-%d8%a7%d9%84%d8%b7%d8%a7%d8%b2%d8%ac%d8%a9-%d9%85%d8%b9-%d8%a7%d9%84%d8%ae%d8%b6%d8%a7%d8%b1,https://staging.lacuisinedebernard.com/%d8%b3%d9%84%d8%b7%d8%a9-%d8%a7%d9%84%d9%83%d9%8a%d9%86%d9%88%d8%a7-%d8%a7%d9%84%d8%b7%d8%a7%d8%b2%d8%ac%d8%a9-%d9%85%d8%b9-%d8%a7%d9%84%d8%ae%d8%b6%d8%a7%d8%b1
https://lacuisinedebernard.com/%d8%b3%d9%84%d8%b7%d8%a9-%d8%a7%d9%84%d9%83%d9%8a%d9%86%d9%88%d8%a7-%d8%a7%d9%84%d8%b7%d8%a7%d8%b2%d8%ac%d8%a9-%d9%85%d8%b9-%d8%a7%d9%84%d8%ae%d8%b6%d8%a7%d8%b1/,https://staging.lacuisinedebernard.com/%d8%b3%d9%84%d8%b7%d8%a9-%d8%a7%d9%84%d9%83%d9%8a%d9%86%d9%88%d8%a7-%d8%a7%d9%84%d8%b7%d8%a7%d8%b2%d8%ac%d8%a9-%d9%85%d8%b9-%d8%a7%d9%84%d8%ae%d8%b6%d8%a7%d8%b1
https://www.lacuisinedebernard.com/%d8%b3%d9%84%d8%b7%d8%a9-%d8%a7%d9%84%d9%83%d9%8a%d9%86%d9%88%d8%a7-%d8%a7%d9%84%d8%b7%d8%a7%d8%b2%d8%ac%d8%a9-%d9%85%d8%b9-%d8%a7%d9%84%d8%ae%d8%b6%d8%a7%d8%b1,https://staging.lacuisinedebernard.com/%d8%b3%d9%84%d8%b7%d8%a9-%d8%a7%d9%84%d9%83%d9%8a%d9%86%d9%88%d8%a7-%d8%a7%d9%84%d8%b7%d8%a7%d8%b2%d8%ac%d8%a9-%d9%85%d8%b9-%d8%a7%d9%84%d8%ae%d8%b6%d8%a7%d8%b1
https://www.lacuisinedebernard.com/%d8%b3%d9%84%d8%b7%d8%a9-%d8%a7%d9%84%d9%83%d9%8a%d9%86%d9%88%d8%a7-%d8%a7%d9%84%d8%b7%d8%a7%d8%b2%d8%ac%d8%a9-%d9%85%d8%b9-%d8%a7%d9%84%d8%ae%d8%b6%d8%a7%d8%b1/,https://staging.lacuisinedebernard.com/%d8%b3%d9%84%d8%b7%d8%a9-%d8%a7%d9%84%d9%83%d9%8a%d9%86%d9%88%d8%a7-%d8%a7%d9%84%d8%b7%d8%a7%d8%b2%d8%ac%d8%a9-%d9%85%d8%b9-%d8%a7%d9%84%d8%ae%d8%b6%d8%a7%d8%b1
https://lacuisinedebernard.com/gachas-de-trigo-saladas-con-leche-de-coco-zanahorias-y-cacahuetes-pollo-con-miel-y-sesamo,https://staging.lacuisinedebernard.com/gachas-de-trigo-saladas-con-leche-de-coco-zanahorias-y-cacahuetes-pollo-con-miel-y-sesamo
https://lacuisinedebernard.com/gachas-de-trigo-saladas-con-leche-de-coco-zanahorias-y-cacahuetes-pollo-con-miel-y-sesamo/,https://staging.lacuisinedebernard.com/gachas-de-trigo-saladas-con-leche-de-coco-zanahorias-y-cacahuetes-pollo-con-miel-y-sesamo
https://www.lacuisinedebernard.com/gachas-de-trigo-saladas-con-leche-de-coco-zanahorias-y-cacahuetes-pollo-con-miel-y-sesamo,https://staging.lacuisinedebernard.com/gachas-de-trigo-saladas-con-leche-de-coco-zanahorias-y-cacahuetes-pollo-con-miel-y-sesamo
https://www.lacuisinedebernard.com/gachas-de-trigo-saladas-con-leche-de-coco-zanahorias-y-cacahuetes-pollo-con-miel-y-sesamo/,https://staging.lacuisinedebernard.com/gachas-de-trigo-saladas-con-leche-de-coco-zanahorias-y-cacahuetes-pollo-con-miel-y-sesamo
https://lacuisinedebernard.com/spaghetti-with-chilli-tuna-and-lemon,https://staging.lacuisinedebernard.com/spaghetti-with-chilli-tuna-and-lemon
https://lacuisinedebernard.com/spaghetti-with-chilli-tuna-and-lemon/,https://staging.lacuisinedebernard.com/spaghetti-with-chilli-tuna-and-lemon
https://www.lacuisinedebernard.com/spaghetti-with-chilli-tuna-and-lemon,https://staging.lacuisinedebernard.com/spaghetti-with-chilli-tuna-and-lemon
https://www.lacuisinedebernard.com/spaghetti-with-chilli-tuna-and-lemon/,https://staging.lacuisinedebernard.com/spaghetti-with-chilli-tuna-and-lemon
https://lacuisinedebernard.com/lead-pasta-salad-with-caesar-sauce,https://staging.lacuisinedebernard.com/lead-pasta-salad-with-caesar-sauce
https://lacuisinedebernard.com/lead-pasta-salad-with-caesar-sauce/,https://staging.lacuisinedebernard.com/lead-pasta-salad-with-caesar-sauce
https://www.lacuisinedebernard.com/lead-pasta-salad-with-caesar-sauce,https://staging.lacuisinedebernard.com/lead-pasta-salad-with-caesar-sauce
https://www.lacuisinedebernard.com/lead-pasta-salad-with-caesar-sauce/,https://staging.lacuisinedebernard.com/lead-pasta-salad-with-caesar-sauce
https://lacuisinedebernard.com/limoes-conservados-em-sal,https://staging.lacuisinedebernard.com/limoes-conservados-em-sal
https://lacuisinedebernard.com/limoes-conservados-em-sal/,https://staging.lacuisinedebernard.com/limoes-conservados-em-sal
https://www.lacuisinedebernard.com/limoes-conservados-em-sal,https://staging.lacuisinedebernard.com/limoes-conservados-em-sal
https://www.lacuisinedebernard.com/limoes-conservados-em-sal/,https://staging.lacuisinedebernard.com/limoes-conservados-em-sal
https://lacuisinedebernard.com/gachas-saladas-de-trigo-sarraceno-quinoa-y-edamame-con-especias,https://staging.lacuisinedebernard.com/gachas-saladas-de-trigo-sarraceno-quinoa-y-edamame-con-especias
https://lacuisinedebernard.com/gachas-saladas-de-trigo-sarraceno-quinoa-y-edamame-con-especias/,https://staging.lacuisinedebernard.com/gachas-saladas-de-trigo-sarraceno-quinoa-y-edamame-con-especias
https://www.lacuisinedebernard.com/gachas-saladas-de-trigo-sarraceno-quinoa-y-edamame-con-especias,https://staging.lacuisinedebernard.com/gachas-saladas-de-trigo-sarraceno-quinoa-y-edamame-con-especias
https://www.lacuisinedebernard.com/gachas-saladas-de-trigo-sarraceno-quinoa-y-edamame-con-especias/,https://staging.lacuisinedebernard.com/gachas-saladas-de-trigo-sarraceno-quinoa-y-edamame-con-especias
https://lacuisinedebernard.com/papas-de-trigo-salgadas-com-leite-de-coco-cenouras-e-amendoins-frango-com-mel-e-sesamo,https://staging.lacuisinedebernard.com/papas-de-trigo-salgadas-com-leite-de-coco-cenouras-e-amendoins-frango-com-mel-e-sesamo
https://lacuisinedebernard.com/papas-de-trigo-salgadas-com-leite-de-coco-cenouras-e-amendoins-frango-com-mel-e-sesamo/,https://staging.lacuisinedebernard.com/papas-de-trigo-salgadas-com-leite-de-coco-cenouras-e-amendoins-frango-com-mel-e-sesamo
https://www.lacuisinedebernard.com/papas-de-trigo-salgadas-com-leite-de-coco-cenouras-e-amendoins-frango-com-mel-e-sesamo,https://staging.lacuisinedebernard.com/papas-de-trigo-salgadas-com-leite-de-coco-cenouras-e-amendoins-frango-com-mel-e-sesamo
https://www.lacuisinedebernard.com/papas-de-trigo-salgadas-com-leite-de-coco-cenouras-e-amendoins-frango-com-mel-e-sesamo/,https://staging.lacuisinedebernard.com/papas-de-trigo-salgadas-com-leite-de-coco-cenouras-e-amendoins-frango-com-mel-e-sesamo
https://lacuisinedebernard.com/turkish-tabbouleh,https://staging.lacuisinedebernard.com/turkish-tabbouleh
https://lacuisinedebernard.com/turkish-tabbouleh/,https://staging.lacuisinedebernard.com/turkish-tabbouleh
https://www.lacuisinedebernard.com/turkish-tabbouleh,https://staging.lacuisinedebernard.com/turkish-tabbouleh
https://www.lacuisinedebernard.com/turkish-tabbouleh/,https://staging.lacuisinedebernard.com/turkish-tabbouleh
https://lacuisinedebernard.com/ensalada-de-trigo-con-tomate-cebolla-roja-caramelizada-y-mozzarella,https://staging.lacuisinedebernard.com/ensalada-de-trigo-con-tomate-cebolla-roja-caramelizada-y-mozzarella
https://lacuisinedebernard.com/ensalada-de-trigo-con-tomate-cebolla-roja-caramelizada-y-mozzarella/,https://staging.lacuisinedebernard.com/ensalada-de-trigo-con-tomate-cebolla-roja-caramelizada-y-mozzarella
https://www.lacuisinedebernard.com/ensalada-de-trigo-con-tomate-cebolla-roja-caramelizada-y-mozzarella,https://staging.lacuisinedebernard.com/ensalada-de-trigo-con-tomate-cebolla-roja-caramelizada-y-mozzarella
https://www.lacuisinedebernard.com/ensalada-de-trigo-con-tomate-cebolla-roja-caramelizada-y-mozzarella/,https://staging.lacuisinedebernard.com/ensalada-de-trigo-con-tomate-cebolla-roja-caramelizada-y-mozzarella
https://lacuisinedebernard.com/%d8%b3%d9%84%d8%b7%d8%a9-%d8%b9%d8%ac%d9%8a%d9%86-%d8%a7%d9%84%d8%b1%d8%b5%d8%a7%d8%b5-%d9%85%d8%b9-%d8%b5%d9%88%d8%b5-%d8%b3%d9%8a%d8%b2%d8%b1,https://staging.lacuisinedebernard.com/%d8%b3%d9%84%d8%b7%d8%a9-%d8%b9%d8%ac%d9%8a%d9%86-%d8%a7%d9%84%d8%b1%d8%b5%d8%a7%d8%b5-%d9%85%d8%b9-%d8%b5%d9%88%d8%b5-%d8%b3%d9%8a%d8%b2%d8%b1
https://lacuisinedebernard.com/%d8%b3%d9%84%d8%b7%d8%a9-%d8%b9%d8%ac%d9%8a%d9%86-%d8%a7%d9%84%d8%b1%d8%b5%d8%a7%d8%b5-%d9%85%d8%b9-%d8%b5%d9%88%d8%b5-%d8%b3%d9%8a%d8%b2%d8%b1/,https://staging.lacuisinedebernard.com/%d8%b3%d9%84%d8%b7%d8%a9-%d8%b9%d8%ac%d9%8a%d9%86-%d8%a7%d9%84%d8%b1%d8%b5%d8%a7%d8%b5-%d9%85%d8%b9-%d8%b5%d9%88%d8%b5-%d8%b3%d9%8a%d8%b2%d8%b1
https://www.lacuisinedebernard.com/%d8%b3%d9%84%d8%b7%d8%a9-%d8%b9%d8%ac%d9%8a%d9%86-%d8%a7%d9%84%d8%b1%d8%b5%d8%a7%d8%b5-%d9%85%d8%b9-%d8%b5%d9%88%d8%b5-%d8%b3%d9%8a%d8%b2%d8%b1,https://staging.lacuisinedebernard.com/%d8%b3%d9%84%d8%b7%d8%a9-%d8%b9%d8%ac%d9%8a%d9%86-%d8%a7%d9%84%d8%b1%d8%b5%d8%a7%d8%b5-%d9%85%d8%b9-%d8%b5%d9%88%d8%b5-%d8%b3%d9%8a%d8%b2%d8%b1
https://www.lacuisinedebernard.com/%d8%b3%d9%84%d8%b7%d8%a9-%d8%b9%d8%ac%d9%8a%d9%86-%d8%a7%d9%84%d8%b1%d8%b5%d8%a7%d8%b5-%d9%85%d8%b9-%d8%b5%d9%88%d8%b5-%d8%b3%d9%8a%d8%b2%d8%b1/,https://staging.lacuisinedebernard.com/%d8%b3%d9%84%d8%b7%d8%a9-%d8%b9%d8%ac%d9%8a%d9%86-%d8%a7%d9%84%d8%b1%d8%b5%d8%a7%d8%b5-%d9%85%d8%b9-%d8%b5%d9%88%d8%b5-%d8%b3%d9%8a%d8%b2%d8%b1
https://lacuisinedebernard.com/tartar-de-salmon-con-alcaparras-y-cebollas-rojas,https://staging.lacuisinedebernard.com/tartar-de-salmon-con-alcaparras-y-cebollas-rojas
https://lacuisinedebernard.com/tartar-de-salmon-con-alcaparras-y-cebollas-rojas/,https://staging.lacuisinedebernard.com/tartar-de-salmon-con-alcaparras-y-cebollas-rojas
https://www.lacuisinedebernard.com/tartar-de-salmon-con-alcaparras-y-cebollas-rojas,https://staging.lacuisinedebernard.com/tartar-de-salmon-con-alcaparras-y-cebollas-rojas
https://www.lacuisinedebernard.com/tartar-de-salmon-con-alcaparras-y-cebollas-rojas/,https://staging.lacuisinedebernard.com/tartar-de-salmon-con-alcaparras-y-cebollas-rojas
https://lacuisinedebernard.com/%d8%b3%d8%a8%d8%a7%d8%ba%d9%8a%d8%aa%d9%8a-%d8%a8%d8%a7%d9%84%d9%81%d9%84%d9%81%d9%84-%d8%a7%d9%84%d8%ad%d8%a7%d8%b1-%d9%88%d8%a7%d9%84%d8%aa%d9%88%d9%86%d8%a9-%d9%88%d8%a7%d9%84%d9%84%d9%8a%d9%85,https://staging.lacuisinedebernard.com/%d8%b3%d8%a8%d8%a7%d8%ba%d9%8a%d8%aa%d9%8a-%d8%a8%d8%a7%d9%84%d9%81%d9%84%d9%81%d9%84-%d8%a7%d9%84%d8%ad%d8%a7%d8%b1-%d9%88%d8%a7%d9%84%d8%aa%d9%88%d9%86%d8%a9-%d9%88%d8%a7%d9%84%d9%84%d9%8a%d9%85
https://lacuisinedebernard.com/%d8%b3%d8%a8%d8%a7%d8%ba%d9%8a%d8%aa%d9%8a-%d8%a8%d8%a7%d9%84%d9%81%d9%84%d9%81%d9%84-%d8%a7%d9%84%d8%ad%d8%a7%d8%b1-%d9%88%d8%a7%d9%84%d8%aa%d9%88%d9%86%d8%a9-%d9%88%d8%a7%d9%84%d9%84%d9%8a%d9%85/,https://staging.lacuisinedebernard.com/%d8%b3%d8%a8%d8%a7%d8%ba%d9%8a%d8%aa%d9%8a-%d8%a8%d8%a7%d9%84%d9%81%d9%84%d9%81%d9%84-%d8%a7%d9%84%d8%ad%d8%a7%d8%b1-%d9%88%d8%a7%d9%84%d8%aa%d9%88%d9%86%d8%a9-%d9%88%d8%a7%d9%84%d9%84%d9%8a%d9%85
https://www.lacuisinedebernard.com/%d8%b3%d8%a8%d8%a7%d8%ba%d9%8a%d8%aa%d9%8a-%d8%a8%d8%a7%d9%84%d9%81%d9%84%d9%81%d9%84-%d8%a7%d9%84%d8%ad%d8%a7%d8%b1-%d9%88%d8%a7%d9%84%d8%aa%d9%88%d9%86%d8%a9-%d9%88%d8%a7%d9%84%d9%84%d9%8a%d9%85,https://staging.lacuisinedebernard.com/%d8%b3%d8%a8%d8%a7%d8%ba%d9%8a%d8%aa%d9%8a-%d8%a8%d8%a7%d9%84%d9%81%d9%84%d9%81%d9%84-%d8%a7%d9%84%d8%ad%d8%a7%d8%b1-%d9%88%d8%a7%d9%84%d8%aa%d9%88%d9%86%d8%a9-%d9%88%d8%a7%d9%84%d9%84%d9%8a%d9%85
https://www.lacuisinedebernard.com/%d8%b3%d8%a8%d8%a7%d8%ba%d9%8a%d8%aa%d9%8a-%d8%a8%d8%a7%d9%84%d9%81%d9%84%d9%81%d9%84-%d8%a7%d9%84%d8%ad%d8%a7%d8%b1-%d9%88%d8%a7%d9%84%d8%aa%d9%88%d9%86%d8%a9-%d9%88%d8%a7%d9%84%d9%84%d9%8a%d9%85/,https://staging.lacuisinedebernard.com/%d8%b3%d8%a8%d8%a7%d8%ba%d9%8a%d8%aa%d9%8a-%d8%a8%d8%a7%d9%84%d9%81%d9%84%d9%81%d9%84-%d8%a7%d9%84%d8%ad%d8%a7%d8%b1-%d9%88%d8%a7%d9%84%d8%aa%d9%88%d9%86%d8%a9-%d9%88%d8%a7%d9%84%d9%84%d9%8a%d9%85
https://lacuisinedebernard.com/candied-lemons-with-salt,https://staging.lacuisinedebernard.com/candied-lemons-with-salt
https://lacuisinedebernard.com/candied-lemons-with-salt/,https://staging.lacuisinedebernard.com/candied-lemons-with-salt
https://www.lacuisinedebernard.com/candied-lemons-with-salt,https://staging.lacuisinedebernard.com/candied-lemons-with-salt
https://www.lacuisinedebernard.com/candied-lemons-with-salt/,https://staging.lacuisinedebernard.com/candied-lemons-with-salt
https://lacuisinedebernard.com/%d8%b3%d9%85%d9%83-%d8%a7%d9%84%d8%b3%d9%84%d9%85%d9%88%d9%86-gravlax,https://staging.lacuisinedebernard.com/%d8%b3%d9%85%d9%83-%d8%a7%d9%84%d8%b3%d9%84%d9%85%d9%88%d9%86-gravlax
https://lacuisinedebernard.com/%d8%b3%d9%85%d9%83-%d8%a7%d9%84%d8%b3%d9%84%d9%85%d9%88%d9%86-gravlax/,https://staging.lacuisinedebernard.com/%d8%b3%d9%85%d9%83-%d8%a7%d9%84%d8%b3%d9%84%d9%85%d9%88%d9%86-gravlax
https://www.lacuisinedebernard.com/%d8%b3%d9%85%d9%83-%d8%a7%d9%84%d8%b3%d9%84%d9%85%d9%88%d9%86-gravlax,https://staging.lacuisinedebernard.com/%d8%b3%d9%85%d9%83-%d8%a7%d9%84%d8%b3%d9%84%d9%85%d9%88%d9%86-gravlax
https://www.lacuisinedebernard.com/%d8%b3%d9%85%d9%83-%d8%a7%d9%84%d8%b3%d9%84%d9%85%d9%88%d9%86-gravlax/,https://staging.lacuisinedebernard.com/%d8%b3%d9%85%d9%83-%d8%a7%d9%84%d8%b3%d9%84%d9%85%d9%88%d9%86-gravlax
https://lacuisinedebernard.com/%d8%b3%d9%85%d9%83-%d8%a7%d9%84%d8%b3%d9%84%d9%85%d9%88%d9%86-%d8%aa%d8%a7%d8%b1%d8%aa%d8%a7%d8%b1-%d9%85%d8%b9-%d8%a7%d9%84%d9%83%d8%a8%d8%b1-%d9%88%d8%a7%d9%84%d8%a8%d8%b5%d9%84-%d8%a7%d9%84%d8%a3,https://staging.lacuisinedebernard.com/%d8%b3%d9%85%d9%83-%d8%a7%d9%84%d8%b3%d9%84%d9%85%d9%88%d9%86-%d8%aa%d8%a7%d8%b1%d8%aa%d8%a7%d8%b1-%d9%85%d8%b9-%d8%a7%d9%84%d9%83%d8%a8%d8%b1-%d9%88%d8%a7%d9%84%d8%a8%d8%b5%d9%84-%d8%a7%d9%84%d8%a3
https://lacuisinedebernard.com/%d8%b3%d9%85%d9%83-%d8%a7%d9%84%d8%b3%d9%84%d9%85%d9%88%d9%86-%d8%aa%d8%a7%d8%b1%d8%aa%d8%a7%d8%b1-%d9%85%d8%b9-%d8%a7%d9%84%d9%83%d8%a8%d8%b1-%d9%88%d8%a7%d9%84%d8%a8%d8%b5%d9%84-%d8%a7%d9%84%d8%a3/,https://staging.lacuisinedebernard.com/%d8%b3%d9%85%d9%83-%d8%a7%d9%84%d8%b3%d9%84%d9%85%d9%88%d9%86-%d8%aa%d8%a7%d8%b1%d8%aa%d8%a7%d8%b1-%d9%85%d8%b9-%d8%a7%d9%84%d9%83%d8%a8%d8%b1-%d9%88%d8%a7%d9%84%d8%a8%d8%b5%d9%84-%d8%a7%d9%84%d8%a3
https://www.lacuisinedebernard.com/%d8%b3%d9%85%d9%83-%d8%a7%d9%84%d8%b3%d9%84%d9%85%d9%88%d9%86-%d8%aa%d8%a7%d8%b1%d8%aa%d8%a7%d8%b1-%d9%85%d8%b9-%d8%a7%d9%84%d9%83%d8%a8%d8%b1-%d9%88%d8%a7%d9%84%d8%a8%d8%b5%d9%84-%d8%a7%d9%84%d8%a3,https://staging.lacuisinedebernard.com/%d8%b3%d9%85%d9%83-%d8%a7%d9%84%d8%b3%d9%84%d9%85%d9%88%d9%86-%d8%aa%d8%a7%d8%b1%d8%aa%d8%a7%d8%b1-%d9%85%d8%b9-%d8%a7%d9%84%d9%83%d8%a8%d8%b1-%d9%88%d8%a7%d9%84%d8%a8%d8%b5%d9%84-%d8%a7%d9%84%d8%a3
https://www.lacuisinedebernard.com/%d8%b3%d9%85%d9%83-%d8%a7%d9%84%d8%b3%d9%84%d9%85%d9%88%d9%86-%d8%aa%d8%a7%d8%b1%d8%aa%d8%a7%d8%b1-%d9%85%d8%b9-%d8%a7%d9%84%d9%83%d8%a8%d8%b1-%d9%88%d8%a7%d9%84%d8%a8%d8%b5%d9%84-%d8%a7%d9%84%d8%a3/,https://staging.lacuisinedebernard.com/%d8%b3%d9%85%d9%83-%d8%a7%d9%84%d8%b3%d9%84%d9%85%d9%88%d9%86-%d8%aa%d8%a7%d8%b1%d8%aa%d8%a7%d8%b1-%d9%85%d8%b9-%d8%a7%d9%84%d9%83%d8%a8%d8%b1-%d9%88%d8%a7%d9%84%d8%a8%d8%b5%d9%84-%d8%a7%d9%84%d8%a3
https://lacuisinedebernard.com/gofres-de-queijo,https://staging.lacuisinedebernard.com/gofres-de-queijo
https://lacuisinedebernard.com/gofres-de-queijo/,https://staging.lacuisinedebernard.com/gofres-de-queijo
https://www.lacuisinedebernard.com/gofres-de-queijo,https://staging.lacuisinedebernard.com/gofres-de-queijo
https://www.lacuisinedebernard.com/gofres-de-queijo/,https://staging.lacuisinedebernard.com/gofres-de-queijo
https://lacuisinedebernard.com/waffles-queijo,https://staging.lacuisinedebernard.com/waffles-queijo
https://lacuisinedebernard.com/waffles-queijo/,https://staging.lacuisinedebernard.com/waffles-queijo
https://www.lacuisinedebernard.com/waffles-queijo,https://staging.lacuisinedebernard.com/waffles-queijo
https://www.lacuisinedebernard.com/waffles-queijo/,https://staging.lacuisinedebernard.com/waffles-queijo
https://lacuisinedebernard.com/waffles-of-queijo,https://staging.lacuisinedebernard.com/waffles-of-queijo
https://lacuisinedebernard.com/waffles-of-queijo/,https://staging.lacuisinedebernard.com/waffles-of-queijo
https://www.lacuisinedebernard.com/waffles-of-queijo,https://staging.lacuisinedebernard.com/waffles-of-queijo
https://www.lacuisinedebernard.com/waffles-of-queijo/,https://staging.lacuisinedebernard.com/waffles-of-queijo
https://lacuisinedebernard.com/%d9%81%d8%b7%d9%8a%d8%b1%d8%a9-%d8%a7%d9%84%d9%83%d8%a7%d8%ac%d9%88-%d9%85%d8%b9-%d8%a7%d9%84%d8%b4%d8%a8%d8%aa,https://staging.lacuisinedebernard.com/%d9%81%d8%b7%d9%8a%d8%b1%d8%a9-%d8%a7%d9%84%d9%83%d8%a7%d8%ac%d9%88-%d9%85%d8%b9-%d8%a7%d9%84%d8%b4%d8%a8%d8%aa
https://lacuisinedebernard.com/%d9%81%d8%b7%d9%8a%d8%b1%d8%a9-%d8%a7%d9%84%d9%83%d8%a7%d8%ac%d9%88-%d9%85%d8%b9-%d8%a7%d9%84%d8%b4%d8%a8%d8%aa/,https://staging.lacuisinedebernard.com/%d9%81%d8%b7%d9%8a%d8%b1%d8%a9-%d8%a7%d9%84%d9%83%d8%a7%d8%ac%d9%88-%d9%85%d8%b9-%d8%a7%d9%84%d8%b4%d8%a8%d8%aa
https://www.lacuisinedebernard.com/%d9%81%d8%b7%d9%8a%d8%b1%d8%a9-%d8%a7%d9%84%d9%83%d8%a7%d8%ac%d9%88-%d9%85%d8%b9-%d8%a7%d9%84%d8%b4%d8%a8%d8%aa,https://staging.lacuisinedebernard.com/%d9%81%d8%b7%d9%8a%d8%b1%d8%a9-%d8%a7%d9%84%d9%83%d8%a7%d8%ac%d9%88-%d9%85%d8%b9-%d8%a7%d9%84%d8%b4%d8%a8%d8%aa
https://www.lacuisinedebernard.com/%d9%81%d8%b7%d9%8a%d8%b1%d8%a9-%d8%a7%d9%84%d9%83%d8%a7%d8%ac%d9%88-%d9%85%d8%b9-%d8%a7%d9%84%d8%b4%d8%a8%d8%aa/,https://staging.lacuisinedebernard.com/%d9%81%d8%b7%d9%8a%d8%b1%d8%a9-%d8%a7%d9%84%d9%83%d8%a7%d8%ac%d9%88-%d9%85%d8%b9-%d8%a7%d9%84%d8%b4%d8%a8%d8%aa
https://lacuisinedebernard.com/salmon-tartar-with-capers-and-red-onions,https://staging.lacuisinedebernard.com/salmon-tartar-with-capers-and-red-onions
https://lacuisinedebernard.com/salmon-tartar-with-capers-and-red-onions/,https://staging.lacuisinedebernard.com/salmon-tartar-with-capers-and-red-onions
https://www.lacuisinedebernard.com/salmon-tartar-with-capers-and-red-onions,https://staging.lacuisinedebernard.com/salmon-tartar-with-capers-and-red-onions
https://www.lacuisinedebernard.com/salmon-tartar-with-capers-and-red-onions/,https://staging.lacuisinedebernard.com/salmon-tartar-with-capers-and-red-onions
https://lacuisinedebernard.com/%d9%81%d8%b7%d8%a7%d8%a6%d8%b1-%d9%83%d9%88%d9%8a%d8%ac%d9%88,https://staging.lacuisinedebernard.com/%d9%81%d8%b7%d8%a7%d8%a6%d8%b1-%d9%83%d9%88%d9%8a%d8%ac%d9%88
https://lacuisinedebernard.com/%d9%81%d8%b7%d8%a7%d8%a6%d8%b1-%d9%83%d9%88%d9%8a%d8%ac%d9%88/,https://staging.lacuisinedebernard.com/%d9%81%d8%b7%d8%a7%d8%a6%d8%b1-%d9%83%d9%88%d9%8a%d8%ac%d9%88
https://www.lacuisinedebernard.com/%d9%81%d8%b7%d8%a7%d8%a6%d8%b1-%d9%83%d9%88%d9%8a%d8%ac%d9%88,https://staging.lacuisinedebernard.com/%d9%81%d8%b7%d8%a7%d8%a6%d8%b1-%d9%83%d9%88%d9%8a%d8%ac%d9%88
https://www.lacuisinedebernard.com/%d9%81%d8%b7%d8%a7%d8%a6%d8%b1-%d9%83%d9%88%d9%8a%d8%ac%d9%88/,https://staging.lacuisinedebernard.com/%d9%81%d8%b7%d8%a7%d8%a6%d8%b1-%d9%83%d9%88%d9%8a%d8%ac%d9%88
https://lacuisinedebernard.com/mani-brittle,https://staging.lacuisinedebernard.com/mani-brittle
https://lacuisinedebernard.com/mani-brittle/,https://staging.lacuisinedebernard.com/mani-brittle
https://www.lacuisinedebernard.com/mani-brittle,https://staging.lacuisinedebernard.com/mani-brittle
https://www.lacuisinedebernard.com/mani-brittle/,https://staging.lacuisinedebernard.com/mani-brittle
https://lacuisinedebernard.com/barras-de-cereales,https://staging.lacuisinedebernard.com/barras-de-cereales
https://lacuisinedebernard.com/barras-de-cereales/,https://staging.lacuisinedebernard.com/barras-de-cereales
https://www.lacuisinedebernard.com/barras-de-cereales,https://staging.lacuisinedebernard.com/barras-de-cereales
https://www.lacuisinedebernard.com/barras-de-cereales/,https://staging.lacuisinedebernard.com/barras-de-cereales
https://lacuisinedebernard.com/pollo-con-pomelo-y-leche-de-coco-en-satay,https://staging.lacuisinedebernard.com/pollo-con-pomelo-y-leche-de-coco-en-satay
https://lacuisinedebernard.com/pollo-con-pomelo-y-leche-de-coco-en-satay/,https://staging.lacuisinedebernard.com/pollo-con-pomelo-y-leche-de-coco-en-satay
https://www.lacuisinedebernard.com/pollo-con-pomelo-y-leche-de-coco-en-satay,https://staging.lacuisinedebernard.com/pollo-con-pomelo-y-leche-de-coco-en-satay
https://www.lacuisinedebernard.com/pollo-con-pomelo-y-leche-de-coco-en-satay/,https://staging.lacuisinedebernard.com/pollo-con-pomelo-y-leche-de-coco-en-satay
https://lacuisinedebernard.com/rolos-de-salada-cesar,https://staging.lacuisinedebernard.com/rolos-de-salada-cesar
https://lacuisinedebernard.com/rolos-de-salada-cesar/,https://staging.lacuisinedebernard.com/rolos-de-salada-cesar
https://www.lacuisinedebernard.com/rolos-de-salada-cesar,https://staging.lacuisinedebernard.com/rolos-de-salada-cesar
https://www.lacuisinedebernard.com/rolos-de-salada-cesar/,https://staging.lacuisinedebernard.com/rolos-de-salada-cesar
https://lacuisinedebernard.com/peanut-brittle,https://staging.lacuisinedebernard.com/peanut-brittle
https://lacuisinedebernard.com/peanut-brittle/,https://staging.lacuisinedebernard.com/peanut-brittle
https://www.lacuisinedebernard.com/peanut-brittle,https://staging.lacuisinedebernard.com/peanut-brittle
https://www.lacuisinedebernard.com/peanut-brittle/,https://staging.lacuisinedebernard.com/peanut-brittle
https://lacuisinedebernard.com/tarta-de-fresas,https://staging.lacuisinedebernard.com/tarta-de-fresas
https://lacuisinedebernard.com/tarta-de-fresas/,https://staging.lacuisinedebernard.com/tarta-de-fresas
https://www.lacuisinedebernard.com/tarta-de-fresas,https://staging.lacuisinedebernard.com/tarta-de-fresas
https://www.lacuisinedebernard.com/tarta-de-fresas/,https://staging.lacuisinedebernard.com/tarta-de-fresas
https://lacuisinedebernard.com/%d8%b1%d9%88%d9%84%d8%a7%d8%aa-%d8%b3%d9%84%d8%b7%d8%a9-%d8%b3%d9%8a%d8%b2%d8%b1,https://staging.lacuisinedebernard.com/%d8%b1%d9%88%d9%84%d8%a7%d8%aa-%d8%b3%d9%84%d8%b7%d8%a9-%d8%b3%d9%8a%d8%b2%d8%b1
https://lacuisinedebernard.com/%d8%b1%d9%88%d9%84%d8%a7%d8%aa-%d8%b3%d9%84%d8%b7%d8%a9-%d8%b3%d9%8a%d8%b2%d8%b1/,https://staging.lacuisinedebernard.com/%d8%b1%d9%88%d9%84%d8%a7%d8%aa-%d8%b3%d9%84%d8%b7%d8%a9-%d8%b3%d9%8a%d8%b2%d8%b1
https://www.lacuisinedebernard.com/%d8%b1%d9%88%d9%84%d8%a7%d8%aa-%d8%b3%d9%84%d8%b7%d8%a9-%d8%b3%d9%8a%d8%b2%d8%b1,https://staging.lacuisinedebernard.com/%d8%b1%d9%88%d9%84%d8%a7%d8%aa-%d8%b3%d9%84%d8%b7%d8%a9-%d8%b3%d9%8a%d8%b2%d8%b1
https://www.lacuisinedebernard.com/%d8%b1%d9%88%d9%84%d8%a7%d8%aa-%d8%b3%d9%84%d8%b7%d8%a9-%d8%b3%d9%8a%d8%b2%d8%b1/,https://staging.lacuisinedebernard.com/%d8%b1%d9%88%d9%84%d8%a7%d8%aa-%d8%b3%d9%84%d8%b7%d8%a9-%d8%b3%d9%8a%d8%b2%d8%b1
https://lacuisinedebernard.com/barras-de-cereais,https://staging.lacuisinedebernard.com/barras-de-cereais
https://lacuisinedebernard.com/barras-de-cereais/,https://staging.lacuisinedebernard.com/barras-de-cereais
https://www.lacuisinedebernard.com/barras-de-cereais,https://staging.lacuisinedebernard.com/barras-de-cereais
https://www.lacuisinedebernard.com/barras-de-cereais/,https://staging.lacuisinedebernard.com/barras-de-cereais
https://lacuisinedebernard.com/cereal-bars,https://staging.lacuisinedebernard.com/cereal-bars
https://lacuisinedebernard.com/cereal-bars/,https://staging.lacuisinedebernard.com/cereal-bars
https://www.lacuisinedebernard.com/cereal-bars,https://staging.lacuisinedebernard.com/cereal-bars
https://www.lacuisinedebernard.com/cereal-bars/,https://staging.lacuisinedebernard.com/cereal-bars
https://lacuisinedebernard.com/ensalada-de-pollo-sonoma,https://staging.lacuisinedebernard.com/ensalada-de-pollo-sonoma
https://lacuisinedebernard.com/ensalada-de-pollo-sonoma/,https://staging.lacuisinedebernard.com/ensalada-de-pollo-sonoma
https://www.lacuisinedebernard.com/ensalada-de-pollo-sonoma,https://staging.lacuisinedebernard.com/ensalada-de-pollo-sonoma
https://www.lacuisinedebernard.com/ensalada-de-pollo-sonoma/,https://staging.lacuisinedebernard.com/ensalada-de-pollo-sonoma
https://lacuisinedebernard.com/torta-de-morango,https://staging.lacuisinedebernard.com/torta-de-morango
https://lacuisinedebernard.com/torta-de-morango/,https://staging.lacuisinedebernard.com/torta-de-morango
https://www.lacuisinedebernard.com/torta-de-morango,https://staging.lacuisinedebernard.com/torta-de-morango
https://www.lacuisinedebernard.com/torta-de-morango/,https://staging.lacuisinedebernard.com/torta-de-morango
https://lacuisinedebernard.com/%d8%a7%d9%84%d9%81%d9%88%d9%84-%d8%a7%d9%84%d8%b3%d9%88%d8%af%d8%a7%d9%86%d9%8a-%d8%a7%d9%84%d9%85%d8%aa%d9%82%d8%b5%d9%81,https://staging.lacuisinedebernard.com/%d8%a7%d9%84%d9%81%d9%88%d9%84-%d8%a7%d9%84%d8%b3%d9%88%d8%af%d8%a7%d9%86%d9%8a-%d8%a7%d9%84%d9%85%d8%aa%d9%82%d8%b5%d9%81
https://lacuisinedebernard.com/%d8%a7%d9%84%d9%81%d9%88%d9%84-%d8%a7%d9%84%d8%b3%d9%88%d8%af%d8%a7%d9%86%d9%8a-%d8%a7%d9%84%d9%85%d8%aa%d9%82%d8%b5%d9%81/,https://staging.lacuisinedebernard.com/%d8%a7%d9%84%d9%81%d9%88%d9%84-%d8%a7%d9%84%d8%b3%d9%88%d8%af%d8%a7%d9%86%d9%8a-%d8%a7%d9%84%d9%85%d8%aa%d9%82%d8%b5%d9%81
https://www.lacuisinedebernard.com/%d8%a7%d9%84%d9%81%d9%88%d9%84-%d8%a7%d9%84%d8%b3%d9%88%d8%af%d8%a7%d9%86%d9%8a-%d8%a7%d9%84%d9%85%d8%aa%d9%82%d8%b5%d9%81,https://staging.lacuisinedebernard.com/%d8%a7%d9%84%d9%81%d9%88%d9%84-%d8%a7%d9%84%d8%b3%d9%88%d8%af%d8%a7%d9%86%d9%8a-%d8%a7%d9%84%d9%85%d8%aa%d9%82%d8%b5%d9%81
https://www.lacuisinedebernard.com/%d8%a7%d9%84%d9%81%d9%88%d9%84-%d8%a7%d9%84%d8%b3%d9%88%d8%af%d8%a7%d9%86%d9%8a-%d8%a7%d9%84%d9%85%d8%aa%d9%82%d8%b5%d9%81/,https://staging.lacuisinedebernard.com/%d8%a7%d9%84%d9%81%d9%88%d9%84-%d8%a7%d9%84%d8%b3%d9%88%d8%af%d8%a7%d9%86%d9%8a-%d8%a7%d9%84%d9%85%d8%aa%d9%82%d8%b5%d9%81
https://lacuisinedebernard.com/%d9%81%d8%b7%d9%8a%d8%b1%d8%a9-%d8%a7%d9%84%d9%81%d8%b1%d8%a7%d9%88%d9%84%d8%a9,https://staging.lacuisinedebernard.com/%d9%81%d8%b7%d9%8a%d8%b1%d8%a9-%d8%a7%d9%84%d9%81%d8%b1%d8%a7%d9%88%d9%84%d8%a9
https://lacuisinedebernard.com/%d9%81%d8%b7%d9%8a%d8%b1%d8%a9-%d8%a7%d9%84%d9%81%d8%b1%d8%a7%d9%88%d9%84%d8%a9/,https://staging.lacuisinedebernard.com/%d9%81%d8%b7%d9%8a%d8%b1%d8%a9-%d8%a7%d9%84%d9%81%d8%b1%d8%a7%d9%88%d9%84%d8%a9
https://www.lacuisinedebernard.com/%d9%81%d8%b7%d9%8a%d8%b1%d8%a9-%d8%a7%d9%84%d9%81%d8%b1%d8%a7%d9%88%d9%84%d8%a9,https://staging.lacuisinedebernard.com/%d9%81%d8%b7%d9%8a%d8%b1%d8%a9-%d8%a7%d9%84%d9%81%d8%b1%d8%a7%d9%88%d9%84%d8%a9
https://www.lacuisinedebernard.com/%d9%81%d8%b7%d9%8a%d8%b1%d8%a9-%d8%a7%d9%84%d9%81%d8%b1%d8%a7%d9%88%d9%84%d8%a9/,https://staging.lacuisinedebernard.com/%d9%81%d8%b7%d9%8a%d8%b1%d8%a9-%d8%a7%d9%84%d9%81%d8%b1%d8%a7%d9%88%d9%84%d8%a9
https://lacuisinedebernard.com/sopa-fria-guisantes-menta,https://staging.lacuisinedebernard.com/sopa-fria-guisantes-menta
https://lacuisinedebernard.com/sopa-fria-guisantes-menta/,https://staging.lacuisinedebernard.com/sopa-fria-guisantes-menta
https://www.lacuisinedebernard.com/sopa-fria-guisantes-menta,https://staging.lacuisinedebernard.com/sopa-fria-guisantes-menta
https://www.lacuisinedebernard.com/sopa-fria-guisantes-menta/,https://staging.lacuisinedebernard.com/sopa-fria-guisantes-menta
https://lacuisinedebernard.com/salada-de-frango-sonoma,https://staging.lacuisinedebernard.com/salada-de-frango-sonoma
https://lacuisinedebernard.com/salada-de-frango-sonoma/,https://staging.lacuisinedebernard.com/salada-de-frango-sonoma
https://www.lacuisinedebernard.com/salada-de-frango-sonoma,https://staging.lacuisinedebernard.com/salada-de-frango-sonoma
https://www.lacuisinedebernard.com/salada-de-frango-sonoma/,https://staging.lacuisinedebernard.com/salada-de-frango-sonoma
https://lacuisinedebernard.com/%d8%a3%d9%84%d9%88%d8%a7%d8%ad-%d8%a7%d9%84%d8%ad%d8%a8%d9%88%d8%a8,https://staging.lacuisinedebernard.com/%d8%a3%d9%84%d9%88%d8%a7%d8%ad-%d8%a7%d9%84%d8%ad%d8%a8%d9%88%d8%a8
https://lacuisinedebernard.com/%d8%a3%d9%84%d9%88%d8%a7%d8%ad-%d8%a7%d9%84%d8%ad%d8%a8%d9%88%d8%a8/,https://staging.lacuisinedebernard.com/%d8%a3%d9%84%d9%88%d8%a7%d8%ad-%d8%a7%d9%84%d8%ad%d8%a8%d9%88%d8%a8
https://www.lacuisinedebernard.com/%d8%a3%d9%84%d9%88%d8%a7%d8%ad-%d8%a7%d9%84%d8%ad%d8%a8%d9%88%d8%a8,https://staging.lacuisinedebernard.com/%d8%a3%d9%84%d9%88%d8%a7%d8%ad-%d8%a7%d9%84%d8%ad%d8%a8%d9%88%d8%a8
https://www.lacuisinedebernard.com/%d8%a3%d9%84%d9%88%d8%a7%d8%ad-%d8%a7%d9%84%d8%ad%d8%a8%d9%88%d8%a8/,https://staging.lacuisinedebernard.com/%d8%a3%d9%84%d9%88%d8%a7%d8%ad-%d8%a7%d9%84%d8%ad%d8%a8%d9%88%d8%a8
https://lacuisinedebernard.com/rollos-de-ensalada-cesar,https://staging.lacuisinedebernard.com/rollos-de-ensalada-cesar
https://lacuisinedebernard.com/rollos-de-ensalada-cesar/,https://staging.lacuisinedebernard.com/rollos-de-ensalada-cesar
https://www.lacuisinedebernard.com/rollos-de-ensalada-cesar,https://staging.lacuisinedebernard.com/rollos-de-ensalada-cesar
https://www.lacuisinedebernard.com/rollos-de-ensalada-cesar/,https://staging.lacuisinedebernard.com/rollos-de-ensalada-cesar
https://lacuisinedebernard.com/salada-de-macarrao-fria-asiatica-com-legumes,https://staging.lacuisinedebernard.com/salada-de-macarrao-fria-asiatica-com-legumes
https://lacuisinedebernard.com/salada-de-macarrao-fria-asiatica-com-legumes/,https://staging.lacuisinedebernard.com/salada-de-macarrao-fria-asiatica-com-legumes
https://www.lacuisinedebernard.com/salada-de-macarrao-fria-asiatica-com-legumes,https://staging.lacuisinedebernard.com/salada-de-macarrao-fria-asiatica-com-legumes
https://www.lacuisinedebernard.com/salada-de-macarrao-fria-asiatica-com-legumes/,https://staging.lacuisinedebernard.com/salada-de-macarrao-fria-asiatica-com-legumes
https://lacuisinedebernard.com/%d8%b3%d9%84%d8%b7%d8%a9-%d8%af%d8%ac%d8%a7%d8%ac-%d8%b3%d9%88%d9%86%d9%88%d9%85%d8%a7,https://staging.lacuisinedebernard.com/%d8%b3%d9%84%d8%b7%d8%a9-%d8%af%d8%ac%d8%a7%d8%ac-%d8%b3%d9%88%d9%86%d9%88%d9%85%d8%a7
https://lacuisinedebernard.com/%d8%b3%d9%84%d8%b7%d8%a9-%d8%af%d8%ac%d8%a7%d8%ac-%d8%b3%d9%88%d9%86%d9%88%d9%85%d8%a7/,https://staging.lacuisinedebernard.com/%d8%b3%d9%84%d8%b7%d8%a9-%d8%af%d8%ac%d8%a7%d8%ac-%d8%b3%d9%88%d9%86%d9%88%d9%85%d8%a7
https://www.lacuisinedebernard.com/%d8%b3%d9%84%d8%b7%d8%a9-%d8%af%d8%ac%d8%a7%d8%ac-%d8%b3%d9%88%d9%86%d9%88%d9%85%d8%a7,https://staging.lacuisinedebernard.com/%d8%b3%d9%84%d8%b7%d8%a9-%d8%af%d8%ac%d8%a7%d8%ac-%d8%b3%d9%88%d9%86%d9%88%d9%85%d8%a7
https://www.lacuisinedebernard.com/%d8%b3%d9%84%d8%b7%d8%a9-%d8%af%d8%ac%d8%a7%d8%ac-%d8%b3%d9%88%d9%86%d9%88%d9%85%d8%a7/,https://staging.lacuisinedebernard.com/%d8%b3%d9%84%d8%b7%d8%a9-%d8%af%d8%ac%d8%a7%d8%ac-%d8%b3%d9%88%d9%86%d9%88%d9%85%d8%a7
https://lacuisinedebernard.com/creme-brulee-de-pistacho,https://staging.lacuisinedebernard.com/creme-brulee-de-pistacho
https://lacuisinedebernard.com/creme-brulee-de-pistacho/,https://staging.lacuisinedebernard.com/creme-brulee-de-pistacho
https://www.lacuisinedebernard.com/creme-brulee-de-pistacho,https://staging.lacuisinedebernard.com/creme-brulee-de-pistacho
https://www.lacuisinedebernard.com/creme-brulee-de-pistacho/,https://staging.lacuisinedebernard.com/creme-brulee-de-pistacho
https://lacuisinedebernard.com/pistachio-creme-brulee,https://staging.lacuisinedebernard.com/pistachio-creme-brulee
https://lacuisinedebernard.com/pistachio-creme-brulee/,https://staging.lacuisinedebernard.com/pistachio-creme-brulee
https://www.lacuisinedebernard.com/pistachio-creme-brulee,https://staging.lacuisinedebernard.com/pistachio-creme-brulee
https://www.lacuisinedebernard.com/pistachio-creme-brulee/,https://staging.lacuisinedebernard.com/pistachio-creme-brulee
https://lacuisinedebernard.com/%d8%a7%d9%84%d9%81%d8%b3%d8%aa%d9%82-%d9%83%d8%b1%d9%8a%d9%85-brulee,https://staging.lacuisinedebernard.com/%d8%a7%d9%84%d9%81%d8%b3%d8%aa%d9%82-%d9%83%d8%b1%d9%8a%d9%85-brulee
https://lacuisinedebernard.com/%d8%a7%d9%84%d9%81%d8%b3%d8%aa%d9%82-%d9%83%d8%b1%d9%8a%d9%85-brulee/,https://staging.lacuisinedebernard.com/%d8%a7%d9%84%d9%81%d8%b3%d8%aa%d9%82-%d9%83%d8%b1%d9%8a%d9%85-brulee
https://www.lacuisinedebernard.com/%d8%a7%d9%84%d9%81%d8%b3%d8%aa%d9%82-%d9%83%d8%b1%d9%8a%d9%85-brulee,https://staging.lacuisinedebernard.com/%d8%a7%d9%84%d9%81%d8%b3%d8%aa%d9%82-%d9%83%d8%b1%d9%8a%d9%85-brulee
https://www.lacuisinedebernard.com/%d8%a7%d9%84%d9%81%d8%b3%d8%aa%d9%82-%d9%83%d8%b1%d9%8a%d9%85-brulee/,https://staging.lacuisinedebernard.com/%d8%a7%d9%84%d9%81%d8%b3%d8%aa%d9%82-%d9%83%d8%b1%d9%8a%d9%85-brulee
https://lacuisinedebernard.com/frango-com-pomelo-e-leite-de-coco-em-satira,https://staging.lacuisinedebernard.com/frango-com-pomelo-e-leite-de-coco-em-satira
https://lacuisinedebernard.com/frango-com-pomelo-e-leite-de-coco-em-satira/,https://staging.lacuisinedebernard.com/frango-com-pomelo-e-leite-de-coco-em-satira
https://www.lacuisinedebernard.com/frango-com-pomelo-e-leite-de-coco-em-satira,https://staging.lacuisinedebernard.com/frango-com-pomelo-e-leite-de-coco-em-satira
https://www.lacuisinedebernard.com/frango-com-pomelo-e-leite-de-coco-em-satira/,https://staging.lacuisinedebernard.com/frango-com-pomelo-e-leite-de-coco-em-satira
https://lacuisinedebernard.com/sopa-fria-hortela-de-ervilhas,https://staging.lacuisinedebernard.com/sopa-fria-hortela-de-ervilhas
https://lacuisinedebernard.com/sopa-fria-hortela-de-ervilhas/,https://staging.lacuisinedebernard.com/sopa-fria-hortela-de-ervilhas
https://www.lacuisinedebernard.com/sopa-fria-hortela-de-ervilhas,https://staging.lacuisinedebernard.com/sopa-fria-hortela-de-ervilhas
https://www.lacuisinedebernard.com/sopa-fria-hortela-de-ervilhas/,https://staging.lacuisinedebernard.com/sopa-fria-hortela-de-ervilhas
https://lacuisinedebernard.com/ensalada-fria-de-fideos-asiaticos-con-verduras,https://staging.lacuisinedebernard.com/ensalada-fria-de-fideos-asiaticos-con-verduras
https://lacuisinedebernard.com/ensalada-fria-de-fideos-asiaticos-con-verduras/,https://staging.lacuisinedebernard.com/ensalada-fria-de-fideos-asiaticos-con-verduras
https://www.lacuisinedebernard.com/ensalada-fria-de-fideos-asiaticos-con-verduras,https://staging.lacuisinedebernard.com/ensalada-fria-de-fideos-asiaticos-con-verduras
https://www.lacuisinedebernard.com/ensalada-fria-de-fideos-asiaticos-con-verduras/,https://staging.lacuisinedebernard.com/ensalada-fria-de-fideos-asiaticos-con-verduras
https://lacuisinedebernard.com/%d8%ad%d8%b3%d8%a7%d8%a1-%d8%a8%d8%a7%d8%b1%d8%af-%d8%a8%d8%a7%d8%b2%d9%84%d8%a7%d8%a1-%d8%a8%d8%a7%d9%84%d9%86%d8%b9%d9%86%d8%a7%d8%b9,https://staging.lacuisinedebernard.com/%d8%ad%d8%b3%d8%a7%d8%a1-%d8%a8%d8%a7%d8%b1%d8%af-%d8%a8%d8%a7%d8%b2%d9%84%d8%a7%d8%a1-%d8%a8%d8%a7%d9%84%d9%86%d8%b9%d9%86%d8%a7%d8%b9
https://lacuisinedebernard.com/%d8%ad%d8%b3%d8%a7%d8%a1-%d8%a8%d8%a7%d8%b1%d8%af-%d8%a8%d8%a7%d8%b2%d9%84%d8%a7%d8%a1-%d8%a8%d8%a7%d9%84%d9%86%d8%b9%d9%86%d8%a7%d8%b9/,https://staging.lacuisinedebernard.com/%d8%ad%d8%b3%d8%a7%d8%a1-%d8%a8%d8%a7%d8%b1%d8%af-%d8%a8%d8%a7%d8%b2%d9%84%d8%a7%d8%a1-%d8%a8%d8%a7%d9%84%d9%86%d8%b9%d9%86%d8%a7%d8%b9
https://www.lacuisinedebernard.com/%d8%ad%d8%b3%d8%a7%d8%a1-%d8%a8%d8%a7%d8%b1%d8%af-%d8%a8%d8%a7%d8%b2%d9%84%d8%a7%d8%a1-%d8%a8%d8%a7%d9%84%d9%86%d8%b9%d9%86%d8%a7%d8%b9,https://staging.lacuisinedebernard.com/%d8%ad%d8%b3%d8%a7%d8%a1-%d8%a8%d8%a7%d8%b1%d8%af-%d8%a8%d8%a7%d8%b2%d9%84%d8%a7%d8%a1-%d8%a8%d8%a7%d9%84%d9%86%d8%b9%d9%86%d8%a7%d8%b9
https://www.lacuisinedebernard.com/%d8%ad%d8%b3%d8%a7%d8%a1-%d8%a8%d8%a7%d8%b1%d8%af-%d8%a8%d8%a7%d8%b2%d9%84%d8%a7%d8%a1-%d8%a8%d8%a7%d9%84%d9%86%d8%b9%d9%86%d8%a7%d8%b9/,https://staging.lacuisinedebernard.com/%d8%ad%d8%b3%d8%a7%d8%a1-%d8%a8%d8%a7%d8%b1%d8%af-%d8%a8%d8%a7%d8%b2%d9%84%d8%a7%d8%a1-%d8%a8%d8%a7%d9%84%d9%86%d8%b9%d9%86%d8%a7%d8%b9
https://lacuisinedebernard.com/cold-soup-peas-mint,https://staging.lacuisinedebernard.com/cold-soup-peas-mint
https://lacuisinedebernard.com/cold-soup-peas-mint/,https://staging.lacuisinedebernard.com/cold-soup-peas-mint
https://www.lacuisinedebernard.com/cold-soup-peas-mint,https://staging.lacuisinedebernard.com/cold-soup-peas-mint
https://www.lacuisinedebernard.com/cold-soup-peas-mint/,https://staging.lacuisinedebernard.com/cold-soup-peas-mint
https://lacuisinedebernard.com/caesar-salad-rolls,https://staging.lacuisinedebernard.com/caesar-salad-rolls
https://lacuisinedebernard.com/caesar-salad-rolls/,https://staging.lacuisinedebernard.com/caesar-salad-rolls
https://www.lacuisinedebernard.com/caesar-salad-rolls,https://staging.lacuisinedebernard.com/caesar-salad-rolls
https://www.lacuisinedebernard.com/caesar-salad-rolls/,https://staging.lacuisinedebernard.com/caesar-salad-rolls
https://lacuisinedebernard.com/bolo-de-amendoa-de-chocolate,https://staging.lacuisinedebernard.com/bolo-de-amendoa-de-chocolate
https://lacuisinedebernard.com/bolo-de-amendoa-de-chocolate/,https://staging.lacuisinedebernard.com/bolo-de-amendoa-de-chocolate
https://www.lacuisinedebernard.com/bolo-de-amendoa-de-chocolate,https://staging.lacuisinedebernard.com/bolo-de-amendoa-de-chocolate
https://www.lacuisinedebernard.com/bolo-de-amendoa-de-chocolate/,https://staging.lacuisinedebernard.com/bolo-de-amendoa-de-chocolate
https://lacuisinedebernard.com/%d8%b3%d9%84%d8%b7%d8%a9-%d8%a8%d8%a7%d8%b1%d8%af%d8%a9-%d9%85%d9%86-%d8%a7%d9%84%d9%86%d9%88%d8%af%d9%84%d8%b2-%d8%a7%d9%84%d8%a7%d8%b3%d9%8a%d9%88%d9%8a%d8%a9-%d9%85%d8%b9-%d8%a7%d9%84%d8%ae%d8%b6,https://staging.lacuisinedebernard.com/%d8%b3%d9%84%d8%b7%d8%a9-%d8%a8%d8%a7%d8%b1%d8%af%d8%a9-%d9%85%d9%86-%d8%a7%d9%84%d9%86%d9%88%d8%af%d9%84%d8%b2-%d8%a7%d9%84%d8%a7%d8%b3%d9%8a%d9%88%d9%8a%d8%a9-%d9%85%d8%b9-%d8%a7%d9%84%d8%ae%d8%b6
https://lacuisinedebernard.com/%d8%b3%d9%84%d8%b7%d8%a9-%d8%a8%d8%a7%d8%b1%d8%af%d8%a9-%d9%85%d9%86-%d8%a7%d9%84%d9%86%d9%88%d8%af%d9%84%d8%b2-%d8%a7%d9%84%d8%a7%d8%b3%d9%8a%d9%88%d9%8a%d8%a9-%d9%85%d8%b9-%d8%a7%d9%84%d8%ae%d8%b6/,https://staging.lacuisinedebernard.com/%d8%b3%d9%84%d8%b7%d8%a9-%d8%a8%d8%a7%d8%b1%d8%af%d8%a9-%d9%85%d9%86-%d8%a7%d9%84%d9%86%d9%88%d8%af%d9%84%d8%b2-%d8%a7%d9%84%d8%a7%d8%b3%d9%8a%d9%88%d9%8a%d8%a9-%d9%85%d8%b9-%d8%a7%d9%84%d8%ae%d8%b6
https://www.lacuisinedebernard.com/%d8%b3%d9%84%d8%b7%d8%a9-%d8%a8%d8%a7%d8%b1%d8%af%d8%a9-%d9%85%d9%86-%d8%a7%d9%84%d9%86%d9%88%d8%af%d9%84%d8%b2-%d8%a7%d9%84%d8%a7%d8%b3%d9%8a%d9%88%d9%8a%d8%a9-%d9%85%d8%b9-%d8%a7%d9%84%d8%ae%d8%b6,https://staging.lacuisinedebernard.com/%d8%b3%d9%84%d8%b7%d8%a9-%d8%a8%d8%a7%d8%b1%d8%af%d8%a9-%d9%85%d9%86-%d8%a7%d9%84%d9%86%d9%88%d8%af%d9%84%d8%b2-%d8%a7%d9%84%d8%a7%d8%b3%d9%8a%d9%88%d9%8a%d8%a9-%d9%85%d8%b9-%d8%a7%d9%84%d8%ae%d8%b6
https://www.lacuisinedebernard.com/%d8%b3%d9%84%d8%b7%d8%a9-%d8%a8%d8%a7%d8%b1%d8%af%d8%a9-%d9%85%d9%86-%d8%a7%d9%84%d9%86%d9%88%d8%af%d9%84%d8%b2-%d8%a7%d9%84%d8%a7%d8%b3%d9%8a%d9%88%d9%8a%d8%a9-%d9%85%d8%b9-%d8%a7%d9%84%d8%ae%d8%b6/,https://staging.lacuisinedebernard.com/%d8%b3%d9%84%d8%b7%d8%a9-%d8%a8%d8%a7%d8%b1%d8%af%d8%a9-%d9%85%d9%86-%d8%a7%d9%84%d9%86%d9%88%d8%af%d9%84%d8%b2-%d8%a7%d9%84%d8%a7%d8%b3%d9%8a%d9%88%d9%8a%d8%a9-%d9%85%d8%b9-%d8%a7%d9%84%d8%ae%d8%b6
https://lacuisinedebernard.com/cold-asian-noodle-salad-with-vegetables,https://staging.lacuisinedebernard.com/cold-asian-noodle-salad-with-vegetables
https://lacuisinedebernard.com/cold-asian-noodle-salad-with-vegetables/,https://staging.lacuisinedebernard.com/cold-asian-noodle-salad-with-vegetables
https://www.lacuisinedebernard.com/cold-asian-noodle-salad-with-vegetables,https://staging.lacuisinedebernard.com/cold-asian-noodle-salad-with-vegetables
https://www.lacuisinedebernard.com/cold-asian-noodle-salad-with-vegetables/,https://staging.lacuisinedebernard.com/cold-asian-noodle-salad-with-vegetables
https://lacuisinedebernard.com/tarta-de-chocolate-y-almendras,https://staging.lacuisinedebernard.com/tarta-de-chocolate-y-almendras
https://lacuisinedebernard.com/tarta-de-chocolate-y-almendras/,https://staging.lacuisinedebernard.com/tarta-de-chocolate-y-almendras
https://www.lacuisinedebernard.com/tarta-de-chocolate-y-almendras,https://staging.lacuisinedebernard.com/tarta-de-chocolate-y-almendras
https://www.lacuisinedebernard.com/tarta-de-chocolate-y-almendras/,https://staging.lacuisinedebernard.com/tarta-de-chocolate-y-almendras
https://lacuisinedebernard.com/chicken-with-pomelo-and-coconut-milk-with-satay,https://staging.lacuisinedebernard.com/chicken-with-pomelo-and-coconut-milk-with-satay
https://lacuisinedebernard.com/chicken-with-pomelo-and-coconut-milk-with-satay/,https://staging.lacuisinedebernard.com/chicken-with-pomelo-and-coconut-milk-with-satay
https://www.lacuisinedebernard.com/chicken-with-pomelo-and-coconut-milk-with-satay,https://staging.lacuisinedebernard.com/chicken-with-pomelo-and-coconut-milk-with-satay
https://www.lacuisinedebernard.com/chicken-with-pomelo-and-coconut-milk-with-satay/,https://staging.lacuisinedebernard.com/chicken-with-pomelo-and-coconut-milk-with-satay
https://lacuisinedebernard.com/chocolate-almond-cake,https://staging.lacuisinedebernard.com/chocolate-almond-cake
https://lacuisinedebernard.com/chocolate-almond-cake/,https://staging.lacuisinedebernard.com/chocolate-almond-cake
https://www.lacuisinedebernard.com/chocolate-almond-cake,https://staging.lacuisinedebernard.com/chocolate-almond-cake
https://www.lacuisinedebernard.com/chocolate-almond-cake/,https://staging.lacuisinedebernard.com/chocolate-almond-cake
https://lacuisinedebernard.com/basileia-de-xangai,https://staging.lacuisinedebernard.com/basileia-de-xangai
https://lacuisinedebernard.com/basileia-de-xangai/,https://staging.lacuisinedebernard.com/basileia-de-xangai
https://www.lacuisinedebernard.com/basileia-de-xangai,https://staging.lacuisinedebernard.com/basileia-de-xangai
https://www.lacuisinedebernard.com/basileia-de-xangai/,https://staging.lacuisinedebernard.com/basileia-de-xangai
https://lacuisinedebernard.com/albahaca-de-shanghai,https://staging.lacuisinedebernard.com/albahaca-de-shanghai
https://lacuisinedebernard.com/albahaca-de-shanghai/,https://staging.lacuisinedebernard.com/albahaca-de-shanghai
https://www.lacuisinedebernard.com/albahaca-de-shanghai,https://staging.lacuisinedebernard.com/albahaca-de-shanghai
https://www.lacuisinedebernard.com/albahaca-de-shanghai/,https://staging.lacuisinedebernard.com/albahaca-de-shanghai
https://lacuisinedebernard.com/shanghai-basil,https://staging.lacuisinedebernard.com/shanghai-basil
https://lacuisinedebernard.com/shanghai-basil/,https://staging.lacuisinedebernard.com/shanghai-basil
https://www.lacuisinedebernard.com/shanghai-basil,https://staging.lacuisinedebernard.com/shanghai-basil
https://www.lacuisinedebernard.com/shanghai-basil/,https://staging.lacuisinedebernard.com/shanghai-basil
https://lacuisinedebernard.com/%d9%83%d8%b9%d9%83%d8%a9-%d8%a7%d9%84%d8%b4%d9%88%d9%83%d9%88%d9%84%d8%a7%d8%aa%d8%a9-%d8%a8%d8%a7%d9%84%d9%84%d9%88%d8%b2,https://staging.lacuisinedebernard.com/%d9%83%d8%b9%d9%83%d8%a9-%d8%a7%d9%84%d8%b4%d9%88%d9%83%d9%88%d9%84%d8%a7%d8%aa%d8%a9-%d8%a8%d8%a7%d9%84%d9%84%d9%88%d8%b2
https://lacuisinedebernard.com/%d9%83%d8%b9%d9%83%d8%a9-%d8%a7%d9%84%d8%b4%d9%88%d9%83%d9%88%d9%84%d8%a7%d8%aa%d8%a9-%d8%a8%d8%a7%d9%84%d9%84%d9%88%d8%b2/,https://staging.lacuisinedebernard.com/%d9%83%d8%b9%d9%83%d8%a9-%d8%a7%d9%84%d8%b4%d9%88%d9%83%d9%88%d9%84%d8%a7%d8%aa%d8%a9-%d8%a8%d8%a7%d9%84%d9%84%d9%88%d8%b2
https://www.lacuisinedebernard.com/%d9%83%d8%b9%d9%83%d8%a9-%d8%a7%d9%84%d8%b4%d9%88%d9%83%d9%88%d9%84%d8%a7%d8%aa%d8%a9-%d8%a8%d8%a7%d9%84%d9%84%d9%88%d8%b2,https://staging.lacuisinedebernard.com/%d9%83%d8%b9%d9%83%d8%a9-%d8%a7%d9%84%d8%b4%d9%88%d9%83%d9%88%d9%84%d8%a7%d8%aa%d8%a9-%d8%a8%d8%a7%d9%84%d9%84%d9%88%d8%b2
https://www.lacuisinedebernard.com/%d9%83%d8%b9%d9%83%d8%a9-%d8%a7%d9%84%d8%b4%d9%88%d9%83%d9%88%d9%84%d8%a7%d8%aa%d8%a9-%d8%a8%d8%a7%d9%84%d9%84%d9%88%d8%b2/,https://staging.lacuisinedebernard.com/%d9%83%d8%b9%d9%83%d8%a9-%d8%a7%d9%84%d8%b4%d9%88%d9%83%d9%88%d9%84%d8%a7%d8%aa%d8%a9-%d8%a8%d8%a7%d9%84%d9%84%d9%88%d8%b2
https://lacuisinedebernard.com/%d8%af%d8%ac%d8%a7%d8%ac-%d9%85%d8%b9-%d8%a7%d9%84%d8%a8%d9%88%d9%85%d9%8a%d9%84%d9%88-%d9%88-%d8%ad%d9%84%d9%8a%d8%a8-%d8%ac%d9%88%d8%b2-%d8%a7%d9%84%d9%87%d9%86%d8%af-%d8%b3%d8%a7%d8%aa%d9%8a%d9%87,https://staging.lacuisinedebernard.com/%d8%af%d8%ac%d8%a7%d8%ac-%d9%85%d8%b9-%d8%a7%d9%84%d8%a8%d9%88%d9%85%d9%8a%d9%84%d9%88-%d9%88-%d8%ad%d9%84%d9%8a%d8%a8-%d8%ac%d9%88%d8%b2-%d8%a7%d9%84%d9%87%d9%86%d8%af-%d8%b3%d8%a7%d8%aa%d9%8a%d9%87
https://lacuisinedebernard.com/%d8%af%d8%ac%d8%a7%d8%ac-%d9%85%d8%b9-%d8%a7%d9%84%d8%a8%d9%88%d9%85%d9%8a%d9%84%d9%88-%d9%88-%d8%ad%d9%84%d9%8a%d8%a8-%d8%ac%d9%88%d8%b2-%d8%a7%d9%84%d9%87%d9%86%d8%af-%d8%b3%d8%a7%d8%aa%d9%8a%d9%87/,https://staging.lacuisinedebernard.com/%d8%af%d8%ac%d8%a7%d8%ac-%d9%85%d8%b9-%d8%a7%d9%84%d8%a8%d9%88%d9%85%d9%8a%d9%84%d9%88-%d9%88-%d8%ad%d9%84%d9%8a%d8%a8-%d8%ac%d9%88%d8%b2-%d8%a7%d9%84%d9%87%d9%86%d8%af-%d8%b3%d8%a7%d8%aa%d9%8a%d9%87
https://www.lacuisinedebernard.com/%d8%af%d8%ac%d8%a7%d8%ac-%d9%85%d8%b9-%d8%a7%d9%84%d8%a8%d9%88%d9%85%d9%8a%d9%84%d9%88-%d9%88-%d8%ad%d9%84%d9%8a%d8%a8-%d8%ac%d9%88%d8%b2-%d8%a7%d9%84%d9%87%d9%86%d8%af-%d8%b3%d8%a7%d8%aa%d9%8a%d9%87,https://staging.lacuisinedebernard.com/%d8%af%d8%ac%d8%a7%d8%ac-%d9%85%d8%b9-%d8%a7%d9%84%d8%a8%d9%88%d9%85%d9%8a%d9%84%d9%88-%d9%88-%d8%ad%d9%84%d9%8a%d8%a8-%d8%ac%d9%88%d8%b2-%d8%a7%d9%84%d9%87%d9%86%d8%af-%d8%b3%d8%a7%d8%aa%d9%8a%d9%87
https://www.lacuisinedebernard.com/%d8%af%d8%ac%d8%a7%d8%ac-%d9%85%d8%b9-%d8%a7%d9%84%d8%a8%d9%88%d9%85%d9%8a%d9%84%d9%88-%d9%88-%d8%ad%d9%84%d9%8a%d8%a8-%d8%ac%d9%88%d8%b2-%d8%a7%d9%84%d9%87%d9%86%d8%af-%d8%b3%d8%a7%d8%aa%d9%8a%d9%87/,https://staging.lacuisinedebernard.com/%d8%af%d8%ac%d8%a7%d8%ac-%d9%85%d8%b9-%d8%a7%d9%84%d8%a8%d9%88%d9%85%d9%8a%d9%84%d9%88-%d9%88-%d8%ad%d9%84%d9%8a%d8%a8-%d8%ac%d9%88%d8%b2-%d8%a7%d9%84%d9%87%d9%86%d8%af-%d8%b3%d8%a7%d8%aa%d9%8a%d9%87
https://lacuisinedebernard.com/sonoma-chicken-salad,https://staging.lacuisinedebernard.com/sonoma-chicken-salad
https://lacuisinedebernard.com/sonoma-chicken-salad/,https://staging.lacuisinedebernard.com/sonoma-chicken-salad
https://www.lacuisinedebernard.com/sonoma-chicken-salad,https://staging.lacuisinedebernard.com/sonoma-chicken-salad
https://www.lacuisinedebernard.com/sonoma-chicken-salad/,https://staging.lacuisinedebernard.com/sonoma-chicken-salad
https://lacuisinedebernard.com/%d8%b4%d9%86%d8%ba%d9%87%d8%a7%d9%8a-%d8%a8%d8%a7%d8%b3%d9%8a%d9%84,https://staging.lacuisinedebernard.com/%d8%b4%d9%86%d8%ba%d9%87%d8%a7%d9%8a-%d8%a8%d8%a7%d8%b3%d9%8a%d9%84
https://lacuisinedebernard.com/%d8%b4%d9%86%d8%ba%d9%87%d8%a7%d9%8a-%d8%a8%d8%a7%d8%b3%d9%8a%d9%84/,https://staging.lacuisinedebernard.com/%d8%b4%d9%86%d8%ba%d9%87%d8%a7%d9%8a-%d8%a8%d8%a7%d8%b3%d9%8a%d9%84
https://www.lacuisinedebernard.com/%d8%b4%d9%86%d8%ba%d9%87%d8%a7%d9%8a-%d8%a8%d8%a7%d8%b3%d9%8a%d9%84,https://staging.lacuisinedebernard.com/%d8%b4%d9%86%d8%ba%d9%87%d8%a7%d9%8a-%d8%a8%d8%a7%d8%b3%d9%8a%d9%84
https://www.lacuisinedebernard.com/%d8%b4%d9%86%d8%ba%d9%87%d8%a7%d9%8a-%d8%a8%d8%a7%d8%b3%d9%8a%d9%84/,https://staging.lacuisinedebernard.com/%d8%b4%d9%86%d8%ba%d9%87%d8%a7%d9%8a-%d8%a8%d8%a7%d8%b3%d9%8a%d9%84
https://lacuisinedebernard.com/tartas-kesra,https://staging.lacuisinedebernard.com/tartas-kesra
https://lacuisinedebernard.com/tartas-kesra/,https://staging.lacuisinedebernard.com/tartas-kesra
https://www.lacuisinedebernard.com/tartas-kesra,https://staging.lacuisinedebernard.com/tartas-kesra
https://www.lacuisinedebernard.com/tartas-kesra/,https://staging.lacuisinedebernard.com/tartas-kesra
https://lacuisinedebernard.com/bolos-kesra,https://staging.lacuisinedebernard.com/bolos-kesra
https://lacuisinedebernard.com/bolos-kesra/,https://staging.lacuisinedebernard.com/bolos-kesra
https://www.lacuisinedebernard.com/bolos-kesra,https://staging.lacuisinedebernard.com/bolos-kesra
https://www.lacuisinedebernard.com/bolos-kesra/,https://staging.lacuisinedebernard.com/bolos-kesra
https://lacuisinedebernard.com/kesra-cakes,https://staging.lacuisinedebernard.com/kesra-cakes
https://lacuisinedebernard.com/kesra-cakes/,https://staging.lacuisinedebernard.com/kesra-cakes
https://www.lacuisinedebernard.com/kesra-cakes,https://staging.lacuisinedebernard.com/kesra-cakes
https://www.lacuisinedebernard.com/kesra-cakes/,https://staging.lacuisinedebernard.com/kesra-cakes
https://lacuisinedebernard.com/%d9%81%d8%b7%d8%a7%d8%a6%d8%b1-%d9%83%d8%b3%d8%b1%d8%a9,https://staging.lacuisinedebernard.com/%d9%81%d8%b7%d8%a7%d8%a6%d8%b1-%d9%83%d8%b3%d8%b1%d8%a9
https://lacuisinedebernard.com/%d9%81%d8%b7%d8%a7%d8%a6%d8%b1-%d9%83%d8%b3%d8%b1%d8%a9/,https://staging.lacuisinedebernard.com/%d9%81%d8%b7%d8%a7%d8%a6%d8%b1-%d9%83%d8%b3%d8%b1%d8%a9
https://www.lacuisinedebernard.com/%d9%81%d8%b7%d8%a7%d8%a6%d8%b1-%d9%83%d8%b3%d8%b1%d8%a9,https://staging.lacuisinedebernard.com/%d9%81%d8%b7%d8%a7%d8%a6%d8%b1-%d9%83%d8%b3%d8%b1%d8%a9
https://www.lacuisinedebernard.com/%d9%81%d8%b7%d8%a7%d8%a6%d8%b1-%d9%83%d8%b3%d8%b1%d8%a9/,https://staging.lacuisinedebernard.com/%d9%81%d8%b7%d8%a7%d8%a6%d8%b1-%d9%83%d8%b3%d8%b1%d8%a9
https://lacuisinedebernard.com/baci-di-dama,https://staging.lacuisinedebernard.com/baci-di-dama
https://lacuisinedebernard.com/baci-di-dama/,https://staging.lacuisinedebernard.com/baci-di-dama
https://www.lacuisinedebernard.com/baci-di-dama,https://staging.lacuisinedebernard.com/baci-di-dama
https://www.lacuisinedebernard.com/baci-di-dama/,https://staging.lacuisinedebernard.com/baci-di-dama
https://lacuisinedebernard.com/kig-ha-farz,https://staging.lacuisinedebernard.com/kig-ha-farz
https://lacuisinedebernard.com/kig-ha-farz/,https://staging.lacuisinedebernard.com/kig-ha-farz
https://www.lacuisinedebernard.com/kig-ha-farz,https://staging.lacuisinedebernard.com/kig-ha-farz
https://www.lacuisinedebernard.com/kig-ha-farz/,https://staging.lacuisinedebernard.com/kig-ha-farz
https://lacuisinedebernard.com/%d8%a8%d9%82%d9%84%d8%a7%d9%88%d8%b3-%d8%a8%d8%a7%d9%84%d9%81%d8%b3%d8%aa%d9%82-%d9%88%d9%85%d8%a7%d8%a1-%d8%a7%d9%84%d9%88%d8%b1%d8%af,https://staging.lacuisinedebernard.com/%d8%a8%d9%82%d9%84%d8%a7%d9%88%d8%b3-%d8%a8%d8%a7%d9%84%d9%81%d8%b3%d8%aa%d9%82-%d9%88%d9%85%d8%a7%d8%a1-%d8%a7%d9%84%d9%88%d8%b1%d8%af
https://lacuisinedebernard.com/%d8%a8%d9%82%d9%84%d8%a7%d9%88%d8%b3-%d8%a8%d8%a7%d9%84%d9%81%d8%b3%d8%aa%d9%82-%d9%88%d9%85%d8%a7%d8%a1-%d8%a7%d9%84%d9%88%d8%b1%d8%af/,https://staging.lacuisinedebernard.com/%d8%a8%d9%82%d9%84%d8%a7%d9%88%d8%b3-%d8%a8%d8%a7%d9%84%d9%81%d8%b3%d8%aa%d9%82-%d9%88%d9%85%d8%a7%d8%a1-%d8%a7%d9%84%d9%88%d8%b1%d8%af
https://www.lacuisinedebernard.com/%d8%a8%d9%82%d9%84%d8%a7%d9%88%d8%b3-%d8%a8%d8%a7%d9%84%d9%81%d8%b3%d8%aa%d9%82-%d9%88%d9%85%d8%a7%d8%a1-%d8%a7%d9%84%d9%88%d8%b1%d8%af,https://staging.lacuisinedebernard.com/%d8%a8%d9%82%d9%84%d8%a7%d9%88%d8%b3-%d8%a8%d8%a7%d9%84%d9%81%d8%b3%d8%aa%d9%82-%d9%88%d9%85%d8%a7%d8%a1-%d8%a7%d9%84%d9%88%d8%b1%d8%af
https://www.lacuisinedebernard.com/%d8%a8%d9%82%d9%84%d8%a7%d9%88%d8%b3-%d8%a8%d8%a7%d9%84%d9%81%d8%b3%d8%aa%d9%82-%d9%88%d9%85%d8%a7%d8%a1-%d8%a7%d9%84%d9%88%d8%b1%d8%af/,https://staging.lacuisinedebernard.com/%d8%a8%d9%82%d9%84%d8%a7%d9%88%d8%b3-%d8%a8%d8%a7%d9%84%d9%81%d8%b3%d8%aa%d9%82-%d9%88%d9%85%d8%a7%d8%a1-%d8%a7%d9%84%d9%88%d8%b1%d8%af
https://lacuisinedebernard.com/%d9%85%d8%a7%d8%af%d9%84%d9%8a%d9%86-%d9%85%d9%86-%d9%83%d9%88%d9%85%d9%8a%d8%b1%d8%b3%d9%8a,https://staging.lacuisinedebernard.com/%d9%85%d8%a7%d8%af%d9%84%d9%8a%d9%86-%d9%85%d9%86-%d9%83%d9%88%d9%85%d9%8a%d8%b1%d8%b3%d9%8a
https://lacuisinedebernard.com/%d9%85%d8%a7%d8%af%d9%84%d9%8a%d9%86-%d9%85%d9%86-%d9%83%d9%88%d9%85%d9%8a%d8%b1%d8%b3%d9%8a/,https://staging.lacuisinedebernard.com/%d9%85%d8%a7%d8%af%d9%84%d9%8a%d9%86-%d9%85%d9%86-%d9%83%d9%88%d9%85%d9%8a%d8%b1%d8%b3%d9%8a
https://www.lacuisinedebernard.com/%d9%85%d8%a7%d8%af%d9%84%d9%8a%d9%86-%d9%85%d9%86-%d9%83%d9%88%d9%85%d9%8a%d8%b1%d8%b3%d9%8a,https://staging.lacuisinedebernard.com/%d9%85%d8%a7%d8%af%d9%84%d9%8a%d9%86-%d9%85%d9%86-%d9%83%d9%88%d9%85%d9%8a%d8%b1%d8%b3%d9%8a
https://www.lacuisinedebernard.com/%d9%85%d8%a7%d8%af%d9%84%d9%8a%d9%86-%d9%85%d9%86-%d9%83%d9%88%d9%85%d9%8a%d8%b1%d8%b3%d9%8a/,https://staging.lacuisinedebernard.com/%d9%85%d8%a7%d8%af%d9%84%d9%8a%d9%86-%d9%85%d9%86-%d9%83%d9%88%d9%85%d9%8a%d8%b1%d8%b3%d9%8a
https://lacuisinedebernard.com/misoshiru,https://staging.lacuisinedebernard.com/misoshiru
https://lacuisinedebernard.com/misoshiru/,https://staging.lacuisinedebernard.com/misoshiru
https://www.lacuisinedebernard.com/misoshiru,https://staging.lacuisinedebernard.com/misoshiru
https://www.lacuisinedebernard.com/misoshiru/,https://staging.lacuisinedebernard.com/misoshiru
https://lacuisinedebernard.com/tarta-de-migas-de-nueva-york,https://staging.lacuisinedebernard.com/tarta-de-migas-de-nueva-york
https://lacuisinedebernard.com/tarta-de-migas-de-nueva-york/,https://staging.lacuisinedebernard.com/tarta-de-migas-de-nueva-york
https://www.lacuisinedebernard.com/tarta-de-migas-de-nueva-york,https://staging.lacuisinedebernard.com/tarta-de-migas-de-nueva-york
https://www.lacuisinedebernard.com/tarta-de-migas-de-nueva-york/,https://staging.lacuisinedebernard.com/tarta-de-migas-de-nueva-york
https://lacuisinedebernard.com/fair-waffles,https://staging.lacuisinedebernard.com/fair-waffles
https://lacuisinedebernard.com/fair-waffles/,https://staging.lacuisinedebernard.com/fair-waffles
https://www.lacuisinedebernard.com/fair-waffles,https://staging.lacuisinedebernard.com/fair-waffles
https://www.lacuisinedebernard.com/fair-waffles/,https://staging.lacuisinedebernard.com/fair-waffles
https://lacuisinedebernard.com/samossas-de-batata-indiana,https://staging.lacuisinedebernard.com/samossas-de-batata-indiana
https://lacuisinedebernard.com/samossas-de-batata-indiana/,https://staging.lacuisinedebernard.com/samossas-de-batata-indiana
https://www.lacuisinedebernard.com/samossas-de-batata-indiana,https://staging.lacuisinedebernard.com/samossas-de-batata-indiana
https://www.lacuisinedebernard.com/samossas-de-batata-indiana/,https://staging.lacuisinedebernard.com/samossas-de-batata-indiana
https://lacuisinedebernard.com/%d8%aa%d8%a7%d8%b1%d8%aa%d9%84%d9%8a%d8%aa-%d8%aa%d9%88%d8%aa-%d8%a7%d9%84%d8%b9%d9%84%d9%8a%d9%82-%d9%88%d8%a7%d9%84%d8%b2%d9%86%d8%ac%d8%a8%d9%8a%d9%84-%d9%88%d8%a7%d9%84%d9%84%d9%8a%d9%85%d9%88,https://staging.lacuisinedebernard.com/%d8%aa%d8%a7%d8%b1%d8%aa%d9%84%d9%8a%d8%aa-%d8%aa%d9%88%d8%aa-%d8%a7%d9%84%d8%b9%d9%84%d9%8a%d9%82-%d9%88%d8%a7%d9%84%d8%b2%d9%86%d8%ac%d8%a8%d9%8a%d9%84-%d9%88%d8%a7%d9%84%d9%84%d9%8a%d9%85%d9%88
https://lacuisinedebernard.com/%d8%aa%d8%a7%d8%b1%d8%aa%d9%84%d9%8a%d8%aa-%d8%aa%d9%88%d8%aa-%d8%a7%d9%84%d8%b9%d9%84%d9%8a%d9%82-%d9%88%d8%a7%d9%84%d8%b2%d9%86%d8%ac%d8%a8%d9%8a%d9%84-%d9%88%d8%a7%d9%84%d9%84%d9%8a%d9%85%d9%88/,https://staging.lacuisinedebernard.com/%d8%aa%d8%a7%d8%b1%d8%aa%d9%84%d9%8a%d8%aa-%d8%aa%d9%88%d8%aa-%d8%a7%d9%84%d8%b9%d9%84%d9%8a%d9%82-%d9%88%d8%a7%d9%84%d8%b2%d9%86%d8%ac%d8%a8%d9%8a%d9%84-%d9%88%d8%a7%d9%84%d9%84%d9%8a%d9%85%d9%88
https://www.lacuisinedebernard.com/%d8%aa%d8%a7%d8%b1%d8%aa%d9%84%d9%8a%d8%aa-%d8%aa%d9%88%d8%aa-%d8%a7%d9%84%d8%b9%d9%84%d9%8a%d9%82-%d9%88%d8%a7%d9%84%d8%b2%d9%86%d8%ac%d8%a8%d9%8a%d9%84-%d9%88%d8%a7%d9%84%d9%84%d9%8a%d9%85%d9%88,https://staging.lacuisinedebernard.com/%d8%aa%d8%a7%d8%b1%d8%aa%d9%84%d9%8a%d8%aa-%d8%aa%d9%88%d8%aa-%d8%a7%d9%84%d8%b9%d9%84%d9%8a%d9%82-%d9%88%d8%a7%d9%84%d8%b2%d9%86%d8%ac%d8%a8%d9%8a%d9%84-%d9%88%d8%a7%d9%84%d9%84%d9%8a%d9%85%d9%88
https://www.lacuisinedebernard.com/%d8%aa%d8%a7%d8%b1%d8%aa%d9%84%d9%8a%d8%aa-%d8%aa%d9%88%d8%aa-%d8%a7%d9%84%d8%b9%d9%84%d9%8a%d9%82-%d9%88%d8%a7%d9%84%d8%b2%d9%86%d8%ac%d8%a8%d9%8a%d9%84-%d9%88%d8%a7%d9%84%d9%84%d9%8a%d9%85%d9%88/,https://staging.lacuisinedebernard.com/%d8%aa%d8%a7%d8%b1%d8%aa%d9%84%d9%8a%d8%aa-%d8%aa%d9%88%d8%aa-%d8%a7%d9%84%d8%b9%d9%84%d9%8a%d9%82-%d9%88%d8%a7%d9%84%d8%b2%d9%86%d8%ac%d8%a8%d9%8a%d9%84-%d9%88%d8%a7%d9%84%d9%84%d9%8a%d9%85%d9%88
https://lacuisinedebernard.com/beef-meatballs-with-onion-fondue,https://staging.lacuisinedebernard.com/beef-meatballs-with-onion-fondue
https://lacuisinedebernard.com/beef-meatballs-with-onion-fondue/,https://staging.lacuisinedebernard.com/beef-meatballs-with-onion-fondue
https://www.lacuisinedebernard.com/beef-meatballs-with-onion-fondue,https://staging.lacuisinedebernard.com/beef-meatballs-with-onion-fondue
https://www.lacuisinedebernard.com/beef-meatballs-with-onion-fondue/,https://staging.lacuisinedebernard.com/beef-meatballs-with-onion-fondue
https://lacuisinedebernard.com/rollos-de-primavera,https://staging.lacuisinedebernard.com/rollos-de-primavera
https://lacuisinedebernard.com/rollos-de-primavera/,https://staging.lacuisinedebernard.com/rollos-de-primavera
https://www.lacuisinedebernard.com/rollos-de-primavera,https://staging.lacuisinedebernard.com/rollos-de-primavera
https://www.lacuisinedebernard.com/rollos-de-primavera/,https://staging.lacuisinedebernard.com/rollos-de-primavera
https://lacuisinedebernard.com/molho-de-manteiga-salgada-de-caramelo,https://staging.lacuisinedebernard.com/molho-de-manteiga-salgada-de-caramelo
https://lacuisinedebernard.com/molho-de-manteiga-salgada-de-caramelo/,https://staging.lacuisinedebernard.com/molho-de-manteiga-salgada-de-caramelo
https://www.lacuisinedebernard.com/molho-de-manteiga-salgada-de-caramelo,https://staging.lacuisinedebernard.com/molho-de-manteiga-salgada-de-caramelo
https://www.lacuisinedebernard.com/molho-de-manteiga-salgada-de-caramelo/,https://staging.lacuisinedebernard.com/molho-de-manteiga-salgada-de-caramelo
https://lacuisinedebernard.com/%d9%83%d8%b1%d8%a7%d8%aa-%d8%a7%d9%84%d9%84%d8%ad%d9%85-%d8%a7%d9%84%d8%a8%d9%82%d8%b1%d9%8a-%d9%85%d8%b9-%d9%81%d9%88%d9%86%d8%af%d9%88-%d8%a7%d9%84%d8%a8%d8%b5%d9%84,https://staging.lacuisinedebernard.com/%d9%83%d8%b1%d8%a7%d8%aa-%d8%a7%d9%84%d9%84%d8%ad%d9%85-%d8%a7%d9%84%d8%a8%d9%82%d8%b1%d9%8a-%d9%85%d8%b9-%d9%81%d9%88%d9%86%d8%af%d9%88-%d8%a7%d9%84%d8%a8%d8%b5%d9%84
https://lacuisinedebernard.com/%d9%83%d8%b1%d8%a7%d8%aa-%d8%a7%d9%84%d9%84%d8%ad%d9%85-%d8%a7%d9%84%d8%a8%d9%82%d8%b1%d9%8a-%d9%85%d8%b9-%d9%81%d9%88%d9%86%d8%af%d9%88-%d8%a7%d9%84%d8%a8%d8%b5%d9%84/,https://staging.lacuisinedebernard.com/%d9%83%d8%b1%d8%a7%d8%aa-%d8%a7%d9%84%d9%84%d8%ad%d9%85-%d8%a7%d9%84%d8%a8%d9%82%d8%b1%d9%8a-%d9%85%d8%b9-%d9%81%d9%88%d9%86%d8%af%d9%88-%d8%a7%d9%84%d8%a8%d8%b5%d9%84
https://www.lacuisinedebernard.com/%d9%83%d8%b1%d8%a7%d8%aa-%d8%a7%d9%84%d9%84%d8%ad%d9%85-%d8%a7%d9%84%d8%a8%d9%82%d8%b1%d9%8a-%d9%85%d8%b9-%d9%81%d9%88%d9%86%d8%af%d9%88-%d8%a7%d9%84%d8%a8%d8%b5%d9%84,https://staging.lacuisinedebernard.com/%d9%83%d8%b1%d8%a7%d8%aa-%d8%a7%d9%84%d9%84%d8%ad%d9%85-%d8%a7%d9%84%d8%a8%d9%82%d8%b1%d9%8a-%d9%85%d8%b9-%d9%81%d9%88%d9%86%d8%af%d9%88-%d8%a7%d9%84%d8%a8%d8%b5%d9%84
https://www.lacuisinedebernard.com/%d9%83%d8%b1%d8%a7%d8%aa-%d8%a7%d9%84%d9%84%d8%ad%d9%85-%d8%a7%d9%84%d8%a8%d9%82%d8%b1%d9%8a-%d9%85%d8%b9-%d9%81%d9%88%d9%86%d8%af%d9%88-%d8%a7%d9%84%d8%a8%d8%b5%d9%84/,https://staging.lacuisinedebernard.com/%d9%83%d8%b1%d8%a7%d8%aa-%d8%a7%d9%84%d9%84%d8%ad%d9%85-%d8%a7%d9%84%d8%a8%d9%82%d8%b1%d9%8a-%d9%85%d8%b9-%d9%81%d9%88%d9%86%d8%af%d9%88-%d8%a7%d9%84%d8%a8%d8%b5%d9%84
https://lacuisinedebernard.com/%d9%83%d9%8a%d8%ac-%d9%87%d8%a7-%d9%81%d8%b1%d8%b2,https://staging.lacuisinedebernard.com/%d9%83%d9%8a%d8%ac-%d9%87%d8%a7-%d9%81%d8%b1%d8%b2
https://lacuisinedebernard.com/%d9%83%d9%8a%d8%ac-%d9%87%d8%a7-%d9%81%d8%b1%d8%b2/,https://staging.lacuisinedebernard.com/%d9%83%d9%8a%d8%ac-%d9%87%d8%a7-%d9%81%d8%b1%d8%b2
https://www.lacuisinedebernard.com/%d9%83%d9%8a%d8%ac-%d9%87%d8%a7-%d9%81%d8%b1%d8%b2,https://staging.lacuisinedebernard.com/%d9%83%d9%8a%d8%ac-%d9%87%d8%a7-%d9%81%d8%b1%d8%b2
https://www.lacuisinedebernard.com/%d9%83%d9%8a%d8%ac-%d9%87%d8%a7-%d9%81%d8%b1%d8%b2/,https://staging.lacuisinedebernard.com/%d9%83%d9%8a%d8%ac-%d9%87%d8%a7-%d9%81%d8%b1%d8%b2
https://lacuisinedebernard.com/bolo-de-migalhas-de-nova-iorque,https://staging.lacuisinedebernard.com/bolo-de-migalhas-de-nova-iorque
https://lacuisinedebernard.com/bolo-de-migalhas-de-nova-iorque/,https://staging.lacuisinedebernard.com/bolo-de-migalhas-de-nova-iorque
https://www.lacuisinedebernard.com/bolo-de-migalhas-de-nova-iorque,https://staging.lacuisinedebernard.com/bolo-de-migalhas-de-nova-iorque
https://www.lacuisinedebernard.com/bolo-de-migalhas-de-nova-iorque/,https://staging.lacuisinedebernard.com/bolo-de-migalhas-de-nova-iorque
https://lacuisinedebernard.com/pasta-al-huevo-fresca,https://staging.lacuisinedebernard.com/pasta-al-huevo-fresca
https://lacuisinedebernard.com/pasta-al-huevo-fresca/,https://staging.lacuisinedebernard.com/pasta-al-huevo-fresca
https://www.lacuisinedebernard.com/pasta-al-huevo-fresca,https://staging.lacuisinedebernard.com/pasta-al-huevo-fresca
https://www.lacuisinedebernard.com/pasta-al-huevo-fresca/,https://staging.lacuisinedebernard.com/pasta-al-huevo-fresca
https://lacuisinedebernard.com/%d8%a8%d8%a7%d8%b3%d9%8a-%d8%af%d9%8a-%d8%af%d8%a7%d9%85%d8%a7,https://staging.lacuisinedebernard.com/%d8%a8%d8%a7%d8%b3%d9%8a-%d8%af%d9%8a-%d8%af%d8%a7%d9%85%d8%a7
https://lacuisinedebernard.com/%d8%a8%d8%a7%d8%b3%d9%8a-%d8%af%d9%8a-%d8%af%d8%a7%d9%85%d8%a7/,https://staging.lacuisinedebernard.com/%d8%a8%d8%a7%d8%b3%d9%8a-%d8%af%d9%8a-%d8%af%d8%a7%d9%85%d8%a7
https://www.lacuisinedebernard.com/%d8%a8%d8%a7%d8%b3%d9%8a-%d8%af%d9%8a-%d8%af%d8%a7%d9%85%d8%a7,https://staging.lacuisinedebernard.com/%d8%a8%d8%a7%d8%b3%d9%8a-%d8%af%d9%8a-%d8%af%d8%a7%d9%85%d8%a7
https://www.lacuisinedebernard.com/%d8%a8%d8%a7%d8%b3%d9%8a-%d8%af%d9%8a-%d8%af%d8%a7%d9%85%d8%a7/,https://staging.lacuisinedebernard.com/%d8%a8%d8%a7%d8%b3%d9%8a-%d8%af%d9%8a-%d8%af%d8%a7%d9%85%d8%a7
https://lacuisinedebernard.com/indian-potato-samossas,https://staging.lacuisinedebernard.com/indian-potato-samossas
https://lacuisinedebernard.com/indian-potato-samossas/,https://staging.lacuisinedebernard.com/indian-potato-samossas
https://www.lacuisinedebernard.com/indian-potato-samossas,https://staging.lacuisinedebernard.com/indian-potato-samossas
https://www.lacuisinedebernard.com/indian-potato-samossas/,https://staging.lacuisinedebernard.com/indian-potato-samossas
https://lacuisinedebernard.com/%d8%a7%d9%84%d9%81%d8%b7%d8%a7%d8%a6%d8%b1-%d8%a7%d9%84%d8%b9%d8%a7%d8%af%d9%84%d8%a9,https://staging.lacuisinedebernard.com/%d8%a7%d9%84%d9%81%d8%b7%d8%a7%d8%a6%d8%b1-%d8%a7%d9%84%d8%b9%d8%a7%d8%af%d9%84%d8%a9
https://lacuisinedebernard.com/%d8%a7%d9%84%d9%81%d8%b7%d8%a7%d8%a6%d8%b1-%d8%a7%d9%84%d8%b9%d8%a7%d8%af%d9%84%d8%a9/,https://staging.lacuisinedebernard.com/%d8%a7%d9%84%d9%81%d8%b7%d8%a7%d8%a6%d8%b1-%d8%a7%d9%84%d8%b9%d8%a7%d8%af%d9%84%d8%a9
https://www.lacuisinedebernard.com/%d8%a7%d9%84%d9%81%d8%b7%d8%a7%d8%a6%d8%b1-%d8%a7%d9%84%d8%b9%d8%a7%d8%af%d9%84%d8%a9,https://staging.lacuisinedebernard.com/%d8%a7%d9%84%d9%81%d8%b7%d8%a7%d8%a6%d8%b1-%d8%a7%d9%84%d8%b9%d8%a7%d8%af%d9%84%d8%a9
https://www.lacuisinedebernard.com/%d8%a7%d9%84%d9%81%d8%b7%d8%a7%d8%a6%d8%b1-%d8%a7%d9%84%d8%b9%d8%a7%d8%af%d9%84%d8%a9/,https://staging.lacuisinedebernard.com/%d8%a7%d9%84%d9%81%d8%b7%d8%a7%d8%a6%d8%b1-%d8%a7%d9%84%d8%b9%d8%a7%d8%af%d9%84%d8%a9
https://lacuisinedebernard.com/rolos-de-primavera,https://staging.lacuisinedebernard.com/rolos-de-primavera
https://lacuisinedebernard.com/rolos-de-primavera/,https://staging.lacuisinedebernard.com/rolos-de-primavera
https://www.lacuisinedebernard.com/rolos-de-primavera,https://staging.lacuisinedebernard.com/rolos-de-primavera
https://www.lacuisinedebernard.com/rolos-de-primavera/,https://staging.lacuisinedebernard.com/rolos-de-primavera
https://lacuisinedebernard.com/baklawas-con-pistachos-y-agua-de-rosas,https://staging.lacuisinedebernard.com/baklawas-con-pistachos-y-agua-de-rosas
https://lacuisinedebernard.com/baklawas-con-pistachos-y-agua-de-rosas/,https://staging.lacuisinedebernard.com/baklawas-con-pistachos-y-agua-de-rosas
https://www.lacuisinedebernard.com/baklawas-con-pistachos-y-agua-de-rosas,https://staging.lacuisinedebernard.com/baklawas-con-pistachos-y-agua-de-rosas
https://www.lacuisinedebernard.com/baklawas-con-pistachos-y-agua-de-rosas/,https://staging.lacuisinedebernard.com/baklawas-con-pistachos-y-agua-de-rosas
https://lacuisinedebernard.com/%d8%b3%d9%85%d8%a8%d9%88%d8%b3%d8%a9-%d8%a7%d9%84%d8%a8%d8%b7%d8%a7%d8%b7%d8%a7-%d8%a7%d9%84%d9%87%d9%86%d8%af%d9%8a%d8%a9,https://staging.lacuisinedebernard.com/%d8%b3%d9%85%d8%a8%d9%88%d8%b3%d8%a9-%d8%a7%d9%84%d8%a8%d8%b7%d8%a7%d8%b7%d8%a7-%d8%a7%d9%84%d9%87%d9%86%d8%af%d9%8a%d8%a9
https://lacuisinedebernard.com/%d8%b3%d9%85%d8%a8%d9%88%d8%b3%d8%a9-%d8%a7%d9%84%d8%a8%d8%b7%d8%a7%d8%b7%d8%a7-%d8%a7%d9%84%d9%87%d9%86%d8%af%d9%8a%d8%a9/,https://staging.lacuisinedebernard.com/%d8%b3%d9%85%d8%a8%d9%88%d8%b3%d8%a9-%d8%a7%d9%84%d8%a8%d8%b7%d8%a7%d8%b7%d8%a7-%d8%a7%d9%84%d9%87%d9%86%d8%af%d9%8a%d8%a9
https://www.lacuisinedebernard.com/%d8%b3%d9%85%d8%a8%d9%88%d8%b3%d8%a9-%d8%a7%d9%84%d8%a8%d8%b7%d8%a7%d8%b7%d8%a7-%d8%a7%d9%84%d9%87%d9%86%d8%af%d9%8a%d8%a9,https://staging.lacuisinedebernard.com/%d8%b3%d9%85%d8%a8%d9%88%d8%b3%d8%a9-%d8%a7%d9%84%d8%a8%d8%b7%d8%a7%d8%b7%d8%a7-%d8%a7%d9%84%d9%87%d9%86%d8%af%d9%8a%d8%a9
https://www.lacuisinedebernard.com/%d8%b3%d9%85%d8%a8%d9%88%d8%b3%d8%a9-%d8%a7%d9%84%d8%a8%d8%b7%d8%a7%d8%b7%d8%a7-%d8%a7%d9%84%d9%87%d9%86%d8%af%d9%8a%d8%a9/,https://staging.lacuisinedebernard.com/%d8%b3%d9%85%d8%a8%d9%88%d8%b3%d8%a9-%d8%a7%d9%84%d8%a8%d8%b7%d8%a7%d8%b7%d8%a7-%d8%a7%d9%84%d9%87%d9%86%d8%af%d9%8a%d8%a9
https://lacuisinedebernard.com/madeleines-de-commercy,https://staging.lacuisinedebernard.com/madeleines-de-commercy
https://lacuisinedebernard.com/madeleines-de-commercy/,https://staging.lacuisinedebernard.com/madeleines-de-commercy
https://www.lacuisinedebernard.com/madeleines-de-commercy,https://staging.lacuisinedebernard.com/madeleines-de-commercy
https://www.lacuisinedebernard.com/madeleines-de-commercy/,https://staging.lacuisinedebernard.com/madeleines-de-commercy
https://lacuisinedebernard.com/tartaletas-de-frambuesa-con-ganache-de-jengibre-y-lima,https://staging.lacuisinedebernard.com/tartaletas-de-frambuesa-con-ganache-de-jengibre-y-lima
https://lacuisinedebernard.com/tartaletas-de-frambuesa-con-ganache-de-jengibre-y-lima/,https://staging.lacuisinedebernard.com/tartaletas-de-frambuesa-con-ganache-de-jengibre-y-lima
https://www.lacuisinedebernard.com/tartaletas-de-frambuesa-con-ganache-de-jengibre-y-lima,https://staging.lacuisinedebernard.com/tartaletas-de-frambuesa-con-ganache-de-jengibre-y-lima
https://www.lacuisinedebernard.com/tartaletas-de-frambuesa-con-ganache-de-jengibre-y-lima/,https://staging.lacuisinedebernard.com/tartaletas-de-frambuesa-con-ganache-de-jengibre-y-lima
https://lacuisinedebernard.com/%d8%b5%d9%84%d8%b5%d8%a9-%d8%a7%d9%84%d9%83%d8%b1%d8%a7%d9%85%d9%8a%d9%84-%d8%a8%d8%a7%d9%84%d8%b2%d8%a8%d8%af%d8%a9-%d8%a7%d9%84%d9%85%d9%85%d9%84%d8%ad%d8%a9,https://staging.lacuisinedebernard.com/%d8%b5%d9%84%d8%b5%d8%a9-%d8%a7%d9%84%d9%83%d8%b1%d8%a7%d9%85%d9%8a%d9%84-%d8%a8%d8%a7%d9%84%d8%b2%d8%a8%d8%af%d8%a9-%d8%a7%d9%84%d9%85%d9%85%d9%84%d8%ad%d8%a9
https://lacuisinedebernard.com/%d8%b5%d9%84%d8%b5%d8%a9-%d8%a7%d9%84%d9%83%d8%b1%d8%a7%d9%85%d9%8a%d9%84-%d8%a8%d8%a7%d9%84%d8%b2%d8%a8%d8%af%d8%a9-%d8%a7%d9%84%d9%85%d9%85%d9%84%d8%ad%d8%a9/,https://staging.lacuisinedebernard.com/%d8%b5%d9%84%d8%b5%d8%a9-%d8%a7%d9%84%d9%83%d8%b1%d8%a7%d9%85%d9%8a%d9%84-%d8%a8%d8%a7%d9%84%d8%b2%d8%a8%d8%af%d8%a9-%d8%a7%d9%84%d9%85%d9%85%d9%84%d8%ad%d8%a9
https://www.lacuisinedebernard.com/%d8%b5%d9%84%d8%b5%d8%a9-%d8%a7%d9%84%d9%83%d8%b1%d8%a7%d9%85%d9%8a%d9%84-%d8%a8%d8%a7%d9%84%d8%b2%d8%a8%d8%af%d8%a9-%d8%a7%d9%84%d9%85%d9%85%d9%84%d8%ad%d8%a9,https://staging.lacuisinedebernard.com/%d8%b5%d9%84%d8%b5%d8%a9-%d8%a7%d9%84%d9%83%d8%b1%d8%a7%d9%85%d9%8a%d9%84-%d8%a8%d8%a7%d9%84%d8%b2%d8%a8%d8%af%d8%a9-%d8%a7%d9%84%d9%85%d9%85%d9%84%d8%ad%d8%a9
https://www.lacuisinedebernard.com/%d8%b5%d9%84%d8%b5%d8%a9-%d8%a7%d9%84%d9%83%d8%b1%d8%a7%d9%85%d9%8a%d9%84-%d8%a8%d8%a7%d9%84%d8%b2%d8%a8%d8%af%d8%a9-%d8%a7%d9%84%d9%85%d9%85%d9%84%d8%ad%d8%a9/,https://staging.lacuisinedebernard.com/%d8%b5%d9%84%d8%b5%d8%a9-%d8%a7%d9%84%d9%83%d8%b1%d8%a7%d9%85%d9%8a%d9%84-%d8%a8%d8%a7%d9%84%d8%b2%d8%a8%d8%af%d8%a9-%d8%a7%d9%84%d9%85%d9%85%d9%84%d8%ad%d8%a9
https://lacuisinedebernard.com/new-york-crumb-cake,https://staging.lacuisinedebernard.com/new-york-crumb-cake
https://lacuisinedebernard.com/new-york-crumb-cake/,https://staging.lacuisinedebernard.com/new-york-crumb-cake
https://www.lacuisinedebernard.com/new-york-crumb-cake,https://staging.lacuisinedebernard.com/new-york-crumb-cake
https://www.lacuisinedebernard.com/new-york-crumb-cake/,https://staging.lacuisinedebernard.com/new-york-crumb-cake
https://lacuisinedebernard.com/massa-fresca-de-ovo,https://staging.lacuisinedebernard.com/massa-fresca-de-ovo
https://lacuisinedebernard.com/massa-fresca-de-ovo/,https://staging.lacuisinedebernard.com/massa-fresca-de-ovo
https://www.lacuisinedebernard.com/massa-fresca-de-ovo,https://staging.lacuisinedebernard.com/massa-fresca-de-ovo
https://www.lacuisinedebernard.com/massa-fresca-de-ovo/,https://staging.lacuisinedebernard.com/massa-fresca-de-ovo
https://lacuisinedebernard.com/spring-rolls,https://staging.lacuisinedebernard.com/spring-rolls
https://lacuisinedebernard.com/spring-rolls/,https://staging.lacuisinedebernard.com/spring-rolls
https://www.lacuisinedebernard.com/spring-rolls,https://staging.lacuisinedebernard.com/spring-rolls
https://www.lacuisinedebernard.com/spring-rolls/,https://staging.lacuisinedebernard.com/spring-rolls
https://lacuisinedebernard.com/%d9%85%d9%8a%d8%b3%d9%88%d8%b4%d9%8a%d8%b1%d9%88,https://staging.lacuisinedebernard.com/%d9%85%d9%8a%d8%b3%d9%88%d8%b4%d9%8a%d8%b1%d9%88
https://lacuisinedebernard.com/%d9%85%d9%8a%d8%b3%d9%88%d8%b4%d9%8a%d8%b1%d9%88/,https://staging.lacuisinedebernard.com/%d9%85%d9%8a%d8%b3%d9%88%d8%b4%d9%8a%d8%b1%d9%88
https://www.lacuisinedebernard.com/%d9%85%d9%8a%d8%b3%d9%88%d8%b4%d9%8a%d8%b1%d9%88,https://staging.lacuisinedebernard.com/%d9%85%d9%8a%d8%b3%d9%88%d8%b4%d9%8a%d8%b1%d9%88
https://www.lacuisinedebernard.com/%d9%85%d9%8a%d8%b3%d9%88%d8%b4%d9%8a%d8%b1%d9%88/,https://staging.lacuisinedebernard.com/%d9%85%d9%8a%d8%b3%d9%88%d8%b4%d9%8a%d8%b1%d9%88
https://lacuisinedebernard.com/baklawas-com-pistachios-e-agua-de-rosas,https://staging.lacuisinedebernard.com/baklawas-com-pistachios-e-agua-de-rosas
https://lacuisinedebernard.com/baklawas-com-pistachios-e-agua-de-rosas/,https://staging.lacuisinedebernard.com/baklawas-com-pistachios-e-agua-de-rosas
https://www.lacuisinedebernard.com/baklawas-com-pistachios-e-agua-de-rosas,https://staging.lacuisinedebernard.com/baklawas-com-pistachios-e-agua-de-rosas
https://www.lacuisinedebernard.com/baklawas-com-pistachios-e-agua-de-rosas/,https://staging.lacuisinedebernard.com/baklawas-com-pistachios-e-agua-de-rosas
https://lacuisinedebernard.com/gofres-de-feria,https://staging.lacuisinedebernard.com/gofres-de-feria
https://lacuisinedebernard.com/gofres-de-feria/,https://staging.lacuisinedebernard.com/gofres-de-feria
https://www.lacuisinedebernard.com/gofres-de-feria,https://staging.lacuisinedebernard.com/gofres-de-feria
https://www.lacuisinedebernard.com/gofres-de-feria/,https://staging.lacuisinedebernard.com/gofres-de-feria
https://lacuisinedebernard.com/albondigas-de-ternera-con-fondue-de-cebolla,https://staging.lacuisinedebernard.com/albondigas-de-ternera-con-fondue-de-cebolla
https://lacuisinedebernard.com/albondigas-de-ternera-con-fondue-de-cebolla/,https://staging.lacuisinedebernard.com/albondigas-de-ternera-con-fondue-de-cebolla
https://www.lacuisinedebernard.com/albondigas-de-ternera-con-fondue-de-cebolla,https://staging.lacuisinedebernard.com/albondigas-de-ternera-con-fondue-de-cebolla
https://www.lacuisinedebernard.com/albondigas-de-ternera-con-fondue-de-cebolla/,https://staging.lacuisinedebernard.com/albondigas-de-ternera-con-fondue-de-cebolla
https://lacuisinedebernard.com/%d9%86%d9%8a%d9%88%d9%8a%d9%88%d8%b1%d9%83-%d9%83%d8%b1%d8%a7%d9%85%d8%a8-%d9%83%d9%8a%d9%83,https://staging.lacuisinedebernard.com/%d9%86%d9%8a%d9%88%d9%8a%d9%88%d8%b1%d9%83-%d9%83%d8%b1%d8%a7%d9%85%d8%a8-%d9%83%d9%8a%d9%83
https://lacuisinedebernard.com/%d9%86%d9%8a%d9%88%d9%8a%d9%88%d8%b1%d9%83-%d9%83%d8%b1%d8%a7%d9%85%d8%a8-%d9%83%d9%8a%d9%83/,https://staging.lacuisinedebernard.com/%d9%86%d9%8a%d9%88%d9%8a%d9%88%d8%b1%d9%83-%d9%83%d8%b1%d8%a7%d9%85%d8%a8-%d9%83%d9%8a%d9%83
https://www.lacuisinedebernard.com/%d9%86%d9%8a%d9%88%d9%8a%d9%88%d8%b1%d9%83-%d9%83%d8%b1%d8%a7%d9%85%d8%a8-%d9%83%d9%8a%d9%83,https://staging.lacuisinedebernard.com/%d9%86%d9%8a%d9%88%d9%8a%d9%88%d8%b1%d9%83-%d9%83%d8%b1%d8%a7%d9%85%d8%a8-%d9%83%d9%8a%d9%83
https://www.lacuisinedebernard.com/%d9%86%d9%8a%d9%88%d9%8a%d9%88%d8%b1%d9%83-%d9%83%d8%b1%d8%a7%d9%85%d8%a8-%d9%83%d9%8a%d9%83/,https://staging.lacuisinedebernard.com/%d9%86%d9%8a%d9%88%d9%8a%d9%88%d8%b1%d9%83-%d9%83%d8%b1%d8%a7%d9%85%d8%a8-%d9%83%d9%8a%d9%83
https://lacuisinedebernard.com/fresh-egg-pasta,https://staging.lacuisinedebernard.com/fresh-egg-pasta
https://lacuisinedebernard.com/fresh-egg-pasta/,https://staging.lacuisinedebernard.com/fresh-egg-pasta
https://www.lacuisinedebernard.com/fresh-egg-pasta,https://staging.lacuisinedebernard.com/fresh-egg-pasta
https://www.lacuisinedebernard.com/fresh-egg-pasta/,https://staging.lacuisinedebernard.com/fresh-egg-pasta
https://lacuisinedebernard.com/tortinhas-de-framboesa-com-gengibre-lima-ganache,https://staging.lacuisinedebernard.com/tortinhas-de-framboesa-com-gengibre-lima-ganache
https://lacuisinedebernard.com/tortinhas-de-framboesa-com-gengibre-lima-ganache/,https://staging.lacuisinedebernard.com/tortinhas-de-framboesa-com-gengibre-lima-ganache
https://www.lacuisinedebernard.com/tortinhas-de-framboesa-com-gengibre-lima-ganache,https://staging.lacuisinedebernard.com/tortinhas-de-framboesa-com-gengibre-lima-ganache
https://www.lacuisinedebernard.com/tortinhas-de-framboesa-com-gengibre-lima-ganache/,https://staging.lacuisinedebernard.com/tortinhas-de-framboesa-com-gengibre-lima-ganache
https://lacuisinedebernard.com/%d9%85%d9%84%d9%81%d9%88%d9%81%d8%a7%d8%aa-%d8%a7%d9%84%d8%b1%d8%a8%d9%8a%d8%b9-%d8%a3%d9%83%d9%84%d8%a9,https://staging.lacuisinedebernard.com/%d9%85%d9%84%d9%81%d9%88%d9%81%d8%a7%d8%aa-%d8%a7%d9%84%d8%b1%d8%a8%d9%8a%d8%b9-%d8%a3%d9%83%d9%84%d8%a9
https://lacuisinedebernard.com/%d9%85%d9%84%d9%81%d9%88%d9%81%d8%a7%d8%aa-%d8%a7%d9%84%d8%b1%d8%a8%d9%8a%d8%b9-%d8%a3%d9%83%d9%84%d8%a9/,https://staging.lacuisinedebernard.com/%d9%85%d9%84%d9%81%d9%88%d9%81%d8%a7%d8%aa-%d8%a7%d9%84%d8%b1%d8%a8%d9%8a%d8%b9-%d8%a3%d9%83%d9%84%d8%a9
https://www.lacuisinedebernard.com/%d9%85%d9%84%d9%81%d9%88%d9%81%d8%a7%d8%aa-%d8%a7%d9%84%d8%b1%d8%a8%d9%8a%d8%b9-%d8%a3%d9%83%d9%84%d8%a9,https://staging.lacuisinedebernard.com/%d9%85%d9%84%d9%81%d9%88%d9%81%d8%a7%d8%aa-%d8%a7%d9%84%d8%b1%d8%a8%d9%8a%d8%b9-%d8%a3%d9%83%d9%84%d8%a9
https://www.lacuisinedebernard.com/%d9%85%d9%84%d9%81%d9%88%d9%81%d8%a7%d8%aa-%d8%a7%d9%84%d8%b1%d8%a8%d9%8a%d8%b9-%d8%a3%d9%83%d9%84%d8%a9/,https://staging.lacuisinedebernard.com/%d9%85%d9%84%d9%81%d9%88%d9%81%d8%a7%d8%aa-%d8%a7%d9%84%d8%b1%d8%a8%d9%8a%d8%b9-%d8%a3%d9%83%d9%84%d8%a9
https://lacuisinedebernard.com/%d8%a8%d8%a7%d8%b3%d8%aa%d8%a7-%d8%a8%d9%8a%d8%b6-%d8%b7%d8%a7%d8%b2%d8%ac,https://staging.lacuisinedebernard.com/%d8%a8%d8%a7%d8%b3%d8%aa%d8%a7-%d8%a8%d9%8a%d8%b6-%d8%b7%d8%a7%d8%b2%d8%ac
https://lacuisinedebernard.com/%d8%a8%d8%a7%d8%b3%d8%aa%d8%a7-%d8%a8%d9%8a%d8%b6-%d8%b7%d8%a7%d8%b2%d8%ac/,https://staging.lacuisinedebernard.com/%d8%a8%d8%a7%d8%b3%d8%aa%d8%a7-%d8%a8%d9%8a%d8%b6-%d8%b7%d8%a7%d8%b2%d8%ac
https://www.lacuisinedebernard.com/%d8%a8%d8%a7%d8%b3%d8%aa%d8%a7-%d8%a8%d9%8a%d8%b6-%d8%b7%d8%a7%d8%b2%d8%ac,https://staging.lacuisinedebernard.com/%d8%a8%d8%a7%d8%b3%d8%aa%d8%a7-%d8%a8%d9%8a%d8%b6-%d8%b7%d8%a7%d8%b2%d8%ac
https://www.lacuisinedebernard.com/%d8%a8%d8%a7%d8%b3%d8%aa%d8%a7-%d8%a8%d9%8a%d8%b6-%d8%b7%d8%a7%d8%b2%d8%ac/,https://staging.lacuisinedebernard.com/%d8%a8%d8%a7%d8%b3%d8%aa%d8%a7-%d8%a8%d9%8a%d8%b6-%d8%b7%d8%a7%d8%b2%d8%ac
https://lacuisinedebernard.com/baklawas-with-pistachios-and-rose-water,https://staging.lacuisinedebernard.com/baklawas-with-pistachios-and-rose-water
https://lacuisinedebernard.com/baklawas-with-pistachios-and-rose-water/,https://staging.lacuisinedebernard.com/baklawas-with-pistachios-and-rose-water
https://www.lacuisinedebernard.com/baklawas-with-pistachios-and-rose-water,https://staging.lacuisinedebernard.com/baklawas-with-pistachios-and-rose-water
https://www.lacuisinedebernard.com/baklawas-with-pistachios-and-rose-water/,https://staging.lacuisinedebernard.com/baklawas-with-pistachios-and-rose-water
https://lacuisinedebernard.com/raspberry-tartlets-with-ginger-lime-ganache,https://staging.lacuisinedebernard.com/raspberry-tartlets-with-ginger-lime-ganache
https://lacuisinedebernard.com/raspberry-tartlets-with-ginger-lime-ganache/,https://staging.lacuisinedebernard.com/raspberry-tartlets-with-ginger-lime-ganache
https://www.lacuisinedebernard.com/raspberry-tartlets-with-ginger-lime-ganache,https://staging.lacuisinedebernard.com/raspberry-tartlets-with-ginger-lime-ganache
https://www.lacuisinedebernard.com/raspberry-tartlets-with-ginger-lime-ganache/,https://staging.lacuisinedebernard.com/raspberry-tartlets-with-ginger-lime-ganache
https://lacuisinedebernard.com/almondegas-de-carne-de-vaca-com-fondue-de-cebola,https://staging.lacuisinedebernard.com/almondegas-de-carne-de-vaca-com-fondue-de-cebola
https://lacuisinedebernard.com/almondegas-de-carne-de-vaca-com-fondue-de-cebola/,https://staging.lacuisinedebernard.com/almondegas-de-carne-de-vaca-com-fondue-de-cebola
https://www.lacuisinedebernard.com/almondegas-de-carne-de-vaca-com-fondue-de-cebola,https://staging.lacuisinedebernard.com/almondegas-de-carne-de-vaca-com-fondue-de-cebola
https://www.lacuisinedebernard.com/almondegas-de-carne-de-vaca-com-fondue-de-cebola/,https://staging.lacuisinedebernard.com/almondegas-de-carne-de-vaca-com-fondue-de-cebola
https://lacuisinedebernard.com/samossas-de-patata-indias,https://staging.lacuisinedebernard.com/samossas-de-patata-indias
https://lacuisinedebernard.com/samossas-de-patata-indias/,https://staging.lacuisinedebernard.com/samossas-de-patata-indias
https://www.lacuisinedebernard.com/samossas-de-patata-indias,https://staging.lacuisinedebernard.com/samossas-de-patata-indias
https://www.lacuisinedebernard.com/samossas-de-patata-indias/,https://staging.lacuisinedebernard.com/samossas-de-patata-indias
https://lacuisinedebernard.com/waffles-fairground,https://staging.lacuisinedebernard.com/waffles-fairground
https://lacuisinedebernard.com/waffles-fairground/,https://staging.lacuisinedebernard.com/waffles-fairground
https://www.lacuisinedebernard.com/waffles-fairground,https://staging.lacuisinedebernard.com/waffles-fairground
https://www.lacuisinedebernard.com/waffles-fairground/,https://staging.lacuisinedebernard.com/waffles-fairground
https://lacuisinedebernard.com/mini-tatins-of-foie-gras,https://staging.lacuisinedebernard.com/mini-tatins-of-foie-gras
https://lacuisinedebernard.com/mini-tatins-of-foie-gras/,https://staging.lacuisinedebernard.com/mini-tatins-of-foie-gras
https://www.lacuisinedebernard.com/mini-tatins-of-foie-gras,https://staging.lacuisinedebernard.com/mini-tatins-of-foie-gras
https://www.lacuisinedebernard.com/mini-tatins-of-foie-gras/,https://staging.lacuisinedebernard.com/mini-tatins-of-foie-gras
https://lacuisinedebernard.com/tronco-de-praline-hojaldrado,https://staging.lacuisinedebernard.com/tronco-de-praline-hojaldrado
https://lacuisinedebernard.com/tronco-de-praline-hojaldrado/,https://staging.lacuisinedebernard.com/tronco-de-praline-hojaldrado
https://www.lacuisinedebernard.com/tronco-de-praline-hojaldrado,https://staging.lacuisinedebernard.com/tronco-de-praline-hojaldrado
https://www.lacuisinedebernard.com/tronco-de-praline-hojaldrado/,https://staging.lacuisinedebernard.com/tronco-de-praline-hojaldrado
https://lacuisinedebernard.com/%d8%af%d8%ac%d8%a7%d8%ac-%d8%a8%d8%a7%d9%84%d8%b1%d9%8a%d8%ad%d8%a7%d9%86-%d8%a7%d9%84%d8%aa%d8%a7%d9%8a%d9%84%d9%86%d8%af%d9%8a,https://staging.lacuisinedebernard.com/%d8%af%d8%ac%d8%a7%d8%ac-%d8%a8%d8%a7%d9%84%d8%b1%d9%8a%d8%ad%d8%a7%d9%86-%d8%a7%d9%84%d8%aa%d8%a7%d9%8a%d9%84%d9%86%d8%af%d9%8a
https://lacuisinedebernard.com/%d8%af%d8%ac%d8%a7%d8%ac-%d8%a8%d8%a7%d9%84%d8%b1%d9%8a%d8%ad%d8%a7%d9%86-%d8%a7%d9%84%d8%aa%d8%a7%d9%8a%d9%84%d9%86%d8%af%d9%8a/,https://staging.lacuisinedebernard.com/%d8%af%d8%ac%d8%a7%d8%ac-%d8%a8%d8%a7%d9%84%d8%b1%d9%8a%d8%ad%d8%a7%d9%86-%d8%a7%d9%84%d8%aa%d8%a7%d9%8a%d9%84%d9%86%d8%af%d9%8a
https://www.lacuisinedebernard.com/%d8%af%d8%ac%d8%a7%d8%ac-%d8%a8%d8%a7%d9%84%d8%b1%d9%8a%d8%ad%d8%a7%d9%86-%d8%a7%d9%84%d8%aa%d8%a7%d9%8a%d9%84%d9%86%d8%af%d9%8a,https://staging.lacuisinedebernard.com/%d8%af%d8%ac%d8%a7%d8%ac-%d8%a8%d8%a7%d9%84%d8%b1%d9%8a%d8%ad%d8%a7%d9%86-%d8%a7%d9%84%d8%aa%d8%a7%d9%8a%d9%84%d9%86%d8%af%d9%8a
https://www.lacuisinedebernard.com/%d8%af%d8%ac%d8%a7%d8%ac-%d8%a8%d8%a7%d9%84%d8%b1%d9%8a%d8%ad%d8%a7%d9%86-%d8%a7%d9%84%d8%aa%d8%a7%d9%8a%d9%84%d9%86%d8%af%d9%8a/,https://staging.lacuisinedebernard.com/%d8%af%d8%ac%d8%a7%d8%ac-%d8%a8%d8%a7%d9%84%d8%b1%d9%8a%d8%ad%d8%a7%d9%86-%d8%a7%d9%84%d8%aa%d8%a7%d9%8a%d9%84%d9%86%d8%af%d9%8a
https://lacuisinedebernard.com/traou-mad-de-pont-aven-my-recipe,https://staging.lacuisinedebernard.com/traou-mad-de-pont-aven-my-recipe
https://lacuisinedebernard.com/traou-mad-de-pont-aven-my-recipe/,https://staging.lacuisinedebernard.com/traou-mad-de-pont-aven-my-recipe
https://www.lacuisinedebernard.com/traou-mad-de-pont-aven-my-recipe,https://staging.lacuisinedebernard.com/traou-mad-de-pont-aven-my-recipe
https://www.lacuisinedebernard.com/traou-mad-de-pont-aven-my-recipe/,https://staging.lacuisinedebernard.com/traou-mad-de-pont-aven-my-recipe
https://lacuisinedebernard.com/foie-gras-3o-metodo-de-vaporizacao,https://staging.lacuisinedebernard.com/foie-gras-3o-metodo-de-vaporizacao
https://lacuisinedebernard.com/foie-gras-3o-metodo-de-vaporizacao/,https://staging.lacuisinedebernard.com/foie-gras-3o-metodo-de-vaporizacao
https://www.lacuisinedebernard.com/foie-gras-3o-metodo-de-vaporizacao,https://staging.lacuisinedebernard.com/foie-gras-3o-metodo-de-vaporizacao
https://www.lacuisinedebernard.com/foie-gras-3o-metodo-de-vaporizacao/,https://staging.lacuisinedebernard.com/foie-gras-3o-metodo-de-vaporizacao
https://lacuisinedebernard.com/costelas-de-porco-caramelizadas,https://staging.lacuisinedebernard.com/costelas-de-porco-caramelizadas
https://lacuisinedebernard.com/costelas-de-porco-caramelizadas/,https://staging.lacuisinedebernard.com/costelas-de-porco-caramelizadas
https://www.lacuisinedebernard.com/costelas-de-porco-caramelizadas,https://staging.lacuisinedebernard.com/costelas-de-porco-caramelizadas
https://www.lacuisinedebernard.com/costelas-de-porco-caramelizadas/,https://staging.lacuisinedebernard.com/costelas-de-porco-caramelizadas
https://lacuisinedebernard.com/%d9%85%d9%8a%d9%86%d9%8a-%d8%aa%d8%a7%d8%aa%d9%8a%d9%86%d8%b2-%d9%85%d9%86-%d9%81%d9%88%d8%a7-%d8%ac%d8%b1%d8%a7,https://staging.lacuisinedebernard.com/%d9%85%d9%8a%d9%86%d9%8a-%d8%aa%d8%a7%d8%aa%d9%8a%d9%86%d8%b2-%d9%85%d9%86-%d9%81%d9%88%d8%a7-%d8%ac%d8%b1%d8%a7
https://lacuisinedebernard.com/%d9%85%d9%8a%d9%86%d9%8a-%d8%aa%d8%a7%d8%aa%d9%8a%d9%86%d8%b2-%d9%85%d9%86-%d9%81%d9%88%d8%a7-%d8%ac%d8%b1%d8%a7/,https://staging.lacuisinedebernard.com/%d9%85%d9%8a%d9%86%d9%8a-%d8%aa%d8%a7%d8%aa%d9%8a%d9%86%d8%b2-%d9%85%d9%86-%d9%81%d9%88%d8%a7-%d8%ac%d8%b1%d8%a7
https://www.lacuisinedebernard.com/%d9%85%d9%8a%d9%86%d9%8a-%d8%aa%d8%a7%d8%aa%d9%8a%d9%86%d8%b2-%d9%85%d9%86-%d9%81%d9%88%d8%a7-%d8%ac%d8%b1%d8%a7,https://staging.lacuisinedebernard.com/%d9%85%d9%8a%d9%86%d9%8a-%d8%aa%d8%a7%d8%aa%d9%8a%d9%86%d8%b2-%d9%85%d9%86-%d9%81%d9%88%d8%a7-%d8%ac%d8%b1%d8%a7
https://www.lacuisinedebernard.com/%d9%85%d9%8a%d9%86%d9%8a-%d8%aa%d8%a7%d8%aa%d9%8a%d9%86%d8%b2-%d9%85%d9%86-%d9%81%d9%88%d8%a7-%d8%ac%d8%b1%d8%a7/,https://staging.lacuisinedebernard.com/%d9%85%d9%8a%d9%86%d9%8a-%d8%aa%d8%a7%d8%aa%d9%8a%d9%86%d8%b2-%d9%85%d9%86-%d9%81%d9%88%d8%a7-%d8%ac%d8%b1%d8%a7
https://lacuisinedebernard.com/hummus,https://staging.lacuisinedebernard.com/hummus
https://lacuisinedebernard.com/hummus/,https://staging.lacuisinedebernard.com/hummus
https://www.lacuisinedebernard.com/hummus,https://staging.lacuisinedebernard.com/hummus
https://www.lacuisinedebernard.com/hummus/,https://staging.lacuisinedebernard.com/hummus
https://lacuisinedebernard.com/%d8%aa%d8%b1%d8%a7%d9%88-%d9%85%d8%a7%d8%af-%d9%85%d9%86-%d8%a8%d9%88%d9%86%d8%aa-%d8%a3%d9%81%d9%8a%d9%86-%d8%8c-%d9%88%d8%b5%d9%81%d8%aa%d9%8a,https://staging.lacuisinedebernard.com/%d8%aa%d8%b1%d8%a7%d9%88-%d9%85%d8%a7%d8%af-%d9%85%d9%86-%d8%a8%d9%88%d9%86%d8%aa-%d8%a3%d9%81%d9%8a%d9%86-%d8%8c-%d9%88%d8%b5%d9%81%d8%aa%d9%8a
https://lacuisinedebernard.com/%d8%aa%d8%b1%d8%a7%d9%88-%d9%85%d8%a7%d8%af-%d9%85%d9%86-%d8%a8%d9%88%d9%86%d8%aa-%d8%a3%d9%81%d9%8a%d9%86-%d8%8c-%d9%88%d8%b5%d9%81%d8%aa%d9%8a/,https://staging.lacuisinedebernard.com/%d8%aa%d8%b1%d8%a7%d9%88-%d9%85%d8%a7%d8%af-%d9%85%d9%86-%d8%a8%d9%88%d9%86%d8%aa-%d8%a3%d9%81%d9%8a%d9%86-%d8%8c-%d9%88%d8%b5%d9%81%d8%aa%d9%8a
https://www.lacuisinedebernard.com/%d8%aa%d8%b1%d8%a7%d9%88-%d9%85%d8%a7%d8%af-%d9%85%d9%86-%d8%a8%d9%88%d9%86%d8%aa-%d8%a3%d9%81%d9%8a%d9%86-%d8%8c-%d9%88%d8%b5%d9%81%d8%aa%d9%8a,https://staging.lacuisinedebernard.com/%d8%aa%d8%b1%d8%a7%d9%88-%d9%85%d8%a7%d8%af-%d9%85%d9%86-%d8%a8%d9%88%d9%86%d8%aa-%d8%a3%d9%81%d9%8a%d9%86-%d8%8c-%d9%88%d8%b5%d9%81%d8%aa%d9%8a
https://www.lacuisinedebernard.com/%d8%aa%d8%b1%d8%a7%d9%88-%d9%85%d8%a7%d8%af-%d9%85%d9%86-%d8%a8%d9%88%d9%86%d8%aa-%d8%a3%d9%81%d9%8a%d9%86-%d8%8c-%d9%88%d8%b5%d9%81%d8%aa%d9%8a/,https://staging.lacuisinedebernard.com/%d8%aa%d8%b1%d8%a7%d9%88-%d9%85%d8%a7%d8%af-%d9%85%d9%86-%d8%a8%d9%88%d9%86%d8%aa-%d8%a3%d9%81%d9%8a%d9%86-%d8%8c-%d9%88%d8%b5%d9%81%d8%aa%d9%8a
https://lacuisinedebernard.com/registo-flaky-praline,https://staging.lacuisinedebernard.com/registo-flaky-praline
https://lacuisinedebernard.com/registo-flaky-praline/,https://staging.lacuisinedebernard.com/registo-flaky-praline
https://www.lacuisinedebernard.com/registo-flaky-praline,https://staging.lacuisinedebernard.com/registo-flaky-praline
https://www.lacuisinedebernard.com/registo-flaky-praline/,https://staging.lacuisinedebernard.com/registo-flaky-praline
https://lacuisinedebernard.com/foie-gras-3rd-method-with-steam,https://staging.lacuisinedebernard.com/foie-gras-3rd-method-with-steam
https://lacuisinedebernard.com/foie-gras-3rd-method-with-steam/,https://staging.lacuisinedebernard.com/foie-gras-3rd-method-with-steam
https://www.lacuisinedebernard.com/foie-gras-3rd-method-with-steam,https://staging.lacuisinedebernard.com/foie-gras-3rd-method-with-steam
https://www.lacuisinedebernard.com/foie-gras-3rd-method-with-steam/,https://staging.lacuisinedebernard.com/foie-gras-3rd-method-with-steam
https://lacuisinedebernard.com/caramelized-cantonese-pork-ribs,https://staging.lacuisinedebernard.com/caramelized-cantonese-pork-ribs
https://lacuisinedebernard.com/caramelized-cantonese-pork-ribs/,https://staging.lacuisinedebernard.com/caramelized-cantonese-pork-ribs
https://www.lacuisinedebernard.com/caramelized-cantonese-pork-ribs,https://staging.lacuisinedebernard.com/caramelized-cantonese-pork-ribs
https://www.lacuisinedebernard.com/caramelized-cantonese-pork-ribs/,https://staging.lacuisinedebernard.com/caramelized-cantonese-pork-ribs
https://lacuisinedebernard.com/coxinhas-de-frango,https://staging.lacuisinedebernard.com/coxinhas-de-frango
https://lacuisinedebernard.com/coxinhas-de-frango/,https://staging.lacuisinedebernard.com/coxinhas-de-frango
https://www.lacuisinedebernard.com/coxinhas-de-frango,https://staging.lacuisinedebernard.com/coxinhas-de-frango
https://www.lacuisinedebernard.com/coxinhas-de-frango/,https://staging.lacuisinedebernard.com/coxinhas-de-frango
https://lacuisinedebernard.com/pollo-a-la-albahaca-tailandesa,https://staging.lacuisinedebernard.com/pollo-a-la-albahaca-tailandesa
https://lacuisinedebernard.com/pollo-a-la-albahaca-tailandesa/,https://staging.lacuisinedebernard.com/pollo-a-la-albahaca-tailandesa
https://www.lacuisinedebernard.com/pollo-a-la-albahaca-tailandesa,https://staging.lacuisinedebernard.com/pollo-a-la-albahaca-tailandesa
https://www.lacuisinedebernard.com/pollo-a-la-albahaca-tailandesa/,https://staging.lacuisinedebernard.com/pollo-a-la-albahaca-tailandesa
https://lacuisinedebernard.com/flaky-praline-log,https://staging.lacuisinedebernard.com/flaky-praline-log
https://lacuisinedebernard.com/flaky-praline-log/,https://staging.lacuisinedebernard.com/flaky-praline-log
https://www.lacuisinedebernard.com/flaky-praline-log,https://staging.lacuisinedebernard.com/flaky-praline-log
https://www.lacuisinedebernard.com/flaky-praline-log/,https://staging.lacuisinedebernard.com/flaky-praline-log
https://lacuisinedebernard.com/%d8%a3%d8%b6%d9%84%d8%a7%d8%b9-%d9%84%d8%ad%d9%85-%d8%a7%d9%84%d8%ae%d9%86%d8%b2%d9%8a%d8%b1-%d8%a7%d9%84%d9%83%d8%a7%d9%86%d8%aa%d9%88%d9%86%d9%8a%d8%a9-%d8%a8%d8%a7%d9%84%d9%83%d8%b1%d8%a7%d9%85,https://staging.lacuisinedebernard.com/%d8%a3%d8%b6%d9%84%d8%a7%d8%b9-%d9%84%d8%ad%d9%85-%d8%a7%d9%84%d8%ae%d9%86%d8%b2%d9%8a%d8%b1-%d8%a7%d9%84%d9%83%d8%a7%d9%86%d8%aa%d9%88%d9%86%d9%8a%d8%a9-%d8%a8%d8%a7%d9%84%d9%83%d8%b1%d8%a7%d9%85
https://lacuisinedebernard.com/%d8%a3%d8%b6%d9%84%d8%a7%d8%b9-%d9%84%d8%ad%d9%85-%d8%a7%d9%84%d8%ae%d9%86%d8%b2%d9%8a%d8%b1-%d8%a7%d9%84%d9%83%d8%a7%d9%86%d8%aa%d9%88%d9%86%d9%8a%d8%a9-%d8%a8%d8%a7%d9%84%d9%83%d8%b1%d8%a7%d9%85/,https://staging.lacuisinedebernard.com/%d8%a3%d8%b6%d9%84%d8%a7%d8%b9-%d9%84%d8%ad%d9%85-%d8%a7%d9%84%d8%ae%d9%86%d8%b2%d9%8a%d8%b1-%d8%a7%d9%84%d9%83%d8%a7%d9%86%d8%aa%d9%88%d9%86%d9%8a%d8%a9-%d8%a8%d8%a7%d9%84%d9%83%d8%b1%d8%a7%d9%85
https://www.lacuisinedebernard.com/%d8%a3%d8%b6%d9%84%d8%a7%d8%b9-%d9%84%d8%ad%d9%85-%d8%a7%d9%84%d8%ae%d9%86%d8%b2%d9%8a%d8%b1-%d8%a7%d9%84%d9%83%d8%a7%d9%86%d8%aa%d9%88%d9%86%d9%8a%d8%a9-%d8%a8%d8%a7%d9%84%d9%83%d8%b1%d8%a7%d9%85,https://staging.lacuisinedebernard.com/%d8%a3%d8%b6%d9%84%d8%a7%d8%b9-%d9%84%d8%ad%d9%85-%d8%a7%d9%84%d8%ae%d9%86%d8%b2%d9%8a%d8%b1-%d8%a7%d9%84%d9%83%d8%a7%d9%86%d8%aa%d9%88%d9%86%d9%8a%d8%a9-%d8%a8%d8%a7%d9%84%d9%83%d8%b1%d8%a7%d9%85
https://www.lacuisinedebernard.com/%d8%a3%d8%b6%d9%84%d8%a7%d8%b9-%d9%84%d8%ad%d9%85-%d8%a7%d9%84%d8%ae%d9%86%d8%b2%d9%8a%d8%b1-%d8%a7%d9%84%d9%83%d8%a7%d9%86%d8%aa%d9%88%d9%86%d9%8a%d8%a9-%d8%a8%d8%a7%d9%84%d9%83%d8%b1%d8%a7%d9%85/,https://staging.lacuisinedebernard.com/%d8%a3%d8%b6%d9%84%d8%a7%d8%b9-%d9%84%d8%ad%d9%85-%d8%a7%d9%84%d8%ae%d9%86%d8%b2%d9%8a%d8%b1-%d8%a7%d9%84%d9%83%d8%a7%d9%86%d8%aa%d9%88%d9%86%d9%8a%d8%a9-%d8%a8%d8%a7%d9%84%d9%83%d8%b1%d8%a7%d9%85
https://lacuisinedebernard.com/%d9%81%d9%88%d8%a7-%d8%ac%d8%b1%d8%a7-%d8%b7%d8%b1%d9%8a%d9%82%d8%a9-%d8%a7%d9%84%d8%a8%d8%ae%d8%a7%d8%b1-%d8%a7%d9%84%d8%ab%d8%a7%d9%84%d8%ab%d8%a9,https://staging.lacuisinedebernard.com/%d9%81%d9%88%d8%a7-%d8%ac%d8%b1%d8%a7-%d8%b7%d8%b1%d9%8a%d9%82%d8%a9-%d8%a7%d9%84%d8%a8%d8%ae%d8%a7%d8%b1-%d8%a7%d9%84%d8%ab%d8%a7%d9%84%d8%ab%d8%a9
https://lacuisinedebernard.com/%d9%81%d9%88%d8%a7-%d8%ac%d8%b1%d8%a7-%d8%b7%d8%b1%d9%8a%d9%82%d8%a9-%d8%a7%d9%84%d8%a8%d8%ae%d8%a7%d8%b1-%d8%a7%d9%84%d8%ab%d8%a7%d9%84%d8%ab%d8%a9/,https://staging.lacuisinedebernard.com/%d9%81%d9%88%d8%a7-%d8%ac%d8%b1%d8%a7-%d8%b7%d8%b1%d9%8a%d9%82%d8%a9-%d8%a7%d9%84%d8%a8%d8%ae%d8%a7%d8%b1-%d8%a7%d9%84%d8%ab%d8%a7%d9%84%d8%ab%d8%a9
https://www.lacuisinedebernard.com/%d9%81%d9%88%d8%a7-%d8%ac%d8%b1%d8%a7-%d8%b7%d8%b1%d9%8a%d9%82%d8%a9-%d8%a7%d9%84%d8%a8%d8%ae%d8%a7%d8%b1-%d8%a7%d9%84%d8%ab%d8%a7%d9%84%d8%ab%d8%a9,https://staging.lacuisinedebernard.com/%d9%81%d9%88%d8%a7-%d8%ac%d8%b1%d8%a7-%d8%b7%d8%b1%d9%8a%d9%82%d8%a9-%d8%a7%d9%84%d8%a8%d8%ae%d8%a7%d8%b1-%d8%a7%d9%84%d8%ab%d8%a7%d9%84%d8%ab%d8%a9
https://www.lacuisinedebernard.com/%d9%81%d9%88%d8%a7-%d8%ac%d8%b1%d8%a7-%d8%b7%d8%b1%d9%8a%d9%82%d8%a9-%d8%a7%d9%84%d8%a8%d8%ae%d8%a7%d8%b1-%d8%a7%d9%84%d8%ab%d8%a7%d9%84%d8%ab%d8%a9/,https://staging.lacuisinedebernard.com/%d9%81%d9%88%d8%a7-%d8%ac%d8%b1%d8%a7-%d8%b7%d8%b1%d9%8a%d9%82%d8%a9-%d8%a7%d9%84%d8%a8%d8%ae%d8%a7%d8%b1-%d8%a7%d9%84%d8%ab%d8%a7%d9%84%d8%ab%d8%a9
https://lacuisinedebernard.com/traou-mad-de-pont-aven-mi-receta,https://staging.lacuisinedebernard.com/traou-mad-de-pont-aven-mi-receta
https://lacuisinedebernard.com/traou-mad-de-pont-aven-mi-receta/,https://staging.lacuisinedebernard.com/traou-mad-de-pont-aven-mi-receta
https://www.lacuisinedebernard.com/traou-mad-de-pont-aven-mi-receta,https://staging.lacuisinedebernard.com/traou-mad-de-pont-aven-mi-receta
https://www.lacuisinedebernard.com/traou-mad-de-pont-aven-mi-receta/,https://staging.lacuisinedebernard.com/traou-mad-de-pont-aven-mi-receta
https://lacuisinedebernard.com/%d8%b9%d8%ac%d9%8a%d9%86%d8%a9-%d8%a7%d9%84%d8%a8%d9%81-%d8%a8%d8%a7%d8%b3%d8%aa%d8%b1%d9%8a-%d8%a8%d8%b1%d8%a7%d9%84%d9%8a%d9%86-%d8%b3%d8%ac%d9%84,https://staging.lacuisinedebernard.com/%d8%b9%d8%ac%d9%8a%d9%86%d8%a9-%d8%a7%d9%84%d8%a8%d9%81-%d8%a8%d8%a7%d8%b3%d8%aa%d8%b1%d9%8a-%d8%a8%d8%b1%d8%a7%d9%84%d9%8a%d9%86-%d8%b3%d8%ac%d9%84
https://lacuisinedebernard.com/%d8%b9%d8%ac%d9%8a%d9%86%d8%a9-%d8%a7%d9%84%d8%a8%d9%81-%d8%a8%d8%a7%d8%b3%d8%aa%d8%b1%d9%8a-%d8%a8%d8%b1%d8%a7%d9%84%d9%8a%d9%86-%d8%b3%d8%ac%d9%84/,https://staging.lacuisinedebernard.com/%d8%b9%d8%ac%d9%8a%d9%86%d8%a9-%d8%a7%d9%84%d8%a8%d9%81-%d8%a8%d8%a7%d8%b3%d8%aa%d8%b1%d9%8a-%d8%a8%d8%b1%d8%a7%d9%84%d9%8a%d9%86-%d8%b3%d8%ac%d9%84
https://www.lacuisinedebernard.com/%d8%b9%d8%ac%d9%8a%d9%86%d8%a9-%d8%a7%d9%84%d8%a8%d9%81-%d8%a8%d8%a7%d8%b3%d8%aa%d8%b1%d9%8a-%d8%a8%d8%b1%d8%a7%d9%84%d9%8a%d9%86-%d8%b3%d8%ac%d9%84,https://staging.lacuisinedebernard.com/%d8%b9%d8%ac%d9%8a%d9%86%d8%a9-%d8%a7%d9%84%d8%a8%d9%81-%d8%a8%d8%a7%d8%b3%d8%aa%d8%b1%d9%8a-%d8%a8%d8%b1%d8%a7%d9%84%d9%8a%d9%86-%d8%b3%d8%ac%d9%84
https://www.lacuisinedebernard.com/%d8%b9%d8%ac%d9%8a%d9%86%d8%a9-%d8%a7%d9%84%d8%a8%d9%81-%d8%a8%d8%a7%d8%b3%d8%aa%d8%b1%d9%8a-%d8%a8%d8%b1%d8%a7%d9%84%d9%8a%d9%86-%d8%b3%d8%ac%d9%84/,https://staging.lacuisinedebernard.com/%d8%b9%d8%ac%d9%8a%d9%86%d8%a9-%d8%a7%d9%84%d8%a8%d9%81-%d8%a8%d8%a7%d8%b3%d8%aa%d8%b1%d9%8a-%d8%a8%d8%b1%d8%a7%d9%84%d9%8a%d9%86-%d8%b3%d8%ac%d9%84
https://lacuisinedebernard.com/%d8%af%d8%ac%d8%a7%d8%ac-%d9%83%d9%88%d9%83%d8%b3%d9%8a%d9%86%d9%87%d8%a7%d8%b3,https://staging.lacuisinedebernard.com/%d8%af%d8%ac%d8%a7%d8%ac-%d9%83%d9%88%d9%83%d8%b3%d9%8a%d9%86%d9%87%d8%a7%d8%b3
https://lacuisinedebernard.com/%d8%af%d8%ac%d8%a7%d8%ac-%d9%83%d9%88%d9%83%d8%b3%d9%8a%d9%86%d9%87%d8%a7%d8%b3/,https://staging.lacuisinedebernard.com/%d8%af%d8%ac%d8%a7%d8%ac-%d9%83%d9%88%d9%83%d8%b3%d9%8a%d9%86%d9%87%d8%a7%d8%b3
https://www.lacuisinedebernard.com/%d8%af%d8%ac%d8%a7%d8%ac-%d9%83%d9%88%d9%83%d8%b3%d9%8a%d9%86%d9%87%d8%a7%d8%b3,https://staging.lacuisinedebernard.com/%d8%af%d8%ac%d8%a7%d8%ac-%d9%83%d9%88%d9%83%d8%b3%d9%8a%d9%86%d9%87%d8%a7%d8%b3
https://www.lacuisinedebernard.com/%d8%af%d8%ac%d8%a7%d8%ac-%d9%83%d9%88%d9%83%d8%b3%d9%8a%d9%86%d9%87%d8%a7%d8%b3/,https://staging.lacuisinedebernard.com/%d8%af%d8%ac%d8%a7%d8%ac-%d9%83%d9%88%d9%83%d8%b3%d9%8a%d9%86%d9%87%d8%a7%d8%b3
https://lacuisinedebernard.com/frango-thai-basil-chicken,https://staging.lacuisinedebernard.com/frango-thai-basil-chicken
https://lacuisinedebernard.com/frango-thai-basil-chicken/,https://staging.lacuisinedebernard.com/frango-thai-basil-chicken
https://www.lacuisinedebernard.com/frango-thai-basil-chicken,https://staging.lacuisinedebernard.com/frango-thai-basil-chicken
https://www.lacuisinedebernard.com/frango-thai-basil-chicken/,https://staging.lacuisinedebernard.com/frango-thai-basil-chicken
https://lacuisinedebernard.com/mini-tatines-de-foie-gras,https://staging.lacuisinedebernard.com/mini-tatines-de-foie-gras
https://lacuisinedebernard.com/mini-tatines-de-foie-gras/,https://staging.lacuisinedebernard.com/mini-tatines-de-foie-gras
https://www.lacuisinedebernard.com/mini-tatines-de-foie-gras,https://staging.lacuisinedebernard.com/mini-tatines-de-foie-gras
https://www.lacuisinedebernard.com/mini-tatines-de-foie-gras/,https://staging.lacuisinedebernard.com/mini-tatines-de-foie-gras
https://lacuisinedebernard.com/%d8%a7%d9%84%d8%ad%d9%85%d8%b5,https://staging.lacuisinedebernard.com/%d8%a7%d9%84%d8%ad%d9%85%d8%b5
https://lacuisinedebernard.com/%d8%a7%d9%84%d8%ad%d9%85%d8%b5/,https://staging.lacuisinedebernard.com/%d8%a7%d9%84%d8%ad%d9%85%d8%b5
https://www.lacuisinedebernard.com/%d8%a7%d9%84%d8%ad%d9%85%d8%b5,https://staging.lacuisinedebernard.com/%d8%a7%d9%84%d8%ad%d9%85%d8%b5
https://www.lacuisinedebernard.com/%d8%a7%d9%84%d8%ad%d9%85%d8%b5/,https://staging.lacuisinedebernard.com/%d8%a7%d9%84%d8%ad%d9%85%d8%b5
https://lacuisinedebernard.com/thai-basil-chicken,https://staging.lacuisinedebernard.com/thai-basil-chicken
https://lacuisinedebernard.com/thai-basil-chicken/,https://staging.lacuisinedebernard.com/thai-basil-chicken
https://www.lacuisinedebernard.com/thai-basil-chicken,https://staging.lacuisinedebernard.com/thai-basil-chicken
https://www.lacuisinedebernard.com/thai-basil-chicken/,https://staging.lacuisinedebernard.com/thai-basil-chicken
https://lacuisinedebernard.com/traou-mad-de-pont-aven-a-minha-receita,https://staging.lacuisinedebernard.com/traou-mad-de-pont-aven-a-minha-receita
https://lacuisinedebernard.com/traou-mad-de-pont-aven-a-minha-receita/,https://staging.lacuisinedebernard.com/traou-mad-de-pont-aven-a-minha-receita
https://www.lacuisinedebernard.com/traou-mad-de-pont-aven-a-minha-receita,https://staging.lacuisinedebernard.com/traou-mad-de-pont-aven-a-minha-receita
https://www.lacuisinedebernard.com/traou-mad-de-pont-aven-a-minha-receita/,https://staging.lacuisinedebernard.com/traou-mad-de-pont-aven-a-minha-receita
https://lacuisinedebernard.com/mini-tatins-de-foie-gras,https://staging.lacuisinedebernard.com/mini-tatins-de-foie-gras
https://lacuisinedebernard.com/mini-tatins-de-foie-gras/,https://staging.lacuisinedebernard.com/mini-tatins-de-foie-gras
https://www.lacuisinedebernard.com/mini-tatins-de-foie-gras,https://staging.lacuisinedebernard.com/mini-tatins-de-foie-gras
https://www.lacuisinedebernard.com/mini-tatins-de-foie-gras/,https://staging.lacuisinedebernard.com/mini-tatins-de-foie-gras
https://lacuisinedebernard.com/costillas-de-cerdo-caramelizadas,https://staging.lacuisinedebernard.com/costillas-de-cerdo-caramelizadas
https://lacuisinedebernard.com/costillas-de-cerdo-caramelizadas/,https://staging.lacuisinedebernard.com/costillas-de-cerdo-caramelizadas
https://www.lacuisinedebernard.com/costillas-de-cerdo-caramelizadas,https://staging.lacuisinedebernard.com/costillas-de-cerdo-caramelizadas
https://www.lacuisinedebernard.com/costillas-de-cerdo-caramelizadas/,https://staging.lacuisinedebernard.com/costillas-de-cerdo-caramelizadas
https://lacuisinedebernard.com/foie-gras-tercer-metodo-de-coccion-al-vapor,https://staging.lacuisinedebernard.com/foie-gras-tercer-metodo-de-coccion-al-vapor
https://lacuisinedebernard.com/foie-gras-tercer-metodo-de-coccion-al-vapor/,https://staging.lacuisinedebernard.com/foie-gras-tercer-metodo-de-coccion-al-vapor
https://www.lacuisinedebernard.com/foie-gras-tercer-metodo-de-coccion-al-vapor,https://staging.lacuisinedebernard.com/foie-gras-tercer-metodo-de-coccion-al-vapor
https://www.lacuisinedebernard.com/foie-gras-tercer-metodo-de-coccion-al-vapor/,https://staging.lacuisinedebernard.com/foie-gras-tercer-metodo-de-coccion-al-vapor
https://lacuisinedebernard.com/%d8%aa%d8%a7%d8%b1%d8%aa%d9%84%d9%8a%d8%aa-%d8%a7%d9%84%d8%b4%d9%88%d9%83%d9%88%d9%84%d8%a7%d8%aa%d8%a9,https://staging.lacuisinedebernard.com/%d8%aa%d8%a7%d8%b1%d8%aa%d9%84%d9%8a%d8%aa-%d8%a7%d9%84%d8%b4%d9%88%d9%83%d9%88%d9%84%d8%a7%d8%aa%d8%a9
https://lacuisinedebernard.com/%d8%aa%d8%a7%d8%b1%d8%aa%d9%84%d9%8a%d8%aa-%d8%a7%d9%84%d8%b4%d9%88%d9%83%d9%88%d9%84%d8%a7%d8%aa%d8%a9/,https://staging.lacuisinedebernard.com/%d8%aa%d8%a7%d8%b1%d8%aa%d9%84%d9%8a%d8%aa-%d8%a7%d9%84%d8%b4%d9%88%d9%83%d9%88%d9%84%d8%a7%d8%aa%d8%a9
https://www.lacuisinedebernard.com/%d8%aa%d8%a7%d8%b1%d8%aa%d9%84%d9%8a%d8%aa-%d8%a7%d9%84%d8%b4%d9%88%d9%83%d9%88%d9%84%d8%a7%d8%aa%d8%a9,https://staging.lacuisinedebernard.com/%d8%aa%d8%a7%d8%b1%d8%aa%d9%84%d9%8a%d8%aa-%d8%a7%d9%84%d8%b4%d9%88%d9%83%d9%88%d9%84%d8%a7%d8%aa%d8%a9
https://www.lacuisinedebernard.com/%d8%aa%d8%a7%d8%b1%d8%aa%d9%84%d9%8a%d8%aa-%d8%a7%d9%84%d8%b4%d9%88%d9%83%d9%88%d9%84%d8%a7%d8%aa%d8%a9/,https://staging.lacuisinedebernard.com/%d8%aa%d8%a7%d8%b1%d8%aa%d9%84%d9%8a%d8%aa-%d8%a7%d9%84%d8%b4%d9%88%d9%83%d9%88%d9%84%d8%a7%d8%aa%d8%a9
https://lacuisinedebernard.com/%d9%81%d8%b7%d8%a7%d8%a6%d8%b1-%d8%a7%d9%84%d8%ad%d9%86%d8%b7%d8%a9-%d8%a7%d9%84%d8%b3%d9%88%d8%af%d8%a7%d8%a1,https://staging.lacuisinedebernard.com/%d9%81%d8%b7%d8%a7%d8%a6%d8%b1-%d8%a7%d9%84%d8%ad%d9%86%d8%b7%d8%a9-%d8%a7%d9%84%d8%b3%d9%88%d8%af%d8%a7%d8%a1
https://lacuisinedebernard.com/%d9%81%d8%b7%d8%a7%d8%a6%d8%b1-%d8%a7%d9%84%d8%ad%d9%86%d8%b7%d8%a9-%d8%a7%d9%84%d8%b3%d9%88%d8%af%d8%a7%d8%a1/,https://staging.lacuisinedebernard.com/%d9%81%d8%b7%d8%a7%d8%a6%d8%b1-%d8%a7%d9%84%d8%ad%d9%86%d8%b7%d8%a9-%d8%a7%d9%84%d8%b3%d9%88%d8%af%d8%a7%d8%a1
https://www.lacuisinedebernard.com/%d9%81%d8%b7%d8%a7%d8%a6%d8%b1-%d8%a7%d9%84%d8%ad%d9%86%d8%b7%d8%a9-%d8%a7%d9%84%d8%b3%d9%88%d8%af%d8%a7%d8%a1,https://staging.lacuisinedebernard.com/%d9%81%d8%b7%d8%a7%d8%a6%d8%b1-%d8%a7%d9%84%d8%ad%d9%86%d8%b7%d8%a9-%d8%a7%d9%84%d8%b3%d9%88%d8%af%d8%a7%d8%a1
https://www.lacuisinedebernard.com/%d9%81%d8%b7%d8%a7%d8%a6%d8%b1-%d8%a7%d9%84%d8%ad%d9%86%d8%b7%d8%a9-%d8%a7%d9%84%d8%b3%d9%88%d8%af%d8%a7%d8%a1/,https://staging.lacuisinedebernard.com/%d9%81%d8%b7%d8%a7%d8%a6%d8%b1-%d8%a7%d9%84%d8%ad%d9%86%d8%b7%d8%a9-%d8%a7%d9%84%d8%b3%d9%88%d8%af%d8%a7%d8%a1
https://lacuisinedebernard.com/%d9%83%d8%b9%d9%83%d8%a9-%d8%a8%d8%b1%d9%8a%d8%aa%d9%88%d9%86,https://staging.lacuisinedebernard.com/%d9%83%d8%b9%d9%83%d8%a9-%d8%a8%d8%b1%d9%8a%d8%aa%d9%88%d9%86
https://lacuisinedebernard.com/%d9%83%d8%b9%d9%83%d8%a9-%d8%a8%d8%b1%d9%8a%d8%aa%d9%88%d9%86/,https://staging.lacuisinedebernard.com/%d9%83%d8%b9%d9%83%d8%a9-%d8%a8%d8%b1%d9%8a%d8%aa%d9%88%d9%86
https://www.lacuisinedebernard.com/%d9%83%d8%b9%d9%83%d8%a9-%d8%a8%d8%b1%d9%8a%d8%aa%d9%88%d9%86,https://staging.lacuisinedebernard.com/%d9%83%d8%b9%d9%83%d8%a9-%d8%a8%d8%b1%d9%8a%d8%aa%d9%88%d9%86
https://www.lacuisinedebernard.com/%d9%83%d8%b9%d9%83%d8%a9-%d8%a8%d8%b1%d9%8a%d8%aa%d9%88%d9%86/,https://staging.lacuisinedebernard.com/%d9%83%d8%b9%d9%83%d8%a9-%d8%a8%d8%b1%d9%8a%d8%aa%d9%88%d9%86
https://lacuisinedebernard.com/tortilha-espanhola,https://staging.lacuisinedebernard.com/tortilha-espanhola
https://lacuisinedebernard.com/tortilha-espanhola/,https://staging.lacuisinedebernard.com/tortilha-espanhola
https://www.lacuisinedebernard.com/tortilha-espanhola,https://staging.lacuisinedebernard.com/tortilha-espanhola
https://www.lacuisinedebernard.com/tortilha-espanhola/,https://staging.lacuisinedebernard.com/tortilha-espanhola
https://lacuisinedebernard.com/gnocchi-con-patatas,https://staging.lacuisinedebernard.com/gnocchi-con-patatas
https://lacuisinedebernard.com/gnocchi-con-patatas/,https://staging.lacuisinedebernard.com/gnocchi-con-patatas
https://www.lacuisinedebernard.com/gnocchi-con-patatas,https://staging.lacuisinedebernard.com/gnocchi-con-patatas
https://www.lacuisinedebernard.com/gnocchi-con-patatas/,https://staging.lacuisinedebernard.com/gnocchi-con-patatas
https://lacuisinedebernard.com/torta-de-acucar-do-quebec,https://staging.lacuisinedebernard.com/torta-de-acucar-do-quebec
https://lacuisinedebernard.com/torta-de-acucar-do-quebec/,https://staging.lacuisinedebernard.com/torta-de-acucar-do-quebec
https://www.lacuisinedebernard.com/torta-de-acucar-do-quebec,https://staging.lacuisinedebernard.com/torta-de-acucar-do-quebec
https://www.lacuisinedebernard.com/torta-de-acucar-do-quebec/,https://staging.lacuisinedebernard.com/torta-de-acucar-do-quebec
https://lacuisinedebernard.com/dry-waffles-dunkerquoise,https://staging.lacuisinedebernard.com/dry-waffles-dunkerquoise
https://lacuisinedebernard.com/dry-waffles-dunkerquoise/,https://staging.lacuisinedebernard.com/dry-waffles-dunkerquoise
https://www.lacuisinedebernard.com/dry-waffles-dunkerquoise,https://staging.lacuisinedebernard.com/dry-waffles-dunkerquoise
https://www.lacuisinedebernard.com/dry-waffles-dunkerquoise/,https://staging.lacuisinedebernard.com/dry-waffles-dunkerquoise
https://lacuisinedebernard.com/galletas-de-almendra,https://staging.lacuisinedebernard.com/galletas-de-almendra
https://lacuisinedebernard.com/galletas-de-almendra/,https://staging.lacuisinedebernard.com/galletas-de-almendra
https://www.lacuisinedebernard.com/galletas-de-almendra,https://staging.lacuisinedebernard.com/galletas-de-almendra
https://www.lacuisinedebernard.com/galletas-de-almendra/,https://staging.lacuisinedebernard.com/galletas-de-almendra
https://lacuisinedebernard.com/mis-reportajes-gastronomicos-la-cocina-del-cointreau,https://staging.lacuisinedebernard.com/mis-reportajes-gastronomicos-la-cocina-del-cointreau
https://lacuisinedebernard.com/mis-reportajes-gastronomicos-la-cocina-del-cointreau/,https://staging.lacuisinedebernard.com/mis-reportajes-gastronomicos-la-cocina-del-cointreau
https://www.lacuisinedebernard.com/mis-reportajes-gastronomicos-la-cocina-del-cointreau,https://staging.lacuisinedebernard.com/mis-reportajes-gastronomicos-la-cocina-del-cointreau
https://www.lacuisinedebernard.com/mis-reportajes-gastronomicos-la-cocina-del-cointreau/,https://staging.lacuisinedebernard.com/mis-reportajes-gastronomicos-la-cocina-del-cointreau
https://lacuisinedebernard.com/cheesecake,https://staging.lacuisinedebernard.com/cheesecake
https://lacuisinedebernard.com/cheesecake/,https://staging.lacuisinedebernard.com/cheesecake
https://www.lacuisinedebernard.com/cheesecake,https://staging.lacuisinedebernard.com/cheesecake
https://www.lacuisinedebernard.com/cheesecake/,https://staging.lacuisinedebernard.com/cheesecake
https://lacuisinedebernard.com/opera,https://staging.lacuisinedebernard.com/opera
https://lacuisinedebernard.com/opera/,https://staging.lacuisinedebernard.com/opera
https://www.lacuisinedebernard.com/opera,https://staging.lacuisinedebernard.com/opera
https://www.lacuisinedebernard.com/opera/,https://staging.lacuisinedebernard.com/opera
https://lacuisinedebernard.com/gnocchi-com-batatas,https://staging.lacuisinedebernard.com/gnocchi-com-batatas
https://lacuisinedebernard.com/gnocchi-com-batatas/,https://staging.lacuisinedebernard.com/gnocchi-com-batatas
https://www.lacuisinedebernard.com/gnocchi-com-batatas,https://staging.lacuisinedebernard.com/gnocchi-com-batatas
https://www.lacuisinedebernard.com/gnocchi-com-batatas/,https://staging.lacuisinedebernard.com/gnocchi-com-batatas
https://lacuisinedebernard.com/%d8%aa%d8%b4%d9%8a%d8%b2-%d9%83%d9%8a%d9%83,https://staging.lacuisinedebernard.com/%d8%aa%d8%b4%d9%8a%d8%b2-%d9%83%d9%8a%d9%83
https://lacuisinedebernard.com/%d8%aa%d8%b4%d9%8a%d8%b2-%d9%83%d9%8a%d9%83/,https://staging.lacuisinedebernard.com/%d8%aa%d8%b4%d9%8a%d8%b2-%d9%83%d9%8a%d9%83
https://www.lacuisinedebernard.com/%d8%aa%d8%b4%d9%8a%d8%b2-%d9%83%d9%8a%d9%83,https://staging.lacuisinedebernard.com/%d8%aa%d8%b4%d9%8a%d8%b2-%d9%83%d9%8a%d9%83
https://www.lacuisinedebernard.com/%d8%aa%d8%b4%d9%8a%d8%b2-%d9%83%d9%8a%d9%83/,https://staging.lacuisinedebernard.com/%d8%aa%d8%b4%d9%8a%d8%b2-%d9%83%d9%8a%d9%83
https://lacuisinedebernard.com/crujientes-de-chocolate-y-frambuesa,https://staging.lacuisinedebernard.com/crujientes-de-chocolate-y-frambuesa
https://lacuisinedebernard.com/crujientes-de-chocolate-y-frambuesa/,https://staging.lacuisinedebernard.com/crujientes-de-chocolate-y-frambuesa
https://www.lacuisinedebernard.com/crujientes-de-chocolate-y-frambuesa,https://staging.lacuisinedebernard.com/crujientes-de-chocolate-y-frambuesa
https://www.lacuisinedebernard.com/crujientes-de-chocolate-y-frambuesa/,https://staging.lacuisinedebernard.com/crujientes-de-chocolate-y-frambuesa
https://lacuisinedebernard.com/spanish-tortilla,https://staging.lacuisinedebernard.com/spanish-tortilla
https://lacuisinedebernard.com/spanish-tortilla/,https://staging.lacuisinedebernard.com/spanish-tortilla
https://www.lacuisinedebernard.com/spanish-tortilla,https://staging.lacuisinedebernard.com/spanish-tortilla
https://www.lacuisinedebernard.com/spanish-tortilla/,https://staging.lacuisinedebernard.com/spanish-tortilla
https://lacuisinedebernard.com/quebec-sugar-pie,https://staging.lacuisinedebernard.com/quebec-sugar-pie
https://lacuisinedebernard.com/quebec-sugar-pie/,https://staging.lacuisinedebernard.com/quebec-sugar-pie
https://www.lacuisinedebernard.com/quebec-sugar-pie,https://staging.lacuisinedebernard.com/quebec-sugar-pie
https://www.lacuisinedebernard.com/quebec-sugar-pie/,https://staging.lacuisinedebernard.com/quebec-sugar-pie
https://lacuisinedebernard.com/%d8%a7%d9%84%d9%81%d8%b7%d8%a7%d8%a6%d8%b1-%d8%a7%d9%84%d8%ac%d8%a7%d9%81%d8%a9-%d8%af%d9%88%d9%86%d9%83%d9%8a%d8%b1%d9%83,https://staging.lacuisinedebernard.com/%d8%a7%d9%84%d9%81%d8%b7%d8%a7%d8%a6%d8%b1-%d8%a7%d9%84%d8%ac%d8%a7%d9%81%d8%a9-%d8%af%d9%88%d9%86%d9%83%d9%8a%d8%b1%d9%83
https://lacuisinedebernard.com/%d8%a7%d9%84%d9%81%d8%b7%d8%a7%d8%a6%d8%b1-%d8%a7%d9%84%d8%ac%d8%a7%d9%81%d8%a9-%d8%af%d9%88%d9%86%d9%83%d9%8a%d8%b1%d9%83/,https://staging.lacuisinedebernard.com/%d8%a7%d9%84%d9%81%d8%b7%d8%a7%d8%a6%d8%b1-%d8%a7%d9%84%d8%ac%d8%a7%d9%81%d8%a9-%d8%af%d9%88%d9%86%d9%83%d9%8a%d8%b1%d9%83
https://www.lacuisinedebernard.com/%d8%a7%d9%84%d9%81%d8%b7%d8%a7%d8%a6%d8%b1-%d8%a7%d9%84%d8%ac%d8%a7%d9%81%d8%a9-%d8%af%d9%88%d9%86%d9%83%d9%8a%d8%b1%d9%83,https://staging.lacuisinedebernard.com/%d8%a7%d9%84%d9%81%d8%b7%d8%a7%d8%a6%d8%b1-%d8%a7%d9%84%d8%ac%d8%a7%d9%81%d8%a9-%d8%af%d9%88%d9%86%d9%83%d9%8a%d8%b1%d9%83
https://www.lacuisinedebernard.com/%d8%a7%d9%84%d9%81%d8%b7%d8%a7%d8%a6%d8%b1-%d8%a7%d9%84%d8%ac%d8%a7%d9%81%d8%a9-%d8%af%d9%88%d9%86%d9%83%d9%8a%d8%b1%d9%83/,https://staging.lacuisinedebernard.com/%d8%a7%d9%84%d9%81%d8%b7%d8%a7%d8%a6%d8%b1-%d8%a7%d9%84%d8%ac%d8%a7%d9%81%d8%a9-%d8%af%d9%88%d9%86%d9%83%d9%8a%d8%b1%d9%83
https://lacuisinedebernard.com/bolachas-de-amendoa,https://staging.lacuisinedebernard.com/bolachas-de-amendoa
https://lacuisinedebernard.com/bolachas-de-amendoa/,https://staging.lacuisinedebernard.com/bolachas-de-amendoa
https://www.lacuisinedebernard.com/bolachas-de-amendoa,https://staging.lacuisinedebernard.com/bolachas-de-amendoa
https://www.lacuisinedebernard.com/bolachas-de-amendoa/,https://staging.lacuisinedebernard.com/bolachas-de-amendoa
https://lacuisinedebernard.com/os-meus-relatorios-gastronomicos-cointreau-cuisine,https://staging.lacuisinedebernard.com/os-meus-relatorios-gastronomicos-cointreau-cuisine
https://lacuisinedebernard.com/os-meus-relatorios-gastronomicos-cointreau-cuisine/,https://staging.lacuisinedebernard.com/os-meus-relatorios-gastronomicos-cointreau-cuisine
https://www.lacuisinedebernard.com/os-meus-relatorios-gastronomicos-cointreau-cuisine,https://staging.lacuisinedebernard.com/os-meus-relatorios-gastronomicos-cointreau-cuisine
https://www.lacuisinedebernard.com/os-meus-relatorios-gastronomicos-cointreau-cuisine/,https://staging.lacuisinedebernard.com/os-meus-relatorios-gastronomicos-cointreau-cuisine
https://lacuisinedebernard.com/gnocchi-with-potatoes,https://staging.lacuisinedebernard.com/gnocchi-with-potatoes
https://lacuisinedebernard.com/gnocchi-with-potatoes/,https://staging.lacuisinedebernard.com/gnocchi-with-potatoes
https://www.lacuisinedebernard.com/gnocchi-with-potatoes,https://staging.lacuisinedebernard.com/gnocchi-with-potatoes
https://www.lacuisinedebernard.com/gnocchi-with-potatoes/,https://staging.lacuisinedebernard.com/gnocchi-with-potatoes
https://lacuisinedebernard.com/%d9%81%d8%b7%d9%8a%d8%b1%d8%a9-%d8%b3%d9%83%d8%b1-%d9%83%d9%8a%d8%a8%d9%8a%d9%83,https://staging.lacuisinedebernard.com/%d9%81%d8%b7%d9%8a%d8%b1%d8%a9-%d8%b3%d9%83%d8%b1-%d9%83%d9%8a%d8%a8%d9%8a%d9%83
https://lacuisinedebernard.com/%d9%81%d8%b7%d9%8a%d8%b1%d8%a9-%d8%b3%d9%83%d8%b1-%d9%83%d9%8a%d8%a8%d9%8a%d9%83/,https://staging.lacuisinedebernard.com/%d9%81%d8%b7%d9%8a%d8%b1%d8%a9-%d8%b3%d9%83%d8%b1-%d9%83%d9%8a%d8%a8%d9%8a%d9%83
https://www.lacuisinedebernard.com/%d9%81%d8%b7%d9%8a%d8%b1%d8%a9-%d8%b3%d9%83%d8%b1-%d9%83%d9%8a%d8%a8%d9%8a%d9%83,https://staging.lacuisinedebernard.com/%d9%81%d8%b7%d9%8a%d8%b1%d8%a9-%d8%b3%d9%83%d8%b1-%d9%83%d9%8a%d8%a8%d9%8a%d9%83
https://www.lacuisinedebernard.com/%d9%81%d8%b7%d9%8a%d8%b1%d8%a9-%d8%b3%d9%83%d8%b1-%d9%83%d9%8a%d8%a8%d9%8a%d9%83/,https://staging.lacuisinedebernard.com/%d9%81%d8%b7%d9%8a%d8%b1%d8%a9-%d8%b3%d9%83%d8%b1-%d9%83%d9%8a%d8%a8%d9%8a%d9%83
https://lacuisinedebernard.com/framboesas-de-chocolate,https://staging.lacuisinedebernard.com/framboesas-de-chocolate
https://lacuisinedebernard.com/framboesas-de-chocolate/,https://staging.lacuisinedebernard.com/framboesas-de-chocolate
https://www.lacuisinedebernard.com/framboesas-de-chocolate,https://staging.lacuisinedebernard.com/framboesas-de-chocolate
https://www.lacuisinedebernard.com/framboesas-de-chocolate/,https://staging.lacuisinedebernard.com/framboesas-de-chocolate
https://lacuisinedebernard.com/pastel-breton,https://staging.lacuisinedebernard.com/pastel-breton
https://lacuisinedebernard.com/pastel-breton/,https://staging.lacuisinedebernard.com/pastel-breton
https://www.lacuisinedebernard.com/pastel-breton,https://staging.lacuisinedebernard.com/pastel-breton
https://www.lacuisinedebernard.com/pastel-breton/,https://staging.lacuisinedebernard.com/pastel-breton
https://lacuisinedebernard.com/%d8%a7%d9%84%d8%aa%d9%88%d8%b1%d8%aa%d9%8a%d9%84%d8%a7-%d8%a7%d9%84%d8%a7%d8%b3%d8%a8%d8%a7%d9%86%d9%8a%d8%a9,https://staging.lacuisinedebernard.com/%d8%a7%d9%84%d8%aa%d9%88%d8%b1%d8%aa%d9%8a%d9%84%d8%a7-%d8%a7%d9%84%d8%a7%d8%b3%d8%a8%d8%a7%d9%86%d9%8a%d8%a9
https://lacuisinedebernard.com/%d8%a7%d9%84%d8%aa%d9%88%d8%b1%d8%aa%d9%8a%d9%84%d8%a7-%d8%a7%d9%84%d8%a7%d8%b3%d8%a8%d8%a7%d9%86%d9%8a%d8%a9/,https://staging.lacuisinedebernard.com/%d8%a7%d9%84%d8%aa%d9%88%d8%b1%d8%aa%d9%8a%d9%84%d8%a7-%d8%a7%d9%84%d8%a7%d8%b3%d8%a8%d8%a7%d9%86%d9%8a%d8%a9
https://www.lacuisinedebernard.com/%d8%a7%d9%84%d8%aa%d9%88%d8%b1%d8%aa%d9%8a%d9%84%d8%a7-%d8%a7%d9%84%d8%a7%d8%b3%d8%a8%d8%a7%d9%86%d9%8a%d8%a9,https://staging.lacuisinedebernard.com/%d8%a7%d9%84%d8%aa%d9%88%d8%b1%d8%aa%d9%8a%d9%84%d8%a7-%d8%a7%d9%84%d8%a7%d8%b3%d8%a8%d8%a7%d9%86%d9%8a%d8%a9
https://www.lacuisinedebernard.com/%d8%a7%d9%84%d8%aa%d9%88%d8%b1%d8%aa%d9%8a%d9%84%d8%a7-%d8%a7%d9%84%d8%a7%d8%b3%d8%a8%d8%a7%d9%86%d9%8a%d8%a9/,https://staging.lacuisinedebernard.com/%d8%a7%d9%84%d8%aa%d9%88%d8%b1%d8%aa%d9%8a%d9%84%d8%a7-%d8%a7%d9%84%d8%a7%d8%b3%d8%a8%d8%a7%d9%86%d9%8a%d8%a9
https://lacuisinedebernard.com/my-food-reports-cointreau-cuisine,https://staging.lacuisinedebernard.com/my-food-reports-cointreau-cuisine
https://lacuisinedebernard.com/my-food-reports-cointreau-cuisine/,https://staging.lacuisinedebernard.com/my-food-reports-cointreau-cuisine
https://www.lacuisinedebernard.com/my-food-reports-cointreau-cuisine,https://staging.lacuisinedebernard.com/my-food-reports-cointreau-cuisine
https://www.lacuisinedebernard.com/my-food-reports-cointreau-cuisine/,https://staging.lacuisinedebernard.com/my-food-reports-cointreau-cuisine
https://lacuisinedebernard.com/almond-cookies,https://staging.lacuisinedebernard.com/almond-cookies
https://lacuisinedebernard.com/almond-cookies/,https://staging.lacuisinedebernard.com/almond-cookies
https://www.lacuisinedebernard.com/almond-cookies,https://staging.lacuisinedebernard.com/almond-cookies
https://www.lacuisinedebernard.com/almond-cookies/,https://staging.lacuisinedebernard.com/almond-cookies
https://lacuisinedebernard.com/hamburguesas-de-trigo-negro,https://staging.lacuisinedebernard.com/hamburguesas-de-trigo-negro
https://lacuisinedebernard.com/hamburguesas-de-trigo-negro/,https://staging.lacuisinedebernard.com/hamburguesas-de-trigo-negro
https://www.lacuisinedebernard.com/hamburguesas-de-trigo-negro,https://staging.lacuisinedebernard.com/hamburguesas-de-trigo-negro
https://www.lacuisinedebernard.com/hamburguesas-de-trigo-negro/,https://staging.lacuisinedebernard.com/hamburguesas-de-trigo-negro
https://lacuisinedebernard.com/%d8%ac%d9%86%d9%88%d9%83%d8%aa%d8%b4%d9%8a-%d8%a7%d9%84%d8%a8%d8%b7%d8%a7%d8%b7%d8%b3,https://staging.lacuisinedebernard.com/%d8%ac%d9%86%d9%88%d9%83%d8%aa%d8%b4%d9%8a-%d8%a7%d9%84%d8%a8%d8%b7%d8%a7%d8%b7%d8%b3
https://lacuisinedebernard.com/%d8%ac%d9%86%d9%88%d9%83%d8%aa%d8%b4%d9%8a-%d8%a7%d9%84%d8%a8%d8%b7%d8%a7%d8%b7%d8%b3/,https://staging.lacuisinedebernard.com/%d8%ac%d9%86%d9%88%d9%83%d8%aa%d8%b4%d9%8a-%d8%a7%d9%84%d8%a8%d8%b7%d8%a7%d8%b7%d8%b3
https://www.lacuisinedebernard.com/%d8%ac%d9%86%d9%88%d9%83%d8%aa%d8%b4%d9%8a-%d8%a7%d9%84%d8%a8%d8%b7%d8%a7%d8%b7%d8%b3,https://staging.lacuisinedebernard.com/%d8%ac%d9%86%d9%88%d9%83%d8%aa%d8%b4%d9%8a-%d8%a7%d9%84%d8%a8%d8%b7%d8%a7%d8%b7%d8%b3
https://www.lacuisinedebernard.com/%d8%ac%d9%86%d9%88%d9%83%d8%aa%d8%b4%d9%8a-%d8%a7%d9%84%d8%a8%d8%b7%d8%a7%d8%b7%d8%b3/,https://staging.lacuisinedebernard.com/%d8%ac%d9%86%d9%88%d9%83%d8%aa%d8%b4%d9%8a-%d8%a7%d9%84%d8%a8%d8%b7%d8%a7%d8%b7%d8%b3
https://lacuisinedebernard.com/chocolate-raspberry-crispies,https://staging.lacuisinedebernard.com/chocolate-raspberry-crispies
https://lacuisinedebernard.com/chocolate-raspberry-crispies/,https://staging.lacuisinedebernard.com/chocolate-raspberry-crispies
https://www.lacuisinedebernard.com/chocolate-raspberry-crispies,https://staging.lacuisinedebernard.com/chocolate-raspberry-crispies
https://www.lacuisinedebernard.com/chocolate-raspberry-crispies/,https://staging.lacuisinedebernard.com/chocolate-raspberry-crispies
https://lacuisinedebernard.com/tarta-de-queso,https://staging.lacuisinedebernard.com/tarta-de-queso
https://lacuisinedebernard.com/tarta-de-queso/,https://staging.lacuisinedebernard.com/tarta-de-queso
https://www.lacuisinedebernard.com/tarta-de-queso,https://staging.lacuisinedebernard.com/tarta-de-queso
https://www.lacuisinedebernard.com/tarta-de-queso/,https://staging.lacuisinedebernard.com/tarta-de-queso
https://lacuisinedebernard.com/gofres-secos-dunkerquoise,https://staging.lacuisinedebernard.com/gofres-secos-dunkerquoise
https://lacuisinedebernard.com/gofres-secos-dunkerquoise/,https://staging.lacuisinedebernard.com/gofres-secos-dunkerquoise
https://www.lacuisinedebernard.com/gofres-secos-dunkerquoise,https://staging.lacuisinedebernard.com/gofres-secos-dunkerquoise
https://www.lacuisinedebernard.com/gofres-secos-dunkerquoise/,https://staging.lacuisinedebernard.com/gofres-secos-dunkerquoise
https://lacuisinedebernard.com/%d8%aa%d9%82%d8%a7%d8%b1%d9%8a%d8%b1%d9%8a-%d8%aa%d8%b0%d9%88%d9%82-%d8%a7%d9%84%d8%b7%d8%b9%d8%a7%d9%85-%d9%85%d8%b7%d8%a8%d8%ae-%d9%83%d9%88%d8%a7%d9%86%d8%aa%d8%b1%d9%88,https://staging.lacuisinedebernard.com/%d8%aa%d9%82%d8%a7%d8%b1%d9%8a%d8%b1%d9%8a-%d8%aa%d8%b0%d9%88%d9%82-%d8%a7%d9%84%d8%b7%d8%b9%d8%a7%d9%85-%d9%85%d8%b7%d8%a8%d8%ae-%d9%83%d9%88%d8%a7%d9%86%d8%aa%d8%b1%d9%88
https://lacuisinedebernard.com/%d8%aa%d9%82%d8%a7%d8%b1%d9%8a%d8%b1%d9%8a-%d8%aa%d8%b0%d9%88%d9%82-%d8%a7%d9%84%d8%b7%d8%b9%d8%a7%d9%85-%d9%85%d8%b7%d8%a8%d8%ae-%d9%83%d9%88%d8%a7%d9%86%d8%aa%d8%b1%d9%88/,https://staging.lacuisinedebernard.com/%d8%aa%d9%82%d8%a7%d8%b1%d9%8a%d8%b1%d9%8a-%d8%aa%d8%b0%d9%88%d9%82-%d8%a7%d9%84%d8%b7%d8%b9%d8%a7%d9%85-%d9%85%d8%b7%d8%a8%d8%ae-%d9%83%d9%88%d8%a7%d9%86%d8%aa%d8%b1%d9%88
https://www.lacuisinedebernard.com/%d8%aa%d9%82%d8%a7%d8%b1%d9%8a%d8%b1%d9%8a-%d8%aa%d8%b0%d9%88%d9%82-%d8%a7%d9%84%d8%b7%d8%b9%d8%a7%d9%85-%d9%85%d8%b7%d8%a8%d8%ae-%d9%83%d9%88%d8%a7%d9%86%d8%aa%d8%b1%d9%88,https://staging.lacuisinedebernard.com/%d8%aa%d9%82%d8%a7%d8%b1%d9%8a%d8%b1%d9%8a-%d8%aa%d8%b0%d9%88%d9%82-%d8%a7%d9%84%d8%b7%d8%b9%d8%a7%d9%85-%d9%85%d8%b7%d8%a8%d8%ae-%d9%83%d9%88%d8%a7%d9%86%d8%aa%d8%b1%d9%88
https://www.lacuisinedebernard.com/%d8%aa%d9%82%d8%a7%d8%b1%d9%8a%d8%b1%d9%8a-%d8%aa%d8%b0%d9%88%d9%82-%d8%a7%d9%84%d8%b7%d8%b9%d8%a7%d9%85-%d9%85%d8%b7%d8%a8%d8%ae-%d9%83%d9%88%d8%a7%d9%86%d8%aa%d8%b1%d9%88/,https://staging.lacuisinedebernard.com/%d8%aa%d9%82%d8%a7%d8%b1%d9%8a%d8%b1%d9%8a-%d8%aa%d8%b0%d9%88%d9%82-%d8%a7%d9%84%d8%b7%d8%b9%d8%a7%d9%85-%d9%85%d8%b7%d8%a8%d8%ae-%d9%83%d9%88%d8%a7%d9%86%d8%aa%d8%b1%d9%88
https://lacuisinedebernard.com/bolo-bretao,https://staging.lacuisinedebernard.com/bolo-bretao
https://lacuisinedebernard.com/bolo-bretao/,https://staging.lacuisinedebernard.com/bolo-bretao
https://www.lacuisinedebernard.com/bolo-bretao,https://staging.lacuisinedebernard.com/bolo-bretao
https://www.lacuisinedebernard.com/bolo-bretao/,https://staging.lacuisinedebernard.com/bolo-bretao
https://lacuisinedebernard.com/%d8%a8%d8%b3%d9%83%d9%88%d9%8a%d8%aa-%d8%a7%d9%84%d9%84%d9%88%d8%b2,https://staging.lacuisinedebernard.com/%d8%a8%d8%b3%d9%83%d9%88%d9%8a%d8%aa-%d8%a7%d9%84%d9%84%d9%88%d8%b2
https://lacuisinedebernard.com/%d8%a8%d8%b3%d9%83%d9%88%d9%8a%d8%aa-%d8%a7%d9%84%d9%84%d9%88%d8%b2/,https://staging.lacuisinedebernard.com/%d8%a8%d8%b3%d9%83%d9%88%d9%8a%d8%aa-%d8%a7%d9%84%d9%84%d9%88%d8%b2
https://www.lacuisinedebernard.com/%d8%a8%d8%b3%d9%83%d9%88%d9%8a%d8%aa-%d8%a7%d9%84%d9%84%d9%88%d8%b2,https://staging.lacuisinedebernard.com/%d8%a8%d8%b3%d9%83%d9%88%d9%8a%d8%aa-%d8%a7%d9%84%d9%84%d9%88%d8%b2
https://www.lacuisinedebernard.com/%d8%a8%d8%b3%d9%83%d9%88%d9%8a%d8%aa-%d8%a7%d9%84%d9%84%d9%88%d8%b2/,https://staging.lacuisinedebernard.com/%d8%a8%d8%b3%d9%83%d9%88%d9%8a%d8%aa-%d8%a7%d9%84%d9%84%d9%88%d8%b2
https://lacuisinedebernard.com/patty-de-trigo-preto,https://staging.lacuisinedebernard.com/patty-de-trigo-preto
https://lacuisinedebernard.com/patty-de-trigo-preto/,https://staging.lacuisinedebernard.com/patty-de-trigo-preto
https://www.lacuisinedebernard.com/patty-de-trigo-preto,https://staging.lacuisinedebernard.com/patty-de-trigo-preto
https://www.lacuisinedebernard.com/patty-de-trigo-preto/,https://staging.lacuisinedebernard.com/patty-de-trigo-preto
https://lacuisinedebernard.com/%d8%b1%d9%82%d8%a7%d8%a6%d9%82-%d8%b4%d9%88%d9%83%d9%88%d9%84%d8%a7%d8%aa%d8%a9-%d8%aa%d9%88%d8%aa-%d8%a7%d9%84%d8%b9%d9%84%d9%8a%d9%82,https://staging.lacuisinedebernard.com/%d8%b1%d9%82%d8%a7%d8%a6%d9%82-%d8%b4%d9%88%d9%83%d9%88%d9%84%d8%a7%d8%aa%d8%a9-%d8%aa%d9%88%d8%aa-%d8%a7%d9%84%d8%b9%d9%84%d9%8a%d9%82
https://lacuisinedebernard.com/%d8%b1%d9%82%d8%a7%d8%a6%d9%82-%d8%b4%d9%88%d9%83%d9%88%d9%84%d8%a7%d8%aa%d8%a9-%d8%aa%d9%88%d8%aa-%d8%a7%d9%84%d8%b9%d9%84%d9%8a%d9%82/,https://staging.lacuisinedebernard.com/%d8%b1%d9%82%d8%a7%d8%a6%d9%82-%d8%b4%d9%88%d9%83%d9%88%d9%84%d8%a7%d8%aa%d8%a9-%d8%aa%d9%88%d8%aa-%d8%a7%d9%84%d8%b9%d9%84%d9%8a%d9%82
https://www.lacuisinedebernard.com/%d8%b1%d9%82%d8%a7%d8%a6%d9%82-%d8%b4%d9%88%d9%83%d9%88%d9%84%d8%a7%d8%aa%d8%a9-%d8%aa%d9%88%d8%aa-%d8%a7%d9%84%d8%b9%d9%84%d9%8a%d9%82,https://staging.lacuisinedebernard.com/%d8%b1%d9%82%d8%a7%d8%a6%d9%82-%d8%b4%d9%88%d9%83%d9%88%d9%84%d8%a7%d8%aa%d8%a9-%d8%aa%d9%88%d8%aa-%d8%a7%d9%84%d8%b9%d9%84%d9%8a%d9%82
https://www.lacuisinedebernard.com/%d8%b1%d9%82%d8%a7%d8%a6%d9%82-%d8%b4%d9%88%d9%83%d9%88%d9%84%d8%a7%d8%aa%d8%a9-%d8%aa%d9%88%d8%aa-%d8%a7%d9%84%d8%b9%d9%84%d9%8a%d9%82/,https://staging.lacuisinedebernard.com/%d8%b1%d9%82%d8%a7%d8%a6%d9%82-%d8%b4%d9%88%d9%83%d9%88%d9%84%d8%a7%d8%aa%d8%a9-%d8%aa%d9%88%d8%aa-%d8%a7%d9%84%d8%b9%d9%84%d9%8a%d9%82
https://lacuisinedebernard.com/tortinhas-de-chocolate,https://staging.lacuisinedebernard.com/tortinhas-de-chocolate
https://lacuisinedebernard.com/tortinhas-de-chocolate/,https://staging.lacuisinedebernard.com/tortinhas-de-chocolate
https://www.lacuisinedebernard.com/tortinhas-de-chocolate,https://staging.lacuisinedebernard.com/tortinhas-de-chocolate
https://www.lacuisinedebernard.com/tortinhas-de-chocolate/,https://staging.lacuisinedebernard.com/tortinhas-de-chocolate
https://lacuisinedebernard.com/%d8%a3%d9%88%d8%a8%d8%b1%d8%a7,https://staging.lacuisinedebernard.com/%d8%a3%d9%88%d8%a8%d8%b1%d8%a7
https://lacuisinedebernard.com/%d8%a3%d9%88%d8%a8%d8%b1%d8%a7/,https://staging.lacuisinedebernard.com/%d8%a3%d9%88%d8%a8%d8%b1%d8%a7
https://www.lacuisinedebernard.com/%d8%a3%d9%88%d8%a8%d8%b1%d8%a7,https://staging.lacuisinedebernard.com/%d8%a3%d9%88%d8%a8%d8%b1%d8%a7
https://www.lacuisinedebernard.com/%d8%a3%d9%88%d8%a8%d8%b1%d8%a7/,https://staging.lacuisinedebernard.com/%d8%a3%d9%88%d8%a8%d8%b1%d8%a7
https://lacuisinedebernard.com/waffles-secos-dunkerquoise,https://staging.lacuisinedebernard.com/waffles-secos-dunkerquoise
https://lacuisinedebernard.com/waffles-secos-dunkerquoise/,https://staging.lacuisinedebernard.com/waffles-secos-dunkerquoise
https://www.lacuisinedebernard.com/waffles-secos-dunkerquoise,https://staging.lacuisinedebernard.com/waffles-secos-dunkerquoise
https://www.lacuisinedebernard.com/waffles-secos-dunkerquoise/,https://staging.lacuisinedebernard.com/waffles-secos-dunkerquoise
https://lacuisinedebernard.com/tortilla-espanola,https://staging.lacuisinedebernard.com/tortilla-espanola
https://lacuisinedebernard.com/tortilla-espanola/,https://staging.lacuisinedebernard.com/tortilla-espanola
https://www.lacuisinedebernard.com/tortilla-espanola,https://staging.lacuisinedebernard.com/tortilla-espanola
https://www.lacuisinedebernard.com/tortilla-espanola/,https://staging.lacuisinedebernard.com/tortilla-espanola
https://lacuisinedebernard.com/breton-cake,https://staging.lacuisinedebernard.com/breton-cake
https://lacuisinedebernard.com/breton-cake/,https://staging.lacuisinedebernard.com/breton-cake
https://www.lacuisinedebernard.com/breton-cake,https://staging.lacuisinedebernard.com/breton-cake
https://www.lacuisinedebernard.com/breton-cake/,https://staging.lacuisinedebernard.com/breton-cake
https://lacuisinedebernard.com/black-wheat-patties,https://staging.lacuisinedebernard.com/black-wheat-patties
https://lacuisinedebernard.com/black-wheat-patties/,https://staging.lacuisinedebernard.com/black-wheat-patties
https://www.lacuisinedebernard.com/black-wheat-patties,https://staging.lacuisinedebernard.com/black-wheat-patties
https://www.lacuisinedebernard.com/black-wheat-patties/,https://staging.lacuisinedebernard.com/black-wheat-patties
https://lacuisinedebernard.com/pastel-de-azucar-de-quebec,https://staging.lacuisinedebernard.com/pastel-de-azucar-de-quebec
https://lacuisinedebernard.com/pastel-de-azucar-de-quebec/,https://staging.lacuisinedebernard.com/pastel-de-azucar-de-quebec
https://www.lacuisinedebernard.com/pastel-de-azucar-de-quebec,https://staging.lacuisinedebernard.com/pastel-de-azucar-de-quebec
https://www.lacuisinedebernard.com/pastel-de-azucar-de-quebec/,https://staging.lacuisinedebernard.com/pastel-de-azucar-de-quebec
https://lacuisinedebernard.com/gingerbread-of-reims,https://staging.lacuisinedebernard.com/gingerbread-of-reims
https://lacuisinedebernard.com/gingerbread-of-reims/,https://staging.lacuisinedebernard.com/gingerbread-of-reims
https://www.lacuisinedebernard.com/gingerbread-of-reims,https://staging.lacuisinedebernard.com/gingerbread-of-reims
https://www.lacuisinedebernard.com/gingerbread-of-reims/,https://staging.lacuisinedebernard.com/gingerbread-of-reims
https://lacuisinedebernard.com/macarrones-de-limon,https://staging.lacuisinedebernard.com/macarrones-de-limon
https://lacuisinedebernard.com/macarrones-de-limon/,https://staging.lacuisinedebernard.com/macarrones-de-limon
https://www.lacuisinedebernard.com/macarrones-de-limon,https://staging.lacuisinedebernard.com/macarrones-de-limon
https://www.lacuisinedebernard.com/macarrones-de-limon/,https://staging.lacuisinedebernard.com/macarrones-de-limon
https://lacuisinedebernard.com/%d8%b1%d9%8a%d9%85%d8%b3-%d8%a7%d9%84%d8%b2%d9%86%d8%ac%d8%a8%d9%8a%d9%84,https://staging.lacuisinedebernard.com/%d8%b1%d9%8a%d9%85%d8%b3-%d8%a7%d9%84%d8%b2%d9%86%d8%ac%d8%a8%d9%8a%d9%84
https://lacuisinedebernard.com/%d8%b1%d9%8a%d9%85%d8%b3-%d8%a7%d9%84%d8%b2%d9%86%d8%ac%d8%a8%d9%8a%d9%84/,https://staging.lacuisinedebernard.com/%d8%b1%d9%8a%d9%85%d8%b3-%d8%a7%d9%84%d8%b2%d9%86%d8%ac%d8%a8%d9%8a%d9%84
https://www.lacuisinedebernard.com/%d8%b1%d9%8a%d9%85%d8%b3-%d8%a7%d9%84%d8%b2%d9%86%d8%ac%d8%a8%d9%8a%d9%84,https://staging.lacuisinedebernard.com/%d8%b1%d9%8a%d9%85%d8%b3-%d8%a7%d9%84%d8%b2%d9%86%d8%ac%d8%a8%d9%8a%d9%84
https://www.lacuisinedebernard.com/%d8%b1%d9%8a%d9%85%d8%b3-%d8%a7%d9%84%d8%b2%d9%86%d8%ac%d8%a8%d9%8a%d9%84/,https://staging.lacuisinedebernard.com/%d8%b1%d9%8a%d9%85%d8%b3-%d8%a7%d9%84%d8%b2%d9%86%d8%ac%d8%a8%d9%8a%d9%84
https://lacuisinedebernard.com/foie-gras-2o-metodo-com-agua-a-ferver,https://staging.lacuisinedebernard.com/foie-gras-2o-metodo-com-agua-a-ferver
https://lacuisinedebernard.com/foie-gras-2o-metodo-com-agua-a-ferver/,https://staging.lacuisinedebernard.com/foie-gras-2o-metodo-com-agua-a-ferver
https://www.lacuisinedebernard.com/foie-gras-2o-metodo-com-agua-a-ferver,https://staging.lacuisinedebernard.com/foie-gras-2o-metodo-com-agua-a-ferver
https://www.lacuisinedebernard.com/foie-gras-2o-metodo-com-agua-a-ferver/,https://staging.lacuisinedebernard.com/foie-gras-2o-metodo-com-agua-a-ferver
https://lacuisinedebernard.com/%d8%aa%d9%88%d9%85-%d9%83%d8%a7%d9%87-%d8%ac%d8%a7%d9%8a,https://staging.lacuisinedebernard.com/%d8%aa%d9%88%d9%85-%d9%83%d8%a7%d9%87-%d8%ac%d8%a7%d9%8a
https://lacuisinedebernard.com/%d8%aa%d9%88%d9%85-%d9%83%d8%a7%d9%87-%d8%ac%d8%a7%d9%8a/,https://staging.lacuisinedebernard.com/%d8%aa%d9%88%d9%85-%d9%83%d8%a7%d9%87-%d8%ac%d8%a7%d9%8a
https://www.lacuisinedebernard.com/%d8%aa%d9%88%d9%85-%d9%83%d8%a7%d9%87-%d8%ac%d8%a7%d9%8a,https://staging.lacuisinedebernard.com/%d8%aa%d9%88%d9%85-%d9%83%d8%a7%d9%87-%d8%ac%d8%a7%d9%8a
https://www.lacuisinedebernard.com/%d8%aa%d9%88%d9%85-%d9%83%d8%a7%d9%87-%d8%ac%d8%a7%d9%8a/,https://staging.lacuisinedebernard.com/%d8%aa%d9%88%d9%85-%d9%83%d8%a7%d9%87-%d8%ac%d8%a7%d9%8a
https://lacuisinedebernard.com/macaroons-limao,https://staging.lacuisinedebernard.com/macaroons-limao
https://lacuisinedebernard.com/macaroons-limao/,https://staging.lacuisinedebernard.com/macaroons-limao
https://www.lacuisinedebernard.com/macaroons-limao,https://staging.lacuisinedebernard.com/macaroons-limao
https://www.lacuisinedebernard.com/macaroons-limao/,https://staging.lacuisinedebernard.com/macaroons-limao
https://lacuisinedebernard.com/foie-gras-2nd-method-with-boiling-water,https://staging.lacuisinedebernard.com/foie-gras-2nd-method-with-boiling-water
https://lacuisinedebernard.com/foie-gras-2nd-method-with-boiling-water/,https://staging.lacuisinedebernard.com/foie-gras-2nd-method-with-boiling-water
https://www.lacuisinedebernard.com/foie-gras-2nd-method-with-boiling-water,https://staging.lacuisinedebernard.com/foie-gras-2nd-method-with-boiling-water
https://www.lacuisinedebernard.com/foie-gras-2nd-method-with-boiling-water/,https://staging.lacuisinedebernard.com/foie-gras-2nd-method-with-boiling-water
https://lacuisinedebernard.com/pollo-general-tso,https://staging.lacuisinedebernard.com/pollo-general-tso
https://lacuisinedebernard.com/pollo-general-tso/,https://staging.lacuisinedebernard.com/pollo-general-tso
https://www.lacuisinedebernard.com/pollo-general-tso,https://staging.lacuisinedebernard.com/pollo-general-tso
https://www.lacuisinedebernard.com/pollo-general-tso/,https://staging.lacuisinedebernard.com/pollo-general-tso
https://lacuisinedebernard.com/tom-kah-gai,https://staging.lacuisinedebernard.com/tom-kah-gai
https://lacuisinedebernard.com/tom-kah-gai/,https://staging.lacuisinedebernard.com/tom-kah-gai
https://www.lacuisinedebernard.com/tom-kah-gai,https://staging.lacuisinedebernard.com/tom-kah-gai
https://www.lacuisinedebernard.com/tom-kah-gai/,https://staging.lacuisinedebernard.com/tom-kah-gai
https://lacuisinedebernard.com/lemon-macaroons,https://staging.lacuisinedebernard.com/lemon-macaroons
https://lacuisinedebernard.com/lemon-macaroons/,https://staging.lacuisinedebernard.com/lemon-macaroons
https://www.lacuisinedebernard.com/lemon-macaroons,https://staging.lacuisinedebernard.com/lemon-macaroons
https://www.lacuisinedebernard.com/lemon-macaroons/,https://staging.lacuisinedebernard.com/lemon-macaroons
https://lacuisinedebernard.com/%d9%81%d8%b7%d8%a7%d8%a6%d8%b1-%d9%81%d9%88%d8%a7-%d8%ac%d8%b1%d8%a7-%d8%a7%d9%84%d8%b7%d8%b1%d9%8a%d9%82%d8%a9-%d8%a7%d9%84%d8%ab%d8%a7%d9%86%d9%8a%d8%a9-%d9%85%d8%b9-%d8%a7%d9%84%d9%85%d8%a7%d8%a1,https://staging.lacuisinedebernard.com/%d9%81%d8%b7%d8%a7%d8%a6%d8%b1-%d9%81%d9%88%d8%a7-%d8%ac%d8%b1%d8%a7-%d8%a7%d9%84%d8%b7%d8%b1%d9%8a%d9%82%d8%a9-%d8%a7%d9%84%d8%ab%d8%a7%d9%86%d9%8a%d8%a9-%d9%85%d8%b9-%d8%a7%d9%84%d9%85%d8%a7%d8%a1
https://lacuisinedebernard.com/%d9%81%d8%b7%d8%a7%d8%a6%d8%b1-%d9%81%d9%88%d8%a7-%d8%ac%d8%b1%d8%a7-%d8%a7%d9%84%d8%b7%d8%b1%d9%8a%d9%82%d8%a9-%d8%a7%d9%84%d8%ab%d8%a7%d9%86%d9%8a%d8%a9-%d9%85%d8%b9-%d8%a7%d9%84%d9%85%d8%a7%d8%a1/,https://staging.lacuisinedebernard.com/%d9%81%d8%b7%d8%a7%d8%a6%d8%b1-%d9%81%d9%88%d8%a7-%d8%ac%d8%b1%d8%a7-%d8%a7%d9%84%d8%b7%d8%b1%d9%8a%d9%82%d8%a9-%d8%a7%d9%84%d8%ab%d8%a7%d9%86%d9%8a%d8%a9-%d9%85%d8%b9-%d8%a7%d9%84%d9%85%d8%a7%d8%a1
https://www.lacuisinedebernard.com/%d9%81%d8%b7%d8%a7%d8%a6%d8%b1-%d9%81%d9%88%d8%a7-%d8%ac%d8%b1%d8%a7-%d8%a7%d9%84%d8%b7%d8%b1%d9%8a%d9%82%d8%a9-%d8%a7%d9%84%d8%ab%d8%a7%d9%86%d9%8a%d8%a9-%d9%85%d8%b9-%d8%a7%d9%84%d9%85%d8%a7%d8%a1,https://staging.lacuisinedebernard.com/%d9%81%d8%b7%d8%a7%d8%a6%d8%b1-%d9%81%d9%88%d8%a7-%d8%ac%d8%b1%d8%a7-%d8%a7%d9%84%d8%b7%d8%b1%d9%8a%d9%82%d8%a9-%d8%a7%d9%84%d8%ab%d8%a7%d9%86%d9%8a%d8%a9-%d9%85%d8%b9-%d8%a7%d9%84%d9%85%d8%a7%d8%a1
https://www.lacuisinedebernard.com/%d9%81%d8%b7%d8%a7%d8%a6%d8%b1-%d9%81%d9%88%d8%a7-%d8%ac%d8%b1%d8%a7-%d8%a7%d9%84%d8%b7%d8%b1%d9%8a%d9%82%d8%a9-%d8%a7%d9%84%d8%ab%d8%a7%d9%86%d9%8a%d8%a9-%d9%85%d8%b9-%d8%a7%d9%84%d9%85%d8%a7%d8%a1/,https://staging.lacuisinedebernard.com/%d9%81%d8%b7%d8%a7%d8%a6%d8%b1-%d9%81%d9%88%d8%a7-%d8%ac%d8%b1%d8%a7-%d8%a7%d9%84%d8%b7%d8%b1%d9%8a%d9%82%d8%a9-%d8%a7%d9%84%d8%ab%d8%a7%d9%86%d9%8a%d8%a9-%d9%85%d8%b9-%d8%a7%d9%84%d9%85%d8%a7%d8%a1
https://lacuisinedebernard.com/general-tsos-chicken,https://staging.lacuisinedebernard.com/general-tsos-chicken
https://lacuisinedebernard.com/general-tsos-chicken/,https://staging.lacuisinedebernard.com/general-tsos-chicken
https://www.lacuisinedebernard.com/general-tsos-chicken,https://staging.lacuisinedebernard.com/general-tsos-chicken
https://www.lacuisinedebernard.com/general-tsos-chicken/,https://staging.lacuisinedebernard.com/general-tsos-chicken
https://lacuisinedebernard.com/%d9%85%d8%a7%d9%83%d8%b1%d9%88%d9%86-%d8%a7%d9%84%d9%84%d9%8a%d9%85%d9%88%d9%86,https://staging.lacuisinedebernard.com/%d9%85%d8%a7%d9%83%d8%b1%d9%88%d9%86-%d8%a7%d9%84%d9%84%d9%8a%d9%85%d9%88%d9%86
https://lacuisinedebernard.com/%d9%85%d8%a7%d9%83%d8%b1%d9%88%d9%86-%d8%a7%d9%84%d9%84%d9%8a%d9%85%d9%88%d9%86/,https://staging.lacuisinedebernard.com/%d9%85%d8%a7%d9%83%d8%b1%d9%88%d9%86-%d8%a7%d9%84%d9%84%d9%8a%d9%85%d9%88%d9%86
https://www.lacuisinedebernard.com/%d9%85%d8%a7%d9%83%d8%b1%d9%88%d9%86-%d8%a7%d9%84%d9%84%d9%8a%d9%85%d9%88%d9%86,https://staging.lacuisinedebernard.com/%d9%85%d8%a7%d9%83%d8%b1%d9%88%d9%86-%d8%a7%d9%84%d9%84%d9%8a%d9%85%d9%88%d9%86
https://www.lacuisinedebernard.com/%d9%85%d8%a7%d9%83%d8%b1%d9%88%d9%86-%d8%a7%d9%84%d9%84%d9%8a%d9%85%d9%88%d9%86/,https://staging.lacuisinedebernard.com/%d9%85%d8%a7%d9%83%d8%b1%d9%88%d9%86-%d8%a7%d9%84%d9%84%d9%8a%d9%85%d9%88%d9%86
https://lacuisinedebernard.com/pan-de-especias-de-reims,https://staging.lacuisinedebernard.com/pan-de-especias-de-reims
https://lacuisinedebernard.com/pan-de-especias-de-reims/,https://staging.lacuisinedebernard.com/pan-de-especias-de-reims
https://www.lacuisinedebernard.com/pan-de-especias-de-reims,https://staging.lacuisinedebernard.com/pan-de-especias-de-reims
https://www.lacuisinedebernard.com/pan-de-especias-de-reims/,https://staging.lacuisinedebernard.com/pan-de-especias-de-reims
https://lacuisinedebernard.com/raviolis-cuatro-tesoros,https://staging.lacuisinedebernard.com/raviolis-cuatro-tesoros
https://lacuisinedebernard.com/raviolis-cuatro-tesoros/,https://staging.lacuisinedebernard.com/raviolis-cuatro-tesoros
https://www.lacuisinedebernard.com/raviolis-cuatro-tesoros,https://staging.lacuisinedebernard.com/raviolis-cuatro-tesoros
https://www.lacuisinedebernard.com/raviolis-cuatro-tesoros/,https://staging.lacuisinedebernard.com/raviolis-cuatro-tesoros
https://lacuisinedebernard.com/pao-de-gengibre-de-reims,https://staging.lacuisinedebernard.com/pao-de-gengibre-de-reims
https://lacuisinedebernard.com/pao-de-gengibre-de-reims/,https://staging.lacuisinedebernard.com/pao-de-gengibre-de-reims
https://www.lacuisinedebernard.com/pao-de-gengibre-de-reims,https://staging.lacuisinedebernard.com/pao-de-gengibre-de-reims
https://www.lacuisinedebernard.com/pao-de-gengibre-de-reims/,https://staging.lacuisinedebernard.com/pao-de-gengibre-de-reims
https://lacuisinedebernard.com/ravioli-quatro-tesouros,https://staging.lacuisinedebernard.com/ravioli-quatro-tesouros
https://lacuisinedebernard.com/ravioli-quatro-tesouros/,https://staging.lacuisinedebernard.com/ravioli-quatro-tesouros
https://www.lacuisinedebernard.com/ravioli-quatro-tesouros,https://staging.lacuisinedebernard.com/ravioli-quatro-tesouros
https://www.lacuisinedebernard.com/ravioli-quatro-tesouros/,https://staging.lacuisinedebernard.com/ravioli-quatro-tesouros
https://lacuisinedebernard.com/%d8%af%d8%ac%d8%a7%d8%ac-%d8%a7%d9%84%d8%ac%d9%86%d8%b1%d8%a7%d9%84-%d8%aa%d8%b3%d9%88,https://staging.lacuisinedebernard.com/%d8%af%d8%ac%d8%a7%d8%ac-%d8%a7%d9%84%d8%ac%d9%86%d8%b1%d8%a7%d9%84-%d8%aa%d8%b3%d9%88
https://lacuisinedebernard.com/%d8%af%d8%ac%d8%a7%d8%ac-%d8%a7%d9%84%d8%ac%d9%86%d8%b1%d8%a7%d9%84-%d8%aa%d8%b3%d9%88/,https://staging.lacuisinedebernard.com/%d8%af%d8%ac%d8%a7%d8%ac-%d8%a7%d9%84%d8%ac%d9%86%d8%b1%d8%a7%d9%84-%d8%aa%d8%b3%d9%88
https://www.lacuisinedebernard.com/%d8%af%d8%ac%d8%a7%d8%ac-%d8%a7%d9%84%d8%ac%d9%86%d8%b1%d8%a7%d9%84-%d8%aa%d8%b3%d9%88,https://staging.lacuisinedebernard.com/%d8%af%d8%ac%d8%a7%d8%ac-%d8%a7%d9%84%d8%ac%d9%86%d8%b1%d8%a7%d9%84-%d8%aa%d8%b3%d9%88
https://www.lacuisinedebernard.com/%d8%af%d8%ac%d8%a7%d8%ac-%d8%a7%d9%84%d8%ac%d9%86%d8%b1%d8%a7%d9%84-%d8%aa%d8%b3%d9%88/,https://staging.lacuisinedebernard.com/%d8%af%d8%ac%d8%a7%d8%ac-%d8%a7%d9%84%d8%ac%d9%86%d8%b1%d8%a7%d9%84-%d8%aa%d8%b3%d9%88
https://lacuisinedebernard.com/foie-gras-2o-metodo-con-agua-hirviendo,https://staging.lacuisinedebernard.com/foie-gras-2o-metodo-con-agua-hirviendo
https://lacuisinedebernard.com/foie-gras-2o-metodo-con-agua-hirviendo/,https://staging.lacuisinedebernard.com/foie-gras-2o-metodo-con-agua-hirviendo
https://www.lacuisinedebernard.com/foie-gras-2o-metodo-con-agua-hirviendo,https://staging.lacuisinedebernard.com/foie-gras-2o-metodo-con-agua-hirviendo
https://www.lacuisinedebernard.com/foie-gras-2o-metodo-con-agua-hirviendo/,https://staging.lacuisinedebernard.com/foie-gras-2o-metodo-con-agua-hirviendo
https://lacuisinedebernard.com/flapjacks,https://staging.lacuisinedebernard.com/flapjacks
https://lacuisinedebernard.com/flapjacks/,https://staging.lacuisinedebernard.com/flapjacks
https://www.lacuisinedebernard.com/flapjacks,https://staging.lacuisinedebernard.com/flapjacks
https://www.lacuisinedebernard.com/flapjacks/,https://staging.lacuisinedebernard.com/flapjacks
https://lacuisinedebernard.com/curry-rojo-con-cerdo-y-pina,https://staging.lacuisinedebernard.com/curry-rojo-con-cerdo-y-pina
https://lacuisinedebernard.com/curry-rojo-con-cerdo-y-pina/,https://staging.lacuisinedebernard.com/curry-rojo-con-cerdo-y-pina
https://www.lacuisinedebernard.com/curry-rojo-con-cerdo-y-pina,https://staging.lacuisinedebernard.com/curry-rojo-con-cerdo-y-pina
https://www.lacuisinedebernard.com/curry-rojo-con-cerdo-y-pina/,https://staging.lacuisinedebernard.com/curry-rojo-con-cerdo-y-pina
https://lacuisinedebernard.com/blinis,https://staging.lacuisinedebernard.com/blinis
https://lacuisinedebernard.com/blinis/,https://staging.lacuisinedebernard.com/blinis
https://www.lacuisinedebernard.com/blinis,https://staging.lacuisinedebernard.com/blinis
https://www.lacuisinedebernard.com/blinis/,https://staging.lacuisinedebernard.com/blinis
https://lacuisinedebernard.com/four-treasures-ravioli,https://staging.lacuisinedebernard.com/four-treasures-ravioli
https://lacuisinedebernard.com/four-treasures-ravioli/,https://staging.lacuisinedebernard.com/four-treasures-ravioli
https://www.lacuisinedebernard.com/four-treasures-ravioli,https://staging.lacuisinedebernard.com/four-treasures-ravioli
https://www.lacuisinedebernard.com/four-treasures-ravioli/,https://staging.lacuisinedebernard.com/four-treasures-ravioli
https://lacuisinedebernard.com/flammekuche,https://staging.lacuisinedebernard.com/flammekuche
https://lacuisinedebernard.com/flammekuche/,https://staging.lacuisinedebernard.com/flammekuche
https://www.lacuisinedebernard.com/flammekuche,https://staging.lacuisinedebernard.com/flammekuche
https://www.lacuisinedebernard.com/flammekuche/,https://staging.lacuisinedebernard.com/flammekuche
https://lacuisinedebernard.com/siu-mai-of-shanghai,https://staging.lacuisinedebernard.com/siu-mai-of-shanghai
https://lacuisinedebernard.com/siu-mai-of-shanghai/,https://staging.lacuisinedebernard.com/siu-mai-of-shanghai
https://www.lacuisinedebernard.com/siu-mai-of-shanghai,https://staging.lacuisinedebernard.com/siu-mai-of-shanghai
https://www.lacuisinedebernard.com/siu-mai-of-shanghai/,https://staging.lacuisinedebernard.com/siu-mai-of-shanghai
https://lacuisinedebernard.com/sopa-won-ton,https://staging.lacuisinedebernard.com/sopa-won-ton
https://lacuisinedebernard.com/sopa-won-ton/,https://staging.lacuisinedebernard.com/sopa-won-ton
https://www.lacuisinedebernard.com/sopa-won-ton,https://staging.lacuisinedebernard.com/sopa-won-ton
https://www.lacuisinedebernard.com/sopa-won-ton/,https://staging.lacuisinedebernard.com/sopa-won-ton
https://lacuisinedebernard.com/%d8%b9%d8%ac%d9%8a%d9%86-%d8%a7%d9%84%d9%81%d8%b7%d9%8a%d8%b1-2,https://staging.lacuisinedebernard.com/%d8%b9%d8%ac%d9%8a%d9%86-%d8%a7%d9%84%d9%81%d8%b7%d9%8a%d8%b1-2
https://lacuisinedebernard.com/%d8%b9%d8%ac%d9%8a%d9%86-%d8%a7%d9%84%d9%81%d8%b7%d9%8a%d8%b1-2/,https://staging.lacuisinedebernard.com/%d8%b9%d8%ac%d9%8a%d9%86-%d8%a7%d9%84%d9%81%d8%b7%d9%8a%d8%b1-2
https://www.lacuisinedebernard.com/%d8%b9%d8%ac%d9%8a%d9%86-%d8%a7%d9%84%d9%81%d8%b7%d9%8a%d8%b1-2,https://staging.lacuisinedebernard.com/%d8%b9%d8%ac%d9%8a%d9%86-%d8%a7%d9%84%d9%81%d8%b7%d9%8a%d8%b1-2
https://www.lacuisinedebernard.com/%d8%b9%d8%ac%d9%8a%d9%86-%d8%a7%d9%84%d9%81%d8%b7%d9%8a%d8%b1-2/,https://staging.lacuisinedebernard.com/%d8%b9%d8%ac%d9%8a%d9%86-%d8%a7%d9%84%d9%81%d8%b7%d9%8a%d8%b1-2
https://lacuisinedebernard.com/delicioso-pao-de-manteiga-curto,https://staging.lacuisinedebernard.com/delicioso-pao-de-manteiga-curto
https://lacuisinedebernard.com/delicioso-pao-de-manteiga-curto/,https://staging.lacuisinedebernard.com/delicioso-pao-de-manteiga-curto
https://www.lacuisinedebernard.com/delicioso-pao-de-manteiga-curto,https://staging.lacuisinedebernard.com/delicioso-pao-de-manteiga-curto
https://www.lacuisinedebernard.com/delicioso-pao-de-manteiga-curto/,https://staging.lacuisinedebernard.com/delicioso-pao-de-manteiga-curto
https://lacuisinedebernard.com/%d9%83%d8%b9%d9%83-%d9%83%d8%b1%d8%a7%d8%a8-%d9%85%d8%a7%d8%b1%d9%8a%d9%84%d8%a7%d9%86%d8%af,https://staging.lacuisinedebernard.com/%d9%83%d8%b9%d9%83-%d9%83%d8%b1%d8%a7%d8%a8-%d9%85%d8%a7%d8%b1%d9%8a%d9%84%d8%a7%d9%86%d8%af
https://lacuisinedebernard.com/%d9%83%d8%b9%d9%83-%d9%83%d8%b1%d8%a7%d8%a8-%d9%85%d8%a7%d8%b1%d9%8a%d9%84%d8%a7%d9%86%d8%af/,https://staging.lacuisinedebernard.com/%d9%83%d8%b9%d9%83-%d9%83%d8%b1%d8%a7%d8%a8-%d9%85%d8%a7%d8%b1%d9%8a%d9%84%d8%a7%d9%86%d8%af
https://www.lacuisinedebernard.com/%d9%83%d8%b9%d9%83-%d9%83%d8%b1%d8%a7%d8%a8-%d9%85%d8%a7%d8%b1%d9%8a%d9%84%d8%a7%d9%86%d8%af,https://staging.lacuisinedebernard.com/%d9%83%d8%b9%d9%83-%d9%83%d8%b1%d8%a7%d8%a8-%d9%85%d8%a7%d8%b1%d9%8a%d9%84%d8%a7%d9%86%d8%af
https://www.lacuisinedebernard.com/%d9%83%d8%b9%d9%83-%d9%83%d8%b1%d8%a7%d8%a8-%d9%85%d8%a7%d8%b1%d9%8a%d9%84%d8%a7%d9%86%d8%af/,https://staging.lacuisinedebernard.com/%d9%83%d8%b9%d9%83-%d9%83%d8%b1%d8%a7%d8%a8-%d9%85%d8%a7%d8%b1%d9%8a%d9%84%d8%a7%d9%86%d8%af
https://lacuisinedebernard.com/%d8%b3%d9%8a%d9%88-%d9%85%d8%a7%d9%8a-%d9%85%d9%86-%d8%b4%d9%86%d8%ba%d9%87%d8%a7%d9%8a,https://staging.lacuisinedebernard.com/%d8%b3%d9%8a%d9%88-%d9%85%d8%a7%d9%8a-%d9%85%d9%86-%d8%b4%d9%86%d8%ba%d9%87%d8%a7%d9%8a
https://lacuisinedebernard.com/%d8%b3%d9%8a%d9%88-%d9%85%d8%a7%d9%8a-%d9%85%d9%86-%d8%b4%d9%86%d8%ba%d9%87%d8%a7%d9%8a/,https://staging.lacuisinedebernard.com/%d8%b3%d9%8a%d9%88-%d9%85%d8%a7%d9%8a-%d9%85%d9%86-%d8%b4%d9%86%d8%ba%d9%87%d8%a7%d9%8a
https://www.lacuisinedebernard.com/%d8%b3%d9%8a%d9%88-%d9%85%d8%a7%d9%8a-%d9%85%d9%86-%d8%b4%d9%86%d8%ba%d9%87%d8%a7%d9%8a,https://staging.lacuisinedebernard.com/%d8%b3%d9%8a%d9%88-%d9%85%d8%a7%d9%8a-%d9%85%d9%86-%d8%b4%d9%86%d8%ba%d9%87%d8%a7%d9%8a
https://www.lacuisinedebernard.com/%d8%b3%d9%8a%d9%88-%d9%85%d8%a7%d9%8a-%d9%85%d9%86-%d8%b4%d9%86%d8%ba%d9%87%d8%a7%d9%8a/,https://staging.lacuisinedebernard.com/%d8%b3%d9%8a%d9%88-%d9%85%d8%a7%d9%8a-%d9%85%d9%86-%d8%b4%d9%86%d8%ba%d9%87%d8%a7%d9%8a
https://lacuisinedebernard.com/%d8%b1%d8%a7%d9%81%d9%8a%d9%88%d9%84%d9%8a-%d9%83%d9%86%d9%88%d8%b2-%d8%a7%d9%84%d8%a3%d8%b1%d8%a8%d8%b9%d8%a9,https://staging.lacuisinedebernard.com/%d8%b1%d8%a7%d9%81%d9%8a%d9%88%d9%84%d9%8a-%d9%83%d9%86%d9%88%d8%b2-%d8%a7%d9%84%d8%a3%d8%b1%d8%a8%d8%b9%d8%a9
https://lacuisinedebernard.com/%d8%b1%d8%a7%d9%81%d9%8a%d9%88%d9%84%d9%8a-%d9%83%d9%86%d9%88%d8%b2-%d8%a7%d9%84%d8%a3%d8%b1%d8%a8%d8%b9%d8%a9/,https://staging.lacuisinedebernard.com/%d8%b1%d8%a7%d9%81%d9%8a%d9%88%d9%84%d9%8a-%d9%83%d9%86%d9%88%d8%b2-%d8%a7%d9%84%d8%a3%d8%b1%d8%a8%d8%b9%d8%a9
https://www.lacuisinedebernard.com/%d8%b1%d8%a7%d9%81%d9%8a%d9%88%d9%84%d9%8a-%d9%83%d9%86%d9%88%d8%b2-%d8%a7%d9%84%d8%a3%d8%b1%d8%a8%d8%b9%d8%a9,https://staging.lacuisinedebernard.com/%d8%b1%d8%a7%d9%81%d9%8a%d9%88%d9%84%d9%8a-%d9%83%d9%86%d9%88%d8%b2-%d8%a7%d9%84%d8%a3%d8%b1%d8%a8%d8%b9%d8%a9
https://www.lacuisinedebernard.com/%d8%b1%d8%a7%d9%81%d9%8a%d9%88%d9%84%d9%8a-%d9%83%d9%86%d9%88%d8%b2-%d8%a7%d9%84%d8%a3%d8%b1%d8%a8%d8%b9%d8%a9/,https://staging.lacuisinedebernard.com/%d8%b1%d8%a7%d9%81%d9%8a%d9%88%d9%84%d9%8a-%d9%83%d9%86%d9%88%d8%b2-%d8%a7%d9%84%d8%a3%d8%b1%d8%a8%d8%b9%d8%a9
https://lacuisinedebernard.com/tartaletas-de-compota-de-moras-y-platano-a-la-vainilla,https://staging.lacuisinedebernard.com/tartaletas-de-compota-de-moras-y-platano-a-la-vainilla
https://lacuisinedebernard.com/tartaletas-de-compota-de-moras-y-platano-a-la-vainilla/,https://staging.lacuisinedebernard.com/tartaletas-de-compota-de-moras-y-platano-a-la-vainilla
https://www.lacuisinedebernard.com/tartaletas-de-compota-de-moras-y-platano-a-la-vainilla,https://staging.lacuisinedebernard.com/tartaletas-de-compota-de-moras-y-platano-a-la-vainilla
https://www.lacuisinedebernard.com/tartaletas-de-compota-de-moras-y-platano-a-la-vainilla/,https://staging.lacuisinedebernard.com/tartaletas-de-compota-de-moras-y-platano-a-la-vainilla
https://lacuisinedebernard.com/caril-vermelho-com-caril-de-porco-e-ananas,https://staging.lacuisinedebernard.com/caril-vermelho-com-caril-de-porco-e-ananas
https://lacuisinedebernard.com/caril-vermelho-com-caril-de-porco-e-ananas/,https://staging.lacuisinedebernard.com/caril-vermelho-com-caril-de-porco-e-ananas
https://www.lacuisinedebernard.com/caril-vermelho-com-caril-de-porco-e-ananas,https://staging.lacuisinedebernard.com/caril-vermelho-com-caril-de-porco-e-ananas
https://www.lacuisinedebernard.com/caril-vermelho-com-caril-de-porco-e-ananas/,https://staging.lacuisinedebernard.com/caril-vermelho-com-caril-de-porco-e-ananas
https://lacuisinedebernard.com/sopa-de-toneladas-ganhas,https://staging.lacuisinedebernard.com/sopa-de-toneladas-ganhas
https://lacuisinedebernard.com/sopa-de-toneladas-ganhas/,https://staging.lacuisinedebernard.com/sopa-de-toneladas-ganhas
https://www.lacuisinedebernard.com/sopa-de-toneladas-ganhas,https://staging.lacuisinedebernard.com/sopa-de-toneladas-ganhas
https://www.lacuisinedebernard.com/sopa-de-toneladas-ganhas/,https://staging.lacuisinedebernard.com/sopa-de-toneladas-ganhas
https://lacuisinedebernard.com/%d9%81%d8%b7%d8%a7%d8%a6%d8%b1,https://staging.lacuisinedebernard.com/%d9%81%d8%b7%d8%a7%d8%a6%d8%b1
https://lacuisinedebernard.com/%d9%81%d8%b7%d8%a7%d8%a6%d8%b1/,https://staging.lacuisinedebernard.com/%d9%81%d8%b7%d8%a7%d8%a6%d8%b1
https://www.lacuisinedebernard.com/%d9%81%d8%b7%d8%a7%d8%a6%d8%b1,https://staging.lacuisinedebernard.com/%d9%81%d8%b7%d8%a7%d8%a6%d8%b1
https://www.lacuisinedebernard.com/%d9%81%d8%b7%d8%a7%d8%a6%d8%b1/,https://staging.lacuisinedebernard.com/%d9%81%d8%b7%d8%a7%d8%a6%d8%b1
https://lacuisinedebernard.com/delicias-de-la-casbah,https://staging.lacuisinedebernard.com/delicias-de-la-casbah
https://lacuisinedebernard.com/delicias-de-la-casbah/,https://staging.lacuisinedebernard.com/delicias-de-la-casbah
https://www.lacuisinedebernard.com/delicias-de-la-casbah,https://staging.lacuisinedebernard.com/delicias-de-la-casbah
https://www.lacuisinedebernard.com/delicias-de-la-casbah/,https://staging.lacuisinedebernard.com/delicias-de-la-casbah
https://lacuisinedebernard.com/delicious-butter-shortbread,https://staging.lacuisinedebernard.com/delicious-butter-shortbread
https://lacuisinedebernard.com/delicious-butter-shortbread/,https://staging.lacuisinedebernard.com/delicious-butter-shortbread
https://www.lacuisinedebernard.com/delicious-butter-shortbread,https://staging.lacuisinedebernard.com/delicious-butter-shortbread
https://www.lacuisinedebernard.com/delicious-butter-shortbread/,https://staging.lacuisinedebernard.com/delicious-butter-shortbread
https://lacuisinedebernard.com/pan-de-maiz,https://staging.lacuisinedebernard.com/pan-de-maiz
https://lacuisinedebernard.com/pan-de-maiz/,https://staging.lacuisinedebernard.com/pan-de-maiz
https://www.lacuisinedebernard.com/pan-de-maiz,https://staging.lacuisinedebernard.com/pan-de-maiz
https://www.lacuisinedebernard.com/pan-de-maiz/,https://staging.lacuisinedebernard.com/pan-de-maiz
https://lacuisinedebernard.com/tarteletes-de-blackberry-e-vanilla-banana-compote,https://staging.lacuisinedebernard.com/tarteletes-de-blackberry-e-vanilla-banana-compote
https://lacuisinedebernard.com/tarteletes-de-blackberry-e-vanilla-banana-compote/,https://staging.lacuisinedebernard.com/tarteletes-de-blackberry-e-vanilla-banana-compote
https://www.lacuisinedebernard.com/tarteletes-de-blackberry-e-vanilla-banana-compote,https://staging.lacuisinedebernard.com/tarteletes-de-blackberry-e-vanilla-banana-compote
https://www.lacuisinedebernard.com/tarteletes-de-blackberry-e-vanilla-banana-compote/,https://staging.lacuisinedebernard.com/tarteletes-de-blackberry-e-vanilla-banana-compote
https://lacuisinedebernard.com/hojaldre-2,https://staging.lacuisinedebernard.com/hojaldre-2
https://lacuisinedebernard.com/hojaldre-2/,https://staging.lacuisinedebernard.com/hojaldre-2
https://www.lacuisinedebernard.com/hojaldre-2,https://staging.lacuisinedebernard.com/hojaldre-2
https://www.lacuisinedebernard.com/hojaldre-2/,https://staging.lacuisinedebernard.com/hojaldre-2
https://lacuisinedebernard.com/won-ton-soup,https://staging.lacuisinedebernard.com/won-ton-soup
https://lacuisinedebernard.com/won-ton-soup/,https://staging.lacuisinedebernard.com/won-ton-soup
https://www.lacuisinedebernard.com/won-ton-soup,https://staging.lacuisinedebernard.com/won-ton-soup
https://www.lacuisinedebernard.com/won-ton-soup/,https://staging.lacuisinedebernard.com/won-ton-soup
https://lacuisinedebernard.com/red-curry-with-pork-and-pineapple,https://staging.lacuisinedebernard.com/red-curry-with-pork-and-pineapple
https://lacuisinedebernard.com/red-curry-with-pork-and-pineapple/,https://staging.lacuisinedebernard.com/red-curry-with-pork-and-pineapple
https://www.lacuisinedebernard.com/red-curry-with-pork-and-pineapple,https://staging.lacuisinedebernard.com/red-curry-with-pork-and-pineapple
https://www.lacuisinedebernard.com/red-curry-with-pork-and-pineapple/,https://staging.lacuisinedebernard.com/red-curry-with-pork-and-pineapple
https://lacuisinedebernard.com/%d8%a8%d9%84%d9%8a%d9%86%d9%8a%d8%b2,https://staging.lacuisinedebernard.com/%d8%a8%d9%84%d9%8a%d9%86%d9%8a%d8%b2
https://lacuisinedebernard.com/%d8%a8%d9%84%d9%8a%d9%86%d9%8a%d8%b2/,https://staging.lacuisinedebernard.com/%d8%a8%d9%84%d9%8a%d9%86%d9%8a%d8%b2
https://www.lacuisinedebernard.com/%d8%a8%d9%84%d9%8a%d9%86%d9%8a%d8%b2,https://staging.lacuisinedebernard.com/%d8%a8%d9%84%d9%8a%d9%86%d9%8a%d8%b2
https://www.lacuisinedebernard.com/%d8%a8%d9%84%d9%8a%d9%86%d9%8a%d8%b2/,https://staging.lacuisinedebernard.com/%d8%a8%d9%84%d9%8a%d9%86%d9%8a%d8%b2
https://lacuisinedebernard.com/delicia-da-casbah,https://staging.lacuisinedebernard.com/delicia-da-casbah
https://lacuisinedebernard.com/delicia-da-casbah/,https://staging.lacuisinedebernard.com/delicia-da-casbah
https://www.lacuisinedebernard.com/delicia-da-casbah,https://staging.lacuisinedebernard.com/delicia-da-casbah
https://www.lacuisinedebernard.com/delicia-da-casbah/,https://staging.lacuisinedebernard.com/delicia-da-casbah
https://lacuisinedebernard.com/pao-de-milho,https://staging.lacuisinedebernard.com/pao-de-milho
https://lacuisinedebernard.com/pao-de-milho/,https://staging.lacuisinedebernard.com/pao-de-milho
https://www.lacuisinedebernard.com/pao-de-milho,https://staging.lacuisinedebernard.com/pao-de-milho
https://www.lacuisinedebernard.com/pao-de-milho/,https://staging.lacuisinedebernard.com/pao-de-milho
https://lacuisinedebernard.com/pastelitos-de-cangrejo-de-maryland,https://staging.lacuisinedebernard.com/pastelitos-de-cangrejo-de-maryland
https://lacuisinedebernard.com/pastelitos-de-cangrejo-de-maryland/,https://staging.lacuisinedebernard.com/pastelitos-de-cangrejo-de-maryland
https://www.lacuisinedebernard.com/pastelitos-de-cangrejo-de-maryland,https://staging.lacuisinedebernard.com/pastelitos-de-cangrejo-de-maryland
https://www.lacuisinedebernard.com/pastelitos-de-cangrejo-de-maryland/,https://staging.lacuisinedebernard.com/pastelitos-de-cangrejo-de-maryland
https://lacuisinedebernard.com/%d8%b4%d9%88%d8%b1%d8%aa%d8%a8%d8%b1%d9%8a%d8%af-%d9%84%d8%b0%d9%8a%d8%b0-%d8%a8%d8%a7%d9%84%d8%b2%d8%a8%d8%af%d8%a9,https://staging.lacuisinedebernard.com/%d8%b4%d9%88%d8%b1%d8%aa%d8%a8%d8%b1%d9%8a%d8%af-%d9%84%d8%b0%d9%8a%d8%b0-%d8%a8%d8%a7%d9%84%d8%b2%d8%a8%d8%af%d8%a9
https://lacuisinedebernard.com/%d8%b4%d9%88%d8%b1%d8%aa%d8%a8%d8%b1%d9%8a%d8%af-%d9%84%d8%b0%d9%8a%d8%b0-%d8%a8%d8%a7%d9%84%d8%b2%d8%a8%d8%af%d8%a9/,https://staging.lacuisinedebernard.com/%d8%b4%d9%88%d8%b1%d8%aa%d8%a8%d8%b1%d9%8a%d8%af-%d9%84%d8%b0%d9%8a%d8%b0-%d8%a8%d8%a7%d9%84%d8%b2%d8%a8%d8%af%d8%a9
https://www.lacuisinedebernard.com/%d8%b4%d9%88%d8%b1%d8%aa%d8%a8%d8%b1%d9%8a%d8%af-%d9%84%d8%b0%d9%8a%d8%b0-%d8%a8%d8%a7%d9%84%d8%b2%d8%a8%d8%af%d8%a9,https://staging.lacuisinedebernard.com/%d8%b4%d9%88%d8%b1%d8%aa%d8%a8%d8%b1%d9%8a%d8%af-%d9%84%d8%b0%d9%8a%d8%b0-%d8%a8%d8%a7%d9%84%d8%b2%d8%a8%d8%af%d8%a9
https://www.lacuisinedebernard.com/%d8%b4%d9%88%d8%b1%d8%aa%d8%a8%d8%b1%d9%8a%d8%af-%d9%84%d8%b0%d9%8a%d8%b0-%d8%a8%d8%a7%d9%84%d8%b2%d8%a8%d8%af%d8%a9/,https://staging.lacuisinedebernard.com/%d8%b4%d9%88%d8%b1%d8%aa%d8%a8%d8%b1%d9%8a%d8%af-%d9%84%d8%b0%d9%8a%d8%b0-%d8%a8%d8%a7%d9%84%d8%b2%d8%a8%d8%af%d8%a9
https://lacuisinedebernard.com/blackberry-and-vanilla-banana-compote-tartlets,https://staging.lacuisinedebernard.com/blackberry-and-vanilla-banana-compote-tartlets
https://lacuisinedebernard.com/blackberry-and-vanilla-banana-compote-tartlets/,https://staging.lacuisinedebernard.com/blackberry-and-vanilla-banana-compote-tartlets
https://www.lacuisinedebernard.com/blackberry-and-vanilla-banana-compote-tartlets,https://staging.lacuisinedebernard.com/blackberry-and-vanilla-banana-compote-tartlets
https://www.lacuisinedebernard.com/blackberry-and-vanilla-banana-compote-tartlets/,https://staging.lacuisinedebernard.com/blackberry-and-vanilla-banana-compote-tartlets
https://lacuisinedebernard.com/%d8%ad%d8%b3%d8%a7%d8%a1-%d9%88%d9%88%d9%86-%d8%aa%d9%88%d9%86,https://staging.lacuisinedebernard.com/%d8%ad%d8%b3%d8%a7%d8%a1-%d9%88%d9%88%d9%86-%d8%aa%d9%88%d9%86
https://lacuisinedebernard.com/%d8%ad%d8%b3%d8%a7%d8%a1-%d9%88%d9%88%d9%86-%d8%aa%d9%88%d9%86/,https://staging.lacuisinedebernard.com/%d8%ad%d8%b3%d8%a7%d8%a1-%d9%88%d9%88%d9%86-%d8%aa%d9%88%d9%86
https://www.lacuisinedebernard.com/%d8%ad%d8%b3%d8%a7%d8%a1-%d9%88%d9%88%d9%86-%d8%aa%d9%88%d9%86,https://staging.lacuisinedebernard.com/%d8%ad%d8%b3%d8%a7%d8%a1-%d9%88%d9%88%d9%86-%d8%aa%d9%88%d9%86
https://www.lacuisinedebernard.com/%d8%ad%d8%b3%d8%a7%d8%a1-%d9%88%d9%88%d9%86-%d8%aa%d9%88%d9%86/,https://staging.lacuisinedebernard.com/%d8%ad%d8%b3%d8%a7%d8%a1-%d9%88%d9%88%d9%86-%d8%aa%d9%88%d9%86
https://lacuisinedebernard.com/massa-folhada-2,https://staging.lacuisinedebernard.com/massa-folhada-2
https://lacuisinedebernard.com/massa-folhada-2/,https://staging.lacuisinedebernard.com/massa-folhada-2
https://www.lacuisinedebernard.com/massa-folhada-2,https://staging.lacuisinedebernard.com/massa-folhada-2
https://www.lacuisinedebernard.com/massa-folhada-2/,https://staging.lacuisinedebernard.com/massa-folhada-2
https://lacuisinedebernard.com/%d9%84%d8%ad%d9%85-%d8%a7%d9%84%d8%ae%d9%86%d8%b2%d9%8a%d8%b1-%d9%88%d8%a7%d9%84%d8%a3%d9%86%d8%a7%d9%86%d8%a7%d8%b3-%d8%a8%d8%a7%d9%84%d9%83%d8%a7%d8%b1%d9%8a-%d8%a7%d9%84%d8%a3%d8%ad%d9%85%d8%b1,https://staging.lacuisinedebernard.com/%d9%84%d8%ad%d9%85-%d8%a7%d9%84%d8%ae%d9%86%d8%b2%d9%8a%d8%b1-%d9%88%d8%a7%d9%84%d8%a3%d9%86%d8%a7%d9%86%d8%a7%d8%b3-%d8%a8%d8%a7%d9%84%d9%83%d8%a7%d8%b1%d9%8a-%d8%a7%d9%84%d8%a3%d8%ad%d9%85%d8%b1
https://lacuisinedebernard.com/%d9%84%d8%ad%d9%85-%d8%a7%d9%84%d8%ae%d9%86%d8%b2%d9%8a%d8%b1-%d9%88%d8%a7%d9%84%d8%a3%d9%86%d8%a7%d9%86%d8%a7%d8%b3-%d8%a8%d8%a7%d9%84%d9%83%d8%a7%d8%b1%d9%8a-%d8%a7%d9%84%d8%a3%d8%ad%d9%85%d8%b1/,https://staging.lacuisinedebernard.com/%d9%84%d8%ad%d9%85-%d8%a7%d9%84%d8%ae%d9%86%d8%b2%d9%8a%d8%b1-%d9%88%d8%a7%d9%84%d8%a3%d9%86%d8%a7%d9%86%d8%a7%d8%b3-%d8%a8%d8%a7%d9%84%d9%83%d8%a7%d8%b1%d9%8a-%d8%a7%d9%84%d8%a3%d8%ad%d9%85%d8%b1
https://www.lacuisinedebernard.com/%d9%84%d8%ad%d9%85-%d8%a7%d9%84%d8%ae%d9%86%d8%b2%d9%8a%d8%b1-%d9%88%d8%a7%d9%84%d8%a3%d9%86%d8%a7%d9%86%d8%a7%d8%b3-%d8%a8%d8%a7%d9%84%d9%83%d8%a7%d8%b1%d9%8a-%d8%a7%d9%84%d8%a3%d8%ad%d9%85%d8%b1,https://staging.lacuisinedebernard.com/%d9%84%d8%ad%d9%85-%d8%a7%d9%84%d8%ae%d9%86%d8%b2%d9%8a%d8%b1-%d9%88%d8%a7%d9%84%d8%a3%d9%86%d8%a7%d9%86%d8%a7%d8%b3-%d8%a8%d8%a7%d9%84%d9%83%d8%a7%d8%b1%d9%8a-%d8%a7%d9%84%d8%a3%d8%ad%d9%85%d8%b1
https://www.lacuisinedebernard.com/%d9%84%d8%ad%d9%85-%d8%a7%d9%84%d8%ae%d9%86%d8%b2%d9%8a%d8%b1-%d9%88%d8%a7%d9%84%d8%a3%d9%86%d8%a7%d9%86%d8%a7%d8%b3-%d8%a8%d8%a7%d9%84%d9%83%d8%a7%d8%b1%d9%8a-%d8%a7%d9%84%d8%a3%d8%ad%d9%85%d8%b1/,https://staging.lacuisinedebernard.com/%d9%84%d8%ad%d9%85-%d8%a7%d9%84%d8%ae%d9%86%d8%b2%d9%8a%d8%b1-%d9%88%d8%a7%d9%84%d8%a3%d9%86%d8%a7%d9%86%d8%a7%d8%b3-%d8%a8%d8%a7%d9%84%d9%83%d8%a7%d8%b1%d9%8a-%d8%a7%d9%84%d8%a3%d8%ad%d9%85%d8%b1
https://lacuisinedebernard.com/cornbread,https://staging.lacuisinedebernard.com/cornbread
https://lacuisinedebernard.com/cornbread/,https://staging.lacuisinedebernard.com/cornbread
https://www.lacuisinedebernard.com/cornbread,https://staging.lacuisinedebernard.com/cornbread
https://www.lacuisinedebernard.com/cornbread/,https://staging.lacuisinedebernard.com/cornbread
https://lacuisinedebernard.com/delight-of-the-casbah,https://staging.lacuisinedebernard.com/delight-of-the-casbah
https://lacuisinedebernard.com/delight-of-the-casbah/,https://staging.lacuisinedebernard.com/delight-of-the-casbah
https://www.lacuisinedebernard.com/delight-of-the-casbah,https://staging.lacuisinedebernard.com/delight-of-the-casbah
https://www.lacuisinedebernard.com/delight-of-the-casbah/,https://staging.lacuisinedebernard.com/delight-of-the-casbah
https://lacuisinedebernard.com/siu-mai-de-shanghai,https://staging.lacuisinedebernard.com/siu-mai-de-shanghai
https://lacuisinedebernard.com/siu-mai-de-shanghai/,https://staging.lacuisinedebernard.com/siu-mai-de-shanghai
https://www.lacuisinedebernard.com/siu-mai-de-shanghai,https://staging.lacuisinedebernard.com/siu-mai-de-shanghai
https://www.lacuisinedebernard.com/siu-mai-de-shanghai/,https://staging.lacuisinedebernard.com/siu-mai-de-shanghai
https://lacuisinedebernard.com/maryland-crabcakes,https://staging.lacuisinedebernard.com/maryland-crabcakes
https://lacuisinedebernard.com/maryland-crabcakes/,https://staging.lacuisinedebernard.com/maryland-crabcakes
https://www.lacuisinedebernard.com/maryland-crabcakes,https://staging.lacuisinedebernard.com/maryland-crabcakes
https://www.lacuisinedebernard.com/maryland-crabcakes/,https://staging.lacuisinedebernard.com/maryland-crabcakes
https://lacuisinedebernard.com/deliciosa-galleta-de-mantequilla,https://staging.lacuisinedebernard.com/deliciosa-galleta-de-mantequilla
https://lacuisinedebernard.com/deliciosa-galleta-de-mantequilla/,https://staging.lacuisinedebernard.com/deliciosa-galleta-de-mantequilla
https://www.lacuisinedebernard.com/deliciosa-galleta-de-mantequilla,https://staging.lacuisinedebernard.com/deliciosa-galleta-de-mantequilla
https://www.lacuisinedebernard.com/deliciosa-galleta-de-mantequilla/,https://staging.lacuisinedebernard.com/deliciosa-galleta-de-mantequilla
https://lacuisinedebernard.com/%d8%aa%d8%a7%d8%b1%d8%aa%d9%84%d9%8a%d8%aa-%d8%a8%d9%84%d8%a7%d9%83-%d8%a8%d9%8a%d8%b1%d9%8a-%d9%85%d8%b9-%d9%83%d9%88%d9%85%d8%a8%d9%88%d8%aa-%d8%a7%d9%84%d9%81%d8%a7%d9%86%d9%8a%d9%84%d9%8a%d8%a7,https://staging.lacuisinedebernard.com/%d8%aa%d8%a7%d8%b1%d8%aa%d9%84%d9%8a%d8%aa-%d8%a8%d9%84%d8%a7%d9%83-%d8%a8%d9%8a%d8%b1%d9%8a-%d9%85%d8%b9-%d9%83%d9%88%d9%85%d8%a8%d9%88%d8%aa-%d8%a7%d9%84%d9%81%d8%a7%d9%86%d9%8a%d9%84%d9%8a%d8%a7
https://lacuisinedebernard.com/%d8%aa%d8%a7%d8%b1%d8%aa%d9%84%d9%8a%d8%aa-%d8%a8%d9%84%d8%a7%d9%83-%d8%a8%d9%8a%d8%b1%d9%8a-%d9%85%d8%b9-%d9%83%d9%88%d9%85%d8%a8%d9%88%d8%aa-%d8%a7%d9%84%d9%81%d8%a7%d9%86%d9%8a%d9%84%d9%8a%d8%a7/,https://staging.lacuisinedebernard.com/%d8%aa%d8%a7%d8%b1%d8%aa%d9%84%d9%8a%d8%aa-%d8%a8%d9%84%d8%a7%d9%83-%d8%a8%d9%8a%d8%b1%d9%8a-%d9%85%d8%b9-%d9%83%d9%88%d9%85%d8%a8%d9%88%d8%aa-%d8%a7%d9%84%d9%81%d8%a7%d9%86%d9%8a%d9%84%d9%8a%d8%a7
https://www.lacuisinedebernard.com/%d8%aa%d8%a7%d8%b1%d8%aa%d9%84%d9%8a%d8%aa-%d8%a8%d9%84%d8%a7%d9%83-%d8%a8%d9%8a%d8%b1%d9%8a-%d9%85%d8%b9-%d9%83%d9%88%d9%85%d8%a8%d9%88%d8%aa-%d8%a7%d9%84%d9%81%d8%a7%d9%86%d9%8a%d9%84%d9%8a%d8%a7,https://staging.lacuisinedebernard.com/%d8%aa%d8%a7%d8%b1%d8%aa%d9%84%d9%8a%d8%aa-%d8%a8%d9%84%d8%a7%d9%83-%d8%a8%d9%8a%d8%b1%d9%8a-%d9%85%d8%b9-%d9%83%d9%88%d9%85%d8%a8%d9%88%d8%aa-%d8%a7%d9%84%d9%81%d8%a7%d9%86%d9%8a%d9%84%d9%8a%d8%a7
https://www.lacuisinedebernard.com/%d8%aa%d8%a7%d8%b1%d8%aa%d9%84%d9%8a%d8%aa-%d8%a8%d9%84%d8%a7%d9%83-%d8%a8%d9%8a%d8%b1%d9%8a-%d9%85%d8%b9-%d9%83%d9%88%d9%85%d8%a8%d9%88%d8%aa-%d8%a7%d9%84%d9%81%d8%a7%d9%86%d9%8a%d9%84%d9%8a%d8%a7/,https://staging.lacuisinedebernard.com/%d8%aa%d8%a7%d8%b1%d8%aa%d9%84%d9%8a%d8%aa-%d8%a8%d9%84%d8%a7%d9%83-%d8%a8%d9%8a%d8%b1%d9%8a-%d9%85%d8%b9-%d9%83%d9%88%d9%85%d8%a8%d9%88%d8%aa-%d8%a7%d9%84%d9%81%d8%a7%d9%86%d9%8a%d9%84%d9%8a%d8%a7
https://lacuisinedebernard.com/puff-pastry,https://staging.lacuisinedebernard.com/puff-pastry
https://lacuisinedebernard.com/puff-pastry/,https://staging.lacuisinedebernard.com/puff-pastry
https://www.lacuisinedebernard.com/puff-pastry,https://staging.lacuisinedebernard.com/puff-pastry
https://www.lacuisinedebernard.com/puff-pastry/,https://staging.lacuisinedebernard.com/puff-pastry
https://lacuisinedebernard.com/%d8%ae%d8%a8%d8%b2-%d8%a7%d9%84%d8%b0%d8%b1%d8%a9,https://staging.lacuisinedebernard.com/%d8%ae%d8%a8%d8%b2-%d8%a7%d9%84%d8%b0%d8%b1%d8%a9
https://lacuisinedebernard.com/%d8%ae%d8%a8%d8%b2-%d8%a7%d9%84%d8%b0%d8%b1%d8%a9/,https://staging.lacuisinedebernard.com/%d8%ae%d8%a8%d8%b2-%d8%a7%d9%84%d8%b0%d8%b1%d8%a9
https://www.lacuisinedebernard.com/%d8%ae%d8%a8%d8%b2-%d8%a7%d9%84%d8%b0%d8%b1%d8%a9,https://staging.lacuisinedebernard.com/%d8%ae%d8%a8%d8%b2-%d8%a7%d9%84%d8%b0%d8%b1%d8%a9
https://www.lacuisinedebernard.com/%d8%ae%d8%a8%d8%b2-%d8%a7%d9%84%d8%b0%d8%b1%d8%a9/,https://staging.lacuisinedebernard.com/%d8%ae%d8%a8%d8%b2-%d8%a7%d9%84%d8%b0%d8%b1%d8%a9
https://lacuisinedebernard.com/%d9%82%d8%b5%d8%a8%d8%a9-%d8%af%d9%8a%d9%84%d8%a7%d9%8a%d8%aa,https://staging.lacuisinedebernard.com/%d9%82%d8%b5%d8%a8%d8%a9-%d8%af%d9%8a%d9%84%d8%a7%d9%8a%d8%aa
https://lacuisinedebernard.com/%d9%82%d8%b5%d8%a8%d8%a9-%d8%af%d9%8a%d9%84%d8%a7%d9%8a%d8%aa/,https://staging.lacuisinedebernard.com/%d9%82%d8%b5%d8%a8%d8%a9-%d8%af%d9%8a%d9%84%d8%a7%d9%8a%d8%aa
https://www.lacuisinedebernard.com/%d9%82%d8%b5%d8%a8%d8%a9-%d8%af%d9%8a%d9%84%d8%a7%d9%8a%d8%aa,https://staging.lacuisinedebernard.com/%d9%82%d8%b5%d8%a8%d8%a9-%d8%af%d9%8a%d9%84%d8%a7%d9%8a%d8%aa
https://www.lacuisinedebernard.com/%d9%82%d8%b5%d8%a8%d8%a9-%d8%af%d9%8a%d9%84%d8%a7%d9%8a%d8%aa/,https://staging.lacuisinedebernard.com/%d9%82%d8%b5%d8%a8%d8%a9-%d8%af%d9%8a%d9%84%d8%a7%d9%8a%d8%aa
https://lacuisinedebernard.com/siu-mai-de-xangai,https://staging.lacuisinedebernard.com/siu-mai-de-xangai
https://lacuisinedebernard.com/siu-mai-de-xangai/,https://staging.lacuisinedebernard.com/siu-mai-de-xangai
https://www.lacuisinedebernard.com/siu-mai-de-xangai,https://staging.lacuisinedebernard.com/siu-mai-de-xangai
https://www.lacuisinedebernard.com/siu-mai-de-xangai/,https://staging.lacuisinedebernard.com/siu-mai-de-xangai
https://lacuisinedebernard.com/seattle,https://staging.lacuisinedebernard.com/seattle
https://lacuisinedebernard.com/seattle/,https://staging.lacuisinedebernard.com/seattle
https://www.lacuisinedebernard.com/seattle,https://staging.lacuisinedebernard.com/seattle
https://www.lacuisinedebernard.com/seattle/,https://staging.lacuisinedebernard.com/seattle
https://lacuisinedebernard.com/muffins-de-mirtilo,https://staging.lacuisinedebernard.com/muffins-de-mirtilo
https://lacuisinedebernard.com/muffins-de-mirtilo/,https://staging.lacuisinedebernard.com/muffins-de-mirtilo
https://www.lacuisinedebernard.com/muffins-de-mirtilo,https://staging.lacuisinedebernard.com/muffins-de-mirtilo
https://www.lacuisinedebernard.com/muffins-de-mirtilo/,https://staging.lacuisinedebernard.com/muffins-de-mirtilo
https://lacuisinedebernard.com/%d8%ac%d9%88%d8%a7%d9%83%d8%a7%d9%85%d9%88%d9%84%d9%8a,https://staging.lacuisinedebernard.com/%d8%ac%d9%88%d8%a7%d9%83%d8%a7%d9%85%d9%88%d9%84%d9%8a
https://lacuisinedebernard.com/%d8%ac%d9%88%d8%a7%d9%83%d8%a7%d9%85%d9%88%d9%84%d9%8a/,https://staging.lacuisinedebernard.com/%d8%ac%d9%88%d8%a7%d9%83%d8%a7%d9%85%d9%88%d9%84%d9%8a
https://www.lacuisinedebernard.com/%d8%ac%d9%88%d8%a7%d9%83%d8%a7%d9%85%d9%88%d9%84%d9%8a,https://staging.lacuisinedebernard.com/%d8%ac%d9%88%d8%a7%d9%83%d8%a7%d9%85%d9%88%d9%84%d9%8a
https://www.lacuisinedebernard.com/%d8%ac%d9%88%d8%a7%d9%83%d8%a7%d9%85%d9%88%d9%84%d9%8a/,https://staging.lacuisinedebernard.com/%d8%ac%d9%88%d8%a7%d9%83%d8%a7%d9%85%d9%88%d9%84%d9%8a
https://lacuisinedebernard.com/sopa-de-aboborinha-fria,https://staging.lacuisinedebernard.com/sopa-de-aboborinha-fria
https://lacuisinedebernard.com/sopa-de-aboborinha-fria/,https://staging.lacuisinedebernard.com/sopa-de-aboborinha-fria
https://www.lacuisinedebernard.com/sopa-de-aboborinha-fria,https://staging.lacuisinedebernard.com/sopa-de-aboborinha-fria
https://www.lacuisinedebernard.com/sopa-de-aboborinha-fria/,https://staging.lacuisinedebernard.com/sopa-de-aboborinha-fria
https://lacuisinedebernard.com/pan-de-amapola-y-vainilla,https://staging.lacuisinedebernard.com/pan-de-amapola-y-vainilla
https://lacuisinedebernard.com/pan-de-amapola-y-vainilla/,https://staging.lacuisinedebernard.com/pan-de-amapola-y-vainilla
https://www.lacuisinedebernard.com/pan-de-amapola-y-vainilla,https://staging.lacuisinedebernard.com/pan-de-amapola-y-vainilla
https://www.lacuisinedebernard.com/pan-de-amapola-y-vainilla/,https://staging.lacuisinedebernard.com/pan-de-amapola-y-vainilla
https://lacuisinedebernard.com/teriyaki-salmon-half-cooked,https://staging.lacuisinedebernard.com/teriyaki-salmon-half-cooked
https://lacuisinedebernard.com/teriyaki-salmon-half-cooked/,https://staging.lacuisinedebernard.com/teriyaki-salmon-half-cooked
https://www.lacuisinedebernard.com/teriyaki-salmon-half-cooked,https://staging.lacuisinedebernard.com/teriyaki-salmon-half-cooked
https://www.lacuisinedebernard.com/teriyaki-salmon-half-cooked/,https://staging.lacuisinedebernard.com/teriyaki-salmon-half-cooked
https://lacuisinedebernard.com/cold-zucchini-soup,https://staging.lacuisinedebernard.com/cold-zucchini-soup
https://lacuisinedebernard.com/cold-zucchini-soup/,https://staging.lacuisinedebernard.com/cold-zucchini-soup
https://www.lacuisinedebernard.com/cold-zucchini-soup,https://staging.lacuisinedebernard.com/cold-zucchini-soup
https://www.lacuisinedebernard.com/cold-zucchini-soup/,https://staging.lacuisinedebernard.com/cold-zucchini-soup
https://lacuisinedebernard.com/blueberry-muffins,https://staging.lacuisinedebernard.com/blueberry-muffins
https://lacuisinedebernard.com/blueberry-muffins/,https://staging.lacuisinedebernard.com/blueberry-muffins
https://www.lacuisinedebernard.com/blueberry-muffins,https://staging.lacuisinedebernard.com/blueberry-muffins
https://www.lacuisinedebernard.com/blueberry-muffins/,https://staging.lacuisinedebernard.com/blueberry-muffins
https://lacuisinedebernard.com/gofres-de-flandes-con-vainilla,https://staging.lacuisinedebernard.com/gofres-de-flandes-con-vainilla
https://lacuisinedebernard.com/gofres-de-flandes-con-vainilla/,https://staging.lacuisinedebernard.com/gofres-de-flandes-con-vainilla
https://www.lacuisinedebernard.com/gofres-de-flandes-con-vainilla,https://staging.lacuisinedebernard.com/gofres-de-flandes-con-vainilla
https://www.lacuisinedebernard.com/gofres-de-flandes-con-vainilla/,https://staging.lacuisinedebernard.com/gofres-de-flandes-con-vainilla
https://lacuisinedebernard.com/papoula-vanila-paozinho,https://staging.lacuisinedebernard.com/papoula-vanila-paozinho
https://lacuisinedebernard.com/papoula-vanila-paozinho/,https://staging.lacuisinedebernard.com/papoula-vanila-paozinho
https://www.lacuisinedebernard.com/papoula-vanila-paozinho,https://staging.lacuisinedebernard.com/papoula-vanila-paozinho
https://www.lacuisinedebernard.com/papoula-vanila-paozinho/,https://staging.lacuisinedebernard.com/papoula-vanila-paozinho
https://lacuisinedebernard.com/%d8%b3%d9%84%d9%85%d9%88%d9%86-%d8%aa%d8%b1%d9%8a%d8%a7%d9%83%d9%8a-%d9%86%d8%b5%d9%81-%d9%85%d8%b7%d8%a8%d9%88%d8%ae,https://staging.lacuisinedebernard.com/%d8%b3%d9%84%d9%85%d9%88%d9%86-%d8%aa%d8%b1%d9%8a%d8%a7%d9%83%d9%8a-%d9%86%d8%b5%d9%81-%d9%85%d8%b7%d8%a8%d9%88%d8%ae
https://lacuisinedebernard.com/%d8%b3%d9%84%d9%85%d9%88%d9%86-%d8%aa%d8%b1%d9%8a%d8%a7%d9%83%d9%8a-%d9%86%d8%b5%d9%81-%d9%85%d8%b7%d8%a8%d9%88%d8%ae/,https://staging.lacuisinedebernard.com/%d8%b3%d9%84%d9%85%d9%88%d9%86-%d8%aa%d8%b1%d9%8a%d8%a7%d9%83%d9%8a-%d9%86%d8%b5%d9%81-%d9%85%d8%b7%d8%a8%d9%88%d8%ae
https://www.lacuisinedebernard.com/%d8%b3%d9%84%d9%85%d9%88%d9%86-%d8%aa%d8%b1%d9%8a%d8%a7%d9%83%d9%8a-%d9%86%d8%b5%d9%81-%d9%85%d8%b7%d8%a8%d9%88%d8%ae,https://staging.lacuisinedebernard.com/%d8%b3%d9%84%d9%85%d9%88%d9%86-%d8%aa%d8%b1%d9%8a%d8%a7%d9%83%d9%8a-%d9%86%d8%b5%d9%81-%d9%85%d8%b7%d8%a8%d9%88%d8%ae
https://www.lacuisinedebernard.com/%d8%b3%d9%84%d9%85%d9%88%d9%86-%d8%aa%d8%b1%d9%8a%d8%a7%d9%83%d9%8a-%d9%86%d8%b5%d9%81-%d9%85%d8%b7%d8%a8%d9%88%d8%ae/,https://staging.lacuisinedebernard.com/%d8%b3%d9%84%d9%85%d9%88%d9%86-%d8%aa%d8%b1%d9%8a%d8%a7%d9%83%d9%8a-%d9%86%d8%b5%d9%81-%d9%85%d8%b7%d8%a8%d9%88%d8%ae
https://lacuisinedebernard.com/%d8%b4%d9%88%d8%b1%d8%a8%d8%a9-%d9%83%d9%88%d8%b3%d8%a9-%d8%a8%d8%a7%d8%b1%d8%af%d8%a9,https://staging.lacuisinedebernard.com/%d8%b4%d9%88%d8%b1%d8%a8%d8%a9-%d9%83%d9%88%d8%b3%d8%a9-%d8%a8%d8%a7%d8%b1%d8%af%d8%a9
https://lacuisinedebernard.com/%d8%b4%d9%88%d8%b1%d8%a8%d8%a9-%d9%83%d9%88%d8%b3%d8%a9-%d8%a8%d8%a7%d8%b1%d8%af%d8%a9/,https://staging.lacuisinedebernard.com/%d8%b4%d9%88%d8%b1%d8%a8%d8%a9-%d9%83%d9%88%d8%b3%d8%a9-%d8%a8%d8%a7%d8%b1%d8%af%d8%a9
https://www.lacuisinedebernard.com/%d8%b4%d9%88%d8%b1%d8%a8%d8%a9-%d9%83%d9%88%d8%b3%d8%a9-%d8%a8%d8%a7%d8%b1%d8%af%d8%a9,https://staging.lacuisinedebernard.com/%d8%b4%d9%88%d8%b1%d8%a8%d8%a9-%d9%83%d9%88%d8%b3%d8%a9-%d8%a8%d8%a7%d8%b1%d8%af%d8%a9
https://www.lacuisinedebernard.com/%d8%b4%d9%88%d8%b1%d8%a8%d8%a9-%d9%83%d9%88%d8%b3%d8%a9-%d8%a8%d8%a7%d8%b1%d8%af%d8%a9/,https://staging.lacuisinedebernard.com/%d8%b4%d9%88%d8%b1%d8%a8%d8%a9-%d9%83%d9%88%d8%b3%d8%a9-%d8%a8%d8%a7%d8%b1%d8%af%d8%a9
https://lacuisinedebernard.com/poppy-vanilla-shortbread,https://staging.lacuisinedebernard.com/poppy-vanilla-shortbread
https://lacuisinedebernard.com/poppy-vanilla-shortbread/,https://staging.lacuisinedebernard.com/poppy-vanilla-shortbread
https://www.lacuisinedebernard.com/poppy-vanilla-shortbread,https://staging.lacuisinedebernard.com/poppy-vanilla-shortbread
https://www.lacuisinedebernard.com/poppy-vanilla-shortbread/,https://staging.lacuisinedebernard.com/poppy-vanilla-shortbread
https://lacuisinedebernard.com/waffles-flamengos-com-baunilha,https://staging.lacuisinedebernard.com/waffles-flamengos-com-baunilha
https://lacuisinedebernard.com/waffles-flamengos-com-baunilha/,https://staging.lacuisinedebernard.com/waffles-flamengos-com-baunilha
https://www.lacuisinedebernard.com/waffles-flamengos-com-baunilha,https://staging.lacuisinedebernard.com/waffles-flamengos-com-baunilha
https://www.lacuisinedebernard.com/waffles-flamengos-com-baunilha/,https://staging.lacuisinedebernard.com/waffles-flamengos-com-baunilha
https://lacuisinedebernard.com/%d9%83%d8%b9%d9%83%d8%a9-%d8%a8%d8%a7%d9%84%d8%aa%d9%88%d8%aa-%d8%a7%d9%84%d8%a8%d8%b1%d9%8a,https://staging.lacuisinedebernard.com/%d9%83%d8%b9%d9%83%d8%a9-%d8%a8%d8%a7%d9%84%d8%aa%d9%88%d8%aa-%d8%a7%d9%84%d8%a8%d8%b1%d9%8a
https://lacuisinedebernard.com/%d9%83%d8%b9%d9%83%d8%a9-%d8%a8%d8%a7%d9%84%d8%aa%d9%88%d8%aa-%d8%a7%d9%84%d8%a8%d8%b1%d9%8a/,https://staging.lacuisinedebernard.com/%d9%83%d8%b9%d9%83%d8%a9-%d8%a8%d8%a7%d9%84%d8%aa%d9%88%d8%aa-%d8%a7%d9%84%d8%a8%d8%b1%d9%8a
https://www.lacuisinedebernard.com/%d9%83%d8%b9%d9%83%d8%a9-%d8%a8%d8%a7%d9%84%d8%aa%d9%88%d8%aa-%d8%a7%d9%84%d8%a8%d8%b1%d9%8a,https://staging.lacuisinedebernard.com/%d9%83%d8%b9%d9%83%d8%a9-%d8%a8%d8%a7%d9%84%d8%aa%d9%88%d8%aa-%d8%a7%d9%84%d8%a8%d8%b1%d9%8a
https://www.lacuisinedebernard.com/%d9%83%d8%b9%d9%83%d8%a9-%d8%a8%d8%a7%d9%84%d8%aa%d9%88%d8%aa-%d8%a7%d9%84%d8%a8%d8%b1%d9%8a/,https://staging.lacuisinedebernard.com/%d9%83%d8%b9%d9%83%d8%a9-%d8%a8%d8%a7%d9%84%d8%aa%d9%88%d8%aa-%d8%a7%d9%84%d8%a8%d8%b1%d9%8a
https://lacuisinedebernard.com/guacamole,https://staging.lacuisinedebernard.com/guacamole
https://lacuisinedebernard.com/guacamole/,https://staging.lacuisinedebernard.com/guacamole
https://www.lacuisinedebernard.com/guacamole,https://staging.lacuisinedebernard.com/guacamole
https://www.lacuisinedebernard.com/guacamole/,https://staging.lacuisinedebernard.com/guacamole
https://lacuisinedebernard.com/%d8%b3%d9%8a%d8%a7%d8%aa%d9%84,https://staging.lacuisinedebernard.com/%d8%b3%d9%8a%d8%a7%d8%aa%d9%84
https://lacuisinedebernard.com/%d8%b3%d9%8a%d8%a7%d8%aa%d9%84/,https://staging.lacuisinedebernard.com/%d8%b3%d9%8a%d8%a7%d8%aa%d9%84
https://www.lacuisinedebernard.com/%d8%b3%d9%8a%d8%a7%d8%aa%d9%84,https://staging.lacuisinedebernard.com/%d8%b3%d9%8a%d8%a7%d8%aa%d9%84
https://www.lacuisinedebernard.com/%d8%b3%d9%8a%d8%a7%d8%aa%d9%84/,https://staging.lacuisinedebernard.com/%d8%b3%d9%8a%d8%a7%d8%aa%d9%84
https://lacuisinedebernard.com/%d8%b4%d9%88%d8%b1%d8%aa%d8%a8%d8%b1%d9%8a%d8%af-%d8%a7%d9%84%d8%ae%d8%b4%d8%ae%d8%a7%d8%b4-%d9%88%d8%a7%d9%84%d9%81%d8%a7%d9%86%d9%8a%d9%84%d9%8a%d8%a7,https://staging.lacuisinedebernard.com/%d8%b4%d9%88%d8%b1%d8%aa%d8%a8%d8%b1%d9%8a%d8%af-%d8%a7%d9%84%d8%ae%d8%b4%d8%ae%d8%a7%d8%b4-%d9%88%d8%a7%d9%84%d9%81%d8%a7%d9%86%d9%8a%d9%84%d9%8a%d8%a7
https://lacuisinedebernard.com/%d8%b4%d9%88%d8%b1%d8%aa%d8%a8%d8%b1%d9%8a%d8%af-%d8%a7%d9%84%d8%ae%d8%b4%d8%ae%d8%a7%d8%b4-%d9%88%d8%a7%d9%84%d9%81%d8%a7%d9%86%d9%8a%d9%84%d9%8a%d8%a7/,https://staging.lacuisinedebernard.com/%d8%b4%d9%88%d8%b1%d8%aa%d8%a8%d8%b1%d9%8a%d8%af-%d8%a7%d9%84%d8%ae%d8%b4%d8%ae%d8%a7%d8%b4-%d9%88%d8%a7%d9%84%d9%81%d8%a7%d9%86%d9%8a%d9%84%d9%8a%d8%a7
https://www.lacuisinedebernard.com/%d8%b4%d9%88%d8%b1%d8%aa%d8%a8%d8%b1%d9%8a%d8%af-%d8%a7%d9%84%d8%ae%d8%b4%d8%ae%d8%a7%d8%b4-%d9%88%d8%a7%d9%84%d9%81%d8%a7%d9%86%d9%8a%d9%84%d9%8a%d8%a7,https://staging.lacuisinedebernard.com/%d8%b4%d9%88%d8%b1%d8%aa%d8%a8%d8%b1%d9%8a%d8%af-%d8%a7%d9%84%d8%ae%d8%b4%d8%ae%d8%a7%d8%b4-%d9%88%d8%a7%d9%84%d9%81%d8%a7%d9%86%d9%8a%d9%84%d9%8a%d8%a7
https://www.lacuisinedebernard.com/%d8%b4%d9%88%d8%b1%d8%aa%d8%a8%d8%b1%d9%8a%d8%af-%d8%a7%d9%84%d8%ae%d8%b4%d8%ae%d8%a7%d8%b4-%d9%88%d8%a7%d9%84%d9%81%d8%a7%d9%86%d9%8a%d9%84%d9%8a%d8%a7/,https://staging.lacuisinedebernard.com/%d8%b4%d9%88%d8%b1%d8%aa%d8%a8%d8%b1%d9%8a%d8%af-%d8%a7%d9%84%d8%ae%d8%b4%d8%ae%d8%a7%d8%b4-%d9%88%d8%a7%d9%84%d9%81%d8%a7%d9%86%d9%8a%d9%84%d9%8a%d8%a7
https://lacuisinedebernard.com/salmon-teriyaki-a-medio-cocer,https://staging.lacuisinedebernard.com/salmon-teriyaki-a-medio-cocer
https://lacuisinedebernard.com/salmon-teriyaki-a-medio-cocer/,https://staging.lacuisinedebernard.com/salmon-teriyaki-a-medio-cocer
https://www.lacuisinedebernard.com/salmon-teriyaki-a-medio-cocer,https://staging.lacuisinedebernard.com/salmon-teriyaki-a-medio-cocer
https://www.lacuisinedebernard.com/salmon-teriyaki-a-medio-cocer/,https://staging.lacuisinedebernard.com/salmon-teriyaki-a-medio-cocer
https://lacuisinedebernard.com/muffins-de-chocolate-blanco-y-frambuesa,https://staging.lacuisinedebernard.com/muffins-de-chocolate-blanco-y-frambuesa
https://lacuisinedebernard.com/muffins-de-chocolate-blanco-y-frambuesa/,https://staging.lacuisinedebernard.com/muffins-de-chocolate-blanco-y-frambuesa
https://www.lacuisinedebernard.com/muffins-de-chocolate-blanco-y-frambuesa,https://staging.lacuisinedebernard.com/muffins-de-chocolate-blanco-y-frambuesa
https://www.lacuisinedebernard.com/muffins-de-chocolate-blanco-y-frambuesa/,https://staging.lacuisinedebernard.com/muffins-de-chocolate-blanco-y-frambuesa
https://lacuisinedebernard.com/flemish-waffles-with-vanilla,https://staging.lacuisinedebernard.com/flemish-waffles-with-vanilla
https://lacuisinedebernard.com/flemish-waffles-with-vanilla/,https://staging.lacuisinedebernard.com/flemish-waffles-with-vanilla
https://www.lacuisinedebernard.com/flemish-waffles-with-vanilla,https://staging.lacuisinedebernard.com/flemish-waffles-with-vanilla
https://www.lacuisinedebernard.com/flemish-waffles-with-vanilla/,https://staging.lacuisinedebernard.com/flemish-waffles-with-vanilla
https://lacuisinedebernard.com/muffins-de-framboesa-de-chocolate-branco,https://staging.lacuisinedebernard.com/muffins-de-framboesa-de-chocolate-branco
https://lacuisinedebernard.com/muffins-de-framboesa-de-chocolate-branco/,https://staging.lacuisinedebernard.com/muffins-de-framboesa-de-chocolate-branco
https://www.lacuisinedebernard.com/muffins-de-framboesa-de-chocolate-branco,https://staging.lacuisinedebernard.com/muffins-de-framboesa-de-chocolate-branco
https://www.lacuisinedebernard.com/muffins-de-framboesa-de-chocolate-branco/,https://staging.lacuisinedebernard.com/muffins-de-framboesa-de-chocolate-branco
https://lacuisinedebernard.com/muffins-de-arandanos,https://staging.lacuisinedebernard.com/muffins-de-arandanos
https://lacuisinedebernard.com/muffins-de-arandanos/,https://staging.lacuisinedebernard.com/muffins-de-arandanos
https://www.lacuisinedebernard.com/muffins-de-arandanos,https://staging.lacuisinedebernard.com/muffins-de-arandanos
https://www.lacuisinedebernard.com/muffins-de-arandanos/,https://staging.lacuisinedebernard.com/muffins-de-arandanos
https://lacuisinedebernard.com/%d9%88%d8%a7%d9%81%d9%84-%d8%a7%d9%84%d9%81%d8%a7%d9%86%d9%8a%d9%84%d9%8a%d8%a7-%d8%a7%d9%84%d9%81%d9%84%d9%85%d9%86%d9%83%d9%8a%d8%a9,https://staging.lacuisinedebernard.com/%d9%88%d8%a7%d9%81%d9%84-%d8%a7%d9%84%d9%81%d8%a7%d9%86%d9%8a%d9%84%d9%8a%d8%a7-%d8%a7%d9%84%d9%81%d9%84%d9%85%d9%86%d9%83%d9%8a%d8%a9
https://lacuisinedebernard.com/%d9%88%d8%a7%d9%81%d9%84-%d8%a7%d9%84%d9%81%d8%a7%d9%86%d9%8a%d9%84%d9%8a%d8%a7-%d8%a7%d9%84%d9%81%d9%84%d9%85%d9%86%d9%83%d9%8a%d8%a9/,https://staging.lacuisinedebernard.com/%d9%88%d8%a7%d9%81%d9%84-%d8%a7%d9%84%d9%81%d8%a7%d9%86%d9%8a%d9%84%d9%8a%d8%a7-%d8%a7%d9%84%d9%81%d9%84%d9%85%d9%86%d9%83%d9%8a%d8%a9
https://www.lacuisinedebernard.com/%d9%88%d8%a7%d9%81%d9%84-%d8%a7%d9%84%d9%81%d8%a7%d9%86%d9%8a%d9%84%d9%8a%d8%a7-%d8%a7%d9%84%d9%81%d9%84%d9%85%d9%86%d9%83%d9%8a%d8%a9,https://staging.lacuisinedebernard.com/%d9%88%d8%a7%d9%81%d9%84-%d8%a7%d9%84%d9%81%d8%a7%d9%86%d9%8a%d9%84%d9%8a%d8%a7-%d8%a7%d9%84%d9%81%d9%84%d9%85%d9%86%d9%83%d9%8a%d8%a9
https://www.lacuisinedebernard.com/%d9%88%d8%a7%d9%81%d9%84-%d8%a7%d9%84%d9%81%d8%a7%d9%86%d9%8a%d9%84%d9%8a%d8%a7-%d8%a7%d9%84%d9%81%d9%84%d9%85%d9%86%d9%83%d9%8a%d8%a9/,https://staging.lacuisinedebernard.com/%d9%88%d8%a7%d9%81%d9%84-%d8%a7%d9%84%d9%81%d8%a7%d9%86%d9%8a%d9%84%d9%8a%d8%a7-%d8%a7%d9%84%d9%81%d9%84%d9%85%d9%86%d9%83%d9%8a%d8%a9
https://lacuisinedebernard.com/salmao-teriyaki-meio-cozinhado,https://staging.lacuisinedebernard.com/salmao-teriyaki-meio-cozinhado
https://lacuisinedebernard.com/salmao-teriyaki-meio-cozinhado/,https://staging.lacuisinedebernard.com/salmao-teriyaki-meio-cozinhado
https://www.lacuisinedebernard.com/salmao-teriyaki-meio-cozinhado,https://staging.lacuisinedebernard.com/salmao-teriyaki-meio-cozinhado
https://www.lacuisinedebernard.com/salmao-teriyaki-meio-cozinhado/,https://staging.lacuisinedebernard.com/salmao-teriyaki-meio-cozinhado
https://lacuisinedebernard.com/sopa-fria-de-calabacin,https://staging.lacuisinedebernard.com/sopa-fria-de-calabacin
https://lacuisinedebernard.com/sopa-fria-de-calabacin/,https://staging.lacuisinedebernard.com/sopa-fria-de-calabacin
https://www.lacuisinedebernard.com/sopa-fria-de-calabacin,https://staging.lacuisinedebernard.com/sopa-fria-de-calabacin
https://www.lacuisinedebernard.com/sopa-fria-de-calabacin/,https://staging.lacuisinedebernard.com/sopa-fria-de-calabacin
https://lacuisinedebernard.com/la-cuisine-de-bernards-contests,https://staging.lacuisinedebernard.com/la-cuisine-de-bernards-contests
https://lacuisinedebernard.com/la-cuisine-de-bernards-contests/,https://staging.lacuisinedebernard.com/la-cuisine-de-bernards-contests
https://www.lacuisinedebernard.com/la-cuisine-de-bernards-contests,https://staging.lacuisinedebernard.com/la-cuisine-de-bernards-contests
https://www.lacuisinedebernard.com/la-cuisine-de-bernards-contests/,https://staging.lacuisinedebernard.com/la-cuisine-de-bernards-contests
https://lacuisinedebernard.com/%d9%85%d8%b1%d8%a7%d8%ac%d8%b9%d8%a9-%d8%a7%d9%84%d8%b5%d8%ad%d8%a7%d9%81%d8%a9,https://staging.lacuisinedebernard.com/%d9%85%d8%b1%d8%a7%d8%ac%d8%b9%d8%a9-%d8%a7%d9%84%d8%b5%d8%ad%d8%a7%d9%81%d8%a9
https://lacuisinedebernard.com/%d9%85%d8%b1%d8%a7%d8%ac%d8%b9%d8%a9-%d8%a7%d9%84%d8%b5%d8%ad%d8%a7%d9%81%d8%a9/,https://staging.lacuisinedebernard.com/%d9%85%d8%b1%d8%a7%d8%ac%d8%b9%d8%a9-%d8%a7%d9%84%d8%b5%d8%ad%d8%a7%d9%81%d8%a9
https://www.lacuisinedebernard.com/%d9%85%d8%b1%d8%a7%d8%ac%d8%b9%d8%a9-%d8%a7%d9%84%d8%b5%d8%ad%d8%a7%d9%81%d8%a9,https://staging.lacuisinedebernard.com/%d9%85%d8%b1%d8%a7%d8%ac%d8%b9%d8%a9-%d8%a7%d9%84%d8%b5%d8%ad%d8%a7%d9%81%d8%a9
https://www.lacuisinedebernard.com/%d9%85%d8%b1%d8%a7%d8%ac%d8%b9%d8%a9-%d8%a7%d9%84%d8%b5%d8%ad%d8%a7%d9%81%d8%a9/,https://staging.lacuisinedebernard.com/%d9%85%d8%b1%d8%a7%d8%ac%d8%b9%d8%a9-%d8%a7%d9%84%d8%b5%d8%ad%d8%a7%d9%81%d8%a9
https://lacuisinedebernard.com/%d8%b4%d9%88%d8%b1%d8%aa%d8%a8%d8%b1%d8%af-%d8%a8%d8%a7%d9%84%d8%b3%d9%85%d8%b3%d9%85-%d8%a7%d9%84%d9%85%d8%ad%d9%85%d8%b5,https://staging.lacuisinedebernard.com/%d8%b4%d9%88%d8%b1%d8%aa%d8%a8%d8%b1%d8%af-%d8%a8%d8%a7%d9%84%d8%b3%d9%85%d8%b3%d9%85-%d8%a7%d9%84%d9%85%d8%ad%d9%85%d8%b5
https://lacuisinedebernard.com/%d8%b4%d9%88%d8%b1%d8%aa%d8%a8%d8%b1%d8%af-%d8%a8%d8%a7%d9%84%d8%b3%d9%85%d8%b3%d9%85-%d8%a7%d9%84%d9%85%d8%ad%d9%85%d8%b5/,https://staging.lacuisinedebernard.com/%d8%b4%d9%88%d8%b1%d8%aa%d8%a8%d8%b1%d8%af-%d8%a8%d8%a7%d9%84%d8%b3%d9%85%d8%b3%d9%85-%d8%a7%d9%84%d9%85%d8%ad%d9%85%d8%b5
https://www.lacuisinedebernard.com/%d8%b4%d9%88%d8%b1%d8%aa%d8%a8%d8%b1%d8%af-%d8%a8%d8%a7%d9%84%d8%b3%d9%85%d8%b3%d9%85-%d8%a7%d9%84%d9%85%d8%ad%d9%85%d8%b5,https://staging.lacuisinedebernard.com/%d8%b4%d9%88%d8%b1%d8%aa%d8%a8%d8%b1%d8%af-%d8%a8%d8%a7%d9%84%d8%b3%d9%85%d8%b3%d9%85-%d8%a7%d9%84%d9%85%d8%ad%d9%85%d8%b5
https://www.lacuisinedebernard.com/%d8%b4%d9%88%d8%b1%d8%aa%d8%a8%d8%b1%d8%af-%d8%a8%d8%a7%d9%84%d8%b3%d9%85%d8%b3%d9%85-%d8%a7%d9%84%d9%85%d8%ad%d9%85%d8%b5/,https://staging.lacuisinedebernard.com/%d8%b4%d9%88%d8%b1%d8%aa%d8%a8%d8%b1%d8%af-%d8%a8%d8%a7%d9%84%d8%b3%d9%85%d8%b3%d9%85-%d8%a7%d9%84%d9%85%d8%ad%d9%85%d8%b5
https://lacuisinedebernard.com/sao-paulo,https://staging.lacuisinedebernard.com/sao-paulo
https://lacuisinedebernard.com/sao-paulo/,https://staging.lacuisinedebernard.com/sao-paulo
https://www.lacuisinedebernard.com/sao-paulo,https://staging.lacuisinedebernard.com/sao-paulo
https://www.lacuisinedebernard.com/sao-paulo/,https://staging.lacuisinedebernard.com/sao-paulo
https://lacuisinedebernard.com/bollos-de-jarabe-de-arce-y-nueces,https://staging.lacuisinedebernard.com/bollos-de-jarabe-de-arce-y-nueces
https://lacuisinedebernard.com/bollos-de-jarabe-de-arce-y-nueces/,https://staging.lacuisinedebernard.com/bollos-de-jarabe-de-arce-y-nueces
https://www.lacuisinedebernard.com/bollos-de-jarabe-de-arce-y-nueces,https://staging.lacuisinedebernard.com/bollos-de-jarabe-de-arce-y-nueces
https://www.lacuisinedebernard.com/bollos-de-jarabe-de-arce-y-nueces/,https://staging.lacuisinedebernard.com/bollos-de-jarabe-de-arce-y-nueces
https://lacuisinedebernard.com/%d8%b3%d9%84%d8%b7%d8%a9-%d8%a7%d9%84%d9%83%d8%b1%d9%86%d8%a8,https://staging.lacuisinedebernard.com/%d8%b3%d9%84%d8%b7%d8%a9-%d8%a7%d9%84%d9%83%d8%b1%d9%86%d8%a8
https://lacuisinedebernard.com/%d8%b3%d9%84%d8%b7%d8%a9-%d8%a7%d9%84%d9%83%d8%b1%d9%86%d8%a8/,https://staging.lacuisinedebernard.com/%d8%b3%d9%84%d8%b7%d8%a9-%d8%a7%d9%84%d9%83%d8%b1%d9%86%d8%a8
https://www.lacuisinedebernard.com/%d8%b3%d9%84%d8%b7%d8%a9-%d8%a7%d9%84%d9%83%d8%b1%d9%86%d8%a8,https://staging.lacuisinedebernard.com/%d8%b3%d9%84%d8%b7%d8%a9-%d8%a7%d9%84%d9%83%d8%b1%d9%86%d8%a8
https://www.lacuisinedebernard.com/%d8%b3%d9%84%d8%b7%d8%a9-%d8%a7%d9%84%d9%83%d8%b1%d9%86%d8%a8/,https://staging.lacuisinedebernard.com/%d8%b3%d9%84%d8%b7%d8%a9-%d8%a7%d9%84%d9%83%d8%b1%d9%86%d8%a8
https://lacuisinedebernard.com/indias-occidentales,https://staging.lacuisinedebernard.com/indias-occidentales
https://lacuisinedebernard.com/indias-occidentales/,https://staging.lacuisinedebernard.com/indias-occidentales
https://www.lacuisinedebernard.com/indias-occidentales,https://staging.lacuisinedebernard.com/indias-occidentales
https://www.lacuisinedebernard.com/indias-occidentales/,https://staging.lacuisinedebernard.com/indias-occidentales
https://lacuisinedebernard.com/katsudon,https://staging.lacuisinedebernard.com/katsudon
https://lacuisinedebernard.com/katsudon/,https://staging.lacuisinedebernard.com/katsudon
https://www.lacuisinedebernard.com/katsudon,https://staging.lacuisinedebernard.com/katsudon
https://www.lacuisinedebernard.com/katsudon/,https://staging.lacuisinedebernard.com/katsudon
https://lacuisinedebernard.com/creme-brulee,https://staging.lacuisinedebernard.com/creme-brulee
https://lacuisinedebernard.com/creme-brulee/,https://staging.lacuisinedebernard.com/creme-brulee
https://www.lacuisinedebernard.com/creme-brulee,https://staging.lacuisinedebernard.com/creme-brulee
https://www.lacuisinedebernard.com/creme-brulee/,https://staging.lacuisinedebernard.com/creme-brulee
https://lacuisinedebernard.com/white-chocolate-raspberry-muffins,https://staging.lacuisinedebernard.com/white-chocolate-raspberry-muffins
https://lacuisinedebernard.com/white-chocolate-raspberry-muffins/,https://staging.lacuisinedebernard.com/white-chocolate-raspberry-muffins
https://www.lacuisinedebernard.com/white-chocolate-raspberry-muffins,https://staging.lacuisinedebernard.com/white-chocolate-raspberry-muffins
https://www.lacuisinedebernard.com/white-chocolate-raspberry-muffins/,https://staging.lacuisinedebernard.com/white-chocolate-raspberry-muffins
https://lacuisinedebernard.com/%d9%85%d8%b3%d8%a7%d8%a8%d9%82%d8%a7%d8%aa-%d8%a8%d8%b1%d9%86%d8%a7%d8%b1%d8%af-%d9%84%d9%84%d8%b7%d8%a8%d8%ae,https://staging.lacuisinedebernard.com/%d9%85%d8%b3%d8%a7%d8%a8%d9%82%d8%a7%d8%aa-%d8%a8%d8%b1%d9%86%d8%a7%d8%b1%d8%af-%d9%84%d9%84%d8%b7%d8%a8%d8%ae
https://lacuisinedebernard.com/%d9%85%d8%b3%d8%a7%d8%a8%d9%82%d8%a7%d8%aa-%d8%a8%d8%b1%d9%86%d8%a7%d8%b1%d8%af-%d9%84%d9%84%d8%b7%d8%a8%d8%ae/,https://staging.lacuisinedebernard.com/%d9%85%d8%b3%d8%a7%d8%a8%d9%82%d8%a7%d8%aa-%d8%a8%d8%b1%d9%86%d8%a7%d8%b1%d8%af-%d9%84%d9%84%d8%b7%d8%a8%d8%ae
https://www.lacuisinedebernard.com/%d9%85%d8%b3%d8%a7%d8%a8%d9%82%d8%a7%d8%aa-%d8%a8%d8%b1%d9%86%d8%a7%d8%b1%d8%af-%d9%84%d9%84%d8%b7%d8%a8%d8%ae,https://staging.lacuisinedebernard.com/%d9%85%d8%b3%d8%a7%d8%a8%d9%82%d8%a7%d8%aa-%d8%a8%d8%b1%d9%86%d8%a7%d8%b1%d8%af-%d9%84%d9%84%d8%b7%d8%a8%d8%ae
https://www.lacuisinedebernard.com/%d9%85%d8%b3%d8%a7%d8%a8%d9%82%d8%a7%d8%aa-%d8%a8%d8%b1%d9%86%d8%a7%d8%b1%d8%af-%d9%84%d9%84%d8%b7%d8%a8%d8%ae/,https://staging.lacuisinedebernard.com/%d9%85%d8%b3%d8%a7%d8%a8%d9%82%d8%a7%d8%aa-%d8%a8%d8%b1%d9%86%d8%a7%d8%b1%d8%af-%d9%84%d9%84%d8%b7%d8%a8%d8%ae
https://lacuisinedebernard.com/sorbete-de-fresa,https://staging.lacuisinedebernard.com/sorbete-de-fresa
https://lacuisinedebernard.com/sorbete-de-fresa/,https://staging.lacuisinedebernard.com/sorbete-de-fresa
https://www.lacuisinedebernard.com/sorbete-de-fresa,https://staging.lacuisinedebernard.com/sorbete-de-fresa
https://www.lacuisinedebernard.com/sorbete-de-fresa/,https://staging.lacuisinedebernard.com/sorbete-de-fresa
https://lacuisinedebernard.com/indias-ocidentais,https://staging.lacuisinedebernard.com/indias-ocidentais
https://lacuisinedebernard.com/indias-ocidentais/,https://staging.lacuisinedebernard.com/indias-ocidentais
https://www.lacuisinedebernard.com/indias-ocidentais,https://staging.lacuisinedebernard.com/indias-ocidentais
https://www.lacuisinedebernard.com/indias-ocidentais/,https://staging.lacuisinedebernard.com/indias-ocidentais
https://lacuisinedebernard.com/montreal,https://staging.lacuisinedebernard.com/montreal
https://lacuisinedebernard.com/montreal/,https://staging.lacuisinedebernard.com/montreal
https://www.lacuisinedebernard.com/montreal,https://staging.lacuisinedebernard.com/montreal
https://www.lacuisinedebernard.com/montreal/,https://staging.lacuisinedebernard.com/montreal
https://lacuisinedebernard.com/xarope-de-acer-e-pecan-scones,https://staging.lacuisinedebernard.com/xarope-de-acer-e-pecan-scones
https://lacuisinedebernard.com/xarope-de-acer-e-pecan-scones/,https://staging.lacuisinedebernard.com/xarope-de-acer-e-pecan-scones
https://www.lacuisinedebernard.com/xarope-de-acer-e-pecan-scones,https://staging.lacuisinedebernard.com/xarope-de-acer-e-pecan-scones
https://www.lacuisinedebernard.com/xarope-de-acer-e-pecan-scones/,https://staging.lacuisinedebernard.com/xarope-de-acer-e-pecan-scones
https://lacuisinedebernard.com/fondo-de-la-alcachofa-de-noruega,https://staging.lacuisinedebernard.com/fondo-de-la-alcachofa-de-noruega
https://lacuisinedebernard.com/fondo-de-la-alcachofa-de-noruega/,https://staging.lacuisinedebernard.com/fondo-de-la-alcachofa-de-noruega
https://www.lacuisinedebernard.com/fondo-de-la-alcachofa-de-noruega,https://staging.lacuisinedebernard.com/fondo-de-la-alcachofa-de-noruega
https://www.lacuisinedebernard.com/fondo-de-la-alcachofa-de-noruega/,https://staging.lacuisinedebernard.com/fondo-de-la-alcachofa-de-noruega
https://lacuisinedebernard.com/%d9%83%d8%b3%d8%aa%d8%a7%d8%b1%d8%af-%d9%85%d8%ad%d9%84%d9%89-%d8%a8%d8%a7%d9%84%d9%83%d8%b1%d8%a7%d9%85%d9%8a%d9%84,https://staging.lacuisinedebernard.com/%d9%83%d8%b3%d8%aa%d8%a7%d8%b1%d8%af-%d9%85%d8%ad%d9%84%d9%89-%d8%a8%d8%a7%d9%84%d9%83%d8%b1%d8%a7%d9%85%d9%8a%d9%84
https://lacuisinedebernard.com/%d9%83%d8%b3%d8%aa%d8%a7%d8%b1%d8%af-%d9%85%d8%ad%d9%84%d9%89-%d8%a8%d8%a7%d9%84%d9%83%d8%b1%d8%a7%d9%85%d9%8a%d9%84/,https://staging.lacuisinedebernard.com/%d9%83%d8%b3%d8%aa%d8%a7%d8%b1%d8%af-%d9%85%d8%ad%d9%84%d9%89-%d8%a8%d8%a7%d9%84%d9%83%d8%b1%d8%a7%d9%85%d9%8a%d9%84
https://www.lacuisinedebernard.com/%d9%83%d8%b3%d8%aa%d8%a7%d8%b1%d8%af-%d9%85%d8%ad%d9%84%d9%89-%d8%a8%d8%a7%d9%84%d9%83%d8%b1%d8%a7%d9%85%d9%8a%d9%84,https://staging.lacuisinedebernard.com/%d9%83%d8%b3%d8%aa%d8%a7%d8%b1%d8%af-%d9%85%d8%ad%d9%84%d9%89-%d8%a8%d8%a7%d9%84%d9%83%d8%b1%d8%a7%d9%85%d9%8a%d9%84
https://www.lacuisinedebernard.com/%d9%83%d8%b3%d8%aa%d8%a7%d8%b1%d8%af-%d9%85%d8%ad%d9%84%d9%89-%d8%a8%d8%a7%d9%84%d9%83%d8%b1%d8%a7%d9%85%d9%8a%d9%84/,https://staging.lacuisinedebernard.com/%d9%83%d8%b3%d8%aa%d8%a7%d8%b1%d8%af-%d9%85%d8%ad%d9%84%d9%89-%d8%a8%d8%a7%d9%84%d9%83%d8%b1%d8%a7%d9%85%d9%8a%d9%84
https://lacuisinedebernard.com/%d9%85%d8%a7%d9%81%d9%86-%d8%a7%d9%84%d8%aa%d9%88%d8%aa-%d8%a8%d8%a7%d9%84%d8%b4%d9%88%d9%83%d9%88%d9%84%d8%a7%d8%aa%d8%a9-%d8%a7%d9%84%d8%a8%d9%8a%d8%b6%d8%a7%d8%a1,https://staging.lacuisinedebernard.com/%d9%85%d8%a7%d9%81%d9%86-%d8%a7%d9%84%d8%aa%d9%88%d8%aa-%d8%a8%d8%a7%d9%84%d8%b4%d9%88%d9%83%d9%88%d9%84%d8%a7%d8%aa%d8%a9-%d8%a7%d9%84%d8%a8%d9%8a%d8%b6%d8%a7%d8%a1
https://lacuisinedebernard.com/%d9%85%d8%a7%d9%81%d9%86-%d8%a7%d9%84%d8%aa%d9%88%d8%aa-%d8%a8%d8%a7%d9%84%d8%b4%d9%88%d9%83%d9%88%d9%84%d8%a7%d8%aa%d8%a9-%d8%a7%d9%84%d8%a8%d9%8a%d8%b6%d8%a7%d8%a1/,https://staging.lacuisinedebernard.com/%d9%85%d8%a7%d9%81%d9%86-%d8%a7%d9%84%d8%aa%d9%88%d8%aa-%d8%a8%d8%a7%d9%84%d8%b4%d9%88%d9%83%d9%88%d9%84%d8%a7%d8%aa%d8%a9-%d8%a7%d9%84%d8%a8%d9%8a%d8%b6%d8%a7%d8%a1
https://www.lacuisinedebernard.com/%d9%85%d8%a7%d9%81%d9%86-%d8%a7%d9%84%d8%aa%d9%88%d8%aa-%d8%a8%d8%a7%d9%84%d8%b4%d9%88%d9%83%d9%88%d9%84%d8%a7%d8%aa%d8%a9-%d8%a7%d9%84%d8%a8%d9%8a%d8%b6%d8%a7%d8%a1,https://staging.lacuisinedebernard.com/%d9%85%d8%a7%d9%81%d9%86-%d8%a7%d9%84%d8%aa%d9%88%d8%aa-%d8%a8%d8%a7%d9%84%d8%b4%d9%88%d9%83%d9%88%d9%84%d8%a7%d8%aa%d8%a9-%d8%a7%d9%84%d8%a8%d9%8a%d8%b6%d8%a7%d8%a1
https://www.lacuisinedebernard.com/%d9%85%d8%a7%d9%81%d9%86-%d8%a7%d9%84%d8%aa%d9%88%d8%aa-%d8%a8%d8%a7%d9%84%d8%b4%d9%88%d9%83%d9%88%d9%84%d8%a7%d8%aa%d8%a9-%d8%a7%d9%84%d8%a8%d9%8a%d8%b6%d8%a7%d8%a1/,https://staging.lacuisinedebernard.com/%d9%85%d8%a7%d9%81%d9%86-%d8%a7%d9%84%d8%aa%d9%88%d8%aa-%d8%a8%d8%a7%d9%84%d8%b4%d9%88%d9%83%d9%88%d9%84%d8%a7%d8%aa%d8%a9-%d8%a7%d9%84%d8%a8%d9%8a%d8%b6%d8%a7%d8%a1
https://lacuisinedebernard.com/la-revista-de-prensa,https://staging.lacuisinedebernard.com/la-revista-de-prensa
https://lacuisinedebernard.com/la-revista-de-prensa/,https://staging.lacuisinedebernard.com/la-revista-de-prensa
https://www.lacuisinedebernard.com/la-revista-de-prensa,https://staging.lacuisinedebernard.com/la-revista-de-prensa
https://www.lacuisinedebernard.com/la-revista-de-prensa/,https://staging.lacuisinedebernard.com/la-revista-de-prensa
https://lacuisinedebernard.com/%d8%b3%d8%a7%d9%88-%d8%a8%d8%a7%d9%88%d9%84%d9%88,https://staging.lacuisinedebernard.com/%d8%b3%d8%a7%d9%88-%d8%a8%d8%a7%d9%88%d9%84%d9%88
https://lacuisinedebernard.com/%d8%b3%d8%a7%d9%88-%d8%a8%d8%a7%d9%88%d9%84%d9%88/,https://staging.lacuisinedebernard.com/%d8%b3%d8%a7%d9%88-%d8%a8%d8%a7%d9%88%d9%84%d9%88
https://www.lacuisinedebernard.com/%d8%b3%d8%a7%d9%88-%d8%a8%d8%a7%d9%88%d9%84%d9%88,https://staging.lacuisinedebernard.com/%d8%b3%d8%a7%d9%88-%d8%a8%d8%a7%d9%88%d9%84%d9%88
https://www.lacuisinedebernard.com/%d8%b3%d8%a7%d9%88-%d8%a8%d8%a7%d9%88%d9%84%d9%88/,https://staging.lacuisinedebernard.com/%d8%b3%d8%a7%d9%88-%d8%a8%d8%a7%d9%88%d9%84%d9%88
https://lacuisinedebernard.com/west-indies,https://staging.lacuisinedebernard.com/west-indies
https://lacuisinedebernard.com/west-indies/,https://staging.lacuisinedebernard.com/west-indies
https://www.lacuisinedebernard.com/west-indies,https://staging.lacuisinedebernard.com/west-indies
https://www.lacuisinedebernard.com/west-indies/,https://staging.lacuisinedebernard.com/west-indies
https://lacuisinedebernard.com/maple-syrup-and-pecan-scones,https://staging.lacuisinedebernard.com/maple-syrup-and-pecan-scones
https://lacuisinedebernard.com/maple-syrup-and-pecan-scones/,https://staging.lacuisinedebernard.com/maple-syrup-and-pecan-scones
https://www.lacuisinedebernard.com/maple-syrup-and-pecan-scones,https://staging.lacuisinedebernard.com/maple-syrup-and-pecan-scones
https://www.lacuisinedebernard.com/maple-syrup-and-pecan-scones/,https://staging.lacuisinedebernard.com/maple-syrup-and-pecan-scones
https://lacuisinedebernard.com/%d9%83%d8%a7%d8%aa%d8%b3%d9%88%d8%af%d9%88%d9%86,https://staging.lacuisinedebernard.com/%d9%83%d8%a7%d8%aa%d8%b3%d9%88%d8%af%d9%88%d9%86
https://lacuisinedebernard.com/%d9%83%d8%a7%d8%aa%d8%b3%d9%88%d8%af%d9%88%d9%86/,https://staging.lacuisinedebernard.com/%d9%83%d8%a7%d8%aa%d8%b3%d9%88%d8%af%d9%88%d9%86
https://www.lacuisinedebernard.com/%d9%83%d8%a7%d8%aa%d8%b3%d9%88%d8%af%d9%88%d9%86,https://staging.lacuisinedebernard.com/%d9%83%d8%a7%d8%aa%d8%b3%d9%88%d8%af%d9%88%d9%86
https://www.lacuisinedebernard.com/%d9%83%d8%a7%d8%aa%d8%b3%d9%88%d8%af%d9%88%d9%86/,https://staging.lacuisinedebernard.com/%d9%83%d8%a7%d8%aa%d8%b3%d9%88%d8%af%d9%88%d9%86
https://lacuisinedebernard.com/fundo-noruegues-para-a-alcachofra,https://staging.lacuisinedebernard.com/fundo-noruegues-para-a-alcachofra
https://lacuisinedebernard.com/fundo-noruegues-para-a-alcachofra/,https://staging.lacuisinedebernard.com/fundo-noruegues-para-a-alcachofra
https://www.lacuisinedebernard.com/fundo-noruegues-para-a-alcachofra,https://staging.lacuisinedebernard.com/fundo-noruegues-para-a-alcachofra
https://www.lacuisinedebernard.com/fundo-noruegues-para-a-alcachofra/,https://staging.lacuisinedebernard.com/fundo-noruegues-para-a-alcachofra
https://lacuisinedebernard.com/ensalada-de-col,https://staging.lacuisinedebernard.com/ensalada-de-col
https://lacuisinedebernard.com/ensalada-de-col/,https://staging.lacuisinedebernard.com/ensalada-de-col
https://www.lacuisinedebernard.com/ensalada-de-col,https://staging.lacuisinedebernard.com/ensalada-de-col
https://www.lacuisinedebernard.com/ensalada-de-col/,https://staging.lacuisinedebernard.com/ensalada-de-col
https://lacuisinedebernard.com/pan-de-sesamo-tostado,https://staging.lacuisinedebernard.com/pan-de-sesamo-tostado
https://lacuisinedebernard.com/pan-de-sesamo-tostado/,https://staging.lacuisinedebernard.com/pan-de-sesamo-tostado
https://www.lacuisinedebernard.com/pan-de-sesamo-tostado,https://staging.lacuisinedebernard.com/pan-de-sesamo-tostado
https://www.lacuisinedebernard.com/pan-de-sesamo-tostado/,https://staging.lacuisinedebernard.com/pan-de-sesamo-tostado
https://lacuisinedebernard.com/%d8%a7%d9%84%d9%81%d8%b1%d8%a7%d9%88%d9%84%d8%a9-%d8%b4%d8%b1%d8%a8%d8%a7%d8%aa,https://staging.lacuisinedebernard.com/%d8%a7%d9%84%d9%81%d8%b1%d8%a7%d9%88%d9%84%d8%a9-%d8%b4%d8%b1%d8%a8%d8%a7%d8%aa
https://lacuisinedebernard.com/%d8%a7%d9%84%d9%81%d8%b1%d8%a7%d9%88%d9%84%d8%a9-%d8%b4%d8%b1%d8%a8%d8%a7%d8%aa/,https://staging.lacuisinedebernard.com/%d8%a7%d9%84%d9%81%d8%b1%d8%a7%d9%88%d9%84%d8%a9-%d8%b4%d8%b1%d8%a8%d8%a7%d8%aa
https://www.lacuisinedebernard.com/%d8%a7%d9%84%d9%81%d8%b1%d8%a7%d9%88%d9%84%d8%a9-%d8%b4%d8%b1%d8%a8%d8%a7%d8%aa,https://staging.lacuisinedebernard.com/%d8%a7%d9%84%d9%81%d8%b1%d8%a7%d9%88%d9%84%d8%a9-%d8%b4%d8%b1%d8%a8%d8%a7%d8%aa
https://www.lacuisinedebernard.com/%d8%a7%d9%84%d9%81%d8%b1%d8%a7%d9%88%d9%84%d8%a9-%d8%b4%d8%b1%d8%a8%d8%a7%d8%aa/,https://staging.lacuisinedebernard.com/%d8%a7%d9%84%d9%81%d8%b1%d8%a7%d9%88%d9%84%d8%a9-%d8%b4%d8%b1%d8%a8%d8%a7%d8%aa
https://lacuisinedebernard.com/a-revista-de-imprensa,https://staging.lacuisinedebernard.com/a-revista-de-imprensa
https://lacuisinedebernard.com/a-revista-de-imprensa/,https://staging.lacuisinedebernard.com/a-revista-de-imprensa
https://www.lacuisinedebernard.com/a-revista-de-imprensa,https://staging.lacuisinedebernard.com/a-revista-de-imprensa
https://www.lacuisinedebernard.com/a-revista-de-imprensa/,https://staging.lacuisinedebernard.com/a-revista-de-imprensa
https://lacuisinedebernard.com/%d8%ac%d8%b2%d8%b1-%d8%a7%d9%84%d9%87%d9%86%d8%af-%d8%a7%d9%84%d8%ba%d8%b1%d8%a8%d9%8a%d8%a9,https://staging.lacuisinedebernard.com/%d8%ac%d8%b2%d8%b1-%d8%a7%d9%84%d9%87%d9%86%d8%af-%d8%a7%d9%84%d8%ba%d8%b1%d8%a8%d9%8a%d8%a9
https://lacuisinedebernard.com/%d8%ac%d8%b2%d8%b1-%d8%a7%d9%84%d9%87%d9%86%d8%af-%d8%a7%d9%84%d8%ba%d8%b1%d8%a8%d9%8a%d8%a9/,https://staging.lacuisinedebernard.com/%d8%ac%d8%b2%d8%b1-%d8%a7%d9%84%d9%87%d9%86%d8%af-%d8%a7%d9%84%d8%ba%d8%b1%d8%a8%d9%8a%d8%a9
https://www.lacuisinedebernard.com/%d8%ac%d8%b2%d8%b1-%d8%a7%d9%84%d9%87%d9%86%d8%af-%d8%a7%d9%84%d8%ba%d8%b1%d8%a8%d9%8a%d8%a9,https://staging.lacuisinedebernard.com/%d8%ac%d8%b2%d8%b1-%d8%a7%d9%84%d9%87%d9%86%d8%af-%d8%a7%d9%84%d8%ba%d8%b1%d8%a8%d9%8a%d8%a9
https://www.lacuisinedebernard.com/%d8%ac%d8%b2%d8%b1-%d8%a7%d9%84%d9%87%d9%86%d8%af-%d8%a7%d9%84%d8%ba%d8%b1%d8%a8%d9%8a%d8%a9/,https://staging.lacuisinedebernard.com/%d8%ac%d8%b2%d8%b1-%d8%a7%d9%84%d9%87%d9%86%d8%af-%d8%a7%d9%84%d8%ba%d8%b1%d8%a8%d9%8a%d8%a9
https://lacuisinedebernard.com/concursos-de-la-cuisine-de-bernard,https://staging.lacuisinedebernard.com/concursos-de-la-cuisine-de-bernard
https://lacuisinedebernard.com/concursos-de-la-cuisine-de-bernard/,https://staging.lacuisinedebernard.com/concursos-de-la-cuisine-de-bernard
https://www.lacuisinedebernard.com/concursos-de-la-cuisine-de-bernard,https://staging.lacuisinedebernard.com/concursos-de-la-cuisine-de-bernard
https://www.lacuisinedebernard.com/concursos-de-la-cuisine-de-bernard/,https://staging.lacuisinedebernard.com/concursos-de-la-cuisine-de-bernard
https://lacuisinedebernard.com/leite-de-coleslaw,https://staging.lacuisinedebernard.com/leite-de-coleslaw
https://lacuisinedebernard.com/leite-de-coleslaw/,https://staging.lacuisinedebernard.com/leite-de-coleslaw
https://www.lacuisinedebernard.com/leite-de-coleslaw,https://staging.lacuisinedebernard.com/leite-de-coleslaw
https://www.lacuisinedebernard.com/leite-de-coleslaw/,https://staging.lacuisinedebernard.com/leite-de-coleslaw
https://lacuisinedebernard.com/%d8%b4%d8%b1%d8%a7%d8%a8-%d8%a7%d9%84%d9%82%d9%8a%d9%82%d8%a8-%d9%88%d9%83%d8%b9%d9%83%d8%a7%d8%aa-%d8%a7%d9%84%d8%a8%d9%82%d8%a7%d9%86,https://staging.lacuisinedebernard.com/%d8%b4%d8%b1%d8%a7%d8%a8-%d8%a7%d9%84%d9%82%d9%8a%d9%82%d8%a8-%d9%88%d9%83%d8%b9%d9%83%d8%a7%d8%aa-%d8%a7%d9%84%d8%a8%d9%82%d8%a7%d9%86
https://lacuisinedebernard.com/%d8%b4%d8%b1%d8%a7%d8%a8-%d8%a7%d9%84%d9%82%d9%8a%d9%82%d8%a8-%d9%88%d9%83%d8%b9%d9%83%d8%a7%d8%aa-%d8%a7%d9%84%d8%a8%d9%82%d8%a7%d9%86/,https://staging.lacuisinedebernard.com/%d8%b4%d8%b1%d8%a7%d8%a8-%d8%a7%d9%84%d9%82%d9%8a%d9%82%d8%a8-%d9%88%d9%83%d8%b9%d9%83%d8%a7%d8%aa-%d8%a7%d9%84%d8%a8%d9%82%d8%a7%d9%86
https://www.lacuisinedebernard.com/%d8%b4%d8%b1%d8%a7%d8%a8-%d8%a7%d9%84%d9%82%d9%8a%d9%82%d8%a8-%d9%88%d9%83%d8%b9%d9%83%d8%a7%d8%aa-%d8%a7%d9%84%d8%a8%d9%82%d8%a7%d9%86,https://staging.lacuisinedebernard.com/%d8%b4%d8%b1%d8%a7%d8%a8-%d8%a7%d9%84%d9%82%d9%8a%d9%82%d8%a8-%d9%88%d9%83%d8%b9%d9%83%d8%a7%d8%aa-%d8%a7%d9%84%d8%a8%d9%82%d8%a7%d9%86
https://www.lacuisinedebernard.com/%d8%b4%d8%b1%d8%a7%d8%a8-%d8%a7%d9%84%d9%82%d9%8a%d9%82%d8%a8-%d9%88%d9%83%d8%b9%d9%83%d8%a7%d8%aa-%d8%a7%d9%84%d8%a8%d9%82%d8%a7%d9%86/,https://staging.lacuisinedebernard.com/%d8%b4%d8%b1%d8%a7%d8%a8-%d8%a7%d9%84%d9%82%d9%8a%d9%82%d8%a8-%d9%88%d9%83%d8%b9%d9%83%d8%a7%d8%aa-%d8%a7%d9%84%d8%a8%d9%82%d8%a7%d9%86
https://lacuisinedebernard.com/norwegian-artichoke-fund,https://staging.lacuisinedebernard.com/norwegian-artichoke-fund
https://lacuisinedebernard.com/norwegian-artichoke-fund/,https://staging.lacuisinedebernard.com/norwegian-artichoke-fund
https://www.lacuisinedebernard.com/norwegian-artichoke-fund,https://staging.lacuisinedebernard.com/norwegian-artichoke-fund
https://www.lacuisinedebernard.com/norwegian-artichoke-fund/,https://staging.lacuisinedebernard.com/norwegian-artichoke-fund
https://lacuisinedebernard.com/pao-torrado-de-gergelim,https://staging.lacuisinedebernard.com/pao-torrado-de-gergelim
https://lacuisinedebernard.com/pao-torrado-de-gergelim/,https://staging.lacuisinedebernard.com/pao-torrado-de-gergelim
https://www.lacuisinedebernard.com/pao-torrado-de-gergelim,https://staging.lacuisinedebernard.com/pao-torrado-de-gergelim
https://www.lacuisinedebernard.com/pao-torrado-de-gergelim/,https://staging.lacuisinedebernard.com/pao-torrado-de-gergelim
https://lacuisinedebernard.com/the-press-review,https://staging.lacuisinedebernard.com/the-press-review
https://lacuisinedebernard.com/the-press-review/,https://staging.lacuisinedebernard.com/the-press-review
https://www.lacuisinedebernard.com/the-press-review,https://staging.lacuisinedebernard.com/the-press-review
https://www.lacuisinedebernard.com/the-press-review/,https://staging.lacuisinedebernard.com/the-press-review
https://lacuisinedebernard.com/%d9%85%d9%88%d9%86%d8%aa%d8%b1%d9%8a%d8%a7%d9%84,https://staging.lacuisinedebernard.com/%d9%85%d9%88%d9%86%d8%aa%d8%b1%d9%8a%d8%a7%d9%84
https://lacuisinedebernard.com/%d9%85%d9%88%d9%86%d8%aa%d8%b1%d9%8a%d8%a7%d9%84/,https://staging.lacuisinedebernard.com/%d9%85%d9%88%d9%86%d8%aa%d8%b1%d9%8a%d8%a7%d9%84
https://www.lacuisinedebernard.com/%d9%85%d9%88%d9%86%d8%aa%d8%b1%d9%8a%d8%a7%d9%84,https://staging.lacuisinedebernard.com/%d9%85%d9%88%d9%86%d8%aa%d8%b1%d9%8a%d8%a7%d9%84
https://www.lacuisinedebernard.com/%d9%85%d9%88%d9%86%d8%aa%d8%b1%d9%8a%d8%a7%d9%84/,https://staging.lacuisinedebernard.com/%d9%85%d9%88%d9%86%d8%aa%d8%b1%d9%8a%d8%a7%d9%84
https://lacuisinedebernard.com/coleslaw,https://staging.lacuisinedebernard.com/coleslaw
https://lacuisinedebernard.com/coleslaw/,https://staging.lacuisinedebernard.com/coleslaw
https://www.lacuisinedebernard.com/coleslaw,https://staging.lacuisinedebernard.com/coleslaw
https://www.lacuisinedebernard.com/coleslaw/,https://staging.lacuisinedebernard.com/coleslaw
https://lacuisinedebernard.com/toasted-sesame-shortbread,https://staging.lacuisinedebernard.com/toasted-sesame-shortbread
https://lacuisinedebernard.com/toasted-sesame-shortbread/,https://staging.lacuisinedebernard.com/toasted-sesame-shortbread
https://www.lacuisinedebernard.com/toasted-sesame-shortbread,https://staging.lacuisinedebernard.com/toasted-sesame-shortbread
https://www.lacuisinedebernard.com/toasted-sesame-shortbread/,https://staging.lacuisinedebernard.com/toasted-sesame-shortbread
https://lacuisinedebernard.com/concursos-la-cuisine-de-bernards,https://staging.lacuisinedebernard.com/concursos-la-cuisine-de-bernards
https://lacuisinedebernard.com/concursos-la-cuisine-de-bernards/,https://staging.lacuisinedebernard.com/concursos-la-cuisine-de-bernards
https://www.lacuisinedebernard.com/concursos-la-cuisine-de-bernards,https://staging.lacuisinedebernard.com/concursos-la-cuisine-de-bernards
https://www.lacuisinedebernard.com/concursos-la-cuisine-de-bernards/,https://staging.lacuisinedebernard.com/concursos-la-cuisine-de-bernards
https://lacuisinedebernard.com/%d9%82%d9%8a%d8%b9%d8%a7%d9%86-%d8%a7%d9%84%d8%ae%d8%b1%d8%b4%d9%88%d9%81-%d8%a7%d9%84%d9%86%d8%b1%d9%88%d9%8a%d8%ac%d9%8a%d8%a9,https://staging.lacuisinedebernard.com/%d9%82%d9%8a%d8%b9%d8%a7%d9%86-%d8%a7%d9%84%d8%ae%d8%b1%d8%b4%d9%88%d9%81-%d8%a7%d9%84%d9%86%d8%b1%d9%88%d9%8a%d8%ac%d9%8a%d8%a9
https://lacuisinedebernard.com/%d9%82%d9%8a%d8%b9%d8%a7%d9%86-%d8%a7%d9%84%d8%ae%d8%b1%d8%b4%d9%88%d9%81-%d8%a7%d9%84%d9%86%d8%b1%d9%88%d9%8a%d8%ac%d9%8a%d8%a9/,https://staging.lacuisinedebernard.com/%d9%82%d9%8a%d8%b9%d8%a7%d9%86-%d8%a7%d9%84%d8%ae%d8%b1%d8%b4%d9%88%d9%81-%d8%a7%d9%84%d9%86%d8%b1%d9%88%d9%8a%d8%ac%d9%8a%d8%a9
https://www.lacuisinedebernard.com/%d9%82%d9%8a%d8%b9%d8%a7%d9%86-%d8%a7%d9%84%d8%ae%d8%b1%d8%b4%d9%88%d9%81-%d8%a7%d9%84%d9%86%d8%b1%d9%88%d9%8a%d8%ac%d9%8a%d8%a9,https://staging.lacuisinedebernard.com/%d9%82%d9%8a%d8%b9%d8%a7%d9%86-%d8%a7%d9%84%d8%ae%d8%b1%d8%b4%d9%88%d9%81-%d8%a7%d9%84%d9%86%d8%b1%d9%88%d9%8a%d8%ac%d9%8a%d8%a9
https://www.lacuisinedebernard.com/%d9%82%d9%8a%d8%b9%d8%a7%d9%86-%d8%a7%d9%84%d8%ae%d8%b1%d8%b4%d9%88%d9%81-%d8%a7%d9%84%d9%86%d8%b1%d9%88%d9%8a%d8%ac%d9%8a%d8%a9/,https://staging.lacuisinedebernard.com/%d9%82%d9%8a%d8%b9%d8%a7%d9%86-%d8%a7%d9%84%d8%ae%d8%b1%d8%b4%d9%88%d9%81-%d8%a7%d9%84%d9%86%d8%b1%d9%88%d9%8a%d8%ac%d9%8a%d8%a9
https://lacuisinedebernard.com/clics-y-sabor,https://staging.lacuisinedebernard.com/clics-y-sabor
https://lacuisinedebernard.com/clics-y-sabor/,https://staging.lacuisinedebernard.com/clics-y-sabor
https://www.lacuisinedebernard.com/clics-y-sabor,https://staging.lacuisinedebernard.com/clics-y-sabor
https://www.lacuisinedebernard.com/clics-y-sabor/,https://staging.lacuisinedebernard.com/clics-y-sabor
https://lacuisinedebernard.com/cliques-e-sabor,https://staging.lacuisinedebernard.com/cliques-e-sabor
https://lacuisinedebernard.com/cliques-e-sabor/,https://staging.lacuisinedebernard.com/cliques-e-sabor
https://www.lacuisinedebernard.com/cliques-e-sabor,https://staging.lacuisinedebernard.com/cliques-e-sabor
https://www.lacuisinedebernard.com/cliques-e-sabor/,https://staging.lacuisinedebernard.com/cliques-e-sabor
https://lacuisinedebernard.com/clicks-and-taste,https://staging.lacuisinedebernard.com/clicks-and-taste
https://lacuisinedebernard.com/clicks-and-taste/,https://staging.lacuisinedebernard.com/clicks-and-taste
https://www.lacuisinedebernard.com/clicks-and-taste,https://staging.lacuisinedebernard.com/clicks-and-taste
https://www.lacuisinedebernard.com/clicks-and-taste/,https://staging.lacuisinedebernard.com/clicks-and-taste
https://lacuisinedebernard.com/curry-massaman,https://staging.lacuisinedebernard.com/curry-massaman
https://lacuisinedebernard.com/curry-massaman/,https://staging.lacuisinedebernard.com/curry-massaman
https://www.lacuisinedebernard.com/curry-massaman,https://staging.lacuisinedebernard.com/curry-massaman
https://www.lacuisinedebernard.com/curry-massaman/,https://staging.lacuisinedebernard.com/curry-massaman
https://lacuisinedebernard.com/mermelada-de-platano-ron-y-vainilla,https://staging.lacuisinedebernard.com/mermelada-de-platano-ron-y-vainilla
https://lacuisinedebernard.com/mermelada-de-platano-ron-y-vainilla/,https://staging.lacuisinedebernard.com/mermelada-de-platano-ron-y-vainilla
https://www.lacuisinedebernard.com/mermelada-de-platano-ron-y-vainilla,https://staging.lacuisinedebernard.com/mermelada-de-platano-ron-y-vainilla
https://www.lacuisinedebernard.com/mermelada-de-platano-ron-y-vainilla/,https://staging.lacuisinedebernard.com/mermelada-de-platano-ron-y-vainilla
https://lacuisinedebernard.com/english-scones,https://staging.lacuisinedebernard.com/english-scones
https://lacuisinedebernard.com/english-scones/,https://staging.lacuisinedebernard.com/english-scones
https://www.lacuisinedebernard.com/english-scones,https://staging.lacuisinedebernard.com/english-scones
https://www.lacuisinedebernard.com/english-scones/,https://staging.lacuisinedebernard.com/english-scones
https://lacuisinedebernard.com/torta-de-merengue-de-limao,https://staging.lacuisinedebernard.com/torta-de-merengue-de-limao
https://lacuisinedebernard.com/torta-de-merengue-de-limao/,https://staging.lacuisinedebernard.com/torta-de-merengue-de-limao
https://www.lacuisinedebernard.com/torta-de-merengue-de-limao,https://staging.lacuisinedebernard.com/torta-de-merengue-de-limao
https://www.lacuisinedebernard.com/torta-de-merengue-de-limao/,https://staging.lacuisinedebernard.com/torta-de-merengue-de-limao
https://lacuisinedebernard.com/chicken-skewers-with-satay-sauce,https://staging.lacuisinedebernard.com/chicken-skewers-with-satay-sauce
https://lacuisinedebernard.com/chicken-skewers-with-satay-sauce/,https://staging.lacuisinedebernard.com/chicken-skewers-with-satay-sauce
https://www.lacuisinedebernard.com/chicken-skewers-with-satay-sauce,https://staging.lacuisinedebernard.com/chicken-skewers-with-satay-sauce
https://www.lacuisinedebernard.com/chicken-skewers-with-satay-sauce/,https://staging.lacuisinedebernard.com/chicken-skewers-with-satay-sauce
https://lacuisinedebernard.com/%d8%a3%d9%84%d9%88%d8%a7%d8%ad-%d8%a7%d9%84%d9%84%d9%88%d8%b2,https://staging.lacuisinedebernard.com/%d8%a3%d9%84%d9%88%d8%a7%d8%ad-%d8%a7%d9%84%d9%84%d9%88%d8%b2
https://lacuisinedebernard.com/%d8%a3%d9%84%d9%88%d8%a7%d8%ad-%d8%a7%d9%84%d9%84%d9%88%d8%b2/,https://staging.lacuisinedebernard.com/%d8%a3%d9%84%d9%88%d8%a7%d8%ad-%d8%a7%d9%84%d9%84%d9%88%d8%b2
https://www.lacuisinedebernard.com/%d8%a3%d9%84%d9%88%d8%a7%d8%ad-%d8%a7%d9%84%d9%84%d9%88%d8%b2,https://staging.lacuisinedebernard.com/%d8%a3%d9%84%d9%88%d8%a7%d8%ad-%d8%a7%d9%84%d9%84%d9%88%d8%b2
https://www.lacuisinedebernard.com/%d8%a3%d9%84%d9%88%d8%a7%d8%ad-%d8%a7%d9%84%d9%84%d9%88%d8%b2/,https://staging.lacuisinedebernard.com/%d8%a3%d9%84%d9%88%d8%a7%d8%ad-%d8%a7%d9%84%d9%84%d9%88%d8%b2
https://lacuisinedebernard.com/massaman-curry,https://staging.lacuisinedebernard.com/massaman-curry
https://lacuisinedebernard.com/massaman-curry/,https://staging.lacuisinedebernard.com/massaman-curry
https://www.lacuisinedebernard.com/massaman-curry,https://staging.lacuisinedebernard.com/massaman-curry
https://www.lacuisinedebernard.com/massaman-curry/,https://staging.lacuisinedebernard.com/massaman-curry
https://lacuisinedebernard.com/%d8%a3%d8%b3%d9%8a%d8%a7%d8%ae-%d8%af%d8%ac%d8%a7%d8%ac-%d9%85%d8%b9-%d8%b5%d9%84%d8%b5%d8%a9-%d8%b3%d8%a7%d8%aa%d9%8a%d9%87,https://staging.lacuisinedebernard.com/%d8%a3%d8%b3%d9%8a%d8%a7%d8%ae-%d8%af%d8%ac%d8%a7%d8%ac-%d9%85%d8%b9-%d8%b5%d9%84%d8%b5%d8%a9-%d8%b3%d8%a7%d8%aa%d9%8a%d9%87
https://lacuisinedebernard.com/%d8%a3%d8%b3%d9%8a%d8%a7%d8%ae-%d8%af%d8%ac%d8%a7%d8%ac-%d9%85%d8%b9-%d8%b5%d9%84%d8%b5%d8%a9-%d8%b3%d8%a7%d8%aa%d9%8a%d9%87/,https://staging.lacuisinedebernard.com/%d8%a3%d8%b3%d9%8a%d8%a7%d8%ae-%d8%af%d8%ac%d8%a7%d8%ac-%d9%85%d8%b9-%d8%b5%d9%84%d8%b5%d8%a9-%d8%b3%d8%a7%d8%aa%d9%8a%d9%87
https://www.lacuisinedebernard.com/%d8%a3%d8%b3%d9%8a%d8%a7%d8%ae-%d8%af%d8%ac%d8%a7%d8%ac-%d9%85%d8%b9-%d8%b5%d9%84%d8%b5%d8%a9-%d8%b3%d8%a7%d8%aa%d9%8a%d9%87,https://staging.lacuisinedebernard.com/%d8%a3%d8%b3%d9%8a%d8%a7%d8%ae-%d8%af%d8%ac%d8%a7%d8%ac-%d9%85%d8%b9-%d8%b5%d9%84%d8%b5%d8%a9-%d8%b3%d8%a7%d8%aa%d9%8a%d9%87
https://www.lacuisinedebernard.com/%d8%a3%d8%b3%d9%8a%d8%a7%d8%ae-%d8%af%d8%ac%d8%a7%d8%ac-%d9%85%d8%b9-%d8%b5%d9%84%d8%b5%d8%a9-%d8%b3%d8%a7%d8%aa%d9%8a%d9%87/,https://staging.lacuisinedebernard.com/%d8%a3%d8%b3%d9%8a%d8%a7%d8%ae-%d8%af%d8%ac%d8%a7%d8%ac-%d9%85%d8%b9-%d8%b5%d9%84%d8%b5%d8%a9-%d8%b3%d8%a7%d8%aa%d9%8a%d9%87
https://lacuisinedebernard.com/pastel-de-zanahoria,https://staging.lacuisinedebernard.com/pastel-de-zanahoria
https://lacuisinedebernard.com/pastel-de-zanahoria/,https://staging.lacuisinedebernard.com/pastel-de-zanahoria
https://www.lacuisinedebernard.com/pastel-de-zanahoria,https://staging.lacuisinedebernard.com/pastel-de-zanahoria
https://www.lacuisinedebernard.com/pastel-de-zanahoria/,https://staging.lacuisinedebernard.com/pastel-de-zanahoria
https://lacuisinedebernard.com/paleta-de-cordero-con-crema-de-ajo,https://staging.lacuisinedebernard.com/paleta-de-cordero-con-crema-de-ajo
https://lacuisinedebernard.com/paleta-de-cordero-con-crema-de-ajo/,https://staging.lacuisinedebernard.com/paleta-de-cordero-con-crema-de-ajo
https://www.lacuisinedebernard.com/paleta-de-cordero-con-crema-de-ajo,https://staging.lacuisinedebernard.com/paleta-de-cordero-con-crema-de-ajo
https://www.lacuisinedebernard.com/paleta-de-cordero-con-crema-de-ajo/,https://staging.lacuisinedebernard.com/paleta-de-cordero-con-crema-de-ajo
https://lacuisinedebernard.com/los-premios-golden-blog-awards,https://staging.lacuisinedebernard.com/los-premios-golden-blog-awards
https://lacuisinedebernard.com/los-premios-golden-blog-awards/,https://staging.lacuisinedebernard.com/los-premios-golden-blog-awards
https://www.lacuisinedebernard.com/los-premios-golden-blog-awards,https://staging.lacuisinedebernard.com/los-premios-golden-blog-awards
https://www.lacuisinedebernard.com/los-premios-golden-blog-awards/,https://staging.lacuisinedebernard.com/los-premios-golden-blog-awards
https://lacuisinedebernard.com/lemon-meringue-tart,https://staging.lacuisinedebernard.com/lemon-meringue-tart
https://lacuisinedebernard.com/lemon-meringue-tart/,https://staging.lacuisinedebernard.com/lemon-meringue-tart
https://www.lacuisinedebernard.com/lemon-meringue-tart,https://staging.lacuisinedebernard.com/lemon-meringue-tart
https://www.lacuisinedebernard.com/lemon-meringue-tart/,https://staging.lacuisinedebernard.com/lemon-meringue-tart
https://lacuisinedebernard.com/bolo-de-cenoura,https://staging.lacuisinedebernard.com/bolo-de-cenoura
https://lacuisinedebernard.com/bolo-de-cenoura/,https://staging.lacuisinedebernard.com/bolo-de-cenoura
https://www.lacuisinedebernard.com/bolo-de-cenoura,https://staging.lacuisinedebernard.com/bolo-de-cenoura
https://www.lacuisinedebernard.com/bolo-de-cenoura/,https://staging.lacuisinedebernard.com/bolo-de-cenoura
https://lacuisinedebernard.com/paletas-de-almendra,https://staging.lacuisinedebernard.com/paletas-de-almendra
https://lacuisinedebernard.com/paletas-de-almendra/,https://staging.lacuisinedebernard.com/paletas-de-almendra
https://www.lacuisinedebernard.com/paletas-de-almendra,https://staging.lacuisinedebernard.com/paletas-de-almendra
https://www.lacuisinedebernard.com/paletas-de-almendra/,https://staging.lacuisinedebernard.com/paletas-de-almendra
https://lacuisinedebernard.com/%d9%81%d8%b7%d9%8a%d8%b1%d8%a9-%d9%85%d8%a7%d8%b1%d9%8a%d9%86%d8%ac-%d8%a7%d9%84%d9%84%d9%8a%d9%85%d9%88%d9%86,https://staging.lacuisinedebernard.com/%d9%81%d8%b7%d9%8a%d8%b1%d8%a9-%d9%85%d8%a7%d8%b1%d9%8a%d9%86%d8%ac-%d8%a7%d9%84%d9%84%d9%8a%d9%85%d9%88%d9%86
https://lacuisinedebernard.com/%d9%81%d8%b7%d9%8a%d8%b1%d8%a9-%d9%85%d8%a7%d8%b1%d9%8a%d9%86%d8%ac-%d8%a7%d9%84%d9%84%d9%8a%d9%85%d9%88%d9%86/,https://staging.lacuisinedebernard.com/%d9%81%d8%b7%d9%8a%d8%b1%d8%a9-%d9%85%d8%a7%d8%b1%d9%8a%d9%86%d8%ac-%d8%a7%d9%84%d9%84%d9%8a%d9%85%d9%88%d9%86
https://www.lacuisinedebernard.com/%d9%81%d8%b7%d9%8a%d8%b1%d8%a9-%d9%85%d8%a7%d8%b1%d9%8a%d9%86%d8%ac-%d8%a7%d9%84%d9%84%d9%8a%d9%85%d9%88%d9%86,https://staging.lacuisinedebernard.com/%d9%81%d8%b7%d9%8a%d8%b1%d8%a9-%d9%85%d8%a7%d8%b1%d9%8a%d9%86%d8%ac-%d8%a7%d9%84%d9%84%d9%8a%d9%85%d9%88%d9%86
https://www.lacuisinedebernard.com/%d9%81%d8%b7%d9%8a%d8%b1%d8%a9-%d9%85%d8%a7%d8%b1%d9%8a%d9%86%d8%ac-%d8%a7%d9%84%d9%84%d9%8a%d9%85%d9%88%d9%86/,https://staging.lacuisinedebernard.com/%d9%81%d8%b7%d9%8a%d8%b1%d8%a9-%d9%85%d8%a7%d8%b1%d9%8a%d9%86%d8%ac-%d8%a7%d9%84%d9%84%d9%8a%d9%85%d9%88%d9%86
https://lacuisinedebernard.com/os-premios-golden-blog,https://staging.lacuisinedebernard.com/os-premios-golden-blog
https://lacuisinedebernard.com/os-premios-golden-blog/,https://staging.lacuisinedebernard.com/os-premios-golden-blog
https://www.lacuisinedebernard.com/os-premios-golden-blog,https://staging.lacuisinedebernard.com/os-premios-golden-blog
https://www.lacuisinedebernard.com/os-premios-golden-blog/,https://staging.lacuisinedebernard.com/os-premios-golden-blog
https://lacuisinedebernard.com/ombro-de-cordeiro-com-creme-de-alho,https://staging.lacuisinedebernard.com/ombro-de-cordeiro-com-creme-de-alho
https://lacuisinedebernard.com/ombro-de-cordeiro-com-creme-de-alho/,https://staging.lacuisinedebernard.com/ombro-de-cordeiro-com-creme-de-alho
https://www.lacuisinedebernard.com/ombro-de-cordeiro-com-creme-de-alho,https://staging.lacuisinedebernard.com/ombro-de-cordeiro-com-creme-de-alho
https://www.lacuisinedebernard.com/ombro-de-cordeiro-com-creme-de-alho/,https://staging.lacuisinedebernard.com/ombro-de-cordeiro-com-creme-de-alho
https://lacuisinedebernard.com/shoulder-of-lamb-with-garlic-cream,https://staging.lacuisinedebernard.com/shoulder-of-lamb-with-garlic-cream
https://lacuisinedebernard.com/shoulder-of-lamb-with-garlic-cream/,https://staging.lacuisinedebernard.com/shoulder-of-lamb-with-garlic-cream
https://www.lacuisinedebernard.com/shoulder-of-lamb-with-garlic-cream,https://staging.lacuisinedebernard.com/shoulder-of-lamb-with-garlic-cream
https://www.lacuisinedebernard.com/shoulder-of-lamb-with-garlic-cream/,https://staging.lacuisinedebernard.com/shoulder-of-lamb-with-garlic-cream
https://lacuisinedebernard.com/the-golden-blog-awards,https://staging.lacuisinedebernard.com/the-golden-blog-awards
https://lacuisinedebernard.com/the-golden-blog-awards/,https://staging.lacuisinedebernard.com/the-golden-blog-awards
https://www.lacuisinedebernard.com/the-golden-blog-awards,https://staging.lacuisinedebernard.com/the-golden-blog-awards
https://www.lacuisinedebernard.com/the-golden-blog-awards/,https://staging.lacuisinedebernard.com/the-golden-blog-awards
https://lacuisinedebernard.com/%d9%83%d8%b9%d9%83%d8%a9-%d8%ac%d8%b2%d8%b1,https://staging.lacuisinedebernard.com/%d9%83%d8%b9%d9%83%d8%a9-%d8%ac%d8%b2%d8%b1
https://lacuisinedebernard.com/%d9%83%d8%b9%d9%83%d8%a9-%d8%ac%d8%b2%d8%b1/,https://staging.lacuisinedebernard.com/%d9%83%d8%b9%d9%83%d8%a9-%d8%ac%d8%b2%d8%b1
https://www.lacuisinedebernard.com/%d9%83%d8%b9%d9%83%d8%a9-%d8%ac%d8%b2%d8%b1,https://staging.lacuisinedebernard.com/%d9%83%d8%b9%d9%83%d8%a9-%d8%ac%d8%b2%d8%b1
https://www.lacuisinedebernard.com/%d9%83%d8%b9%d9%83%d8%a9-%d8%ac%d8%b2%d8%b1/,https://staging.lacuisinedebernard.com/%d9%83%d8%b9%d9%83%d8%a9-%d8%ac%d8%b2%d8%b1
https://lacuisinedebernard.com/brochetas-de-pollo-con-salsa-satay,https://staging.lacuisinedebernard.com/brochetas-de-pollo-con-salsa-satay
https://lacuisinedebernard.com/brochetas-de-pollo-con-salsa-satay/,https://staging.lacuisinedebernard.com/brochetas-de-pollo-con-salsa-satay
https://www.lacuisinedebernard.com/brochetas-de-pollo-con-salsa-satay,https://staging.lacuisinedebernard.com/brochetas-de-pollo-con-salsa-satay
https://www.lacuisinedebernard.com/brochetas-de-pollo-con-salsa-satay/,https://staging.lacuisinedebernard.com/brochetas-de-pollo-con-salsa-satay
https://lacuisinedebernard.com/%d9%83%d8%a7%d8%b1%d9%8a-%d9%85%d8%b3%d8%a7%d9%85%d8%a7%d9%86,https://staging.lacuisinedebernard.com/%d9%83%d8%a7%d8%b1%d9%8a-%d9%85%d8%b3%d8%a7%d9%85%d8%a7%d9%86
https://lacuisinedebernard.com/%d9%83%d8%a7%d8%b1%d9%8a-%d9%85%d8%b3%d8%a7%d9%85%d8%a7%d9%86/,https://staging.lacuisinedebernard.com/%d9%83%d8%a7%d8%b1%d9%8a-%d9%85%d8%b3%d8%a7%d9%85%d8%a7%d9%86
https://www.lacuisinedebernard.com/%d9%83%d8%a7%d8%b1%d9%8a-%d9%85%d8%b3%d8%a7%d9%85%d8%a7%d9%86,https://staging.lacuisinedebernard.com/%d9%83%d8%a7%d8%b1%d9%8a-%d9%85%d8%b3%d8%a7%d9%85%d8%a7%d9%86
https://www.lacuisinedebernard.com/%d9%83%d8%a7%d8%b1%d9%8a-%d9%85%d8%b3%d8%a7%d9%85%d8%a7%d9%86/,https://staging.lacuisinedebernard.com/%d9%83%d8%a7%d8%b1%d9%8a-%d9%85%d8%b3%d8%a7%d9%85%d8%a7%d9%86
https://lacuisinedebernard.com/paletas-de-amendoas,https://staging.lacuisinedebernard.com/paletas-de-amendoas
https://lacuisinedebernard.com/paletas-de-amendoas/,https://staging.lacuisinedebernard.com/paletas-de-amendoas
https://www.lacuisinedebernard.com/paletas-de-amendoas,https://staging.lacuisinedebernard.com/paletas-de-amendoas
https://www.lacuisinedebernard.com/paletas-de-amendoas/,https://staging.lacuisinedebernard.com/paletas-de-amendoas
https://lacuisinedebernard.com/bollos-ingleses,https://staging.lacuisinedebernard.com/bollos-ingleses
https://lacuisinedebernard.com/bollos-ingleses/,https://staging.lacuisinedebernard.com/bollos-ingleses
https://www.lacuisinedebernard.com/bollos-ingleses,https://staging.lacuisinedebernard.com/bollos-ingleses
https://www.lacuisinedebernard.com/bollos-ingleses/,https://staging.lacuisinedebernard.com/bollos-ingleses
https://lacuisinedebernard.com/espetos-de-frango-com-molho-satay,https://staging.lacuisinedebernard.com/espetos-de-frango-com-molho-satay
https://lacuisinedebernard.com/espetos-de-frango-com-molho-satay/,https://staging.lacuisinedebernard.com/espetos-de-frango-com-molho-satay
https://www.lacuisinedebernard.com/espetos-de-frango-com-molho-satay,https://staging.lacuisinedebernard.com/espetos-de-frango-com-molho-satay
https://www.lacuisinedebernard.com/espetos-de-frango-com-molho-satay/,https://staging.lacuisinedebernard.com/espetos-de-frango-com-molho-satay
https://lacuisinedebernard.com/almond-palets,https://staging.lacuisinedebernard.com/almond-palets
https://lacuisinedebernard.com/almond-palets/,https://staging.lacuisinedebernard.com/almond-palets
https://www.lacuisinedebernard.com/almond-palets,https://staging.lacuisinedebernard.com/almond-palets
https://www.lacuisinedebernard.com/almond-palets/,https://staging.lacuisinedebernard.com/almond-palets
https://lacuisinedebernard.com/%d9%86%d9%82%d8%b1%d8%a7%d8%aa-%d9%88%d8%aa%d8%b0%d9%88%d9%82,https://staging.lacuisinedebernard.com/%d9%86%d9%82%d8%b1%d8%a7%d8%aa-%d9%88%d8%aa%d8%b0%d9%88%d9%82
https://lacuisinedebernard.com/%d9%86%d9%82%d8%b1%d8%a7%d8%aa-%d9%88%d8%aa%d8%b0%d9%88%d9%82/,https://staging.lacuisinedebernard.com/%d9%86%d9%82%d8%b1%d8%a7%d8%aa-%d9%88%d8%aa%d8%b0%d9%88%d9%82
https://www.lacuisinedebernard.com/%d9%86%d9%82%d8%b1%d8%a7%d8%aa-%d9%88%d8%aa%d8%b0%d9%88%d9%82,https://staging.lacuisinedebernard.com/%d9%86%d9%82%d8%b1%d8%a7%d8%aa-%d9%88%d8%aa%d8%b0%d9%88%d9%82
https://www.lacuisinedebernard.com/%d9%86%d9%82%d8%b1%d8%a7%d8%aa-%d9%88%d8%aa%d8%b0%d9%88%d9%82/,https://staging.lacuisinedebernard.com/%d9%86%d9%82%d8%b1%d8%a7%d8%aa-%d9%88%d8%aa%d8%b0%d9%88%d9%82
https://lacuisinedebernard.com/%d8%ac%d9%88%d8%a7%d8%a6%d8%b2-%d8%a7%d9%84%d9%85%d8%af%d9%88%d9%86%d8%a9-%d8%a7%d9%84%d8%b0%d9%87%d8%a8%d9%8a%d8%a9,https://staging.lacuisinedebernard.com/%d8%ac%d9%88%d8%a7%d8%a6%d8%b2-%d8%a7%d9%84%d9%85%d8%af%d9%88%d9%86%d8%a9-%d8%a7%d9%84%d8%b0%d9%87%d8%a8%d9%8a%d8%a9
https://lacuisinedebernard.com/%d8%ac%d9%88%d8%a7%d8%a6%d8%b2-%d8%a7%d9%84%d9%85%d8%af%d9%88%d9%86%d8%a9-%d8%a7%d9%84%d8%b0%d9%87%d8%a8%d9%8a%d8%a9/,https://staging.lacuisinedebernard.com/%d8%ac%d9%88%d8%a7%d8%a6%d8%b2-%d8%a7%d9%84%d9%85%d8%af%d9%88%d9%86%d8%a9-%d8%a7%d9%84%d8%b0%d9%87%d8%a8%d9%8a%d8%a9
https://www.lacuisinedebernard.com/%d8%ac%d9%88%d8%a7%d8%a6%d8%b2-%d8%a7%d9%84%d9%85%d8%af%d9%88%d9%86%d8%a9-%d8%a7%d9%84%d8%b0%d9%87%d8%a8%d9%8a%d8%a9,https://staging.lacuisinedebernard.com/%d8%ac%d9%88%d8%a7%d8%a6%d8%b2-%d8%a7%d9%84%d9%85%d8%af%d9%88%d9%86%d8%a9-%d8%a7%d9%84%d8%b0%d9%87%d8%a8%d9%8a%d8%a9
https://www.lacuisinedebernard.com/%d8%ac%d9%88%d8%a7%d8%a6%d8%b2-%d8%a7%d9%84%d9%85%d8%af%d9%88%d9%86%d8%a9-%d8%a7%d9%84%d8%b0%d9%87%d8%a8%d9%8a%d8%a9/,https://staging.lacuisinedebernard.com/%d8%ac%d9%88%d8%a7%d8%a6%d8%b2-%d8%a7%d9%84%d9%85%d8%af%d9%88%d9%86%d8%a9-%d8%a7%d9%84%d8%b0%d9%87%d8%a8%d9%8a%d8%a9
https://lacuisinedebernard.com/tarta-de-limon-y-merengue,https://staging.lacuisinedebernard.com/tarta-de-limon-y-merengue
https://lacuisinedebernard.com/tarta-de-limon-y-merengue/,https://staging.lacuisinedebernard.com/tarta-de-limon-y-merengue
https://www.lacuisinedebernard.com/tarta-de-limon-y-merengue,https://staging.lacuisinedebernard.com/tarta-de-limon-y-merengue
https://www.lacuisinedebernard.com/tarta-de-limon-y-merengue/,https://staging.lacuisinedebernard.com/tarta-de-limon-y-merengue
https://lacuisinedebernard.com/scones-ingleses,https://staging.lacuisinedebernard.com/scones-ingleses
https://lacuisinedebernard.com/scones-ingleses/,https://staging.lacuisinedebernard.com/scones-ingleses
https://www.lacuisinedebernard.com/scones-ingleses,https://staging.lacuisinedebernard.com/scones-ingleses
https://www.lacuisinedebernard.com/scones-ingleses/,https://staging.lacuisinedebernard.com/scones-ingleses
https://lacuisinedebernard.com/banana-rum-and-vanilla-jam,https://staging.lacuisinedebernard.com/banana-rum-and-vanilla-jam
https://lacuisinedebernard.com/banana-rum-and-vanilla-jam/,https://staging.lacuisinedebernard.com/banana-rum-and-vanilla-jam
https://www.lacuisinedebernard.com/banana-rum-and-vanilla-jam,https://staging.lacuisinedebernard.com/banana-rum-and-vanilla-jam
https://www.lacuisinedebernard.com/banana-rum-and-vanilla-jam/,https://staging.lacuisinedebernard.com/banana-rum-and-vanilla-jam
https://lacuisinedebernard.com/%d8%a7%d9%84%d8%b4%d9%88%d9%83%d9%88%d9%84%d8%a7%d8%aa%d9%87-%d9%81%d9%86%d8%af%d8%a7%d9%86,https://staging.lacuisinedebernard.com/%d8%a7%d9%84%d8%b4%d9%88%d9%83%d9%88%d9%84%d8%a7%d8%aa%d9%87-%d9%81%d9%86%d8%af%d8%a7%d9%86
https://lacuisinedebernard.com/%d8%a7%d9%84%d8%b4%d9%88%d9%83%d9%88%d9%84%d8%a7%d8%aa%d9%87-%d9%81%d9%86%d8%af%d8%a7%d9%86/,https://staging.lacuisinedebernard.com/%d8%a7%d9%84%d8%b4%d9%88%d9%83%d9%88%d9%84%d8%a7%d8%aa%d9%87-%d9%81%d9%86%d8%af%d8%a7%d9%86
https://www.lacuisinedebernard.com/%d8%a7%d9%84%d8%b4%d9%88%d9%83%d9%88%d9%84%d8%a7%d8%aa%d9%87-%d9%81%d9%86%d8%af%d8%a7%d9%86,https://staging.lacuisinedebernard.com/%d8%a7%d9%84%d8%b4%d9%88%d9%83%d9%88%d9%84%d8%a7%d8%aa%d9%87-%d9%81%d9%86%d8%af%d8%a7%d9%86
https://www.lacuisinedebernard.com/%d8%a7%d9%84%d8%b4%d9%88%d9%83%d9%88%d9%84%d8%a7%d8%aa%d9%87-%d9%81%d9%86%d8%af%d8%a7%d9%86/,https://staging.lacuisinedebernard.com/%d8%a7%d9%84%d8%b4%d9%88%d9%83%d9%88%d9%84%d8%a7%d8%aa%d9%87-%d9%81%d9%86%d8%af%d8%a7%d9%86
https://lacuisinedebernard.com/%d9%85%d8%b1%d8%a8%d9%89-%d8%a7%d9%84%d9%85%d9%88%d8%b2-%d9%88-%d8%a7%d9%84%d8%b1%d9%88%d9%85-%d9%88-%d8%a7%d9%84%d9%81%d8%a7%d9%86%d9%8a%d9%84%d9%8a%d8%a7,https://staging.lacuisinedebernard.com/%d9%85%d8%b1%d8%a8%d9%89-%d8%a7%d9%84%d9%85%d9%88%d8%b2-%d9%88-%d8%a7%d9%84%d8%b1%d9%88%d9%85-%d9%88-%d8%a7%d9%84%d9%81%d8%a7%d9%86%d9%8a%d9%84%d9%8a%d8%a7
https://lacuisinedebernard.com/%d9%85%d8%b1%d8%a8%d9%89-%d8%a7%d9%84%d9%85%d9%88%d8%b2-%d9%88-%d8%a7%d9%84%d8%b1%d9%88%d9%85-%d9%88-%d8%a7%d9%84%d9%81%d8%a7%d9%86%d9%8a%d9%84%d9%8a%d8%a7/,https://staging.lacuisinedebernard.com/%d9%85%d8%b1%d8%a8%d9%89-%d8%a7%d9%84%d9%85%d9%88%d8%b2-%d9%88-%d8%a7%d9%84%d8%b1%d9%88%d9%85-%d9%88-%d8%a7%d9%84%d9%81%d8%a7%d9%86%d9%8a%d9%84%d9%8a%d8%a7
https://www.lacuisinedebernard.com/%d9%85%d8%b1%d8%a8%d9%89-%d8%a7%d9%84%d9%85%d9%88%d8%b2-%d9%88-%d8%a7%d9%84%d8%b1%d9%88%d9%85-%d9%88-%d8%a7%d9%84%d9%81%d8%a7%d9%86%d9%8a%d9%84%d9%8a%d8%a7,https://staging.lacuisinedebernard.com/%d9%85%d8%b1%d8%a8%d9%89-%d8%a7%d9%84%d9%85%d9%88%d8%b2-%d9%88-%d8%a7%d9%84%d8%b1%d9%88%d9%85-%d9%88-%d8%a7%d9%84%d9%81%d8%a7%d9%86%d9%8a%d9%84%d9%8a%d8%a7
https://www.lacuisinedebernard.com/%d9%85%d8%b1%d8%a8%d9%89-%d8%a7%d9%84%d9%85%d9%88%d8%b2-%d9%88-%d8%a7%d9%84%d8%b1%d9%88%d9%85-%d9%88-%d8%a7%d9%84%d9%81%d8%a7%d9%86%d9%8a%d9%84%d9%8a%d8%a7/,https://staging.lacuisinedebernard.com/%d9%85%d8%b1%d8%a8%d9%89-%d8%a7%d9%84%d9%85%d9%88%d8%b2-%d9%88-%d8%a7%d9%84%d8%b1%d9%88%d9%85-%d9%88-%d8%a7%d9%84%d9%81%d8%a7%d9%86%d9%8a%d9%84%d9%8a%d8%a7
https://lacuisinedebernard.com/xiao-long-bao,https://staging.lacuisinedebernard.com/xiao-long-bao
https://lacuisinedebernard.com/xiao-long-bao/,https://staging.lacuisinedebernard.com/xiao-long-bao
https://www.lacuisinedebernard.com/xiao-long-bao,https://staging.lacuisinedebernard.com/xiao-long-bao
https://www.lacuisinedebernard.com/xiao-long-bao/,https://staging.lacuisinedebernard.com/xiao-long-bao
https://lacuisinedebernard.com/fondant-de-chocolate,https://staging.lacuisinedebernard.com/fondant-de-chocolate
https://lacuisinedebernard.com/fondant-de-chocolate/,https://staging.lacuisinedebernard.com/fondant-de-chocolate
https://www.lacuisinedebernard.com/fondant-de-chocolate,https://staging.lacuisinedebernard.com/fondant-de-chocolate
https://www.lacuisinedebernard.com/fondant-de-chocolate/,https://staging.lacuisinedebernard.com/fondant-de-chocolate
https://lacuisinedebernard.com/%d9%83%d8%aa%d9%81-%d9%84%d8%ad%d9%85-%d9%85%d8%b9-%d9%83%d8%b1%d9%8a%d9%85%d8%a9-%d8%a7%d9%84%d8%ab%d9%88%d9%85,https://staging.lacuisinedebernard.com/%d9%83%d8%aa%d9%81-%d9%84%d8%ad%d9%85-%d9%85%d8%b9-%d9%83%d8%b1%d9%8a%d9%85%d8%a9-%d8%a7%d9%84%d8%ab%d9%88%d9%85
https://lacuisinedebernard.com/%d9%83%d8%aa%d9%81-%d9%84%d8%ad%d9%85-%d9%85%d8%b9-%d9%83%d8%b1%d9%8a%d9%85%d8%a9-%d8%a7%d9%84%d8%ab%d9%88%d9%85/,https://staging.lacuisinedebernard.com/%d9%83%d8%aa%d9%81-%d9%84%d8%ad%d9%85-%d9%85%d8%b9-%d9%83%d8%b1%d9%8a%d9%85%d8%a9-%d8%a7%d9%84%d8%ab%d9%88%d9%85
https://www.lacuisinedebernard.com/%d9%83%d8%aa%d9%81-%d9%84%d8%ad%d9%85-%d9%85%d8%b9-%d9%83%d8%b1%d9%8a%d9%85%d8%a9-%d8%a7%d9%84%d8%ab%d9%88%d9%85,https://staging.lacuisinedebernard.com/%d9%83%d8%aa%d9%81-%d9%84%d8%ad%d9%85-%d9%85%d8%b9-%d9%83%d8%b1%d9%8a%d9%85%d8%a9-%d8%a7%d9%84%d8%ab%d9%88%d9%85
https://www.lacuisinedebernard.com/%d9%83%d8%aa%d9%81-%d9%84%d8%ad%d9%85-%d9%85%d8%b9-%d9%83%d8%b1%d9%8a%d9%85%d8%a9-%d8%a7%d9%84%d8%ab%d9%88%d9%85/,https://staging.lacuisinedebernard.com/%d9%83%d8%aa%d9%81-%d9%84%d8%ad%d9%85-%d9%85%d8%b9-%d9%83%d8%b1%d9%8a%d9%85%d8%a9-%d8%a7%d9%84%d8%ab%d9%88%d9%85
https://lacuisinedebernard.com/%d8%a7%d9%84%d9%83%d8%b9%d9%83%d8%a7%d8%aa-%d8%a7%d9%84%d8%a5%d9%86%d8%ac%d9%84%d9%8a%d8%b2%d9%8a%d8%a9,https://staging.lacuisinedebernard.com/%d8%a7%d9%84%d9%83%d8%b9%d9%83%d8%a7%d8%aa-%d8%a7%d9%84%d8%a5%d9%86%d8%ac%d9%84%d9%8a%d8%b2%d9%8a%d8%a9
https://lacuisinedebernard.com/%d8%a7%d9%84%d9%83%d8%b9%d9%83%d8%a7%d8%aa-%d8%a7%d9%84%d8%a5%d9%86%d8%ac%d9%84%d9%8a%d8%b2%d9%8a%d8%a9/,https://staging.lacuisinedebernard.com/%d8%a7%d9%84%d9%83%d8%b9%d9%83%d8%a7%d8%aa-%d8%a7%d9%84%d8%a5%d9%86%d8%ac%d9%84%d9%8a%d8%b2%d9%8a%d8%a9
https://www.lacuisinedebernard.com/%d8%a7%d9%84%d9%83%d8%b9%d9%83%d8%a7%d8%aa-%d8%a7%d9%84%d8%a5%d9%86%d8%ac%d9%84%d9%8a%d8%b2%d9%8a%d8%a9,https://staging.lacuisinedebernard.com/%d8%a7%d9%84%d9%83%d8%b9%d9%83%d8%a7%d8%aa-%d8%a7%d9%84%d8%a5%d9%86%d8%ac%d9%84%d9%8a%d8%b2%d9%8a%d8%a9
https://www.lacuisinedebernard.com/%d8%a7%d9%84%d9%83%d8%b9%d9%83%d8%a7%d8%aa-%d8%a7%d9%84%d8%a5%d9%86%d8%ac%d9%84%d9%8a%d8%b2%d9%8a%d8%a9/,https://staging.lacuisinedebernard.com/%d8%a7%d9%84%d9%83%d8%b9%d9%83%d8%a7%d8%aa-%d8%a7%d9%84%d8%a5%d9%86%d8%ac%d9%84%d9%8a%d8%b2%d9%8a%d8%a9
https://lacuisinedebernard.com/%d8%b4%d9%8a%d8%a7%d9%88-%d9%84%d9%88%d9%86%d8%ba-%d8%a8%d8%a7%d9%88,https://staging.lacuisinedebernard.com/%d8%b4%d9%8a%d8%a7%d9%88-%d9%84%d9%88%d9%86%d8%ba-%d8%a8%d8%a7%d9%88
https://lacuisinedebernard.com/%d8%b4%d9%8a%d8%a7%d9%88-%d9%84%d9%88%d9%86%d8%ba-%d8%a8%d8%a7%d9%88/,https://staging.lacuisinedebernard.com/%d8%b4%d9%8a%d8%a7%d9%88-%d9%84%d9%88%d9%86%d8%ba-%d8%a8%d8%a7%d9%88
https://www.lacuisinedebernard.com/%d8%b4%d9%8a%d8%a7%d9%88-%d9%84%d9%88%d9%86%d8%ba-%d8%a8%d8%a7%d9%88,https://staging.lacuisinedebernard.com/%d8%b4%d9%8a%d8%a7%d9%88-%d9%84%d9%88%d9%86%d8%ba-%d8%a8%d8%a7%d9%88
https://www.lacuisinedebernard.com/%d8%b4%d9%8a%d8%a7%d9%88-%d9%84%d9%88%d9%86%d8%ba-%d8%a8%d8%a7%d9%88/,https://staging.lacuisinedebernard.com/%d8%b4%d9%8a%d8%a7%d9%88-%d9%84%d9%88%d9%86%d8%ba-%d8%a8%d8%a7%d9%88
https://lacuisinedebernard.com/banana-rum-e-compota-de-baunilha,https://staging.lacuisinedebernard.com/banana-rum-e-compota-de-baunilha
https://lacuisinedebernard.com/banana-rum-e-compota-de-baunilha/,https://staging.lacuisinedebernard.com/banana-rum-e-compota-de-baunilha
https://www.lacuisinedebernard.com/banana-rum-e-compota-de-baunilha,https://staging.lacuisinedebernard.com/banana-rum-e-compota-de-baunilha
https://www.lacuisinedebernard.com/banana-rum-e-compota-de-baunilha/,https://staging.lacuisinedebernard.com/banana-rum-e-compota-de-baunilha
https://lacuisinedebernard.com/chocolate-fondant,https://staging.lacuisinedebernard.com/chocolate-fondant
https://lacuisinedebernard.com/chocolate-fondant/,https://staging.lacuisinedebernard.com/chocolate-fondant
https://www.lacuisinedebernard.com/chocolate-fondant,https://staging.lacuisinedebernard.com/chocolate-fondant
https://www.lacuisinedebernard.com/chocolate-fondant/,https://staging.lacuisinedebernard.com/chocolate-fondant
https://lacuisinedebernard.com/tarta-salada-de-boniato-almendra-y-queso-azul,https://staging.lacuisinedebernard.com/tarta-salada-de-boniato-almendra-y-queso-azul
https://lacuisinedebernard.com/tarta-salada-de-boniato-almendra-y-queso-azul/,https://staging.lacuisinedebernard.com/tarta-salada-de-boniato-almendra-y-queso-azul
https://www.lacuisinedebernard.com/tarta-salada-de-boniato-almendra-y-queso-azul,https://staging.lacuisinedebernard.com/tarta-salada-de-boniato-almendra-y-queso-azul
https://www.lacuisinedebernard.com/tarta-salada-de-boniato-almendra-y-queso-azul/,https://staging.lacuisinedebernard.com/tarta-salada-de-boniato-almendra-y-queso-azul
https://lacuisinedebernard.com/2-%d8%aa%d8%b4%d9%8a%d8%b2-%d9%83%d9%8a%d9%83-%d8%b4%d9%88%d9%83%d9%88%d9%84%d8%a7%d8%aa%d8%a9,https://staging.lacuisinedebernard.com/2-%d8%aa%d8%b4%d9%8a%d8%b2-%d9%83%d9%8a%d9%83-%d8%b4%d9%88%d9%83%d9%88%d9%84%d8%a7%d8%aa%d8%a9
https://lacuisinedebernard.com/2-%d8%aa%d8%b4%d9%8a%d8%b2-%d9%83%d9%8a%d9%83-%d8%b4%d9%88%d9%83%d9%88%d9%84%d8%a7%d8%aa%d8%a9/,https://staging.lacuisinedebernard.com/2-%d8%aa%d8%b4%d9%8a%d8%b2-%d9%83%d9%8a%d9%83-%d8%b4%d9%88%d9%83%d9%88%d9%84%d8%a7%d8%aa%d8%a9
https://www.lacuisinedebernard.com/2-%d8%aa%d8%b4%d9%8a%d8%b2-%d9%83%d9%8a%d9%83-%d8%b4%d9%88%d9%83%d9%88%d9%84%d8%a7%d8%aa%d8%a9,https://staging.lacuisinedebernard.com/2-%d8%aa%d8%b4%d9%8a%d8%b2-%d9%83%d9%8a%d9%83-%d8%b4%d9%88%d9%83%d9%88%d9%84%d8%a7%d8%aa%d8%a9
https://www.lacuisinedebernard.com/2-%d8%aa%d8%b4%d9%8a%d8%b2-%d9%83%d9%8a%d9%83-%d8%b4%d9%88%d9%83%d9%88%d9%84%d8%a7%d8%aa%d8%a9/,https://staging.lacuisinedebernard.com/2-%d8%aa%d8%b4%d9%8a%d8%b2-%d9%83%d9%8a%d9%83-%d8%b4%d9%88%d9%83%d9%88%d9%84%d8%a7%d8%aa%d8%a9
https://lacuisinedebernard.com/patty-de-farelo-de-aveia-com-cenouras-caril-e-cebolinho,https://staging.lacuisinedebernard.com/patty-de-farelo-de-aveia-com-cenouras-caril-e-cebolinho
https://lacuisinedebernard.com/patty-de-farelo-de-aveia-com-cenouras-caril-e-cebolinho/,https://staging.lacuisinedebernard.com/patty-de-farelo-de-aveia-com-cenouras-caril-e-cebolinho
https://www.lacuisinedebernard.com/patty-de-farelo-de-aveia-com-cenouras-caril-e-cebolinho,https://staging.lacuisinedebernard.com/patty-de-farelo-de-aveia-com-cenouras-caril-e-cebolinho
https://www.lacuisinedebernard.com/patty-de-farelo-de-aveia-com-cenouras-caril-e-cebolinho/,https://staging.lacuisinedebernard.com/patty-de-farelo-de-aveia-com-cenouras-caril-e-cebolinho
https://lacuisinedebernard.com/mango-chutney,https://staging.lacuisinedebernard.com/mango-chutney
https://lacuisinedebernard.com/mango-chutney/,https://staging.lacuisinedebernard.com/mango-chutney
https://www.lacuisinedebernard.com/mango-chutney,https://staging.lacuisinedebernard.com/mango-chutney
https://www.lacuisinedebernard.com/mango-chutney/,https://staging.lacuisinedebernard.com/mango-chutney
https://lacuisinedebernard.com/sopa-de-avena-y-shiitake,https://staging.lacuisinedebernard.com/sopa-de-avena-y-shiitake
https://lacuisinedebernard.com/sopa-de-avena-y-shiitake/,https://staging.lacuisinedebernard.com/sopa-de-avena-y-shiitake
https://www.lacuisinedebernard.com/sopa-de-avena-y-shiitake,https://staging.lacuisinedebernard.com/sopa-de-avena-y-shiitake
https://www.lacuisinedebernard.com/sopa-de-avena-y-shiitake/,https://staging.lacuisinedebernard.com/sopa-de-avena-y-shiitake
https://lacuisinedebernard.com/golden-cake,https://staging.lacuisinedebernard.com/golden-cake
https://lacuisinedebernard.com/golden-cake/,https://staging.lacuisinedebernard.com/golden-cake
https://www.lacuisinedebernard.com/golden-cake,https://staging.lacuisinedebernard.com/golden-cake
https://www.lacuisinedebernard.com/golden-cake/,https://staging.lacuisinedebernard.com/golden-cake
https://lacuisinedebernard.com/pao-de-cacau-com-fichas-de-chocolate,https://staging.lacuisinedebernard.com/pao-de-cacau-com-fichas-de-chocolate
https://lacuisinedebernard.com/pao-de-cacau-com-fichas-de-chocolate/,https://staging.lacuisinedebernard.com/pao-de-cacau-com-fichas-de-chocolate
https://www.lacuisinedebernard.com/pao-de-cacau-com-fichas-de-chocolate,https://staging.lacuisinedebernard.com/pao-de-cacau-com-fichas-de-chocolate
https://www.lacuisinedebernard.com/pao-de-cacau-com-fichas-de-chocolate/,https://staging.lacuisinedebernard.com/pao-de-cacau-com-fichas-de-chocolate
https://lacuisinedebernard.com/torta-de-batata-doce-amendoa-e-queijo-azul,https://staging.lacuisinedebernard.com/torta-de-batata-doce-amendoa-e-queijo-azul
https://lacuisinedebernard.com/torta-de-batata-doce-amendoa-e-queijo-azul/,https://staging.lacuisinedebernard.com/torta-de-batata-doce-amendoa-e-queijo-azul
https://www.lacuisinedebernard.com/torta-de-batata-doce-amendoa-e-queijo-azul,https://staging.lacuisinedebernard.com/torta-de-batata-doce-amendoa-e-queijo-azul
https://www.lacuisinedebernard.com/torta-de-batata-doce-amendoa-e-queijo-azul/,https://staging.lacuisinedebernard.com/torta-de-batata-doce-amendoa-e-queijo-azul
https://lacuisinedebernard.com/oat-bran-patties-with-carrots-curry-and-chives,https://staging.lacuisinedebernard.com/oat-bran-patties-with-carrots-curry-and-chives
https://lacuisinedebernard.com/oat-bran-patties-with-carrots-curry-and-chives/,https://staging.lacuisinedebernard.com/oat-bran-patties-with-carrots-curry-and-chives
https://www.lacuisinedebernard.com/oat-bran-patties-with-carrots-curry-and-chives,https://staging.lacuisinedebernard.com/oat-bran-patties-with-carrots-curry-and-chives
https://www.lacuisinedebernard.com/oat-bran-patties-with-carrots-curry-and-chives/,https://staging.lacuisinedebernard.com/oat-bran-patties-with-carrots-curry-and-chives
https://lacuisinedebernard.com/tarta-azucarada-con-vino-blanco-y-aceite-de-oliva,https://staging.lacuisinedebernard.com/tarta-azucarada-con-vino-blanco-y-aceite-de-oliva
https://lacuisinedebernard.com/tarta-azucarada-con-vino-blanco-y-aceite-de-oliva/,https://staging.lacuisinedebernard.com/tarta-azucarada-con-vino-blanco-y-aceite-de-oliva
https://www.lacuisinedebernard.com/tarta-azucarada-con-vino-blanco-y-aceite-de-oliva,https://staging.lacuisinedebernard.com/tarta-azucarada-con-vino-blanco-y-aceite-de-oliva
https://www.lacuisinedebernard.com/tarta-azucarada-con-vino-blanco-y-aceite-de-oliva/,https://staging.lacuisinedebernard.com/tarta-azucarada-con-vino-blanco-y-aceite-de-oliva
https://lacuisinedebernard.com/%d9%83%d8%b9%d9%83%d8%a9-%d8%b0%d9%87%d8%a8%d9%8a%d8%a9,https://staging.lacuisinedebernard.com/%d9%83%d8%b9%d9%83%d8%a9-%d8%b0%d9%87%d8%a8%d9%8a%d8%a9
https://lacuisinedebernard.com/%d9%83%d8%b9%d9%83%d8%a9-%d8%b0%d9%87%d8%a8%d9%8a%d8%a9/,https://staging.lacuisinedebernard.com/%d9%83%d8%b9%d9%83%d8%a9-%d8%b0%d9%87%d8%a8%d9%8a%d8%a9
https://www.lacuisinedebernard.com/%d9%83%d8%b9%d9%83%d8%a9-%d8%b0%d9%87%d8%a8%d9%8a%d8%a9,https://staging.lacuisinedebernard.com/%d9%83%d8%b9%d9%83%d8%a9-%d8%b0%d9%87%d8%a8%d9%8a%d8%a9
https://www.lacuisinedebernard.com/%d9%83%d8%b9%d9%83%d8%a9-%d8%b0%d9%87%d8%a8%d9%8a%d8%a9/,https://staging.lacuisinedebernard.com/%d9%83%d8%b9%d9%83%d8%a9-%d8%b0%d9%87%d8%a8%d9%8a%d8%a9
https://lacuisinedebernard.com/sopa-de-aveia-e-shiitake,https://staging.lacuisinedebernard.com/sopa-de-aveia-e-shiitake
https://lacuisinedebernard.com/sopa-de-aveia-e-shiitake/,https://staging.lacuisinedebernard.com/sopa-de-aveia-e-shiitake
https://www.lacuisinedebernard.com/sopa-de-aveia-e-shiitake,https://staging.lacuisinedebernard.com/sopa-de-aveia-e-shiitake
https://www.lacuisinedebernard.com/sopa-de-aveia-e-shiitake/,https://staging.lacuisinedebernard.com/sopa-de-aveia-e-shiitake
https://lacuisinedebernard.com/%d8%b5%d9%84%d8%b5%d8%a9-%d8%a7%d9%84%d9%85%d8%a7%d9%86%d8%ac%d9%88,https://staging.lacuisinedebernard.com/%d8%b5%d9%84%d8%b5%d8%a9-%d8%a7%d9%84%d9%85%d8%a7%d9%86%d8%ac%d9%88
https://lacuisinedebernard.com/%d8%b5%d9%84%d8%b5%d8%a9-%d8%a7%d9%84%d9%85%d8%a7%d9%86%d8%ac%d9%88/,https://staging.lacuisinedebernard.com/%d8%b5%d9%84%d8%b5%d8%a9-%d8%a7%d9%84%d9%85%d8%a7%d9%86%d8%ac%d9%88
https://www.lacuisinedebernard.com/%d8%b5%d9%84%d8%b5%d8%a9-%d8%a7%d9%84%d9%85%d8%a7%d9%86%d8%ac%d9%88,https://staging.lacuisinedebernard.com/%d8%b5%d9%84%d8%b5%d8%a9-%d8%a7%d9%84%d9%85%d8%a7%d9%86%d8%ac%d9%88
https://www.lacuisinedebernard.com/%d8%b5%d9%84%d8%b5%d8%a9-%d8%a7%d9%84%d9%85%d8%a7%d9%86%d8%ac%d9%88/,https://staging.lacuisinedebernard.com/%d8%b5%d9%84%d8%b5%d8%a9-%d8%a7%d9%84%d9%85%d8%a7%d9%86%d8%ac%d9%88
https://lacuisinedebernard.com/cocoa-bread-with-chocolate-chips,https://staging.lacuisinedebernard.com/cocoa-bread-with-chocolate-chips
https://lacuisinedebernard.com/cocoa-bread-with-chocolate-chips/,https://staging.lacuisinedebernard.com/cocoa-bread-with-chocolate-chips
https://www.lacuisinedebernard.com/cocoa-bread-with-chocolate-chips,https://staging.lacuisinedebernard.com/cocoa-bread-with-chocolate-chips
https://www.lacuisinedebernard.com/cocoa-bread-with-chocolate-chips/,https://staging.lacuisinedebernard.com/cocoa-bread-with-chocolate-chips
https://lacuisinedebernard.com/sweet-potato-almond-and-blue-cheese-savory-pie,https://staging.lacuisinedebernard.com/sweet-potato-almond-and-blue-cheese-savory-pie
https://lacuisinedebernard.com/sweet-potato-almond-and-blue-cheese-savory-pie/,https://staging.lacuisinedebernard.com/sweet-potato-almond-and-blue-cheese-savory-pie
https://www.lacuisinedebernard.com/sweet-potato-almond-and-blue-cheese-savory-pie,https://staging.lacuisinedebernard.com/sweet-potato-almond-and-blue-cheese-savory-pie
https://www.lacuisinedebernard.com/sweet-potato-almond-and-blue-cheese-savory-pie/,https://staging.lacuisinedebernard.com/sweet-potato-almond-and-blue-cheese-savory-pie
https://lacuisinedebernard.com/%d8%ae%d8%a8%d8%b2-%d8%a7%d9%84%d9%83%d8%a7%d9%83%d8%a7%d9%88-%d9%88%d8%b1%d9%82%d8%a7%d8%a6%d9%82-%d8%a7%d9%84%d8%b4%d9%88%d9%83%d9%88%d9%84%d8%a7%d8%aa%d8%a9,https://staging.lacuisinedebernard.com/%d8%ae%d8%a8%d8%b2-%d8%a7%d9%84%d9%83%d8%a7%d9%83%d8%a7%d9%88-%d9%88%d8%b1%d9%82%d8%a7%d8%a6%d9%82-%d8%a7%d9%84%d8%b4%d9%88%d9%83%d9%88%d9%84%d8%a7%d8%aa%d8%a9
https://lacuisinedebernard.com/%d8%ae%d8%a8%d8%b2-%d8%a7%d9%84%d9%83%d8%a7%d9%83%d8%a7%d9%88-%d9%88%d8%b1%d9%82%d8%a7%d8%a6%d9%82-%d8%a7%d9%84%d8%b4%d9%88%d9%83%d9%88%d9%84%d8%a7%d8%aa%d8%a9/,https://staging.lacuisinedebernard.com/%d8%ae%d8%a8%d8%b2-%d8%a7%d9%84%d9%83%d8%a7%d9%83%d8%a7%d9%88-%d9%88%d8%b1%d9%82%d8%a7%d8%a6%d9%82-%d8%a7%d9%84%d8%b4%d9%88%d9%83%d9%88%d9%84%d8%a7%d8%aa%d8%a9
https://www.lacuisinedebernard.com/%d8%ae%d8%a8%d8%b2-%d8%a7%d9%84%d9%83%d8%a7%d9%83%d8%a7%d9%88-%d9%88%d8%b1%d9%82%d8%a7%d8%a6%d9%82-%d8%a7%d9%84%d8%b4%d9%88%d9%83%d9%88%d9%84%d8%a7%d8%aa%d8%a9,https://staging.lacuisinedebernard.com/%d8%ae%d8%a8%d8%b2-%d8%a7%d9%84%d9%83%d8%a7%d9%83%d8%a7%d9%88-%d9%88%d8%b1%d9%82%d8%a7%d8%a6%d9%82-%d8%a7%d9%84%d8%b4%d9%88%d9%83%d9%88%d9%84%d8%a7%d8%aa%d8%a9
https://www.lacuisinedebernard.com/%d8%ae%d8%a8%d8%b2-%d8%a7%d9%84%d9%83%d8%a7%d9%83%d8%a7%d9%88-%d9%88%d8%b1%d9%82%d8%a7%d8%a6%d9%82-%d8%a7%d9%84%d8%b4%d9%88%d9%83%d9%88%d9%84%d8%a7%d8%aa%d8%a9/,https://staging.lacuisinedebernard.com/%d8%ae%d8%a8%d8%b2-%d8%a7%d9%84%d9%83%d8%a7%d9%83%d8%a7%d9%88-%d9%88%d8%b1%d9%82%d8%a7%d8%a6%d9%82-%d8%a7%d9%84%d8%b4%d9%88%d9%83%d9%88%d9%84%d8%a7%d8%aa%d8%a9
https://lacuisinedebernard.com/bolo-adocado-com-vinho-branco-e-azeite-de-oliva,https://staging.lacuisinedebernard.com/bolo-adocado-com-vinho-branco-e-azeite-de-oliva
https://lacuisinedebernard.com/bolo-adocado-com-vinho-branco-e-azeite-de-oliva/,https://staging.lacuisinedebernard.com/bolo-adocado-com-vinho-branco-e-azeite-de-oliva
https://www.lacuisinedebernard.com/bolo-adocado-com-vinho-branco-e-azeite-de-oliva,https://staging.lacuisinedebernard.com/bolo-adocado-com-vinho-branco-e-azeite-de-oliva
https://www.lacuisinedebernard.com/bolo-adocado-com-vinho-branco-e-azeite-de-oliva/,https://staging.lacuisinedebernard.com/bolo-adocado-com-vinho-branco-e-azeite-de-oliva
https://lacuisinedebernard.com/oatmeal-and-shiitake-soup,https://staging.lacuisinedebernard.com/oatmeal-and-shiitake-soup
https://lacuisinedebernard.com/oatmeal-and-shiitake-soup/,https://staging.lacuisinedebernard.com/oatmeal-and-shiitake-soup
https://www.lacuisinedebernard.com/oatmeal-and-shiitake-soup,https://staging.lacuisinedebernard.com/oatmeal-and-shiitake-soup
https://www.lacuisinedebernard.com/oatmeal-and-shiitake-soup/,https://staging.lacuisinedebernard.com/oatmeal-and-shiitake-soup
https://lacuisinedebernard.com/%d9%81%d8%b7%d8%a7%d8%a6%d8%b1-%d8%a7%d9%84%d8%b4%d9%88%d9%81%d8%a7%d9%86-%d9%85%d8%b9-%d8%a7%d9%84%d8%ac%d8%b2%d8%b1-%d9%88%d8%a7%d9%84%d9%83%d8%a7%d8%b1%d9%8a-%d9%88%d8%a7%d9%84%d8%ab%d9%88%d9%85,https://staging.lacuisinedebernard.com/%d9%81%d8%b7%d8%a7%d8%a6%d8%b1-%d8%a7%d9%84%d8%b4%d9%88%d9%81%d8%a7%d9%86-%d9%85%d8%b9-%d8%a7%d9%84%d8%ac%d8%b2%d8%b1-%d9%88%d8%a7%d9%84%d9%83%d8%a7%d8%b1%d9%8a-%d9%88%d8%a7%d9%84%d8%ab%d9%88%d9%85
https://lacuisinedebernard.com/%d9%81%d8%b7%d8%a7%d8%a6%d8%b1-%d8%a7%d9%84%d8%b4%d9%88%d9%81%d8%a7%d9%86-%d9%85%d8%b9-%d8%a7%d9%84%d8%ac%d8%b2%d8%b1-%d9%88%d8%a7%d9%84%d9%83%d8%a7%d8%b1%d9%8a-%d9%88%d8%a7%d9%84%d8%ab%d9%88%d9%85/,https://staging.lacuisinedebernard.com/%d9%81%d8%b7%d8%a7%d8%a6%d8%b1-%d8%a7%d9%84%d8%b4%d9%88%d9%81%d8%a7%d9%86-%d9%85%d8%b9-%d8%a7%d9%84%d8%ac%d8%b2%d8%b1-%d9%88%d8%a7%d9%84%d9%83%d8%a7%d8%b1%d9%8a-%d9%88%d8%a7%d9%84%d8%ab%d9%88%d9%85
https://www.lacuisinedebernard.com/%d9%81%d8%b7%d8%a7%d8%a6%d8%b1-%d8%a7%d9%84%d8%b4%d9%88%d9%81%d8%a7%d9%86-%d9%85%d8%b9-%d8%a7%d9%84%d8%ac%d8%b2%d8%b1-%d9%88%d8%a7%d9%84%d9%83%d8%a7%d8%b1%d9%8a-%d9%88%d8%a7%d9%84%d8%ab%d9%88%d9%85,https://staging.lacuisinedebernard.com/%d9%81%d8%b7%d8%a7%d8%a6%d8%b1-%d8%a7%d9%84%d8%b4%d9%88%d9%81%d8%a7%d9%86-%d9%85%d8%b9-%d8%a7%d9%84%d8%ac%d8%b2%d8%b1-%d9%88%d8%a7%d9%84%d9%83%d8%a7%d8%b1%d9%8a-%d9%88%d8%a7%d9%84%d8%ab%d9%88%d9%85
https://www.lacuisinedebernard.com/%d9%81%d8%b7%d8%a7%d8%a6%d8%b1-%d8%a7%d9%84%d8%b4%d9%88%d9%81%d8%a7%d9%86-%d9%85%d8%b9-%d8%a7%d9%84%d8%ac%d8%b2%d8%b1-%d9%88%d8%a7%d9%84%d9%83%d8%a7%d8%b1%d9%8a-%d9%88%d8%a7%d9%84%d8%ab%d9%88%d9%85/,https://staging.lacuisinedebernard.com/%d9%81%d8%b7%d8%a7%d8%a6%d8%b1-%d8%a7%d9%84%d8%b4%d9%88%d9%81%d8%a7%d9%86-%d9%85%d8%b9-%d8%a7%d9%84%d8%ac%d8%b2%d8%b1-%d9%88%d8%a7%d9%84%d9%83%d8%a7%d8%b1%d9%8a-%d9%88%d8%a7%d9%84%d8%ab%d9%88%d9%85
https://lacuisinedebernard.com/tarta-de-queso-con-dos-chocolates,https://staging.lacuisinedebernard.com/tarta-de-queso-con-dos-chocolates
https://lacuisinedebernard.com/tarta-de-queso-con-dos-chocolates/,https://staging.lacuisinedebernard.com/tarta-de-queso-con-dos-chocolates
https://www.lacuisinedebernard.com/tarta-de-queso-con-dos-chocolates,https://staging.lacuisinedebernard.com/tarta-de-queso-con-dos-chocolates
https://www.lacuisinedebernard.com/tarta-de-queso-con-dos-chocolates/,https://staging.lacuisinedebernard.com/tarta-de-queso-con-dos-chocolates
https://lacuisinedebernard.com/%d8%aa%d9%88%d8%aa-%d8%a7%d9%84%d8%b9%d9%84%d9%8a%d9%82-%d9%88%d8%a7%d9%84%d9%84%d9%88%d8%b2,https://staging.lacuisinedebernard.com/%d8%aa%d9%88%d8%aa-%d8%a7%d9%84%d8%b9%d9%84%d9%8a%d9%82-%d9%88%d8%a7%d9%84%d9%84%d9%88%d8%b2
https://lacuisinedebernard.com/%d8%aa%d9%88%d8%aa-%d8%a7%d9%84%d8%b9%d9%84%d9%8a%d9%82-%d9%88%d8%a7%d9%84%d9%84%d9%88%d8%b2/,https://staging.lacuisinedebernard.com/%d8%aa%d9%88%d8%aa-%d8%a7%d9%84%d8%b9%d9%84%d9%8a%d9%82-%d9%88%d8%a7%d9%84%d9%84%d9%88%d8%b2
https://www.lacuisinedebernard.com/%d8%aa%d9%88%d8%aa-%d8%a7%d9%84%d8%b9%d9%84%d9%8a%d9%82-%d9%88%d8%a7%d9%84%d9%84%d9%88%d8%b2,https://staging.lacuisinedebernard.com/%d8%aa%d9%88%d8%aa-%d8%a7%d9%84%d8%b9%d9%84%d9%8a%d9%82-%d9%88%d8%a7%d9%84%d9%84%d9%88%d8%b2
https://www.lacuisinedebernard.com/%d8%aa%d9%88%d8%aa-%d8%a7%d9%84%d8%b9%d9%84%d9%8a%d9%82-%d9%88%d8%a7%d9%84%d9%84%d9%88%d8%b2/,https://staging.lacuisinedebernard.com/%d8%aa%d9%88%d8%aa-%d8%a7%d9%84%d8%b9%d9%84%d9%8a%d9%82-%d9%88%d8%a7%d9%84%d9%84%d9%88%d8%b2
https://lacuisinedebernard.com/sweetened-cake-with-white-wine-and-olive-oil,https://staging.lacuisinedebernard.com/sweetened-cake-with-white-wine-and-olive-oil
https://lacuisinedebernard.com/sweetened-cake-with-white-wine-and-olive-oil/,https://staging.lacuisinedebernard.com/sweetened-cake-with-white-wine-and-olive-oil
https://www.lacuisinedebernard.com/sweetened-cake-with-white-wine-and-olive-oil,https://staging.lacuisinedebernard.com/sweetened-cake-with-white-wine-and-olive-oil
https://www.lacuisinedebernard.com/sweetened-cake-with-white-wine-and-olive-oil/,https://staging.lacuisinedebernard.com/sweetened-cake-with-white-wine-and-olive-oil
https://lacuisinedebernard.com/chutney-de-mango,https://staging.lacuisinedebernard.com/chutney-de-mango
https://lacuisinedebernard.com/chutney-de-mango/,https://staging.lacuisinedebernard.com/chutney-de-mango
https://www.lacuisinedebernard.com/chutney-de-mango,https://staging.lacuisinedebernard.com/chutney-de-mango
https://www.lacuisinedebernard.com/chutney-de-mango/,https://staging.lacuisinedebernard.com/chutney-de-mango
https://lacuisinedebernard.com/%d8%b4%d9%88%d8%b1%d8%a8%d8%a9-%d8%a7%d9%84%d8%b4%d9%88%d9%81%d8%a7%d9%86-%d9%88%d8%a7%d9%84%d8%b4%d9%8a%d8%aa%d8%a7%d9%83%d9%8a,https://staging.lacuisinedebernard.com/%d8%b4%d9%88%d8%b1%d8%a8%d8%a9-%d8%a7%d9%84%d8%b4%d9%88%d9%81%d8%a7%d9%86-%d9%88%d8%a7%d9%84%d8%b4%d9%8a%d8%aa%d8%a7%d9%83%d9%8a
https://lacuisinedebernard.com/%d8%b4%d9%88%d8%b1%d8%a8%d8%a9-%d8%a7%d9%84%d8%b4%d9%88%d9%81%d8%a7%d9%86-%d9%88%d8%a7%d9%84%d8%b4%d9%8a%d8%aa%d8%a7%d9%83%d9%8a/,https://staging.lacuisinedebernard.com/%d8%b4%d9%88%d8%b1%d8%a8%d8%a9-%d8%a7%d9%84%d8%b4%d9%88%d9%81%d8%a7%d9%86-%d9%88%d8%a7%d9%84%d8%b4%d9%8a%d8%aa%d8%a7%d9%83%d9%8a
https://www.lacuisinedebernard.com/%d8%b4%d9%88%d8%b1%d8%a8%d8%a9-%d8%a7%d9%84%d8%b4%d9%88%d9%81%d8%a7%d9%86-%d9%88%d8%a7%d9%84%d8%b4%d9%8a%d8%aa%d8%a7%d9%83%d9%8a,https://staging.lacuisinedebernard.com/%d8%b4%d9%88%d8%b1%d8%a8%d8%a9-%d8%a7%d9%84%d8%b4%d9%88%d9%81%d8%a7%d9%86-%d9%88%d8%a7%d9%84%d8%b4%d9%8a%d8%aa%d8%a7%d9%83%d9%8a
https://www.lacuisinedebernard.com/%d8%b4%d9%88%d8%b1%d8%a8%d8%a9-%d8%a7%d9%84%d8%b4%d9%88%d9%81%d8%a7%d9%86-%d9%88%d8%a7%d9%84%d8%b4%d9%8a%d8%aa%d8%a7%d9%83%d9%8a/,https://staging.lacuisinedebernard.com/%d8%b4%d9%88%d8%b1%d8%a8%d8%a9-%d8%a7%d9%84%d8%b4%d9%88%d9%81%d8%a7%d9%86-%d9%88%d8%a7%d9%84%d8%b4%d9%8a%d8%aa%d8%a7%d9%83%d9%8a
https://lacuisinedebernard.com/bombons-de-framboesa-e-amendoas,https://staging.lacuisinedebernard.com/bombons-de-framboesa-e-amendoas
https://lacuisinedebernard.com/bombons-de-framboesa-e-amendoas/,https://staging.lacuisinedebernard.com/bombons-de-framboesa-e-amendoas
https://www.lacuisinedebernard.com/bombons-de-framboesa-e-amendoas,https://staging.lacuisinedebernard.com/bombons-de-framboesa-e-amendoas
https://www.lacuisinedebernard.com/bombons-de-framboesa-e-amendoas/,https://staging.lacuisinedebernard.com/bombons-de-framboesa-e-amendoas
https://lacuisinedebernard.com/tarta-dorada,https://staging.lacuisinedebernard.com/tarta-dorada
https://lacuisinedebernard.com/tarta-dorada/,https://staging.lacuisinedebernard.com/tarta-dorada
https://www.lacuisinedebernard.com/tarta-dorada,https://staging.lacuisinedebernard.com/tarta-dorada
https://www.lacuisinedebernard.com/tarta-dorada/,https://staging.lacuisinedebernard.com/tarta-dorada
https://lacuisinedebernard.com/dois-cheesecake-de-chocolate,https://staging.lacuisinedebernard.com/dois-cheesecake-de-chocolate
https://lacuisinedebernard.com/dois-cheesecake-de-chocolate/,https://staging.lacuisinedebernard.com/dois-cheesecake-de-chocolate
https://www.lacuisinedebernard.com/dois-cheesecake-de-chocolate,https://staging.lacuisinedebernard.com/dois-cheesecake-de-chocolate
https://www.lacuisinedebernard.com/dois-cheesecake-de-chocolate/,https://staging.lacuisinedebernard.com/dois-cheesecake-de-chocolate
https://lacuisinedebernard.com/%d8%aa%d9%88%d8%b1%d8%aa%d8%a9-%d9%84%d8%b0%d9%8a%d8%b0%d8%a9-%d9%85%d8%b9-%d8%a7%d9%84%d8%a8%d8%b7%d8%a7%d8%b7%d8%a7-%d8%a7%d9%84%d8%ad%d9%84%d9%88%d8%a9-%d9%88%d8%a7%d9%84%d9%84%d9%88%d8%b2-%d9%88,https://staging.lacuisinedebernard.com/%d8%aa%d9%88%d8%b1%d8%aa%d8%a9-%d9%84%d8%b0%d9%8a%d8%b0%d8%a9-%d9%85%d8%b9-%d8%a7%d9%84%d8%a8%d8%b7%d8%a7%d8%b7%d8%a7-%d8%a7%d9%84%d8%ad%d9%84%d9%88%d8%a9-%d9%88%d8%a7%d9%84%d9%84%d9%88%d8%b2-%d9%88
https://lacuisinedebernard.com/%d8%aa%d9%88%d8%b1%d8%aa%d8%a9-%d9%84%d8%b0%d9%8a%d8%b0%d8%a9-%d9%85%d8%b9-%d8%a7%d9%84%d8%a8%d8%b7%d8%a7%d8%b7%d8%a7-%d8%a7%d9%84%d8%ad%d9%84%d9%88%d8%a9-%d9%88%d8%a7%d9%84%d9%84%d9%88%d8%b2-%d9%88/,https://staging.lacuisinedebernard.com/%d8%aa%d9%88%d8%b1%d8%aa%d8%a9-%d9%84%d8%b0%d9%8a%d8%b0%d8%a9-%d9%85%d8%b9-%d8%a7%d9%84%d8%a8%d8%b7%d8%a7%d8%b7%d8%a7-%d8%a7%d9%84%d8%ad%d9%84%d9%88%d8%a9-%d9%88%d8%a7%d9%84%d9%84%d9%88%d8%b2-%d9%88
https://www.lacuisinedebernard.com/%d8%aa%d9%88%d8%b1%d8%aa%d8%a9-%d9%84%d8%b0%d9%8a%d8%b0%d8%a9-%d9%85%d8%b9-%d8%a7%d9%84%d8%a8%d8%b7%d8%a7%d8%b7%d8%a7-%d8%a7%d9%84%d8%ad%d9%84%d9%88%d8%a9-%d9%88%d8%a7%d9%84%d9%84%d9%88%d8%b2-%d9%88,https://staging.lacuisinedebernard.com/%d8%aa%d9%88%d8%b1%d8%aa%d8%a9-%d9%84%d8%b0%d9%8a%d8%b0%d8%a9-%d9%85%d8%b9-%d8%a7%d9%84%d8%a8%d8%b7%d8%a7%d8%b7%d8%a7-%d8%a7%d9%84%d8%ad%d9%84%d9%88%d8%a9-%d9%88%d8%a7%d9%84%d9%84%d9%88%d8%b2-%d9%88
https://www.lacuisinedebernard.com/%d8%aa%d9%88%d8%b1%d8%aa%d8%a9-%d9%84%d8%b0%d9%8a%d8%b0%d8%a9-%d9%85%d8%b9-%d8%a7%d9%84%d8%a8%d8%b7%d8%a7%d8%b7%d8%a7-%d8%a7%d9%84%d8%ad%d9%84%d9%88%d8%a9-%d9%88%d8%a7%d9%84%d9%84%d9%88%d8%b2-%d9%88/,https://staging.lacuisinedebernard.com/%d8%aa%d9%88%d8%b1%d8%aa%d8%a9-%d9%84%d8%b0%d9%8a%d8%b0%d8%a9-%d9%85%d8%b9-%d8%a7%d9%84%d8%a8%d8%b7%d8%a7%d8%b7%d8%a7-%d8%a7%d9%84%d8%ad%d9%84%d9%88%d8%a9-%d9%88%d8%a7%d9%84%d9%84%d9%88%d8%b2-%d9%88
https://lacuisinedebernard.com/patatas-fritas-al-horno-con-boniato-picante,https://staging.lacuisinedebernard.com/patatas-fritas-al-horno-con-boniato-picante
https://lacuisinedebernard.com/patatas-fritas-al-horno-con-boniato-picante/,https://staging.lacuisinedebernard.com/patatas-fritas-al-horno-con-boniato-picante
https://www.lacuisinedebernard.com/patatas-fritas-al-horno-con-boniato-picante,https://staging.lacuisinedebernard.com/patatas-fritas-al-horno-con-boniato-picante
https://www.lacuisinedebernard.com/patatas-fritas-al-horno-con-boniato-picante/,https://staging.lacuisinedebernard.com/patatas-fritas-al-horno-con-boniato-picante
https://lacuisinedebernard.com/chutney-de-manga,https://staging.lacuisinedebernard.com/chutney-de-manga
https://lacuisinedebernard.com/chutney-de-manga/,https://staging.lacuisinedebernard.com/chutney-de-manga
https://www.lacuisinedebernard.com/chutney-de-manga,https://staging.lacuisinedebernard.com/chutney-de-manga
https://www.lacuisinedebernard.com/chutney-de-manga/,https://staging.lacuisinedebernard.com/chutney-de-manga
https://lacuisinedebernard.com/pan-de-cacao-con-chips-de-chocolate,https://staging.lacuisinedebernard.com/pan-de-cacao-con-chips-de-chocolate
https://lacuisinedebernard.com/pan-de-cacao-con-chips-de-chocolate/,https://staging.lacuisinedebernard.com/pan-de-cacao-con-chips-de-chocolate
https://www.lacuisinedebernard.com/pan-de-cacao-con-chips-de-chocolate,https://staging.lacuisinedebernard.com/pan-de-cacao-con-chips-de-chocolate
https://www.lacuisinedebernard.com/pan-de-cacao-con-chips-de-chocolate/,https://staging.lacuisinedebernard.com/pan-de-cacao-con-chips-de-chocolate
https://lacuisinedebernard.com/hamburguesas-de-salvado-de-avena-con-zanahorias-curry-y-cebollino,https://staging.lacuisinedebernard.com/hamburguesas-de-salvado-de-avena-con-zanahorias-curry-y-cebollino
https://lacuisinedebernard.com/hamburguesas-de-salvado-de-avena-con-zanahorias-curry-y-cebollino/,https://staging.lacuisinedebernard.com/hamburguesas-de-salvado-de-avena-con-zanahorias-curry-y-cebollino
https://www.lacuisinedebernard.com/hamburguesas-de-salvado-de-avena-con-zanahorias-curry-y-cebollino,https://staging.lacuisinedebernard.com/hamburguesas-de-salvado-de-avena-con-zanahorias-curry-y-cebollino
https://www.lacuisinedebernard.com/hamburguesas-de-salvado-de-avena-con-zanahorias-curry-y-cebollino/,https://staging.lacuisinedebernard.com/hamburguesas-de-salvado-de-avena-con-zanahorias-curry-y-cebollino
https://lacuisinedebernard.com/two-chocolate-cheesecake,https://staging.lacuisinedebernard.com/two-chocolate-cheesecake
https://lacuisinedebernard.com/two-chocolate-cheesecake/,https://staging.lacuisinedebernard.com/two-chocolate-cheesecake
https://www.lacuisinedebernard.com/two-chocolate-cheesecake,https://staging.lacuisinedebernard.com/two-chocolate-cheesecake
https://www.lacuisinedebernard.com/two-chocolate-cheesecake/,https://staging.lacuisinedebernard.com/two-chocolate-cheesecake
https://lacuisinedebernard.com/bolo-de-ouro,https://staging.lacuisinedebernard.com/bolo-de-ouro
https://lacuisinedebernard.com/bolo-de-ouro/,https://staging.lacuisinedebernard.com/bolo-de-ouro
https://www.lacuisinedebernard.com/bolo-de-ouro,https://staging.lacuisinedebernard.com/bolo-de-ouro
https://www.lacuisinedebernard.com/bolo-de-ouro/,https://staging.lacuisinedebernard.com/bolo-de-ouro
https://lacuisinedebernard.com/%d8%b2%d9%84%d8%a7%d8%a8%d9%8a%d8%a9-%d8%b5%d9%8a%d9%86%d9%8a%d8%a9-%d8%a8%d8%b5%d9%84%d8%b5%d8%a9-%d8%ad%d8%a7%d8%b1%d8%a9,https://staging.lacuisinedebernard.com/%d8%b2%d9%84%d8%a7%d8%a8%d9%8a%d8%a9-%d8%b5%d9%8a%d9%86%d9%8a%d8%a9-%d8%a8%d8%b5%d9%84%d8%b5%d8%a9-%d8%ad%d8%a7%d8%b1%d8%a9
https://lacuisinedebernard.com/%d8%b2%d9%84%d8%a7%d8%a8%d9%8a%d8%a9-%d8%b5%d9%8a%d9%86%d9%8a%d8%a9-%d8%a8%d8%b5%d9%84%d8%b5%d8%a9-%d8%ad%d8%a7%d8%b1%d8%a9/,https://staging.lacuisinedebernard.com/%d8%b2%d9%84%d8%a7%d8%a8%d9%8a%d8%a9-%d8%b5%d9%8a%d9%86%d9%8a%d8%a9-%d8%a8%d8%b5%d9%84%d8%b5%d8%a9-%d8%ad%d8%a7%d8%b1%d8%a9
https://www.lacuisinedebernard.com/%d8%b2%d9%84%d8%a7%d8%a8%d9%8a%d8%a9-%d8%b5%d9%8a%d9%86%d9%8a%d8%a9-%d8%a8%d8%b5%d9%84%d8%b5%d8%a9-%d8%ad%d8%a7%d8%b1%d8%a9,https://staging.lacuisinedebernard.com/%d8%b2%d9%84%d8%a7%d8%a8%d9%8a%d8%a9-%d8%b5%d9%8a%d9%86%d9%8a%d8%a9-%d8%a8%d8%b5%d9%84%d8%b5%d8%a9-%d8%ad%d8%a7%d8%b1%d8%a9
https://www.lacuisinedebernard.com/%d8%b2%d9%84%d8%a7%d8%a8%d9%8a%d8%a9-%d8%b5%d9%8a%d9%86%d9%8a%d8%a9-%d8%a8%d8%b5%d9%84%d8%b5%d8%a9-%d8%ad%d8%a7%d8%b1%d8%a9/,https://staging.lacuisinedebernard.com/%d8%b2%d9%84%d8%a7%d8%a8%d9%8a%d8%a9-%d8%b5%d9%8a%d9%86%d9%8a%d8%a9-%d8%a8%d8%b5%d9%84%d8%b5%d8%a9-%d8%ad%d8%a7%d8%b1%d8%a9
https://lacuisinedebernard.com/raspberry-and-almond-flapjacks,https://staging.lacuisinedebernard.com/raspberry-and-almond-flapjacks
https://lacuisinedebernard.com/raspberry-and-almond-flapjacks/,https://staging.lacuisinedebernard.com/raspberry-and-almond-flapjacks
https://www.lacuisinedebernard.com/raspberry-and-almond-flapjacks,https://staging.lacuisinedebernard.com/raspberry-and-almond-flapjacks
https://www.lacuisinedebernard.com/raspberry-and-almond-flapjacks/,https://staging.lacuisinedebernard.com/raspberry-and-almond-flapjacks
https://lacuisinedebernard.com/%d8%ac%d8%a7%d9%84%d9%8a%d8%aa-%d8%ad%d9%84%d9%88-%d8%a8%d8%a7%d9%84%d9%86%d8%a8%d9%8a%d8%b0-%d8%a7%d9%84%d8%a3%d8%a8%d9%8a%d8%b6-%d9%88%d8%b2%d9%8a%d8%aa-%d8%a7%d9%84%d8%b2%d9%8a%d8%aa%d9%88%d9%86,https://staging.lacuisinedebernard.com/%d8%ac%d8%a7%d9%84%d9%8a%d8%aa-%d8%ad%d9%84%d9%88-%d8%a8%d8%a7%d9%84%d9%86%d8%a8%d9%8a%d8%b0-%d8%a7%d9%84%d8%a3%d8%a8%d9%8a%d8%b6-%d9%88%d8%b2%d9%8a%d8%aa-%d8%a7%d9%84%d8%b2%d9%8a%d8%aa%d9%88%d9%86
https://lacuisinedebernard.com/%d8%ac%d8%a7%d9%84%d9%8a%d8%aa-%d8%ad%d9%84%d9%88-%d8%a8%d8%a7%d9%84%d9%86%d8%a8%d9%8a%d8%b0-%d8%a7%d9%84%d8%a3%d8%a8%d9%8a%d8%b6-%d9%88%d8%b2%d9%8a%d8%aa-%d8%a7%d9%84%d8%b2%d9%8a%d8%aa%d9%88%d9%86/,https://staging.lacuisinedebernard.com/%d8%ac%d8%a7%d9%84%d9%8a%d8%aa-%d8%ad%d9%84%d9%88-%d8%a8%d8%a7%d9%84%d9%86%d8%a8%d9%8a%d8%b0-%d8%a7%d9%84%d8%a3%d8%a8%d9%8a%d8%b6-%d9%88%d8%b2%d9%8a%d8%aa-%d8%a7%d9%84%d8%b2%d9%8a%d8%aa%d9%88%d9%86
https://www.lacuisinedebernard.com/%d8%ac%d8%a7%d9%84%d9%8a%d8%aa-%d8%ad%d9%84%d9%88-%d8%a8%d8%a7%d9%84%d9%86%d8%a8%d9%8a%d8%b0-%d8%a7%d9%84%d8%a3%d8%a8%d9%8a%d8%b6-%d9%88%d8%b2%d9%8a%d8%aa-%d8%a7%d9%84%d8%b2%d9%8a%d8%aa%d9%88%d9%86,https://staging.lacuisinedebernard.com/%d8%ac%d8%a7%d9%84%d9%8a%d8%aa-%d8%ad%d9%84%d9%88-%d8%a8%d8%a7%d9%84%d9%86%d8%a8%d9%8a%d8%b0-%d8%a7%d9%84%d8%a3%d8%a8%d9%8a%d8%b6-%d9%88%d8%b2%d9%8a%d8%aa-%d8%a7%d9%84%d8%b2%d9%8a%d8%aa%d9%88%d9%86
https://www.lacuisinedebernard.com/%d8%ac%d8%a7%d9%84%d9%8a%d8%aa-%d8%ad%d9%84%d9%88-%d8%a8%d8%a7%d9%84%d9%86%d8%a8%d9%8a%d8%b0-%d8%a7%d9%84%d8%a3%d8%a8%d9%8a%d8%b6-%d9%88%d8%b2%d9%8a%d8%aa-%d8%a7%d9%84%d8%b2%d9%8a%d8%aa%d9%88%d9%86/,https://staging.lacuisinedebernard.com/%d8%ac%d8%a7%d9%84%d9%8a%d8%aa-%d8%ad%d9%84%d9%88-%d8%a8%d8%a7%d9%84%d9%86%d8%a8%d9%8a%d8%b0-%d8%a7%d9%84%d8%a3%d8%a8%d9%8a%d8%b6-%d9%88%d8%b2%d9%8a%d8%aa-%d8%a7%d9%84%d8%b2%d9%8a%d8%aa%d9%88%d9%86
https://lacuisinedebernard.com/sorbet-de-morango,https://staging.lacuisinedebernard.com/sorbet-de-morango
https://lacuisinedebernard.com/sorbet-de-morango/,https://staging.lacuisinedebernard.com/sorbet-de-morango
https://www.lacuisinedebernard.com/sorbet-de-morango,https://staging.lacuisinedebernard.com/sorbet-de-morango
https://www.lacuisinedebernard.com/sorbet-de-morango/,https://staging.lacuisinedebernard.com/sorbet-de-morango
https://lacuisinedebernard.com/strawberry-sorbet,https://staging.lacuisinedebernard.com/strawberry-sorbet
https://lacuisinedebernard.com/strawberry-sorbet/,https://staging.lacuisinedebernard.com/strawberry-sorbet
https://www.lacuisinedebernard.com/strawberry-sorbet,https://staging.lacuisinedebernard.com/strawberry-sorbet
https://www.lacuisinedebernard.com/strawberry-sorbet/,https://staging.lacuisinedebernard.com/strawberry-sorbet
https://lacuisinedebernard.com/pasta-fria-con-salmon-y-salsa-de-eneldo,https://staging.lacuisinedebernard.com/pasta-fria-con-salmon-y-salsa-de-eneldo
https://lacuisinedebernard.com/pasta-fria-con-salmon-y-salsa-de-eneldo/,https://staging.lacuisinedebernard.com/pasta-fria-con-salmon-y-salsa-de-eneldo
https://www.lacuisinedebernard.com/pasta-fria-con-salmon-y-salsa-de-eneldo,https://staging.lacuisinedebernard.com/pasta-fria-con-salmon-y-salsa-de-eneldo
https://www.lacuisinedebernard.com/pasta-fria-con-salmon-y-salsa-de-eneldo/,https://staging.lacuisinedebernard.com/pasta-fria-con-salmon-y-salsa-de-eneldo
https://lacuisinedebernard.com/massa-fria-com-molho-de-salmao-e-aneto,https://staging.lacuisinedebernard.com/massa-fria-com-molho-de-salmao-e-aneto
https://lacuisinedebernard.com/massa-fria-com-molho-de-salmao-e-aneto/,https://staging.lacuisinedebernard.com/massa-fria-com-molho-de-salmao-e-aneto
https://www.lacuisinedebernard.com/massa-fria-com-molho-de-salmao-e-aneto,https://staging.lacuisinedebernard.com/massa-fria-com-molho-de-salmao-e-aneto
https://www.lacuisinedebernard.com/massa-fria-com-molho-de-salmao-e-aneto/,https://staging.lacuisinedebernard.com/massa-fria-com-molho-de-salmao-e-aneto
https://lacuisinedebernard.com/carrot-sweet-potato-ginger-and-coconut-milk-soup,https://staging.lacuisinedebernard.com/carrot-sweet-potato-ginger-and-coconut-milk-soup
https://lacuisinedebernard.com/carrot-sweet-potato-ginger-and-coconut-milk-soup/,https://staging.lacuisinedebernard.com/carrot-sweet-potato-ginger-and-coconut-milk-soup
https://www.lacuisinedebernard.com/carrot-sweet-potato-ginger-and-coconut-milk-soup,https://staging.lacuisinedebernard.com/carrot-sweet-potato-ginger-and-coconut-milk-soup
https://www.lacuisinedebernard.com/carrot-sweet-potato-ginger-and-coconut-milk-soup/,https://staging.lacuisinedebernard.com/carrot-sweet-potato-ginger-and-coconut-milk-soup
https://lacuisinedebernard.com/banana-coconut-and-hazelnut-tart-with-lime-whipped-cream,https://staging.lacuisinedebernard.com/banana-coconut-and-hazelnut-tart-with-lime-whipped-cream
https://lacuisinedebernard.com/banana-coconut-and-hazelnut-tart-with-lime-whipped-cream/,https://staging.lacuisinedebernard.com/banana-coconut-and-hazelnut-tart-with-lime-whipped-cream
https://www.lacuisinedebernard.com/banana-coconut-and-hazelnut-tart-with-lime-whipped-cream,https://staging.lacuisinedebernard.com/banana-coconut-and-hazelnut-tart-with-lime-whipped-cream
https://www.lacuisinedebernard.com/banana-coconut-and-hazelnut-tart-with-lime-whipped-cream/,https://staging.lacuisinedebernard.com/banana-coconut-and-hazelnut-tart-with-lime-whipped-cream
https://lacuisinedebernard.com/%d9%83%d8%b9%d9%83%d8%a9-%d8%a7%d9%84%d8%ad%d9%86%d8%b7%d8%a9-%d8%a7%d9%84%d8%b3%d9%88%d8%af%d8%a7%d8%a1-%d9%88%d8%a7%d9%84%d8%aa%d9%81%d8%a7%d8%ad-%d9%88%d8%a7%d9%84%d8%a8%d9%86%d8%af%d9%82,https://staging.lacuisinedebernard.com/%d9%83%d8%b9%d9%83%d8%a9-%d8%a7%d9%84%d8%ad%d9%86%d8%b7%d8%a9-%d8%a7%d9%84%d8%b3%d9%88%d8%af%d8%a7%d8%a1-%d9%88%d8%a7%d9%84%d8%aa%d9%81%d8%a7%d8%ad-%d9%88%d8%a7%d9%84%d8%a8%d9%86%d8%af%d9%82
https://lacuisinedebernard.com/%d9%83%d8%b9%d9%83%d8%a9-%d8%a7%d9%84%d8%ad%d9%86%d8%b7%d8%a9-%d8%a7%d9%84%d8%b3%d9%88%d8%af%d8%a7%d8%a1-%d9%88%d8%a7%d9%84%d8%aa%d9%81%d8%a7%d8%ad-%d9%88%d8%a7%d9%84%d8%a8%d9%86%d8%af%d9%82/,https://staging.lacuisinedebernard.com/%d9%83%d8%b9%d9%83%d8%a9-%d8%a7%d9%84%d8%ad%d9%86%d8%b7%d8%a9-%d8%a7%d9%84%d8%b3%d9%88%d8%af%d8%a7%d8%a1-%d9%88%d8%a7%d9%84%d8%aa%d9%81%d8%a7%d8%ad-%d9%88%d8%a7%d9%84%d8%a8%d9%86%d8%af%d9%82
https://www.lacuisinedebernard.com/%d9%83%d8%b9%d9%83%d8%a9-%d8%a7%d9%84%d8%ad%d9%86%d8%b7%d8%a9-%d8%a7%d9%84%d8%b3%d9%88%d8%af%d8%a7%d8%a1-%d9%88%d8%a7%d9%84%d8%aa%d9%81%d8%a7%d8%ad-%d9%88%d8%a7%d9%84%d8%a8%d9%86%d8%af%d9%82,https://staging.lacuisinedebernard.com/%d9%83%d8%b9%d9%83%d8%a9-%d8%a7%d9%84%d8%ad%d9%86%d8%b7%d8%a9-%d8%a7%d9%84%d8%b3%d9%88%d8%af%d8%a7%d8%a1-%d9%88%d8%a7%d9%84%d8%aa%d9%81%d8%a7%d8%ad-%d9%88%d8%a7%d9%84%d8%a8%d9%86%d8%af%d9%82
https://www.lacuisinedebernard.com/%d9%83%d8%b9%d9%83%d8%a9-%d8%a7%d9%84%d8%ad%d9%86%d8%b7%d8%a9-%d8%a7%d9%84%d8%b3%d9%88%d8%af%d8%a7%d8%a1-%d9%88%d8%a7%d9%84%d8%aa%d9%81%d8%a7%d8%ad-%d9%88%d8%a7%d9%84%d8%a8%d9%86%d8%af%d9%82/,https://staging.lacuisinedebernard.com/%d9%83%d8%b9%d9%83%d8%a9-%d8%a7%d9%84%d8%ad%d9%86%d8%b7%d8%a9-%d8%a7%d9%84%d8%b3%d9%88%d8%af%d8%a7%d8%a1-%d9%88%d8%a7%d9%84%d8%aa%d9%81%d8%a7%d8%ad-%d9%88%d8%a7%d9%84%d8%a8%d9%86%d8%af%d9%82
https://lacuisinedebernard.com/tarta-de-queso-de-guayaba-y-ricotta,https://staging.lacuisinedebernard.com/tarta-de-queso-de-guayaba-y-ricotta
https://lacuisinedebernard.com/tarta-de-queso-de-guayaba-y-ricotta/,https://staging.lacuisinedebernard.com/tarta-de-queso-de-guayaba-y-ricotta
https://www.lacuisinedebernard.com/tarta-de-queso-de-guayaba-y-ricotta,https://staging.lacuisinedebernard.com/tarta-de-queso-de-guayaba-y-ricotta
https://www.lacuisinedebernard.com/tarta-de-queso-de-guayaba-y-ricotta/,https://staging.lacuisinedebernard.com/tarta-de-queso-de-guayaba-y-ricotta
https://lacuisinedebernard.com/barras-de-chocolate-con-almendras-y-frambuesas,https://staging.lacuisinedebernard.com/barras-de-chocolate-con-almendras-y-frambuesas
https://lacuisinedebernard.com/barras-de-chocolate-con-almendras-y-frambuesas/,https://staging.lacuisinedebernard.com/barras-de-chocolate-con-almendras-y-frambuesas
https://www.lacuisinedebernard.com/barras-de-chocolate-con-almendras-y-frambuesas,https://staging.lacuisinedebernard.com/barras-de-chocolate-con-almendras-y-frambuesas
https://www.lacuisinedebernard.com/barras-de-chocolate-con-almendras-y-frambuesas/,https://staging.lacuisinedebernard.com/barras-de-chocolate-con-almendras-y-frambuesas
https://lacuisinedebernard.com/cold-pasta-with-salmon-and-dill-sauce,https://staging.lacuisinedebernard.com/cold-pasta-with-salmon-and-dill-sauce
https://lacuisinedebernard.com/cold-pasta-with-salmon-and-dill-sauce/,https://staging.lacuisinedebernard.com/cold-pasta-with-salmon-and-dill-sauce
https://www.lacuisinedebernard.com/cold-pasta-with-salmon-and-dill-sauce,https://staging.lacuisinedebernard.com/cold-pasta-with-salmon-and-dill-sauce
https://www.lacuisinedebernard.com/cold-pasta-with-salmon-and-dill-sauce/,https://staging.lacuisinedebernard.com/cold-pasta-with-salmon-and-dill-sauce
https://lacuisinedebernard.com/barras-de-chocolate-com-aveia,https://staging.lacuisinedebernard.com/barras-de-chocolate-com-aveia
https://lacuisinedebernard.com/barras-de-chocolate-com-aveia/,https://staging.lacuisinedebernard.com/barras-de-chocolate-com-aveia
https://www.lacuisinedebernard.com/barras-de-chocolate-com-aveia,https://staging.lacuisinedebernard.com/barras-de-chocolate-com-aveia
https://www.lacuisinedebernard.com/barras-de-chocolate-com-aveia/,https://staging.lacuisinedebernard.com/barras-de-chocolate-com-aveia
https://lacuisinedebernard.com/%d8%ad%d9%85%d8%b5-%d8%a8%d8%a7%d9%84%d9%81%d9%84%d9%81%d9%84-%d8%a7%d9%84%d8%a3%d8%ad%d9%85%d8%b1,https://staging.lacuisinedebernard.com/%d8%ad%d9%85%d8%b5-%d8%a8%d8%a7%d9%84%d9%81%d9%84%d9%81%d9%84-%d8%a7%d9%84%d8%a3%d8%ad%d9%85%d8%b1
https://lacuisinedebernard.com/%d8%ad%d9%85%d8%b5-%d8%a8%d8%a7%d9%84%d9%81%d9%84%d9%81%d9%84-%d8%a7%d9%84%d8%a3%d8%ad%d9%85%d8%b1/,https://staging.lacuisinedebernard.com/%d8%ad%d9%85%d8%b5-%d8%a8%d8%a7%d9%84%d9%81%d9%84%d9%81%d9%84-%d8%a7%d9%84%d8%a3%d8%ad%d9%85%d8%b1
https://www.lacuisinedebernard.com/%d8%ad%d9%85%d8%b5-%d8%a8%d8%a7%d9%84%d9%81%d9%84%d9%81%d9%84-%d8%a7%d9%84%d8%a3%d8%ad%d9%85%d8%b1,https://staging.lacuisinedebernard.com/%d8%ad%d9%85%d8%b5-%d8%a8%d8%a7%d9%84%d9%81%d9%84%d9%81%d9%84-%d8%a7%d9%84%d8%a3%d8%ad%d9%85%d8%b1
https://www.lacuisinedebernard.com/%d8%ad%d9%85%d8%b5-%d8%a8%d8%a7%d9%84%d9%81%d9%84%d9%81%d9%84-%d8%a7%d9%84%d8%a3%d8%ad%d9%85%d8%b1/,https://staging.lacuisinedebernard.com/%d8%ad%d9%85%d8%b5-%d8%a8%d8%a7%d9%84%d9%81%d9%84%d9%81%d9%84-%d8%a7%d9%84%d8%a3%d8%ad%d9%85%d8%b1
https://lacuisinedebernard.com/chocolate-branco-e-biscoitos-pecan,https://staging.lacuisinedebernard.com/chocolate-branco-e-biscoitos-pecan
https://lacuisinedebernard.com/chocolate-branco-e-biscoitos-pecan/,https://staging.lacuisinedebernard.com/chocolate-branco-e-biscoitos-pecan
https://www.lacuisinedebernard.com/chocolate-branco-e-biscoitos-pecan,https://staging.lacuisinedebernard.com/chocolate-branco-e-biscoitos-pecan
https://www.lacuisinedebernard.com/chocolate-branco-e-biscoitos-pecan/,https://staging.lacuisinedebernard.com/chocolate-branco-e-biscoitos-pecan
https://lacuisinedebernard.com/%d9%81%d8%b7%d9%8a%d8%b1%d8%a9-%d8%af%d8%ac%d8%a7%d8%ac-%d9%88%d8%ac%d9%88%d8%b2-%d8%a7%d9%84%d9%87%d9%86%d8%af,https://staging.lacuisinedebernard.com/%d9%81%d8%b7%d9%8a%d8%b1%d8%a9-%d8%af%d8%ac%d8%a7%d8%ac-%d9%88%d8%ac%d9%88%d8%b2-%d8%a7%d9%84%d9%87%d9%86%d8%af
https://lacuisinedebernard.com/%d9%81%d8%b7%d9%8a%d8%b1%d8%a9-%d8%af%d8%ac%d8%a7%d8%ac-%d9%88%d8%ac%d9%88%d8%b2-%d8%a7%d9%84%d9%87%d9%86%d8%af/,https://staging.lacuisinedebernard.com/%d9%81%d8%b7%d9%8a%d8%b1%d8%a9-%d8%af%d8%ac%d8%a7%d8%ac-%d9%88%d8%ac%d9%88%d8%b2-%d8%a7%d9%84%d9%87%d9%86%d8%af
https://www.lacuisinedebernard.com/%d9%81%d8%b7%d9%8a%d8%b1%d8%a9-%d8%af%d8%ac%d8%a7%d8%ac-%d9%88%d8%ac%d9%88%d8%b2-%d8%a7%d9%84%d9%87%d9%86%d8%af,https://staging.lacuisinedebernard.com/%d9%81%d8%b7%d9%8a%d8%b1%d8%a9-%d8%af%d8%ac%d8%a7%d8%ac-%d9%88%d8%ac%d9%88%d8%b2-%d8%a7%d9%84%d9%87%d9%86%d8%af
https://www.lacuisinedebernard.com/%d9%81%d8%b7%d9%8a%d8%b1%d8%a9-%d8%af%d8%ac%d8%a7%d8%ac-%d9%88%d8%ac%d9%88%d8%b2-%d8%a7%d9%84%d9%87%d9%86%d8%af/,https://staging.lacuisinedebernard.com/%d9%81%d8%b7%d9%8a%d8%b1%d8%a9-%d8%af%d8%ac%d8%a7%d8%ac-%d9%88%d8%ac%d9%88%d8%b2-%d8%a7%d9%84%d9%87%d9%86%d8%af
https://lacuisinedebernard.com/%d8%aa%d8%a7%d8%b1%d8%aa-%d8%ac%d9%88%d8%b2-%d8%a7%d9%84%d9%87%d9%86%d8%af-%d9%88%d8%a7%d9%84%d8%a8%d9%86%d8%af%d9%82-%d9%88%d8%a7%d9%84%d9%85%d9%88%d8%b2-%d9%88%d8%a7%d9%84%d9%83%d8%b1%d9%8a%d9%85,https://staging.lacuisinedebernard.com/%d8%aa%d8%a7%d8%b1%d8%aa-%d8%ac%d9%88%d8%b2-%d8%a7%d9%84%d9%87%d9%86%d8%af-%d9%88%d8%a7%d9%84%d8%a8%d9%86%d8%af%d9%82-%d9%88%d8%a7%d9%84%d9%85%d9%88%d8%b2-%d9%88%d8%a7%d9%84%d9%83%d8%b1%d9%8a%d9%85
https://lacuisinedebernard.com/%d8%aa%d8%a7%d8%b1%d8%aa-%d8%ac%d9%88%d8%b2-%d8%a7%d9%84%d9%87%d9%86%d8%af-%d9%88%d8%a7%d9%84%d8%a8%d9%86%d8%af%d9%82-%d9%88%d8%a7%d9%84%d9%85%d9%88%d8%b2-%d9%88%d8%a7%d9%84%d9%83%d8%b1%d9%8a%d9%85/,https://staging.lacuisinedebernard.com/%d8%aa%d8%a7%d8%b1%d8%aa-%d8%ac%d9%88%d8%b2-%d8%a7%d9%84%d9%87%d9%86%d8%af-%d9%88%d8%a7%d9%84%d8%a8%d9%86%d8%af%d9%82-%d9%88%d8%a7%d9%84%d9%85%d9%88%d8%b2-%d9%88%d8%a7%d9%84%d9%83%d8%b1%d9%8a%d9%85
https://www.lacuisinedebernard.com/%d8%aa%d8%a7%d8%b1%d8%aa-%d8%ac%d9%88%d8%b2-%d8%a7%d9%84%d9%87%d9%86%d8%af-%d9%88%d8%a7%d9%84%d8%a8%d9%86%d8%af%d9%82-%d9%88%d8%a7%d9%84%d9%85%d9%88%d8%b2-%d9%88%d8%a7%d9%84%d9%83%d8%b1%d9%8a%d9%85,https://staging.lacuisinedebernard.com/%d8%aa%d8%a7%d8%b1%d8%aa-%d8%ac%d9%88%d8%b2-%d8%a7%d9%84%d9%87%d9%86%d8%af-%d9%88%d8%a7%d9%84%d8%a8%d9%86%d8%af%d9%82-%d9%88%d8%a7%d9%84%d9%85%d9%88%d8%b2-%d9%88%d8%a7%d9%84%d9%83%d8%b1%d9%8a%d9%85
https://www.lacuisinedebernard.com/%d8%aa%d8%a7%d8%b1%d8%aa-%d8%ac%d9%88%d8%b2-%d8%a7%d9%84%d9%87%d9%86%d8%af-%d9%88%d8%a7%d9%84%d8%a8%d9%86%d8%af%d9%82-%d9%88%d8%a7%d9%84%d9%85%d9%88%d8%b2-%d9%88%d8%a7%d9%84%d9%83%d8%b1%d9%8a%d9%85/,https://staging.lacuisinedebernard.com/%d8%aa%d8%a7%d8%b1%d8%aa-%d8%ac%d9%88%d8%b2-%d8%a7%d9%84%d9%87%d9%86%d8%af-%d9%88%d8%a7%d9%84%d8%a8%d9%86%d8%af%d9%82-%d9%88%d8%a7%d9%84%d9%85%d9%88%d8%b2-%d9%88%d8%a7%d9%84%d9%83%d8%b1%d9%8a%d9%85
https://lacuisinedebernard.com/oatmeal-chocolate-bars,https://staging.lacuisinedebernard.com/oatmeal-chocolate-bars
https://lacuisinedebernard.com/oatmeal-chocolate-bars/,https://staging.lacuisinedebernard.com/oatmeal-chocolate-bars
https://www.lacuisinedebernard.com/oatmeal-chocolate-bars,https://staging.lacuisinedebernard.com/oatmeal-chocolate-bars
https://www.lacuisinedebernard.com/oatmeal-chocolate-bars/,https://staging.lacuisinedebernard.com/oatmeal-chocolate-bars
https://lacuisinedebernard.com/%d8%b4%d9%88%d8%b1%d8%a8%d8%a9-%d8%ac%d8%b2%d8%b1-%d8%8c-%d8%a8%d8%b7%d8%a7%d8%b7%d8%a7-%d8%ad%d9%84%d9%88%d8%a9-%d8%8c-%d8%b2%d9%86%d8%ac%d8%a8%d9%8a%d9%84-%d9%88%d8%ad%d9%84%d9%8a%d8%a8-%d8%ac%d9%88,https://staging.lacuisinedebernard.com/%d8%b4%d9%88%d8%b1%d8%a8%d8%a9-%d8%ac%d8%b2%d8%b1-%d8%8c-%d8%a8%d8%b7%d8%a7%d8%b7%d8%a7-%d8%ad%d9%84%d9%88%d8%a9-%d8%8c-%d8%b2%d9%86%d8%ac%d8%a8%d9%8a%d9%84-%d9%88%d8%ad%d9%84%d9%8a%d8%a8-%d8%ac%d9%88
https://lacuisinedebernard.com/%d8%b4%d9%88%d8%b1%d8%a8%d8%a9-%d8%ac%d8%b2%d8%b1-%d8%8c-%d8%a8%d8%b7%d8%a7%d8%b7%d8%a7-%d8%ad%d9%84%d9%88%d8%a9-%d8%8c-%d8%b2%d9%86%d8%ac%d8%a8%d9%8a%d9%84-%d9%88%d8%ad%d9%84%d9%8a%d8%a8-%d8%ac%d9%88/,https://staging.lacuisinedebernard.com/%d8%b4%d9%88%d8%b1%d8%a8%d8%a9-%d8%ac%d8%b2%d8%b1-%d8%8c-%d8%a8%d8%b7%d8%a7%d8%b7%d8%a7-%d8%ad%d9%84%d9%88%d8%a9-%d8%8c-%d8%b2%d9%86%d8%ac%d8%a8%d9%8a%d9%84-%d9%88%d8%ad%d9%84%d9%8a%d8%a8-%d8%ac%d9%88
https://www.lacuisinedebernard.com/%d8%b4%d9%88%d8%b1%d8%a8%d8%a9-%d8%ac%d8%b2%d8%b1-%d8%8c-%d8%a8%d8%b7%d8%a7%d8%b7%d8%a7-%d8%ad%d9%84%d9%88%d8%a9-%d8%8c-%d8%b2%d9%86%d8%ac%d8%a8%d9%8a%d9%84-%d9%88%d8%ad%d9%84%d9%8a%d8%a8-%d8%ac%d9%88,https://staging.lacuisinedebernard.com/%d8%b4%d9%88%d8%b1%d8%a8%d8%a9-%d8%ac%d8%b2%d8%b1-%d8%8c-%d8%a8%d8%b7%d8%a7%d8%b7%d8%a7-%d8%ad%d9%84%d9%88%d8%a9-%d8%8c-%d8%b2%d9%86%d8%ac%d8%a8%d9%8a%d9%84-%d9%88%d8%ad%d9%84%d9%8a%d8%a8-%d8%ac%d9%88
https://www.lacuisinedebernard.com/%d8%b4%d9%88%d8%b1%d8%a8%d8%a9-%d8%ac%d8%b2%d8%b1-%d8%8c-%d8%a8%d8%b7%d8%a7%d8%b7%d8%a7-%d8%ad%d9%84%d9%88%d8%a9-%d8%8c-%d8%b2%d9%86%d8%ac%d8%a8%d9%8a%d9%84-%d9%88%d8%ad%d9%84%d9%8a%d8%a8-%d8%ac%d9%88/,https://staging.lacuisinedebernard.com/%d8%b4%d9%88%d8%b1%d8%a8%d8%a9-%d8%ac%d8%b2%d8%b1-%d8%8c-%d8%a8%d8%b7%d8%a7%d8%b7%d8%a7-%d8%ad%d9%84%d9%88%d8%a9-%d8%8c-%d8%b2%d9%86%d8%ac%d8%a8%d9%8a%d9%84-%d9%88%d8%ad%d9%84%d9%8a%d8%a8-%d8%ac%d9%88
https://lacuisinedebernard.com/el-mejor-pastel-de-avellanas,https://staging.lacuisinedebernard.com/el-mejor-pastel-de-avellanas
https://lacuisinedebernard.com/el-mejor-pastel-de-avellanas/,https://staging.lacuisinedebernard.com/el-mejor-pastel-de-avellanas
https://www.lacuisinedebernard.com/el-mejor-pastel-de-avellanas,https://staging.lacuisinedebernard.com/el-mejor-pastel-de-avellanas
https://www.lacuisinedebernard.com/el-mejor-pastel-de-avellanas/,https://staging.lacuisinedebernard.com/el-mejor-pastel-de-avellanas
https://lacuisinedebernard.com/barras-de-chocolate-de-amendoas-de-framboesa,https://staging.lacuisinedebernard.com/barras-de-chocolate-de-amendoas-de-framboesa
https://lacuisinedebernard.com/barras-de-chocolate-de-amendoas-de-framboesa/,https://staging.lacuisinedebernard.com/barras-de-chocolate-de-amendoas-de-framboesa
https://www.lacuisinedebernard.com/barras-de-chocolate-de-amendoas-de-framboesa,https://staging.lacuisinedebernard.com/barras-de-chocolate-de-amendoas-de-framboesa
https://www.lacuisinedebernard.com/barras-de-chocolate-de-amendoas-de-framboesa/,https://staging.lacuisinedebernard.com/barras-de-chocolate-de-amendoas-de-framboesa
https://lacuisinedebernard.com/tarta-de-manzana-en-espiral-con-crema-de-chocolate-y-almendras,https://staging.lacuisinedebernard.com/tarta-de-manzana-en-espiral-con-crema-de-chocolate-y-almendras
https://lacuisinedebernard.com/tarta-de-manzana-en-espiral-con-crema-de-chocolate-y-almendras/,https://staging.lacuisinedebernard.com/tarta-de-manzana-en-espiral-con-crema-de-chocolate-y-almendras
https://www.lacuisinedebernard.com/tarta-de-manzana-en-espiral-con-crema-de-chocolate-y-almendras,https://staging.lacuisinedebernard.com/tarta-de-manzana-en-espiral-con-crema-de-chocolate-y-almendras
https://www.lacuisinedebernard.com/tarta-de-manzana-en-espiral-con-crema-de-chocolate-y-almendras/,https://staging.lacuisinedebernard.com/tarta-de-manzana-en-espiral-con-crema-de-chocolate-y-almendras
https://lacuisinedebernard.com/canistrelli-con-almendras,https://staging.lacuisinedebernard.com/canistrelli-con-almendras
https://lacuisinedebernard.com/canistrelli-con-almendras/,https://staging.lacuisinedebernard.com/canistrelli-con-almendras
https://www.lacuisinedebernard.com/canistrelli-con-almendras,https://staging.lacuisinedebernard.com/canistrelli-con-almendras
https://www.lacuisinedebernard.com/canistrelli-con-almendras/,https://staging.lacuisinedebernard.com/canistrelli-con-almendras
https://lacuisinedebernard.com/cheesecake-de-goiabada,https://staging.lacuisinedebernard.com/cheesecake-de-goiabada
https://lacuisinedebernard.com/cheesecake-de-goiabada/,https://staging.lacuisinedebernard.com/cheesecake-de-goiabada
https://www.lacuisinedebernard.com/cheesecake-de-goiabada,https://staging.lacuisinedebernard.com/cheesecake-de-goiabada
https://www.lacuisinedebernard.com/cheesecake-de-goiabada/,https://staging.lacuisinedebernard.com/cheesecake-de-goiabada
https://lacuisinedebernard.com/%d9%85%d9%83%d8%b1%d9%88%d9%86%d8%a9-%d8%a8%d8%a7%d8%b1%d8%af%d8%a9-%d8%a8%d8%b5%d9%84%d8%b5%d8%a9-%d8%a7%d9%84%d8%b3%d9%84%d9%85%d9%88%d9%86-%d9%88%d8%a7%d9%84%d8%b4%d8%a8%d8%aa,https://staging.lacuisinedebernard.com/%d9%85%d9%83%d8%b1%d9%88%d9%86%d8%a9-%d8%a8%d8%a7%d8%b1%d8%af%d8%a9-%d8%a8%d8%b5%d9%84%d8%b5%d8%a9-%d8%a7%d9%84%d8%b3%d9%84%d9%85%d9%88%d9%86-%d9%88%d8%a7%d9%84%d8%b4%d8%a8%d8%aa
https://lacuisinedebernard.com/%d9%85%d9%83%d8%b1%d9%88%d9%86%d8%a9-%d8%a8%d8%a7%d8%b1%d8%af%d8%a9-%d8%a8%d8%b5%d9%84%d8%b5%d8%a9-%d8%a7%d9%84%d8%b3%d9%84%d9%85%d9%88%d9%86-%d9%88%d8%a7%d9%84%d8%b4%d8%a8%d8%aa/,https://staging.lacuisinedebernard.com/%d9%85%d9%83%d8%b1%d9%88%d9%86%d8%a9-%d8%a8%d8%a7%d8%b1%d8%af%d8%a9-%d8%a8%d8%b5%d9%84%d8%b5%d8%a9-%d8%a7%d9%84%d8%b3%d9%84%d9%85%d9%88%d9%86-%d9%88%d8%a7%d9%84%d8%b4%d8%a8%d8%aa
https://www.lacuisinedebernard.com/%d9%85%d9%83%d8%b1%d9%88%d9%86%d8%a9-%d8%a8%d8%a7%d8%b1%d8%af%d8%a9-%d8%a8%d8%b5%d9%84%d8%b5%d8%a9-%d8%a7%d9%84%d8%b3%d9%84%d9%85%d9%88%d9%86-%d9%88%d8%a7%d9%84%d8%b4%d8%a8%d8%aa,https://staging.lacuisinedebernard.com/%d9%85%d9%83%d8%b1%d9%88%d9%86%d8%a9-%d8%a8%d8%a7%d8%b1%d8%af%d8%a9-%d8%a8%d8%b5%d9%84%d8%b5%d8%a9-%d8%a7%d9%84%d8%b3%d9%84%d9%85%d9%88%d9%86-%d9%88%d8%a7%d9%84%d8%b4%d8%a8%d8%aa
https://www.lacuisinedebernard.com/%d9%85%d9%83%d8%b1%d9%88%d9%86%d8%a9-%d8%a8%d8%a7%d8%b1%d8%af%d8%a9-%d8%a8%d8%b5%d9%84%d8%b5%d8%a9-%d8%a7%d9%84%d8%b3%d9%84%d9%85%d9%88%d9%86-%d9%88%d8%a7%d9%84%d8%b4%d8%a8%d8%aa/,https://staging.lacuisinedebernard.com/%d9%85%d9%83%d8%b1%d9%88%d9%86%d8%a9-%d8%a8%d8%a7%d8%b1%d8%af%d8%a9-%d8%a8%d8%b5%d9%84%d8%b5%d8%a9-%d8%a7%d9%84%d8%b3%d9%84%d9%85%d9%88%d9%86-%d9%88%d8%a7%d9%84%d8%b4%d8%a8%d8%aa
https://lacuisinedebernard.com/white-chocolate-and-pecan-cookies,https://staging.lacuisinedebernard.com/white-chocolate-and-pecan-cookies
https://lacuisinedebernard.com/white-chocolate-and-pecan-cookies/,https://staging.lacuisinedebernard.com/white-chocolate-and-pecan-cookies
https://www.lacuisinedebernard.com/white-chocolate-and-pecan-cookies,https://staging.lacuisinedebernard.com/white-chocolate-and-pecan-cookies
https://www.lacuisinedebernard.com/white-chocolate-and-pecan-cookies/,https://staging.lacuisinedebernard.com/white-chocolate-and-pecan-cookies
https://lacuisinedebernard.com/torta-espiralada-de-maca-com-creme-de-amendoa-de-chocolate,https://staging.lacuisinedebernard.com/torta-espiralada-de-maca-com-creme-de-amendoa-de-chocolate
https://lacuisinedebernard.com/torta-espiralada-de-maca-com-creme-de-amendoa-de-chocolate/,https://staging.lacuisinedebernard.com/torta-espiralada-de-maca-com-creme-de-amendoa-de-chocolate
https://www.lacuisinedebernard.com/torta-espiralada-de-maca-com-creme-de-amendoa-de-chocolate,https://staging.lacuisinedebernard.com/torta-espiralada-de-maca-com-creme-de-amendoa-de-chocolate
https://www.lacuisinedebernard.com/torta-espiralada-de-maca-com-creme-de-amendoa-de-chocolate/,https://staging.lacuisinedebernard.com/torta-espiralada-de-maca-com-creme-de-amendoa-de-chocolate
https://lacuisinedebernard.com/pastel-de-manzana-y-avellanas-de-trigo-sarraceno,https://staging.lacuisinedebernard.com/pastel-de-manzana-y-avellanas-de-trigo-sarraceno
https://lacuisinedebernard.com/pastel-de-manzana-y-avellanas-de-trigo-sarraceno/,https://staging.lacuisinedebernard.com/pastel-de-manzana-y-avellanas-de-trigo-sarraceno
https://www.lacuisinedebernard.com/pastel-de-manzana-y-avellanas-de-trigo-sarraceno,https://staging.lacuisinedebernard.com/pastel-de-manzana-y-avellanas-de-trigo-sarraceno
https://www.lacuisinedebernard.com/pastel-de-manzana-y-avellanas-de-trigo-sarraceno/,https://staging.lacuisinedebernard.com/pastel-de-manzana-y-avellanas-de-trigo-sarraceno
https://lacuisinedebernard.com/%d9%83%d9%88%d9%83%d9%8a%d8%b2-%d8%b4%d9%88%d9%83%d9%88%d9%84%d8%a7%d8%aa%d8%a9-%d8%a8%d9%8a%d8%b6%d8%a7%d8%a1-%d9%88%d8%ac%d9%88%d8%b2-%d8%a7%d9%84%d8%a8%d9%82%d8%a7%d9%86,https://staging.lacuisinedebernard.com/%d9%83%d9%88%d9%83%d9%8a%d8%b2-%d8%b4%d9%88%d9%83%d9%88%d9%84%d8%a7%d8%aa%d8%a9-%d8%a8%d9%8a%d8%b6%d8%a7%d8%a1-%d9%88%d8%ac%d9%88%d8%b2-%d8%a7%d9%84%d8%a8%d9%82%d8%a7%d9%86
https://lacuisinedebernard.com/%d9%83%d9%88%d9%83%d9%8a%d8%b2-%d8%b4%d9%88%d9%83%d9%88%d9%84%d8%a7%d8%aa%d8%a9-%d8%a8%d9%8a%d8%b6%d8%a7%d8%a1-%d9%88%d8%ac%d9%88%d8%b2-%d8%a7%d9%84%d8%a8%d9%82%d8%a7%d9%86/,https://staging.lacuisinedebernard.com/%d9%83%d9%88%d9%83%d9%8a%d8%b2-%d8%b4%d9%88%d9%83%d9%88%d9%84%d8%a7%d8%aa%d8%a9-%d8%a8%d9%8a%d8%b6%d8%a7%d8%a1-%d9%88%d8%ac%d9%88%d8%b2-%d8%a7%d9%84%d8%a8%d9%82%d8%a7%d9%86
https://www.lacuisinedebernard.com/%d9%83%d9%88%d9%83%d9%8a%d8%b2-%d8%b4%d9%88%d9%83%d9%88%d9%84%d8%a7%d8%aa%d8%a9-%d8%a8%d9%8a%d8%b6%d8%a7%d8%a1-%d9%88%d8%ac%d9%88%d8%b2-%d8%a7%d9%84%d8%a8%d9%82%d8%a7%d9%86,https://staging.lacuisinedebernard.com/%d9%83%d9%88%d9%83%d9%8a%d8%b2-%d8%b4%d9%88%d9%83%d9%88%d9%84%d8%a7%d8%aa%d8%a9-%d8%a8%d9%8a%d8%b6%d8%a7%d8%a1-%d9%88%d8%ac%d9%88%d8%b2-%d8%a7%d9%84%d8%a8%d9%82%d8%a7%d9%86
https://www.lacuisinedebernard.com/%d9%83%d9%88%d9%83%d9%8a%d8%b2-%d8%b4%d9%88%d9%83%d9%88%d9%84%d8%a7%d8%aa%d8%a9-%d8%a8%d9%8a%d8%b6%d8%a7%d8%a1-%d9%88%d8%ac%d9%88%d8%b2-%d8%a7%d9%84%d8%a8%d9%82%d8%a7%d9%86/,https://staging.lacuisinedebernard.com/%d9%83%d9%88%d9%83%d9%8a%d8%b2-%d8%b4%d9%88%d9%83%d9%88%d9%84%d8%a7%d8%aa%d8%a9-%d8%a8%d9%8a%d8%b6%d8%a7%d8%a1-%d9%88%d8%ac%d9%88%d8%b2-%d8%a7%d9%84%d8%a8%d9%82%d8%a7%d9%86
https://lacuisinedebernard.com/canistrelli-com-amendoas,https://staging.lacuisinedebernard.com/canistrelli-com-amendoas
https://lacuisinedebernard.com/canistrelli-com-amendoas/,https://staging.lacuisinedebernard.com/canistrelli-com-amendoas
https://www.lacuisinedebernard.com/canistrelli-com-amendoas,https://staging.lacuisinedebernard.com/canistrelli-com-amendoas
https://www.lacuisinedebernard.com/canistrelli-com-amendoas/,https://staging.lacuisinedebernard.com/canistrelli-com-amendoas
https://lacuisinedebernard.com/%d8%a3%d9%84%d9%88%d8%a7%d8%ad-%d8%b4%d9%88%d9%81%d8%a7%d9%86-%d8%a8%d8%a7%d9%84%d8%b4%d9%88%d9%83%d9%88%d9%84%d8%a7%d8%aa%d8%a9,https://staging.lacuisinedebernard.com/%d8%a3%d9%84%d9%88%d8%a7%d8%ad-%d8%b4%d9%88%d9%81%d8%a7%d9%86-%d8%a8%d8%a7%d9%84%d8%b4%d9%88%d9%83%d9%88%d9%84%d8%a7%d8%aa%d8%a9
https://lacuisinedebernard.com/%d8%a3%d9%84%d9%88%d8%a7%d8%ad-%d8%b4%d9%88%d9%81%d8%a7%d9%86-%d8%a8%d8%a7%d9%84%d8%b4%d9%88%d9%83%d9%88%d9%84%d8%a7%d8%aa%d8%a9/,https://staging.lacuisinedebernard.com/%d8%a3%d9%84%d9%88%d8%a7%d8%ad-%d8%b4%d9%88%d9%81%d8%a7%d9%86-%d8%a8%d8%a7%d9%84%d8%b4%d9%88%d9%83%d9%88%d9%84%d8%a7%d8%aa%d8%a9
https://www.lacuisinedebernard.com/%d8%a3%d9%84%d9%88%d8%a7%d8%ad-%d8%b4%d9%88%d9%81%d8%a7%d9%86-%d8%a8%d8%a7%d9%84%d8%b4%d9%88%d9%83%d9%88%d9%84%d8%a7%d8%aa%d8%a9,https://staging.lacuisinedebernard.com/%d8%a3%d9%84%d9%88%d8%a7%d8%ad-%d8%b4%d9%88%d9%81%d8%a7%d9%86-%d8%a8%d8%a7%d9%84%d8%b4%d9%88%d9%83%d9%88%d9%84%d8%a7%d8%aa%d8%a9
https://www.lacuisinedebernard.com/%d8%a3%d9%84%d9%88%d8%a7%d8%ad-%d8%b4%d9%88%d9%81%d8%a7%d9%86-%d8%a8%d8%a7%d9%84%d8%b4%d9%88%d9%83%d9%88%d9%84%d8%a7%d8%aa%d8%a9/,https://staging.lacuisinedebernard.com/%d8%a3%d9%84%d9%88%d8%a7%d8%ad-%d8%b4%d9%88%d9%81%d8%a7%d9%86-%d8%a8%d8%a7%d9%84%d8%b4%d9%88%d9%83%d9%88%d9%84%d8%a7%d8%aa%d8%a9
https://lacuisinedebernard.com/raspberry-almond-chocolate-bars,https://staging.lacuisinedebernard.com/raspberry-almond-chocolate-bars
https://lacuisinedebernard.com/raspberry-almond-chocolate-bars/,https://staging.lacuisinedebernard.com/raspberry-almond-chocolate-bars
https://www.lacuisinedebernard.com/raspberry-almond-chocolate-bars,https://staging.lacuisinedebernard.com/raspberry-almond-chocolate-bars
https://www.lacuisinedebernard.com/raspberry-almond-chocolate-bars/,https://staging.lacuisinedebernard.com/raspberry-almond-chocolate-bars
https://lacuisinedebernard.com/bolo-de-avela-ultimate,https://staging.lacuisinedebernard.com/bolo-de-avela-ultimate
https://lacuisinedebernard.com/bolo-de-avela-ultimate/,https://staging.lacuisinedebernard.com/bolo-de-avela-ultimate
https://www.lacuisinedebernard.com/bolo-de-avela-ultimate,https://staging.lacuisinedebernard.com/bolo-de-avela-ultimate
https://www.lacuisinedebernard.com/bolo-de-avela-ultimate/,https://staging.lacuisinedebernard.com/bolo-de-avela-ultimate
