https://lacuisinedebernard.com/sphere-dor,https://staging.lacuisinedebernard.com/sphere-dor
https://lacuisinedebernard.com/sphere-dor/,https://staging.lacuisinedebernard.com/sphere-dor
https://www.lacuisinedebernard.com/sphere-dor,https://staging.lacuisinedebernard.com/sphere-dor
https://www.lacuisinedebernard.com/sphere-dor/,https://staging.lacuisinedebernard.com/sphere-dor
https://lacuisinedebernard.com/tartare-de-saumon,https://staging.lacuisinedebernard.com/tartare-de-saumon
https://lacuisinedebernard.com/tartare-de-saumon/,https://staging.lacuisinedebernard.com/tartare-de-saumon
https://www.lacuisinedebernard.com/tartare-de-saumon,https://staging.lacuisinedebernard.com/tartare-de-saumon
https://www.lacuisinedebernard.com/tartare-de-saumon/,https://staging.lacuisinedebernard.com/tartare-de-saumon
https://lacuisinedebernard.com/les-speculoos-fins,https://staging.lacuisinedebernard.com/les-speculoos-fins
https://lacuisinedebernard.com/les-speculoos-fins/,https://staging.lacuisinedebernard.com/les-speculoos-fins
https://www.lacuisinedebernard.com/les-speculoos-fins,https://staging.lacuisinedebernard.com/les-speculoos-fins
https://www.lacuisinedebernard.com/les-speculoos-fins/,https://staging.lacuisinedebernard.com/les-speculoos-fins
https://lacuisinedebernard.com/mes-voyages-culinaires-beyrou,https://staging.lacuisinedebernard.com/mes-voyages-culinaires-beyrou
https://lacuisinedebernard.com/mes-voyages-culinaires-beyrou/,https://staging.lacuisinedebernard.com/mes-voyages-culinaires-beyrou
https://www.lacuisinedebernard.com/mes-voyages-culinaires-beyrou,https://staging.lacuisinedebernard.com/mes-voyages-culinaires-beyrou
https://www.lacuisinedebernard.com/mes-voyages-culinaires-beyrou/,https://staging.lacuisinedebernard.com/mes-voyages-culinaires-beyrou
https://lacuisinedebernard.com/la-creme-glacee-la-pistache,https://staging.lacuisinedebernard.com/la-creme-glacee-la-pistache
https://lacuisinedebernard.com/la-creme-glacee-la-pistache/,https://staging.lacuisinedebernard.com/la-creme-glacee-la-pistache
https://www.lacuisinedebernard.com/la-creme-glacee-la-pistache,https://staging.lacuisinedebernard.com/la-creme-glacee-la-pistache
https://www.lacuisinedebernard.com/la-creme-glacee-la-pistache/,https://staging.lacuisinedebernard.com/la-creme-glacee-la-pistache
https://lacuisinedebernard.com/mes-voyages-culinaires-tokyo,https://staging.lacuisinedebernard.com/mes-voyages-culinaires-tokyo
https://lacuisinedebernard.com/mes-voyages-culinaires-tokyo/,https://staging.lacuisinedebernard.com/mes-voyages-culinaires-tokyo
https://www.lacuisinedebernard.com/mes-voyages-culinaires-tokyo,https://staging.lacuisinedebernard.com/mes-voyages-culinaires-tokyo
https://www.lacuisinedebernard.com/mes-voyages-culinaires-tokyo/,https://staging.lacuisinedebernard.com/mes-voyages-culinaires-tokyo
https://lacuisinedebernard.com/les-nems-coustillants-lavoca,https://staging.lacuisinedebernard.com/les-nems-coustillants-lavoca
https://lacuisinedebernard.com/les-nems-coustillants-lavoca/,https://staging.lacuisinedebernard.com/les-nems-coustillants-lavoca
https://www.lacuisinedebernard.com/les-nems-coustillants-lavoca,https://staging.lacuisinedebernard.com/les-nems-coustillants-lavoca
https://www.lacuisinedebernard.com/les-nems-coustillants-lavoca/,https://staging.lacuisinedebernard.com/les-nems-coustillants-lavoca
https://lacuisinedebernard.com/les-chouquettes,https://staging.lacuisinedebernard.com/les-chouquettes
https://lacuisinedebernard.com/les-chouquettes/,https://staging.lacuisinedebernard.com/les-chouquettes
https://www.lacuisinedebernard.com/les-chouquettes,https://staging.lacuisinedebernard.com/les-chouquettes
https://www.lacuisinedebernard.com/les-chouquettes/,https://staging.lacuisinedebernard.com/les-chouquettes
https://lacuisinedebernard.com/les-crumpets,https://staging.lacuisinedebernard.com/les-crumpets
https://lacuisinedebernard.com/les-crumpets/,https://staging.lacuisinedebernard.com/les-crumpets
https://www.lacuisinedebernard.com/les-crumpets,https://staging.lacuisinedebernard.com/les-crumpets
https://www.lacuisinedebernard.com/les-crumpets/,https://staging.lacuisinedebernard.com/les-crumpets
https://lacuisinedebernard.com/mes-voyages-culinaires-bodeaux-et-sain,https://staging.lacuisinedebernard.com/mes-voyages-culinaires-bodeaux-et-sain
https://lacuisinedebernard.com/mes-voyages-culinaires-bodeaux-et-sain/,https://staging.lacuisinedebernard.com/mes-voyages-culinaires-bodeaux-et-sain
https://www.lacuisinedebernard.com/mes-voyages-culinaires-bodeaux-et-sain,https://staging.lacuisinedebernard.com/mes-voyages-culinaires-bodeaux-et-sain
https://www.lacuisinedebernard.com/mes-voyages-culinaires-bodeaux-et-sain/,https://staging.lacuisinedebernard.com/mes-voyages-culinaires-bodeaux-et-sain
https://lacuisinedebernard.com/le-crumble-pommes-poires-et-chocola,https://staging.lacuisinedebernard.com/le-crumble-pommes-poires-et-chocola
https://lacuisinedebernard.com/le-crumble-pommes-poires-et-chocola/,https://staging.lacuisinedebernard.com/le-crumble-pommes-poires-et-chocola
https://www.lacuisinedebernard.com/le-crumble-pommes-poires-et-chocola,https://staging.lacuisinedebernard.com/le-crumble-pommes-poires-et-chocola
https://www.lacuisinedebernard.com/le-crumble-pommes-poires-et-chocola/,https://staging.lacuisinedebernard.com/le-crumble-pommes-poires-et-chocola
https://lacuisinedebernard.com/les-amaretti,https://staging.lacuisinedebernard.com/les-amaretti
https://lacuisinedebernard.com/les-amaretti/,https://staging.lacuisinedebernard.com/les-amaretti
https://www.lacuisinedebernard.com/les-amaretti,https://staging.lacuisinedebernard.com/les-amaretti
https://www.lacuisinedebernard.com/les-amaretti/,https://staging.lacuisinedebernard.com/les-amaretti
https://lacuisinedebernard.com/la-terrine-dasperges-blanches,https://staging.lacuisinedebernard.com/la-terrine-dasperges-blanches
https://lacuisinedebernard.com/la-terrine-dasperges-blanches/,https://staging.lacuisinedebernard.com/la-terrine-dasperges-blanches
https://www.lacuisinedebernard.com/la-terrine-dasperges-blanches,https://staging.lacuisinedebernard.com/la-terrine-dasperges-blanches
https://www.lacuisinedebernard.com/la-terrine-dasperges-blanches/,https://staging.lacuisinedebernard.com/la-terrine-dasperges-blanches
https://lacuisinedebernard.com/la-sphere-de-cuivre,https://staging.lacuisinedebernard.com/la-sphere-de-cuivre
https://lacuisinedebernard.com/la-sphere-de-cuivre/,https://staging.lacuisinedebernard.com/la-sphere-de-cuivre
https://www.lacuisinedebernard.com/la-sphere-de-cuivre,https://staging.lacuisinedebernard.com/la-sphere-de-cuivre
https://www.lacuisinedebernard.com/la-sphere-de-cuivre/,https://staging.lacuisinedebernard.com/la-sphere-de-cuivre
https://lacuisinedebernard.com/les-accras-antillais,https://staging.lacuisinedebernard.com/les-accras-antillais
https://lacuisinedebernard.com/les-accras-antillais/,https://staging.lacuisinedebernard.com/les-accras-antillais
https://www.lacuisinedebernard.com/les-accras-antillais,https://staging.lacuisinedebernard.com/les-accras-antillais
https://www.lacuisinedebernard.com/les-accras-antillais/,https://staging.lacuisinedebernard.com/les-accras-antillais
https://lacuisinedebernard.com/degustation-decadente-de-mille-feuilles,https://staging.lacuisinedebernard.com/degustation-decadente-de-mille-feuilles
https://lacuisinedebernard.com/degustation-decadente-de-mille-feuilles/,https://staging.lacuisinedebernard.com/degustation-decadente-de-mille-feuilles
https://www.lacuisinedebernard.com/degustation-decadente-de-mille-feuilles,https://staging.lacuisinedebernard.com/degustation-decadente-de-mille-feuilles
https://www.lacuisinedebernard.com/degustation-decadente-de-mille-feuilles/,https://staging.lacuisinedebernard.com/degustation-decadente-de-mille-feuilles
https://lacuisinedebernard.com/le-porc-laigre-doux,https://staging.lacuisinedebernard.com/le-porc-laigre-doux
https://lacuisinedebernard.com/le-porc-laigre-doux/,https://staging.lacuisinedebernard.com/le-porc-laigre-doux
https://www.lacuisinedebernard.com/le-porc-laigre-doux,https://staging.lacuisinedebernard.com/le-porc-laigre-doux
https://www.lacuisinedebernard.com/le-porc-laigre-doux/,https://staging.lacuisinedebernard.com/le-porc-laigre-doux
https://lacuisinedebernard.com/mes-voyages-culinaires-johannesbourg,https://staging.lacuisinedebernard.com/mes-voyages-culinaires-johannesbourg
https://lacuisinedebernard.com/mes-voyages-culinaires-johannesbourg/,https://staging.lacuisinedebernard.com/mes-voyages-culinaires-johannesbourg
https://www.lacuisinedebernard.com/mes-voyages-culinaires-johannesbourg,https://staging.lacuisinedebernard.com/mes-voyages-culinaires-johannesbourg
https://www.lacuisinedebernard.com/mes-voyages-culinaires-johannesbourg/,https://staging.lacuisinedebernard.com/mes-voyages-culinaires-johannesbourg
https://lacuisinedebernard.com/les-sables-pavot-vanille,https://staging.lacuisinedebernard.com/les-sables-pavot-vanille
https://lacuisinedebernard.com/les-sables-pavot-vanille/,https://staging.lacuisinedebernard.com/les-sables-pavot-vanille
https://www.lacuisinedebernard.com/les-sables-pavot-vanille,https://staging.lacuisinedebernard.com/les-sables-pavot-vanille
https://www.lacuisinedebernard.com/les-sables-pavot-vanille/,https://staging.lacuisinedebernard.com/les-sables-pavot-vanille
https://lacuisinedebernard.com/la-soupe-froide-de-courgettes,https://staging.lacuisinedebernard.com/la-soupe-froide-de-courgettes
https://lacuisinedebernard.com/la-soupe-froide-de-courgettes/,https://staging.lacuisinedebernard.com/la-soupe-froide-de-courgettes
https://www.lacuisinedebernard.com/la-soupe-froide-de-courgettes,https://staging.lacuisinedebernard.com/la-soupe-froide-de-courgettes
https://www.lacuisinedebernard.com/la-soupe-froide-de-courgettes/,https://staging.lacuisinedebernard.com/la-soupe-froide-de-courgettes
https://lacuisinedebernard.com/le-mi-cuit-de-saumon-teriyaki,https://staging.lacuisinedebernard.com/le-mi-cuit-de-saumon-teriyaki
https://lacuisinedebernard.com/le-mi-cuit-de-saumon-teriyaki/,https://staging.lacuisinedebernard.com/le-mi-cuit-de-saumon-teriyaki
https://www.lacuisinedebernard.com/le-mi-cuit-de-saumon-teriyaki,https://staging.lacuisinedebernard.com/le-mi-cuit-de-saumon-teriyaki
https://www.lacuisinedebernard.com/le-mi-cuit-de-saumon-teriyaki/,https://staging.lacuisinedebernard.com/le-mi-cuit-de-saumon-teriyaki
https://lacuisinedebernard.com/le-guacamole,https://staging.lacuisinedebernard.com/le-guacamole
https://lacuisinedebernard.com/le-guacamole/,https://staging.lacuisinedebernard.com/le-guacamole
https://www.lacuisinedebernard.com/le-guacamole,https://staging.lacuisinedebernard.com/le-guacamole
https://www.lacuisinedebernard.com/le-guacamole/,https://staging.lacuisinedebernard.com/le-guacamole
https://lacuisinedebernard.com/les-gaufres-flamandes-la-vanille,https://staging.lacuisinedebernard.com/les-gaufres-flamandes-la-vanille
https://lacuisinedebernard.com/les-gaufres-flamandes-la-vanille/,https://staging.lacuisinedebernard.com/les-gaufres-flamandes-la-vanille
https://www.lacuisinedebernard.com/les-gaufres-flamandes-la-vanille,https://staging.lacuisinedebernard.com/les-gaufres-flamandes-la-vanille
https://www.lacuisinedebernard.com/les-gaufres-flamandes-la-vanille/,https://staging.lacuisinedebernard.com/les-gaufres-flamandes-la-vanille
https://lacuisinedebernard.com/mes-voyages-culinaires-seattle,https://staging.lacuisinedebernard.com/mes-voyages-culinaires-seattle
https://lacuisinedebernard.com/mes-voyages-culinaires-seattle/,https://staging.lacuisinedebernard.com/mes-voyages-culinaires-seattle
https://www.lacuisinedebernard.com/mes-voyages-culinaires-seattle,https://staging.lacuisinedebernard.com/mes-voyages-culinaires-seattle
https://www.lacuisinedebernard.com/mes-voyages-culinaires-seattle/,https://staging.lacuisinedebernard.com/mes-voyages-culinaires-seattle
https://lacuisinedebernard.com/les-muffins-aux-myrtilles,https://staging.lacuisinedebernard.com/les-muffins-aux-myrtilles
https://lacuisinedebernard.com/les-muffins-aux-myrtilles/,https://staging.lacuisinedebernard.com/les-muffins-aux-myrtilles
https://www.lacuisinedebernard.com/les-muffins-aux-myrtilles,https://staging.lacuisinedebernard.com/les-muffins-aux-myrtilles
https://www.lacuisinedebernard.com/les-muffins-aux-myrtilles/,https://staging.lacuisinedebernard.com/les-muffins-aux-myrtilles
https://lacuisinedebernard.com/les-muffins-framboises-chocolat-blanc,https://staging.lacuisinedebernard.com/les-muffins-framboises-chocolat-blanc
https://lacuisinedebernard.com/les-muffins-framboises-chocolat-blanc/,https://staging.lacuisinedebernard.com/les-muffins-framboises-chocolat-blanc
https://www.lacuisinedebernard.com/les-muffins-framboises-chocolat-blanc,https://staging.lacuisinedebernard.com/les-muffins-framboises-chocolat-blanc
https://www.lacuisinedebernard.com/les-muffins-framboises-chocolat-blanc/,https://staging.lacuisinedebernard.com/les-muffins-framboises-chocolat-blanc
https://lacuisinedebernard.com/le-coleslaw,https://staging.lacuisinedebernard.com/le-coleslaw
https://lacuisinedebernard.com/le-coleslaw/,https://staging.lacuisinedebernard.com/le-coleslaw
https://www.lacuisinedebernard.com/le-coleslaw,https://staging.lacuisinedebernard.com/le-coleslaw
https://www.lacuisinedebernard.com/le-coleslaw/,https://staging.lacuisinedebernard.com/le-coleslaw
https://lacuisinedebernard.com/mes-voyages-culinaires-montrea,https://staging.lacuisinedebernard.com/mes-voyages-culinaires-montrea
https://lacuisinedebernard.com/mes-voyages-culinaires-montrea/,https://staging.lacuisinedebernard.com/mes-voyages-culinaires-montrea
https://www.lacuisinedebernard.com/mes-voyages-culinaires-montrea,https://staging.lacuisinedebernard.com/mes-voyages-culinaires-montrea
https://www.lacuisinedebernard.com/mes-voyages-culinaires-montrea/,https://staging.lacuisinedebernard.com/mes-voyages-culinaires-montrea
https://lacuisinedebernard.com/les-scones-au-sirop-derable-et-noix-de,https://staging.lacuisinedebernard.com/les-scones-au-sirop-derable-et-noix-de
https://lacuisinedebernard.com/les-scones-au-sirop-derable-et-noix-de/,https://staging.lacuisinedebernard.com/les-scones-au-sirop-derable-et-noix-de
https://www.lacuisinedebernard.com/les-scones-au-sirop-derable-et-noix-de,https://staging.lacuisinedebernard.com/les-scones-au-sirop-derable-et-noix-de
https://www.lacuisinedebernard.com/les-scones-au-sirop-derable-et-noix-de/,https://staging.lacuisinedebernard.com/les-scones-au-sirop-derable-et-noix-de
https://lacuisinedebernard.com/le-katsudon,https://staging.lacuisinedebernard.com/le-katsudon
https://lacuisinedebernard.com/le-katsudon/,https://staging.lacuisinedebernard.com/le-katsudon
https://www.lacuisinedebernard.com/le-katsudon,https://staging.lacuisinedebernard.com/le-katsudon
https://www.lacuisinedebernard.com/le-katsudon/,https://staging.lacuisinedebernard.com/le-katsudon
https://lacuisinedebernard.com/la-creme-brulee,https://staging.lacuisinedebernard.com/la-creme-brulee
https://lacuisinedebernard.com/la-creme-brulee/,https://staging.lacuisinedebernard.com/la-creme-brulee
https://www.lacuisinedebernard.com/la-creme-brulee,https://staging.lacuisinedebernard.com/la-creme-brulee
https://www.lacuisinedebernard.com/la-creme-brulee/,https://staging.lacuisinedebernard.com/la-creme-brulee
https://lacuisinedebernard.com/les-sables-au-sesame-grille,https://staging.lacuisinedebernard.com/les-sables-au-sesame-grille
https://lacuisinedebernard.com/les-sables-au-sesame-grille/,https://staging.lacuisinedebernard.com/les-sables-au-sesame-grille
https://www.lacuisinedebernard.com/les-sables-au-sesame-grille,https://staging.lacuisinedebernard.com/les-sables-au-sesame-grille
https://www.lacuisinedebernard.com/les-sables-au-sesame-grille/,https://staging.lacuisinedebernard.com/les-sables-au-sesame-grille
https://lacuisinedebernard.com/fonds-dartichauts-norvegiens,https://staging.lacuisinedebernard.com/fonds-dartichauts-norvegiens
https://lacuisinedebernard.com/fonds-dartichauts-norvegiens/,https://staging.lacuisinedebernard.com/fonds-dartichauts-norvegiens
https://www.lacuisinedebernard.com/fonds-dartichauts-norvegiens,https://staging.lacuisinedebernard.com/fonds-dartichauts-norvegiens
https://www.lacuisinedebernard.com/fonds-dartichauts-norvegiens/,https://staging.lacuisinedebernard.com/fonds-dartichauts-norvegiens
https://lacuisinedebernard.com/mini-reportage-en-attendant-les,https://staging.lacuisinedebernard.com/mini-reportage-en-attendant-les
https://lacuisinedebernard.com/mini-reportage-en-attendant-les/,https://staging.lacuisinedebernard.com/mini-reportage-en-attendant-les
https://www.lacuisinedebernard.com/mini-reportage-en-attendant-les,https://staging.lacuisinedebernard.com/mini-reportage-en-attendant-les
https://www.lacuisinedebernard.com/mini-reportage-en-attendant-les/,https://staging.lacuisinedebernard.com/mini-reportage-en-attendant-les
https://lacuisinedebernard.com/mes-voyages-culinaires-sao-paulo,https://staging.lacuisinedebernard.com/mes-voyages-culinaires-sao-paulo
https://lacuisinedebernard.com/mes-voyages-culinaires-sao-paulo/,https://staging.lacuisinedebernard.com/mes-voyages-culinaires-sao-paulo
https://www.lacuisinedebernard.com/mes-voyages-culinaires-sao-paulo,https://staging.lacuisinedebernard.com/mes-voyages-culinaires-sao-paulo
https://www.lacuisinedebernard.com/mes-voyages-culinaires-sao-paulo/,https://staging.lacuisinedebernard.com/mes-voyages-culinaires-sao-paulo
https://lacuisinedebernard.com/les-concours-de-la-cuisine-de-bernard,https://staging.lacuisinedebernard.com/les-concours-de-la-cuisine-de-bernard
https://lacuisinedebernard.com/les-concours-de-la-cuisine-de-bernard/,https://staging.lacuisinedebernard.com/les-concours-de-la-cuisine-de-bernard
https://www.lacuisinedebernard.com/les-concours-de-la-cuisine-de-bernard,https://staging.lacuisinedebernard.com/les-concours-de-la-cuisine-de-bernard
https://www.lacuisinedebernard.com/les-concours-de-la-cuisine-de-bernard/,https://staging.lacuisinedebernard.com/les-concours-de-la-cuisine-de-bernard
https://lacuisinedebernard.com/la-revue-de-presse,https://staging.lacuisinedebernard.com/la-revue-de-presse
https://lacuisinedebernard.com/la-revue-de-presse/,https://staging.lacuisinedebernard.com/la-revue-de-presse
https://www.lacuisinedebernard.com/la-revue-de-presse,https://staging.lacuisinedebernard.com/la-revue-de-presse
https://www.lacuisinedebernard.com/la-revue-de-presse/,https://staging.lacuisinedebernard.com/la-revue-de-presse
https://lacuisinedebernard.com/le-sorbet-aux-fraises,https://staging.lacuisinedebernard.com/le-sorbet-aux-fraises
https://lacuisinedebernard.com/le-sorbet-aux-fraises/,https://staging.lacuisinedebernard.com/le-sorbet-aux-fraises
https://www.lacuisinedebernard.com/le-sorbet-aux-fraises,https://staging.lacuisinedebernard.com/le-sorbet-aux-fraises
https://www.lacuisinedebernard.com/le-sorbet-aux-fraises/,https://staging.lacuisinedebernard.com/le-sorbet-aux-fraises
https://lacuisinedebernard.com/toutes-les-adresses-indispensables-paris,https://staging.lacuisinedebernard.com/toutes-les-adresses-indispensables-paris
https://lacuisinedebernard.com/toutes-les-adresses-indispensables-paris/,https://staging.lacuisinedebernard.com/toutes-les-adresses-indispensables-paris
https://www.lacuisinedebernard.com/toutes-les-adresses-indispensables-paris,https://staging.lacuisinedebernard.com/toutes-les-adresses-indispensables-paris
https://www.lacuisinedebernard.com/toutes-les-adresses-indispensables-paris/,https://staging.lacuisinedebernard.com/toutes-les-adresses-indispensables-paris
https://lacuisinedebernard.com/mes-voyages-culinaires-cordes-sur-cie,https://staging.lacuisinedebernard.com/mes-voyages-culinaires-cordes-sur-cie
https://lacuisinedebernard.com/mes-voyages-culinaires-cordes-sur-cie/,https://staging.lacuisinedebernard.com/mes-voyages-culinaires-cordes-sur-cie
https://www.lacuisinedebernard.com/mes-voyages-culinaires-cordes-sur-cie,https://staging.lacuisinedebernard.com/mes-voyages-culinaires-cordes-sur-cie
https://www.lacuisinedebernard.com/mes-voyages-culinaires-cordes-sur-cie/,https://staging.lacuisinedebernard.com/mes-voyages-culinaires-cordes-sur-cie
https://lacuisinedebernard.com/le-kouign-aman,https://staging.lacuisinedebernard.com/le-kouign-aman
https://lacuisinedebernard.com/le-kouign-aman/,https://staging.lacuisinedebernard.com/le-kouign-aman
https://www.lacuisinedebernard.com/le-kouign-aman,https://staging.lacuisinedebernard.com/le-kouign-aman
https://www.lacuisinedebernard.com/le-kouign-aman/,https://staging.lacuisinedebernard.com/le-kouign-aman
https://lacuisinedebernard.com/le-far-breton,https://staging.lacuisinedebernard.com/le-far-breton
https://lacuisinedebernard.com/le-far-breton/,https://staging.lacuisinedebernard.com/le-far-breton
https://www.lacuisinedebernard.com/le-far-breton,https://staging.lacuisinedebernard.com/le-far-breton
https://www.lacuisinedebernard.com/le-far-breton/,https://staging.lacuisinedebernard.com/le-far-breton
https://lacuisinedebernard.com/mes-voyages-culianires-toulouse-et-sa,https://staging.lacuisinedebernard.com/mes-voyages-culianires-toulouse-et-sa
https://lacuisinedebernard.com/mes-voyages-culianires-toulouse-et-sa/,https://staging.lacuisinedebernard.com/mes-voyages-culianires-toulouse-et-sa
https://www.lacuisinedebernard.com/mes-voyages-culianires-toulouse-et-sa,https://staging.lacuisinedebernard.com/mes-voyages-culianires-toulouse-et-sa
https://www.lacuisinedebernard.com/mes-voyages-culianires-toulouse-et-sa/,https://staging.lacuisinedebernard.com/mes-voyages-culianires-toulouse-et-sa
https://lacuisinedebernard.com/les-brioches-au-porc-laque,https://staging.lacuisinedebernard.com/les-brioches-au-porc-laque
https://lacuisinedebernard.com/les-brioches-au-porc-laque/,https://staging.lacuisinedebernard.com/les-brioches-au-porc-laque
https://www.lacuisinedebernard.com/les-brioches-au-porc-laque,https://staging.lacuisinedebernard.com/les-brioches-au-porc-laque
https://www.lacuisinedebernard.com/les-brioches-au-porc-laque/,https://staging.lacuisinedebernard.com/les-brioches-au-porc-laque
https://lacuisinedebernard.com/la-tarte-la-creme-brulee-feve-tonka,https://staging.lacuisinedebernard.com/la-tarte-la-creme-brulee-feve-tonka
https://lacuisinedebernard.com/la-tarte-la-creme-brulee-feve-tonka/,https://staging.lacuisinedebernard.com/la-tarte-la-creme-brulee-feve-tonka
https://www.lacuisinedebernard.com/la-tarte-la-creme-brulee-feve-tonka,https://staging.lacuisinedebernard.com/la-tarte-la-creme-brulee-feve-tonka
https://www.lacuisinedebernard.com/la-tarte-la-creme-brulee-feve-tonka/,https://staging.lacuisinedebernard.com/la-tarte-la-creme-brulee-feve-tonka
https://lacuisinedebernard.com/le-sorbet-la-banane,https://staging.lacuisinedebernard.com/le-sorbet-la-banane
https://lacuisinedebernard.com/le-sorbet-la-banane/,https://staging.lacuisinedebernard.com/le-sorbet-la-banane
https://www.lacuisinedebernard.com/le-sorbet-la-banane,https://staging.lacuisinedebernard.com/le-sorbet-la-banane
https://www.lacuisinedebernard.com/le-sorbet-la-banane/,https://staging.lacuisinedebernard.com/le-sorbet-la-banane
https://lacuisinedebernard.com/les-cookies-moelleux-au-beurre-de,https://staging.lacuisinedebernard.com/les-cookies-moelleux-au-beurre-de
https://lacuisinedebernard.com/les-cookies-moelleux-au-beurre-de/,https://staging.lacuisinedebernard.com/les-cookies-moelleux-au-beurre-de
https://www.lacuisinedebernard.com/les-cookies-moelleux-au-beurre-de,https://staging.lacuisinedebernard.com/les-cookies-moelleux-au-beurre-de
https://www.lacuisinedebernard.com/les-cookies-moelleux-au-beurre-de/,https://staging.lacuisinedebernard.com/les-cookies-moelleux-au-beurre-de
https://lacuisinedebernard.com/mes-voyages-culinaires-hong-kong,https://staging.lacuisinedebernard.com/mes-voyages-culinaires-hong-kong
https://lacuisinedebernard.com/mes-voyages-culinaires-hong-kong/,https://staging.lacuisinedebernard.com/mes-voyages-culinaires-hong-kong
https://www.lacuisinedebernard.com/mes-voyages-culinaires-hong-kong,https://staging.lacuisinedebernard.com/mes-voyages-culinaires-hong-kong
https://www.lacuisinedebernard.com/mes-voyages-culinaires-hong-kong/,https://staging.lacuisinedebernard.com/mes-voyages-culinaires-hong-kong
https://lacuisinedebernard.com/les-muffins-atomiques-au-chocola,https://staging.lacuisinedebernard.com/les-muffins-atomiques-au-chocola
https://lacuisinedebernard.com/les-muffins-atomiques-au-chocola/,https://staging.lacuisinedebernard.com/les-muffins-atomiques-au-chocola
https://www.lacuisinedebernard.com/les-muffins-atomiques-au-chocola,https://staging.lacuisinedebernard.com/les-muffins-atomiques-au-chocola
https://www.lacuisinedebernard.com/les-muffins-atomiques-au-chocola/,https://staging.lacuisinedebernard.com/les-muffins-atomiques-au-chocola
https://lacuisinedebernard.com/le-curry-ver,https://staging.lacuisinedebernard.com/le-curry-ver
https://lacuisinedebernard.com/le-curry-ver/,https://staging.lacuisinedebernard.com/le-curry-ver
https://www.lacuisinedebernard.com/le-curry-ver,https://staging.lacuisinedebernard.com/le-curry-ver
https://www.lacuisinedebernard.com/le-curry-ver/,https://staging.lacuisinedebernard.com/le-curry-ver
https://lacuisinedebernard.com/le-buisson-de-moules-lestragon,https://staging.lacuisinedebernard.com/le-buisson-de-moules-lestragon
https://lacuisinedebernard.com/le-buisson-de-moules-lestragon/,https://staging.lacuisinedebernard.com/le-buisson-de-moules-lestragon
https://www.lacuisinedebernard.com/le-buisson-de-moules-lestragon,https://staging.lacuisinedebernard.com/le-buisson-de-moules-lestragon
https://www.lacuisinedebernard.com/le-buisson-de-moules-lestragon/,https://staging.lacuisinedebernard.com/le-buisson-de-moules-lestragon
https://lacuisinedebernard.com/le-touron-dalicante,https://staging.lacuisinedebernard.com/le-touron-dalicante
https://lacuisinedebernard.com/le-touron-dalicante/,https://staging.lacuisinedebernard.com/le-touron-dalicante
https://www.lacuisinedebernard.com/le-touron-dalicante,https://staging.lacuisinedebernard.com/le-touron-dalicante
https://www.lacuisinedebernard.com/le-touron-dalicante/,https://staging.lacuisinedebernard.com/le-touron-dalicante
https://lacuisinedebernard.com/le-pao-de-queijo-photos-venir,https://staging.lacuisinedebernard.com/le-pao-de-queijo-photos-venir
https://lacuisinedebernard.com/le-pao-de-queijo-photos-venir/,https://staging.lacuisinedebernard.com/le-pao-de-queijo-photos-venir
https://www.lacuisinedebernard.com/le-pao-de-queijo-photos-venir,https://staging.lacuisinedebernard.com/le-pao-de-queijo-photos-venir
https://www.lacuisinedebernard.com/le-pao-de-queijo-photos-venir/,https://staging.lacuisinedebernard.com/le-pao-de-queijo-photos-venir
https://lacuisinedebernard.com/les-patacones,https://staging.lacuisinedebernard.com/les-patacones
https://lacuisinedebernard.com/les-patacones/,https://staging.lacuisinedebernard.com/les-patacones
https://www.lacuisinedebernard.com/les-patacones,https://staging.lacuisinedebernard.com/les-patacones
https://www.lacuisinedebernard.com/les-patacones/,https://staging.lacuisinedebernard.com/les-patacones
https://lacuisinedebernard.com/le-riz-la-noix-de-coco,https://staging.lacuisinedebernard.com/le-riz-la-noix-de-coco
https://lacuisinedebernard.com/le-riz-la-noix-de-coco/,https://staging.lacuisinedebernard.com/le-riz-la-noix-de-coco
https://www.lacuisinedebernard.com/le-riz-la-noix-de-coco,https://staging.lacuisinedebernard.com/le-riz-la-noix-de-coco
https://www.lacuisinedebernard.com/le-riz-la-noix-de-coco/,https://staging.lacuisinedebernard.com/le-riz-la-noix-de-coco
https://lacuisinedebernard.com/la-tarte-loignon,https://staging.lacuisinedebernard.com/la-tarte-loignon
https://lacuisinedebernard.com/la-tarte-loignon/,https://staging.lacuisinedebernard.com/la-tarte-loignon
https://www.lacuisinedebernard.com/la-tarte-loignon,https://staging.lacuisinedebernard.com/la-tarte-loignon
https://www.lacuisinedebernard.com/la-tarte-loignon/,https://staging.lacuisinedebernard.com/la-tarte-loignon
https://lacuisinedebernard.com/1ere-fete-de-montrouge-commerces,https://staging.lacuisinedebernard.com/1ere-fete-de-montrouge-commerces
https://lacuisinedebernard.com/1ere-fete-de-montrouge-commerces/,https://staging.lacuisinedebernard.com/1ere-fete-de-montrouge-commerces
https://www.lacuisinedebernard.com/1ere-fete-de-montrouge-commerces,https://staging.lacuisinedebernard.com/1ere-fete-de-montrouge-commerces
https://www.lacuisinedebernard.com/1ere-fete-de-montrouge-commerces/,https://staging.lacuisinedebernard.com/1ere-fete-de-montrouge-commerces
https://lacuisinedebernard.com/les-babouches-aux-amandes,https://staging.lacuisinedebernard.com/les-babouches-aux-amandes
https://lacuisinedebernard.com/les-babouches-aux-amandes/,https://staging.lacuisinedebernard.com/les-babouches-aux-amandes
https://www.lacuisinedebernard.com/les-babouches-aux-amandes,https://staging.lacuisinedebernard.com/les-babouches-aux-amandes
https://www.lacuisinedebernard.com/les-babouches-aux-amandes/,https://staging.lacuisinedebernard.com/les-babouches-aux-amandes
https://lacuisinedebernard.com/la-tarte-aux-pacanes,https://staging.lacuisinedebernard.com/la-tarte-aux-pacanes
https://lacuisinedebernard.com/la-tarte-aux-pacanes/,https://staging.lacuisinedebernard.com/la-tarte-aux-pacanes
https://www.lacuisinedebernard.com/la-tarte-aux-pacanes,https://staging.lacuisinedebernard.com/la-tarte-aux-pacanes
https://www.lacuisinedebernard.com/la-tarte-aux-pacanes/,https://staging.lacuisinedebernard.com/la-tarte-aux-pacanes
https://lacuisinedebernard.com/les-siu-mai-de-guangzhou,https://staging.lacuisinedebernard.com/les-siu-mai-de-guangzhou
https://lacuisinedebernard.com/les-siu-mai-de-guangzhou/,https://staging.lacuisinedebernard.com/les-siu-mai-de-guangzhou
https://www.lacuisinedebernard.com/les-siu-mai-de-guangzhou,https://staging.lacuisinedebernard.com/les-siu-mai-de-guangzhou
https://www.lacuisinedebernard.com/les-siu-mai-de-guangzhou/,https://staging.lacuisinedebernard.com/les-siu-mai-de-guangzhou
https://lacuisinedebernard.com/les-gambas-flambees-de-nadine,https://staging.lacuisinedebernard.com/les-gambas-flambees-de-nadine
https://lacuisinedebernard.com/les-gambas-flambees-de-nadine/,https://staging.lacuisinedebernard.com/les-gambas-flambees-de-nadine
https://www.lacuisinedebernard.com/les-gambas-flambees-de-nadine,https://staging.lacuisinedebernard.com/les-gambas-flambees-de-nadine
https://www.lacuisinedebernard.com/les-gambas-flambees-de-nadine/,https://staging.lacuisinedebernard.com/les-gambas-flambees-de-nadine
https://lacuisinedebernard.com/mes-voyages-culinaires-boston,https://staging.lacuisinedebernard.com/mes-voyages-culinaires-boston
https://lacuisinedebernard.com/mes-voyages-culinaires-boston/,https://staging.lacuisinedebernard.com/mes-voyages-culinaires-boston
https://www.lacuisinedebernard.com/mes-voyages-culinaires-boston,https://staging.lacuisinedebernard.com/mes-voyages-culinaires-boston
https://www.lacuisinedebernard.com/mes-voyages-culinaires-boston/,https://staging.lacuisinedebernard.com/mes-voyages-culinaires-boston
https://lacuisinedebernard.com/le-pain-depices,https://staging.lacuisinedebernard.com/le-pain-depices
https://lacuisinedebernard.com/le-pain-depices/,https://staging.lacuisinedebernard.com/le-pain-depices
https://www.lacuisinedebernard.com/le-pain-depices,https://staging.lacuisinedebernard.com/le-pain-depices
https://www.lacuisinedebernard.com/le-pain-depices/,https://staging.lacuisinedebernard.com/le-pain-depices
https://lacuisinedebernard.com/la-tom-kah-gai,https://staging.lacuisinedebernard.com/la-tom-kah-gai
https://lacuisinedebernard.com/la-tom-kah-gai/,https://staging.lacuisinedebernard.com/la-tom-kah-gai
https://www.lacuisinedebernard.com/la-tom-kah-gai,https://staging.lacuisinedebernard.com/la-tom-kah-gai
https://www.lacuisinedebernard.com/la-tom-kah-gai/,https://staging.lacuisinedebernard.com/la-tom-kah-gai
https://lacuisinedebernard.com/le-poulet-du-general-tso,https://staging.lacuisinedebernard.com/le-poulet-du-general-tso
https://lacuisinedebernard.com/le-poulet-du-general-tso/,https://staging.lacuisinedebernard.com/le-poulet-du-general-tso
https://www.lacuisinedebernard.com/le-poulet-du-general-tso,https://staging.lacuisinedebernard.com/le-poulet-du-general-tso
https://www.lacuisinedebernard.com/le-poulet-du-general-tso/,https://staging.lacuisinedebernard.com/le-poulet-du-general-tso
https://lacuisinedebernard.com/les-macarons-au-citron,https://staging.lacuisinedebernard.com/les-macarons-au-citron
https://lacuisinedebernard.com/les-macarons-au-citron/,https://staging.lacuisinedebernard.com/les-macarons-au-citron
https://www.lacuisinedebernard.com/les-macarons-au-citron,https://staging.lacuisinedebernard.com/les-macarons-au-citron
https://www.lacuisinedebernard.com/les-macarons-au-citron/,https://staging.lacuisinedebernard.com/les-macarons-au-citron
https://lacuisinedebernard.com/les-perles-coco,https://staging.lacuisinedebernard.com/les-perles-coco
https://lacuisinedebernard.com/les-perles-coco/,https://staging.lacuisinedebernard.com/les-perles-coco
https://www.lacuisinedebernard.com/les-perles-coco,https://staging.lacuisinedebernard.com/les-perles-coco
https://www.lacuisinedebernard.com/les-perles-coco/,https://staging.lacuisinedebernard.com/les-perles-coco
https://lacuisinedebernard.com/le-foie-gras-deuxieme-methode,https://staging.lacuisinedebernard.com/le-foie-gras-deuxieme-methode
https://lacuisinedebernard.com/le-foie-gras-deuxieme-methode/,https://staging.lacuisinedebernard.com/le-foie-gras-deuxieme-methode
https://www.lacuisinedebernard.com/le-foie-gras-deuxieme-methode,https://staging.lacuisinedebernard.com/le-foie-gras-deuxieme-methode
https://www.lacuisinedebernard.com/le-foie-gras-deuxieme-methode/,https://staging.lacuisinedebernard.com/le-foie-gras-deuxieme-methode
https://lacuisinedebernard.com/les-raviolis-quatre-tresors,https://staging.lacuisinedebernard.com/les-raviolis-quatre-tresors
https://lacuisinedebernard.com/les-raviolis-quatre-tresors/,https://staging.lacuisinedebernard.com/les-raviolis-quatre-tresors
https://www.lacuisinedebernard.com/les-raviolis-quatre-tresors,https://staging.lacuisinedebernard.com/les-raviolis-quatre-tresors
https://www.lacuisinedebernard.com/les-raviolis-quatre-tresors/,https://staging.lacuisinedebernard.com/les-raviolis-quatre-tresors
https://lacuisinedebernard.com/la-flammekuche,https://staging.lacuisinedebernard.com/la-flammekuche
https://lacuisinedebernard.com/la-flammekuche/,https://staging.lacuisinedebernard.com/la-flammekuche
https://www.lacuisinedebernard.com/la-flammekuche,https://staging.lacuisinedebernard.com/la-flammekuche
https://www.lacuisinedebernard.com/la-flammekuche/,https://staging.lacuisinedebernard.com/la-flammekuche
https://lacuisinedebernard.com/le-cornbread-de-boston,https://staging.lacuisinedebernard.com/le-cornbread-de-boston
https://lacuisinedebernard.com/le-cornbread-de-boston/,https://staging.lacuisinedebernard.com/le-cornbread-de-boston
https://www.lacuisinedebernard.com/le-cornbread-de-boston,https://staging.lacuisinedebernard.com/le-cornbread-de-boston
https://www.lacuisinedebernard.com/le-cornbread-de-boston/,https://staging.lacuisinedebernard.com/le-cornbread-de-boston
https://lacuisinedebernard.com/la-soupe-aux-won-ton,https://staging.lacuisinedebernard.com/la-soupe-aux-won-ton
https://lacuisinedebernard.com/la-soupe-aux-won-ton/,https://staging.lacuisinedebernard.com/la-soupe-aux-won-ton
https://www.lacuisinedebernard.com/la-soupe-aux-won-ton,https://staging.lacuisinedebernard.com/la-soupe-aux-won-ton
https://www.lacuisinedebernard.com/la-soupe-aux-won-ton/,https://staging.lacuisinedebernard.com/la-soupe-aux-won-ton
https://lacuisinedebernard.com/les-sables-au-beurre,https://staging.lacuisinedebernard.com/les-sables-au-beurre
https://lacuisinedebernard.com/les-sables-au-beurre/,https://staging.lacuisinedebernard.com/les-sables-au-beurre
https://www.lacuisinedebernard.com/les-sables-au-beurre,https://staging.lacuisinedebernard.com/les-sables-au-beurre
https://www.lacuisinedebernard.com/les-sables-au-beurre/,https://staging.lacuisinedebernard.com/les-sables-au-beurre
https://lacuisinedebernard.com/les-flapjacks-photos-venir,https://staging.lacuisinedebernard.com/les-flapjacks-photos-venir
https://lacuisinedebernard.com/les-flapjacks-photos-venir/,https://staging.lacuisinedebernard.com/les-flapjacks-photos-venir
https://www.lacuisinedebernard.com/les-flapjacks-photos-venir,https://staging.lacuisinedebernard.com/les-flapjacks-photos-venir
https://www.lacuisinedebernard.com/les-flapjacks-photos-venir/,https://staging.lacuisinedebernard.com/les-flapjacks-photos-venir
https://lacuisinedebernard.com/les-crabcakes-du-maryland,https://staging.lacuisinedebernard.com/les-crabcakes-du-maryland
https://lacuisinedebernard.com/les-crabcakes-du-maryland/,https://staging.lacuisinedebernard.com/les-crabcakes-du-maryland
https://www.lacuisinedebernard.com/les-crabcakes-du-maryland,https://staging.lacuisinedebernard.com/les-crabcakes-du-maryland
https://www.lacuisinedebernard.com/les-crabcakes-du-maryland/,https://staging.lacuisinedebernard.com/les-crabcakes-du-maryland
https://lacuisinedebernard.com/le-delice-de-la-casba,https://staging.lacuisinedebernard.com/le-delice-de-la-casba
https://lacuisinedebernard.com/le-delice-de-la-casba/,https://staging.lacuisinedebernard.com/le-delice-de-la-casba
https://www.lacuisinedebernard.com/le-delice-de-la-casba,https://staging.lacuisinedebernard.com/le-delice-de-la-casba
https://www.lacuisinedebernard.com/le-delice-de-la-casba/,https://staging.lacuisinedebernard.com/le-delice-de-la-casba
https://lacuisinedebernard.com/le-curry-rouge-au-porc-et-lananas,https://staging.lacuisinedebernard.com/le-curry-rouge-au-porc-et-lananas
https://lacuisinedebernard.com/le-curry-rouge-au-porc-et-lananas/,https://staging.lacuisinedebernard.com/le-curry-rouge-au-porc-et-lananas
https://www.lacuisinedebernard.com/le-curry-rouge-au-porc-et-lananas,https://staging.lacuisinedebernard.com/le-curry-rouge-au-porc-et-lananas
https://www.lacuisinedebernard.com/le-curry-rouge-au-porc-et-lananas/,https://staging.lacuisinedebernard.com/le-curry-rouge-au-porc-et-lananas
https://lacuisinedebernard.com/les-blinis,https://staging.lacuisinedebernard.com/les-blinis
https://lacuisinedebernard.com/les-blinis/,https://staging.lacuisinedebernard.com/les-blinis
https://www.lacuisinedebernard.com/les-blinis,https://staging.lacuisinedebernard.com/les-blinis
https://www.lacuisinedebernard.com/les-blinis/,https://staging.lacuisinedebernard.com/les-blinis
https://lacuisinedebernard.com/les-siu-mai-de-shanghai,https://staging.lacuisinedebernard.com/les-siu-mai-de-shanghai
https://lacuisinedebernard.com/les-siu-mai-de-shanghai/,https://staging.lacuisinedebernard.com/les-siu-mai-de-shanghai
https://www.lacuisinedebernard.com/les-siu-mai-de-shanghai,https://staging.lacuisinedebernard.com/les-siu-mai-de-shanghai
https://www.lacuisinedebernard.com/les-siu-mai-de-shanghai/,https://staging.lacuisinedebernard.com/les-siu-mai-de-shanghai
https://lacuisinedebernard.com/mes-voyages-culinaires-shanghai,https://staging.lacuisinedebernard.com/mes-voyages-culinaires-shanghai
https://lacuisinedebernard.com/mes-voyages-culinaires-shanghai/,https://staging.lacuisinedebernard.com/mes-voyages-culinaires-shanghai
https://www.lacuisinedebernard.com/mes-voyages-culinaires-shanghai,https://staging.lacuisinedebernard.com/mes-voyages-culinaires-shanghai
https://www.lacuisinedebernard.com/mes-voyages-culinaires-shanghai/,https://staging.lacuisinedebernard.com/mes-voyages-culinaires-shanghai
https://lacuisinedebernard.com/la-pate-feuilletee,https://staging.lacuisinedebernard.com/la-pate-feuilletee
https://lacuisinedebernard.com/la-pate-feuilletee/,https://staging.lacuisinedebernard.com/la-pate-feuilletee
https://www.lacuisinedebernard.com/la-pate-feuilletee,https://staging.lacuisinedebernard.com/la-pate-feuilletee
https://www.lacuisinedebernard.com/la-pate-feuilletee/,https://staging.lacuisinedebernard.com/la-pate-feuilletee
https://lacuisinedebernard.com/les-tartelettes-mures-et-compotee-de,https://staging.lacuisinedebernard.com/les-tartelettes-mures-et-compotee-de
https://lacuisinedebernard.com/les-tartelettes-mures-et-compotee-de/,https://staging.lacuisinedebernard.com/les-tartelettes-mures-et-compotee-de
https://www.lacuisinedebernard.com/les-tartelettes-mures-et-compotee-de,https://staging.lacuisinedebernard.com/les-tartelettes-mures-et-compotee-de
https://www.lacuisinedebernard.com/les-tartelettes-mures-et-compotee-de/,https://staging.lacuisinedebernard.com/les-tartelettes-mures-et-compotee-de
https://lacuisinedebernard.com/les-doigts-de-la-mariee,https://staging.lacuisinedebernard.com/les-doigts-de-la-mariee
https://lacuisinedebernard.com/les-doigts-de-la-mariee/,https://staging.lacuisinedebernard.com/les-doigts-de-la-mariee
https://www.lacuisinedebernard.com/les-doigts-de-la-mariee,https://staging.lacuisinedebernard.com/les-doigts-de-la-mariee
https://www.lacuisinedebernard.com/les-doigts-de-la-mariee/,https://staging.lacuisinedebernard.com/les-doigts-de-la-mariee
https://lacuisinedebernard.com/mes-voyages-culinaires-pekin,https://staging.lacuisinedebernard.com/mes-voyages-culinaires-pekin
https://lacuisinedebernard.com/mes-voyages-culinaires-pekin/,https://staging.lacuisinedebernard.com/mes-voyages-culinaires-pekin
https://www.lacuisinedebernard.com/mes-voyages-culinaires-pekin,https://staging.lacuisinedebernard.com/mes-voyages-culinaires-pekin
https://www.lacuisinedebernard.com/mes-voyages-culinaires-pekin/,https://staging.lacuisinedebernard.com/mes-voyages-culinaires-pekin
https://lacuisinedebernard.com/la-pate-damande-confiseur-chaud,https://staging.lacuisinedebernard.com/la-pate-damande-confiseur-chaud
https://lacuisinedebernard.com/la-pate-damande-confiseur-chaud/,https://staging.lacuisinedebernard.com/la-pate-damande-confiseur-chaud
https://www.lacuisinedebernard.com/la-pate-damande-confiseur-chaud,https://staging.lacuisinedebernard.com/la-pate-damande-confiseur-chaud
https://www.lacuisinedebernard.com/la-pate-damande-confiseur-chaud/,https://staging.lacuisinedebernard.com/la-pate-damande-confiseur-chaud
https://lacuisinedebernard.com/les-gateaux-de-lune-de-style-su,https://staging.lacuisinedebernard.com/les-gateaux-de-lune-de-style-su
https://lacuisinedebernard.com/les-gateaux-de-lune-de-style-su/,https://staging.lacuisinedebernard.com/les-gateaux-de-lune-de-style-su
https://www.lacuisinedebernard.com/les-gateaux-de-lune-de-style-su,https://staging.lacuisinedebernard.com/les-gateaux-de-lune-de-style-su
https://www.lacuisinedebernard.com/les-gateaux-de-lune-de-style-su/,https://staging.lacuisinedebernard.com/les-gateaux-de-lune-de-style-su
https://lacuisinedebernard.com/les-enokis-sautes-lail-et-au-poule,https://staging.lacuisinedebernard.com/les-enokis-sautes-lail-et-au-poule
https://lacuisinedebernard.com/les-enokis-sautes-lail-et-au-poule/,https://staging.lacuisinedebernard.com/les-enokis-sautes-lail-et-au-poule
https://www.lacuisinedebernard.com/les-enokis-sautes-lail-et-au-poule,https://staging.lacuisinedebernard.com/les-enokis-sautes-lail-et-au-poule
https://www.lacuisinedebernard.com/les-enokis-sautes-lail-et-au-poule/,https://staging.lacuisinedebernard.com/les-enokis-sautes-lail-et-au-poule
https://lacuisinedebernard.com/les-foies-de-volailles-libanais,https://staging.lacuisinedebernard.com/les-foies-de-volailles-libanais
https://lacuisinedebernard.com/les-foies-de-volailles-libanais/,https://staging.lacuisinedebernard.com/les-foies-de-volailles-libanais
https://www.lacuisinedebernard.com/les-foies-de-volailles-libanais,https://staging.lacuisinedebernard.com/les-foies-de-volailles-libanais
https://www.lacuisinedebernard.com/les-foies-de-volailles-libanais/,https://staging.lacuisinedebernard.com/les-foies-de-volailles-libanais
https://lacuisinedebernard.com/la-quiche-lorraine,https://staging.lacuisinedebernard.com/la-quiche-lorraine
https://lacuisinedebernard.com/la-quiche-lorraine/,https://staging.lacuisinedebernard.com/la-quiche-lorraine
https://www.lacuisinedebernard.com/la-quiche-lorraine,https://staging.lacuisinedebernard.com/la-quiche-lorraine
https://www.lacuisinedebernard.com/la-quiche-lorraine/,https://staging.lacuisinedebernard.com/la-quiche-lorraine
https://lacuisinedebernard.com/les-croutons-au-beurre-de-truffe-noire,https://staging.lacuisinedebernard.com/les-croutons-au-beurre-de-truffe-noire
https://lacuisinedebernard.com/les-croutons-au-beurre-de-truffe-noire/,https://staging.lacuisinedebernard.com/les-croutons-au-beurre-de-truffe-noire
https://www.lacuisinedebernard.com/les-croutons-au-beurre-de-truffe-noire,https://staging.lacuisinedebernard.com/les-croutons-au-beurre-de-truffe-noire
https://www.lacuisinedebernard.com/les-croutons-au-beurre-de-truffe-noire/,https://staging.lacuisinedebernard.com/les-croutons-au-beurre-de-truffe-noire
https://lacuisinedebernard.com/les-arlettes,https://staging.lacuisinedebernard.com/les-arlettes
https://lacuisinedebernard.com/les-arlettes/,https://staging.lacuisinedebernard.com/les-arlettes
https://www.lacuisinedebernard.com/les-arlettes,https://staging.lacuisinedebernard.com/les-arlettes
https://www.lacuisinedebernard.com/les-arlettes/,https://staging.lacuisinedebernard.com/les-arlettes
https://lacuisinedebernard.com/les-tartelettes-grenobloises,https://staging.lacuisinedebernard.com/les-tartelettes-grenobloises
https://lacuisinedebernard.com/les-tartelettes-grenobloises/,https://staging.lacuisinedebernard.com/les-tartelettes-grenobloises
https://www.lacuisinedebernard.com/les-tartelettes-grenobloises,https://staging.lacuisinedebernard.com/les-tartelettes-grenobloises
https://www.lacuisinedebernard.com/les-tartelettes-grenobloises/,https://staging.lacuisinedebernard.com/les-tartelettes-grenobloises
https://lacuisinedebernard.com/la-tarte-scandaleuse-lorange,https://staging.lacuisinedebernard.com/la-tarte-scandaleuse-lorange
https://lacuisinedebernard.com/la-tarte-scandaleuse-lorange/,https://staging.lacuisinedebernard.com/la-tarte-scandaleuse-lorange
https://www.lacuisinedebernard.com/la-tarte-scandaleuse-lorange,https://staging.lacuisinedebernard.com/la-tarte-scandaleuse-lorange
https://www.lacuisinedebernard.com/la-tarte-scandaleuse-lorange/,https://staging.lacuisinedebernard.com/la-tarte-scandaleuse-lorange
https://lacuisinedebernard.com/khao-tang-nah-tang-photos-venir,https://staging.lacuisinedebernard.com/khao-tang-nah-tang-photos-venir
https://lacuisinedebernard.com/khao-tang-nah-tang-photos-venir/,https://staging.lacuisinedebernard.com/khao-tang-nah-tang-photos-venir
https://www.lacuisinedebernard.com/khao-tang-nah-tang-photos-venir,https://staging.lacuisinedebernard.com/khao-tang-nah-tang-photos-venir
https://www.lacuisinedebernard.com/khao-tang-nah-tang-photos-venir/,https://staging.lacuisinedebernard.com/khao-tang-nah-tang-photos-venir
https://lacuisinedebernard.com/les-rochers-au-praline-croustillan,https://staging.lacuisinedebernard.com/les-rochers-au-praline-croustillan
https://lacuisinedebernard.com/les-rochers-au-praline-croustillan/,https://staging.lacuisinedebernard.com/les-rochers-au-praline-croustillan
https://www.lacuisinedebernard.com/les-rochers-au-praline-croustillan,https://staging.lacuisinedebernard.com/les-rochers-au-praline-croustillan
https://www.lacuisinedebernard.com/les-rochers-au-praline-croustillan/,https://staging.lacuisinedebernard.com/les-rochers-au-praline-croustillan
https://lacuisinedebernard.com/chocolats-fourres-gianduja,https://staging.lacuisinedebernard.com/chocolats-fourres-gianduja
https://lacuisinedebernard.com/chocolats-fourres-gianduja/,https://staging.lacuisinedebernard.com/chocolats-fourres-gianduja
https://www.lacuisinedebernard.com/chocolats-fourres-gianduja,https://staging.lacuisinedebernard.com/chocolats-fourres-gianduja
https://www.lacuisinedebernard.com/chocolats-fourres-gianduja/,https://staging.lacuisinedebernard.com/chocolats-fourres-gianduja
https://lacuisinedebernard.com/la-terrine-de-foie-gras,https://staging.lacuisinedebernard.com/la-terrine-de-foie-gras
https://lacuisinedebernard.com/la-terrine-de-foie-gras/,https://staging.lacuisinedebernard.com/la-terrine-de-foie-gras
https://www.lacuisinedebernard.com/la-terrine-de-foie-gras,https://staging.lacuisinedebernard.com/la-terrine-de-foie-gras
https://www.lacuisinedebernard.com/la-terrine-de-foie-gras/,https://staging.lacuisinedebernard.com/la-terrine-de-foie-gras
https://lacuisinedebernard.com/les-muffins-chocolat-banane,https://staging.lacuisinedebernard.com/les-muffins-chocolat-banane
https://lacuisinedebernard.com/les-muffins-chocolat-banane/,https://staging.lacuisinedebernard.com/les-muffins-chocolat-banane
https://www.lacuisinedebernard.com/les-muffins-chocolat-banane,https://staging.lacuisinedebernard.com/les-muffins-chocolat-banane
https://www.lacuisinedebernard.com/les-muffins-chocolat-banane/,https://staging.lacuisinedebernard.com/les-muffins-chocolat-banane
https://lacuisinedebernard.com/la-pate-feuilletee-inversee,https://staging.lacuisinedebernard.com/la-pate-feuilletee-inversee
https://lacuisinedebernard.com/la-pate-feuilletee-inversee/,https://staging.lacuisinedebernard.com/la-pate-feuilletee-inversee
https://www.lacuisinedebernard.com/la-pate-feuilletee-inversee,https://staging.lacuisinedebernard.com/la-pate-feuilletee-inversee
https://www.lacuisinedebernard.com/la-pate-feuilletee-inversee/,https://staging.lacuisinedebernard.com/la-pate-feuilletee-inversee
https://lacuisinedebernard.com/les-florentins,https://staging.lacuisinedebernard.com/les-florentins
https://lacuisinedebernard.com/les-florentins/,https://staging.lacuisinedebernard.com/les-florentins
https://www.lacuisinedebernard.com/les-florentins,https://staging.lacuisinedebernard.com/les-florentins
https://www.lacuisinedebernard.com/les-florentins/,https://staging.lacuisinedebernard.com/les-florentins
https://lacuisinedebernard.com/la-tarte-tatin,https://staging.lacuisinedebernard.com/la-tarte-tatin
https://lacuisinedebernard.com/la-tarte-tatin/,https://staging.lacuisinedebernard.com/la-tarte-tatin
https://www.lacuisinedebernard.com/la-tarte-tatin,https://staging.lacuisinedebernard.com/la-tarte-tatin
https://www.lacuisinedebernard.com/la-tarte-tatin/,https://staging.lacuisinedebernard.com/la-tarte-tatin
https://lacuisinedebernard.com/les-speculoos-moules-saint-nicolas,https://staging.lacuisinedebernard.com/les-speculoos-moules-saint-nicolas
https://lacuisinedebernard.com/les-speculoos-moules-saint-nicolas/,https://staging.lacuisinedebernard.com/les-speculoos-moules-saint-nicolas
https://www.lacuisinedebernard.com/les-speculoos-moules-saint-nicolas,https://staging.lacuisinedebernard.com/les-speculoos-moules-saint-nicolas
https://www.lacuisinedebernard.com/les-speculoos-moules-saint-nicolas/,https://staging.lacuisinedebernard.com/les-speculoos-moules-saint-nicolas
https://lacuisinedebernard.com/la-buche-de-noel-2009-macarons,https://staging.lacuisinedebernard.com/la-buche-de-noel-2009-macarons
https://lacuisinedebernard.com/la-buche-de-noel-2009-macarons/,https://staging.lacuisinedebernard.com/la-buche-de-noel-2009-macarons
https://www.lacuisinedebernard.com/la-buche-de-noel-2009-macarons,https://staging.lacuisinedebernard.com/la-buche-de-noel-2009-macarons
https://www.lacuisinedebernard.com/la-buche-de-noel-2009-macarons/,https://staging.lacuisinedebernard.com/la-buche-de-noel-2009-macarons
https://lacuisinedebernard.com/le-foie-gras-troisi%c3%a8me-m%c3%a9thode,https://staging.lacuisinedebernard.com/le-foie-gras-troisi%c3%a8me-m%c3%a9thode
https://lacuisinedebernard.com/le-foie-gras-troisi%c3%a8me-m%c3%a9thode/,https://staging.lacuisinedebernard.com/le-foie-gras-troisi%c3%a8me-m%c3%a9thode
https://www.lacuisinedebernard.com/le-foie-gras-troisi%c3%a8me-m%c3%a9thode,https://staging.lacuisinedebernard.com/le-foie-gras-troisi%c3%a8me-m%c3%a9thode
https://www.lacuisinedebernard.com/le-foie-gras-troisi%c3%a8me-m%c3%a9thode/,https://staging.lacuisinedebernard.com/le-foie-gras-troisi%c3%a8me-m%c3%a9thode
https://lacuisinedebernard.com/les-mini-tatins-de-foie-gras,https://staging.lacuisinedebernard.com/les-mini-tatins-de-foie-gras
https://lacuisinedebernard.com/les-mini-tatins-de-foie-gras/,https://staging.lacuisinedebernard.com/les-mini-tatins-de-foie-gras
https://www.lacuisinedebernard.com/les-mini-tatins-de-foie-gras,https://staging.lacuisinedebernard.com/les-mini-tatins-de-foie-gras
https://www.lacuisinedebernard.com/les-mini-tatins-de-foie-gras/,https://staging.lacuisinedebernard.com/les-mini-tatins-de-foie-gras
https://lacuisinedebernard.com/les-coxinhas-au-poule,https://staging.lacuisinedebernard.com/les-coxinhas-au-poule
https://lacuisinedebernard.com/les-coxinhas-au-poule/,https://staging.lacuisinedebernard.com/les-coxinhas-au-poule
https://www.lacuisinedebernard.com/les-coxinhas-au-poule,https://staging.lacuisinedebernard.com/les-coxinhas-au-poule
https://www.lacuisinedebernard.com/les-coxinhas-au-poule/,https://staging.lacuisinedebernard.com/les-coxinhas-au-poule
https://lacuisinedebernard.com/travers-de-porc-cantonais-caramelises,https://staging.lacuisinedebernard.com/travers-de-porc-cantonais-caramelises
https://lacuisinedebernard.com/travers-de-porc-cantonais-caramelises/,https://staging.lacuisinedebernard.com/travers-de-porc-cantonais-caramelises
https://www.lacuisinedebernard.com/travers-de-porc-cantonais-caramelises,https://staging.lacuisinedebernard.com/travers-de-porc-cantonais-caramelises
https://www.lacuisinedebernard.com/travers-de-porc-cantonais-caramelises/,https://staging.lacuisinedebernard.com/travers-de-porc-cantonais-caramelises
https://lacuisinedebernard.com/les-veritables-traou-mad-de-pont-aven,https://staging.lacuisinedebernard.com/les-veritables-traou-mad-de-pont-aven
https://lacuisinedebernard.com/les-veritables-traou-mad-de-pont-aven/,https://staging.lacuisinedebernard.com/les-veritables-traou-mad-de-pont-aven
https://www.lacuisinedebernard.com/les-veritables-traou-mad-de-pont-aven,https://staging.lacuisinedebernard.com/les-veritables-traou-mad-de-pont-aven
https://www.lacuisinedebernard.com/les-veritables-traou-mad-de-pont-aven/,https://staging.lacuisinedebernard.com/les-veritables-traou-mad-de-pont-aven
https://lacuisinedebernard.com/le-poulet-au-basilic-thai,https://staging.lacuisinedebernard.com/le-poulet-au-basilic-thai
https://lacuisinedebernard.com/le-poulet-au-basilic-thai/,https://staging.lacuisinedebernard.com/le-poulet-au-basilic-thai
https://www.lacuisinedebernard.com/le-poulet-au-basilic-thai,https://staging.lacuisinedebernard.com/le-poulet-au-basilic-thai
https://www.lacuisinedebernard.com/le-poulet-au-basilic-thai/,https://staging.lacuisinedebernard.com/le-poulet-au-basilic-thai
https://lacuisinedebernard.com/le-hoummos-mtabba,https://staging.lacuisinedebernard.com/le-hoummos-mtabba
https://lacuisinedebernard.com/le-hoummos-mtabba/,https://staging.lacuisinedebernard.com/le-hoummos-mtabba
https://www.lacuisinedebernard.com/le-hoummos-mtabba,https://staging.lacuisinedebernard.com/le-hoummos-mtabba
https://www.lacuisinedebernard.com/le-hoummos-mtabba/,https://staging.lacuisinedebernard.com/le-hoummos-mtabba
https://lacuisinedebernard.com/les-biscuits-aux-amandes,https://staging.lacuisinedebernard.com/les-biscuits-aux-amandes
https://lacuisinedebernard.com/les-biscuits-aux-amandes/,https://staging.lacuisinedebernard.com/les-biscuits-aux-amandes
https://www.lacuisinedebernard.com/les-biscuits-aux-amandes,https://staging.lacuisinedebernard.com/les-biscuits-aux-amandes
https://www.lacuisinedebernard.com/les-biscuits-aux-amandes/,https://staging.lacuisinedebernard.com/les-biscuits-aux-amandes
https://lacuisinedebernard.com/la-tarte-au-sucre-quebecoise,https://staging.lacuisinedebernard.com/la-tarte-au-sucre-quebecoise
https://lacuisinedebernard.com/la-tarte-au-sucre-quebecoise/,https://staging.lacuisinedebernard.com/la-tarte-au-sucre-quebecoise
https://www.lacuisinedebernard.com/la-tarte-au-sucre-quebecoise,https://staging.lacuisinedebernard.com/la-tarte-au-sucre-quebecoise
https://www.lacuisinedebernard.com/la-tarte-au-sucre-quebecoise/,https://staging.lacuisinedebernard.com/la-tarte-au-sucre-quebecoise
https://lacuisinedebernard.com/le-cheesecake,https://staging.lacuisinedebernard.com/le-cheesecake
https://lacuisinedebernard.com/le-cheesecake/,https://staging.lacuisinedebernard.com/le-cheesecake
https://www.lacuisinedebernard.com/le-cheesecake,https://staging.lacuisinedebernard.com/le-cheesecake
https://www.lacuisinedebernard.com/le-cheesecake/,https://staging.lacuisinedebernard.com/le-cheesecake
https://lacuisinedebernard.com/le-gateau-breton,https://staging.lacuisinedebernard.com/le-gateau-breton
https://lacuisinedebernard.com/le-gateau-breton/,https://staging.lacuisinedebernard.com/le-gateau-breton
https://www.lacuisinedebernard.com/le-gateau-breton,https://staging.lacuisinedebernard.com/le-gateau-breton
https://www.lacuisinedebernard.com/le-gateau-breton/,https://staging.lacuisinedebernard.com/le-gateau-breton
https://lacuisinedebernard.com/lopera,https://staging.lacuisinedebernard.com/lopera
https://lacuisinedebernard.com/lopera/,https://staging.lacuisinedebernard.com/lopera
https://www.lacuisinedebernard.com/lopera,https://staging.lacuisinedebernard.com/lopera
https://www.lacuisinedebernard.com/lopera/,https://staging.lacuisinedebernard.com/lopera
https://lacuisinedebernard.com/mes-reportages-gastronomiques-cointreau,https://staging.lacuisinedebernard.com/mes-reportages-gastronomiques-cointreau
https://lacuisinedebernard.com/mes-reportages-gastronomiques-cointreau/,https://staging.lacuisinedebernard.com/mes-reportages-gastronomiques-cointreau
https://www.lacuisinedebernard.com/mes-reportages-gastronomiques-cointreau,https://staging.lacuisinedebernard.com/mes-reportages-gastronomiques-cointreau
https://www.lacuisinedebernard.com/mes-reportages-gastronomiques-cointreau/,https://staging.lacuisinedebernard.com/mes-reportages-gastronomiques-cointreau
https://lacuisinedebernard.com/la-tortilla-espagnole,https://staging.lacuisinedebernard.com/la-tortilla-espagnole
https://lacuisinedebernard.com/la-tortilla-espagnole/,https://staging.lacuisinedebernard.com/la-tortilla-espagnole
https://www.lacuisinedebernard.com/la-tortilla-espagnole,https://staging.lacuisinedebernard.com/la-tortilla-espagnole
https://www.lacuisinedebernard.com/la-tortilla-espagnole/,https://staging.lacuisinedebernard.com/la-tortilla-espagnole
https://lacuisinedebernard.com/les-gaufres-seches-dunkerquoises,https://staging.lacuisinedebernard.com/les-gaufres-seches-dunkerquoises
https://lacuisinedebernard.com/les-gaufres-seches-dunkerquoises/,https://staging.lacuisinedebernard.com/les-gaufres-seches-dunkerquoises
https://www.lacuisinedebernard.com/les-gaufres-seches-dunkerquoises,https://staging.lacuisinedebernard.com/les-gaufres-seches-dunkerquoises
https://www.lacuisinedebernard.com/les-gaufres-seches-dunkerquoises/,https://staging.lacuisinedebernard.com/les-gaufres-seches-dunkerquoises
https://lacuisinedebernard.com/les-galettes-de-ble-noir,https://staging.lacuisinedebernard.com/les-galettes-de-ble-noir
https://lacuisinedebernard.com/les-galettes-de-ble-noir/,https://staging.lacuisinedebernard.com/les-galettes-de-ble-noir
https://www.lacuisinedebernard.com/les-galettes-de-ble-noir,https://staging.lacuisinedebernard.com/les-galettes-de-ble-noir
https://www.lacuisinedebernard.com/les-galettes-de-ble-noir/,https://staging.lacuisinedebernard.com/les-galettes-de-ble-noir
https://lacuisinedebernard.com/les-croustillants-chocolat-framboises,https://staging.lacuisinedebernard.com/les-croustillants-chocolat-framboises
https://lacuisinedebernard.com/les-croustillants-chocolat-framboises/,https://staging.lacuisinedebernard.com/les-croustillants-chocolat-framboises
https://www.lacuisinedebernard.com/les-croustillants-chocolat-framboises,https://staging.lacuisinedebernard.com/les-croustillants-chocolat-framboises
https://www.lacuisinedebernard.com/les-croustillants-chocolat-framboises/,https://staging.lacuisinedebernard.com/les-croustillants-chocolat-framboises
https://lacuisinedebernard.com/les-gnocchis-aux-pommes-de-terre,https://staging.lacuisinedebernard.com/les-gnocchis-aux-pommes-de-terre
https://lacuisinedebernard.com/les-gnocchis-aux-pommes-de-terre/,https://staging.lacuisinedebernard.com/les-gnocchis-aux-pommes-de-terre
https://www.lacuisinedebernard.com/les-gnocchis-aux-pommes-de-terre,https://staging.lacuisinedebernard.com/les-gnocchis-aux-pommes-de-terre
https://www.lacuisinedebernard.com/les-gnocchis-aux-pommes-de-terre/,https://staging.lacuisinedebernard.com/les-gnocchis-aux-pommes-de-terre
https://lacuisinedebernard.com/les-tartelettes-au-chocola,https://staging.lacuisinedebernard.com/les-tartelettes-au-chocola
https://lacuisinedebernard.com/les-tartelettes-au-chocola/,https://staging.lacuisinedebernard.com/les-tartelettes-au-chocola
https://www.lacuisinedebernard.com/les-tartelettes-au-chocola,https://staging.lacuisinedebernard.com/les-tartelettes-au-chocola
https://www.lacuisinedebernard.com/les-tartelettes-au-chocola/,https://staging.lacuisinedebernard.com/les-tartelettes-au-chocola
https://lacuisinedebernard.com/les-montecaos,https://staging.lacuisinedebernard.com/les-montecaos
https://lacuisinedebernard.com/les-montecaos/,https://staging.lacuisinedebernard.com/les-montecaos
https://www.lacuisinedebernard.com/les-montecaos,https://staging.lacuisinedebernard.com/les-montecaos
https://www.lacuisinedebernard.com/les-montecaos/,https://staging.lacuisinedebernard.com/les-montecaos
https://lacuisinedebernard.com/les-baklawas,https://staging.lacuisinedebernard.com/les-baklawas
https://lacuisinedebernard.com/les-baklawas/,https://staging.lacuisinedebernard.com/les-baklawas
https://www.lacuisinedebernard.com/les-baklawas,https://staging.lacuisinedebernard.com/les-baklawas
https://www.lacuisinedebernard.com/les-baklawas/,https://staging.lacuisinedebernard.com/les-baklawas
https://lacuisinedebernard.com/la-creme-brulee-pistache,https://staging.lacuisinedebernard.com/la-creme-brulee-pistache
https://lacuisinedebernard.com/la-creme-brulee-pistache/,https://staging.lacuisinedebernard.com/la-creme-brulee-pistache
https://www.lacuisinedebernard.com/la-creme-brulee-pistache,https://staging.lacuisinedebernard.com/la-creme-brulee-pistache
https://www.lacuisinedebernard.com/la-creme-brulee-pistache/,https://staging.lacuisinedebernard.com/la-creme-brulee-pistache
https://lacuisinedebernard.com/les-galettes-kesra,https://staging.lacuisinedebernard.com/les-galettes-kesra
https://lacuisinedebernard.com/les-galettes-kesra/,https://staging.lacuisinedebernard.com/les-galettes-kesra
https://www.lacuisinedebernard.com/les-galettes-kesra,https://staging.lacuisinedebernard.com/les-galettes-kesra
https://www.lacuisinedebernard.com/les-galettes-kesra/,https://staging.lacuisinedebernard.com/les-galettes-kesra
https://lacuisinedebernard.com/mes-voyages-culinaires-lausanne,https://staging.lacuisinedebernard.com/mes-voyages-culinaires-lausanne
https://lacuisinedebernard.com/mes-voyages-culinaires-lausanne/,https://staging.lacuisinedebernard.com/mes-voyages-culinaires-lausanne
https://www.lacuisinedebernard.com/mes-voyages-culinaires-lausanne,https://staging.lacuisinedebernard.com/mes-voyages-culinaires-lausanne
https://www.lacuisinedebernard.com/mes-voyages-culinaires-lausanne/,https://staging.lacuisinedebernard.com/mes-voyages-culinaires-lausanne
https://lacuisinedebernard.com/mes-interviews-culinaires-guy-martin,https://staging.lacuisinedebernard.com/mes-interviews-culinaires-guy-martin
https://lacuisinedebernard.com/mes-interviews-culinaires-guy-martin/,https://staging.lacuisinedebernard.com/mes-interviews-culinaires-guy-martin
https://www.lacuisinedebernard.com/mes-interviews-culinaires-guy-martin,https://staging.lacuisinedebernard.com/mes-interviews-culinaires-guy-martin
https://www.lacuisinedebernard.com/mes-interviews-culinaires-guy-martin/,https://staging.lacuisinedebernard.com/mes-interviews-culinaires-guy-martin
https://lacuisinedebernard.com/les-baci-di-dama,https://staging.lacuisinedebernard.com/les-baci-di-dama
https://lacuisinedebernard.com/les-baci-di-dama/,https://staging.lacuisinedebernard.com/les-baci-di-dama
https://www.lacuisinedebernard.com/les-baci-di-dama,https://staging.lacuisinedebernard.com/les-baci-di-dama
https://www.lacuisinedebernard.com/les-baci-di-dama/,https://staging.lacuisinedebernard.com/les-baci-di-dama
https://lacuisinedebernard.com/les-baklawas-aux-pistaches-et-eau-de,https://staging.lacuisinedebernard.com/les-baklawas-aux-pistaches-et-eau-de
https://lacuisinedebernard.com/les-baklawas-aux-pistaches-et-eau-de/,https://staging.lacuisinedebernard.com/les-baklawas-aux-pistaches-et-eau-de
https://www.lacuisinedebernard.com/les-baklawas-aux-pistaches-et-eau-de,https://staging.lacuisinedebernard.com/les-baklawas-aux-pistaches-et-eau-de
https://www.lacuisinedebernard.com/les-baklawas-aux-pistaches-et-eau-de/,https://staging.lacuisinedebernard.com/les-baklawas-aux-pistaches-et-eau-de
https://lacuisinedebernard.com/declinaison-autour-du-mais-geant-ver,https://staging.lacuisinedebernard.com/declinaison-autour-du-mais-geant-ver
https://lacuisinedebernard.com/declinaison-autour-du-mais-geant-ver/,https://staging.lacuisinedebernard.com/declinaison-autour-du-mais-geant-ver
https://www.lacuisinedebernard.com/declinaison-autour-du-mais-geant-ver,https://staging.lacuisinedebernard.com/declinaison-autour-du-mais-geant-ver
https://www.lacuisinedebernard.com/declinaison-autour-du-mais-geant-ver/,https://staging.lacuisinedebernard.com/declinaison-autour-du-mais-geant-ver
https://lacuisinedebernard.com/mes-voyages-culinaires-san-francisco,https://staging.lacuisinedebernard.com/mes-voyages-culinaires-san-francisco
https://lacuisinedebernard.com/mes-voyages-culinaires-san-francisco/,https://staging.lacuisinedebernard.com/mes-voyages-culinaires-san-francisco
https://www.lacuisinedebernard.com/mes-voyages-culinaires-san-francisco,https://staging.lacuisinedebernard.com/mes-voyages-culinaires-san-francisco
https://www.lacuisinedebernard.com/mes-voyages-culinaires-san-francisco/,https://staging.lacuisinedebernard.com/mes-voyages-culinaires-san-francisco
https://lacuisinedebernard.com/les-rouleaux-de-printemps,https://staging.lacuisinedebernard.com/les-rouleaux-de-printemps
https://lacuisinedebernard.com/les-rouleaux-de-printemps/,https://staging.lacuisinedebernard.com/les-rouleaux-de-printemps
https://www.lacuisinedebernard.com/les-rouleaux-de-printemps,https://staging.lacuisinedebernard.com/les-rouleaux-de-printemps
https://www.lacuisinedebernard.com/les-rouleaux-de-printemps/,https://staging.lacuisinedebernard.com/les-rouleaux-de-printemps
https://lacuisinedebernard.com/la-misoshiru,https://staging.lacuisinedebernard.com/la-misoshiru
https://lacuisinedebernard.com/la-misoshiru/,https://staging.lacuisinedebernard.com/la-misoshiru
https://www.lacuisinedebernard.com/la-misoshiru,https://staging.lacuisinedebernard.com/la-misoshiru
https://www.lacuisinedebernard.com/la-misoshiru/,https://staging.lacuisinedebernard.com/la-misoshiru
https://lacuisinedebernard.com/les-samossas-indiens-aux-pommes-de,https://staging.lacuisinedebernard.com/les-samossas-indiens-aux-pommes-de
https://lacuisinedebernard.com/les-samossas-indiens-aux-pommes-de/,https://staging.lacuisinedebernard.com/les-samossas-indiens-aux-pommes-de
https://www.lacuisinedebernard.com/les-samossas-indiens-aux-pommes-de,https://staging.lacuisinedebernard.com/les-samossas-indiens-aux-pommes-de
https://www.lacuisinedebernard.com/les-samossas-indiens-aux-pommes-de/,https://staging.lacuisinedebernard.com/les-samossas-indiens-aux-pommes-de
https://lacuisinedebernard.com/les-boulettes-de-boeuf-la-fondue,https://staging.lacuisinedebernard.com/les-boulettes-de-boeuf-la-fondue
https://lacuisinedebernard.com/les-boulettes-de-boeuf-la-fondue/,https://staging.lacuisinedebernard.com/les-boulettes-de-boeuf-la-fondue
https://www.lacuisinedebernard.com/les-boulettes-de-boeuf-la-fondue,https://staging.lacuisinedebernard.com/les-boulettes-de-boeuf-la-fondue
https://www.lacuisinedebernard.com/les-boulettes-de-boeuf-la-fondue/,https://staging.lacuisinedebernard.com/les-boulettes-de-boeuf-la-fondue
https://lacuisinedebernard.com/les-madeleines-de-commercy,https://staging.lacuisinedebernard.com/les-madeleines-de-commercy
https://lacuisinedebernard.com/les-madeleines-de-commercy/,https://staging.lacuisinedebernard.com/les-madeleines-de-commercy
https://www.lacuisinedebernard.com/les-madeleines-de-commercy,https://staging.lacuisinedebernard.com/les-madeleines-de-commercy
https://www.lacuisinedebernard.com/les-madeleines-de-commercy/,https://staging.lacuisinedebernard.com/les-madeleines-de-commercy
https://lacuisinedebernard.com/mes-voyages-culinaires-rouen,https://staging.lacuisinedebernard.com/mes-voyages-culinaires-rouen
https://lacuisinedebernard.com/mes-voyages-culinaires-rouen/,https://staging.lacuisinedebernard.com/mes-voyages-culinaires-rouen
https://www.lacuisinedebernard.com/mes-voyages-culinaires-rouen,https://staging.lacuisinedebernard.com/mes-voyages-culinaires-rouen
https://www.lacuisinedebernard.com/mes-voyages-culinaires-rouen/,https://staging.lacuisinedebernard.com/mes-voyages-culinaires-rouen
https://lacuisinedebernard.com/la-sauce-au-caramel-au-beurre-sale,https://staging.lacuisinedebernard.com/la-sauce-au-caramel-au-beurre-sale
https://lacuisinedebernard.com/la-sauce-au-caramel-au-beurre-sale/,https://staging.lacuisinedebernard.com/la-sauce-au-caramel-au-beurre-sale
https://www.lacuisinedebernard.com/la-sauce-au-caramel-au-beurre-sale,https://staging.lacuisinedebernard.com/la-sauce-au-caramel-au-beurre-sale
https://www.lacuisinedebernard.com/la-sauce-au-caramel-au-beurre-sale/,https://staging.lacuisinedebernard.com/la-sauce-au-caramel-au-beurre-sale
https://lacuisinedebernard.com/les-gaufres-de-foire,https://staging.lacuisinedebernard.com/les-gaufres-de-foire
https://lacuisinedebernard.com/les-gaufres-de-foire/,https://staging.lacuisinedebernard.com/les-gaufres-de-foire
https://www.lacuisinedebernard.com/les-gaufres-de-foire,https://staging.lacuisinedebernard.com/les-gaufres-de-foire
https://www.lacuisinedebernard.com/les-gaufres-de-foire/,https://staging.lacuisinedebernard.com/les-gaufres-de-foire
https://lacuisinedebernard.com/les-tartelettes-aux-framboises-e,https://staging.lacuisinedebernard.com/les-tartelettes-aux-framboises-e
https://lacuisinedebernard.com/les-tartelettes-aux-framboises-e/,https://staging.lacuisinedebernard.com/les-tartelettes-aux-framboises-e
https://www.lacuisinedebernard.com/les-tartelettes-aux-framboises-e,https://staging.lacuisinedebernard.com/les-tartelettes-aux-framboises-e
https://www.lacuisinedebernard.com/les-tartelettes-aux-framboises-e/,https://staging.lacuisinedebernard.com/les-tartelettes-aux-framboises-e
https://lacuisinedebernard.com/pates-aux-oeufs-frais,https://staging.lacuisinedebernard.com/pates-aux-oeufs-frais
https://lacuisinedebernard.com/pates-aux-oeufs-frais/,https://staging.lacuisinedebernard.com/pates-aux-oeufs-frais
https://www.lacuisinedebernard.com/pates-aux-oeufs-frais,https://staging.lacuisinedebernard.com/pates-aux-oeufs-frais
https://www.lacuisinedebernard.com/pates-aux-oeufs-frais/,https://staging.lacuisinedebernard.com/pates-aux-oeufs-frais
https://lacuisinedebernard.com/le-crumb-cake-de-new-york,https://staging.lacuisinedebernard.com/le-crumb-cake-de-new-york
https://lacuisinedebernard.com/le-crumb-cake-de-new-york/,https://staging.lacuisinedebernard.com/le-crumb-cake-de-new-york
https://www.lacuisinedebernard.com/le-crumb-cake-de-new-york,https://staging.lacuisinedebernard.com/le-crumb-cake-de-new-york
https://www.lacuisinedebernard.com/le-crumb-cake-de-new-york/,https://staging.lacuisinedebernard.com/le-crumb-cake-de-new-york
https://lacuisinedebernard.com/le-kig-ar-farz,https://staging.lacuisinedebernard.com/le-kig-ar-farz
https://lacuisinedebernard.com/le-kig-ar-farz/,https://staging.lacuisinedebernard.com/le-kig-ar-farz
https://www.lacuisinedebernard.com/le-kig-ar-farz,https://staging.lacuisinedebernard.com/le-kig-ar-farz
https://www.lacuisinedebernard.com/le-kig-ar-farz/,https://staging.lacuisinedebernard.com/le-kig-ar-farz
https://lacuisinedebernard.com/les-brownies-aux-noix,https://staging.lacuisinedebernard.com/les-brownies-aux-noix
https://lacuisinedebernard.com/les-brownies-aux-noix/,https://staging.lacuisinedebernard.com/les-brownies-aux-noix
https://www.lacuisinedebernard.com/les-brownies-aux-noix,https://staging.lacuisinedebernard.com/les-brownies-aux-noix
https://www.lacuisinedebernard.com/les-brownies-aux-noix/,https://staging.lacuisinedebernard.com/les-brownies-aux-noix
https://lacuisinedebernard.com/le-nyiragongo,https://staging.lacuisinedebernard.com/le-nyiragongo
https://lacuisinedebernard.com/le-nyiragongo/,https://staging.lacuisinedebernard.com/le-nyiragongo
https://www.lacuisinedebernard.com/le-nyiragongo,https://staging.lacuisinedebernard.com/le-nyiragongo
https://www.lacuisinedebernard.com/le-nyiragongo/,https://staging.lacuisinedebernard.com/le-nyiragongo
https://lacuisinedebernard.com/le-chili-con-carne,https://staging.lacuisinedebernard.com/le-chili-con-carne
https://lacuisinedebernard.com/le-chili-con-carne/,https://staging.lacuisinedebernard.com/le-chili-con-carne
https://www.lacuisinedebernard.com/le-chili-con-carne,https://staging.lacuisinedebernard.com/le-chili-con-carne
https://www.lacuisinedebernard.com/le-chili-con-carne/,https://staging.lacuisinedebernard.com/le-chili-con-carne
https://lacuisinedebernard.com/les-malakoffs-vaudois,https://staging.lacuisinedebernard.com/les-malakoffs-vaudois
https://lacuisinedebernard.com/les-malakoffs-vaudois/,https://staging.lacuisinedebernard.com/les-malakoffs-vaudois
https://www.lacuisinedebernard.com/les-malakoffs-vaudois,https://staging.lacuisinedebernard.com/les-malakoffs-vaudois
https://www.lacuisinedebernard.com/les-malakoffs-vaudois/,https://staging.lacuisinedebernard.com/les-malakoffs-vaudois
https://lacuisinedebernard.com/le-nougat-de-montelimar,https://staging.lacuisinedebernard.com/le-nougat-de-montelimar
https://lacuisinedebernard.com/le-nougat-de-montelimar/,https://staging.lacuisinedebernard.com/le-nougat-de-montelimar
https://www.lacuisinedebernard.com/le-nougat-de-montelimar,https://staging.lacuisinedebernard.com/le-nougat-de-montelimar
https://www.lacuisinedebernard.com/le-nougat-de-montelimar/,https://staging.lacuisinedebernard.com/le-nougat-de-montelimar
https://lacuisinedebernard.com/les-mhadjebs,https://staging.lacuisinedebernard.com/les-mhadjebs
https://lacuisinedebernard.com/les-mhadjebs/,https://staging.lacuisinedebernard.com/les-mhadjebs
https://www.lacuisinedebernard.com/les-mhadjebs,https://staging.lacuisinedebernard.com/les-mhadjebs
https://www.lacuisinedebernard.com/les-mhadjebs/,https://staging.lacuisinedebernard.com/les-mhadjebs
https://lacuisinedebernard.com/les-macarons-chocolat-framboise,https://staging.lacuisinedebernard.com/les-macarons-chocolat-framboise
https://lacuisinedebernard.com/les-macarons-chocolat-framboise/,https://staging.lacuisinedebernard.com/les-macarons-chocolat-framboise
https://www.lacuisinedebernard.com/les-macarons-chocolat-framboise,https://staging.lacuisinedebernard.com/les-macarons-chocolat-framboise
https://www.lacuisinedebernard.com/les-macarons-chocolat-framboise/,https://staging.lacuisinedebernard.com/les-macarons-chocolat-framboise
https://lacuisinedebernard.com/la-brandade,https://staging.lacuisinedebernard.com/la-brandade
https://lacuisinedebernard.com/la-brandade/,https://staging.lacuisinedebernard.com/la-brandade
https://www.lacuisinedebernard.com/la-brandade,https://staging.lacuisinedebernard.com/la-brandade
https://www.lacuisinedebernard.com/la-brandade/,https://staging.lacuisinedebernard.com/la-brandade
https://lacuisinedebernard.com/les-croissants-pur-beurre,https://staging.lacuisinedebernard.com/les-croissants-pur-beurre
https://lacuisinedebernard.com/les-croissants-pur-beurre/,https://staging.lacuisinedebernard.com/les-croissants-pur-beurre
https://www.lacuisinedebernard.com/les-croissants-pur-beurre,https://staging.lacuisinedebernard.com/les-croissants-pur-beurre
https://www.lacuisinedebernard.com/les-croissants-pur-beurre/,https://staging.lacuisinedebernard.com/les-croissants-pur-beurre
https://lacuisinedebernard.com/le-souffle-au-fromage,https://staging.lacuisinedebernard.com/le-souffle-au-fromage
https://lacuisinedebernard.com/le-souffle-au-fromage/,https://staging.lacuisinedebernard.com/le-souffle-au-fromage
https://www.lacuisinedebernard.com/le-souffle-au-fromage,https://staging.lacuisinedebernard.com/le-souffle-au-fromage
https://www.lacuisinedebernard.com/le-souffle-au-fromage/,https://staging.lacuisinedebernard.com/le-souffle-au-fromage
https://lacuisinedebernard.com/la-fondue-suisse,https://staging.lacuisinedebernard.com/la-fondue-suisse
https://lacuisinedebernard.com/la-fondue-suisse/,https://staging.lacuisinedebernard.com/la-fondue-suisse
https://www.lacuisinedebernard.com/la-fondue-suisse,https://staging.lacuisinedebernard.com/la-fondue-suisse
https://www.lacuisinedebernard.com/la-fondue-suisse/,https://staging.lacuisinedebernard.com/la-fondue-suisse
https://lacuisinedebernard.com/les-chocolats-aux-noix,https://staging.lacuisinedebernard.com/les-chocolats-aux-noix
https://lacuisinedebernard.com/les-chocolats-aux-noix/,https://staging.lacuisinedebernard.com/les-chocolats-aux-noix
https://www.lacuisinedebernard.com/les-chocolats-aux-noix,https://staging.lacuisinedebernard.com/les-chocolats-aux-noix
https://www.lacuisinedebernard.com/les-chocolats-aux-noix/,https://staging.lacuisinedebernard.com/les-chocolats-aux-noix
https://lacuisinedebernard.com/les-hobnobs,https://staging.lacuisinedebernard.com/les-hobnobs
https://lacuisinedebernard.com/les-hobnobs/,https://staging.lacuisinedebernard.com/les-hobnobs
https://www.lacuisinedebernard.com/les-hobnobs,https://staging.lacuisinedebernard.com/les-hobnobs
https://www.lacuisinedebernard.com/les-hobnobs/,https://staging.lacuisinedebernard.com/les-hobnobs
https://lacuisinedebernard.com/la-tarte-bourdaloue,https://staging.lacuisinedebernard.com/la-tarte-bourdaloue
https://lacuisinedebernard.com/la-tarte-bourdaloue/,https://staging.lacuisinedebernard.com/la-tarte-bourdaloue
https://www.lacuisinedebernard.com/la-tarte-bourdaloue,https://staging.lacuisinedebernard.com/la-tarte-bourdaloue
https://www.lacuisinedebernard.com/la-tarte-bourdaloue/,https://staging.lacuisinedebernard.com/la-tarte-bourdaloue
https://lacuisinedebernard.com/les-pasteis-bresiliens-de-foire,https://staging.lacuisinedebernard.com/les-pasteis-bresiliens-de-foire
https://lacuisinedebernard.com/les-pasteis-bresiliens-de-foire/,https://staging.lacuisinedebernard.com/les-pasteis-bresiliens-de-foire
https://www.lacuisinedebernard.com/les-pasteis-bresiliens-de-foire,https://staging.lacuisinedebernard.com/les-pasteis-bresiliens-de-foire
https://www.lacuisinedebernard.com/les-pasteis-bresiliens-de-foire/,https://staging.lacuisinedebernard.com/les-pasteis-bresiliens-de-foire
https://lacuisinedebernard.com/les-sables-feuillantine,https://staging.lacuisinedebernard.com/les-sables-feuillantine
https://lacuisinedebernard.com/les-sables-feuillantine/,https://staging.lacuisinedebernard.com/les-sables-feuillantine
https://www.lacuisinedebernard.com/les-sables-feuillantine,https://staging.lacuisinedebernard.com/les-sables-feuillantine
https://www.lacuisinedebernard.com/les-sables-feuillantine/,https://staging.lacuisinedebernard.com/les-sables-feuillantine
https://lacuisinedebernard.com/les-pains-vapeur-chinois-la-ciboulette,https://staging.lacuisinedebernard.com/les-pains-vapeur-chinois-la-ciboulette
https://lacuisinedebernard.com/les-pains-vapeur-chinois-la-ciboulette/,https://staging.lacuisinedebernard.com/les-pains-vapeur-chinois-la-ciboulette
https://www.lacuisinedebernard.com/les-pains-vapeur-chinois-la-ciboulette,https://staging.lacuisinedebernard.com/les-pains-vapeur-chinois-la-ciboulette
https://www.lacuisinedebernard.com/les-pains-vapeur-chinois-la-ciboulette/,https://staging.lacuisinedebernard.com/les-pains-vapeur-chinois-la-ciboulette
https://lacuisinedebernard.com/les-sables-classiques,https://staging.lacuisinedebernard.com/les-sables-classiques
https://lacuisinedebernard.com/les-sables-classiques/,https://staging.lacuisinedebernard.com/les-sables-classiques
https://www.lacuisinedebernard.com/les-sables-classiques,https://staging.lacuisinedebernard.com/les-sables-classiques
https://www.lacuisinedebernard.com/les-sables-classiques/,https://staging.lacuisinedebernard.com/les-sables-classiques
https://lacuisinedebernard.com/le-decanteur,https://staging.lacuisinedebernard.com/le-decanteur
https://lacuisinedebernard.com/le-decanteur/,https://staging.lacuisinedebernard.com/le-decanteur
https://www.lacuisinedebernard.com/le-decanteur,https://staging.lacuisinedebernard.com/le-decanteur
https://www.lacuisinedebernard.com/le-decanteur/,https://staging.lacuisinedebernard.com/le-decanteur
https://lacuisinedebernard.com/carrement-tarte-peches-et-pistaches,https://staging.lacuisinedebernard.com/carrement-tarte-peches-et-pistaches
https://lacuisinedebernard.com/carrement-tarte-peches-et-pistaches/,https://staging.lacuisinedebernard.com/carrement-tarte-peches-et-pistaches
https://www.lacuisinedebernard.com/carrement-tarte-peches-et-pistaches,https://staging.lacuisinedebernard.com/carrement-tarte-peches-et-pistaches
https://www.lacuisinedebernard.com/carrement-tarte-peches-et-pistaches/,https://staging.lacuisinedebernard.com/carrement-tarte-peches-et-pistaches
https://lacuisinedebernard.com/les-magrets-de-canard-la-mangue,https://staging.lacuisinedebernard.com/les-magrets-de-canard-la-mangue
https://lacuisinedebernard.com/les-magrets-de-canard-la-mangue/,https://staging.lacuisinedebernard.com/les-magrets-de-canard-la-mangue
https://www.lacuisinedebernard.com/les-magrets-de-canard-la-mangue,https://staging.lacuisinedebernard.com/les-magrets-de-canard-la-mangue
https://www.lacuisinedebernard.com/les-magrets-de-canard-la-mangue/,https://staging.lacuisinedebernard.com/les-magrets-de-canard-la-mangue
https://lacuisinedebernard.com/mes-interviews-culinaires-michel-e,https://staging.lacuisinedebernard.com/mes-interviews-culinaires-michel-e
https://lacuisinedebernard.com/mes-interviews-culinaires-michel-e/,https://staging.lacuisinedebernard.com/mes-interviews-culinaires-michel-e
https://www.lacuisinedebernard.com/mes-interviews-culinaires-michel-e,https://staging.lacuisinedebernard.com/mes-interviews-culinaires-michel-e
https://www.lacuisinedebernard.com/mes-interviews-culinaires-michel-e/,https://staging.lacuisinedebernard.com/mes-interviews-culinaires-michel-e
https://lacuisinedebernard.com/macarons-au-caramel-au-beurre-sale,https://staging.lacuisinedebernard.com/macarons-au-caramel-au-beurre-sale
https://lacuisinedebernard.com/macarons-au-caramel-au-beurre-sale/,https://staging.lacuisinedebernard.com/macarons-au-caramel-au-beurre-sale
https://www.lacuisinedebernard.com/macarons-au-caramel-au-beurre-sale,https://staging.lacuisinedebernard.com/macarons-au-caramel-au-beurre-sale
https://www.lacuisinedebernard.com/macarons-au-caramel-au-beurre-sale/,https://staging.lacuisinedebernard.com/macarons-au-caramel-au-beurre-sale
https://lacuisinedebernard.com/le-tiramisu-vanille-aux-framboises,https://staging.lacuisinedebernard.com/le-tiramisu-vanille-aux-framboises
https://lacuisinedebernard.com/le-tiramisu-vanille-aux-framboises/,https://staging.lacuisinedebernard.com/le-tiramisu-vanille-aux-framboises
https://www.lacuisinedebernard.com/le-tiramisu-vanille-aux-framboises,https://staging.lacuisinedebernard.com/le-tiramisu-vanille-aux-framboises
https://www.lacuisinedebernard.com/le-tiramisu-vanille-aux-framboises/,https://staging.lacuisinedebernard.com/le-tiramisu-vanille-aux-framboises
https://lacuisinedebernard.com/les-gnocchis-daubergines,https://staging.lacuisinedebernard.com/les-gnocchis-daubergines
https://lacuisinedebernard.com/les-gnocchis-daubergines/,https://staging.lacuisinedebernard.com/les-gnocchis-daubergines
https://www.lacuisinedebernard.com/les-gnocchis-daubergines,https://staging.lacuisinedebernard.com/les-gnocchis-daubergines
https://www.lacuisinedebernard.com/les-gnocchis-daubergines/,https://staging.lacuisinedebernard.com/les-gnocchis-daubergines
https://lacuisinedebernard.com/les-financiers-aux-noisettes-et-vanille,https://staging.lacuisinedebernard.com/les-financiers-aux-noisettes-et-vanille
https://lacuisinedebernard.com/les-financiers-aux-noisettes-et-vanille/,https://staging.lacuisinedebernard.com/les-financiers-aux-noisettes-et-vanille
https://www.lacuisinedebernard.com/les-financiers-aux-noisettes-et-vanille,https://staging.lacuisinedebernard.com/les-financiers-aux-noisettes-et-vanille
https://www.lacuisinedebernard.com/les-financiers-aux-noisettes-et-vanille/,https://staging.lacuisinedebernard.com/les-financiers-aux-noisettes-et-vanille
https://lacuisinedebernard.com/les-sopaipillas-du-chili,https://staging.lacuisinedebernard.com/les-sopaipillas-du-chili
https://lacuisinedebernard.com/les-sopaipillas-du-chili/,https://staging.lacuisinedebernard.com/les-sopaipillas-du-chili
https://www.lacuisinedebernard.com/les-sopaipillas-du-chili,https://staging.lacuisinedebernard.com/les-sopaipillas-du-chili
https://www.lacuisinedebernard.com/les-sopaipillas-du-chili/,https://staging.lacuisinedebernard.com/les-sopaipillas-du-chili
https://lacuisinedebernard.com/la-tarte-florentine-aux-pommes,https://staging.lacuisinedebernard.com/la-tarte-florentine-aux-pommes
https://lacuisinedebernard.com/la-tarte-florentine-aux-pommes/,https://staging.lacuisinedebernard.com/la-tarte-florentine-aux-pommes
https://www.lacuisinedebernard.com/la-tarte-florentine-aux-pommes,https://staging.lacuisinedebernard.com/la-tarte-florentine-aux-pommes
https://www.lacuisinedebernard.com/la-tarte-florentine-aux-pommes/,https://staging.lacuisinedebernard.com/la-tarte-florentine-aux-pommes
https://lacuisinedebernard.com/les-feuilles-de-menthe-cristallisees-au,https://staging.lacuisinedebernard.com/les-feuilles-de-menthe-cristallisees-au
https://lacuisinedebernard.com/les-feuilles-de-menthe-cristallisees-au/,https://staging.lacuisinedebernard.com/les-feuilles-de-menthe-cristallisees-au
https://www.lacuisinedebernard.com/les-feuilles-de-menthe-cristallisees-au,https://staging.lacuisinedebernard.com/les-feuilles-de-menthe-cristallisees-au
https://www.lacuisinedebernard.com/les-feuilles-de-menthe-cristallisees-au/,https://staging.lacuisinedebernard.com/les-feuilles-de-menthe-cristallisees-au
https://lacuisinedebernard.com/les-tartelettes-aux-fraises-des-bois,https://staging.lacuisinedebernard.com/les-tartelettes-aux-fraises-des-bois
https://lacuisinedebernard.com/les-tartelettes-aux-fraises-des-bois/,https://staging.lacuisinedebernard.com/les-tartelettes-aux-fraises-des-bois
https://www.lacuisinedebernard.com/les-tartelettes-aux-fraises-des-bois,https://staging.lacuisinedebernard.com/les-tartelettes-aux-fraises-des-bois
https://www.lacuisinedebernard.com/les-tartelettes-aux-fraises-des-bois/,https://staging.lacuisinedebernard.com/les-tartelettes-aux-fraises-des-bois
https://lacuisinedebernard.com/les-piquillos-farcis-au-thon,https://staging.lacuisinedebernard.com/les-piquillos-farcis-au-thon
https://lacuisinedebernard.com/les-piquillos-farcis-au-thon/,https://staging.lacuisinedebernard.com/les-piquillos-farcis-au-thon
https://www.lacuisinedebernard.com/les-piquillos-farcis-au-thon,https://staging.lacuisinedebernard.com/les-piquillos-farcis-au-thon
https://www.lacuisinedebernard.com/les-piquillos-farcis-au-thon/,https://staging.lacuisinedebernard.com/les-piquillos-farcis-au-thon
https://lacuisinedebernard.com/mes-interviews-culinaires-thierry,https://staging.lacuisinedebernard.com/mes-interviews-culinaires-thierry
https://lacuisinedebernard.com/mes-interviews-culinaires-thierry/,https://staging.lacuisinedebernard.com/mes-interviews-culinaires-thierry
https://www.lacuisinedebernard.com/mes-interviews-culinaires-thierry,https://staging.lacuisinedebernard.com/mes-interviews-culinaires-thierry
https://www.lacuisinedebernard.com/mes-interviews-culinaires-thierry/,https://staging.lacuisinedebernard.com/mes-interviews-culinaires-thierry
https://lacuisinedebernard.com/les-crevettes-piquantes-express,https://staging.lacuisinedebernard.com/les-crevettes-piquantes-express
https://lacuisinedebernard.com/les-crevettes-piquantes-express/,https://staging.lacuisinedebernard.com/les-crevettes-piquantes-express
https://www.lacuisinedebernard.com/les-crevettes-piquantes-express,https://staging.lacuisinedebernard.com/les-crevettes-piquantes-express
https://www.lacuisinedebernard.com/les-crevettes-piquantes-express/,https://staging.lacuisinedebernard.com/les-crevettes-piquantes-express
https://lacuisinedebernard.com/la-balade-du-parfait-cuisinier,https://staging.lacuisinedebernard.com/la-balade-du-parfait-cuisinier
https://lacuisinedebernard.com/la-balade-du-parfait-cuisinier/,https://staging.lacuisinedebernard.com/la-balade-du-parfait-cuisinier
https://www.lacuisinedebernard.com/la-balade-du-parfait-cuisinier,https://staging.lacuisinedebernard.com/la-balade-du-parfait-cuisinier
https://www.lacuisinedebernard.com/la-balade-du-parfait-cuisinier/,https://staging.lacuisinedebernard.com/la-balade-du-parfait-cuisinier
https://lacuisinedebernard.com/le-banoffee-pie,https://staging.lacuisinedebernard.com/le-banoffee-pie
https://lacuisinedebernard.com/le-banoffee-pie/,https://staging.lacuisinedebernard.com/le-banoffee-pie
https://www.lacuisinedebernard.com/le-banoffee-pie,https://staging.lacuisinedebernard.com/le-banoffee-pie
https://www.lacuisinedebernard.com/le-banoffee-pie/,https://staging.lacuisinedebernard.com/le-banoffee-pie
https://lacuisinedebernard.com/risotto-tomates-basilic,https://staging.lacuisinedebernard.com/risotto-tomates-basilic
https://lacuisinedebernard.com/risotto-tomates-basilic/,https://staging.lacuisinedebernard.com/risotto-tomates-basilic
https://www.lacuisinedebernard.com/risotto-tomates-basilic,https://staging.lacuisinedebernard.com/risotto-tomates-basilic
https://www.lacuisinedebernard.com/risotto-tomates-basilic/,https://staging.lacuisinedebernard.com/risotto-tomates-basilic
https://lacuisinedebernard.com/le-dome,https://staging.lacuisinedebernard.com/le-dome
https://lacuisinedebernard.com/le-dome/,https://staging.lacuisinedebernard.com/le-dome
https://www.lacuisinedebernard.com/le-dome,https://staging.lacuisinedebernard.com/le-dome
https://www.lacuisinedebernard.com/le-dome/,https://staging.lacuisinedebernard.com/le-dome
https://lacuisinedebernard.com/les-diamants,https://staging.lacuisinedebernard.com/les-diamants
https://lacuisinedebernard.com/les-diamants/,https://staging.lacuisinedebernard.com/les-diamants
https://www.lacuisinedebernard.com/les-diamants,https://staging.lacuisinedebernard.com/les-diamants
https://www.lacuisinedebernard.com/les-diamants/,https://staging.lacuisinedebernard.com/les-diamants
https://lacuisinedebernard.com/lagostina,https://staging.lacuisinedebernard.com/lagostina
https://lacuisinedebernard.com/lagostina/,https://staging.lacuisinedebernard.com/lagostina
https://www.lacuisinedebernard.com/lagostina,https://staging.lacuisinedebernard.com/lagostina
https://www.lacuisinedebernard.com/lagostina/,https://staging.lacuisinedebernard.com/lagostina
https://lacuisinedebernard.com/le-clafoutis-aux-cerises,https://staging.lacuisinedebernard.com/le-clafoutis-aux-cerises
https://lacuisinedebernard.com/le-clafoutis-aux-cerises/,https://staging.lacuisinedebernard.com/le-clafoutis-aux-cerises
https://www.lacuisinedebernard.com/le-clafoutis-aux-cerises,https://staging.lacuisinedebernard.com/le-clafoutis-aux-cerises
https://www.lacuisinedebernard.com/le-clafoutis-aux-cerises/,https://staging.lacuisinedebernard.com/le-clafoutis-aux-cerises
https://lacuisinedebernard.com/le-croque-olympe,https://staging.lacuisinedebernard.com/le-croque-olympe
https://lacuisinedebernard.com/le-croque-olympe/,https://staging.lacuisinedebernard.com/le-croque-olympe
https://www.lacuisinedebernard.com/le-croque-olympe,https://staging.lacuisinedebernard.com/le-croque-olympe
https://www.lacuisinedebernard.com/le-croque-olympe/,https://staging.lacuisinedebernard.com/le-croque-olympe
https://lacuisinedebernard.com/les-sables-epeautre-amandes,https://staging.lacuisinedebernard.com/les-sables-epeautre-amandes
https://lacuisinedebernard.com/les-sables-epeautre-amandes/,https://staging.lacuisinedebernard.com/les-sables-epeautre-amandes
https://www.lacuisinedebernard.com/les-sables-epeautre-amandes,https://staging.lacuisinedebernard.com/les-sables-epeautre-amandes
https://www.lacuisinedebernard.com/les-sables-epeautre-amandes/,https://staging.lacuisinedebernard.com/les-sables-epeautre-amandes
https://lacuisinedebernard.com/mes-voyages-culinaires-santiago-du,https://staging.lacuisinedebernard.com/mes-voyages-culinaires-santiago-du
https://lacuisinedebernard.com/mes-voyages-culinaires-santiago-du/,https://staging.lacuisinedebernard.com/mes-voyages-culinaires-santiago-du
https://www.lacuisinedebernard.com/mes-voyages-culinaires-santiago-du,https://staging.lacuisinedebernard.com/mes-voyages-culinaires-santiago-du
https://www.lacuisinedebernard.com/mes-voyages-culinaires-santiago-du/,https://staging.lacuisinedebernard.com/mes-voyages-culinaires-santiago-du
https://lacuisinedebernard.com/la-mousse-de-citron-ver,https://staging.lacuisinedebernard.com/la-mousse-de-citron-ver
https://lacuisinedebernard.com/la-mousse-de-citron-ver/,https://staging.lacuisinedebernard.com/la-mousse-de-citron-ver
https://www.lacuisinedebernard.com/la-mousse-de-citron-ver,https://staging.lacuisinedebernard.com/la-mousse-de-citron-ver
https://www.lacuisinedebernard.com/la-mousse-de-citron-ver/,https://staging.lacuisinedebernard.com/la-mousse-de-citron-ver
https://lacuisinedebernard.com/mes-reportages-gastronomiques-les-traou,https://staging.lacuisinedebernard.com/mes-reportages-gastronomiques-les-traou
https://lacuisinedebernard.com/mes-reportages-gastronomiques-les-traou/,https://staging.lacuisinedebernard.com/mes-reportages-gastronomiques-les-traou
https://www.lacuisinedebernard.com/mes-reportages-gastronomiques-les-traou,https://staging.lacuisinedebernard.com/mes-reportages-gastronomiques-les-traou
https://www.lacuisinedebernard.com/mes-reportages-gastronomiques-les-traou/,https://staging.lacuisinedebernard.com/mes-reportages-gastronomiques-les-traou
https://lacuisinedebernard.com/les-ravioles-de-foie-gras-creme-au-mie,https://staging.lacuisinedebernard.com/les-ravioles-de-foie-gras-creme-au-mie
https://lacuisinedebernard.com/les-ravioles-de-foie-gras-creme-au-mie/,https://staging.lacuisinedebernard.com/les-ravioles-de-foie-gras-creme-au-mie
https://www.lacuisinedebernard.com/les-ravioles-de-foie-gras-creme-au-mie,https://staging.lacuisinedebernard.com/les-ravioles-de-foie-gras-creme-au-mie
https://www.lacuisinedebernard.com/les-ravioles-de-foie-gras-creme-au-mie/,https://staging.lacuisinedebernard.com/les-ravioles-de-foie-gras-creme-au-mie
https://lacuisinedebernard.com/les-macarons-cafe-chocola,https://staging.lacuisinedebernard.com/les-macarons-cafe-chocola
https://lacuisinedebernard.com/les-macarons-cafe-chocola/,https://staging.lacuisinedebernard.com/les-macarons-cafe-chocola
https://www.lacuisinedebernard.com/les-macarons-cafe-chocola,https://staging.lacuisinedebernard.com/les-macarons-cafe-chocola
https://www.lacuisinedebernard.com/les-macarons-cafe-chocola/,https://staging.lacuisinedebernard.com/les-macarons-cafe-chocola
https://lacuisinedebernard.com/latelier-de-bernard-chez-les-reines,https://staging.lacuisinedebernard.com/latelier-de-bernard-chez-les-reines
https://lacuisinedebernard.com/latelier-de-bernard-chez-les-reines/,https://staging.lacuisinedebernard.com/latelier-de-bernard-chez-les-reines
https://www.lacuisinedebernard.com/latelier-de-bernard-chez-les-reines,https://staging.lacuisinedebernard.com/latelier-de-bernard-chez-les-reines
https://www.lacuisinedebernard.com/latelier-de-bernard-chez-les-reines/,https://staging.lacuisinedebernard.com/latelier-de-bernard-chez-les-reines
https://lacuisinedebernard.com/les-kouignettes-aux-framboises,https://staging.lacuisinedebernard.com/les-kouignettes-aux-framboises
https://lacuisinedebernard.com/les-kouignettes-aux-framboises/,https://staging.lacuisinedebernard.com/les-kouignettes-aux-framboises
https://www.lacuisinedebernard.com/les-kouignettes-aux-framboises,https://staging.lacuisinedebernard.com/les-kouignettes-aux-framboises
https://www.lacuisinedebernard.com/les-kouignettes-aux-framboises/,https://staging.lacuisinedebernard.com/les-kouignettes-aux-framboises
https://lacuisinedebernard.com/mes-interviews-culinaires-olympe,https://staging.lacuisinedebernard.com/mes-interviews-culinaires-olympe
https://lacuisinedebernard.com/mes-interviews-culinaires-olympe/,https://staging.lacuisinedebernard.com/mes-interviews-culinaires-olympe
https://www.lacuisinedebernard.com/mes-interviews-culinaires-olympe,https://staging.lacuisinedebernard.com/mes-interviews-culinaires-olympe
https://www.lacuisinedebernard.com/mes-interviews-culinaires-olympe/,https://staging.lacuisinedebernard.com/mes-interviews-culinaires-olympe
https://lacuisinedebernard.com/les-macarons-framboises-chocolat-blanc,https://staging.lacuisinedebernard.com/les-macarons-framboises-chocolat-blanc
https://lacuisinedebernard.com/les-macarons-framboises-chocolat-blanc/,https://staging.lacuisinedebernard.com/les-macarons-framboises-chocolat-blanc
https://www.lacuisinedebernard.com/les-macarons-framboises-chocolat-blanc,https://staging.lacuisinedebernard.com/les-macarons-framboises-chocolat-blanc
https://www.lacuisinedebernard.com/les-macarons-framboises-chocolat-blanc/,https://staging.lacuisinedebernard.com/les-macarons-framboises-chocolat-blanc
https://lacuisinedebernard.com/latelier-de-bernard-chez-les-reines-les,https://staging.lacuisinedebernard.com/latelier-de-bernard-chez-les-reines-les
https://lacuisinedebernard.com/latelier-de-bernard-chez-les-reines-les/,https://staging.lacuisinedebernard.com/latelier-de-bernard-chez-les-reines-les
https://www.lacuisinedebernard.com/latelier-de-bernard-chez-les-reines-les,https://staging.lacuisinedebernard.com/latelier-de-bernard-chez-les-reines-les
https://www.lacuisinedebernard.com/latelier-de-bernard-chez-les-reines-les/,https://staging.lacuisinedebernard.com/latelier-de-bernard-chez-les-reines-les
https://lacuisinedebernard.com/le-sorbet-aux-abricots,https://staging.lacuisinedebernard.com/le-sorbet-aux-abricots
https://lacuisinedebernard.com/le-sorbet-aux-abricots/,https://staging.lacuisinedebernard.com/le-sorbet-aux-abricots
https://www.lacuisinedebernard.com/le-sorbet-aux-abricots,https://staging.lacuisinedebernard.com/le-sorbet-aux-abricots
https://www.lacuisinedebernard.com/le-sorbet-aux-abricots/,https://staging.lacuisinedebernard.com/le-sorbet-aux-abricots
https://lacuisinedebernard.com/mes-reportages-gastronomiques-le,https://staging.lacuisinedebernard.com/mes-reportages-gastronomiques-le
https://lacuisinedebernard.com/mes-reportages-gastronomiques-le/,https://staging.lacuisinedebernard.com/mes-reportages-gastronomiques-le
https://www.lacuisinedebernard.com/mes-reportages-gastronomiques-le,https://staging.lacuisinedebernard.com/mes-reportages-gastronomiques-le
https://www.lacuisinedebernard.com/mes-reportages-gastronomiques-le/,https://staging.lacuisinedebernard.com/mes-reportages-gastronomiques-le
https://lacuisinedebernard.com/les-gougeres-au-fromage,https://staging.lacuisinedebernard.com/les-gougeres-au-fromage
https://lacuisinedebernard.com/les-gougeres-au-fromage/,https://staging.lacuisinedebernard.com/les-gougeres-au-fromage
https://www.lacuisinedebernard.com/les-gougeres-au-fromage,https://staging.lacuisinedebernard.com/les-gougeres-au-fromage
https://www.lacuisinedebernard.com/les-gougeres-au-fromage/,https://staging.lacuisinedebernard.com/les-gougeres-au-fromage
https://lacuisinedebernard.com/les-gourmandises,https://staging.lacuisinedebernard.com/les-gourmandises
https://lacuisinedebernard.com/les-gourmandises/,https://staging.lacuisinedebernard.com/les-gourmandises
https://www.lacuisinedebernard.com/les-gourmandises,https://staging.lacuisinedebernard.com/les-gourmandises
https://www.lacuisinedebernard.com/les-gourmandises/,https://staging.lacuisinedebernard.com/les-gourmandises
https://lacuisinedebernard.com/le-flan-parisien,https://staging.lacuisinedebernard.com/le-flan-parisien
https://lacuisinedebernard.com/le-flan-parisien/,https://staging.lacuisinedebernard.com/le-flan-parisien
https://www.lacuisinedebernard.com/le-flan-parisien,https://staging.lacuisinedebernard.com/le-flan-parisien
https://www.lacuisinedebernard.com/le-flan-parisien/,https://staging.lacuisinedebernard.com/le-flan-parisien
https://lacuisinedebernard.com/mes-voyages-culinaires-canton,https://staging.lacuisinedebernard.com/mes-voyages-culinaires-canton
https://lacuisinedebernard.com/mes-voyages-culinaires-canton/,https://staging.lacuisinedebernard.com/mes-voyages-culinaires-canton
https://www.lacuisinedebernard.com/mes-voyages-culinaires-canton,https://staging.lacuisinedebernard.com/mes-voyages-culinaires-canton
https://www.lacuisinedebernard.com/mes-voyages-culinaires-canton/,https://staging.lacuisinedebernard.com/mes-voyages-culinaires-canton
https://lacuisinedebernard.com/les-tuiles-coco,https://staging.lacuisinedebernard.com/les-tuiles-coco
https://lacuisinedebernard.com/les-tuiles-coco/,https://staging.lacuisinedebernard.com/les-tuiles-coco
https://www.lacuisinedebernard.com/les-tuiles-coco,https://staging.lacuisinedebernard.com/les-tuiles-coco
https://www.lacuisinedebernard.com/les-tuiles-coco/,https://staging.lacuisinedebernard.com/les-tuiles-coco
https://lacuisinedebernard.com/mes-reportages-gastronomiques-les-3,https://staging.lacuisinedebernard.com/mes-reportages-gastronomiques-les-3
https://lacuisinedebernard.com/mes-reportages-gastronomiques-les-3/,https://staging.lacuisinedebernard.com/mes-reportages-gastronomiques-les-3
https://www.lacuisinedebernard.com/mes-reportages-gastronomiques-les-3,https://staging.lacuisinedebernard.com/mes-reportages-gastronomiques-les-3
https://www.lacuisinedebernard.com/mes-reportages-gastronomiques-les-3/,https://staging.lacuisinedebernard.com/mes-reportages-gastronomiques-les-3
https://lacuisinedebernard.com/le-riz-cantonnais,https://staging.lacuisinedebernard.com/le-riz-cantonnais
https://lacuisinedebernard.com/le-riz-cantonnais/,https://staging.lacuisinedebernard.com/le-riz-cantonnais
https://www.lacuisinedebernard.com/le-riz-cantonnais,https://staging.lacuisinedebernard.com/le-riz-cantonnais
https://www.lacuisinedebernard.com/le-riz-cantonnais/,https://staging.lacuisinedebernard.com/le-riz-cantonnais
https://lacuisinedebernard.com/les-cornes-de-gazelles,https://staging.lacuisinedebernard.com/les-cornes-de-gazelles
https://lacuisinedebernard.com/les-cornes-de-gazelles/,https://staging.lacuisinedebernard.com/les-cornes-de-gazelles
https://www.lacuisinedebernard.com/les-cornes-de-gazelles,https://staging.lacuisinedebernard.com/les-cornes-de-gazelles
https://www.lacuisinedebernard.com/les-cornes-de-gazelles/,https://staging.lacuisinedebernard.com/les-cornes-de-gazelles
https://lacuisinedebernard.com/pates-dautomne-aux-champignons-e,https://staging.lacuisinedebernard.com/pates-dautomne-aux-champignons-e
https://lacuisinedebernard.com/pates-dautomne-aux-champignons-e/,https://staging.lacuisinedebernard.com/pates-dautomne-aux-champignons-e
https://www.lacuisinedebernard.com/pates-dautomne-aux-champignons-e,https://staging.lacuisinedebernard.com/pates-dautomne-aux-champignons-e
https://www.lacuisinedebernard.com/pates-dautomne-aux-champignons-e/,https://staging.lacuisinedebernard.com/pates-dautomne-aux-champignons-e
https://lacuisinedebernard.com/le-baba-ganous,https://staging.lacuisinedebernard.com/le-baba-ganous
https://lacuisinedebernard.com/le-baba-ganous/,https://staging.lacuisinedebernard.com/le-baba-ganous
https://www.lacuisinedebernard.com/le-baba-ganous,https://staging.lacuisinedebernard.com/le-baba-ganous
https://www.lacuisinedebernard.com/le-baba-ganous/,https://staging.lacuisinedebernard.com/le-baba-ganous
https://lacuisinedebernard.com/la-decadence-en-chocola,https://staging.lacuisinedebernard.com/la-decadence-en-chocola
https://lacuisinedebernard.com/la-decadence-en-chocola/,https://staging.lacuisinedebernard.com/la-decadence-en-chocola
https://www.lacuisinedebernard.com/la-decadence-en-chocola,https://staging.lacuisinedebernard.com/la-decadence-en-chocola
https://www.lacuisinedebernard.com/la-decadence-en-chocola/,https://staging.lacuisinedebernard.com/la-decadence-en-chocola
https://lacuisinedebernard.com/les-craquants-au-caramel-et-aux,https://staging.lacuisinedebernard.com/les-craquants-au-caramel-et-aux
https://lacuisinedebernard.com/les-craquants-au-caramel-et-aux/,https://staging.lacuisinedebernard.com/les-craquants-au-caramel-et-aux
https://www.lacuisinedebernard.com/les-craquants-au-caramel-et-aux,https://staging.lacuisinedebernard.com/les-craquants-au-caramel-et-aux
https://www.lacuisinedebernard.com/les-craquants-au-caramel-et-aux/,https://staging.lacuisinedebernard.com/les-craquants-au-caramel-et-aux
https://lacuisinedebernard.com/les-macarons-au-foie-gras,https://staging.lacuisinedebernard.com/les-macarons-au-foie-gras
https://lacuisinedebernard.com/les-macarons-au-foie-gras/,https://staging.lacuisinedebernard.com/les-macarons-au-foie-gras
https://www.lacuisinedebernard.com/les-macarons-au-foie-gras,https://staging.lacuisinedebernard.com/les-macarons-au-foie-gras
https://www.lacuisinedebernard.com/les-macarons-au-foie-gras/,https://staging.lacuisinedebernard.com/les-macarons-au-foie-gras
https://lacuisinedebernard.com/les-langues-de-chats,https://staging.lacuisinedebernard.com/les-langues-de-chats
https://lacuisinedebernard.com/les-langues-de-chats/,https://staging.lacuisinedebernard.com/les-langues-de-chats
https://www.lacuisinedebernard.com/les-langues-de-chats,https://staging.lacuisinedebernard.com/les-langues-de-chats
https://www.lacuisinedebernard.com/les-langues-de-chats/,https://staging.lacuisinedebernard.com/les-langues-de-chats
https://lacuisinedebernard.com/mes-voyages-culinaires-bangkok,https://staging.lacuisinedebernard.com/mes-voyages-culinaires-bangkok
https://lacuisinedebernard.com/mes-voyages-culinaires-bangkok/,https://staging.lacuisinedebernard.com/mes-voyages-culinaires-bangkok
https://www.lacuisinedebernard.com/mes-voyages-culinaires-bangkok,https://staging.lacuisinedebernard.com/mes-voyages-culinaires-bangkok
https://www.lacuisinedebernard.com/mes-voyages-culinaires-bangkok/,https://staging.lacuisinedebernard.com/mes-voyages-culinaires-bangkok
https://lacuisinedebernard.com/mes-reportages-gastronomiques-comme,https://staging.lacuisinedebernard.com/mes-reportages-gastronomiques-comme
https://lacuisinedebernard.com/mes-reportages-gastronomiques-comme/,https://staging.lacuisinedebernard.com/mes-reportages-gastronomiques-comme
https://www.lacuisinedebernard.com/mes-reportages-gastronomiques-comme,https://staging.lacuisinedebernard.com/mes-reportages-gastronomiques-comme
https://www.lacuisinedebernard.com/mes-reportages-gastronomiques-comme/,https://staging.lacuisinedebernard.com/mes-reportages-gastronomiques-comme
https://lacuisinedebernard.com/les-sables-au-ble-noir-de-portsa,https://staging.lacuisinedebernard.com/les-sables-au-ble-noir-de-portsa
https://lacuisinedebernard.com/les-sables-au-ble-noir-de-portsa/,https://staging.lacuisinedebernard.com/les-sables-au-ble-noir-de-portsa
https://www.lacuisinedebernard.com/les-sables-au-ble-noir-de-portsa,https://staging.lacuisinedebernard.com/les-sables-au-ble-noir-de-portsa
https://www.lacuisinedebernard.com/les-sables-au-ble-noir-de-portsa/,https://staging.lacuisinedebernard.com/les-sables-au-ble-noir-de-portsa
https://lacuisinedebernard.com/les-zlabias,https://staging.lacuisinedebernard.com/les-zlabias
https://lacuisinedebernard.com/les-zlabias/,https://staging.lacuisinedebernard.com/les-zlabias
https://www.lacuisinedebernard.com/les-zlabias,https://staging.lacuisinedebernard.com/les-zlabias
https://www.lacuisinedebernard.com/les-zlabias/,https://staging.lacuisinedebernard.com/les-zlabias
https://lacuisinedebernard.com/les-macarons-au-praline,https://staging.lacuisinedebernard.com/les-macarons-au-praline
https://lacuisinedebernard.com/les-macarons-au-praline/,https://staging.lacuisinedebernard.com/les-macarons-au-praline
https://www.lacuisinedebernard.com/les-macarons-au-praline,https://staging.lacuisinedebernard.com/les-macarons-au-praline
https://www.lacuisinedebernard.com/les-macarons-au-praline/,https://staging.lacuisinedebernard.com/les-macarons-au-praline
https://lacuisinedebernard.com/le-gateau-roule-la-goyave-rocambole,https://staging.lacuisinedebernard.com/le-gateau-roule-la-goyave-rocambole
https://lacuisinedebernard.com/le-gateau-roule-la-goyave-rocambole/,https://staging.lacuisinedebernard.com/le-gateau-roule-la-goyave-rocambole
https://www.lacuisinedebernard.com/le-gateau-roule-la-goyave-rocambole,https://staging.lacuisinedebernard.com/le-gateau-roule-la-goyave-rocambole
https://www.lacuisinedebernard.com/le-gateau-roule-la-goyave-rocambole/,https://staging.lacuisinedebernard.com/le-gateau-roule-la-goyave-rocambole
https://lacuisinedebernard.com/les-quindins,https://staging.lacuisinedebernard.com/les-quindins
https://lacuisinedebernard.com/les-quindins/,https://staging.lacuisinedebernard.com/les-quindins
https://www.lacuisinedebernard.com/les-quindins,https://staging.lacuisinedebernard.com/les-quindins
https://www.lacuisinedebernard.com/les-quindins/,https://staging.lacuisinedebernard.com/les-quindins
https://lacuisinedebernard.com/mes-voyages-culinaires-moscou,https://staging.lacuisinedebernard.com/mes-voyages-culinaires-moscou
https://lacuisinedebernard.com/mes-voyages-culinaires-moscou/,https://staging.lacuisinedebernard.com/mes-voyages-culinaires-moscou
https://www.lacuisinedebernard.com/mes-voyages-culinaires-moscou,https://staging.lacuisinedebernard.com/mes-voyages-culinaires-moscou
https://www.lacuisinedebernard.com/mes-voyages-culinaires-moscou/,https://staging.lacuisinedebernard.com/mes-voyages-culinaires-moscou
https://lacuisinedebernard.com/les-toques-du-ne,https://staging.lacuisinedebernard.com/les-toques-du-ne
https://lacuisinedebernard.com/les-toques-du-ne/,https://staging.lacuisinedebernard.com/les-toques-du-ne
https://www.lacuisinedebernard.com/les-toques-du-ne,https://staging.lacuisinedebernard.com/les-toques-du-ne
https://www.lacuisinedebernard.com/les-toques-du-ne/,https://staging.lacuisinedebernard.com/les-toques-du-ne
https://lacuisinedebernard.com/les-beignets-aux-crevettes,https://staging.lacuisinedebernard.com/les-beignets-aux-crevettes
https://lacuisinedebernard.com/les-beignets-aux-crevettes/,https://staging.lacuisinedebernard.com/les-beignets-aux-crevettes
https://www.lacuisinedebernard.com/les-beignets-aux-crevettes,https://staging.lacuisinedebernard.com/les-beignets-aux-crevettes
https://www.lacuisinedebernard.com/les-beignets-aux-crevettes/,https://staging.lacuisinedebernard.com/les-beignets-aux-crevettes
https://lacuisinedebernard.com/les-sables-sales-du-sud,https://staging.lacuisinedebernard.com/les-sables-sales-du-sud
https://lacuisinedebernard.com/les-sables-sales-du-sud/,https://staging.lacuisinedebernard.com/les-sables-sales-du-sud
https://www.lacuisinedebernard.com/les-sables-sales-du-sud,https://staging.lacuisinedebernard.com/les-sables-sales-du-sud
https://www.lacuisinedebernard.com/les-sables-sales-du-sud/,https://staging.lacuisinedebernard.com/les-sables-sales-du-sud
https://lacuisinedebernard.com/bruschetta-de-sardines-et-tomates-lai,https://staging.lacuisinedebernard.com/bruschetta-de-sardines-et-tomates-lai
https://lacuisinedebernard.com/bruschetta-de-sardines-et-tomates-lai/,https://staging.lacuisinedebernard.com/bruschetta-de-sardines-et-tomates-lai
https://www.lacuisinedebernard.com/bruschetta-de-sardines-et-tomates-lai,https://staging.lacuisinedebernard.com/bruschetta-de-sardines-et-tomates-lai
https://www.lacuisinedebernard.com/bruschetta-de-sardines-et-tomates-lai/,https://staging.lacuisinedebernard.com/bruschetta-de-sardines-et-tomates-lai
https://lacuisinedebernard.com/la-creme-valerie-au-chocola,https://staging.lacuisinedebernard.com/la-creme-valerie-au-chocola
https://lacuisinedebernard.com/la-creme-valerie-au-chocola/,https://staging.lacuisinedebernard.com/la-creme-valerie-au-chocola
https://www.lacuisinedebernard.com/la-creme-valerie-au-chocola,https://staging.lacuisinedebernard.com/la-creme-valerie-au-chocola
https://www.lacuisinedebernard.com/la-creme-valerie-au-chocola/,https://staging.lacuisinedebernard.com/la-creme-valerie-au-chocola
https://lacuisinedebernard.com/les-legumes-grilles-du-solei,https://staging.lacuisinedebernard.com/les-legumes-grilles-du-solei
https://lacuisinedebernard.com/les-legumes-grilles-du-solei/,https://staging.lacuisinedebernard.com/les-legumes-grilles-du-solei
https://www.lacuisinedebernard.com/les-legumes-grilles-du-solei,https://staging.lacuisinedebernard.com/les-legumes-grilles-du-solei
https://www.lacuisinedebernard.com/les-legumes-grilles-du-solei/,https://staging.lacuisinedebernard.com/les-legumes-grilles-du-solei
https://lacuisinedebernard.com/les-rosti,https://staging.lacuisinedebernard.com/les-rosti
https://lacuisinedebernard.com/les-rosti/,https://staging.lacuisinedebernard.com/les-rosti
https://www.lacuisinedebernard.com/les-rosti,https://staging.lacuisinedebernard.com/les-rosti
https://www.lacuisinedebernard.com/les-rosti/,https://staging.lacuisinedebernard.com/les-rosti
https://lacuisinedebernard.com/la-gelee-aux-pommes,https://staging.lacuisinedebernard.com/la-gelee-aux-pommes
https://lacuisinedebernard.com/la-gelee-aux-pommes/,https://staging.lacuisinedebernard.com/la-gelee-aux-pommes
https://www.lacuisinedebernard.com/la-gelee-aux-pommes,https://staging.lacuisinedebernard.com/la-gelee-aux-pommes
https://www.lacuisinedebernard.com/la-gelee-aux-pommes/,https://staging.lacuisinedebernard.com/la-gelee-aux-pommes
https://lacuisinedebernard.com/la-feijoada-brasileira,https://staging.lacuisinedebernard.com/la-feijoada-brasileira
https://lacuisinedebernard.com/la-feijoada-brasileira/,https://staging.lacuisinedebernard.com/la-feijoada-brasileira
https://www.lacuisinedebernard.com/la-feijoada-brasileira,https://staging.lacuisinedebernard.com/la-feijoada-brasileira
https://www.lacuisinedebernard.com/la-feijoada-brasileira/,https://staging.lacuisinedebernard.com/la-feijoada-brasileira
https://lacuisinedebernard.com/les-cookies-comme-chez-laura-todd,https://staging.lacuisinedebernard.com/les-cookies-comme-chez-laura-todd
https://lacuisinedebernard.com/les-cookies-comme-chez-laura-todd/,https://staging.lacuisinedebernard.com/les-cookies-comme-chez-laura-todd
https://www.lacuisinedebernard.com/les-cookies-comme-chez-laura-todd,https://staging.lacuisinedebernard.com/les-cookies-comme-chez-laura-todd
https://www.lacuisinedebernard.com/les-cookies-comme-chez-laura-todd/,https://staging.lacuisinedebernard.com/les-cookies-comme-chez-laura-todd
https://lacuisinedebernard.com/les-macarons-chocolat-carame,https://staging.lacuisinedebernard.com/les-macarons-chocolat-carame
https://lacuisinedebernard.com/les-macarons-chocolat-carame/,https://staging.lacuisinedebernard.com/les-macarons-chocolat-carame
https://www.lacuisinedebernard.com/les-macarons-chocolat-carame,https://staging.lacuisinedebernard.com/les-macarons-chocolat-carame
https://www.lacuisinedebernard.com/les-macarons-chocolat-carame/,https://staging.lacuisinedebernard.com/les-macarons-chocolat-carame
https://lacuisinedebernard.com/les-empanadas-de-pino-du-chili,https://staging.lacuisinedebernard.com/les-empanadas-de-pino-du-chili
https://lacuisinedebernard.com/les-empanadas-de-pino-du-chili/,https://staging.lacuisinedebernard.com/les-empanadas-de-pino-du-chili
https://www.lacuisinedebernard.com/les-empanadas-de-pino-du-chili,https://staging.lacuisinedebernard.com/les-empanadas-de-pino-du-chili
https://www.lacuisinedebernard.com/les-empanadas-de-pino-du-chili/,https://staging.lacuisinedebernard.com/les-empanadas-de-pino-du-chili
https://lacuisinedebernard.com/le-paris-bres,https://staging.lacuisinedebernard.com/le-paris-bres
https://lacuisinedebernard.com/le-paris-bres/,https://staging.lacuisinedebernard.com/le-paris-bres
https://www.lacuisinedebernard.com/le-paris-bres,https://staging.lacuisinedebernard.com/le-paris-bres
https://www.lacuisinedebernard.com/le-paris-bres/,https://staging.lacuisinedebernard.com/le-paris-bres
https://lacuisinedebernard.com/le-poulet-aux-noix-de-cajou,https://staging.lacuisinedebernard.com/le-poulet-aux-noix-de-cajou
https://lacuisinedebernard.com/le-poulet-aux-noix-de-cajou/,https://staging.lacuisinedebernard.com/le-poulet-aux-noix-de-cajou
https://www.lacuisinedebernard.com/le-poulet-aux-noix-de-cajou,https://staging.lacuisinedebernard.com/le-poulet-aux-noix-de-cajou
https://www.lacuisinedebernard.com/le-poulet-aux-noix-de-cajou/,https://staging.lacuisinedebernard.com/le-poulet-aux-noix-de-cajou
https://lacuisinedebernard.com/le-tarama-royal-au-crabe,https://staging.lacuisinedebernard.com/le-tarama-royal-au-crabe
https://lacuisinedebernard.com/le-tarama-royal-au-crabe/,https://staging.lacuisinedebernard.com/le-tarama-royal-au-crabe
https://www.lacuisinedebernard.com/le-tarama-royal-au-crabe,https://staging.lacuisinedebernard.com/le-tarama-royal-au-crabe
https://www.lacuisinedebernard.com/le-tarama-royal-au-crabe/,https://staging.lacuisinedebernard.com/le-tarama-royal-au-crabe
https://lacuisinedebernard.com/les-pancakes,https://staging.lacuisinedebernard.com/les-pancakes
https://lacuisinedebernard.com/les-pancakes/,https://staging.lacuisinedebernard.com/les-pancakes
https://www.lacuisinedebernard.com/les-pancakes,https://staging.lacuisinedebernard.com/les-pancakes
https://www.lacuisinedebernard.com/les-pancakes/,https://staging.lacuisinedebernard.com/les-pancakes
https://lacuisinedebernard.com/les-jiaozis-ou-raviolis-pekinois-au,https://staging.lacuisinedebernard.com/les-jiaozis-ou-raviolis-pekinois-au
https://lacuisinedebernard.com/les-jiaozis-ou-raviolis-pekinois-au/,https://staging.lacuisinedebernard.com/les-jiaozis-ou-raviolis-pekinois-au
https://www.lacuisinedebernard.com/les-jiaozis-ou-raviolis-pekinois-au,https://staging.lacuisinedebernard.com/les-jiaozis-ou-raviolis-pekinois-au
https://www.lacuisinedebernard.com/les-jiaozis-ou-raviolis-pekinois-au/,https://staging.lacuisinedebernard.com/les-jiaozis-ou-raviolis-pekinois-au
https://lacuisinedebernard.com/le-fondant-au-chocolat-et-amandes,https://staging.lacuisinedebernard.com/le-fondant-au-chocolat-et-amandes
https://lacuisinedebernard.com/le-fondant-au-chocolat-et-amandes/,https://staging.lacuisinedebernard.com/le-fondant-au-chocolat-et-amandes
https://www.lacuisinedebernard.com/le-fondant-au-chocolat-et-amandes,https://staging.lacuisinedebernard.com/le-fondant-au-chocolat-et-amandes
https://www.lacuisinedebernard.com/le-fondant-au-chocolat-et-amandes/,https://staging.lacuisinedebernard.com/le-fondant-au-chocolat-et-amandes
https://lacuisinedebernard.com/le-tarama-au-piment-despelette,https://staging.lacuisinedebernard.com/le-tarama-au-piment-despelette
https://lacuisinedebernard.com/le-tarama-au-piment-despelette/,https://staging.lacuisinedebernard.com/le-tarama-au-piment-despelette
https://www.lacuisinedebernard.com/le-tarama-au-piment-despelette,https://staging.lacuisinedebernard.com/le-tarama-au-piment-despelette
https://www.lacuisinedebernard.com/le-tarama-au-piment-despelette/,https://staging.lacuisinedebernard.com/le-tarama-au-piment-despelette
https://lacuisinedebernard.com/le-kouglof,https://staging.lacuisinedebernard.com/le-kouglof
https://lacuisinedebernard.com/le-kouglof/,https://staging.lacuisinedebernard.com/le-kouglof
https://www.lacuisinedebernard.com/le-kouglof,https://staging.lacuisinedebernard.com/le-kouglof
https://www.lacuisinedebernard.com/le-kouglof/,https://staging.lacuisinedebernard.com/le-kouglof
https://lacuisinedebernard.com/le-tarama-aux-crevettes,https://staging.lacuisinedebernard.com/le-tarama-aux-crevettes
https://lacuisinedebernard.com/le-tarama-aux-crevettes/,https://staging.lacuisinedebernard.com/le-tarama-aux-crevettes
https://www.lacuisinedebernard.com/le-tarama-aux-crevettes,https://staging.lacuisinedebernard.com/le-tarama-aux-crevettes
https://www.lacuisinedebernard.com/le-tarama-aux-crevettes/,https://staging.lacuisinedebernard.com/le-tarama-aux-crevettes
https://lacuisinedebernard.com/les-pralines-thailandaises,https://staging.lacuisinedebernard.com/les-pralines-thailandaises
https://lacuisinedebernard.com/les-pralines-thailandaises/,https://staging.lacuisinedebernard.com/les-pralines-thailandaises
https://www.lacuisinedebernard.com/les-pralines-thailandaises,https://staging.lacuisinedebernard.com/les-pralines-thailandaises
https://www.lacuisinedebernard.com/les-pralines-thailandaises/,https://staging.lacuisinedebernard.com/les-pralines-thailandaises
https://lacuisinedebernard.com/un-mois-daout-plus-calme,https://staging.lacuisinedebernard.com/un-mois-daout-plus-calme
https://lacuisinedebernard.com/un-mois-daout-plus-calme/,https://staging.lacuisinedebernard.com/un-mois-daout-plus-calme
https://www.lacuisinedebernard.com/un-mois-daout-plus-calme,https://staging.lacuisinedebernard.com/un-mois-daout-plus-calme
https://www.lacuisinedebernard.com/un-mois-daout-plus-calme/,https://staging.lacuisinedebernard.com/un-mois-daout-plus-calme
https://lacuisinedebernard.com/le-chocolat-au-caramel-croustillan,https://staging.lacuisinedebernard.com/le-chocolat-au-caramel-croustillan
https://lacuisinedebernard.com/le-chocolat-au-caramel-croustillan/,https://staging.lacuisinedebernard.com/le-chocolat-au-caramel-croustillan
https://www.lacuisinedebernard.com/le-chocolat-au-caramel-croustillan,https://staging.lacuisinedebernard.com/le-chocolat-au-caramel-croustillan
https://www.lacuisinedebernard.com/le-chocolat-au-caramel-croustillan/,https://staging.lacuisinedebernard.com/le-chocolat-au-caramel-croustillan
https://lacuisinedebernard.com/le-foie-gras-quatrieme-methode,https://staging.lacuisinedebernard.com/le-foie-gras-quatrieme-methode
https://lacuisinedebernard.com/le-foie-gras-quatrieme-methode/,https://staging.lacuisinedebernard.com/le-foie-gras-quatrieme-methode
https://www.lacuisinedebernard.com/le-foie-gras-quatrieme-methode,https://staging.lacuisinedebernard.com/le-foie-gras-quatrieme-methode
https://www.lacuisinedebernard.com/le-foie-gras-quatrieme-methode/,https://staging.lacuisinedebernard.com/le-foie-gras-quatrieme-methode
https://lacuisinedebernard.com/le-sorbet-citron-vert-et-gingembre,https://staging.lacuisinedebernard.com/le-sorbet-citron-vert-et-gingembre
https://lacuisinedebernard.com/le-sorbet-citron-vert-et-gingembre/,https://staging.lacuisinedebernard.com/le-sorbet-citron-vert-et-gingembre
https://www.lacuisinedebernard.com/le-sorbet-citron-vert-et-gingembre,https://staging.lacuisinedebernard.com/le-sorbet-citron-vert-et-gingembre
https://www.lacuisinedebernard.com/le-sorbet-citron-vert-et-gingembre/,https://staging.lacuisinedebernard.com/le-sorbet-citron-vert-et-gingembre
https://lacuisinedebernard.com/les-sables-au-sucre-de-canne,https://staging.lacuisinedebernard.com/les-sables-au-sucre-de-canne
https://lacuisinedebernard.com/les-sables-au-sucre-de-canne/,https://staging.lacuisinedebernard.com/les-sables-au-sucre-de-canne
https://www.lacuisinedebernard.com/les-sables-au-sucre-de-canne,https://staging.lacuisinedebernard.com/les-sables-au-sucre-de-canne
https://www.lacuisinedebernard.com/les-sables-au-sucre-de-canne/,https://staging.lacuisinedebernard.com/les-sables-au-sucre-de-canne
https://lacuisinedebernard.com/les-pralines,https://staging.lacuisinedebernard.com/les-pralines
https://lacuisinedebernard.com/les-pralines/,https://staging.lacuisinedebernard.com/les-pralines
https://www.lacuisinedebernard.com/les-pralines,https://staging.lacuisinedebernard.com/les-pralines
https://www.lacuisinedebernard.com/les-pralines/,https://staging.lacuisinedebernard.com/les-pralines
https://lacuisinedebernard.com/un-blog-decouvrir-ratatouillette,https://staging.lacuisinedebernard.com/un-blog-decouvrir-ratatouillette
https://lacuisinedebernard.com/un-blog-decouvrir-ratatouillette/,https://staging.lacuisinedebernard.com/un-blog-decouvrir-ratatouillette
https://www.lacuisinedebernard.com/un-blog-decouvrir-ratatouillette,https://staging.lacuisinedebernard.com/un-blog-decouvrir-ratatouillette
https://www.lacuisinedebernard.com/un-blog-decouvrir-ratatouillette/,https://staging.lacuisinedebernard.com/un-blog-decouvrir-ratatouillette
https://lacuisinedebernard.com/le-thon-aux-capres-ou-aux-raisins,https://staging.lacuisinedebernard.com/le-thon-aux-capres-ou-aux-raisins
https://lacuisinedebernard.com/le-thon-aux-capres-ou-aux-raisins/,https://staging.lacuisinedebernard.com/le-thon-aux-capres-ou-aux-raisins
https://www.lacuisinedebernard.com/le-thon-aux-capres-ou-aux-raisins,https://staging.lacuisinedebernard.com/le-thon-aux-capres-ou-aux-raisins
https://www.lacuisinedebernard.com/le-thon-aux-capres-ou-aux-raisins/,https://staging.lacuisinedebernard.com/le-thon-aux-capres-ou-aux-raisins
https://lacuisinedebernard.com/le-tarama-au-wasabi,https://staging.lacuisinedebernard.com/le-tarama-au-wasabi
https://lacuisinedebernard.com/le-tarama-au-wasabi/,https://staging.lacuisinedebernard.com/le-tarama-au-wasabi
https://www.lacuisinedebernard.com/le-tarama-au-wasabi,https://staging.lacuisinedebernard.com/le-tarama-au-wasabi
https://www.lacuisinedebernard.com/le-tarama-au-wasabi/,https://staging.lacuisinedebernard.com/le-tarama-au-wasabi
https://lacuisinedebernard.com/les-onion-rings,https://staging.lacuisinedebernard.com/les-onion-rings
https://lacuisinedebernard.com/les-onion-rings/,https://staging.lacuisinedebernard.com/les-onion-rings
https://www.lacuisinedebernard.com/les-onion-rings,https://staging.lacuisinedebernard.com/les-onion-rings
https://www.lacuisinedebernard.com/les-onion-rings/,https://staging.lacuisinedebernard.com/les-onion-rings
https://lacuisinedebernard.com/les-sables-geants-au-praline,https://staging.lacuisinedebernard.com/les-sables-geants-au-praline
https://lacuisinedebernard.com/les-sables-geants-au-praline/,https://staging.lacuisinedebernard.com/les-sables-geants-au-praline
https://www.lacuisinedebernard.com/les-sables-geants-au-praline,https://staging.lacuisinedebernard.com/les-sables-geants-au-praline
https://www.lacuisinedebernard.com/les-sables-geants-au-praline/,https://staging.lacuisinedebernard.com/les-sables-geants-au-praline
https://lacuisinedebernard.com/le-crumble-crunchy-aux-poires-et-bananes,https://staging.lacuisinedebernard.com/le-crumble-crunchy-aux-poires-et-bananes
https://lacuisinedebernard.com/le-crumble-crunchy-aux-poires-et-bananes/,https://staging.lacuisinedebernard.com/le-crumble-crunchy-aux-poires-et-bananes
https://www.lacuisinedebernard.com/le-crumble-crunchy-aux-poires-et-bananes,https://staging.lacuisinedebernard.com/le-crumble-crunchy-aux-poires-et-bananes
https://www.lacuisinedebernard.com/le-crumble-crunchy-aux-poires-et-bananes/,https://staging.lacuisinedebernard.com/le-crumble-crunchy-aux-poires-et-bananes
https://lacuisinedebernard.com/les-eclairs-au-cafe,https://staging.lacuisinedebernard.com/les-eclairs-au-cafe
https://lacuisinedebernard.com/les-eclairs-au-cafe/,https://staging.lacuisinedebernard.com/les-eclairs-au-cafe
https://www.lacuisinedebernard.com/les-eclairs-au-cafe,https://staging.lacuisinedebernard.com/les-eclairs-au-cafe
https://www.lacuisinedebernard.com/les-eclairs-au-cafe/,https://staging.lacuisinedebernard.com/les-eclairs-au-cafe
https://lacuisinedebernard.com/resultat-du-vote-du-concours-aftouc,https://staging.lacuisinedebernard.com/resultat-du-vote-du-concours-aftouc
https://lacuisinedebernard.com/resultat-du-vote-du-concours-aftouc/,https://staging.lacuisinedebernard.com/resultat-du-vote-du-concours-aftouc
https://www.lacuisinedebernard.com/resultat-du-vote-du-concours-aftouc,https://staging.lacuisinedebernard.com/resultat-du-vote-du-concours-aftouc
https://www.lacuisinedebernard.com/resultat-du-vote-du-concours-aftouc/,https://staging.lacuisinedebernard.com/resultat-du-vote-du-concours-aftouc
https://lacuisinedebernard.com/interview-parue-dans-cuisineazco,https://staging.lacuisinedebernard.com/interview-parue-dans-cuisineazco
https://lacuisinedebernard.com/interview-parue-dans-cuisineazco/,https://staging.lacuisinedebernard.com/interview-parue-dans-cuisineazco
https://www.lacuisinedebernard.com/interview-parue-dans-cuisineazco,https://staging.lacuisinedebernard.com/interview-parue-dans-cuisineazco
https://www.lacuisinedebernard.com/interview-parue-dans-cuisineazco/,https://staging.lacuisinedebernard.com/interview-parue-dans-cuisineazco
https://lacuisinedebernard.com/les-boulettes-de-poulet-yakitori,https://staging.lacuisinedebernard.com/les-boulettes-de-poulet-yakitori
https://lacuisinedebernard.com/les-boulettes-de-poulet-yakitori/,https://staging.lacuisinedebernard.com/les-boulettes-de-poulet-yakitori
https://www.lacuisinedebernard.com/les-boulettes-de-poulet-yakitori,https://staging.lacuisinedebernard.com/les-boulettes-de-poulet-yakitori
https://www.lacuisinedebernard.com/les-boulettes-de-poulet-yakitori/,https://staging.lacuisinedebernard.com/les-boulettes-de-poulet-yakitori
https://lacuisinedebernard.com/la-salade-japonaise-de-pommes-de-terre,https://staging.lacuisinedebernard.com/la-salade-japonaise-de-pommes-de-terre
https://lacuisinedebernard.com/la-salade-japonaise-de-pommes-de-terre/,https://staging.lacuisinedebernard.com/la-salade-japonaise-de-pommes-de-terre
https://www.lacuisinedebernard.com/la-salade-japonaise-de-pommes-de-terre,https://staging.lacuisinedebernard.com/la-salade-japonaise-de-pommes-de-terre
https://www.lacuisinedebernard.com/la-salade-japonaise-de-pommes-de-terre/,https://staging.lacuisinedebernard.com/la-salade-japonaise-de-pommes-de-terre
https://lacuisinedebernard.com/deux-ans-deja,https://staging.lacuisinedebernard.com/deux-ans-deja
https://lacuisinedebernard.com/deux-ans-deja/,https://staging.lacuisinedebernard.com/deux-ans-deja
https://www.lacuisinedebernard.com/deux-ans-deja,https://staging.lacuisinedebernard.com/deux-ans-deja
https://www.lacuisinedebernard.com/deux-ans-deja/,https://staging.lacuisinedebernard.com/deux-ans-deja
https://lacuisinedebernard.com/ballotins-thais-frits-au-porc-et-kaffir,https://staging.lacuisinedebernard.com/ballotins-thais-frits-au-porc-et-kaffir
https://lacuisinedebernard.com/ballotins-thais-frits-au-porc-et-kaffir/,https://staging.lacuisinedebernard.com/ballotins-thais-frits-au-porc-et-kaffir
https://www.lacuisinedebernard.com/ballotins-thais-frits-au-porc-et-kaffir,https://staging.lacuisinedebernard.com/ballotins-thais-frits-au-porc-et-kaffir
https://www.lacuisinedebernard.com/ballotins-thais-frits-au-porc-et-kaffir/,https://staging.lacuisinedebernard.com/ballotins-thais-frits-au-porc-et-kaffir
https://lacuisinedebernard.com/la-carbonade-flamande,https://staging.lacuisinedebernard.com/la-carbonade-flamande
https://lacuisinedebernard.com/la-carbonade-flamande/,https://staging.lacuisinedebernard.com/la-carbonade-flamande
https://www.lacuisinedebernard.com/la-carbonade-flamande,https://staging.lacuisinedebernard.com/la-carbonade-flamande
https://www.lacuisinedebernard.com/la-carbonade-flamande/,https://staging.lacuisinedebernard.com/la-carbonade-flamande
https://lacuisinedebernard.com/les-brutti-ma-buoni,https://staging.lacuisinedebernard.com/les-brutti-ma-buoni
https://lacuisinedebernard.com/les-brutti-ma-buoni/,https://staging.lacuisinedebernard.com/les-brutti-ma-buoni
https://www.lacuisinedebernard.com/les-brutti-ma-buoni,https://staging.lacuisinedebernard.com/les-brutti-ma-buoni
https://www.lacuisinedebernard.com/les-brutti-ma-buoni/,https://staging.lacuisinedebernard.com/les-brutti-ma-buoni
https://lacuisinedebernard.com/le-boeuf-bourguignon,https://staging.lacuisinedebernard.com/le-boeuf-bourguignon
https://lacuisinedebernard.com/le-boeuf-bourguignon/,https://staging.lacuisinedebernard.com/le-boeuf-bourguignon
https://www.lacuisinedebernard.com/le-boeuf-bourguignon,https://staging.lacuisinedebernard.com/le-boeuf-bourguignon
https://www.lacuisinedebernard.com/le-boeuf-bourguignon/,https://staging.lacuisinedebernard.com/le-boeuf-bourguignon
https://lacuisinedebernard.com/les-oeufs-cocotte-la-creme,https://staging.lacuisinedebernard.com/les-oeufs-cocotte-la-creme
https://lacuisinedebernard.com/les-oeufs-cocotte-la-creme/,https://staging.lacuisinedebernard.com/les-oeufs-cocotte-la-creme
https://www.lacuisinedebernard.com/les-oeufs-cocotte-la-creme,https://staging.lacuisinedebernard.com/les-oeufs-cocotte-la-creme
https://www.lacuisinedebernard.com/les-oeufs-cocotte-la-creme/,https://staging.lacuisinedebernard.com/les-oeufs-cocotte-la-creme
https://lacuisinedebernard.com/le-ristotto-aux-epinards,https://staging.lacuisinedebernard.com/le-ristotto-aux-epinards
https://lacuisinedebernard.com/le-ristotto-aux-epinards/,https://staging.lacuisinedebernard.com/le-ristotto-aux-epinards
https://www.lacuisinedebernard.com/le-ristotto-aux-epinards,https://staging.lacuisinedebernard.com/le-ristotto-aux-epinards
https://www.lacuisinedebernard.com/le-ristotto-aux-epinards/,https://staging.lacuisinedebernard.com/le-ristotto-aux-epinards
https://lacuisinedebernard.com/les-nouilles-la-sauce-piquante-sesame,https://staging.lacuisinedebernard.com/les-nouilles-la-sauce-piquante-sesame
https://lacuisinedebernard.com/les-nouilles-la-sauce-piquante-sesame/,https://staging.lacuisinedebernard.com/les-nouilles-la-sauce-piquante-sesame
https://www.lacuisinedebernard.com/les-nouilles-la-sauce-piquante-sesame,https://staging.lacuisinedebernard.com/les-nouilles-la-sauce-piquante-sesame
https://www.lacuisinedebernard.com/les-nouilles-la-sauce-piquante-sesame/,https://staging.lacuisinedebernard.com/les-nouilles-la-sauce-piquante-sesame
https://lacuisinedebernard.com/le-coeur-pistaches-framboises-de-traou,https://staging.lacuisinedebernard.com/le-coeur-pistaches-framboises-de-traou
https://lacuisinedebernard.com/le-coeur-pistaches-framboises-de-traou/,https://staging.lacuisinedebernard.com/le-coeur-pistaches-framboises-de-traou
https://www.lacuisinedebernard.com/le-coeur-pistaches-framboises-de-traou,https://staging.lacuisinedebernard.com/le-coeur-pistaches-framboises-de-traou
https://www.lacuisinedebernard.com/le-coeur-pistaches-framboises-de-traou/,https://staging.lacuisinedebernard.com/le-coeur-pistaches-framboises-de-traou
https://lacuisinedebernard.com/mes-interviews-culinaires-chaka,https://staging.lacuisinedebernard.com/mes-interviews-culinaires-chaka
https://lacuisinedebernard.com/mes-interviews-culinaires-chaka/,https://staging.lacuisinedebernard.com/mes-interviews-culinaires-chaka
https://www.lacuisinedebernard.com/mes-interviews-culinaires-chaka,https://staging.lacuisinedebernard.com/mes-interviews-culinaires-chaka
https://www.lacuisinedebernard.com/mes-interviews-culinaires-chaka/,https://staging.lacuisinedebernard.com/mes-interviews-culinaires-chaka
https://lacuisinedebernard.com/la-soupe-potiron-et-gingembre,https://staging.lacuisinedebernard.com/la-soupe-potiron-et-gingembre
https://lacuisinedebernard.com/la-soupe-potiron-et-gingembre/,https://staging.lacuisinedebernard.com/la-soupe-potiron-et-gingembre
https://www.lacuisinedebernard.com/la-soupe-potiron-et-gingembre,https://staging.lacuisinedebernard.com/la-soupe-potiron-et-gingembre
https://www.lacuisinedebernard.com/la-soupe-potiron-et-gingembre/,https://staging.lacuisinedebernard.com/la-soupe-potiron-et-gingembre
https://lacuisinedebernard.com/les-pates-la-carbonara,https://staging.lacuisinedebernard.com/les-pates-la-carbonara
https://lacuisinedebernard.com/les-pates-la-carbonara/,https://staging.lacuisinedebernard.com/les-pates-la-carbonara
https://www.lacuisinedebernard.com/les-pates-la-carbonara,https://staging.lacuisinedebernard.com/les-pates-la-carbonara
https://www.lacuisinedebernard.com/les-pates-la-carbonara/,https://staging.lacuisinedebernard.com/les-pates-la-carbonara
https://lacuisinedebernard.com/les-biscuits-aux-graines,https://staging.lacuisinedebernard.com/les-biscuits-aux-graines
https://lacuisinedebernard.com/les-biscuits-aux-graines/,https://staging.lacuisinedebernard.com/les-biscuits-aux-graines
https://www.lacuisinedebernard.com/les-biscuits-aux-graines,https://staging.lacuisinedebernard.com/les-biscuits-aux-graines
https://www.lacuisinedebernard.com/les-biscuits-aux-graines/,https://staging.lacuisinedebernard.com/les-biscuits-aux-graines
https://lacuisinedebernard.com/mes-voyages-culinaires-daemon-saduak,https://staging.lacuisinedebernard.com/mes-voyages-culinaires-daemon-saduak
https://lacuisinedebernard.com/mes-voyages-culinaires-daemon-saduak/,https://staging.lacuisinedebernard.com/mes-voyages-culinaires-daemon-saduak
https://www.lacuisinedebernard.com/mes-voyages-culinaires-daemon-saduak,https://staging.lacuisinedebernard.com/mes-voyages-culinaires-daemon-saduak
https://www.lacuisinedebernard.com/mes-voyages-culinaires-daemon-saduak/,https://staging.lacuisinedebernard.com/mes-voyages-culinaires-daemon-saduak
https://lacuisinedebernard.com/le-gateau-marbre,https://staging.lacuisinedebernard.com/le-gateau-marbre
https://lacuisinedebernard.com/le-gateau-marbre/,https://staging.lacuisinedebernard.com/le-gateau-marbre
https://www.lacuisinedebernard.com/le-gateau-marbre,https://staging.lacuisinedebernard.com/le-gateau-marbre
https://www.lacuisinedebernard.com/le-gateau-marbre/,https://staging.lacuisinedebernard.com/le-gateau-marbre
https://lacuisinedebernard.com/la-quiche-epinards-et-saumon-fume,https://staging.lacuisinedebernard.com/la-quiche-epinards-et-saumon-fume
https://lacuisinedebernard.com/la-quiche-epinards-et-saumon-fume/,https://staging.lacuisinedebernard.com/la-quiche-epinards-et-saumon-fume
https://www.lacuisinedebernard.com/la-quiche-epinards-et-saumon-fume,https://staging.lacuisinedebernard.com/la-quiche-epinards-et-saumon-fume
https://www.lacuisinedebernard.com/la-quiche-epinards-et-saumon-fume/,https://staging.lacuisinedebernard.com/la-quiche-epinards-et-saumon-fume
https://lacuisinedebernard.com/mes-interviews-culinaires-patrick-roger,https://staging.lacuisinedebernard.com/mes-interviews-culinaires-patrick-roger
https://lacuisinedebernard.com/mes-interviews-culinaires-patrick-roger/,https://staging.lacuisinedebernard.com/mes-interviews-culinaires-patrick-roger
https://www.lacuisinedebernard.com/mes-interviews-culinaires-patrick-roger,https://staging.lacuisinedebernard.com/mes-interviews-culinaires-patrick-roger
https://www.lacuisinedebernard.com/mes-interviews-culinaires-patrick-roger/,https://staging.lacuisinedebernard.com/mes-interviews-culinaires-patrick-roger
https://lacuisinedebernard.com/les-chouquettes-au-sucre-derable,https://staging.lacuisinedebernard.com/les-chouquettes-au-sucre-derable
https://lacuisinedebernard.com/les-chouquettes-au-sucre-derable/,https://staging.lacuisinedebernard.com/les-chouquettes-au-sucre-derable
https://www.lacuisinedebernard.com/les-chouquettes-au-sucre-derable,https://staging.lacuisinedebernard.com/les-chouquettes-au-sucre-derable
https://www.lacuisinedebernard.com/les-chouquettes-au-sucre-derable/,https://staging.lacuisinedebernard.com/les-chouquettes-au-sucre-derable
https://lacuisinedebernard.com/la-soupe-loignon-gratinee,https://staging.lacuisinedebernard.com/la-soupe-loignon-gratinee
https://lacuisinedebernard.com/la-soupe-loignon-gratinee/,https://staging.lacuisinedebernard.com/la-soupe-loignon-gratinee
https://www.lacuisinedebernard.com/la-soupe-loignon-gratinee,https://staging.lacuisinedebernard.com/la-soupe-loignon-gratinee
https://www.lacuisinedebernard.com/la-soupe-loignon-gratinee/,https://staging.lacuisinedebernard.com/la-soupe-loignon-gratinee
https://lacuisinedebernard.com/les-havreflarn-galettes-suedoises,https://staging.lacuisinedebernard.com/les-havreflarn-galettes-suedoises
https://lacuisinedebernard.com/les-havreflarn-galettes-suedoises/,https://staging.lacuisinedebernard.com/les-havreflarn-galettes-suedoises
https://www.lacuisinedebernard.com/les-havreflarn-galettes-suedoises,https://staging.lacuisinedebernard.com/les-havreflarn-galettes-suedoises
https://www.lacuisinedebernard.com/les-havreflarn-galettes-suedoises/,https://staging.lacuisinedebernard.com/les-havreflarn-galettes-suedoises
https://lacuisinedebernard.com/les-choc-chip-bars,https://staging.lacuisinedebernard.com/les-choc-chip-bars
https://lacuisinedebernard.com/les-choc-chip-bars/,https://staging.lacuisinedebernard.com/les-choc-chip-bars
https://www.lacuisinedebernard.com/les-choc-chip-bars,https://staging.lacuisinedebernard.com/les-choc-chip-bars
https://www.lacuisinedebernard.com/les-choc-chip-bars/,https://staging.lacuisinedebernard.com/les-choc-chip-bars
https://lacuisinedebernard.com/la-quiche-aux-brocolis-jambon-e,https://staging.lacuisinedebernard.com/la-quiche-aux-brocolis-jambon-e
https://lacuisinedebernard.com/la-quiche-aux-brocolis-jambon-e/,https://staging.lacuisinedebernard.com/la-quiche-aux-brocolis-jambon-e
https://www.lacuisinedebernard.com/la-quiche-aux-brocolis-jambon-e,https://staging.lacuisinedebernard.com/la-quiche-aux-brocolis-jambon-e
https://www.lacuisinedebernard.com/la-quiche-aux-brocolis-jambon-e/,https://staging.lacuisinedebernard.com/la-quiche-aux-brocolis-jambon-e
https://lacuisinedebernard.com/les-tartelettes-mangue-chocolat-et-coco,https://staging.lacuisinedebernard.com/les-tartelettes-mangue-chocolat-et-coco
https://lacuisinedebernard.com/les-tartelettes-mangue-chocolat-et-coco/,https://staging.lacuisinedebernard.com/les-tartelettes-mangue-chocolat-et-coco
https://www.lacuisinedebernard.com/les-tartelettes-mangue-chocolat-et-coco,https://staging.lacuisinedebernard.com/les-tartelettes-mangue-chocolat-et-coco
https://www.lacuisinedebernard.com/les-tartelettes-mangue-chocolat-et-coco/,https://staging.lacuisinedebernard.com/les-tartelettes-mangue-chocolat-et-coco
https://lacuisinedebernard.com/le-gateau-coco-ananas-caramelise,https://staging.lacuisinedebernard.com/le-gateau-coco-ananas-caramelise
https://lacuisinedebernard.com/le-gateau-coco-ananas-caramelise/,https://staging.lacuisinedebernard.com/le-gateau-coco-ananas-caramelise
https://www.lacuisinedebernard.com/le-gateau-coco-ananas-caramelise,https://staging.lacuisinedebernard.com/le-gateau-coco-ananas-caramelise
https://www.lacuisinedebernard.com/le-gateau-coco-ananas-caramelise/,https://staging.lacuisinedebernard.com/le-gateau-coco-ananas-caramelise
https://lacuisinedebernard.com/le-granola-maison-extra-croustillant,https://staging.lacuisinedebernard.com/le-granola-maison-extra-croustillant
https://lacuisinedebernard.com/le-granola-maison-extra-croustillant/,https://staging.lacuisinedebernard.com/le-granola-maison-extra-croustillant
https://www.lacuisinedebernard.com/le-granola-maison-extra-croustillant,https://staging.lacuisinedebernard.com/le-granola-maison-extra-croustillant
https://www.lacuisinedebernard.com/le-granola-maison-extra-croustillant/,https://staging.lacuisinedebernard.com/le-granola-maison-extra-croustillant
https://lacuisinedebernard.com/les-traou-mad-aux-myrtilles-et-creme-de,https://staging.lacuisinedebernard.com/les-traou-mad-aux-myrtilles-et-creme-de
https://lacuisinedebernard.com/les-traou-mad-aux-myrtilles-et-creme-de/,https://staging.lacuisinedebernard.com/les-traou-mad-aux-myrtilles-et-creme-de
https://www.lacuisinedebernard.com/les-traou-mad-aux-myrtilles-et-creme-de,https://staging.lacuisinedebernard.com/les-traou-mad-aux-myrtilles-et-creme-de
https://www.lacuisinedebernard.com/les-traou-mad-aux-myrtilles-et-creme-de/,https://staging.lacuisinedebernard.com/les-traou-mad-aux-myrtilles-et-creme-de
https://lacuisinedebernard.com/le-poulet-aux-feuilles-de-pandanus,https://staging.lacuisinedebernard.com/le-poulet-aux-feuilles-de-pandanus
https://lacuisinedebernard.com/le-poulet-aux-feuilles-de-pandanus/,https://staging.lacuisinedebernard.com/le-poulet-aux-feuilles-de-pandanus
https://www.lacuisinedebernard.com/le-poulet-aux-feuilles-de-pandanus,https://staging.lacuisinedebernard.com/le-poulet-aux-feuilles-de-pandanus
https://www.lacuisinedebernard.com/le-poulet-aux-feuilles-de-pandanus/,https://staging.lacuisinedebernard.com/le-poulet-aux-feuilles-de-pandanus
https://lacuisinedebernard.com/le-salmorejo,https://staging.lacuisinedebernard.com/le-salmorejo
https://lacuisinedebernard.com/le-salmorejo/,https://staging.lacuisinedebernard.com/le-salmorejo
https://www.lacuisinedebernard.com/le-salmorejo,https://staging.lacuisinedebernard.com/le-salmorejo
https://www.lacuisinedebernard.com/le-salmorejo/,https://staging.lacuisinedebernard.com/le-salmorejo
https://lacuisinedebernard.com/mes-voyages-culinaires-landalousie,https://staging.lacuisinedebernard.com/mes-voyages-culinaires-landalousie
https://lacuisinedebernard.com/mes-voyages-culinaires-landalousie/,https://staging.lacuisinedebernard.com/mes-voyages-culinaires-landalousie
https://www.lacuisinedebernard.com/mes-voyages-culinaires-landalousie,https://staging.lacuisinedebernard.com/mes-voyages-culinaires-landalousie
https://www.lacuisinedebernard.com/mes-voyages-culinaires-landalousie/,https://staging.lacuisinedebernard.com/mes-voyages-culinaires-landalousie
https://lacuisinedebernard.com/toasts-croustillants-au-foie-gras-poele,https://staging.lacuisinedebernard.com/toasts-croustillants-au-foie-gras-poele
https://lacuisinedebernard.com/toasts-croustillants-au-foie-gras-poele/,https://staging.lacuisinedebernard.com/toasts-croustillants-au-foie-gras-poele
https://www.lacuisinedebernard.com/toasts-croustillants-au-foie-gras-poele,https://staging.lacuisinedebernard.com/toasts-croustillants-au-foie-gras-poele
https://www.lacuisinedebernard.com/toasts-croustillants-au-foie-gras-poele/,https://staging.lacuisinedebernard.com/toasts-croustillants-au-foie-gras-poele
https://lacuisinedebernard.com/le-poulet-caramelise-aux-agrumes,https://staging.lacuisinedebernard.com/le-poulet-caramelise-aux-agrumes
https://lacuisinedebernard.com/le-poulet-caramelise-aux-agrumes/,https://staging.lacuisinedebernard.com/le-poulet-caramelise-aux-agrumes
https://www.lacuisinedebernard.com/le-poulet-caramelise-aux-agrumes,https://staging.lacuisinedebernard.com/le-poulet-caramelise-aux-agrumes
https://www.lacuisinedebernard.com/le-poulet-caramelise-aux-agrumes/,https://staging.lacuisinedebernard.com/le-poulet-caramelise-aux-agrumes
https://lacuisinedebernard.com/la-foret-noire,https://staging.lacuisinedebernard.com/la-foret-noire
https://lacuisinedebernard.com/la-foret-noire/,https://staging.lacuisinedebernard.com/la-foret-noire
https://www.lacuisinedebernard.com/la-foret-noire,https://staging.lacuisinedebernard.com/la-foret-noire
https://www.lacuisinedebernard.com/la-foret-noire/,https://staging.lacuisinedebernard.com/la-foret-noire
https://lacuisinedebernard.com/les-toasts-frits-aux-crevettes,https://staging.lacuisinedebernard.com/les-toasts-frits-aux-crevettes
https://lacuisinedebernard.com/les-toasts-frits-aux-crevettes/,https://staging.lacuisinedebernard.com/les-toasts-frits-aux-crevettes
https://www.lacuisinedebernard.com/les-toasts-frits-aux-crevettes,https://staging.lacuisinedebernard.com/les-toasts-frits-aux-crevettes
https://www.lacuisinedebernard.com/les-toasts-frits-aux-crevettes/,https://staging.lacuisinedebernard.com/les-toasts-frits-aux-crevettes
https://lacuisinedebernard.com/le-chocolate-con-churros,https://staging.lacuisinedebernard.com/le-chocolate-con-churros
https://lacuisinedebernard.com/le-chocolate-con-churros/,https://staging.lacuisinedebernard.com/le-chocolate-con-churros
https://www.lacuisinedebernard.com/le-chocolate-con-churros,https://staging.lacuisinedebernard.com/le-chocolate-con-churros
https://www.lacuisinedebernard.com/le-chocolate-con-churros/,https://staging.lacuisinedebernard.com/le-chocolate-con-churros
https://lacuisinedebernard.com/les-nouilles-sautees-chinoises-aux,https://staging.lacuisinedebernard.com/les-nouilles-sautees-chinoises-aux
https://lacuisinedebernard.com/les-nouilles-sautees-chinoises-aux/,https://staging.lacuisinedebernard.com/les-nouilles-sautees-chinoises-aux
https://www.lacuisinedebernard.com/les-nouilles-sautees-chinoises-aux,https://staging.lacuisinedebernard.com/les-nouilles-sautees-chinoises-aux
https://www.lacuisinedebernard.com/les-nouilles-sautees-chinoises-aux/,https://staging.lacuisinedebernard.com/les-nouilles-sautees-chinoises-aux
https://lacuisinedebernard.com/la-terrine-de-poulet-en-gelee-au-foie,https://staging.lacuisinedebernard.com/la-terrine-de-poulet-en-gelee-au-foie
https://lacuisinedebernard.com/la-terrine-de-poulet-en-gelee-au-foie/,https://staging.lacuisinedebernard.com/la-terrine-de-poulet-en-gelee-au-foie
https://www.lacuisinedebernard.com/la-terrine-de-poulet-en-gelee-au-foie,https://staging.lacuisinedebernard.com/la-terrine-de-poulet-en-gelee-au-foie
https://www.lacuisinedebernard.com/la-terrine-de-poulet-en-gelee-au-foie/,https://staging.lacuisinedebernard.com/la-terrine-de-poulet-en-gelee-au-foie
https://lacuisinedebernard.com/mes-reportages-gastronomiques-les-2,https://staging.lacuisinedebernard.com/mes-reportages-gastronomiques-les-2
https://lacuisinedebernard.com/mes-reportages-gastronomiques-les-2/,https://staging.lacuisinedebernard.com/mes-reportages-gastronomiques-les-2
https://www.lacuisinedebernard.com/mes-reportages-gastronomiques-les-2,https://staging.lacuisinedebernard.com/mes-reportages-gastronomiques-les-2
https://www.lacuisinedebernard.com/mes-reportages-gastronomiques-les-2/,https://staging.lacuisinedebernard.com/mes-reportages-gastronomiques-les-2
https://lacuisinedebernard.com/cabillaud-la-creme-dagrumes-et-carvi,https://staging.lacuisinedebernard.com/cabillaud-la-creme-dagrumes-et-carvi
https://lacuisinedebernard.com/cabillaud-la-creme-dagrumes-et-carvi/,https://staging.lacuisinedebernard.com/cabillaud-la-creme-dagrumes-et-carvi
https://www.lacuisinedebernard.com/cabillaud-la-creme-dagrumes-et-carvi,https://staging.lacuisinedebernard.com/cabillaud-la-creme-dagrumes-et-carvi
https://www.lacuisinedebernard.com/cabillaud-la-creme-dagrumes-et-carvi/,https://staging.lacuisinedebernard.com/cabillaud-la-creme-dagrumes-et-carvi
https://lacuisinedebernard.com/les-lasagnes-aux-aubergines,https://staging.lacuisinedebernard.com/les-lasagnes-aux-aubergines
https://lacuisinedebernard.com/les-lasagnes-aux-aubergines/,https://staging.lacuisinedebernard.com/les-lasagnes-aux-aubergines
https://www.lacuisinedebernard.com/les-lasagnes-aux-aubergines,https://staging.lacuisinedebernard.com/les-lasagnes-aux-aubergines
https://www.lacuisinedebernard.com/les-lasagnes-aux-aubergines/,https://staging.lacuisinedebernard.com/les-lasagnes-aux-aubergines
https://lacuisinedebernard.com/les-beignets-andalous-daubergines-e,https://staging.lacuisinedebernard.com/les-beignets-andalous-daubergines-e
https://lacuisinedebernard.com/les-beignets-andalous-daubergines-e/,https://staging.lacuisinedebernard.com/les-beignets-andalous-daubergines-e
https://www.lacuisinedebernard.com/les-beignets-andalous-daubergines-e,https://staging.lacuisinedebernard.com/les-beignets-andalous-daubergines-e
https://www.lacuisinedebernard.com/les-beignets-andalous-daubergines-e/,https://staging.lacuisinedebernard.com/les-beignets-andalous-daubergines-e
https://lacuisinedebernard.com/sables-coco,https://staging.lacuisinedebernard.com/sables-coco
https://lacuisinedebernard.com/sables-coco/,https://staging.lacuisinedebernard.com/sables-coco
https://www.lacuisinedebernard.com/sables-coco,https://staging.lacuisinedebernard.com/sables-coco
https://www.lacuisinedebernard.com/sables-coco/,https://staging.lacuisinedebernard.com/sables-coco
https://lacuisinedebernard.com/les-sables-darcos-de-la-frontera,https://staging.lacuisinedebernard.com/les-sables-darcos-de-la-frontera
https://lacuisinedebernard.com/les-sables-darcos-de-la-frontera/,https://staging.lacuisinedebernard.com/les-sables-darcos-de-la-frontera
https://www.lacuisinedebernard.com/les-sables-darcos-de-la-frontera,https://staging.lacuisinedebernard.com/les-sables-darcos-de-la-frontera
https://www.lacuisinedebernard.com/les-sables-darcos-de-la-frontera/,https://staging.lacuisinedebernard.com/les-sables-darcos-de-la-frontera
https://lacuisinedebernard.com/mes-voyages-culinaires-les-marches-de,https://staging.lacuisinedebernard.com/mes-voyages-culinaires-les-marches-de
https://lacuisinedebernard.com/mes-voyages-culinaires-les-marches-de/,https://staging.lacuisinedebernard.com/mes-voyages-culinaires-les-marches-de
https://www.lacuisinedebernard.com/mes-voyages-culinaires-les-marches-de,https://staging.lacuisinedebernard.com/mes-voyages-culinaires-les-marches-de
https://www.lacuisinedebernard.com/mes-voyages-culinaires-les-marches-de/,https://staging.lacuisinedebernard.com/mes-voyages-culinaires-les-marches-de
https://lacuisinedebernard.com/le-butter-chicken-de-manju,https://staging.lacuisinedebernard.com/le-butter-chicken-de-manju
https://lacuisinedebernard.com/le-butter-chicken-de-manju/,https://staging.lacuisinedebernard.com/le-butter-chicken-de-manju
https://www.lacuisinedebernard.com/le-butter-chicken-de-manju,https://staging.lacuisinedebernard.com/le-butter-chicken-de-manju
https://www.lacuisinedebernard.com/le-butter-chicken-de-manju/,https://staging.lacuisinedebernard.com/le-butter-chicken-de-manju
https://lacuisinedebernard.com/le-riz-indien-aux-fruits-secs,https://staging.lacuisinedebernard.com/le-riz-indien-aux-fruits-secs
https://lacuisinedebernard.com/le-riz-indien-aux-fruits-secs/,https://staging.lacuisinedebernard.com/le-riz-indien-aux-fruits-secs
https://www.lacuisinedebernard.com/le-riz-indien-aux-fruits-secs,https://staging.lacuisinedebernard.com/le-riz-indien-aux-fruits-secs
https://www.lacuisinedebernard.com/le-riz-indien-aux-fruits-secs/,https://staging.lacuisinedebernard.com/le-riz-indien-aux-fruits-secs
https://lacuisinedebernard.com/tortilla-rouge,https://staging.lacuisinedebernard.com/tortilla-rouge
https://lacuisinedebernard.com/tortilla-rouge/,https://staging.lacuisinedebernard.com/tortilla-rouge
https://www.lacuisinedebernard.com/tortilla-rouge,https://staging.lacuisinedebernard.com/tortilla-rouge
https://www.lacuisinedebernard.com/tortilla-rouge/,https://staging.lacuisinedebernard.com/tortilla-rouge
https://lacuisinedebernard.com/les-cornes-de-gazelles-marocaines,https://staging.lacuisinedebernard.com/les-cornes-de-gazelles-marocaines
https://lacuisinedebernard.com/les-cornes-de-gazelles-marocaines/,https://staging.lacuisinedebernard.com/les-cornes-de-gazelles-marocaines
https://www.lacuisinedebernard.com/les-cornes-de-gazelles-marocaines,https://staging.lacuisinedebernard.com/les-cornes-de-gazelles-marocaines
https://www.lacuisinedebernard.com/les-cornes-de-gazelles-marocaines/,https://staging.lacuisinedebernard.com/les-cornes-de-gazelles-marocaines
https://lacuisinedebernard.com/les-crepes-mille-trous-baghrir,https://staging.lacuisinedebernard.com/les-crepes-mille-trous-baghrir
https://lacuisinedebernard.com/les-crepes-mille-trous-baghrir/,https://staging.lacuisinedebernard.com/les-crepes-mille-trous-baghrir
https://www.lacuisinedebernard.com/les-crepes-mille-trous-baghrir,https://staging.lacuisinedebernard.com/les-crepes-mille-trous-baghrir
https://www.lacuisinedebernard.com/les-crepes-mille-trous-baghrir/,https://staging.lacuisinedebernard.com/les-crepes-mille-trous-baghrir
https://lacuisinedebernard.com/le-poulet-aux-mille-saveurs-de-la-tribu,https://staging.lacuisinedebernard.com/le-poulet-aux-mille-saveurs-de-la-tribu
https://lacuisinedebernard.com/le-poulet-aux-mille-saveurs-de-la-tribu/,https://staging.lacuisinedebernard.com/le-poulet-aux-mille-saveurs-de-la-tribu
https://www.lacuisinedebernard.com/le-poulet-aux-mille-saveurs-de-la-tribu,https://staging.lacuisinedebernard.com/le-poulet-aux-mille-saveurs-de-la-tribu
https://www.lacuisinedebernard.com/le-poulet-aux-mille-saveurs-de-la-tribu/,https://staging.lacuisinedebernard.com/le-poulet-aux-mille-saveurs-de-la-tribu
https://lacuisinedebernard.com/les-sables-sales-darcos-et-ma-soupe,https://staging.lacuisinedebernard.com/les-sables-sales-darcos-et-ma-soupe
https://lacuisinedebernard.com/les-sables-sales-darcos-et-ma-soupe/,https://staging.lacuisinedebernard.com/les-sables-sales-darcos-et-ma-soupe
https://www.lacuisinedebernard.com/les-sables-sales-darcos-et-ma-soupe,https://staging.lacuisinedebernard.com/les-sables-sales-darcos-et-ma-soupe
https://www.lacuisinedebernard.com/les-sables-sales-darcos-et-ma-soupe/,https://staging.lacuisinedebernard.com/les-sables-sales-darcos-et-ma-soupe
https://lacuisinedebernard.com/mes-voyages-culinaires-rio-de-janeiro,https://staging.lacuisinedebernard.com/mes-voyages-culinaires-rio-de-janeiro
https://lacuisinedebernard.com/mes-voyages-culinaires-rio-de-janeiro/,https://staging.lacuisinedebernard.com/mes-voyages-culinaires-rio-de-janeiro
https://www.lacuisinedebernard.com/mes-voyages-culinaires-rio-de-janeiro,https://staging.lacuisinedebernard.com/mes-voyages-culinaires-rio-de-janeiro
https://www.lacuisinedebernard.com/mes-voyages-culinaires-rio-de-janeiro/,https://staging.lacuisinedebernard.com/mes-voyages-culinaires-rio-de-janeiro
https://lacuisinedebernard.com/voici-la-premiere-recette-de-desser,https://staging.lacuisinedebernard.com/voici-la-premiere-recette-de-desser
https://lacuisinedebernard.com/voici-la-premiere-recette-de-desser/,https://staging.lacuisinedebernard.com/voici-la-premiere-recette-de-desser
https://www.lacuisinedebernard.com/voici-la-premiere-recette-de-desser,https://staging.lacuisinedebernard.com/voici-la-premiere-recette-de-desser
https://www.lacuisinedebernard.com/voici-la-premiere-recette-de-desser/,https://staging.lacuisinedebernard.com/voici-la-premiere-recette-de-desser
https://lacuisinedebernard.com/les-mkharkas-ou-chebbakias,https://staging.lacuisinedebernard.com/les-mkharkas-ou-chebbakias
https://lacuisinedebernard.com/les-mkharkas-ou-chebbakias/,https://staging.lacuisinedebernard.com/les-mkharkas-ou-chebbakias
https://www.lacuisinedebernard.com/les-mkharkas-ou-chebbakias,https://staging.lacuisinedebernard.com/les-mkharkas-ou-chebbakias
https://www.lacuisinedebernard.com/les-mkharkas-ou-chebbakias/,https://staging.lacuisinedebernard.com/les-mkharkas-ou-chebbakias
https://lacuisinedebernard.com/les-croustillants-chocolat-amandes,https://staging.lacuisinedebernard.com/les-croustillants-chocolat-amandes
https://lacuisinedebernard.com/les-croustillants-chocolat-amandes/,https://staging.lacuisinedebernard.com/les-croustillants-chocolat-amandes
https://www.lacuisinedebernard.com/les-croustillants-chocolat-amandes,https://staging.lacuisinedebernard.com/les-croustillants-chocolat-amandes
https://www.lacuisinedebernard.com/les-croustillants-chocolat-amandes/,https://staging.lacuisinedebernard.com/les-croustillants-chocolat-amandes
https://lacuisinedebernard.com/les-sables-sales-microscopiques-aux,https://staging.lacuisinedebernard.com/les-sables-sales-microscopiques-aux
https://lacuisinedebernard.com/les-sables-sales-microscopiques-aux/,https://staging.lacuisinedebernard.com/les-sables-sales-microscopiques-aux
https://www.lacuisinedebernard.com/les-sables-sales-microscopiques-aux,https://staging.lacuisinedebernard.com/les-sables-sales-microscopiques-aux
https://www.lacuisinedebernard.com/les-sables-sales-microscopiques-aux/,https://staging.lacuisinedebernard.com/les-sables-sales-microscopiques-aux
https://lacuisinedebernard.com/les-cailloux-amandes-cannelle,https://staging.lacuisinedebernard.com/les-cailloux-amandes-cannelle
https://lacuisinedebernard.com/les-cailloux-amandes-cannelle/,https://staging.lacuisinedebernard.com/les-cailloux-amandes-cannelle
https://www.lacuisinedebernard.com/les-cailloux-amandes-cannelle,https://staging.lacuisinedebernard.com/les-cailloux-amandes-cannelle
https://www.lacuisinedebernard.com/les-cailloux-amandes-cannelle/,https://staging.lacuisinedebernard.com/les-cailloux-amandes-cannelle
https://lacuisinedebernard.com/mes-reportages-gastronomiques-les,https://staging.lacuisinedebernard.com/mes-reportages-gastronomiques-les
https://lacuisinedebernard.com/mes-reportages-gastronomiques-les/,https://staging.lacuisinedebernard.com/mes-reportages-gastronomiques-les
https://www.lacuisinedebernard.com/mes-reportages-gastronomiques-les,https://staging.lacuisinedebernard.com/mes-reportages-gastronomiques-les
https://www.lacuisinedebernard.com/mes-reportages-gastronomiques-les/,https://staging.lacuisinedebernard.com/mes-reportages-gastronomiques-les
https://lacuisinedebernard.com/les-croquettes-de-jambon-serrano-et-mon,https://staging.lacuisinedebernard.com/les-croquettes-de-jambon-serrano-et-mon
https://lacuisinedebernard.com/les-croquettes-de-jambon-serrano-et-mon/,https://staging.lacuisinedebernard.com/les-croquettes-de-jambon-serrano-et-mon
https://www.lacuisinedebernard.com/les-croquettes-de-jambon-serrano-et-mon,https://staging.lacuisinedebernard.com/les-croquettes-de-jambon-serrano-et-mon
https://www.lacuisinedebernard.com/les-croquettes-de-jambon-serrano-et-mon/,https://staging.lacuisinedebernard.com/les-croquettes-de-jambon-serrano-et-mon
https://lacuisinedebernard.com/mes-voyages-culinaires-casablanca-e,https://staging.lacuisinedebernard.com/mes-voyages-culinaires-casablanca-e
https://lacuisinedebernard.com/mes-voyages-culinaires-casablanca-e/,https://staging.lacuisinedebernard.com/mes-voyages-culinaires-casablanca-e
https://www.lacuisinedebernard.com/mes-voyages-culinaires-casablanca-e,https://staging.lacuisinedebernard.com/mes-voyages-culinaires-casablanca-e
https://www.lacuisinedebernard.com/mes-voyages-culinaires-casablanca-e/,https://staging.lacuisinedebernard.com/mes-voyages-culinaires-casablanca-e
https://lacuisinedebernard.com/la-nougatine-dentelle-de-sesame-au,https://staging.lacuisinedebernard.com/la-nougatine-dentelle-de-sesame-au
https://lacuisinedebernard.com/la-nougatine-dentelle-de-sesame-au/,https://staging.lacuisinedebernard.com/la-nougatine-dentelle-de-sesame-au
https://www.lacuisinedebernard.com/la-nougatine-dentelle-de-sesame-au,https://staging.lacuisinedebernard.com/la-nougatine-dentelle-de-sesame-au
https://www.lacuisinedebernard.com/la-nougatine-dentelle-de-sesame-au/,https://staging.lacuisinedebernard.com/la-nougatine-dentelle-de-sesame-au
https://lacuisinedebernard.com/les-macarons-base-sans-garniture,https://staging.lacuisinedebernard.com/les-macarons-base-sans-garniture
https://lacuisinedebernard.com/les-macarons-base-sans-garniture/,https://staging.lacuisinedebernard.com/les-macarons-base-sans-garniture
https://www.lacuisinedebernard.com/les-macarons-base-sans-garniture,https://staging.lacuisinedebernard.com/les-macarons-base-sans-garniture
https://www.lacuisinedebernard.com/les-macarons-base-sans-garniture/,https://staging.lacuisinedebernard.com/les-macarons-base-sans-garniture
https://lacuisinedebernard.com/le-pudim-de-leite-ou-creme-renversee,https://staging.lacuisinedebernard.com/le-pudim-de-leite-ou-creme-renversee
https://lacuisinedebernard.com/le-pudim-de-leite-ou-creme-renversee/,https://staging.lacuisinedebernard.com/le-pudim-de-leite-ou-creme-renversee
https://www.lacuisinedebernard.com/le-pudim-de-leite-ou-creme-renversee,https://staging.lacuisinedebernard.com/le-pudim-de-leite-ou-creme-renversee
https://www.lacuisinedebernard.com/le-pudim-de-leite-ou-creme-renversee/,https://staging.lacuisinedebernard.com/le-pudim-de-leite-ou-creme-renversee
https://lacuisinedebernard.com/les-mini-tartes-tatin-de-poivrons,https://staging.lacuisinedebernard.com/les-mini-tartes-tatin-de-poivrons
https://lacuisinedebernard.com/les-mini-tartes-tatin-de-poivrons/,https://staging.lacuisinedebernard.com/les-mini-tartes-tatin-de-poivrons
https://www.lacuisinedebernard.com/les-mini-tartes-tatin-de-poivrons,https://staging.lacuisinedebernard.com/les-mini-tartes-tatin-de-poivrons
https://www.lacuisinedebernard.com/les-mini-tartes-tatin-de-poivrons/,https://staging.lacuisinedebernard.com/les-mini-tartes-tatin-de-poivrons
https://lacuisinedebernard.com/les-choux-feuilletes-au-chorizo-e,https://staging.lacuisinedebernard.com/les-choux-feuilletes-au-chorizo-e
https://lacuisinedebernard.com/les-choux-feuilletes-au-chorizo-e/,https://staging.lacuisinedebernard.com/les-choux-feuilletes-au-chorizo-e
https://www.lacuisinedebernard.com/les-choux-feuilletes-au-chorizo-e,https://staging.lacuisinedebernard.com/les-choux-feuilletes-au-chorizo-e
https://www.lacuisinedebernard.com/les-choux-feuilletes-au-chorizo-e/,https://staging.lacuisinedebernard.com/les-choux-feuilletes-au-chorizo-e
https://lacuisinedebernard.com/les-tartelettes-extra-croustillantes-au,https://staging.lacuisinedebernard.com/les-tartelettes-extra-croustillantes-au
https://lacuisinedebernard.com/les-tartelettes-extra-croustillantes-au/,https://staging.lacuisinedebernard.com/les-tartelettes-extra-croustillantes-au
https://www.lacuisinedebernard.com/les-tartelettes-extra-croustillantes-au,https://staging.lacuisinedebernard.com/les-tartelettes-extra-croustillantes-au
https://www.lacuisinedebernard.com/les-tartelettes-extra-croustillantes-au/,https://staging.lacuisinedebernard.com/les-tartelettes-extra-croustillantes-au
https://lacuisinedebernard.com/le-tajine-dagneau-aux-pruneaux,https://staging.lacuisinedebernard.com/le-tajine-dagneau-aux-pruneaux
https://lacuisinedebernard.com/le-tajine-dagneau-aux-pruneaux/,https://staging.lacuisinedebernard.com/le-tajine-dagneau-aux-pruneaux
https://www.lacuisinedebernard.com/le-tajine-dagneau-aux-pruneaux,https://staging.lacuisinedebernard.com/le-tajine-dagneau-aux-pruneaux
https://www.lacuisinedebernard.com/le-tajine-dagneau-aux-pruneaux/,https://staging.lacuisinedebernard.com/le-tajine-dagneau-aux-pruneaux
https://lacuisinedebernard.com/le-feuillete-au-payoyo-la-menthe-et-ma,https://staging.lacuisinedebernard.com/le-feuillete-au-payoyo-la-menthe-et-ma
https://lacuisinedebernard.com/le-feuillete-au-payoyo-la-menthe-et-ma/,https://staging.lacuisinedebernard.com/le-feuillete-au-payoyo-la-menthe-et-ma
https://www.lacuisinedebernard.com/le-feuillete-au-payoyo-la-menthe-et-ma,https://staging.lacuisinedebernard.com/le-feuillete-au-payoyo-la-menthe-et-ma
https://www.lacuisinedebernard.com/le-feuillete-au-payoyo-la-menthe-et-ma/,https://staging.lacuisinedebernard.com/le-feuillete-au-payoyo-la-menthe-et-ma
https://lacuisinedebernard.com/les-macarons-noisettes-cafe,https://staging.lacuisinedebernard.com/les-macarons-noisettes-cafe
https://lacuisinedebernard.com/les-macarons-noisettes-cafe/,https://staging.lacuisinedebernard.com/les-macarons-noisettes-cafe
https://www.lacuisinedebernard.com/les-macarons-noisettes-cafe,https://staging.lacuisinedebernard.com/les-macarons-noisettes-cafe
https://www.lacuisinedebernard.com/les-macarons-noisettes-cafe/,https://staging.lacuisinedebernard.com/les-macarons-noisettes-cafe
https://lacuisinedebernard.com/le-cheesecake-double-vanille,https://staging.lacuisinedebernard.com/le-cheesecake-double-vanille
https://lacuisinedebernard.com/le-cheesecake-double-vanille/,https://staging.lacuisinedebernard.com/le-cheesecake-double-vanille
https://www.lacuisinedebernard.com/le-cheesecake-double-vanille,https://staging.lacuisinedebernard.com/le-cheesecake-double-vanille
https://www.lacuisinedebernard.com/le-cheesecake-double-vanille/,https://staging.lacuisinedebernard.com/le-cheesecake-double-vanille
https://lacuisinedebernard.com/la-pana-cotta-aux-poires-vanillees,https://staging.lacuisinedebernard.com/la-pana-cotta-aux-poires-vanillees
https://lacuisinedebernard.com/la-pana-cotta-aux-poires-vanillees/,https://staging.lacuisinedebernard.com/la-pana-cotta-aux-poires-vanillees
https://www.lacuisinedebernard.com/la-pana-cotta-aux-poires-vanillees,https://staging.lacuisinedebernard.com/la-pana-cotta-aux-poires-vanillees
https://www.lacuisinedebernard.com/la-pana-cotta-aux-poires-vanillees/,https://staging.lacuisinedebernard.com/la-pana-cotta-aux-poires-vanillees
https://lacuisinedebernard.com/mes-voyages-culinaires-osaka,https://staging.lacuisinedebernard.com/mes-voyages-culinaires-osaka
https://lacuisinedebernard.com/mes-voyages-culinaires-osaka/,https://staging.lacuisinedebernard.com/mes-voyages-culinaires-osaka
https://www.lacuisinedebernard.com/mes-voyages-culinaires-osaka,https://staging.lacuisinedebernard.com/mes-voyages-culinaires-osaka
https://www.lacuisinedebernard.com/mes-voyages-culinaires-osaka/,https://staging.lacuisinedebernard.com/mes-voyages-culinaires-osaka
https://lacuisinedebernard.com/les-boulettes-frites-au-fromage-et-ma,https://staging.lacuisinedebernard.com/les-boulettes-frites-au-fromage-et-ma
https://lacuisinedebernard.com/les-boulettes-frites-au-fromage-et-ma/,https://staging.lacuisinedebernard.com/les-boulettes-frites-au-fromage-et-ma
https://www.lacuisinedebernard.com/les-boulettes-frites-au-fromage-et-ma,https://staging.lacuisinedebernard.com/les-boulettes-frites-au-fromage-et-ma
https://www.lacuisinedebernard.com/les-boulettes-frites-au-fromage-et-ma/,https://staging.lacuisinedebernard.com/les-boulettes-frites-au-fromage-et-ma
https://lacuisinedebernard.com/giant-peanut-bars,https://staging.lacuisinedebernard.com/giant-peanut-bars
https://lacuisinedebernard.com/giant-peanut-bars/,https://staging.lacuisinedebernard.com/giant-peanut-bars
https://www.lacuisinedebernard.com/giant-peanut-bars,https://staging.lacuisinedebernard.com/giant-peanut-bars
https://www.lacuisinedebernard.com/giant-peanut-bars/,https://staging.lacuisinedebernard.com/giant-peanut-bars
https://lacuisinedebernard.com/lokonomiyaki,https://staging.lacuisinedebernard.com/lokonomiyaki
https://lacuisinedebernard.com/lokonomiyaki/,https://staging.lacuisinedebernard.com/lokonomiyaki
https://www.lacuisinedebernard.com/lokonomiyaki,https://staging.lacuisinedebernard.com/lokonomiyaki
https://www.lacuisinedebernard.com/lokonomiyaki/,https://staging.lacuisinedebernard.com/lokonomiyaki
https://lacuisinedebernard.com/la-tarte-fine-aux-figues-et-noisettes,https://staging.lacuisinedebernard.com/la-tarte-fine-aux-figues-et-noisettes
https://lacuisinedebernard.com/la-tarte-fine-aux-figues-et-noisettes/,https://staging.lacuisinedebernard.com/la-tarte-fine-aux-figues-et-noisettes
https://www.lacuisinedebernard.com/la-tarte-fine-aux-figues-et-noisettes,https://staging.lacuisinedebernard.com/la-tarte-fine-aux-figues-et-noisettes
https://www.lacuisinedebernard.com/la-tarte-fine-aux-figues-et-noisettes/,https://staging.lacuisinedebernard.com/la-tarte-fine-aux-figues-et-noisettes
https://lacuisinedebernard.com/les-petites-casseroles,https://staging.lacuisinedebernard.com/les-petites-casseroles
https://lacuisinedebernard.com/les-petites-casseroles/,https://staging.lacuisinedebernard.com/les-petites-casseroles
https://www.lacuisinedebernard.com/les-petites-casseroles,https://staging.lacuisinedebernard.com/les-petites-casseroles
https://www.lacuisinedebernard.com/les-petites-casseroles/,https://staging.lacuisinedebernard.com/les-petites-casseroles
https://lacuisinedebernard.com/les-craquants-cafe-amandes,https://staging.lacuisinedebernard.com/les-craquants-cafe-amandes
https://lacuisinedebernard.com/les-craquants-cafe-amandes/,https://staging.lacuisinedebernard.com/les-craquants-cafe-amandes
https://www.lacuisinedebernard.com/les-craquants-cafe-amandes,https://staging.lacuisinedebernard.com/les-craquants-cafe-amandes
https://www.lacuisinedebernard.com/les-craquants-cafe-amandes/,https://staging.lacuisinedebernard.com/les-craquants-cafe-amandes
https://lacuisinedebernard.com/les-shortbreads-au-gingembre,https://staging.lacuisinedebernard.com/les-shortbreads-au-gingembre
https://lacuisinedebernard.com/les-shortbreads-au-gingembre/,https://staging.lacuisinedebernard.com/les-shortbreads-au-gingembre
https://www.lacuisinedebernard.com/les-shortbreads-au-gingembre,https://staging.lacuisinedebernard.com/les-shortbreads-au-gingembre
https://www.lacuisinedebernard.com/les-shortbreads-au-gingembre/,https://staging.lacuisinedebernard.com/les-shortbreads-au-gingembre
https://lacuisinedebernard.com/les-scones-au-chocola,https://staging.lacuisinedebernard.com/les-scones-au-chocola
https://lacuisinedebernard.com/les-scones-au-chocola/,https://staging.lacuisinedebernard.com/les-scones-au-chocola
https://www.lacuisinedebernard.com/les-scones-au-chocola,https://staging.lacuisinedebernard.com/les-scones-au-chocola
https://www.lacuisinedebernard.com/les-scones-au-chocola/,https://staging.lacuisinedebernard.com/les-scones-au-chocola
https://lacuisinedebernard.com/mes-voyages-culinaires-los-angeles,https://staging.lacuisinedebernard.com/mes-voyages-culinaires-los-angeles
https://lacuisinedebernard.com/mes-voyages-culinaires-los-angeles/,https://staging.lacuisinedebernard.com/mes-voyages-culinaires-los-angeles
https://www.lacuisinedebernard.com/mes-voyages-culinaires-los-angeles,https://staging.lacuisinedebernard.com/mes-voyages-culinaires-los-angeles
https://www.lacuisinedebernard.com/mes-voyages-culinaires-los-angeles/,https://staging.lacuisinedebernard.com/mes-voyages-culinaires-los-angeles
https://lacuisinedebernard.com/la-daube-de-peter,https://staging.lacuisinedebernard.com/la-daube-de-peter
https://lacuisinedebernard.com/la-daube-de-peter/,https://staging.lacuisinedebernard.com/la-daube-de-peter
https://www.lacuisinedebernard.com/la-daube-de-peter,https://staging.lacuisinedebernard.com/la-daube-de-peter
https://www.lacuisinedebernard.com/la-daube-de-peter/,https://staging.lacuisinedebernard.com/la-daube-de-peter
https://lacuisinedebernard.com/la-glace-la-noix-de-coco,https://staging.lacuisinedebernard.com/la-glace-la-noix-de-coco
https://lacuisinedebernard.com/la-glace-la-noix-de-coco/,https://staging.lacuisinedebernard.com/la-glace-la-noix-de-coco
https://www.lacuisinedebernard.com/la-glace-la-noix-de-coco,https://staging.lacuisinedebernard.com/la-glace-la-noix-de-coco
https://www.lacuisinedebernard.com/la-glace-la-noix-de-coco/,https://staging.lacuisinedebernard.com/la-glace-la-noix-de-coco
https://lacuisinedebernard.com/le-poulet-croustillant-lorange,https://staging.lacuisinedebernard.com/le-poulet-croustillant-lorange
https://lacuisinedebernard.com/le-poulet-croustillant-lorange/,https://staging.lacuisinedebernard.com/le-poulet-croustillant-lorange
https://www.lacuisinedebernard.com/le-poulet-croustillant-lorange,https://staging.lacuisinedebernard.com/le-poulet-croustillant-lorange
https://www.lacuisinedebernard.com/le-poulet-croustillant-lorange/,https://staging.lacuisinedebernard.com/le-poulet-croustillant-lorange
https://lacuisinedebernard.com/le-cake-aux-courgettes-et-aux-noix,https://staging.lacuisinedebernard.com/le-cake-aux-courgettes-et-aux-noix
https://lacuisinedebernard.com/le-cake-aux-courgettes-et-aux-noix/,https://staging.lacuisinedebernard.com/le-cake-aux-courgettes-et-aux-noix
https://www.lacuisinedebernard.com/le-cake-aux-courgettes-et-aux-noix,https://staging.lacuisinedebernard.com/le-cake-aux-courgettes-et-aux-noix
https://www.lacuisinedebernard.com/le-cake-aux-courgettes-et-aux-noix/,https://staging.lacuisinedebernard.com/le-cake-aux-courgettes-et-aux-noix
https://lacuisinedebernard.com/les-nems-imperiaux,https://staging.lacuisinedebernard.com/les-nems-imperiaux
https://lacuisinedebernard.com/les-nems-imperiaux/,https://staging.lacuisinedebernard.com/les-nems-imperiaux
https://www.lacuisinedebernard.com/les-nems-imperiaux,https://staging.lacuisinedebernard.com/les-nems-imperiaux
https://www.lacuisinedebernard.com/les-nems-imperiaux/,https://staging.lacuisinedebernard.com/les-nems-imperiaux
https://lacuisinedebernard.com/les-muffins-atomiques-aux-noix-de,https://staging.lacuisinedebernard.com/les-muffins-atomiques-aux-noix-de
https://lacuisinedebernard.com/les-muffins-atomiques-aux-noix-de/,https://staging.lacuisinedebernard.com/les-muffins-atomiques-aux-noix-de
https://www.lacuisinedebernard.com/les-muffins-atomiques-aux-noix-de,https://staging.lacuisinedebernard.com/les-muffins-atomiques-aux-noix-de
https://www.lacuisinedebernard.com/les-muffins-atomiques-aux-noix-de/,https://staging.lacuisinedebernard.com/les-muffins-atomiques-aux-noix-de
https://lacuisinedebernard.com/le-gateau-aux-graines-de-pavo,https://staging.lacuisinedebernard.com/le-gateau-aux-graines-de-pavo
https://lacuisinedebernard.com/le-gateau-aux-graines-de-pavo/,https://staging.lacuisinedebernard.com/le-gateau-aux-graines-de-pavo
https://www.lacuisinedebernard.com/le-gateau-aux-graines-de-pavo,https://staging.lacuisinedebernard.com/le-gateau-aux-graines-de-pavo
https://www.lacuisinedebernard.com/le-gateau-aux-graines-de-pavo/,https://staging.lacuisinedebernard.com/le-gateau-aux-graines-de-pavo
https://lacuisinedebernard.com/la-tarte-aux-poireaux,https://staging.lacuisinedebernard.com/la-tarte-aux-poireaux
https://lacuisinedebernard.com/la-tarte-aux-poireaux/,https://staging.lacuisinedebernard.com/la-tarte-aux-poireaux
https://www.lacuisinedebernard.com/la-tarte-aux-poireaux,https://staging.lacuisinedebernard.com/la-tarte-aux-poireaux
https://www.lacuisinedebernard.com/la-tarte-aux-poireaux/,https://staging.lacuisinedebernard.com/la-tarte-aux-poireaux
https://lacuisinedebernard.com/le-tfaya,https://staging.lacuisinedebernard.com/le-tfaya
https://lacuisinedebernard.com/le-tfaya/,https://staging.lacuisinedebernard.com/le-tfaya
https://www.lacuisinedebernard.com/le-tfaya,https://staging.lacuisinedebernard.com/le-tfaya
https://www.lacuisinedebernard.com/le-tfaya/,https://staging.lacuisinedebernard.com/le-tfaya
https://lacuisinedebernard.com/les-daifuku-mochi-au-beurre-de,https://staging.lacuisinedebernard.com/les-daifuku-mochi-au-beurre-de
https://lacuisinedebernard.com/les-daifuku-mochi-au-beurre-de/,https://staging.lacuisinedebernard.com/les-daifuku-mochi-au-beurre-de
https://www.lacuisinedebernard.com/les-daifuku-mochi-au-beurre-de,https://staging.lacuisinedebernard.com/les-daifuku-mochi-au-beurre-de
https://www.lacuisinedebernard.com/les-daifuku-mochi-au-beurre-de/,https://staging.lacuisinedebernard.com/les-daifuku-mochi-au-beurre-de
https://lacuisinedebernard.com/les-pates-de-fruits-fruits-de-la-passion,https://staging.lacuisinedebernard.com/les-pates-de-fruits-fruits-de-la-passion
https://lacuisinedebernard.com/les-pates-de-fruits-fruits-de-la-passion/,https://staging.lacuisinedebernard.com/les-pates-de-fruits-fruits-de-la-passion
https://www.lacuisinedebernard.com/les-pates-de-fruits-fruits-de-la-passion,https://staging.lacuisinedebernard.com/les-pates-de-fruits-fruits-de-la-passion
https://www.lacuisinedebernard.com/les-pates-de-fruits-fruits-de-la-passion/,https://staging.lacuisinedebernard.com/les-pates-de-fruits-fruits-de-la-passion
https://lacuisinedebernard.com/les-daims-maison,https://staging.lacuisinedebernard.com/les-daims-maison
https://lacuisinedebernard.com/les-daims-maison/,https://staging.lacuisinedebernard.com/les-daims-maison
https://www.lacuisinedebernard.com/les-daims-maison,https://staging.lacuisinedebernard.com/les-daims-maison
https://www.lacuisinedebernard.com/les-daims-maison/,https://staging.lacuisinedebernard.com/les-daims-maison
https://lacuisinedebernard.com/les-tartelettes-olinda,https://staging.lacuisinedebernard.com/les-tartelettes-olinda
https://lacuisinedebernard.com/les-tartelettes-olinda/,https://staging.lacuisinedebernard.com/les-tartelettes-olinda
https://www.lacuisinedebernard.com/les-tartelettes-olinda,https://staging.lacuisinedebernard.com/les-tartelettes-olinda
https://www.lacuisinedebernard.com/les-tartelettes-olinda/,https://staging.lacuisinedebernard.com/les-tartelettes-olinda
https://lacuisinedebernard.com/les-empadas-de-frango-com-catupiry,https://staging.lacuisinedebernard.com/les-empadas-de-frango-com-catupiry
https://lacuisinedebernard.com/les-empadas-de-frango-com-catupiry/,https://staging.lacuisinedebernard.com/les-empadas-de-frango-com-catupiry
https://www.lacuisinedebernard.com/les-empadas-de-frango-com-catupiry,https://staging.lacuisinedebernard.com/les-empadas-de-frango-com-catupiry
https://www.lacuisinedebernard.com/les-empadas-de-frango-com-catupiry/,https://staging.lacuisinedebernard.com/les-empadas-de-frango-com-catupiry
https://lacuisinedebernard.com/les-cookies-completement-chocola,https://staging.lacuisinedebernard.com/les-cookies-completement-chocola
https://lacuisinedebernard.com/les-cookies-completement-chocola/,https://staging.lacuisinedebernard.com/les-cookies-completement-chocola
https://www.lacuisinedebernard.com/les-cookies-completement-chocola,https://staging.lacuisinedebernard.com/les-cookies-completement-chocola
https://www.lacuisinedebernard.com/les-cookies-completement-chocola/,https://staging.lacuisinedebernard.com/les-cookies-completement-chocola
https://lacuisinedebernard.com/le-delice-aux-chataignes-sans-farine,https://staging.lacuisinedebernard.com/le-delice-aux-chataignes-sans-farine
https://lacuisinedebernard.com/le-delice-aux-chataignes-sans-farine/,https://staging.lacuisinedebernard.com/le-delice-aux-chataignes-sans-farine
https://www.lacuisinedebernard.com/le-delice-aux-chataignes-sans-farine,https://staging.lacuisinedebernard.com/le-delice-aux-chataignes-sans-farine
https://www.lacuisinedebernard.com/le-delice-aux-chataignes-sans-farine/,https://staging.lacuisinedebernard.com/le-delice-aux-chataignes-sans-farine
https://lacuisinedebernard.com/le-couscous-berbere,https://staging.lacuisinedebernard.com/le-couscous-berbere
https://lacuisinedebernard.com/le-couscous-berbere/,https://staging.lacuisinedebernard.com/le-couscous-berbere
https://www.lacuisinedebernard.com/le-couscous-berbere,https://staging.lacuisinedebernard.com/le-couscous-berbere
https://www.lacuisinedebernard.com/le-couscous-berbere/,https://staging.lacuisinedebernard.com/le-couscous-berbere
https://lacuisinedebernard.com/les-noix-de-macadamia-au-chili,https://staging.lacuisinedebernard.com/les-noix-de-macadamia-au-chili
https://lacuisinedebernard.com/les-noix-de-macadamia-au-chili/,https://staging.lacuisinedebernard.com/les-noix-de-macadamia-au-chili
https://www.lacuisinedebernard.com/les-noix-de-macadamia-au-chili,https://staging.lacuisinedebernard.com/les-noix-de-macadamia-au-chili
https://www.lacuisinedebernard.com/les-noix-de-macadamia-au-chili/,https://staging.lacuisinedebernard.com/les-noix-de-macadamia-au-chili
https://lacuisinedebernard.com/mes-voyages-culinaires-le-minas-gerais,https://staging.lacuisinedebernard.com/mes-voyages-culinaires-le-minas-gerais
https://lacuisinedebernard.com/mes-voyages-culinaires-le-minas-gerais/,https://staging.lacuisinedebernard.com/mes-voyages-culinaires-le-minas-gerais
https://www.lacuisinedebernard.com/mes-voyages-culinaires-le-minas-gerais,https://staging.lacuisinedebernard.com/mes-voyages-culinaires-le-minas-gerais
https://www.lacuisinedebernard.com/mes-voyages-culinaires-le-minas-gerais/,https://staging.lacuisinedebernard.com/mes-voyages-culinaires-le-minas-gerais
https://lacuisinedebernard.com/les-truffes-au-chocola,https://staging.lacuisinedebernard.com/les-truffes-au-chocola
https://lacuisinedebernard.com/les-truffes-au-chocola/,https://staging.lacuisinedebernard.com/les-truffes-au-chocola
https://www.lacuisinedebernard.com/les-truffes-au-chocola,https://staging.lacuisinedebernard.com/les-truffes-au-chocola
https://www.lacuisinedebernard.com/les-truffes-au-chocola/,https://staging.lacuisinedebernard.com/les-truffes-au-chocola
https://lacuisinedebernard.com/le-tarama,https://staging.lacuisinedebernard.com/le-tarama
https://lacuisinedebernard.com/le-tarama/,https://staging.lacuisinedebernard.com/le-tarama
https://www.lacuisinedebernard.com/le-tarama,https://staging.lacuisinedebernard.com/le-tarama
https://www.lacuisinedebernard.com/le-tarama/,https://staging.lacuisinedebernard.com/le-tarama
https://lacuisinedebernard.com/les-chocolats-au-praline-citron-ver,https://staging.lacuisinedebernard.com/les-chocolats-au-praline-citron-ver
https://lacuisinedebernard.com/les-chocolats-au-praline-citron-ver/,https://staging.lacuisinedebernard.com/les-chocolats-au-praline-citron-ver
https://www.lacuisinedebernard.com/les-chocolats-au-praline-citron-ver,https://staging.lacuisinedebernard.com/les-chocolats-au-praline-citron-ver
https://www.lacuisinedebernard.com/les-chocolats-au-praline-citron-ver/,https://staging.lacuisinedebernard.com/les-chocolats-au-praline-citron-ver
https://lacuisinedebernard.com/mes-videos-foodizbox-de-decembre,https://staging.lacuisinedebernard.com/mes-videos-foodizbox-de-decembre
https://lacuisinedebernard.com/mes-videos-foodizbox-de-decembre/,https://staging.lacuisinedebernard.com/mes-videos-foodizbox-de-decembre
https://www.lacuisinedebernard.com/mes-videos-foodizbox-de-decembre,https://staging.lacuisinedebernard.com/mes-videos-foodizbox-de-decembre
https://www.lacuisinedebernard.com/mes-videos-foodizbox-de-decembre/,https://staging.lacuisinedebernard.com/mes-videos-foodizbox-de-decembre
https://lacuisinedebernard.com/les-rochers-suisses,https://staging.lacuisinedebernard.com/les-rochers-suisses
https://lacuisinedebernard.com/les-rochers-suisses/,https://staging.lacuisinedebernard.com/les-rochers-suisses
https://www.lacuisinedebernard.com/les-rochers-suisses,https://staging.lacuisinedebernard.com/les-rochers-suisses
https://www.lacuisinedebernard.com/les-rochers-suisses/,https://staging.lacuisinedebernard.com/les-rochers-suisses
https://lacuisinedebernard.com/mes-recettes-foodizbox-de-decembre,https://staging.lacuisinedebernard.com/mes-recettes-foodizbox-de-decembre
https://lacuisinedebernard.com/mes-recettes-foodizbox-de-decembre/,https://staging.lacuisinedebernard.com/mes-recettes-foodizbox-de-decembre
https://www.lacuisinedebernard.com/mes-recettes-foodizbox-de-decembre,https://staging.lacuisinedebernard.com/mes-recettes-foodizbox-de-decembre
https://www.lacuisinedebernard.com/mes-recettes-foodizbox-de-decembre/,https://staging.lacuisinedebernard.com/mes-recettes-foodizbox-de-decembre
https://lacuisinedebernard.com/visite-du-lycee-hotelier-rabelais,https://staging.lacuisinedebernard.com/visite-du-lycee-hotelier-rabelais
https://lacuisinedebernard.com/visite-du-lycee-hotelier-rabelais/,https://staging.lacuisinedebernard.com/visite-du-lycee-hotelier-rabelais
https://www.lacuisinedebernard.com/visite-du-lycee-hotelier-rabelais,https://staging.lacuisinedebernard.com/visite-du-lycee-hotelier-rabelais
https://www.lacuisinedebernard.com/visite-du-lycee-hotelier-rabelais/,https://staging.lacuisinedebernard.com/visite-du-lycee-hotelier-rabelais
https://lacuisinedebernard.com/les-boulettes-de-poisson-sauce-lestragon,https://staging.lacuisinedebernard.com/les-boulettes-de-poisson-sauce-lestragon
https://lacuisinedebernard.com/les-boulettes-de-poisson-sauce-lestragon/,https://staging.lacuisinedebernard.com/les-boulettes-de-poisson-sauce-lestragon
https://www.lacuisinedebernard.com/les-boulettes-de-poisson-sauce-lestragon,https://staging.lacuisinedebernard.com/les-boulettes-de-poisson-sauce-lestragon
https://www.lacuisinedebernard.com/les-boulettes-de-poisson-sauce-lestragon/,https://staging.lacuisinedebernard.com/les-boulettes-de-poisson-sauce-lestragon
https://lacuisinedebernard.com/la-teurgoule-normande,https://staging.lacuisinedebernard.com/la-teurgoule-normande
https://lacuisinedebernard.com/la-teurgoule-normande/,https://staging.lacuisinedebernard.com/la-teurgoule-normande
https://www.lacuisinedebernard.com/la-teurgoule-normande,https://staging.lacuisinedebernard.com/la-teurgoule-normande
https://www.lacuisinedebernard.com/la-teurgoule-normande/,https://staging.lacuisinedebernard.com/la-teurgoule-normande
https://lacuisinedebernard.com/les-fusilli-au-petits-pois-bacon-e,https://staging.lacuisinedebernard.com/les-fusilli-au-petits-pois-bacon-e
https://lacuisinedebernard.com/les-fusilli-au-petits-pois-bacon-e/,https://staging.lacuisinedebernard.com/les-fusilli-au-petits-pois-bacon-e
https://www.lacuisinedebernard.com/les-fusilli-au-petits-pois-bacon-e,https://staging.lacuisinedebernard.com/les-fusilli-au-petits-pois-bacon-e
https://www.lacuisinedebernard.com/les-fusilli-au-petits-pois-bacon-e/,https://staging.lacuisinedebernard.com/les-fusilli-au-petits-pois-bacon-e
https://lacuisinedebernard.com/les-sables-aux-noix-chocolat-et-avoine,https://staging.lacuisinedebernard.com/les-sables-aux-noix-chocolat-et-avoine
https://lacuisinedebernard.com/les-sables-aux-noix-chocolat-et-avoine/,https://staging.lacuisinedebernard.com/les-sables-aux-noix-chocolat-et-avoine
https://www.lacuisinedebernard.com/les-sables-aux-noix-chocolat-et-avoine,https://staging.lacuisinedebernard.com/les-sables-aux-noix-chocolat-et-avoine
https://www.lacuisinedebernard.com/les-sables-aux-noix-chocolat-et-avoine/,https://staging.lacuisinedebernard.com/les-sables-aux-noix-chocolat-et-avoine
https://lacuisinedebernard.com/mes-voyages-culinaires-new-york,https://staging.lacuisinedebernard.com/mes-voyages-culinaires-new-york
https://lacuisinedebernard.com/mes-voyages-culinaires-new-york/,https://staging.lacuisinedebernard.com/mes-voyages-culinaires-new-york
https://www.lacuisinedebernard.com/mes-voyages-culinaires-new-york,https://staging.lacuisinedebernard.com/mes-voyages-culinaires-new-york
https://www.lacuisinedebernard.com/mes-voyages-culinaires-new-york/,https://staging.lacuisinedebernard.com/mes-voyages-culinaires-new-york
https://lacuisinedebernard.com/les-kibbehs,https://staging.lacuisinedebernard.com/les-kibbehs
https://lacuisinedebernard.com/les-kibbehs/,https://staging.lacuisinedebernard.com/les-kibbehs
https://www.lacuisinedebernard.com/les-kibbehs,https://staging.lacuisinedebernard.com/les-kibbehs
https://www.lacuisinedebernard.com/les-kibbehs/,https://staging.lacuisinedebernard.com/les-kibbehs
https://lacuisinedebernard.com/les-crepes-au-fromen,https://staging.lacuisinedebernard.com/les-crepes-au-fromen
https://lacuisinedebernard.com/les-crepes-au-fromen/,https://staging.lacuisinedebernard.com/les-crepes-au-fromen
https://www.lacuisinedebernard.com/les-crepes-au-fromen,https://staging.lacuisinedebernard.com/les-crepes-au-fromen
https://www.lacuisinedebernard.com/les-crepes-au-fromen/,https://staging.lacuisinedebernard.com/les-crepes-au-fromen
https://lacuisinedebernard.com/la-salade-carottes-orange-coriandre,https://staging.lacuisinedebernard.com/la-salade-carottes-orange-coriandre
https://lacuisinedebernard.com/la-salade-carottes-orange-coriandre/,https://staging.lacuisinedebernard.com/la-salade-carottes-orange-coriandre
https://www.lacuisinedebernard.com/la-salade-carottes-orange-coriandre,https://staging.lacuisinedebernard.com/la-salade-carottes-orange-coriandre
https://www.lacuisinedebernard.com/la-salade-carottes-orange-coriandre/,https://staging.lacuisinedebernard.com/la-salade-carottes-orange-coriandre
https://lacuisinedebernard.com/mes-recettes-foodizbox-de-janvier,https://staging.lacuisinedebernard.com/mes-recettes-foodizbox-de-janvier
https://lacuisinedebernard.com/mes-recettes-foodizbox-de-janvier/,https://staging.lacuisinedebernard.com/mes-recettes-foodizbox-de-janvier
https://www.lacuisinedebernard.com/mes-recettes-foodizbox-de-janvier,https://staging.lacuisinedebernard.com/mes-recettes-foodizbox-de-janvier
https://www.lacuisinedebernard.com/mes-recettes-foodizbox-de-janvier/,https://staging.lacuisinedebernard.com/mes-recettes-foodizbox-de-janvier
https://lacuisinedebernard.com/le-dulce-de-leche,https://staging.lacuisinedebernard.com/le-dulce-de-leche
https://lacuisinedebernard.com/le-dulce-de-leche/,https://staging.lacuisinedebernard.com/le-dulce-de-leche
https://www.lacuisinedebernard.com/le-dulce-de-leche,https://staging.lacuisinedebernard.com/le-dulce-de-leche
https://www.lacuisinedebernard.com/le-dulce-de-leche/,https://staging.lacuisinedebernard.com/le-dulce-de-leche
https://lacuisinedebernard.com/les-millionaire-shortbreads,https://staging.lacuisinedebernard.com/les-millionaire-shortbreads
https://lacuisinedebernard.com/les-millionaire-shortbreads/,https://staging.lacuisinedebernard.com/les-millionaire-shortbreads
https://www.lacuisinedebernard.com/les-millionaire-shortbreads,https://staging.lacuisinedebernard.com/les-millionaire-shortbreads
https://www.lacuisinedebernard.com/les-millionaire-shortbreads/,https://staging.lacuisinedebernard.com/les-millionaire-shortbreads
https://lacuisinedebernard.com/les-recettes-foodizbox-de-fevrier-2013,https://staging.lacuisinedebernard.com/les-recettes-foodizbox-de-fevrier-2013
https://lacuisinedebernard.com/les-recettes-foodizbox-de-fevrier-2013/,https://staging.lacuisinedebernard.com/les-recettes-foodizbox-de-fevrier-2013
https://www.lacuisinedebernard.com/les-recettes-foodizbox-de-fevrier-2013,https://staging.lacuisinedebernard.com/les-recettes-foodizbox-de-fevrier-2013
https://www.lacuisinedebernard.com/les-recettes-foodizbox-de-fevrier-2013/,https://staging.lacuisinedebernard.com/les-recettes-foodizbox-de-fevrier-2013
https://lacuisinedebernard.com/les-pecan-turtles,https://staging.lacuisinedebernard.com/les-pecan-turtles
https://lacuisinedebernard.com/les-pecan-turtles/,https://staging.lacuisinedebernard.com/les-pecan-turtles
https://www.lacuisinedebernard.com/les-pecan-turtles,https://staging.lacuisinedebernard.com/les-pecan-turtles
https://www.lacuisinedebernard.com/les-pecan-turtles/,https://staging.lacuisinedebernard.com/les-pecan-turtles
https://lacuisinedebernard.com/le-supreme-des-volcans,https://staging.lacuisinedebernard.com/le-supreme-des-volcans
https://lacuisinedebernard.com/le-supreme-des-volcans/,https://staging.lacuisinedebernard.com/le-supreme-des-volcans
https://www.lacuisinedebernard.com/le-supreme-des-volcans,https://staging.lacuisinedebernard.com/le-supreme-des-volcans
https://www.lacuisinedebernard.com/le-supreme-des-volcans/,https://staging.lacuisinedebernard.com/le-supreme-des-volcans
https://lacuisinedebernard.com/la-salade-de-pois-chiches,https://staging.lacuisinedebernard.com/la-salade-de-pois-chiches
https://lacuisinedebernard.com/la-salade-de-pois-chiches/,https://staging.lacuisinedebernard.com/la-salade-de-pois-chiches
https://www.lacuisinedebernard.com/la-salade-de-pois-chiches,https://staging.lacuisinedebernard.com/la-salade-de-pois-chiches
https://www.lacuisinedebernard.com/la-salade-de-pois-chiches/,https://staging.lacuisinedebernard.com/la-salade-de-pois-chiches
https://lacuisinedebernard.com/la-foodizbox-de-fevrier,https://staging.lacuisinedebernard.com/la-foodizbox-de-fevrier
https://lacuisinedebernard.com/la-foodizbox-de-fevrier/,https://staging.lacuisinedebernard.com/la-foodizbox-de-fevrier
https://www.lacuisinedebernard.com/la-foodizbox-de-fevrier,https://staging.lacuisinedebernard.com/la-foodizbox-de-fevrier
https://www.lacuisinedebernard.com/la-foodizbox-de-fevrier/,https://staging.lacuisinedebernard.com/la-foodizbox-de-fevrier
https://lacuisinedebernard.com/le-cake-citron-pavo,https://staging.lacuisinedebernard.com/le-cake-citron-pavo
https://lacuisinedebernard.com/le-cake-citron-pavo/,https://staging.lacuisinedebernard.com/le-cake-citron-pavo
https://www.lacuisinedebernard.com/le-cake-citron-pavo,https://staging.lacuisinedebernard.com/le-cake-citron-pavo
https://www.lacuisinedebernard.com/le-cake-citron-pavo/,https://staging.lacuisinedebernard.com/le-cake-citron-pavo
https://lacuisinedebernard.com/le-tiramisu-peches-chocola,https://staging.lacuisinedebernard.com/le-tiramisu-peches-chocola
https://lacuisinedebernard.com/le-tiramisu-peches-chocola/,https://staging.lacuisinedebernard.com/le-tiramisu-peches-chocola
https://www.lacuisinedebernard.com/le-tiramisu-peches-chocola,https://staging.lacuisinedebernard.com/le-tiramisu-peches-chocola
https://www.lacuisinedebernard.com/le-tiramisu-peches-chocola/,https://staging.lacuisinedebernard.com/le-tiramisu-peches-chocola
https://lacuisinedebernard.com/mes-voyages-culinaires-singapour,https://staging.lacuisinedebernard.com/mes-voyages-culinaires-singapour
https://lacuisinedebernard.com/mes-voyages-culinaires-singapour/,https://staging.lacuisinedebernard.com/mes-voyages-culinaires-singapour
https://www.lacuisinedebernard.com/mes-voyages-culinaires-singapour,https://staging.lacuisinedebernard.com/mes-voyages-culinaires-singapour
https://www.lacuisinedebernard.com/mes-voyages-culinaires-singapour/,https://staging.lacuisinedebernard.com/mes-voyages-culinaires-singapour
https://lacuisinedebernard.com/le-hainanese-chicken-rice,https://staging.lacuisinedebernard.com/le-hainanese-chicken-rice
https://lacuisinedebernard.com/le-hainanese-chicken-rice/,https://staging.lacuisinedebernard.com/le-hainanese-chicken-rice
https://www.lacuisinedebernard.com/le-hainanese-chicken-rice,https://staging.lacuisinedebernard.com/le-hainanese-chicken-rice
https://www.lacuisinedebernard.com/le-hainanese-chicken-rice/,https://staging.lacuisinedebernard.com/le-hainanese-chicken-rice
https://lacuisinedebernard.com/les-macarons-moelleux-des-baronnies,https://staging.lacuisinedebernard.com/les-macarons-moelleux-des-baronnies
https://lacuisinedebernard.com/les-macarons-moelleux-des-baronnies/,https://staging.lacuisinedebernard.com/les-macarons-moelleux-des-baronnies
https://www.lacuisinedebernard.com/les-macarons-moelleux-des-baronnies,https://staging.lacuisinedebernard.com/les-macarons-moelleux-des-baronnies
https://www.lacuisinedebernard.com/les-macarons-moelleux-des-baronnies/,https://staging.lacuisinedebernard.com/les-macarons-moelleux-des-baronnies
https://lacuisinedebernard.com/les-cookies-au-beurre-de-cacahuetes-e,https://staging.lacuisinedebernard.com/les-cookies-au-beurre-de-cacahuetes-e
https://lacuisinedebernard.com/les-cookies-au-beurre-de-cacahuetes-e/,https://staging.lacuisinedebernard.com/les-cookies-au-beurre-de-cacahuetes-e
https://www.lacuisinedebernard.com/les-cookies-au-beurre-de-cacahuetes-e,https://staging.lacuisinedebernard.com/les-cookies-au-beurre-de-cacahuetes-e
https://www.lacuisinedebernard.com/les-cookies-au-beurre-de-cacahuetes-e/,https://staging.lacuisinedebernard.com/les-cookies-au-beurre-de-cacahuetes-e
https://lacuisinedebernard.com/les-tartelettes-au-caramel-et-creme,https://staging.lacuisinedebernard.com/les-tartelettes-au-caramel-et-creme
https://lacuisinedebernard.com/les-tartelettes-au-caramel-et-creme/,https://staging.lacuisinedebernard.com/les-tartelettes-au-caramel-et-creme
https://www.lacuisinedebernard.com/les-tartelettes-au-caramel-et-creme,https://staging.lacuisinedebernard.com/les-tartelettes-au-caramel-et-creme
https://www.lacuisinedebernard.com/les-tartelettes-au-caramel-et-creme/,https://staging.lacuisinedebernard.com/les-tartelettes-au-caramel-et-creme
https://lacuisinedebernard.com/itek-sio-le-canard-aux-graines-de,https://staging.lacuisinedebernard.com/itek-sio-le-canard-aux-graines-de
https://lacuisinedebernard.com/itek-sio-le-canard-aux-graines-de/,https://staging.lacuisinedebernard.com/itek-sio-le-canard-aux-graines-de
https://www.lacuisinedebernard.com/itek-sio-le-canard-aux-graines-de,https://staging.lacuisinedebernard.com/itek-sio-le-canard-aux-graines-de
https://www.lacuisinedebernard.com/itek-sio-le-canard-aux-graines-de/,https://staging.lacuisinedebernard.com/itek-sio-le-canard-aux-graines-de
https://lacuisinedebernard.com/la-tarte-la-creme-cuite-de-citron-de,https://staging.lacuisinedebernard.com/la-tarte-la-creme-cuite-de-citron-de
https://lacuisinedebernard.com/la-tarte-la-creme-cuite-de-citron-de/,https://staging.lacuisinedebernard.com/la-tarte-la-creme-cuite-de-citron-de
https://www.lacuisinedebernard.com/la-tarte-la-creme-cuite-de-citron-de,https://staging.lacuisinedebernard.com/la-tarte-la-creme-cuite-de-citron-de
https://www.lacuisinedebernard.com/la-tarte-la-creme-cuite-de-citron-de/,https://staging.lacuisinedebernard.com/la-tarte-la-creme-cuite-de-citron-de
https://lacuisinedebernard.com/le-gateau-macaron-pistache-de-laduree,https://staging.lacuisinedebernard.com/le-gateau-macaron-pistache-de-laduree
https://lacuisinedebernard.com/le-gateau-macaron-pistache-de-laduree/,https://staging.lacuisinedebernard.com/le-gateau-macaron-pistache-de-laduree
https://www.lacuisinedebernard.com/le-gateau-macaron-pistache-de-laduree,https://staging.lacuisinedebernard.com/le-gateau-macaron-pistache-de-laduree
https://www.lacuisinedebernard.com/le-gateau-macaron-pistache-de-laduree/,https://staging.lacuisinedebernard.com/le-gateau-macaron-pistache-de-laduree
https://lacuisinedebernard.com/le-risotto-aux-siitakes-et-shimejis,https://staging.lacuisinedebernard.com/le-risotto-aux-siitakes-et-shimejis
https://lacuisinedebernard.com/le-risotto-aux-siitakes-et-shimejis/,https://staging.lacuisinedebernard.com/le-risotto-aux-siitakes-et-shimejis
https://www.lacuisinedebernard.com/le-risotto-aux-siitakes-et-shimejis,https://staging.lacuisinedebernard.com/le-risotto-aux-siitakes-et-shimejis
https://www.lacuisinedebernard.com/le-risotto-aux-siitakes-et-shimejis/,https://staging.lacuisinedebernard.com/le-risotto-aux-siitakes-et-shimejis
https://lacuisinedebernard.com/les-recettes-foodizbox-de-mars,https://staging.lacuisinedebernard.com/les-recettes-foodizbox-de-mars
https://lacuisinedebernard.com/les-recettes-foodizbox-de-mars/,https://staging.lacuisinedebernard.com/les-recettes-foodizbox-de-mars
https://www.lacuisinedebernard.com/les-recettes-foodizbox-de-mars,https://staging.lacuisinedebernard.com/les-recettes-foodizbox-de-mars
https://www.lacuisinedebernard.com/les-recettes-foodizbox-de-mars/,https://staging.lacuisinedebernard.com/les-recettes-foodizbox-de-mars
https://lacuisinedebernard.com/la-foodizbox-de-mars,https://staging.lacuisinedebernard.com/la-foodizbox-de-mars
https://lacuisinedebernard.com/la-foodizbox-de-mars/,https://staging.lacuisinedebernard.com/la-foodizbox-de-mars
https://www.lacuisinedebernard.com/la-foodizbox-de-mars,https://staging.lacuisinedebernard.com/la-foodizbox-de-mars
https://www.lacuisinedebernard.com/la-foodizbox-de-mars/,https://staging.lacuisinedebernard.com/la-foodizbox-de-mars
https://lacuisinedebernard.com/mes-voyages-culinaires-seou,https://staging.lacuisinedebernard.com/mes-voyages-culinaires-seou
https://lacuisinedebernard.com/mes-voyages-culinaires-seou/,https://staging.lacuisinedebernard.com/mes-voyages-culinaires-seou
https://www.lacuisinedebernard.com/mes-voyages-culinaires-seou,https://staging.lacuisinedebernard.com/mes-voyages-culinaires-seou
https://www.lacuisinedebernard.com/mes-voyages-culinaires-seou/,https://staging.lacuisinedebernard.com/mes-voyages-culinaires-seou
https://lacuisinedebernard.com/le-gateau-aux-amandes-et-au-rhum,https://staging.lacuisinedebernard.com/le-gateau-aux-amandes-et-au-rhum
https://lacuisinedebernard.com/le-gateau-aux-amandes-et-au-rhum/,https://staging.lacuisinedebernard.com/le-gateau-aux-amandes-et-au-rhum
https://www.lacuisinedebernard.com/le-gateau-aux-amandes-et-au-rhum,https://staging.lacuisinedebernard.com/le-gateau-aux-amandes-et-au-rhum
https://www.lacuisinedebernard.com/le-gateau-aux-amandes-et-au-rhum/,https://staging.lacuisinedebernard.com/le-gateau-aux-amandes-et-au-rhum
https://lacuisinedebernard.com/le-dal-de-lentilles-la-noix-de-coco,https://staging.lacuisinedebernard.com/le-dal-de-lentilles-la-noix-de-coco
https://lacuisinedebernard.com/le-dal-de-lentilles-la-noix-de-coco/,https://staging.lacuisinedebernard.com/le-dal-de-lentilles-la-noix-de-coco
https://www.lacuisinedebernard.com/le-dal-de-lentilles-la-noix-de-coco,https://staging.lacuisinedebernard.com/le-dal-de-lentilles-la-noix-de-coco
https://www.lacuisinedebernard.com/le-dal-de-lentilles-la-noix-de-coco/,https://staging.lacuisinedebernard.com/le-dal-de-lentilles-la-noix-de-coco
https://lacuisinedebernard.com/les-zingiber-cookies,https://staging.lacuisinedebernard.com/les-zingiber-cookies
https://lacuisinedebernard.com/les-zingiber-cookies/,https://staging.lacuisinedebernard.com/les-zingiber-cookies
https://www.lacuisinedebernard.com/les-zingiber-cookies,https://staging.lacuisinedebernard.com/les-zingiber-cookies
https://www.lacuisinedebernard.com/les-zingiber-cookies/,https://staging.lacuisinedebernard.com/les-zingiber-cookies
https://lacuisinedebernard.com/le-cake-lorange-et-au-chocola,https://staging.lacuisinedebernard.com/le-cake-lorange-et-au-chocola
https://lacuisinedebernard.com/le-cake-lorange-et-au-chocola/,https://staging.lacuisinedebernard.com/le-cake-lorange-et-au-chocola
https://www.lacuisinedebernard.com/le-cake-lorange-et-au-chocola,https://staging.lacuisinedebernard.com/le-cake-lorange-et-au-chocola
https://www.lacuisinedebernard.com/le-cake-lorange-et-au-chocola/,https://staging.lacuisinedebernard.com/le-cake-lorange-et-au-chocola
https://lacuisinedebernard.com/la-nouvelle-revue-culinaire-180c,https://staging.lacuisinedebernard.com/la-nouvelle-revue-culinaire-180c
https://lacuisinedebernard.com/la-nouvelle-revue-culinaire-180c/,https://staging.lacuisinedebernard.com/la-nouvelle-revue-culinaire-180c
https://www.lacuisinedebernard.com/la-nouvelle-revue-culinaire-180c,https://staging.lacuisinedebernard.com/la-nouvelle-revue-culinaire-180c
https://www.lacuisinedebernard.com/la-nouvelle-revue-culinaire-180c/,https://staging.lacuisinedebernard.com/la-nouvelle-revue-culinaire-180c
https://lacuisinedebernard.com/le-veloute-dasperges-vertes,https://staging.lacuisinedebernard.com/le-veloute-dasperges-vertes
https://lacuisinedebernard.com/le-veloute-dasperges-vertes/,https://staging.lacuisinedebernard.com/le-veloute-dasperges-vertes
https://www.lacuisinedebernard.com/le-veloute-dasperges-vertes,https://staging.lacuisinedebernard.com/le-veloute-dasperges-vertes
https://www.lacuisinedebernard.com/le-veloute-dasperges-vertes/,https://staging.lacuisinedebernard.com/le-veloute-dasperges-vertes
https://lacuisinedebernard.com/les-crepes-coreennes-aux-haricots-mungo,https://staging.lacuisinedebernard.com/les-crepes-coreennes-aux-haricots-mungo
https://lacuisinedebernard.com/les-crepes-coreennes-aux-haricots-mungo/,https://staging.lacuisinedebernard.com/les-crepes-coreennes-aux-haricots-mungo
https://www.lacuisinedebernard.com/les-crepes-coreennes-aux-haricots-mungo,https://staging.lacuisinedebernard.com/les-crepes-coreennes-aux-haricots-mungo
https://www.lacuisinedebernard.com/les-crepes-coreennes-aux-haricots-mungo/,https://staging.lacuisinedebernard.com/les-crepes-coreennes-aux-haricots-mungo
https://lacuisinedebernard.com/la-pastilla-au-poule,https://staging.lacuisinedebernard.com/la-pastilla-au-poule
https://lacuisinedebernard.com/la-pastilla-au-poule/,https://staging.lacuisinedebernard.com/la-pastilla-au-poule
https://www.lacuisinedebernard.com/la-pastilla-au-poule,https://staging.lacuisinedebernard.com/la-pastilla-au-poule
https://www.lacuisinedebernard.com/la-pastilla-au-poule/,https://staging.lacuisinedebernard.com/la-pastilla-au-poule
https://lacuisinedebernard.com/la-taktouka,https://staging.lacuisinedebernard.com/la-taktouka
https://lacuisinedebernard.com/la-taktouka/,https://staging.lacuisinedebernard.com/la-taktouka
https://www.lacuisinedebernard.com/la-taktouka,https://staging.lacuisinedebernard.com/la-taktouka
https://www.lacuisinedebernard.com/la-taktouka/,https://staging.lacuisinedebernard.com/la-taktouka
https://lacuisinedebernard.com/la-harira,https://staging.lacuisinedebernard.com/la-harira
https://lacuisinedebernard.com/la-harira/,https://staging.lacuisinedebernard.com/la-harira
https://www.lacuisinedebernard.com/la-harira,https://staging.lacuisinedebernard.com/la-harira
https://www.lacuisinedebernard.com/la-harira/,https://staging.lacuisinedebernard.com/la-harira
https://lacuisinedebernard.com/le-tajine-de-veau-aux-petits-pois-e,https://staging.lacuisinedebernard.com/le-tajine-de-veau-aux-petits-pois-e
https://lacuisinedebernard.com/le-tajine-de-veau-aux-petits-pois-e/,https://staging.lacuisinedebernard.com/le-tajine-de-veau-aux-petits-pois-e
https://www.lacuisinedebernard.com/le-tajine-de-veau-aux-petits-pois-e,https://staging.lacuisinedebernard.com/le-tajine-de-veau-aux-petits-pois-e
https://www.lacuisinedebernard.com/le-tajine-de-veau-aux-petits-pois-e/,https://staging.lacuisinedebernard.com/le-tajine-de-veau-aux-petits-pois-e
https://lacuisinedebernard.com/la-salade-de-quinoa-aux-fruits-secs,https://staging.lacuisinedebernard.com/la-salade-de-quinoa-aux-fruits-secs
https://lacuisinedebernard.com/la-salade-de-quinoa-aux-fruits-secs/,https://staging.lacuisinedebernard.com/la-salade-de-quinoa-aux-fruits-secs
https://www.lacuisinedebernard.com/la-salade-de-quinoa-aux-fruits-secs,https://staging.lacuisinedebernard.com/la-salade-de-quinoa-aux-fruits-secs
https://www.lacuisinedebernard.com/la-salade-de-quinoa-aux-fruits-secs/,https://staging.lacuisinedebernard.com/la-salade-de-quinoa-aux-fruits-secs
https://lacuisinedebernard.com/le-zaalouk,https://staging.lacuisinedebernard.com/le-zaalouk
https://lacuisinedebernard.com/le-zaalouk/,https://staging.lacuisinedebernard.com/le-zaalouk
https://www.lacuisinedebernard.com/le-zaalouk,https://staging.lacuisinedebernard.com/le-zaalouk
https://www.lacuisinedebernard.com/le-zaalouk/,https://staging.lacuisinedebernard.com/le-zaalouk
https://lacuisinedebernard.com/berunaru-no-kitchen,https://staging.lacuisinedebernard.com/berunaru-no-kitchen
https://lacuisinedebernard.com/berunaru-no-kitchen/,https://staging.lacuisinedebernard.com/berunaru-no-kitchen
https://www.lacuisinedebernard.com/berunaru-no-kitchen,https://staging.lacuisinedebernard.com/berunaru-no-kitchen
https://www.lacuisinedebernard.com/berunaru-no-kitchen/,https://staging.lacuisinedebernard.com/berunaru-no-kitchen
https://lacuisinedebernard.com/le-thaizeed,https://staging.lacuisinedebernard.com/le-thaizeed
https://lacuisinedebernard.com/le-thaizeed/,https://staging.lacuisinedebernard.com/le-thaizeed
https://www.lacuisinedebernard.com/le-thaizeed,https://staging.lacuisinedebernard.com/le-thaizeed
https://www.lacuisinedebernard.com/le-thaizeed/,https://staging.lacuisinedebernard.com/le-thaizeed
https://lacuisinedebernard.com/le-taboule,https://staging.lacuisinedebernard.com/le-taboule
https://lacuisinedebernard.com/le-taboule/,https://staging.lacuisinedebernard.com/le-taboule
https://www.lacuisinedebernard.com/le-taboule,https://staging.lacuisinedebernard.com/le-taboule
https://www.lacuisinedebernard.com/le-taboule/,https://staging.lacuisinedebernard.com/le-taboule
https://lacuisinedebernard.com/le-buf-saute-aux-oignons,https://staging.lacuisinedebernard.com/le-buf-saute-aux-oignons
https://lacuisinedebernard.com/le-buf-saute-aux-oignons/,https://staging.lacuisinedebernard.com/le-buf-saute-aux-oignons
https://www.lacuisinedebernard.com/le-buf-saute-aux-oignons,https://staging.lacuisinedebernard.com/le-buf-saute-aux-oignons
https://www.lacuisinedebernard.com/le-buf-saute-aux-oignons/,https://staging.lacuisinedebernard.com/le-buf-saute-aux-oignons
https://lacuisinedebernard.com/le-gaspacho-aux-tomates,https://staging.lacuisinedebernard.com/le-gaspacho-aux-tomates
https://lacuisinedebernard.com/le-gaspacho-aux-tomates/,https://staging.lacuisinedebernard.com/le-gaspacho-aux-tomates
https://www.lacuisinedebernard.com/le-gaspacho-aux-tomates,https://staging.lacuisinedebernard.com/le-gaspacho-aux-tomates
https://www.lacuisinedebernard.com/le-gaspacho-aux-tomates/,https://staging.lacuisinedebernard.com/le-gaspacho-aux-tomates
https://lacuisinedebernard.com/les-falafels,https://staging.lacuisinedebernard.com/les-falafels
https://lacuisinedebernard.com/les-falafels/,https://staging.lacuisinedebernard.com/les-falafels
https://www.lacuisinedebernard.com/les-falafels,https://staging.lacuisinedebernard.com/les-falafels
https://www.lacuisinedebernard.com/les-falafels/,https://staging.lacuisinedebernard.com/les-falafels
https://lacuisinedebernard.com/mes-recettes-foodizbox-du-mois-de-mai,https://staging.lacuisinedebernard.com/mes-recettes-foodizbox-du-mois-de-mai
https://lacuisinedebernard.com/mes-recettes-foodizbox-du-mois-de-mai/,https://staging.lacuisinedebernard.com/mes-recettes-foodizbox-du-mois-de-mai
https://www.lacuisinedebernard.com/mes-recettes-foodizbox-du-mois-de-mai,https://staging.lacuisinedebernard.com/mes-recettes-foodizbox-du-mois-de-mai
https://www.lacuisinedebernard.com/mes-recettes-foodizbox-du-mois-de-mai/,https://staging.lacuisinedebernard.com/mes-recettes-foodizbox-du-mois-de-mai
https://lacuisinedebernard.com/les-ribs-de-porc-grilles-sauce-barbecue,https://staging.lacuisinedebernard.com/les-ribs-de-porc-grilles-sauce-barbecue
https://lacuisinedebernard.com/les-ribs-de-porc-grilles-sauce-barbecue/,https://staging.lacuisinedebernard.com/les-ribs-de-porc-grilles-sauce-barbecue
https://www.lacuisinedebernard.com/les-ribs-de-porc-grilles-sauce-barbecue,https://staging.lacuisinedebernard.com/les-ribs-de-porc-grilles-sauce-barbecue
https://www.lacuisinedebernard.com/les-ribs-de-porc-grilles-sauce-barbecue/,https://staging.lacuisinedebernard.com/les-ribs-de-porc-grilles-sauce-barbecue
https://lacuisinedebernard.com/la-moussaka-grecque,https://staging.lacuisinedebernard.com/la-moussaka-grecque
https://lacuisinedebernard.com/la-moussaka-grecque/,https://staging.lacuisinedebernard.com/la-moussaka-grecque
https://www.lacuisinedebernard.com/la-moussaka-grecque,https://staging.lacuisinedebernard.com/la-moussaka-grecque
https://www.lacuisinedebernard.com/la-moussaka-grecque/,https://staging.lacuisinedebernard.com/la-moussaka-grecque
https://lacuisinedebernard.com/riz-gluan,https://staging.lacuisinedebernard.com/riz-gluan
https://lacuisinedebernard.com/riz-gluan/,https://staging.lacuisinedebernard.com/riz-gluan
https://www.lacuisinedebernard.com/riz-gluan,https://staging.lacuisinedebernard.com/riz-gluan
https://www.lacuisinedebernard.com/riz-gluan/,https://staging.lacuisinedebernard.com/riz-gluan
https://lacuisinedebernard.com/le-fraisier,https://staging.lacuisinedebernard.com/le-fraisier
https://lacuisinedebernard.com/le-fraisier/,https://staging.lacuisinedebernard.com/le-fraisier
https://www.lacuisinedebernard.com/le-fraisier,https://staging.lacuisinedebernard.com/le-fraisier
https://www.lacuisinedebernard.com/le-fraisier/,https://staging.lacuisinedebernard.com/le-fraisier
https://lacuisinedebernard.com/les-crepes-croustillantes-aux-fraises,https://staging.lacuisinedebernard.com/les-crepes-croustillantes-aux-fraises
https://lacuisinedebernard.com/les-crepes-croustillantes-aux-fraises/,https://staging.lacuisinedebernard.com/les-crepes-croustillantes-aux-fraises
https://www.lacuisinedebernard.com/les-crepes-croustillantes-aux-fraises,https://staging.lacuisinedebernard.com/les-crepes-croustillantes-aux-fraises
https://www.lacuisinedebernard.com/les-crepes-croustillantes-aux-fraises/,https://staging.lacuisinedebernard.com/les-crepes-croustillantes-aux-fraises
https://lacuisinedebernard.com/les-macarons-cornes-de-gazelles,https://staging.lacuisinedebernard.com/les-macarons-cornes-de-gazelles
https://lacuisinedebernard.com/les-macarons-cornes-de-gazelles/,https://staging.lacuisinedebernard.com/les-macarons-cornes-de-gazelles
https://www.lacuisinedebernard.com/les-macarons-cornes-de-gazelles,https://staging.lacuisinedebernard.com/les-macarons-cornes-de-gazelles
https://www.lacuisinedebernard.com/les-macarons-cornes-de-gazelles/,https://staging.lacuisinedebernard.com/les-macarons-cornes-de-gazelles
https://lacuisinedebernard.com/la-pizza-maison,https://staging.lacuisinedebernard.com/la-pizza-maison
https://lacuisinedebernard.com/la-pizza-maison/,https://staging.lacuisinedebernard.com/la-pizza-maison
https://www.lacuisinedebernard.com/la-pizza-maison,https://staging.lacuisinedebernard.com/la-pizza-maison
https://www.lacuisinedebernard.com/la-pizza-maison/,https://staging.lacuisinedebernard.com/la-pizza-maison
https://lacuisinedebernard.com/les-recettes-foodizbox-du-mois-de,https://staging.lacuisinedebernard.com/les-recettes-foodizbox-du-mois-de
https://lacuisinedebernard.com/les-recettes-foodizbox-du-mois-de/,https://staging.lacuisinedebernard.com/les-recettes-foodizbox-du-mois-de
https://www.lacuisinedebernard.com/les-recettes-foodizbox-du-mois-de,https://staging.lacuisinedebernard.com/les-recettes-foodizbox-du-mois-de
https://www.lacuisinedebernard.com/les-recettes-foodizbox-du-mois-de/,https://staging.lacuisinedebernard.com/les-recettes-foodizbox-du-mois-de
https://lacuisinedebernard.com/les-pates-au-pesto-et-tomates-sechees,https://staging.lacuisinedebernard.com/les-pates-au-pesto-et-tomates-sechees
https://lacuisinedebernard.com/les-pates-au-pesto-et-tomates-sechees/,https://staging.lacuisinedebernard.com/les-pates-au-pesto-et-tomates-sechees
https://www.lacuisinedebernard.com/les-pates-au-pesto-et-tomates-sechees,https://staging.lacuisinedebernard.com/les-pates-au-pesto-et-tomates-sechees
https://www.lacuisinedebernard.com/les-pates-au-pesto-et-tomates-sechees/,https://staging.lacuisinedebernard.com/les-pates-au-pesto-et-tomates-sechees
https://lacuisinedebernard.com/la-salade-de-poulet-au-curry-et-noix-de,https://staging.lacuisinedebernard.com/la-salade-de-poulet-au-curry-et-noix-de
https://lacuisinedebernard.com/la-salade-de-poulet-au-curry-et-noix-de/,https://staging.lacuisinedebernard.com/la-salade-de-poulet-au-curry-et-noix-de
https://www.lacuisinedebernard.com/la-salade-de-poulet-au-curry-et-noix-de,https://staging.lacuisinedebernard.com/la-salade-de-poulet-au-curry-et-noix-de
https://www.lacuisinedebernard.com/la-salade-de-poulet-au-curry-et-noix-de/,https://staging.lacuisinedebernard.com/la-salade-de-poulet-au-curry-et-noix-de
https://lacuisinedebernard.com/le-farz-buen,https://staging.lacuisinedebernard.com/le-farz-buen
https://lacuisinedebernard.com/le-farz-buen/,https://staging.lacuisinedebernard.com/le-farz-buen
https://www.lacuisinedebernard.com/le-farz-buen,https://staging.lacuisinedebernard.com/le-farz-buen
https://www.lacuisinedebernard.com/le-farz-buen/,https://staging.lacuisinedebernard.com/le-farz-buen
https://lacuisinedebernard.com/le-buf-fretillant-la-poudre-de-sate,https://staging.lacuisinedebernard.com/le-buf-fretillant-la-poudre-de-sate
https://lacuisinedebernard.com/le-buf-fretillant-la-poudre-de-sate/,https://staging.lacuisinedebernard.com/le-buf-fretillant-la-poudre-de-sate
https://www.lacuisinedebernard.com/le-buf-fretillant-la-poudre-de-sate,https://staging.lacuisinedebernard.com/le-buf-fretillant-la-poudre-de-sate
https://www.lacuisinedebernard.com/le-buf-fretillant-la-poudre-de-sate/,https://staging.lacuisinedebernard.com/le-buf-fretillant-la-poudre-de-sate
https://lacuisinedebernard.com/mes-recettes-foodizbox-de-septembre,https://staging.lacuisinedebernard.com/mes-recettes-foodizbox-de-septembre
https://lacuisinedebernard.com/mes-recettes-foodizbox-de-septembre/,https://staging.lacuisinedebernard.com/mes-recettes-foodizbox-de-septembre
https://www.lacuisinedebernard.com/mes-recettes-foodizbox-de-septembre,https://staging.lacuisinedebernard.com/mes-recettes-foodizbox-de-septembre
https://www.lacuisinedebernard.com/mes-recettes-foodizbox-de-septembre/,https://staging.lacuisinedebernard.com/mes-recettes-foodizbox-de-septembre
https://lacuisinedebernard.com/le-millasson,https://staging.lacuisinedebernard.com/le-millasson
https://lacuisinedebernard.com/le-millasson/,https://staging.lacuisinedebernard.com/le-millasson
https://www.lacuisinedebernard.com/le-millasson,https://staging.lacuisinedebernard.com/le-millasson
https://www.lacuisinedebernard.com/le-millasson/,https://staging.lacuisinedebernard.com/le-millasson
https://lacuisinedebernard.com/le-parmentier-de-boudin-noir-aux-pommes,https://staging.lacuisinedebernard.com/le-parmentier-de-boudin-noir-aux-pommes
https://lacuisinedebernard.com/le-parmentier-de-boudin-noir-aux-pommes/,https://staging.lacuisinedebernard.com/le-parmentier-de-boudin-noir-aux-pommes
https://www.lacuisinedebernard.com/le-parmentier-de-boudin-noir-aux-pommes,https://staging.lacuisinedebernard.com/le-parmentier-de-boudin-noir-aux-pommes
https://www.lacuisinedebernard.com/le-parmentier-de-boudin-noir-aux-pommes/,https://staging.lacuisinedebernard.com/le-parmentier-de-boudin-noir-aux-pommes
https://lacuisinedebernard.com/le-numero-2-de-180c-arrive-le-10,https://staging.lacuisinedebernard.com/le-numero-2-de-180c-arrive-le-10
https://lacuisinedebernard.com/le-numero-2-de-180c-arrive-le-10/,https://staging.lacuisinedebernard.com/le-numero-2-de-180c-arrive-le-10
https://www.lacuisinedebernard.com/le-numero-2-de-180c-arrive-le-10,https://staging.lacuisinedebernard.com/le-numero-2-de-180c-arrive-le-10
https://www.lacuisinedebernard.com/le-numero-2-de-180c-arrive-le-10/,https://staging.lacuisinedebernard.com/le-numero-2-de-180c-arrive-le-10
https://lacuisinedebernard.com/mes-recettes-foodizbox-doctobre-2,https://staging.lacuisinedebernard.com/mes-recettes-foodizbox-doctobre-2
https://lacuisinedebernard.com/mes-recettes-foodizbox-doctobre-2/,https://staging.lacuisinedebernard.com/mes-recettes-foodizbox-doctobre-2
https://www.lacuisinedebernard.com/mes-recettes-foodizbox-doctobre-2,https://staging.lacuisinedebernard.com/mes-recettes-foodizbox-doctobre-2
https://www.lacuisinedebernard.com/mes-recettes-foodizbox-doctobre-2/,https://staging.lacuisinedebernard.com/mes-recettes-foodizbox-doctobre-2
https://lacuisinedebernard.com/le-gateau-au-miel-et-aux-noix,https://staging.lacuisinedebernard.com/le-gateau-au-miel-et-aux-noix
https://lacuisinedebernard.com/le-gateau-au-miel-et-aux-noix/,https://staging.lacuisinedebernard.com/le-gateau-au-miel-et-aux-noix
https://www.lacuisinedebernard.com/le-gateau-au-miel-et-aux-noix,https://staging.lacuisinedebernard.com/le-gateau-au-miel-et-aux-noix
https://www.lacuisinedebernard.com/le-gateau-au-miel-et-aux-noix/,https://staging.lacuisinedebernard.com/le-gateau-au-miel-et-aux-noix
https://lacuisinedebernard.com/lultra-fondant-au-chocolat-et-creme-de,https://staging.lacuisinedebernard.com/lultra-fondant-au-chocolat-et-creme-de
https://lacuisinedebernard.com/lultra-fondant-au-chocolat-et-creme-de/,https://staging.lacuisinedebernard.com/lultra-fondant-au-chocolat-et-creme-de
https://www.lacuisinedebernard.com/lultra-fondant-au-chocolat-et-creme-de,https://staging.lacuisinedebernard.com/lultra-fondant-au-chocolat-et-creme-de
https://www.lacuisinedebernard.com/lultra-fondant-au-chocolat-et-creme-de/,https://staging.lacuisinedebernard.com/lultra-fondant-au-chocolat-et-creme-de
https://lacuisinedebernard.com/le-poulet-yassa-de-mamy-coco,https://staging.lacuisinedebernard.com/le-poulet-yassa-de-mamy-coco
https://lacuisinedebernard.com/le-poulet-yassa-de-mamy-coco/,https://staging.lacuisinedebernard.com/le-poulet-yassa-de-mamy-coco
https://www.lacuisinedebernard.com/le-poulet-yassa-de-mamy-coco,https://staging.lacuisinedebernard.com/le-poulet-yassa-de-mamy-coco
https://www.lacuisinedebernard.com/le-poulet-yassa-de-mamy-coco/,https://staging.lacuisinedebernard.com/le-poulet-yassa-de-mamy-coco
https://lacuisinedebernard.com/les-caneles-bordelais,https://staging.lacuisinedebernard.com/les-caneles-bordelais
https://lacuisinedebernard.com/les-caneles-bordelais/,https://staging.lacuisinedebernard.com/les-caneles-bordelais
https://www.lacuisinedebernard.com/les-caneles-bordelais,https://staging.lacuisinedebernard.com/les-caneles-bordelais
https://www.lacuisinedebernard.com/les-caneles-bordelais/,https://staging.lacuisinedebernard.com/les-caneles-bordelais
https://lacuisinedebernard.com/les-toucans-aux-noisettes,https://staging.lacuisinedebernard.com/les-toucans-aux-noisettes
https://lacuisinedebernard.com/les-toucans-aux-noisettes/,https://staging.lacuisinedebernard.com/les-toucans-aux-noisettes
https://www.lacuisinedebernard.com/les-toucans-aux-noisettes,https://staging.lacuisinedebernard.com/les-toucans-aux-noisettes
https://www.lacuisinedebernard.com/les-toucans-aux-noisettes/,https://staging.lacuisinedebernard.com/les-toucans-aux-noisettes
https://lacuisinedebernard.com/le-lapin-aux-pruneaux,https://staging.lacuisinedebernard.com/le-lapin-aux-pruneaux
https://lacuisinedebernard.com/le-lapin-aux-pruneaux/,https://staging.lacuisinedebernard.com/le-lapin-aux-pruneaux
https://www.lacuisinedebernard.com/le-lapin-aux-pruneaux,https://staging.lacuisinedebernard.com/le-lapin-aux-pruneaux
https://www.lacuisinedebernard.com/le-lapin-aux-pruneaux/,https://staging.lacuisinedebernard.com/le-lapin-aux-pruneaux
https://lacuisinedebernard.com/mes-recettes-foodizbox-de-novembre,https://staging.lacuisinedebernard.com/mes-recettes-foodizbox-de-novembre
https://lacuisinedebernard.com/mes-recettes-foodizbox-de-novembre/,https://staging.lacuisinedebernard.com/mes-recettes-foodizbox-de-novembre
https://www.lacuisinedebernard.com/mes-recettes-foodizbox-de-novembre,https://staging.lacuisinedebernard.com/mes-recettes-foodizbox-de-novembre
https://www.lacuisinedebernard.com/mes-recettes-foodizbox-de-novembre/,https://staging.lacuisinedebernard.com/mes-recettes-foodizbox-de-novembre
https://lacuisinedebernard.com/les-macarons-aux-framboises,https://staging.lacuisinedebernard.com/les-macarons-aux-framboises
https://lacuisinedebernard.com/les-macarons-aux-framboises/,https://staging.lacuisinedebernard.com/les-macarons-aux-framboises
https://www.lacuisinedebernard.com/les-macarons-aux-framboises,https://staging.lacuisinedebernard.com/les-macarons-aux-framboises
https://www.lacuisinedebernard.com/les-macarons-aux-framboises/,https://staging.lacuisinedebernard.com/les-macarons-aux-framboises
https://lacuisinedebernard.com/les-tac-tac-au-miel-et-au-sesame,https://staging.lacuisinedebernard.com/les-tac-tac-au-miel-et-au-sesame
https://lacuisinedebernard.com/les-tac-tac-au-miel-et-au-sesame/,https://staging.lacuisinedebernard.com/les-tac-tac-au-miel-et-au-sesame
https://www.lacuisinedebernard.com/les-tac-tac-au-miel-et-au-sesame,https://staging.lacuisinedebernard.com/les-tac-tac-au-miel-et-au-sesame
https://www.lacuisinedebernard.com/les-tac-tac-au-miel-et-au-sesame/,https://staging.lacuisinedebernard.com/les-tac-tac-au-miel-et-au-sesame
https://lacuisinedebernard.com/la-buche-cafe-noisettes-chocola,https://staging.lacuisinedebernard.com/la-buche-cafe-noisettes-chocola
https://lacuisinedebernard.com/la-buche-cafe-noisettes-chocola/,https://staging.lacuisinedebernard.com/la-buche-cafe-noisettes-chocola
https://www.lacuisinedebernard.com/la-buche-cafe-noisettes-chocola,https://staging.lacuisinedebernard.com/la-buche-cafe-noisettes-chocola
https://www.lacuisinedebernard.com/la-buche-cafe-noisettes-chocola/,https://staging.lacuisinedebernard.com/la-buche-cafe-noisettes-chocola
https://lacuisinedebernard.com/les-pastelles-au-buf-de-mamy-coco,https://staging.lacuisinedebernard.com/les-pastelles-au-buf-de-mamy-coco
https://lacuisinedebernard.com/les-pastelles-au-buf-de-mamy-coco/,https://staging.lacuisinedebernard.com/les-pastelles-au-buf-de-mamy-coco
https://www.lacuisinedebernard.com/les-pastelles-au-buf-de-mamy-coco,https://staging.lacuisinedebernard.com/les-pastelles-au-buf-de-mamy-coco
https://www.lacuisinedebernard.com/les-pastelles-au-buf-de-mamy-coco/,https://staging.lacuisinedebernard.com/les-pastelles-au-buf-de-mamy-coco
https://lacuisinedebernard.com/la-linzertorte,https://staging.lacuisinedebernard.com/la-linzertorte
https://lacuisinedebernard.com/la-linzertorte/,https://staging.lacuisinedebernard.com/la-linzertorte
https://www.lacuisinedebernard.com/la-linzertorte,https://staging.lacuisinedebernard.com/la-linzertorte
https://www.lacuisinedebernard.com/la-linzertorte/,https://staging.lacuisinedebernard.com/la-linzertorte
https://lacuisinedebernard.com/le-chapon-aux-marrons,https://staging.lacuisinedebernard.com/le-chapon-aux-marrons
https://lacuisinedebernard.com/le-chapon-aux-marrons/,https://staging.lacuisinedebernard.com/le-chapon-aux-marrons
https://www.lacuisinedebernard.com/le-chapon-aux-marrons,https://staging.lacuisinedebernard.com/le-chapon-aux-marrons
https://www.lacuisinedebernard.com/le-chapon-aux-marrons/,https://staging.lacuisinedebernard.com/le-chapon-aux-marrons
https://lacuisinedebernard.com/la-tarte-epina,https://staging.lacuisinedebernard.com/la-tarte-epina
https://lacuisinedebernard.com/la-tarte-epina/,https://staging.lacuisinedebernard.com/la-tarte-epina
https://www.lacuisinedebernard.com/la-tarte-epina,https://staging.lacuisinedebernard.com/la-tarte-epina
https://www.lacuisinedebernard.com/la-tarte-epina/,https://staging.lacuisinedebernard.com/la-tarte-epina
https://lacuisinedebernard.com/mes-dernieres-recettes-pour-foodizbox,https://staging.lacuisinedebernard.com/mes-dernieres-recettes-pour-foodizbox
https://lacuisinedebernard.com/mes-dernieres-recettes-pour-foodizbox/,https://staging.lacuisinedebernard.com/mes-dernieres-recettes-pour-foodizbox
https://www.lacuisinedebernard.com/mes-dernieres-recettes-pour-foodizbox,https://staging.lacuisinedebernard.com/mes-dernieres-recettes-pour-foodizbox
https://www.lacuisinedebernard.com/mes-dernieres-recettes-pour-foodizbox/,https://staging.lacuisinedebernard.com/mes-dernieres-recettes-pour-foodizbox
https://lacuisinedebernard.com/la-tanjia-jarrets-de-veau-lail-cumin-e,https://staging.lacuisinedebernard.com/la-tanjia-jarrets-de-veau-lail-cumin-e
https://lacuisinedebernard.com/la-tanjia-jarrets-de-veau-lail-cumin-e/,https://staging.lacuisinedebernard.com/la-tanjia-jarrets-de-veau-lail-cumin-e
https://www.lacuisinedebernard.com/la-tanjia-jarrets-de-veau-lail-cumin-e,https://staging.lacuisinedebernard.com/la-tanjia-jarrets-de-veau-lail-cumin-e
https://www.lacuisinedebernard.com/la-tanjia-jarrets-de-veau-lail-cumin-e/,https://staging.lacuisinedebernard.com/la-tanjia-jarrets-de-veau-lail-cumin-e
https://lacuisinedebernard.com/les-boulettes-aux-amandes-et-pignons-de,https://staging.lacuisinedebernard.com/les-boulettes-aux-amandes-et-pignons-de
https://lacuisinedebernard.com/les-boulettes-aux-amandes-et-pignons-de/,https://staging.lacuisinedebernard.com/les-boulettes-aux-amandes-et-pignons-de
https://www.lacuisinedebernard.com/les-boulettes-aux-amandes-et-pignons-de,https://staging.lacuisinedebernard.com/les-boulettes-aux-amandes-et-pignons-de
https://www.lacuisinedebernard.com/les-boulettes-aux-amandes-et-pignons-de/,https://staging.lacuisinedebernard.com/les-boulettes-aux-amandes-et-pignons-de
https://lacuisinedebernard.com/mes-voyages-culinaires-barcelone,https://staging.lacuisinedebernard.com/mes-voyages-culinaires-barcelone
https://lacuisinedebernard.com/mes-voyages-culinaires-barcelone/,https://staging.lacuisinedebernard.com/mes-voyages-culinaires-barcelone
https://www.lacuisinedebernard.com/mes-voyages-culinaires-barcelone,https://staging.lacuisinedebernard.com/mes-voyages-culinaires-barcelone
https://www.lacuisinedebernard.com/mes-voyages-culinaires-barcelone/,https://staging.lacuisinedebernard.com/mes-voyages-culinaires-barcelone
https://lacuisinedebernard.com/le-turron-78-damandes,https://staging.lacuisinedebernard.com/le-turron-78-damandes
https://lacuisinedebernard.com/le-turron-78-damandes/,https://staging.lacuisinedebernard.com/le-turron-78-damandes
https://www.lacuisinedebernard.com/le-turron-78-damandes,https://staging.lacuisinedebernard.com/le-turron-78-damandes
https://www.lacuisinedebernard.com/le-turron-78-damandes/,https://staging.lacuisinedebernard.com/le-turron-78-damandes
https://lacuisinedebernard.com/creme-catalane,https://staging.lacuisinedebernard.com/creme-catalane
https://lacuisinedebernard.com/creme-catalane/,https://staging.lacuisinedebernard.com/creme-catalane
https://www.lacuisinedebernard.com/creme-catalane,https://staging.lacuisinedebernard.com/creme-catalane
https://www.lacuisinedebernard.com/creme-catalane/,https://staging.lacuisinedebernard.com/creme-catalane
https://lacuisinedebernard.com/le-pho,https://staging.lacuisinedebernard.com/le-pho
https://lacuisinedebernard.com/le-pho/,https://staging.lacuisinedebernard.com/le-pho
https://www.lacuisinedebernard.com/le-pho,https://staging.lacuisinedebernard.com/le-pho
https://www.lacuisinedebernard.com/le-pho/,https://staging.lacuisinedebernard.com/le-pho
https://lacuisinedebernard.com/les-biscuits-anzac,https://staging.lacuisinedebernard.com/les-biscuits-anzac
https://lacuisinedebernard.com/les-biscuits-anzac/,https://staging.lacuisinedebernard.com/les-biscuits-anzac
https://www.lacuisinedebernard.com/les-biscuits-anzac,https://staging.lacuisinedebernard.com/les-biscuits-anzac
https://www.lacuisinedebernard.com/les-biscuits-anzac/,https://staging.lacuisinedebernard.com/les-biscuits-anzac
https://lacuisinedebernard.com/les-cocochocolove-cookies,https://staging.lacuisinedebernard.com/les-cocochocolove-cookies
https://lacuisinedebernard.com/les-cocochocolove-cookies/,https://staging.lacuisinedebernard.com/les-cocochocolove-cookies
https://www.lacuisinedebernard.com/les-cocochocolove-cookies,https://staging.lacuisinedebernard.com/les-cocochocolove-cookies
https://www.lacuisinedebernard.com/les-cocochocolove-cookies/,https://staging.lacuisinedebernard.com/les-cocochocolove-cookies
https://lacuisinedebernard.com/le-cake-ultra-pistache,https://staging.lacuisinedebernard.com/le-cake-ultra-pistache
https://lacuisinedebernard.com/le-cake-ultra-pistache/,https://staging.lacuisinedebernard.com/le-cake-ultra-pistache
https://www.lacuisinedebernard.com/le-cake-ultra-pistache,https://staging.lacuisinedebernard.com/le-cake-ultra-pistache
https://www.lacuisinedebernard.com/le-cake-ultra-pistache/,https://staging.lacuisinedebernard.com/le-cake-ultra-pistache
https://lacuisinedebernard.com/le-veloute-de-carottes-aux-epices-douces,https://staging.lacuisinedebernard.com/le-veloute-de-carottes-aux-epices-douces
https://lacuisinedebernard.com/le-veloute-de-carottes-aux-epices-douces/,https://staging.lacuisinedebernard.com/le-veloute-de-carottes-aux-epices-douces
https://www.lacuisinedebernard.com/le-veloute-de-carottes-aux-epices-douces,https://staging.lacuisinedebernard.com/le-veloute-de-carottes-aux-epices-douces
https://www.lacuisinedebernard.com/le-veloute-de-carottes-aux-epices-douces/,https://staging.lacuisinedebernard.com/le-veloute-de-carottes-aux-epices-douces
https://lacuisinedebernard.com/la-pralinoise,https://staging.lacuisinedebernard.com/la-pralinoise
https://lacuisinedebernard.com/la-pralinoise/,https://staging.lacuisinedebernard.com/la-pralinoise
https://www.lacuisinedebernard.com/la-pralinoise,https://staging.lacuisinedebernard.com/la-pralinoise
https://www.lacuisinedebernard.com/la-pralinoise/,https://staging.lacuisinedebernard.com/la-pralinoise
https://lacuisinedebernard.com/les-macarons-damiens,https://staging.lacuisinedebernard.com/les-macarons-damiens
https://lacuisinedebernard.com/les-macarons-damiens/,https://staging.lacuisinedebernard.com/les-macarons-damiens
https://www.lacuisinedebernard.com/les-macarons-damiens,https://staging.lacuisinedebernard.com/les-macarons-damiens
https://www.lacuisinedebernard.com/les-macarons-damiens/,https://staging.lacuisinedebernard.com/les-macarons-damiens
https://lacuisinedebernard.com/les-navets-glaces-au-sucre,https://staging.lacuisinedebernard.com/les-navets-glaces-au-sucre
https://lacuisinedebernard.com/les-navets-glaces-au-sucre/,https://staging.lacuisinedebernard.com/les-navets-glaces-au-sucre
https://www.lacuisinedebernard.com/les-navets-glaces-au-sucre,https://staging.lacuisinedebernard.com/les-navets-glaces-au-sucre
https://www.lacuisinedebernard.com/les-navets-glaces-au-sucre/,https://staging.lacuisinedebernard.com/les-navets-glaces-au-sucre
https://lacuisinedebernard.com/mes-voyages-culinaires-ho-chi-min,https://staging.lacuisinedebernard.com/mes-voyages-culinaires-ho-chi-min
https://lacuisinedebernard.com/mes-voyages-culinaires-ho-chi-min/,https://staging.lacuisinedebernard.com/mes-voyages-culinaires-ho-chi-min
https://www.lacuisinedebernard.com/mes-voyages-culinaires-ho-chi-min,https://staging.lacuisinedebernard.com/mes-voyages-culinaires-ho-chi-min
https://www.lacuisinedebernard.com/mes-voyages-culinaires-ho-chi-min/,https://staging.lacuisinedebernard.com/mes-voyages-culinaires-ho-chi-min
https://lacuisinedebernard.com/les-sables-la-farine-de-kinako,https://staging.lacuisinedebernard.com/les-sables-la-farine-de-kinako
https://lacuisinedebernard.com/les-sables-la-farine-de-kinako/,https://staging.lacuisinedebernard.com/les-sables-la-farine-de-kinako
https://www.lacuisinedebernard.com/les-sables-la-farine-de-kinako,https://staging.lacuisinedebernard.com/les-sables-la-farine-de-kinako
https://www.lacuisinedebernard.com/les-sables-la-farine-de-kinako/,https://staging.lacuisinedebernard.com/les-sables-la-farine-de-kinako
https://lacuisinedebernard.com/les-pates-pistaches-et-creme-de-basilic,https://staging.lacuisinedebernard.com/les-pates-pistaches-et-creme-de-basilic
https://lacuisinedebernard.com/les-pates-pistaches-et-creme-de-basilic/,https://staging.lacuisinedebernard.com/les-pates-pistaches-et-creme-de-basilic
https://www.lacuisinedebernard.com/les-pates-pistaches-et-creme-de-basilic,https://staging.lacuisinedebernard.com/les-pates-pistaches-et-creme-de-basilic
https://www.lacuisinedebernard.com/les-pates-pistaches-et-creme-de-basilic/,https://staging.lacuisinedebernard.com/les-pates-pistaches-et-creme-de-basilic
https://lacuisinedebernard.com/les-beijos-de-mulata,https://staging.lacuisinedebernard.com/les-beijos-de-mulata
https://lacuisinedebernard.com/les-beijos-de-mulata/,https://staging.lacuisinedebernard.com/les-beijos-de-mulata
https://www.lacuisinedebernard.com/les-beijos-de-mulata,https://staging.lacuisinedebernard.com/les-beijos-de-mulata
https://www.lacuisinedebernard.com/les-beijos-de-mulata/,https://staging.lacuisinedebernard.com/les-beijos-de-mulata
https://lacuisinedebernard.com/le-birchermuesli,https://staging.lacuisinedebernard.com/le-birchermuesli
https://lacuisinedebernard.com/le-birchermuesli/,https://staging.lacuisinedebernard.com/le-birchermuesli
https://www.lacuisinedebernard.com/le-birchermuesli,https://staging.lacuisinedebernard.com/le-birchermuesli
https://www.lacuisinedebernard.com/le-birchermuesli/,https://staging.lacuisinedebernard.com/le-birchermuesli
https://lacuisinedebernard.com/le-ragu-bolognese,https://staging.lacuisinedebernard.com/le-ragu-bolognese
https://lacuisinedebernard.com/le-ragu-bolognese/,https://staging.lacuisinedebernard.com/le-ragu-bolognese
https://www.lacuisinedebernard.com/le-ragu-bolognese,https://staging.lacuisinedebernard.com/le-ragu-bolognese
https://www.lacuisinedebernard.com/le-ragu-bolognese/,https://staging.lacuisinedebernard.com/le-ragu-bolognese
https://lacuisinedebernard.com/salade-de-couscous-geant-aux,https://staging.lacuisinedebernard.com/salade-de-couscous-geant-aux
https://lacuisinedebernard.com/salade-de-couscous-geant-aux/,https://staging.lacuisinedebernard.com/salade-de-couscous-geant-aux
https://www.lacuisinedebernard.com/salade-de-couscous-geant-aux,https://staging.lacuisinedebernard.com/salade-de-couscous-geant-aux
https://www.lacuisinedebernard.com/salade-de-couscous-geant-aux/,https://staging.lacuisinedebernard.com/salade-de-couscous-geant-aux
https://lacuisinedebernard.com/les-peanut-butter-squares,https://staging.lacuisinedebernard.com/les-peanut-butter-squares
https://lacuisinedebernard.com/les-peanut-butter-squares/,https://staging.lacuisinedebernard.com/les-peanut-butter-squares
https://www.lacuisinedebernard.com/les-peanut-butter-squares,https://staging.lacuisinedebernard.com/les-peanut-butter-squares
https://www.lacuisinedebernard.com/les-peanut-butter-squares/,https://staging.lacuisinedebernard.com/les-peanut-butter-squares
https://lacuisinedebernard.com/le-gateau-banane-avoine-beurre-de,https://staging.lacuisinedebernard.com/le-gateau-banane-avoine-beurre-de
https://lacuisinedebernard.com/le-gateau-banane-avoine-beurre-de/,https://staging.lacuisinedebernard.com/le-gateau-banane-avoine-beurre-de
https://www.lacuisinedebernard.com/le-gateau-banane-avoine-beurre-de,https://staging.lacuisinedebernard.com/le-gateau-banane-avoine-beurre-de
https://www.lacuisinedebernard.com/le-gateau-banane-avoine-beurre-de/,https://staging.lacuisinedebernard.com/le-gateau-banane-avoine-beurre-de
https://lacuisinedebernard.com/granola-magique,https://staging.lacuisinedebernard.com/granola-magique
https://lacuisinedebernard.com/granola-magique/,https://staging.lacuisinedebernard.com/granola-magique
https://www.lacuisinedebernard.com/granola-magique,https://staging.lacuisinedebernard.com/granola-magique
https://www.lacuisinedebernard.com/granola-magique/,https://staging.lacuisinedebernard.com/granola-magique
https://lacuisinedebernard.com/le-journal-de-13h-delise-lucet-du-jeudi,https://staging.lacuisinedebernard.com/le-journal-de-13h-delise-lucet-du-jeudi
https://lacuisinedebernard.com/le-journal-de-13h-delise-lucet-du-jeudi/,https://staging.lacuisinedebernard.com/le-journal-de-13h-delise-lucet-du-jeudi
https://www.lacuisinedebernard.com/le-journal-de-13h-delise-lucet-du-jeudi,https://staging.lacuisinedebernard.com/le-journal-de-13h-delise-lucet-du-jeudi
https://www.lacuisinedebernard.com/le-journal-de-13h-delise-lucet-du-jeudi/,https://staging.lacuisinedebernard.com/le-journal-de-13h-delise-lucet-du-jeudi
https://lacuisinedebernard.com/le-pain-essene,https://staging.lacuisinedebernard.com/le-pain-essene
https://lacuisinedebernard.com/le-pain-essene/,https://staging.lacuisinedebernard.com/le-pain-essene
https://www.lacuisinedebernard.com/le-pain-essene,https://staging.lacuisinedebernard.com/le-pain-essene
https://www.lacuisinedebernard.com/le-pain-essene/,https://staging.lacuisinedebernard.com/le-pain-essene
https://lacuisinedebernard.com/le-curry-panang-au-porc-litchis-e,https://staging.lacuisinedebernard.com/le-curry-panang-au-porc-litchis-e
https://lacuisinedebernard.com/le-curry-panang-au-porc-litchis-e/,https://staging.lacuisinedebernard.com/le-curry-panang-au-porc-litchis-e
https://www.lacuisinedebernard.com/le-curry-panang-au-porc-litchis-e,https://staging.lacuisinedebernard.com/le-curry-panang-au-porc-litchis-e
https://www.lacuisinedebernard.com/le-curry-panang-au-porc-litchis-e/,https://staging.lacuisinedebernard.com/le-curry-panang-au-porc-litchis-e
https://lacuisinedebernard.com/le-pudding-de-tapioca-au-fraises-et-au,https://staging.lacuisinedebernard.com/le-pudding-de-tapioca-au-fraises-et-au
https://lacuisinedebernard.com/le-pudding-de-tapioca-au-fraises-et-au/,https://staging.lacuisinedebernard.com/le-pudding-de-tapioca-au-fraises-et-au
https://www.lacuisinedebernard.com/le-pudding-de-tapioca-au-fraises-et-au,https://staging.lacuisinedebernard.com/le-pudding-de-tapioca-au-fraises-et-au
https://www.lacuisinedebernard.com/le-pudding-de-tapioca-au-fraises-et-au/,https://staging.lacuisinedebernard.com/le-pudding-de-tapioca-au-fraises-et-au
https://lacuisinedebernard.com/les-bouchees-tartelettes-aux-framboises,https://staging.lacuisinedebernard.com/les-bouchees-tartelettes-aux-framboises
https://lacuisinedebernard.com/les-bouchees-tartelettes-aux-framboises/,https://staging.lacuisinedebernard.com/les-bouchees-tartelettes-aux-framboises
https://www.lacuisinedebernard.com/les-bouchees-tartelettes-aux-framboises,https://staging.lacuisinedebernard.com/les-bouchees-tartelettes-aux-framboises
https://www.lacuisinedebernard.com/les-bouchees-tartelettes-aux-framboises/,https://staging.lacuisinedebernard.com/les-bouchees-tartelettes-aux-framboises
https://lacuisinedebernard.com/le-tamagoyaki-omelette-japonaise,https://staging.lacuisinedebernard.com/le-tamagoyaki-omelette-japonaise
https://lacuisinedebernard.com/le-tamagoyaki-omelette-japonaise/,https://staging.lacuisinedebernard.com/le-tamagoyaki-omelette-japonaise
https://www.lacuisinedebernard.com/le-tamagoyaki-omelette-japonaise,https://staging.lacuisinedebernard.com/le-tamagoyaki-omelette-japonaise
https://www.lacuisinedebernard.com/le-tamagoyaki-omelette-japonaise/,https://staging.lacuisinedebernard.com/le-tamagoyaki-omelette-japonaise
https://lacuisinedebernard.com/les-choux-noisettes-et-creme-caramel-au,https://staging.lacuisinedebernard.com/les-choux-noisettes-et-creme-caramel-au
https://lacuisinedebernard.com/les-choux-noisettes-et-creme-caramel-au/,https://staging.lacuisinedebernard.com/les-choux-noisettes-et-creme-caramel-au
https://www.lacuisinedebernard.com/les-choux-noisettes-et-creme-caramel-au,https://staging.lacuisinedebernard.com/les-choux-noisettes-et-creme-caramel-au
https://www.lacuisinedebernard.com/les-choux-noisettes-et-creme-caramel-au/,https://staging.lacuisinedebernard.com/les-choux-noisettes-et-creme-caramel-au
https://lacuisinedebernard.com/le-gaspacho-menthe-avoca,https://staging.lacuisinedebernard.com/le-gaspacho-menthe-avoca
https://lacuisinedebernard.com/le-gaspacho-menthe-avoca/,https://staging.lacuisinedebernard.com/le-gaspacho-menthe-avoca
https://www.lacuisinedebernard.com/le-gaspacho-menthe-avoca,https://staging.lacuisinedebernard.com/le-gaspacho-menthe-avoca
https://www.lacuisinedebernard.com/le-gaspacho-menthe-avoca/,https://staging.lacuisinedebernard.com/le-gaspacho-menthe-avoca
https://lacuisinedebernard.com/gateau-leger,https://staging.lacuisinedebernard.com/gateau-leger
https://lacuisinedebernard.com/gateau-leger/,https://staging.lacuisinedebernard.com/gateau-leger
https://www.lacuisinedebernard.com/gateau-leger,https://staging.lacuisinedebernard.com/gateau-leger
https://www.lacuisinedebernard.com/gateau-leger/,https://staging.lacuisinedebernard.com/gateau-leger
https://lacuisinedebernard.com/la-terrine-de-saumon,https://staging.lacuisinedebernard.com/la-terrine-de-saumon
https://lacuisinedebernard.com/la-terrine-de-saumon/,https://staging.lacuisinedebernard.com/la-terrine-de-saumon
https://www.lacuisinedebernard.com/la-terrine-de-saumon,https://staging.lacuisinedebernard.com/la-terrine-de-saumon
https://www.lacuisinedebernard.com/la-terrine-de-saumon/,https://staging.lacuisinedebernard.com/la-terrine-de-saumon
https://lacuisinedebernard.com/les-sables-100-pistache,https://staging.lacuisinedebernard.com/les-sables-100-pistache
https://lacuisinedebernard.com/les-sables-100-pistache/,https://staging.lacuisinedebernard.com/les-sables-100-pistache
https://www.lacuisinedebernard.com/les-sables-100-pistache,https://staging.lacuisinedebernard.com/les-sables-100-pistache
https://www.lacuisinedebernard.com/les-sables-100-pistache/,https://staging.lacuisinedebernard.com/les-sables-100-pistache
https://lacuisinedebernard.com/mes-voyages-culinaires-munich-wurs,https://staging.lacuisinedebernard.com/mes-voyages-culinaires-munich-wurs
https://lacuisinedebernard.com/mes-voyages-culinaires-munich-wurs/,https://staging.lacuisinedebernard.com/mes-voyages-culinaires-munich-wurs
https://www.lacuisinedebernard.com/mes-voyages-culinaires-munich-wurs,https://staging.lacuisinedebernard.com/mes-voyages-culinaires-munich-wurs
https://www.lacuisinedebernard.com/mes-voyages-culinaires-munich-wurs/,https://staging.lacuisinedebernard.com/mes-voyages-culinaires-munich-wurs
https://lacuisinedebernard.com/la-pizza-blanche-version-pate-sur,https://staging.lacuisinedebernard.com/la-pizza-blanche-version-pate-sur
https://lacuisinedebernard.com/la-pizza-blanche-version-pate-sur/,https://staging.lacuisinedebernard.com/la-pizza-blanche-version-pate-sur
https://www.lacuisinedebernard.com/la-pizza-blanche-version-pate-sur,https://staging.lacuisinedebernard.com/la-pizza-blanche-version-pate-sur
https://www.lacuisinedebernard.com/la-pizza-blanche-version-pate-sur/,https://staging.lacuisinedebernard.com/la-pizza-blanche-version-pate-sur
https://lacuisinedebernard.com/la-tarte-aux-mirabelles,https://staging.lacuisinedebernard.com/la-tarte-aux-mirabelles
https://lacuisinedebernard.com/la-tarte-aux-mirabelles/,https://staging.lacuisinedebernard.com/la-tarte-aux-mirabelles
https://www.lacuisinedebernard.com/la-tarte-aux-mirabelles,https://staging.lacuisinedebernard.com/la-tarte-aux-mirabelles
https://www.lacuisinedebernard.com/la-tarte-aux-mirabelles/,https://staging.lacuisinedebernard.com/la-tarte-aux-mirabelles
https://lacuisinedebernard.com/apres-mon-kouign-aman-et-les,https://staging.lacuisinedebernard.com/apres-mon-kouign-aman-et-les
https://lacuisinedebernard.com/apres-mon-kouign-aman-et-les/,https://staging.lacuisinedebernard.com/apres-mon-kouign-aman-et-les
https://www.lacuisinedebernard.com/apres-mon-kouign-aman-et-les,https://staging.lacuisinedebernard.com/apres-mon-kouign-aman-et-les
https://www.lacuisinedebernard.com/apres-mon-kouign-aman-et-les/,https://staging.lacuisinedebernard.com/apres-mon-kouign-aman-et-les
https://lacuisinedebernard.com/le-baigan-massala,https://staging.lacuisinedebernard.com/le-baigan-massala
https://lacuisinedebernard.com/le-baigan-massala/,https://staging.lacuisinedebernard.com/le-baigan-massala
https://www.lacuisinedebernard.com/le-baigan-massala,https://staging.lacuisinedebernard.com/le-baigan-massala
https://www.lacuisinedebernard.com/le-baigan-massala/,https://staging.lacuisinedebernard.com/le-baigan-massala
https://lacuisinedebernard.com/le-gateau-aerien-aux-fraises,https://staging.lacuisinedebernard.com/le-gateau-aerien-aux-fraises
https://lacuisinedebernard.com/le-gateau-aerien-aux-fraises/,https://staging.lacuisinedebernard.com/le-gateau-aerien-aux-fraises
https://www.lacuisinedebernard.com/le-gateau-aerien-aux-fraises,https://staging.lacuisinedebernard.com/le-gateau-aerien-aux-fraises
https://www.lacuisinedebernard.com/le-gateau-aerien-aux-fraises/,https://staging.lacuisinedebernard.com/le-gateau-aerien-aux-fraises
https://lacuisinedebernard.com/les-sables-avoine-et-graines-de-lin,https://staging.lacuisinedebernard.com/les-sables-avoine-et-graines-de-lin
https://lacuisinedebernard.com/les-sables-avoine-et-graines-de-lin/,https://staging.lacuisinedebernard.com/les-sables-avoine-et-graines-de-lin
https://www.lacuisinedebernard.com/les-sables-avoine-et-graines-de-lin,https://staging.lacuisinedebernard.com/les-sables-avoine-et-graines-de-lin
https://www.lacuisinedebernard.com/les-sables-avoine-et-graines-de-lin/,https://staging.lacuisinedebernard.com/les-sables-avoine-et-graines-de-lin
https://lacuisinedebernard.com/les-rice-krispies-treats,https://staging.lacuisinedebernard.com/les-rice-krispies-treats
https://lacuisinedebernard.com/les-rice-krispies-treats/,https://staging.lacuisinedebernard.com/les-rice-krispies-treats
https://www.lacuisinedebernard.com/les-rice-krispies-treats,https://staging.lacuisinedebernard.com/les-rice-krispies-treats
https://www.lacuisinedebernard.com/les-rice-krispies-treats/,https://staging.lacuisinedebernard.com/les-rice-krispies-treats
https://lacuisinedebernard.com/les-serpentins-feuilletes-aux-amandes,https://staging.lacuisinedebernard.com/les-serpentins-feuilletes-aux-amandes
https://lacuisinedebernard.com/les-serpentins-feuilletes-aux-amandes/,https://staging.lacuisinedebernard.com/les-serpentins-feuilletes-aux-amandes
https://www.lacuisinedebernard.com/les-serpentins-feuilletes-aux-amandes,https://staging.lacuisinedebernard.com/les-serpentins-feuilletes-aux-amandes
https://www.lacuisinedebernard.com/les-serpentins-feuilletes-aux-amandes/,https://staging.lacuisinedebernard.com/les-serpentins-feuilletes-aux-amandes
https://lacuisinedebernard.com/lexplosif,https://staging.lacuisinedebernard.com/lexplosif
https://lacuisinedebernard.com/lexplosif/,https://staging.lacuisinedebernard.com/lexplosif
https://www.lacuisinedebernard.com/lexplosif,https://staging.lacuisinedebernard.com/lexplosif
https://www.lacuisinedebernard.com/lexplosif/,https://staging.lacuisinedebernard.com/lexplosif
https://lacuisinedebernard.com/le-veloute-de-chataignes,https://staging.lacuisinedebernard.com/le-veloute-de-chataignes
https://lacuisinedebernard.com/le-veloute-de-chataignes/,https://staging.lacuisinedebernard.com/le-veloute-de-chataignes
https://www.lacuisinedebernard.com/le-veloute-de-chataignes,https://staging.lacuisinedebernard.com/le-veloute-de-chataignes
https://www.lacuisinedebernard.com/le-veloute-de-chataignes/,https://staging.lacuisinedebernard.com/le-veloute-de-chataignes
https://lacuisinedebernard.com/la-blanquette-de-veau,https://staging.lacuisinedebernard.com/la-blanquette-de-veau
https://lacuisinedebernard.com/la-blanquette-de-veau/,https://staging.lacuisinedebernard.com/la-blanquette-de-veau
https://www.lacuisinedebernard.com/la-blanquette-de-veau,https://staging.lacuisinedebernard.com/la-blanquette-de-veau
https://www.lacuisinedebernard.com/la-blanquette-de-veau/,https://staging.lacuisinedebernard.com/la-blanquette-de-veau
https://lacuisinedebernard.com/le-fondant-noisettes-et-miel-sans-farine,https://staging.lacuisinedebernard.com/le-fondant-noisettes-et-miel-sans-farine
https://lacuisinedebernard.com/le-fondant-noisettes-et-miel-sans-farine/,https://staging.lacuisinedebernard.com/le-fondant-noisettes-et-miel-sans-farine
https://www.lacuisinedebernard.com/le-fondant-noisettes-et-miel-sans-farine,https://staging.lacuisinedebernard.com/le-fondant-noisettes-et-miel-sans-farine
https://www.lacuisinedebernard.com/le-fondant-noisettes-et-miel-sans-farine/,https://staging.lacuisinedebernard.com/le-fondant-noisettes-et-miel-sans-farine
https://lacuisinedebernard.com/les-caramelita-bars,https://staging.lacuisinedebernard.com/les-caramelita-bars
https://lacuisinedebernard.com/les-caramelita-bars/,https://staging.lacuisinedebernard.com/les-caramelita-bars
https://www.lacuisinedebernard.com/les-caramelita-bars,https://staging.lacuisinedebernard.com/les-caramelita-bars
https://www.lacuisinedebernard.com/les-caramelita-bars/,https://staging.lacuisinedebernard.com/les-caramelita-bars
https://lacuisinedebernard.com/la-courge-spaghetti-rotie,https://staging.lacuisinedebernard.com/la-courge-spaghetti-rotie
https://lacuisinedebernard.com/la-courge-spaghetti-rotie/,https://staging.lacuisinedebernard.com/la-courge-spaghetti-rotie
https://www.lacuisinedebernard.com/la-courge-spaghetti-rotie,https://staging.lacuisinedebernard.com/la-courge-spaghetti-rotie
https://www.lacuisinedebernard.com/la-courge-spaghetti-rotie/,https://staging.lacuisinedebernard.com/la-courge-spaghetti-rotie
https://lacuisinedebernard.com/gateaux-davoine-au-chocolat-blanc-e,https://staging.lacuisinedebernard.com/gateaux-davoine-au-chocolat-blanc-e
https://lacuisinedebernard.com/gateaux-davoine-au-chocolat-blanc-e/,https://staging.lacuisinedebernard.com/gateaux-davoine-au-chocolat-blanc-e
https://www.lacuisinedebernard.com/gateaux-davoine-au-chocolat-blanc-e,https://staging.lacuisinedebernard.com/gateaux-davoine-au-chocolat-blanc-e
https://www.lacuisinedebernard.com/gateaux-davoine-au-chocolat-blanc-e/,https://staging.lacuisinedebernard.com/gateaux-davoine-au-chocolat-blanc-e
https://lacuisinedebernard.com/songe-du-maroc-confit-sale-de-dattes-e,https://staging.lacuisinedebernard.com/songe-du-maroc-confit-sale-de-dattes-e
https://lacuisinedebernard.com/songe-du-maroc-confit-sale-de-dattes-e/,https://staging.lacuisinedebernard.com/songe-du-maroc-confit-sale-de-dattes-e
https://www.lacuisinedebernard.com/songe-du-maroc-confit-sale-de-dattes-e,https://staging.lacuisinedebernard.com/songe-du-maroc-confit-sale-de-dattes-e
https://www.lacuisinedebernard.com/songe-du-maroc-confit-sale-de-dattes-e/,https://staging.lacuisinedebernard.com/songe-du-maroc-confit-sale-de-dattes-e
https://lacuisinedebernard.com/les-brownies-chocolat-bananes-et-beurre,https://staging.lacuisinedebernard.com/les-brownies-chocolat-bananes-et-beurre
https://lacuisinedebernard.com/les-brownies-chocolat-bananes-et-beurre/,https://staging.lacuisinedebernard.com/les-brownies-chocolat-bananes-et-beurre
https://www.lacuisinedebernard.com/les-brownies-chocolat-bananes-et-beurre,https://staging.lacuisinedebernard.com/les-brownies-chocolat-bananes-et-beurre
https://www.lacuisinedebernard.com/les-brownies-chocolat-bananes-et-beurre/,https://staging.lacuisinedebernard.com/les-brownies-chocolat-bananes-et-beurre
https://lacuisinedebernard.com/le-bissara,https://staging.lacuisinedebernard.com/le-bissara
https://lacuisinedebernard.com/le-bissara/,https://staging.lacuisinedebernard.com/le-bissara
https://www.lacuisinedebernard.com/le-bissara,https://staging.lacuisinedebernard.com/le-bissara
https://www.lacuisinedebernard.com/le-bissara/,https://staging.lacuisinedebernard.com/le-bissara
https://lacuisinedebernard.com/les-elisenlebkuchen-au-chocola,https://staging.lacuisinedebernard.com/les-elisenlebkuchen-au-chocola
https://lacuisinedebernard.com/les-elisenlebkuchen-au-chocola/,https://staging.lacuisinedebernard.com/les-elisenlebkuchen-au-chocola
https://www.lacuisinedebernard.com/les-elisenlebkuchen-au-chocola,https://staging.lacuisinedebernard.com/les-elisenlebkuchen-au-chocola
https://www.lacuisinedebernard.com/les-elisenlebkuchen-au-chocola/,https://staging.lacuisinedebernard.com/les-elisenlebkuchen-au-chocola
https://lacuisinedebernard.com/la-pate-de-noisettes-au-cacao,https://staging.lacuisinedebernard.com/la-pate-de-noisettes-au-cacao
https://lacuisinedebernard.com/la-pate-de-noisettes-au-cacao/,https://staging.lacuisinedebernard.com/la-pate-de-noisettes-au-cacao
https://www.lacuisinedebernard.com/la-pate-de-noisettes-au-cacao,https://staging.lacuisinedebernard.com/la-pate-de-noisettes-au-cacao
https://www.lacuisinedebernard.com/la-pate-de-noisettes-au-cacao/,https://staging.lacuisinedebernard.com/la-pate-de-noisettes-au-cacao
https://lacuisinedebernard.com/les-pralines-de-noix,https://staging.lacuisinedebernard.com/les-pralines-de-noix
https://lacuisinedebernard.com/les-pralines-de-noix/,https://staging.lacuisinedebernard.com/les-pralines-de-noix
https://www.lacuisinedebernard.com/les-pralines-de-noix,https://staging.lacuisinedebernard.com/les-pralines-de-noix
https://www.lacuisinedebernard.com/les-pralines-de-noix/,https://staging.lacuisinedebernard.com/les-pralines-de-noix
https://lacuisinedebernard.com/la-buche-noix-caramel-et-chocola,https://staging.lacuisinedebernard.com/la-buche-noix-caramel-et-chocola
https://lacuisinedebernard.com/la-buche-noix-caramel-et-chocola/,https://staging.lacuisinedebernard.com/la-buche-noix-caramel-et-chocola
https://www.lacuisinedebernard.com/la-buche-noix-caramel-et-chocola,https://staging.lacuisinedebernard.com/la-buche-noix-caramel-et-chocola
https://www.lacuisinedebernard.com/la-buche-noix-caramel-et-chocola/,https://staging.lacuisinedebernard.com/la-buche-noix-caramel-et-chocola
https://lacuisinedebernard.com/5-ans,https://staging.lacuisinedebernard.com/5-ans
https://lacuisinedebernard.com/5-ans/,https://staging.lacuisinedebernard.com/5-ans
https://www.lacuisinedebernard.com/5-ans,https://staging.lacuisinedebernard.com/5-ans
https://www.lacuisinedebernard.com/5-ans/,https://staging.lacuisinedebernard.com/5-ans
https://lacuisinedebernard.com/les-pates-aux-noix-et-gonrgozola,https://staging.lacuisinedebernard.com/les-pates-aux-noix-et-gonrgozola
https://lacuisinedebernard.com/les-pates-aux-noix-et-gonrgozola/,https://staging.lacuisinedebernard.com/les-pates-aux-noix-et-gonrgozola
https://www.lacuisinedebernard.com/les-pates-aux-noix-et-gonrgozola,https://staging.lacuisinedebernard.com/les-pates-aux-noix-et-gonrgozola
https://www.lacuisinedebernard.com/les-pates-aux-noix-et-gonrgozola/,https://staging.lacuisinedebernard.com/les-pates-aux-noix-et-gonrgozola
https://lacuisinedebernard.com/la-brioche,https://staging.lacuisinedebernard.com/la-brioche
https://lacuisinedebernard.com/la-brioche/,https://staging.lacuisinedebernard.com/la-brioche
https://www.lacuisinedebernard.com/la-brioche,https://staging.lacuisinedebernard.com/la-brioche
https://www.lacuisinedebernard.com/la-brioche/,https://staging.lacuisinedebernard.com/la-brioche
https://lacuisinedebernard.com/les-profiteroles,https://staging.lacuisinedebernard.com/les-profiteroles
https://lacuisinedebernard.com/les-profiteroles/,https://staging.lacuisinedebernard.com/les-profiteroles
https://www.lacuisinedebernard.com/les-profiteroles,https://staging.lacuisinedebernard.com/les-profiteroles
https://www.lacuisinedebernard.com/les-profiteroles/,https://staging.lacuisinedebernard.com/les-profiteroles
https://lacuisinedebernard.com/les-pralines-roses,https://staging.lacuisinedebernard.com/les-pralines-roses
https://lacuisinedebernard.com/les-pralines-roses/,https://staging.lacuisinedebernard.com/les-pralines-roses
https://www.lacuisinedebernard.com/les-pralines-roses,https://staging.lacuisinedebernard.com/les-pralines-roses
https://www.lacuisinedebernard.com/les-pralines-roses/,https://staging.lacuisinedebernard.com/les-pralines-roses
https://lacuisinedebernard.com/poulet-au-citron-confi,https://staging.lacuisinedebernard.com/poulet-au-citron-confi
https://lacuisinedebernard.com/poulet-au-citron-confi/,https://staging.lacuisinedebernard.com/poulet-au-citron-confi
https://www.lacuisinedebernard.com/poulet-au-citron-confi,https://staging.lacuisinedebernard.com/poulet-au-citron-confi
https://www.lacuisinedebernard.com/poulet-au-citron-confi/,https://staging.lacuisinedebernard.com/poulet-au-citron-confi
https://lacuisinedebernard.com/le-risotto-au-curry-rouge-et-aux,https://staging.lacuisinedebernard.com/le-risotto-au-curry-rouge-et-aux
https://lacuisinedebernard.com/le-risotto-au-curry-rouge-et-aux/,https://staging.lacuisinedebernard.com/le-risotto-au-curry-rouge-et-aux
https://www.lacuisinedebernard.com/le-risotto-au-curry-rouge-et-aux,https://staging.lacuisinedebernard.com/le-risotto-au-curry-rouge-et-aux
https://www.lacuisinedebernard.com/le-risotto-au-curry-rouge-et-aux/,https://staging.lacuisinedebernard.com/le-risotto-au-curry-rouge-et-aux
https://lacuisinedebernard.com/mes-voyages-culinaires-marrakec,https://staging.lacuisinedebernard.com/mes-voyages-culinaires-marrakec
https://lacuisinedebernard.com/mes-voyages-culinaires-marrakec/,https://staging.lacuisinedebernard.com/mes-voyages-culinaires-marrakec
https://www.lacuisinedebernard.com/mes-voyages-culinaires-marrakec,https://staging.lacuisinedebernard.com/mes-voyages-culinaires-marrakec
https://www.lacuisinedebernard.com/mes-voyages-culinaires-marrakec/,https://staging.lacuisinedebernard.com/mes-voyages-culinaires-marrakec
https://lacuisinedebernard.com/les-lentilles-marocaines,https://staging.lacuisinedebernard.com/les-lentilles-marocaines
https://lacuisinedebernard.com/les-lentilles-marocaines/,https://staging.lacuisinedebernard.com/les-lentilles-marocaines
https://www.lacuisinedebernard.com/les-lentilles-marocaines,https://staging.lacuisinedebernard.com/les-lentilles-marocaines
https://www.lacuisinedebernard.com/les-lentilles-marocaines/,https://staging.lacuisinedebernard.com/les-lentilles-marocaines
https://lacuisinedebernard.com/les-ghribas-aux-noix,https://staging.lacuisinedebernard.com/les-ghribas-aux-noix
https://lacuisinedebernard.com/les-ghribas-aux-noix/,https://staging.lacuisinedebernard.com/les-ghribas-aux-noix
https://www.lacuisinedebernard.com/les-ghribas-aux-noix,https://staging.lacuisinedebernard.com/les-ghribas-aux-noix
https://www.lacuisinedebernard.com/les-ghribas-aux-noix/,https://staging.lacuisinedebernard.com/les-ghribas-aux-noix
https://lacuisinedebernard.com/le-riz-frit-aux-crevettes-ananas-e,https://staging.lacuisinedebernard.com/le-riz-frit-aux-crevettes-ananas-e
https://lacuisinedebernard.com/le-riz-frit-aux-crevettes-ananas-e/,https://staging.lacuisinedebernard.com/le-riz-frit-aux-crevettes-ananas-e
https://www.lacuisinedebernard.com/le-riz-frit-aux-crevettes-ananas-e,https://staging.lacuisinedebernard.com/le-riz-frit-aux-crevettes-ananas-e
https://www.lacuisinedebernard.com/le-riz-frit-aux-crevettes-ananas-e/,https://staging.lacuisinedebernard.com/le-riz-frit-aux-crevettes-ananas-e
https://lacuisinedebernard.com/le-cake-la-semoule,https://staging.lacuisinedebernard.com/le-cake-la-semoule
https://lacuisinedebernard.com/le-cake-la-semoule/,https://staging.lacuisinedebernard.com/le-cake-la-semoule
https://www.lacuisinedebernard.com/le-cake-la-semoule,https://staging.lacuisinedebernard.com/le-cake-la-semoule
https://www.lacuisinedebernard.com/le-cake-la-semoule/,https://staging.lacuisinedebernard.com/le-cake-la-semoule
https://lacuisinedebernard.com/le-porc-au-caramel-du-vietna,https://staging.lacuisinedebernard.com/le-porc-au-caramel-du-vietna
https://lacuisinedebernard.com/le-porc-au-caramel-du-vietna/,https://staging.lacuisinedebernard.com/le-porc-au-caramel-du-vietna
https://www.lacuisinedebernard.com/le-porc-au-caramel-du-vietna,https://staging.lacuisinedebernard.com/le-porc-au-caramel-du-vietna
https://www.lacuisinedebernard.com/le-porc-au-caramel-du-vietna/,https://staging.lacuisinedebernard.com/le-porc-au-caramel-du-vietna
https://lacuisinedebernard.com/les-sables-au-chocolat-et-amandes,https://staging.lacuisinedebernard.com/les-sables-au-chocolat-et-amandes
https://lacuisinedebernard.com/les-sables-au-chocolat-et-amandes/,https://staging.lacuisinedebernard.com/les-sables-au-chocolat-et-amandes
https://www.lacuisinedebernard.com/les-sables-au-chocolat-et-amandes,https://staging.lacuisinedebernard.com/les-sables-au-chocolat-et-amandes
https://www.lacuisinedebernard.com/les-sables-au-chocolat-et-amandes/,https://staging.lacuisinedebernard.com/les-sables-au-chocolat-et-amandes
https://lacuisinedebernard.com/gateaux-fondants-la-creme-de-marrons,https://staging.lacuisinedebernard.com/gateaux-fondants-la-creme-de-marrons
https://lacuisinedebernard.com/gateaux-fondants-la-creme-de-marrons/,https://staging.lacuisinedebernard.com/gateaux-fondants-la-creme-de-marrons
https://www.lacuisinedebernard.com/gateaux-fondants-la-creme-de-marrons,https://staging.lacuisinedebernard.com/gateaux-fondants-la-creme-de-marrons
https://www.lacuisinedebernard.com/gateaux-fondants-la-creme-de-marrons/,https://staging.lacuisinedebernard.com/gateaux-fondants-la-creme-de-marrons
https://lacuisinedebernard.com/mes-voyages-culinaires-lima,https://staging.lacuisinedebernard.com/mes-voyages-culinaires-lima
https://lacuisinedebernard.com/mes-voyages-culinaires-lima/,https://staging.lacuisinedebernard.com/mes-voyages-culinaires-lima
https://www.lacuisinedebernard.com/mes-voyages-culinaires-lima,https://staging.lacuisinedebernard.com/mes-voyages-culinaires-lima
https://www.lacuisinedebernard.com/mes-voyages-culinaires-lima/,https://staging.lacuisinedebernard.com/mes-voyages-culinaires-lima
https://lacuisinedebernard.com/les-chocolats-blancs-au-praline,https://staging.lacuisinedebernard.com/les-chocolats-blancs-au-praline
https://lacuisinedebernard.com/les-chocolats-blancs-au-praline/,https://staging.lacuisinedebernard.com/les-chocolats-blancs-au-praline
https://www.lacuisinedebernard.com/les-chocolats-blancs-au-praline,https://staging.lacuisinedebernard.com/les-chocolats-blancs-au-praline
https://www.lacuisinedebernard.com/les-chocolats-blancs-au-praline/,https://staging.lacuisinedebernard.com/les-chocolats-blancs-au-praline
https://lacuisinedebernard.com/la-tarte-crousti-fondante-aux-shiitakes,https://staging.lacuisinedebernard.com/la-tarte-crousti-fondante-aux-shiitakes
https://lacuisinedebernard.com/la-tarte-crousti-fondante-aux-shiitakes/,https://staging.lacuisinedebernard.com/la-tarte-crousti-fondante-aux-shiitakes
https://www.lacuisinedebernard.com/la-tarte-crousti-fondante-aux-shiitakes,https://staging.lacuisinedebernard.com/la-tarte-crousti-fondante-aux-shiitakes
https://www.lacuisinedebernard.com/la-tarte-crousti-fondante-aux-shiitakes/,https://staging.lacuisinedebernard.com/la-tarte-crousti-fondante-aux-shiitakes
https://lacuisinedebernard.com/la-causa-peruvienne,https://staging.lacuisinedebernard.com/la-causa-peruvienne
https://lacuisinedebernard.com/la-causa-peruvienne/,https://staging.lacuisinedebernard.com/la-causa-peruvienne
https://www.lacuisinedebernard.com/la-causa-peruvienne,https://staging.lacuisinedebernard.com/la-causa-peruvienne
https://www.lacuisinedebernard.com/la-causa-peruvienne/,https://staging.lacuisinedebernard.com/la-causa-peruvienne
https://lacuisinedebernard.com/double-jeu-lecteurs-blogueursses-le,https://staging.lacuisinedebernard.com/double-jeu-lecteurs-blogueursses-le
https://lacuisinedebernard.com/double-jeu-lecteurs-blogueursses-le/,https://staging.lacuisinedebernard.com/double-jeu-lecteurs-blogueursses-le
https://www.lacuisinedebernard.com/double-jeu-lecteurs-blogueursses-le,https://staging.lacuisinedebernard.com/double-jeu-lecteurs-blogueursses-le
https://www.lacuisinedebernard.com/double-jeu-lecteurs-blogueursses-le/,https://staging.lacuisinedebernard.com/double-jeu-lecteurs-blogueursses-le
https://lacuisinedebernard.com/les-cremes-caramel-de-la-mere-clo,https://staging.lacuisinedebernard.com/les-cremes-caramel-de-la-mere-clo
https://lacuisinedebernard.com/les-cremes-caramel-de-la-mere-clo/,https://staging.lacuisinedebernard.com/les-cremes-caramel-de-la-mere-clo
https://www.lacuisinedebernard.com/les-cremes-caramel-de-la-mere-clo,https://staging.lacuisinedebernard.com/les-cremes-caramel-de-la-mere-clo
https://www.lacuisinedebernard.com/les-cremes-caramel-de-la-mere-clo/,https://staging.lacuisinedebernard.com/les-cremes-caramel-de-la-mere-clo
https://lacuisinedebernard.com/les-croutes-the,https://staging.lacuisinedebernard.com/les-croutes-the
https://lacuisinedebernard.com/les-croutes-the/,https://staging.lacuisinedebernard.com/les-croutes-the
https://www.lacuisinedebernard.com/les-croutes-the,https://staging.lacuisinedebernard.com/les-croutes-the
https://www.lacuisinedebernard.com/les-croutes-the/,https://staging.lacuisinedebernard.com/les-croutes-the
https://lacuisinedebernard.com/skeppshult-un-veritable-coup-de-cur,https://staging.lacuisinedebernard.com/skeppshult-un-veritable-coup-de-cur
https://lacuisinedebernard.com/skeppshult-un-veritable-coup-de-cur/,https://staging.lacuisinedebernard.com/skeppshult-un-veritable-coup-de-cur
https://www.lacuisinedebernard.com/skeppshult-un-veritable-coup-de-cur,https://staging.lacuisinedebernard.com/skeppshult-un-veritable-coup-de-cur
https://www.lacuisinedebernard.com/skeppshult-un-veritable-coup-de-cur/,https://staging.lacuisinedebernard.com/skeppshult-un-veritable-coup-de-cur
https://lacuisinedebernard.com/le-yaourt-glace,https://staging.lacuisinedebernard.com/le-yaourt-glace
https://lacuisinedebernard.com/le-yaourt-glace/,https://staging.lacuisinedebernard.com/le-yaourt-glace
https://www.lacuisinedebernard.com/le-yaourt-glace,https://staging.lacuisinedebernard.com/le-yaourt-glace
https://www.lacuisinedebernard.com/le-yaourt-glace/,https://staging.lacuisinedebernard.com/le-yaourt-glace
https://lacuisinedebernard.com/les-cookies-au-chocolat-blanc,https://staging.lacuisinedebernard.com/les-cookies-au-chocolat-blanc
https://lacuisinedebernard.com/les-cookies-au-chocolat-blanc/,https://staging.lacuisinedebernard.com/les-cookies-au-chocolat-blanc
https://www.lacuisinedebernard.com/les-cookies-au-chocolat-blanc,https://staging.lacuisinedebernard.com/les-cookies-au-chocolat-blanc
https://www.lacuisinedebernard.com/les-cookies-au-chocolat-blanc/,https://staging.lacuisinedebernard.com/les-cookies-au-chocolat-blanc
https://lacuisinedebernard.com/voici-une-recette-pour-mes-amis-e,https://staging.lacuisinedebernard.com/voici-une-recette-pour-mes-amis-e
https://lacuisinedebernard.com/voici-une-recette-pour-mes-amis-e/,https://staging.lacuisinedebernard.com/voici-une-recette-pour-mes-amis-e
https://www.lacuisinedebernard.com/voici-une-recette-pour-mes-amis-e,https://staging.lacuisinedebernard.com/voici-une-recette-pour-mes-amis-e
https://www.lacuisinedebernard.com/voici-une-recette-pour-mes-amis-e/,https://staging.lacuisinedebernard.com/voici-une-recette-pour-mes-amis-e
https://lacuisinedebernard.com/le-amlou,https://staging.lacuisinedebernard.com/le-amlou
https://lacuisinedebernard.com/le-amlou/,https://staging.lacuisinedebernard.com/le-amlou
https://www.lacuisinedebernard.com/le-amlou,https://staging.lacuisinedebernard.com/le-amlou
https://www.lacuisinedebernard.com/le-amlou/,https://staging.lacuisinedebernard.com/le-amlou
https://lacuisinedebernard.com/les-spaghettis-au-piment-thon-et-citron,https://staging.lacuisinedebernard.com/les-spaghettis-au-piment-thon-et-citron
https://lacuisinedebernard.com/les-spaghettis-au-piment-thon-et-citron/,https://staging.lacuisinedebernard.com/les-spaghettis-au-piment-thon-et-citron
https://www.lacuisinedebernard.com/les-spaghettis-au-piment-thon-et-citron,https://staging.lacuisinedebernard.com/les-spaghettis-au-piment-thon-et-citron
https://www.lacuisinedebernard.com/les-spaghettis-au-piment-thon-et-citron/,https://staging.lacuisinedebernard.com/les-spaghettis-au-piment-thon-et-citron
https://lacuisinedebernard.com/salade-fraiche-de-quinoa-et-legumes,https://staging.lacuisinedebernard.com/salade-fraiche-de-quinoa-et-legumes
https://lacuisinedebernard.com/salade-fraiche-de-quinoa-et-legumes/,https://staging.lacuisinedebernard.com/salade-fraiche-de-quinoa-et-legumes
https://www.lacuisinedebernard.com/salade-fraiche-de-quinoa-et-legumes,https://staging.lacuisinedebernard.com/salade-fraiche-de-quinoa-et-legumes
https://www.lacuisinedebernard.com/salade-fraiche-de-quinoa-et-legumes/,https://staging.lacuisinedebernard.com/salade-fraiche-de-quinoa-et-legumes
https://lacuisinedebernard.com/la-salade-de-ble-aux-tomates-oignons,https://staging.lacuisinedebernard.com/la-salade-de-ble-aux-tomates-oignons
https://lacuisinedebernard.com/la-salade-de-ble-aux-tomates-oignons/,https://staging.lacuisinedebernard.com/la-salade-de-ble-aux-tomates-oignons
https://www.lacuisinedebernard.com/la-salade-de-ble-aux-tomates-oignons,https://staging.lacuisinedebernard.com/la-salade-de-ble-aux-tomates-oignons
https://www.lacuisinedebernard.com/la-salade-de-ble-aux-tomates-oignons/,https://staging.lacuisinedebernard.com/la-salade-de-ble-aux-tomates-oignons
https://lacuisinedebernard.com/le-cake-energie,https://staging.lacuisinedebernard.com/le-cake-energie
https://lacuisinedebernard.com/le-cake-energie/,https://staging.lacuisinedebernard.com/le-cake-energie
https://www.lacuisinedebernard.com/le-cake-energie,https://staging.lacuisinedebernard.com/le-cake-energie
https://www.lacuisinedebernard.com/le-cake-energie/,https://staging.lacuisinedebernard.com/le-cake-energie
https://lacuisinedebernard.com/la-salade-de-perles-au-saumon,https://staging.lacuisinedebernard.com/la-salade-de-perles-au-saumon
https://lacuisinedebernard.com/la-salade-de-perles-au-saumon/,https://staging.lacuisinedebernard.com/la-salade-de-perles-au-saumon
https://www.lacuisinedebernard.com/la-salade-de-perles-au-saumon,https://staging.lacuisinedebernard.com/la-salade-de-perles-au-saumon
https://www.lacuisinedebernard.com/la-salade-de-perles-au-saumon/,https://staging.lacuisinedebernard.com/la-salade-de-perles-au-saumon
https://lacuisinedebernard.com/les-granola-cakes,https://staging.lacuisinedebernard.com/les-granola-cakes
https://lacuisinedebernard.com/les-granola-cakes/,https://staging.lacuisinedebernard.com/les-granola-cakes
https://www.lacuisinedebernard.com/les-granola-cakes,https://staging.lacuisinedebernard.com/les-granola-cakes
https://www.lacuisinedebernard.com/les-granola-cakes/,https://staging.lacuisinedebernard.com/les-granola-cakes
https://lacuisinedebernard.com/le-turron-de-yema-quemada,https://staging.lacuisinedebernard.com/le-turron-de-yema-quemada
https://lacuisinedebernard.com/le-turron-de-yema-quemada/,https://staging.lacuisinedebernard.com/le-turron-de-yema-quemada
https://www.lacuisinedebernard.com/le-turron-de-yema-quemada,https://staging.lacuisinedebernard.com/le-turron-de-yema-quemada
https://www.lacuisinedebernard.com/le-turron-de-yema-quemada/,https://staging.lacuisinedebernard.com/le-turron-de-yema-quemada
https://lacuisinedebernard.com/le-curry-thailandais-au-crabe,https://staging.lacuisinedebernard.com/le-curry-thailandais-au-crabe
https://lacuisinedebernard.com/le-curry-thailandais-au-crabe/,https://staging.lacuisinedebernard.com/le-curry-thailandais-au-crabe
https://www.lacuisinedebernard.com/le-curry-thailandais-au-crabe,https://staging.lacuisinedebernard.com/le-curry-thailandais-au-crabe
https://www.lacuisinedebernard.com/le-curry-thailandais-au-crabe/,https://staging.lacuisinedebernard.com/le-curry-thailandais-au-crabe
https://lacuisinedebernard.com/la-salade-de-lentilles-au-saumon-fume,https://staging.lacuisinedebernard.com/la-salade-de-lentilles-au-saumon-fume
https://lacuisinedebernard.com/la-salade-de-lentilles-au-saumon-fume/,https://staging.lacuisinedebernard.com/la-salade-de-lentilles-au-saumon-fume
https://www.lacuisinedebernard.com/la-salade-de-lentilles-au-saumon-fume,https://staging.lacuisinedebernard.com/la-salade-de-lentilles-au-saumon-fume
https://www.lacuisinedebernard.com/la-salade-de-lentilles-au-saumon-fume/,https://staging.lacuisinedebernard.com/la-salade-de-lentilles-au-saumon-fume
https://lacuisinedebernard.com/la-mousse-chocolat-passion,https://staging.lacuisinedebernard.com/la-mousse-chocolat-passion
https://lacuisinedebernard.com/la-mousse-chocolat-passion/,https://staging.lacuisinedebernard.com/la-mousse-chocolat-passion
https://www.lacuisinedebernard.com/la-mousse-chocolat-passion,https://staging.lacuisinedebernard.com/la-mousse-chocolat-passion
https://www.lacuisinedebernard.com/la-mousse-chocolat-passion/,https://staging.lacuisinedebernard.com/la-mousse-chocolat-passion
https://lacuisinedebernard.com/le-cake-volcanique-aux-carambars,https://staging.lacuisinedebernard.com/le-cake-volcanique-aux-carambars
https://lacuisinedebernard.com/le-cake-volcanique-aux-carambars/,https://staging.lacuisinedebernard.com/le-cake-volcanique-aux-carambars
https://www.lacuisinedebernard.com/le-cake-volcanique-aux-carambars,https://staging.lacuisinedebernard.com/le-cake-volcanique-aux-carambars
https://www.lacuisinedebernard.com/le-cake-volcanique-aux-carambars/,https://staging.lacuisinedebernard.com/le-cake-volcanique-aux-carambars
https://lacuisinedebernard.com/le-petit-pain-au-muesli,https://staging.lacuisinedebernard.com/le-petit-pain-au-muesli
https://lacuisinedebernard.com/le-petit-pain-au-muesli/,https://staging.lacuisinedebernard.com/le-petit-pain-au-muesli
https://www.lacuisinedebernard.com/le-petit-pain-au-muesli,https://staging.lacuisinedebernard.com/le-petit-pain-au-muesli
https://www.lacuisinedebernard.com/le-petit-pain-au-muesli/,https://staging.lacuisinedebernard.com/le-petit-pain-au-muesli
https://lacuisinedebernard.com/la-soupe-azteque,https://staging.lacuisinedebernard.com/la-soupe-azteque
https://lacuisinedebernard.com/la-soupe-azteque/,https://staging.lacuisinedebernard.com/la-soupe-azteque
https://www.lacuisinedebernard.com/la-soupe-azteque,https://staging.lacuisinedebernard.com/la-soupe-azteque
https://www.lacuisinedebernard.com/la-soupe-azteque/,https://staging.lacuisinedebernard.com/la-soupe-azteque
https://lacuisinedebernard.com/le-bo-bun,https://staging.lacuisinedebernard.com/le-bo-bun
https://lacuisinedebernard.com/le-bo-bun/,https://staging.lacuisinedebernard.com/le-bo-bun
https://www.lacuisinedebernard.com/le-bo-bun,https://staging.lacuisinedebernard.com/le-bo-bun
https://www.lacuisinedebernard.com/le-bo-bun/,https://staging.lacuisinedebernard.com/le-bo-bun
https://lacuisinedebernard.com/les-macarons-rustiques-aux-noix,https://staging.lacuisinedebernard.com/les-macarons-rustiques-aux-noix
https://lacuisinedebernard.com/les-macarons-rustiques-aux-noix/,https://staging.lacuisinedebernard.com/les-macarons-rustiques-aux-noix
https://www.lacuisinedebernard.com/les-macarons-rustiques-aux-noix,https://staging.lacuisinedebernard.com/les-macarons-rustiques-aux-noix
https://www.lacuisinedebernard.com/les-macarons-rustiques-aux-noix/,https://staging.lacuisinedebernard.com/les-macarons-rustiques-aux-noix
https://lacuisinedebernard.com/le-crumble-sale-aux-tomates-e,https://staging.lacuisinedebernard.com/le-crumble-sale-aux-tomates-e
https://lacuisinedebernard.com/le-crumble-sale-aux-tomates-e/,https://staging.lacuisinedebernard.com/le-crumble-sale-aux-tomates-e
https://www.lacuisinedebernard.com/le-crumble-sale-aux-tomates-e,https://staging.lacuisinedebernard.com/le-crumble-sale-aux-tomates-e
https://www.lacuisinedebernard.com/le-crumble-sale-aux-tomates-e/,https://staging.lacuisinedebernard.com/le-crumble-sale-aux-tomates-e
https://lacuisinedebernard.com/les-pommes-dauphine,https://staging.lacuisinedebernard.com/les-pommes-dauphine
https://lacuisinedebernard.com/les-pommes-dauphine/,https://staging.lacuisinedebernard.com/les-pommes-dauphine
https://www.lacuisinedebernard.com/les-pommes-dauphine,https://staging.lacuisinedebernard.com/les-pommes-dauphine
https://www.lacuisinedebernard.com/les-pommes-dauphine/,https://staging.lacuisinedebernard.com/les-pommes-dauphine
https://lacuisinedebernard.com/mes-voyages-culinaires-minas-gerais,https://staging.lacuisinedebernard.com/mes-voyages-culinaires-minas-gerais
https://lacuisinedebernard.com/mes-voyages-culinaires-minas-gerais/,https://staging.lacuisinedebernard.com/mes-voyages-culinaires-minas-gerais
https://www.lacuisinedebernard.com/mes-voyages-culinaires-minas-gerais,https://staging.lacuisinedebernard.com/mes-voyages-culinaires-minas-gerais
https://www.lacuisinedebernard.com/mes-voyages-culinaires-minas-gerais/,https://staging.lacuisinedebernard.com/mes-voyages-culinaires-minas-gerais
https://lacuisinedebernard.com/mes-reportages-gastronomiques,https://staging.lacuisinedebernard.com/mes-reportages-gastronomiques
https://lacuisinedebernard.com/mes-reportages-gastronomiques/,https://staging.lacuisinedebernard.com/mes-reportages-gastronomiques
https://www.lacuisinedebernard.com/mes-reportages-gastronomiques,https://staging.lacuisinedebernard.com/mes-reportages-gastronomiques
https://www.lacuisinedebernard.com/mes-reportages-gastronomiques/,https://staging.lacuisinedebernard.com/mes-reportages-gastronomiques
https://lacuisinedebernard.com/le-bolo-de-cenoura-gateau-bresilien-aux,https://staging.lacuisinedebernard.com/le-bolo-de-cenoura-gateau-bresilien-aux
https://lacuisinedebernard.com/le-bolo-de-cenoura-gateau-bresilien-aux/,https://staging.lacuisinedebernard.com/le-bolo-de-cenoura-gateau-bresilien-aux
https://www.lacuisinedebernard.com/le-bolo-de-cenoura-gateau-bresilien-aux,https://staging.lacuisinedebernard.com/le-bolo-de-cenoura-gateau-bresilien-aux
https://www.lacuisinedebernard.com/le-bolo-de-cenoura-gateau-bresilien-aux/,https://staging.lacuisinedebernard.com/le-bolo-de-cenoura-gateau-bresilien-aux
https://lacuisinedebernard.com/le-poulet-lestragon,https://staging.lacuisinedebernard.com/le-poulet-lestragon
https://lacuisinedebernard.com/le-poulet-lestragon/,https://staging.lacuisinedebernard.com/le-poulet-lestragon
https://www.lacuisinedebernard.com/le-poulet-lestragon,https://staging.lacuisinedebernard.com/le-poulet-lestragon
https://www.lacuisinedebernard.com/le-poulet-lestragon/,https://staging.lacuisinedebernard.com/le-poulet-lestragon
https://lacuisinedebernard.com/le-cake-ultra-chataignes,https://staging.lacuisinedebernard.com/le-cake-ultra-chataignes
https://lacuisinedebernard.com/le-cake-ultra-chataignes/,https://staging.lacuisinedebernard.com/le-cake-ultra-chataignes
https://www.lacuisinedebernard.com/le-cake-ultra-chataignes,https://staging.lacuisinedebernard.com/le-cake-ultra-chataignes
https://www.lacuisinedebernard.com/le-cake-ultra-chataignes/,https://staging.lacuisinedebernard.com/le-cake-ultra-chataignes
https://lacuisinedebernard.com/les-sables-choco-noisettes-la-farine-de,https://staging.lacuisinedebernard.com/les-sables-choco-noisettes-la-farine-de
https://lacuisinedebernard.com/les-sables-choco-noisettes-la-farine-de/,https://staging.lacuisinedebernard.com/les-sables-choco-noisettes-la-farine-de
https://www.lacuisinedebernard.com/les-sables-choco-noisettes-la-farine-de,https://staging.lacuisinedebernard.com/les-sables-choco-noisettes-la-farine-de
https://www.lacuisinedebernard.com/les-sables-choco-noisettes-la-farine-de/,https://staging.lacuisinedebernard.com/les-sables-choco-noisettes-la-farine-de
https://lacuisinedebernard.com/le-baba-ganoush-de-fabio,https://staging.lacuisinedebernard.com/le-baba-ganoush-de-fabio
https://lacuisinedebernard.com/le-baba-ganoush-de-fabio/,https://staging.lacuisinedebernard.com/le-baba-ganoush-de-fabio
https://www.lacuisinedebernard.com/le-baba-ganoush-de-fabio,https://staging.lacuisinedebernard.com/le-baba-ganoush-de-fabio
https://www.lacuisinedebernard.com/le-baba-ganoush-de-fabio/,https://staging.lacuisinedebernard.com/le-baba-ganoush-de-fabio
https://lacuisinedebernard.com/le-gateau-fondant-figues-amandes-e,https://staging.lacuisinedebernard.com/le-gateau-fondant-figues-amandes-e
https://lacuisinedebernard.com/le-gateau-fondant-figues-amandes-e/,https://staging.lacuisinedebernard.com/le-gateau-fondant-figues-amandes-e
https://www.lacuisinedebernard.com/le-gateau-fondant-figues-amandes-e,https://staging.lacuisinedebernard.com/le-gateau-fondant-figues-amandes-e
https://www.lacuisinedebernard.com/le-gateau-fondant-figues-amandes-e/,https://staging.lacuisinedebernard.com/le-gateau-fondant-figues-amandes-e
https://lacuisinedebernard.com/le-foie-gras-en-bocal-methode-5,https://staging.lacuisinedebernard.com/le-foie-gras-en-bocal-methode-5
https://lacuisinedebernard.com/le-foie-gras-en-bocal-methode-5/,https://staging.lacuisinedebernard.com/le-foie-gras-en-bocal-methode-5
https://www.lacuisinedebernard.com/le-foie-gras-en-bocal-methode-5,https://staging.lacuisinedebernard.com/le-foie-gras-en-bocal-methode-5
https://www.lacuisinedebernard.com/le-foie-gras-en-bocal-methode-5/,https://staging.lacuisinedebernard.com/le-foie-gras-en-bocal-methode-5
https://lacuisinedebernard.com/le-veloute-de-panais,https://staging.lacuisinedebernard.com/le-veloute-de-panais
https://lacuisinedebernard.com/le-veloute-de-panais/,https://staging.lacuisinedebernard.com/le-veloute-de-panais
https://www.lacuisinedebernard.com/le-veloute-de-panais,https://staging.lacuisinedebernard.com/le-veloute-de-panais
https://www.lacuisinedebernard.com/le-veloute-de-panais/,https://staging.lacuisinedebernard.com/le-veloute-de-panais
https://lacuisinedebernard.com/le-cake-dautomne-miel-noix-poires,https://staging.lacuisinedebernard.com/le-cake-dautomne-miel-noix-poires
https://lacuisinedebernard.com/le-cake-dautomne-miel-noix-poires/,https://staging.lacuisinedebernard.com/le-cake-dautomne-miel-noix-poires
https://www.lacuisinedebernard.com/le-cake-dautomne-miel-noix-poires,https://staging.lacuisinedebernard.com/le-cake-dautomne-miel-noix-poires
https://www.lacuisinedebernard.com/le-cake-dautomne-miel-noix-poires/,https://staging.lacuisinedebernard.com/le-cake-dautomne-miel-noix-poires
https://lacuisinedebernard.com/les-sables-au-cacao,https://staging.lacuisinedebernard.com/les-sables-au-cacao
https://lacuisinedebernard.com/les-sables-au-cacao/,https://staging.lacuisinedebernard.com/les-sables-au-cacao
https://www.lacuisinedebernard.com/les-sables-au-cacao,https://staging.lacuisinedebernard.com/les-sables-au-cacao
https://www.lacuisinedebernard.com/les-sables-au-cacao/,https://staging.lacuisinedebernard.com/les-sables-au-cacao
https://lacuisinedebernard.com/mes-deux-premiers-livres,https://staging.lacuisinedebernard.com/mes-deux-premiers-livres
https://lacuisinedebernard.com/mes-deux-premiers-livres/,https://staging.lacuisinedebernard.com/mes-deux-premiers-livres
https://www.lacuisinedebernard.com/mes-deux-premiers-livres,https://staging.lacuisinedebernard.com/mes-deux-premiers-livres
https://www.lacuisinedebernard.com/mes-deux-premiers-livres/,https://staging.lacuisinedebernard.com/mes-deux-premiers-livres
https://lacuisinedebernard.com/les-petits-pots-demoniaques-comme-gu,https://staging.lacuisinedebernard.com/les-petits-pots-demoniaques-comme-gu
https://lacuisinedebernard.com/les-petits-pots-demoniaques-comme-gu/,https://staging.lacuisinedebernard.com/les-petits-pots-demoniaques-comme-gu
https://www.lacuisinedebernard.com/les-petits-pots-demoniaques-comme-gu,https://staging.lacuisinedebernard.com/les-petits-pots-demoniaques-comme-gu
https://www.lacuisinedebernard.com/les-petits-pots-demoniaques-comme-gu/,https://staging.lacuisinedebernard.com/les-petits-pots-demoniaques-comme-gu
https://lacuisinedebernard.com/le-risotto-alla-milanese,https://staging.lacuisinedebernard.com/le-risotto-alla-milanese
https://lacuisinedebernard.com/le-risotto-alla-milanese/,https://staging.lacuisinedebernard.com/le-risotto-alla-milanese
https://www.lacuisinedebernard.com/le-risotto-alla-milanese,https://staging.lacuisinedebernard.com/le-risotto-alla-milanese
https://www.lacuisinedebernard.com/le-risotto-alla-milanese/,https://staging.lacuisinedebernard.com/le-risotto-alla-milanese
https://lacuisinedebernard.com/les-schwowbredles,https://staging.lacuisinedebernard.com/les-schwowbredles
https://lacuisinedebernard.com/les-schwowbredles/,https://staging.lacuisinedebernard.com/les-schwowbredles
https://www.lacuisinedebernard.com/les-schwowbredles,https://staging.lacuisinedebernard.com/les-schwowbredles
https://www.lacuisinedebernard.com/les-schwowbredles/,https://staging.lacuisinedebernard.com/les-schwowbredles
https://lacuisinedebernard.com/les-blondies-au-caramel-et-noix-de-pecan,https://staging.lacuisinedebernard.com/les-blondies-au-caramel-et-noix-de-pecan
https://lacuisinedebernard.com/les-blondies-au-caramel-et-noix-de-pecan/,https://staging.lacuisinedebernard.com/les-blondies-au-caramel-et-noix-de-pecan
https://www.lacuisinedebernard.com/les-blondies-au-caramel-et-noix-de-pecan,https://staging.lacuisinedebernard.com/les-blondies-au-caramel-et-noix-de-pecan
https://www.lacuisinedebernard.com/les-blondies-au-caramel-et-noix-de-pecan/,https://staging.lacuisinedebernard.com/les-blondies-au-caramel-et-noix-de-pecan
https://lacuisinedebernard.com/les-coquilles-saint-jacques-la-brestoise,https://staging.lacuisinedebernard.com/les-coquilles-saint-jacques-la-brestoise
https://lacuisinedebernard.com/les-coquilles-saint-jacques-la-brestoise/,https://staging.lacuisinedebernard.com/les-coquilles-saint-jacques-la-brestoise
https://www.lacuisinedebernard.com/les-coquilles-saint-jacques-la-brestoise,https://staging.lacuisinedebernard.com/les-coquilles-saint-jacques-la-brestoise
https://www.lacuisinedebernard.com/les-coquilles-saint-jacques-la-brestoise/,https://staging.lacuisinedebernard.com/les-coquilles-saint-jacques-la-brestoise
https://lacuisinedebernard.com/tapas-au-saumon-et-creme-de-figues,https://staging.lacuisinedebernard.com/tapas-au-saumon-et-creme-de-figues
https://lacuisinedebernard.com/tapas-au-saumon-et-creme-de-figues/,https://staging.lacuisinedebernard.com/tapas-au-saumon-et-creme-de-figues
https://www.lacuisinedebernard.com/tapas-au-saumon-et-creme-de-figues,https://staging.lacuisinedebernard.com/tapas-au-saumon-et-creme-de-figues
https://www.lacuisinedebernard.com/tapas-au-saumon-et-creme-de-figues/,https://staging.lacuisinedebernard.com/tapas-au-saumon-et-creme-de-figues
https://lacuisinedebernard.com/les-basler-brunsli,https://staging.lacuisinedebernard.com/les-basler-brunsli
https://lacuisinedebernard.com/les-basler-brunsli/,https://staging.lacuisinedebernard.com/les-basler-brunsli
https://www.lacuisinedebernard.com/les-basler-brunsli,https://staging.lacuisinedebernard.com/les-basler-brunsli
https://www.lacuisinedebernard.com/les-basler-brunsli/,https://staging.lacuisinedebernard.com/les-basler-brunsli
https://lacuisinedebernard.com/le-pithiviers,https://staging.lacuisinedebernard.com/le-pithiviers
https://lacuisinedebernard.com/le-pithiviers/,https://staging.lacuisinedebernard.com/le-pithiviers
https://www.lacuisinedebernard.com/le-pithiviers,https://staging.lacuisinedebernard.com/le-pithiviers
https://www.lacuisinedebernard.com/le-pithiviers/,https://staging.lacuisinedebernard.com/le-pithiviers
https://lacuisinedebernard.com/les-raviolis-geants-la-courge-butternu,https://staging.lacuisinedebernard.com/les-raviolis-geants-la-courge-butternu
https://lacuisinedebernard.com/les-raviolis-geants-la-courge-butternu/,https://staging.lacuisinedebernard.com/les-raviolis-geants-la-courge-butternu
https://www.lacuisinedebernard.com/les-raviolis-geants-la-courge-butternu,https://staging.lacuisinedebernard.com/les-raviolis-geants-la-courge-butternu
https://www.lacuisinedebernard.com/les-raviolis-geants-la-courge-butternu/,https://staging.lacuisinedebernard.com/les-raviolis-geants-la-courge-butternu
https://lacuisinedebernard.com/projets-2016-et-publicite,https://staging.lacuisinedebernard.com/projets-2016-et-publicite
https://lacuisinedebernard.com/projets-2016-et-publicite/,https://staging.lacuisinedebernard.com/projets-2016-et-publicite
https://www.lacuisinedebernard.com/projets-2016-et-publicite,https://staging.lacuisinedebernard.com/projets-2016-et-publicite
https://www.lacuisinedebernard.com/projets-2016-et-publicite/,https://staging.lacuisinedebernard.com/projets-2016-et-publicite
https://lacuisinedebernard.com/les-pates-la-courge-butternu,https://staging.lacuisinedebernard.com/les-pates-la-courge-butternu
https://lacuisinedebernard.com/les-pates-la-courge-butternu/,https://staging.lacuisinedebernard.com/les-pates-la-courge-butternu
https://www.lacuisinedebernard.com/les-pates-la-courge-butternu,https://staging.lacuisinedebernard.com/les-pates-la-courge-butternu
https://www.lacuisinedebernard.com/les-pates-la-courge-butternu/,https://staging.lacuisinedebernard.com/les-pates-la-courge-butternu
https://lacuisinedebernard.com/la-tarte-salee-aux-patates-douces,https://staging.lacuisinedebernard.com/la-tarte-salee-aux-patates-douces
https://lacuisinedebernard.com/la-tarte-salee-aux-patates-douces/,https://staging.lacuisinedebernard.com/la-tarte-salee-aux-patates-douces
https://www.lacuisinedebernard.com/la-tarte-salee-aux-patates-douces,https://staging.lacuisinedebernard.com/la-tarte-salee-aux-patates-douces
https://www.lacuisinedebernard.com/la-tarte-salee-aux-patates-douces/,https://staging.lacuisinedebernard.com/la-tarte-salee-aux-patates-douces
https://lacuisinedebernard.com/le-pain-au-cacao-et-pepites-de-chocola,https://staging.lacuisinedebernard.com/le-pain-au-cacao-et-pepites-de-chocola
https://lacuisinedebernard.com/le-pain-au-cacao-et-pepites-de-chocola/,https://staging.lacuisinedebernard.com/le-pain-au-cacao-et-pepites-de-chocola
https://www.lacuisinedebernard.com/le-pain-au-cacao-et-pepites-de-chocola,https://staging.lacuisinedebernard.com/le-pain-au-cacao-et-pepites-de-chocola
https://www.lacuisinedebernard.com/le-pain-au-cacao-et-pepites-de-chocola/,https://staging.lacuisinedebernard.com/le-pain-au-cacao-et-pepites-de-chocola
https://lacuisinedebernard.com/le-chutney-de-mangue,https://staging.lacuisinedebernard.com/le-chutney-de-mangue
https://lacuisinedebernard.com/le-chutney-de-mangue/,https://staging.lacuisinedebernard.com/le-chutney-de-mangue
https://www.lacuisinedebernard.com/le-chutney-de-mangue,https://staging.lacuisinedebernard.com/le-chutney-de-mangue
https://www.lacuisinedebernard.com/le-chutney-de-mangue/,https://staging.lacuisinedebernard.com/le-chutney-de-mangue
https://lacuisinedebernard.com/le-cheesecake-aux-deux-chocolats,https://staging.lacuisinedebernard.com/le-cheesecake-aux-deux-chocolats
https://lacuisinedebernard.com/le-cheesecake-aux-deux-chocolats/,https://staging.lacuisinedebernard.com/le-cheesecake-aux-deux-chocolats
https://www.lacuisinedebernard.com/le-cheesecake-aux-deux-chocolats,https://staging.lacuisinedebernard.com/le-cheesecake-aux-deux-chocolats
https://www.lacuisinedebernard.com/le-cheesecake-aux-deux-chocolats/,https://staging.lacuisinedebernard.com/le-cheesecake-aux-deux-chocolats
https://lacuisinedebernard.com/les-sables-grevin,https://staging.lacuisinedebernard.com/les-sables-grevin
https://lacuisinedebernard.com/les-sables-grevin/,https://staging.lacuisinedebernard.com/les-sables-grevin
https://www.lacuisinedebernard.com/les-sables-grevin,https://staging.lacuisinedebernard.com/les-sables-grevin
https://www.lacuisinedebernard.com/les-sables-grevin/,https://staging.lacuisinedebernard.com/les-sables-grevin
https://lacuisinedebernard.com/galette-sucree-au-vin-blanc-et-lhuile,https://staging.lacuisinedebernard.com/galette-sucree-au-vin-blanc-et-lhuile
https://lacuisinedebernard.com/galette-sucree-au-vin-blanc-et-lhuile/,https://staging.lacuisinedebernard.com/galette-sucree-au-vin-blanc-et-lhuile
https://www.lacuisinedebernard.com/galette-sucree-au-vin-blanc-et-lhuile,https://staging.lacuisinedebernard.com/galette-sucree-au-vin-blanc-et-lhuile
https://www.lacuisinedebernard.com/galette-sucree-au-vin-blanc-et-lhuile/,https://staging.lacuisinedebernard.com/galette-sucree-au-vin-blanc-et-lhuile
https://lacuisinedebernard.com/soupe-avoine-et-shiitakes,https://staging.lacuisinedebernard.com/soupe-avoine-et-shiitakes
https://lacuisinedebernard.com/soupe-avoine-et-shiitakes/,https://staging.lacuisinedebernard.com/soupe-avoine-et-shiitakes
https://www.lacuisinedebernard.com/soupe-avoine-et-shiitakes,https://staging.lacuisinedebernard.com/soupe-avoine-et-shiitakes
https://www.lacuisinedebernard.com/soupe-avoine-et-shiitakes/,https://staging.lacuisinedebernard.com/soupe-avoine-et-shiitakes
https://lacuisinedebernard.com/galettes-de-son-davoine-aux-carottes,https://staging.lacuisinedebernard.com/galettes-de-son-davoine-aux-carottes
https://lacuisinedebernard.com/galettes-de-son-davoine-aux-carottes/,https://staging.lacuisinedebernard.com/galettes-de-son-davoine-aux-carottes
https://www.lacuisinedebernard.com/galettes-de-son-davoine-aux-carottes,https://staging.lacuisinedebernard.com/galettes-de-son-davoine-aux-carottes
https://www.lacuisinedebernard.com/galettes-de-son-davoine-aux-carottes/,https://staging.lacuisinedebernard.com/galettes-de-son-davoine-aux-carottes
https://lacuisinedebernard.com/flapjacks-aux-framboises-et-aux-amandes,https://staging.lacuisinedebernard.com/flapjacks-aux-framboises-et-aux-amandes
https://lacuisinedebernard.com/flapjacks-aux-framboises-et-aux-amandes/,https://staging.lacuisinedebernard.com/flapjacks-aux-framboises-et-aux-amandes
https://www.lacuisinedebernard.com/flapjacks-aux-framboises-et-aux-amandes,https://staging.lacuisinedebernard.com/flapjacks-aux-framboises-et-aux-amandes
https://www.lacuisinedebernard.com/flapjacks-aux-framboises-et-aux-amandes/,https://staging.lacuisinedebernard.com/flapjacks-aux-framboises-et-aux-amandes
https://lacuisinedebernard.com/raviolis-chinois-en-sauce-piquante,https://staging.lacuisinedebernard.com/raviolis-chinois-en-sauce-piquante
https://lacuisinedebernard.com/raviolis-chinois-en-sauce-piquante/,https://staging.lacuisinedebernard.com/raviolis-chinois-en-sauce-piquante
https://www.lacuisinedebernard.com/raviolis-chinois-en-sauce-piquante,https://staging.lacuisinedebernard.com/raviolis-chinois-en-sauce-piquante
https://www.lacuisinedebernard.com/raviolis-chinois-en-sauce-piquante/,https://staging.lacuisinedebernard.com/raviolis-chinois-en-sauce-piquante
https://lacuisinedebernard.com/frites-epicees-de-patate-douce-au-four,https://staging.lacuisinedebernard.com/frites-epicees-de-patate-douce-au-four
https://lacuisinedebernard.com/frites-epicees-de-patate-douce-au-four/,https://staging.lacuisinedebernard.com/frites-epicees-de-patate-douce-au-four
https://www.lacuisinedebernard.com/frites-epicees-de-patate-douce-au-four,https://staging.lacuisinedebernard.com/frites-epicees-de-patate-douce-au-four
https://www.lacuisinedebernard.com/frites-epicees-de-patate-douce-au-four/,https://staging.lacuisinedebernard.com/frites-epicees-de-patate-douce-au-four
https://lacuisinedebernard.com/karaage-de-poule,https://staging.lacuisinedebernard.com/karaage-de-poule
https://lacuisinedebernard.com/karaage-de-poule/,https://staging.lacuisinedebernard.com/karaage-de-poule
https://www.lacuisinedebernard.com/karaage-de-poule,https://staging.lacuisinedebernard.com/karaage-de-poule
https://www.lacuisinedebernard.com/karaage-de-poule/,https://staging.lacuisinedebernard.com/karaage-de-poule
https://lacuisinedebernard.com/crumble-aux-fruits-rouges-avoine-e,https://staging.lacuisinedebernard.com/crumble-aux-fruits-rouges-avoine-e
https://lacuisinedebernard.com/crumble-aux-fruits-rouges-avoine-e/,https://staging.lacuisinedebernard.com/crumble-aux-fruits-rouges-avoine-e
https://www.lacuisinedebernard.com/crumble-aux-fruits-rouges-avoine-e,https://staging.lacuisinedebernard.com/crumble-aux-fruits-rouges-avoine-e
https://www.lacuisinedebernard.com/crumble-aux-fruits-rouges-avoine-e/,https://staging.lacuisinedebernard.com/crumble-aux-fruits-rouges-avoine-e
https://lacuisinedebernard.com/poulet-basquaise,https://staging.lacuisinedebernard.com/poulet-basquaise
https://lacuisinedebernard.com/poulet-basquaise/,https://staging.lacuisinedebernard.com/poulet-basquaise
https://www.lacuisinedebernard.com/poulet-basquaise,https://staging.lacuisinedebernard.com/poulet-basquaise
https://www.lacuisinedebernard.com/poulet-basquaise/,https://staging.lacuisinedebernard.com/poulet-basquaise
https://lacuisinedebernard.com/sables-aux-noix-de-cajou,https://staging.lacuisinedebernard.com/sables-aux-noix-de-cajou
https://lacuisinedebernard.com/sables-aux-noix-de-cajou/,https://staging.lacuisinedebernard.com/sables-aux-noix-de-cajou
https://www.lacuisinedebernard.com/sables-aux-noix-de-cajou,https://staging.lacuisinedebernard.com/sables-aux-noix-de-cajou
https://www.lacuisinedebernard.com/sables-aux-noix-de-cajou/,https://staging.lacuisinedebernard.com/sables-aux-noix-de-cajou
https://lacuisinedebernard.com/salade-de-chou-kale-aux-amandes-pommes,https://staging.lacuisinedebernard.com/salade-de-chou-kale-aux-amandes-pommes
https://lacuisinedebernard.com/salade-de-chou-kale-aux-amandes-pommes/,https://staging.lacuisinedebernard.com/salade-de-chou-kale-aux-amandes-pommes
https://www.lacuisinedebernard.com/salade-de-chou-kale-aux-amandes-pommes,https://staging.lacuisinedebernard.com/salade-de-chou-kale-aux-amandes-pommes
https://www.lacuisinedebernard.com/salade-de-chou-kale-aux-amandes-pommes/,https://staging.lacuisinedebernard.com/salade-de-chou-kale-aux-amandes-pommes
https://lacuisinedebernard.com/madeleines-au-miel-citron-vert-e,https://staging.lacuisinedebernard.com/madeleines-au-miel-citron-vert-e
https://lacuisinedebernard.com/madeleines-au-miel-citron-vert-e/,https://staging.lacuisinedebernard.com/madeleines-au-miel-citron-vert-e
https://www.lacuisinedebernard.com/madeleines-au-miel-citron-vert-e,https://staging.lacuisinedebernard.com/madeleines-au-miel-citron-vert-e
https://www.lacuisinedebernard.com/madeleines-au-miel-citron-vert-e/,https://staging.lacuisinedebernard.com/madeleines-au-miel-citron-vert-e
https://lacuisinedebernard.com/blondies-noix-et-avoine-aux-trois,https://staging.lacuisinedebernard.com/blondies-noix-et-avoine-aux-trois
https://lacuisinedebernard.com/blondies-noix-et-avoine-aux-trois/,https://staging.lacuisinedebernard.com/blondies-noix-et-avoine-aux-trois
https://www.lacuisinedebernard.com/blondies-noix-et-avoine-aux-trois,https://staging.lacuisinedebernard.com/blondies-noix-et-avoine-aux-trois
https://www.lacuisinedebernard.com/blondies-noix-et-avoine-aux-trois/,https://staging.lacuisinedebernard.com/blondies-noix-et-avoine-aux-trois
https://lacuisinedebernard.com/salade-poulet-ananas-coco-cajou,https://staging.lacuisinedebernard.com/salade-poulet-ananas-coco-cajou
https://lacuisinedebernard.com/salade-poulet-ananas-coco-cajou/,https://staging.lacuisinedebernard.com/salade-poulet-ananas-coco-cajou
https://www.lacuisinedebernard.com/salade-poulet-ananas-coco-cajou,https://staging.lacuisinedebernard.com/salade-poulet-ananas-coco-cajou
https://www.lacuisinedebernard.com/salade-poulet-ananas-coco-cajou/,https://staging.lacuisinedebernard.com/salade-poulet-ananas-coco-cajou
https://lacuisinedebernard.com/bouchees-au-porc-et-chataignes-deau,https://staging.lacuisinedebernard.com/bouchees-au-porc-et-chataignes-deau
https://lacuisinedebernard.com/bouchees-au-porc-et-chataignes-deau/,https://staging.lacuisinedebernard.com/bouchees-au-porc-et-chataignes-deau
https://www.lacuisinedebernard.com/bouchees-au-porc-et-chataignes-deau,https://staging.lacuisinedebernard.com/bouchees-au-porc-et-chataignes-deau
https://www.lacuisinedebernard.com/bouchees-au-porc-et-chataignes-deau/,https://staging.lacuisinedebernard.com/bouchees-au-porc-et-chataignes-deau
https://lacuisinedebernard.com/salade-elisa,https://staging.lacuisinedebernard.com/salade-elisa
https://lacuisinedebernard.com/salade-elisa/,https://staging.lacuisinedebernard.com/salade-elisa
https://www.lacuisinedebernard.com/salade-elisa,https://staging.lacuisinedebernard.com/salade-elisa
https://www.lacuisinedebernard.com/salade-elisa/,https://staging.lacuisinedebernard.com/salade-elisa
https://lacuisinedebernard.com/quatre-quarts-ultime,https://staging.lacuisinedebernard.com/quatre-quarts-ultime
https://lacuisinedebernard.com/quatre-quarts-ultime/,https://staging.lacuisinedebernard.com/quatre-quarts-ultime
https://www.lacuisinedebernard.com/quatre-quarts-ultime,https://staging.lacuisinedebernard.com/quatre-quarts-ultime
https://www.lacuisinedebernard.com/quatre-quarts-ultime/,https://staging.lacuisinedebernard.com/quatre-quarts-ultime
https://lacuisinedebernard.com/cookies-vegetaliens-chocolat-noix-de,https://staging.lacuisinedebernard.com/cookies-vegetaliens-chocolat-noix-de
https://lacuisinedebernard.com/cookies-vegetaliens-chocolat-noix-de/,https://staging.lacuisinedebernard.com/cookies-vegetaliens-chocolat-noix-de
https://www.lacuisinedebernard.com/cookies-vegetaliens-chocolat-noix-de,https://staging.lacuisinedebernard.com/cookies-vegetaliens-chocolat-noix-de
https://www.lacuisinedebernard.com/cookies-vegetaliens-chocolat-noix-de/,https://staging.lacuisinedebernard.com/cookies-vegetaliens-chocolat-noix-de
https://lacuisinedebernard.com/quinoa-facon-risotto-aux-legumes,https://staging.lacuisinedebernard.com/quinoa-facon-risotto-aux-legumes
https://lacuisinedebernard.com/quinoa-facon-risotto-aux-legumes/,https://staging.lacuisinedebernard.com/quinoa-facon-risotto-aux-legumes
https://www.lacuisinedebernard.com/quinoa-facon-risotto-aux-legumes,https://staging.lacuisinedebernard.com/quinoa-facon-risotto-aux-legumes
https://www.lacuisinedebernard.com/quinoa-facon-risotto-aux-legumes/,https://staging.lacuisinedebernard.com/quinoa-facon-risotto-aux-legumes
https://lacuisinedebernard.com/cake-aux-peches-amandes-et-chocola,https://staging.lacuisinedebernard.com/cake-aux-peches-amandes-et-chocola
https://lacuisinedebernard.com/cake-aux-peches-amandes-et-chocola/,https://staging.lacuisinedebernard.com/cake-aux-peches-amandes-et-chocola
https://www.lacuisinedebernard.com/cake-aux-peches-amandes-et-chocola,https://staging.lacuisinedebernard.com/cake-aux-peches-amandes-et-chocola
https://www.lacuisinedebernard.com/cake-aux-peches-amandes-et-chocola/,https://staging.lacuisinedebernard.com/cake-aux-peches-amandes-et-chocola
https://lacuisinedebernard.com/cake-ultime-au-chocola,https://staging.lacuisinedebernard.com/cake-ultime-au-chocola
https://lacuisinedebernard.com/cake-ultime-au-chocola/,https://staging.lacuisinedebernard.com/cake-ultime-au-chocola
https://www.lacuisinedebernard.com/cake-ultime-au-chocola,https://staging.lacuisinedebernard.com/cake-ultime-au-chocola
https://www.lacuisinedebernard.com/cake-ultime-au-chocola/,https://staging.lacuisinedebernard.com/cake-ultime-au-chocola
https://lacuisinedebernard.com/risotto-au-combava-et-poutargue,https://staging.lacuisinedebernard.com/risotto-au-combava-et-poutargue
https://lacuisinedebernard.com/risotto-au-combava-et-poutargue/,https://staging.lacuisinedebernard.com/risotto-au-combava-et-poutargue
https://www.lacuisinedebernard.com/risotto-au-combava-et-poutargue,https://staging.lacuisinedebernard.com/risotto-au-combava-et-poutargue
https://www.lacuisinedebernard.com/risotto-au-combava-et-poutargue/,https://staging.lacuisinedebernard.com/risotto-au-combava-et-poutargue
https://lacuisinedebernard.com/le-cake-ultime-au-citron,https://staging.lacuisinedebernard.com/le-cake-ultime-au-citron
https://lacuisinedebernard.com/le-cake-ultime-au-citron/,https://staging.lacuisinedebernard.com/le-cake-ultime-au-citron
https://www.lacuisinedebernard.com/le-cake-ultime-au-citron,https://staging.lacuisinedebernard.com/le-cake-ultime-au-citron
https://www.lacuisinedebernard.com/le-cake-ultime-au-citron/,https://staging.lacuisinedebernard.com/le-cake-ultime-au-citron
https://lacuisinedebernard.com/salade-de-crudites-aux-cacahuetes,https://staging.lacuisinedebernard.com/salade-de-crudites-aux-cacahuetes
https://lacuisinedebernard.com/salade-de-crudites-aux-cacahuetes/,https://staging.lacuisinedebernard.com/salade-de-crudites-aux-cacahuetes
https://www.lacuisinedebernard.com/salade-de-crudites-aux-cacahuetes,https://staging.lacuisinedebernard.com/salade-de-crudites-aux-cacahuetes
https://www.lacuisinedebernard.com/salade-de-crudites-aux-cacahuetes/,https://staging.lacuisinedebernard.com/salade-de-crudites-aux-cacahuetes
https://lacuisinedebernard.com/fondant-baulois,https://staging.lacuisinedebernard.com/fondant-baulois
https://lacuisinedebernard.com/fondant-baulois/,https://staging.lacuisinedebernard.com/fondant-baulois
https://www.lacuisinedebernard.com/fondant-baulois,https://staging.lacuisinedebernard.com/fondant-baulois
https://www.lacuisinedebernard.com/fondant-baulois/,https://staging.lacuisinedebernard.com/fondant-baulois
https://lacuisinedebernard.com/tajine-de-veau-aux-courgettes-blanches,https://staging.lacuisinedebernard.com/tajine-de-veau-aux-courgettes-blanches
https://lacuisinedebernard.com/tajine-de-veau-aux-courgettes-blanches/,https://staging.lacuisinedebernard.com/tajine-de-veau-aux-courgettes-blanches
https://www.lacuisinedebernard.com/tajine-de-veau-aux-courgettes-blanches,https://staging.lacuisinedebernard.com/tajine-de-veau-aux-courgettes-blanches
https://www.lacuisinedebernard.com/tajine-de-veau-aux-courgettes-blanches/,https://staging.lacuisinedebernard.com/tajine-de-veau-aux-courgettes-blanches
https://lacuisinedebernard.com/bleu-blanc-cook,https://staging.lacuisinedebernard.com/bleu-blanc-cook
https://lacuisinedebernard.com/bleu-blanc-cook/,https://staging.lacuisinedebernard.com/bleu-blanc-cook
https://www.lacuisinedebernard.com/bleu-blanc-cook,https://staging.lacuisinedebernard.com/bleu-blanc-cook
https://www.lacuisinedebernard.com/bleu-blanc-cook/,https://staging.lacuisinedebernard.com/bleu-blanc-cook
https://lacuisinedebernard.com/gaufres-liegeoises,https://staging.lacuisinedebernard.com/gaufres-liegeoises
https://lacuisinedebernard.com/gaufres-liegeoises/,https://staging.lacuisinedebernard.com/gaufres-liegeoises
https://www.lacuisinedebernard.com/gaufres-liegeoises,https://staging.lacuisinedebernard.com/gaufres-liegeoises
https://www.lacuisinedebernard.com/gaufres-liegeoises/,https://staging.lacuisinedebernard.com/gaufres-liegeoises
https://lacuisinedebernard.com/roti-de-porc-aux-legumes-dautomne,https://staging.lacuisinedebernard.com/roti-de-porc-aux-legumes-dautomne
https://lacuisinedebernard.com/roti-de-porc-aux-legumes-dautomne/,https://staging.lacuisinedebernard.com/roti-de-porc-aux-legumes-dautomne
https://www.lacuisinedebernard.com/roti-de-porc-aux-legumes-dautomne,https://staging.lacuisinedebernard.com/roti-de-porc-aux-legumes-dautomne
https://www.lacuisinedebernard.com/roti-de-porc-aux-legumes-dautomne/,https://staging.lacuisinedebernard.com/roti-de-porc-aux-legumes-dautomne
https://lacuisinedebernard.com/pain-blanc-maison,https://staging.lacuisinedebernard.com/pain-blanc-maison
https://lacuisinedebernard.com/pain-blanc-maison/,https://staging.lacuisinedebernard.com/pain-blanc-maison
https://www.lacuisinedebernard.com/pain-blanc-maison,https://staging.lacuisinedebernard.com/pain-blanc-maison
https://www.lacuisinedebernard.com/pain-blanc-maison/,https://staging.lacuisinedebernard.com/pain-blanc-maison
https://lacuisinedebernard.com/muhammara,https://staging.lacuisinedebernard.com/muhammara
https://lacuisinedebernard.com/muhammara/,https://staging.lacuisinedebernard.com/muhammara
https://www.lacuisinedebernard.com/muhammara,https://staging.lacuisinedebernard.com/muhammara
https://www.lacuisinedebernard.com/muhammara/,https://staging.lacuisinedebernard.com/muhammara
https://lacuisinedebernard.com/jack-be-little-rotis-la-creme-dail-e,https://staging.lacuisinedebernard.com/jack-be-little-rotis-la-creme-dail-e
https://lacuisinedebernard.com/jack-be-little-rotis-la-creme-dail-e/,https://staging.lacuisinedebernard.com/jack-be-little-rotis-la-creme-dail-e
https://www.lacuisinedebernard.com/jack-be-little-rotis-la-creme-dail-e,https://staging.lacuisinedebernard.com/jack-be-little-rotis-la-creme-dail-e
https://www.lacuisinedebernard.com/jack-be-little-rotis-la-creme-dail-e/,https://staging.lacuisinedebernard.com/jack-be-little-rotis-la-creme-dail-e
https://lacuisinedebernard.com/soupe-de-potimarron,https://staging.lacuisinedebernard.com/soupe-de-potimarron
https://lacuisinedebernard.com/soupe-de-potimarron/,https://staging.lacuisinedebernard.com/soupe-de-potimarron
https://www.lacuisinedebernard.com/soupe-de-potimarron,https://staging.lacuisinedebernard.com/soupe-de-potimarron
https://www.lacuisinedebernard.com/soupe-de-potimarron/,https://staging.lacuisinedebernard.com/soupe-de-potimarron
https://lacuisinedebernard.com/les-cookies-chocolat-noisettes,https://staging.lacuisinedebernard.com/les-cookies-chocolat-noisettes
https://lacuisinedebernard.com/les-cookies-chocolat-noisettes/,https://staging.lacuisinedebernard.com/les-cookies-chocolat-noisettes
https://www.lacuisinedebernard.com/les-cookies-chocolat-noisettes,https://staging.lacuisinedebernard.com/les-cookies-chocolat-noisettes
https://www.lacuisinedebernard.com/les-cookies-chocolat-noisettes/,https://staging.lacuisinedebernard.com/les-cookies-chocolat-noisettes
https://lacuisinedebernard.com/salade-japonaise-de-kabocha,https://staging.lacuisinedebernard.com/salade-japonaise-de-kabocha
https://lacuisinedebernard.com/salade-japonaise-de-kabocha/,https://staging.lacuisinedebernard.com/salade-japonaise-de-kabocha
https://www.lacuisinedebernard.com/salade-japonaise-de-kabocha,https://staging.lacuisinedebernard.com/salade-japonaise-de-kabocha
https://www.lacuisinedebernard.com/salade-japonaise-de-kabocha/,https://staging.lacuisinedebernard.com/salade-japonaise-de-kabocha
https://lacuisinedebernard.com/tarte-aux-noix-miel-cannelle-et-chocola,https://staging.lacuisinedebernard.com/tarte-aux-noix-miel-cannelle-et-chocola
https://lacuisinedebernard.com/tarte-aux-noix-miel-cannelle-et-chocola/,https://staging.lacuisinedebernard.com/tarte-aux-noix-miel-cannelle-et-chocola
https://www.lacuisinedebernard.com/tarte-aux-noix-miel-cannelle-et-chocola,https://staging.lacuisinedebernard.com/tarte-aux-noix-miel-cannelle-et-chocola
https://www.lacuisinedebernard.com/tarte-aux-noix-miel-cannelle-et-chocola/,https://staging.lacuisinedebernard.com/tarte-aux-noix-miel-cannelle-et-chocola
https://lacuisinedebernard.com/osso-buco,https://staging.lacuisinedebernard.com/osso-buco
https://lacuisinedebernard.com/osso-buco/,https://staging.lacuisinedebernard.com/osso-buco
https://www.lacuisinedebernard.com/osso-buco,https://staging.lacuisinedebernard.com/osso-buco
https://www.lacuisinedebernard.com/osso-buco/,https://staging.lacuisinedebernard.com/osso-buco
https://lacuisinedebernard.com/tuiles-aux-amandes,https://staging.lacuisinedebernard.com/tuiles-aux-amandes
https://lacuisinedebernard.com/tuiles-aux-amandes/,https://staging.lacuisinedebernard.com/tuiles-aux-amandes
https://www.lacuisinedebernard.com/tuiles-aux-amandes,https://staging.lacuisinedebernard.com/tuiles-aux-amandes
https://www.lacuisinedebernard.com/tuiles-aux-amandes/,https://staging.lacuisinedebernard.com/tuiles-aux-amandes
https://lacuisinedebernard.com/gateau-lebrao,https://staging.lacuisinedebernard.com/gateau-lebrao
https://lacuisinedebernard.com/gateau-lebrao/,https://staging.lacuisinedebernard.com/gateau-lebrao
https://www.lacuisinedebernard.com/gateau-lebrao,https://staging.lacuisinedebernard.com/gateau-lebrao
https://www.lacuisinedebernard.com/gateau-lebrao/,https://staging.lacuisinedebernard.com/gateau-lebrao
https://lacuisinedebernard.com/les-pates-aux-champignons-noix-e,https://staging.lacuisinedebernard.com/les-pates-aux-champignons-noix-e
https://lacuisinedebernard.com/les-pates-aux-champignons-noix-e/,https://staging.lacuisinedebernard.com/les-pates-aux-champignons-noix-e
https://www.lacuisinedebernard.com/les-pates-aux-champignons-noix-e,https://staging.lacuisinedebernard.com/les-pates-aux-champignons-noix-e
https://www.lacuisinedebernard.com/les-pates-aux-champignons-noix-e/,https://staging.lacuisinedebernard.com/les-pates-aux-champignons-noix-e
https://lacuisinedebernard.com/tajine-de-veau-aux-patates-douces,https://staging.lacuisinedebernard.com/tajine-de-veau-aux-patates-douces
https://lacuisinedebernard.com/tajine-de-veau-aux-patates-douces/,https://staging.lacuisinedebernard.com/tajine-de-veau-aux-patates-douces
https://www.lacuisinedebernard.com/tajine-de-veau-aux-patates-douces,https://staging.lacuisinedebernard.com/tajine-de-veau-aux-patates-douces
https://www.lacuisinedebernard.com/tajine-de-veau-aux-patates-douces/,https://staging.lacuisinedebernard.com/tajine-de-veau-aux-patates-douces
https://lacuisinedebernard.com/sticky-toffee-pudding,https://staging.lacuisinedebernard.com/sticky-toffee-pudding
https://lacuisinedebernard.com/sticky-toffee-pudding/,https://staging.lacuisinedebernard.com/sticky-toffee-pudding
https://www.lacuisinedebernard.com/sticky-toffee-pudding,https://staging.lacuisinedebernard.com/sticky-toffee-pudding
https://www.lacuisinedebernard.com/sticky-toffee-pudding/,https://staging.lacuisinedebernard.com/sticky-toffee-pudding
https://lacuisinedebernard.com/zezettes-de-sete,https://staging.lacuisinedebernard.com/zezettes-de-sete
https://lacuisinedebernard.com/zezettes-de-sete/,https://staging.lacuisinedebernard.com/zezettes-de-sete
https://www.lacuisinedebernard.com/zezettes-de-sete,https://staging.lacuisinedebernard.com/zezettes-de-sete
https://www.lacuisinedebernard.com/zezettes-de-sete/,https://staging.lacuisinedebernard.com/zezettes-de-sete
https://lacuisinedebernard.com/biscuits-aux-noisettes_11,https://staging.lacuisinedebernard.com/biscuits-aux-noisettes_11
https://lacuisinedebernard.com/biscuits-aux-noisettes_11/,https://staging.lacuisinedebernard.com/biscuits-aux-noisettes_11
https://www.lacuisinedebernard.com/biscuits-aux-noisettes_11,https://staging.lacuisinedebernard.com/biscuits-aux-noisettes_11
https://www.lacuisinedebernard.com/biscuits-aux-noisettes_11/,https://staging.lacuisinedebernard.com/biscuits-aux-noisettes_11
https://lacuisinedebernard.com/le-pain-depices-lorange-et-aux-noix,https://staging.lacuisinedebernard.com/le-pain-depices-lorange-et-aux-noix
https://lacuisinedebernard.com/le-pain-depices-lorange-et-aux-noix/,https://staging.lacuisinedebernard.com/le-pain-depices-lorange-et-aux-noix
https://www.lacuisinedebernard.com/le-pain-depices-lorange-et-aux-noix,https://staging.lacuisinedebernard.com/le-pain-depices-lorange-et-aux-noix
https://www.lacuisinedebernard.com/le-pain-depices-lorange-et-aux-noix/,https://staging.lacuisinedebernard.com/le-pain-depices-lorange-et-aux-noix
https://lacuisinedebernard.com/gateau-crumble-pomme-carame,https://staging.lacuisinedebernard.com/gateau-crumble-pomme-carame
https://lacuisinedebernard.com/gateau-crumble-pomme-carame/,https://staging.lacuisinedebernard.com/gateau-crumble-pomme-carame
https://www.lacuisinedebernard.com/gateau-crumble-pomme-carame,https://staging.lacuisinedebernard.com/gateau-crumble-pomme-carame
https://www.lacuisinedebernard.com/gateau-crumble-pomme-carame/,https://staging.lacuisinedebernard.com/gateau-crumble-pomme-carame
https://lacuisinedebernard.com/shortbreads-aux-noix-de-pecan-et-carame,https://staging.lacuisinedebernard.com/shortbreads-aux-noix-de-pecan-et-carame
https://lacuisinedebernard.com/shortbreads-aux-noix-de-pecan-et-carame/,https://staging.lacuisinedebernard.com/shortbreads-aux-noix-de-pecan-et-carame
https://www.lacuisinedebernard.com/shortbreads-aux-noix-de-pecan-et-carame,https://staging.lacuisinedebernard.com/shortbreads-aux-noix-de-pecan-et-carame
https://www.lacuisinedebernard.com/shortbreads-aux-noix-de-pecan-et-carame/,https://staging.lacuisinedebernard.com/shortbreads-aux-noix-de-pecan-et-carame
https://lacuisinedebernard.com/premier-direct-avec-sanjee-de-bollywood,https://staging.lacuisinedebernard.com/premier-direct-avec-sanjee-de-bollywood
https://lacuisinedebernard.com/premier-direct-avec-sanjee-de-bollywood/,https://staging.lacuisinedebernard.com/premier-direct-avec-sanjee-de-bollywood
https://www.lacuisinedebernard.com/premier-direct-avec-sanjee-de-bollywood,https://staging.lacuisinedebernard.com/premier-direct-avec-sanjee-de-bollywood
https://www.lacuisinedebernard.com/premier-direct-avec-sanjee-de-bollywood/,https://staging.lacuisinedebernard.com/premier-direct-avec-sanjee-de-bollywood
https://lacuisinedebernard.com/pate-aux-morilles-chou-vert-et-magre,https://staging.lacuisinedebernard.com/pate-aux-morilles-chou-vert-et-magre
https://lacuisinedebernard.com/pate-aux-morilles-chou-vert-et-magre/,https://staging.lacuisinedebernard.com/pate-aux-morilles-chou-vert-et-magre
https://www.lacuisinedebernard.com/pate-aux-morilles-chou-vert-et-magre,https://staging.lacuisinedebernard.com/pate-aux-morilles-chou-vert-et-magre
https://www.lacuisinedebernard.com/pate-aux-morilles-chou-vert-et-magre/,https://staging.lacuisinedebernard.com/pate-aux-morilles-chou-vert-et-magre
https://lacuisinedebernard.com/cookies-aux-noix-de-pecan,https://staging.lacuisinedebernard.com/cookies-aux-noix-de-pecan
https://lacuisinedebernard.com/cookies-aux-noix-de-pecan/,https://staging.lacuisinedebernard.com/cookies-aux-noix-de-pecan
https://www.lacuisinedebernard.com/cookies-aux-noix-de-pecan,https://staging.lacuisinedebernard.com/cookies-aux-noix-de-pecan
https://www.lacuisinedebernard.com/cookies-aux-noix-de-pecan/,https://staging.lacuisinedebernard.com/cookies-aux-noix-de-pecan
https://lacuisinedebernard.com/la-galettes-des-rois-pistache-kirsch-e,https://staging.lacuisinedebernard.com/la-galettes-des-rois-pistache-kirsch-e
https://lacuisinedebernard.com/la-galettes-des-rois-pistache-kirsch-e/,https://staging.lacuisinedebernard.com/la-galettes-des-rois-pistache-kirsch-e
https://www.lacuisinedebernard.com/la-galettes-des-rois-pistache-kirsch-e,https://staging.lacuisinedebernard.com/la-galettes-des-rois-pistache-kirsch-e
https://www.lacuisinedebernard.com/la-galettes-des-rois-pistache-kirsch-e/,https://staging.lacuisinedebernard.com/la-galettes-des-rois-pistache-kirsch-e
https://lacuisinedebernard.com/poulet-korma-cremeux-de-sanjee,https://staging.lacuisinedebernard.com/poulet-korma-cremeux-de-sanjee
https://lacuisinedebernard.com/poulet-korma-cremeux-de-sanjee/,https://staging.lacuisinedebernard.com/poulet-korma-cremeux-de-sanjee
https://www.lacuisinedebernard.com/poulet-korma-cremeux-de-sanjee,https://staging.lacuisinedebernard.com/poulet-korma-cremeux-de-sanjee
https://www.lacuisinedebernard.com/poulet-korma-cremeux-de-sanjee/,https://staging.lacuisinedebernard.com/poulet-korma-cremeux-de-sanjee
https://lacuisinedebernard.com/buche-noix-de-pecan-caramelisees-sirop,https://staging.lacuisinedebernard.com/buche-noix-de-pecan-caramelisees-sirop
https://lacuisinedebernard.com/buche-noix-de-pecan-caramelisees-sirop/,https://staging.lacuisinedebernard.com/buche-noix-de-pecan-caramelisees-sirop
https://www.lacuisinedebernard.com/buche-noix-de-pecan-caramelisees-sirop,https://staging.lacuisinedebernard.com/buche-noix-de-pecan-caramelisees-sirop
https://www.lacuisinedebernard.com/buche-noix-de-pecan-caramelisees-sirop/,https://staging.lacuisinedebernard.com/buche-noix-de-pecan-caramelisees-sirop
https://lacuisinedebernard.com/la-galette-des-rois-aux-pralines-roses,https://staging.lacuisinedebernard.com/la-galette-des-rois-aux-pralines-roses
https://lacuisinedebernard.com/la-galette-des-rois-aux-pralines-roses/,https://staging.lacuisinedebernard.com/la-galette-des-rois-aux-pralines-roses
https://www.lacuisinedebernard.com/la-galette-des-rois-aux-pralines-roses,https://staging.lacuisinedebernard.com/la-galette-des-rois-aux-pralines-roses
https://www.lacuisinedebernard.com/la-galette-des-rois-aux-pralines-roses/,https://staging.lacuisinedebernard.com/la-galette-des-rois-aux-pralines-roses
https://lacuisinedebernard.com/cookies-levain-bakery-et-spatzles,https://staging.lacuisinedebernard.com/cookies-levain-bakery-et-spatzles
https://lacuisinedebernard.com/cookies-levain-bakery-et-spatzles/,https://staging.lacuisinedebernard.com/cookies-levain-bakery-et-spatzles
https://www.lacuisinedebernard.com/cookies-levain-bakery-et-spatzles,https://staging.lacuisinedebernard.com/cookies-levain-bakery-et-spatzles
https://www.lacuisinedebernard.com/cookies-levain-bakery-et-spatzles/,https://staging.lacuisinedebernard.com/cookies-levain-bakery-et-spatzles
https://lacuisinedebernard.com/cookies-levain-bakery,https://staging.lacuisinedebernard.com/cookies-levain-bakery
https://lacuisinedebernard.com/cookies-levain-bakery/,https://staging.lacuisinedebernard.com/cookies-levain-bakery
https://www.lacuisinedebernard.com/cookies-levain-bakery,https://staging.lacuisinedebernard.com/cookies-levain-bakery
https://www.lacuisinedebernard.com/cookies-levain-bakery/,https://staging.lacuisinedebernard.com/cookies-levain-bakery
https://lacuisinedebernard.com/naans,https://staging.lacuisinedebernard.com/naans
https://lacuisinedebernard.com/naans/,https://staging.lacuisinedebernard.com/naans
https://www.lacuisinedebernard.com/naans,https://staging.lacuisinedebernard.com/naans
https://www.lacuisinedebernard.com/naans/,https://staging.lacuisinedebernard.com/naans
https://lacuisinedebernard.com/le-riz-au-lai,https://staging.lacuisinedebernard.com/le-riz-au-lai
https://lacuisinedebernard.com/le-riz-au-lai/,https://staging.lacuisinedebernard.com/le-riz-au-lai
https://www.lacuisinedebernard.com/le-riz-au-lai,https://staging.lacuisinedebernard.com/le-riz-au-lai
https://www.lacuisinedebernard.com/le-riz-au-lai/,https://staging.lacuisinedebernard.com/le-riz-au-lai
https://lacuisinedebernard.com/madeleine-geante,https://staging.lacuisinedebernard.com/madeleine-geante
https://lacuisinedebernard.com/madeleine-geante/,https://staging.lacuisinedebernard.com/madeleine-geante
https://www.lacuisinedebernard.com/madeleine-geante,https://staging.lacuisinedebernard.com/madeleine-geante
https://www.lacuisinedebernard.com/madeleine-geante/,https://staging.lacuisinedebernard.com/madeleine-geante
https://lacuisinedebernard.com/zanimo-ou-dinosaurus-maison,https://staging.lacuisinedebernard.com/zanimo-ou-dinosaurus-maison
https://lacuisinedebernard.com/zanimo-ou-dinosaurus-maison/,https://staging.lacuisinedebernard.com/zanimo-ou-dinosaurus-maison
https://www.lacuisinedebernard.com/zanimo-ou-dinosaurus-maison,https://staging.lacuisinedebernard.com/zanimo-ou-dinosaurus-maison
https://www.lacuisinedebernard.com/zanimo-ou-dinosaurus-maison/,https://staging.lacuisinedebernard.com/zanimo-ou-dinosaurus-maison
https://lacuisinedebernard.com/mon-epicerie-est-en-ligne-avec-plus-de,https://staging.lacuisinedebernard.com/mon-epicerie-est-en-ligne-avec-plus-de
https://lacuisinedebernard.com/mon-epicerie-est-en-ligne-avec-plus-de/,https://staging.lacuisinedebernard.com/mon-epicerie-est-en-ligne-avec-plus-de
https://www.lacuisinedebernard.com/mon-epicerie-est-en-ligne-avec-plus-de,https://staging.lacuisinedebernard.com/mon-epicerie-est-en-ligne-avec-plus-de
https://www.lacuisinedebernard.com/mon-epicerie-est-en-ligne-avec-plus-de/,https://staging.lacuisinedebernard.com/mon-epicerie-est-en-ligne-avec-plus-de
https://lacuisinedebernard.com/la-tarte-aux-fruits-secs,https://staging.lacuisinedebernard.com/la-tarte-aux-fruits-secs
https://lacuisinedebernard.com/la-tarte-aux-fruits-secs/,https://staging.lacuisinedebernard.com/la-tarte-aux-fruits-secs
https://www.lacuisinedebernard.com/la-tarte-aux-fruits-secs,https://staging.lacuisinedebernard.com/la-tarte-aux-fruits-secs
https://www.lacuisinedebernard.com/la-tarte-aux-fruits-secs/,https://staging.lacuisinedebernard.com/la-tarte-aux-fruits-secs
https://lacuisinedebernard.com/taboule-turc,https://staging.lacuisinedebernard.com/taboule-turc
https://lacuisinedebernard.com/taboule-turc/,https://staging.lacuisinedebernard.com/taboule-turc
https://www.lacuisinedebernard.com/taboule-turc,https://staging.lacuisinedebernard.com/taboule-turc
https://www.lacuisinedebernard.com/taboule-turc/,https://staging.lacuisinedebernard.com/taboule-turc
https://lacuisinedebernard.com/sables-citron-cardamome,https://staging.lacuisinedebernard.com/sables-citron-cardamome
https://lacuisinedebernard.com/sables-citron-cardamome/,https://staging.lacuisinedebernard.com/sables-citron-cardamome
https://www.lacuisinedebernard.com/sables-citron-cardamome,https://staging.lacuisinedebernard.com/sables-citron-cardamome
https://www.lacuisinedebernard.com/sables-citron-cardamome/,https://staging.lacuisinedebernard.com/sables-citron-cardamome
https://lacuisinedebernard.com/tarte-aux-pralines-roses,https://staging.lacuisinedebernard.com/tarte-aux-pralines-roses
https://lacuisinedebernard.com/tarte-aux-pralines-roses/,https://staging.lacuisinedebernard.com/tarte-aux-pralines-roses
https://www.lacuisinedebernard.com/tarte-aux-pralines-roses,https://staging.lacuisinedebernard.com/tarte-aux-pralines-roses
https://www.lacuisinedebernard.com/tarte-aux-pralines-roses/,https://staging.lacuisinedebernard.com/tarte-aux-pralines-roses
https://lacuisinedebernard.com/pate-de-noix-de-cajou-lane,https://staging.lacuisinedebernard.com/pate-de-noix-de-cajou-lane
https://lacuisinedebernard.com/pate-de-noix-de-cajou-lane/,https://staging.lacuisinedebernard.com/pate-de-noix-de-cajou-lane
https://www.lacuisinedebernard.com/pate-de-noix-de-cajou-lane,https://staging.lacuisinedebernard.com/pate-de-noix-de-cajou-lane
https://www.lacuisinedebernard.com/pate-de-noix-de-cajou-lane/,https://staging.lacuisinedebernard.com/pate-de-noix-de-cajou-lane
https://lacuisinedebernard.com/porridge-sale-de-sarrasin-quinoa-e,https://staging.lacuisinedebernard.com/porridge-sale-de-sarrasin-quinoa-e
https://lacuisinedebernard.com/porridge-sale-de-sarrasin-quinoa-e/,https://staging.lacuisinedebernard.com/porridge-sale-de-sarrasin-quinoa-e
https://www.lacuisinedebernard.com/porridge-sale-de-sarrasin-quinoa-e,https://staging.lacuisinedebernard.com/porridge-sale-de-sarrasin-quinoa-e
https://www.lacuisinedebernard.com/porridge-sale-de-sarrasin-quinoa-e/,https://staging.lacuisinedebernard.com/porridge-sale-de-sarrasin-quinoa-e
https://lacuisinedebernard.com/macarons-au-jasmin,https://staging.lacuisinedebernard.com/macarons-au-jasmin
https://lacuisinedebernard.com/macarons-au-jasmin/,https://staging.lacuisinedebernard.com/macarons-au-jasmin
https://www.lacuisinedebernard.com/macarons-au-jasmin,https://staging.lacuisinedebernard.com/macarons-au-jasmin
https://www.lacuisinedebernard.com/macarons-au-jasmin/,https://staging.lacuisinedebernard.com/macarons-au-jasmin
https://lacuisinedebernard.com/les-pasteis-de-nata,https://staging.lacuisinedebernard.com/les-pasteis-de-nata
https://lacuisinedebernard.com/les-pasteis-de-nata/,https://staging.lacuisinedebernard.com/les-pasteis-de-nata
https://www.lacuisinedebernard.com/les-pasteis-de-nata,https://staging.lacuisinedebernard.com/les-pasteis-de-nata
https://www.lacuisinedebernard.com/les-pasteis-de-nata/,https://staging.lacuisinedebernard.com/les-pasteis-de-nata
https://lacuisinedebernard.com/porridge-sale-de-ble-au-lait-de-coco,https://staging.lacuisinedebernard.com/porridge-sale-de-ble-au-lait-de-coco
https://lacuisinedebernard.com/porridge-sale-de-ble-au-lait-de-coco/,https://staging.lacuisinedebernard.com/porridge-sale-de-ble-au-lait-de-coco
https://www.lacuisinedebernard.com/porridge-sale-de-ble-au-lait-de-coco,https://staging.lacuisinedebernard.com/porridge-sale-de-ble-au-lait-de-coco
https://www.lacuisinedebernard.com/porridge-sale-de-ble-au-lait-de-coco/,https://staging.lacuisinedebernard.com/porridge-sale-de-ble-au-lait-de-coco
https://lacuisinedebernard.com/mousse-au-chocolat-au-lait-et-au-carame,https://staging.lacuisinedebernard.com/mousse-au-chocolat-au-lait-et-au-carame
https://lacuisinedebernard.com/mousse-au-chocolat-au-lait-et-au-carame/,https://staging.lacuisinedebernard.com/mousse-au-chocolat-au-lait-et-au-carame
https://www.lacuisinedebernard.com/mousse-au-chocolat-au-lait-et-au-carame,https://staging.lacuisinedebernard.com/mousse-au-chocolat-au-lait-et-au-carame
https://www.lacuisinedebernard.com/mousse-au-chocolat-au-lait-et-au-carame/,https://staging.lacuisinedebernard.com/mousse-au-chocolat-au-lait-et-au-carame
https://lacuisinedebernard.com/citrons-confits-au-sel,https://staging.lacuisinedebernard.com/citrons-confits-au-sel
https://lacuisinedebernard.com/citrons-confits-au-sel/,https://staging.lacuisinedebernard.com/citrons-confits-au-sel
https://www.lacuisinedebernard.com/citrons-confits-au-sel,https://staging.lacuisinedebernard.com/citrons-confits-au-sel
https://www.lacuisinedebernard.com/citrons-confits-au-sel/,https://staging.lacuisinedebernard.com/citrons-confits-au-sel
https://lacuisinedebernard.com/cake-ultime-orange-passion,https://staging.lacuisinedebernard.com/cake-ultime-orange-passion
https://lacuisinedebernard.com/cake-ultime-orange-passion/,https://staging.lacuisinedebernard.com/cake-ultime-orange-passion
https://www.lacuisinedebernard.com/cake-ultime-orange-passion,https://staging.lacuisinedebernard.com/cake-ultime-orange-passion
https://www.lacuisinedebernard.com/cake-ultime-orange-passion/,https://staging.lacuisinedebernard.com/cake-ultime-orange-passion
https://lacuisinedebernard.com/salade-de-pate-plomb-la-sauce-cesar,https://staging.lacuisinedebernard.com/salade-de-pate-plomb-la-sauce-cesar
https://lacuisinedebernard.com/salade-de-pate-plomb-la-sauce-cesar/,https://staging.lacuisinedebernard.com/salade-de-pate-plomb-la-sauce-cesar
https://www.lacuisinedebernard.com/salade-de-pate-plomb-la-sauce-cesar,https://staging.lacuisinedebernard.com/salade-de-pate-plomb-la-sauce-cesar
https://www.lacuisinedebernard.com/salade-de-pate-plomb-la-sauce-cesar/,https://staging.lacuisinedebernard.com/salade-de-pate-plomb-la-sauce-cesar
https://lacuisinedebernard.com/tartelettes-sucrees-au-cream-cheese,https://staging.lacuisinedebernard.com/tartelettes-sucrees-au-cream-cheese
https://lacuisinedebernard.com/tartelettes-sucrees-au-cream-cheese/,https://staging.lacuisinedebernard.com/tartelettes-sucrees-au-cream-cheese
https://www.lacuisinedebernard.com/tartelettes-sucrees-au-cream-cheese,https://staging.lacuisinedebernard.com/tartelettes-sucrees-au-cream-cheese
https://www.lacuisinedebernard.com/tartelettes-sucrees-au-cream-cheese/,https://staging.lacuisinedebernard.com/tartelettes-sucrees-au-cream-cheese
https://lacuisinedebernard.com/je-nen-ferai-quune-bouchee-quy-til-dans,https://staging.lacuisinedebernard.com/je-nen-ferai-quune-bouchee-quy-til-dans
https://lacuisinedebernard.com/je-nen-ferai-quune-bouchee-quy-til-dans/,https://staging.lacuisinedebernard.com/je-nen-ferai-quune-bouchee-quy-til-dans
https://www.lacuisinedebernard.com/je-nen-ferai-quune-bouchee-quy-til-dans,https://staging.lacuisinedebernard.com/je-nen-ferai-quune-bouchee-quy-til-dans
https://www.lacuisinedebernard.com/je-nen-ferai-quune-bouchee-quy-til-dans/,https://staging.lacuisinedebernard.com/je-nen-ferai-quune-bouchee-quy-til-dans
https://lacuisinedebernard.com/lartisan-de-la-semaine,https://staging.lacuisinedebernard.com/lartisan-de-la-semaine
https://lacuisinedebernard.com/lartisan-de-la-semaine/,https://staging.lacuisinedebernard.com/lartisan-de-la-semaine
https://www.lacuisinedebernard.com/lartisan-de-la-semaine,https://staging.lacuisinedebernard.com/lartisan-de-la-semaine
https://www.lacuisinedebernard.com/lartisan-de-la-semaine/,https://staging.lacuisinedebernard.com/lartisan-de-la-semaine
https://lacuisinedebernard.com/tartelettes-salees-epoisse-maroilles,https://staging.lacuisinedebernard.com/tartelettes-salees-epoisse-maroilles
https://lacuisinedebernard.com/tartelettes-salees-epoisse-maroilles/,https://staging.lacuisinedebernard.com/tartelettes-salees-epoisse-maroilles
https://www.lacuisinedebernard.com/tartelettes-salees-epoisse-maroilles,https://staging.lacuisinedebernard.com/tartelettes-salees-epoisse-maroilles
https://www.lacuisinedebernard.com/tartelettes-salees-epoisse-maroilles/,https://staging.lacuisinedebernard.com/tartelettes-salees-epoisse-maroilles
https://lacuisinedebernard.com/mi-cuit-au-chocolat-cur-caramel-coulan,https://staging.lacuisinedebernard.com/mi-cuit-au-chocolat-cur-caramel-coulan
https://lacuisinedebernard.com/mi-cuit-au-chocolat-cur-caramel-coulan/,https://staging.lacuisinedebernard.com/mi-cuit-au-chocolat-cur-caramel-coulan
https://www.lacuisinedebernard.com/mi-cuit-au-chocolat-cur-caramel-coulan,https://staging.lacuisinedebernard.com/mi-cuit-au-chocolat-cur-caramel-coulan
https://www.lacuisinedebernard.com/mi-cuit-au-chocolat-cur-caramel-coulan/,https://staging.lacuisinedebernard.com/mi-cuit-au-chocolat-cur-caramel-coulan
https://lacuisinedebernard.com/tartare-de-saumon-aux-capres-et-oignons,https://staging.lacuisinedebernard.com/tartare-de-saumon-aux-capres-et-oignons
https://lacuisinedebernard.com/tartare-de-saumon-aux-capres-et-oignons/,https://staging.lacuisinedebernard.com/tartare-de-saumon-aux-capres-et-oignons
https://www.lacuisinedebernard.com/tartare-de-saumon-aux-capres-et-oignons,https://staging.lacuisinedebernard.com/tartare-de-saumon-aux-capres-et-oignons
https://www.lacuisinedebernard.com/tartare-de-saumon-aux-capres-et-oignons/,https://staging.lacuisinedebernard.com/tartare-de-saumon-aux-capres-et-oignons
https://lacuisinedebernard.com/gaufres-de-queijo,https://staging.lacuisinedebernard.com/gaufres-de-queijo
https://lacuisinedebernard.com/gaufres-de-queijo/,https://staging.lacuisinedebernard.com/gaufres-de-queijo
https://www.lacuisinedebernard.com/gaufres-de-queijo,https://staging.lacuisinedebernard.com/gaufres-de-queijo
https://www.lacuisinedebernard.com/gaufres-de-queijo/,https://staging.lacuisinedebernard.com/gaufres-de-queijo
https://lacuisinedebernard.com/la-soupe-froide-petits-pois-menthe,https://staging.lacuisinedebernard.com/la-soupe-froide-petits-pois-menthe
https://lacuisinedebernard.com/la-soupe-froide-petits-pois-menthe/,https://staging.lacuisinedebernard.com/la-soupe-froide-petits-pois-menthe
https://www.lacuisinedebernard.com/la-soupe-froide-petits-pois-menthe,https://staging.lacuisinedebernard.com/la-soupe-froide-petits-pois-menthe
https://www.lacuisinedebernard.com/la-soupe-froide-petits-pois-menthe/,https://staging.lacuisinedebernard.com/la-soupe-froide-petits-pois-menthe
https://lacuisinedebernard.com/mini-pause-bloguesque-et-quelques,https://staging.lacuisinedebernard.com/mini-pause-bloguesque-et-quelques
https://lacuisinedebernard.com/mini-pause-bloguesque-et-quelques/,https://staging.lacuisinedebernard.com/mini-pause-bloguesque-et-quelques
https://www.lacuisinedebernard.com/mini-pause-bloguesque-et-quelques,https://staging.lacuisinedebernard.com/mini-pause-bloguesque-et-quelques
https://www.lacuisinedebernard.com/mini-pause-bloguesque-et-quelques/,https://staging.lacuisinedebernard.com/mini-pause-bloguesque-et-quelques
https://lacuisinedebernard.com/rouleaux-salade-cesar,https://staging.lacuisinedebernard.com/rouleaux-salade-cesar
https://lacuisinedebernard.com/rouleaux-salade-cesar/,https://staging.lacuisinedebernard.com/rouleaux-salade-cesar
https://www.lacuisinedebernard.com/rouleaux-salade-cesar,https://staging.lacuisinedebernard.com/rouleaux-salade-cesar
https://www.lacuisinedebernard.com/rouleaux-salade-cesar/,https://staging.lacuisinedebernard.com/rouleaux-salade-cesar
https://lacuisinedebernard.com/la-sonoma-chicken-salad,https://staging.lacuisinedebernard.com/la-sonoma-chicken-salad
https://lacuisinedebernard.com/la-sonoma-chicken-salad/,https://staging.lacuisinedebernard.com/la-sonoma-chicken-salad
https://www.lacuisinedebernard.com/la-sonoma-chicken-salad,https://staging.lacuisinedebernard.com/la-sonoma-chicken-salad
https://www.lacuisinedebernard.com/la-sonoma-chicken-salad/,https://staging.lacuisinedebernard.com/la-sonoma-chicken-salad
https://lacuisinedebernard.com/poulet-au-pomelo-et-au-lait-de-coco-au,https://staging.lacuisinedebernard.com/poulet-au-pomelo-et-au-lait-de-coco-au
https://lacuisinedebernard.com/poulet-au-pomelo-et-au-lait-de-coco-au/,https://staging.lacuisinedebernard.com/poulet-au-pomelo-et-au-lait-de-coco-au
https://www.lacuisinedebernard.com/poulet-au-pomelo-et-au-lait-de-coco-au,https://staging.lacuisinedebernard.com/poulet-au-pomelo-et-au-lait-de-coco-au
https://www.lacuisinedebernard.com/poulet-au-pomelo-et-au-lait-de-coco-au/,https://staging.lacuisinedebernard.com/poulet-au-pomelo-et-au-lait-de-coco-au
https://lacuisinedebernard.com/la-tarte-aux-fraises,https://staging.lacuisinedebernard.com/la-tarte-aux-fraises
https://lacuisinedebernard.com/la-tarte-aux-fraises/,https://staging.lacuisinedebernard.com/la-tarte-aux-fraises
https://www.lacuisinedebernard.com/la-tarte-aux-fraises,https://staging.lacuisinedebernard.com/la-tarte-aux-fraises
https://www.lacuisinedebernard.com/la-tarte-aux-fraises/,https://staging.lacuisinedebernard.com/la-tarte-aux-fraises
https://lacuisinedebernard.com/shanghai-basilic,https://staging.lacuisinedebernard.com/shanghai-basilic
https://lacuisinedebernard.com/shanghai-basilic/,https://staging.lacuisinedebernard.com/shanghai-basilic
https://www.lacuisinedebernard.com/shanghai-basilic,https://staging.lacuisinedebernard.com/shanghai-basilic
https://www.lacuisinedebernard.com/shanghai-basilic/,https://staging.lacuisinedebernard.com/shanghai-basilic
https://lacuisinedebernard.com/salade-froide-de-nouilles-asiatiques,https://staging.lacuisinedebernard.com/salade-froide-de-nouilles-asiatiques
https://lacuisinedebernard.com/salade-froide-de-nouilles-asiatiques/,https://staging.lacuisinedebernard.com/salade-froide-de-nouilles-asiatiques
https://www.lacuisinedebernard.com/salade-froide-de-nouilles-asiatiques,https://staging.lacuisinedebernard.com/salade-froide-de-nouilles-asiatiques
https://www.lacuisinedebernard.com/salade-froide-de-nouilles-asiatiques/,https://staging.lacuisinedebernard.com/salade-froide-de-nouilles-asiatiques
https://lacuisinedebernard.com/barres-de-cereales,https://staging.lacuisinedebernard.com/barres-de-cereales
https://lacuisinedebernard.com/barres-de-cereales/,https://staging.lacuisinedebernard.com/barres-de-cereales
https://www.lacuisinedebernard.com/barres-de-cereales,https://staging.lacuisinedebernard.com/barres-de-cereales
https://www.lacuisinedebernard.com/barres-de-cereales/,https://staging.lacuisinedebernard.com/barres-de-cereales
https://lacuisinedebernard.com/cake-amande-chocola,https://staging.lacuisinedebernard.com/cake-amande-chocola
https://lacuisinedebernard.com/cake-amande-chocola/,https://staging.lacuisinedebernard.com/cake-amande-chocola
https://www.lacuisinedebernard.com/cake-amande-chocola,https://staging.lacuisinedebernard.com/cake-amande-chocola
https://www.lacuisinedebernard.com/cake-amande-chocola/,https://staging.lacuisinedebernard.com/cake-amande-chocola
https://lacuisinedebernard.com/pates-froides-en-sauce-au-saumon-e,https://staging.lacuisinedebernard.com/pates-froides-en-sauce-au-saumon-e
https://lacuisinedebernard.com/pates-froides-en-sauce-au-saumon-e/,https://staging.lacuisinedebernard.com/pates-froides-en-sauce-au-saumon-e
https://www.lacuisinedebernard.com/pates-froides-en-sauce-au-saumon-e,https://staging.lacuisinedebernard.com/pates-froides-en-sauce-au-saumon-e
https://www.lacuisinedebernard.com/pates-froides-en-sauce-au-saumon-e/,https://staging.lacuisinedebernard.com/pates-froides-en-sauce-au-saumon-e
https://lacuisinedebernard.com/hoummos-aux-poivrons-rouges,https://staging.lacuisinedebernard.com/hoummos-aux-poivrons-rouges
https://lacuisinedebernard.com/hoummos-aux-poivrons-rouges/,https://staging.lacuisinedebernard.com/hoummos-aux-poivrons-rouges
https://www.lacuisinedebernard.com/hoummos-aux-poivrons-rouges,https://staging.lacuisinedebernard.com/hoummos-aux-poivrons-rouges
https://www.lacuisinedebernard.com/hoummos-aux-poivrons-rouges/,https://staging.lacuisinedebernard.com/hoummos-aux-poivrons-rouges
https://lacuisinedebernard.com/cake-ultime-aux-noisettes,https://staging.lacuisinedebernard.com/cake-ultime-aux-noisettes
https://lacuisinedebernard.com/cake-ultime-aux-noisettes/,https://staging.lacuisinedebernard.com/cake-ultime-aux-noisettes
https://www.lacuisinedebernard.com/cake-ultime-aux-noisettes,https://staging.lacuisinedebernard.com/cake-ultime-aux-noisettes
https://www.lacuisinedebernard.com/cake-ultime-aux-noisettes/,https://staging.lacuisinedebernard.com/cake-ultime-aux-noisettes
https://lacuisinedebernard.com/cheesecake-de-ricotta-la-goyave,https://staging.lacuisinedebernard.com/cheesecake-de-ricotta-la-goyave
https://lacuisinedebernard.com/cheesecake-de-ricotta-la-goyave/,https://staging.lacuisinedebernard.com/cheesecake-de-ricotta-la-goyave
https://www.lacuisinedebernard.com/cheesecake-de-ricotta-la-goyave,https://staging.lacuisinedebernard.com/cheesecake-de-ricotta-la-goyave
https://www.lacuisinedebernard.com/cheesecake-de-ricotta-la-goyave/,https://staging.lacuisinedebernard.com/cheesecake-de-ricotta-la-goyave
https://lacuisinedebernard.com/cookies-au-chocolat-blanc-et-noix-de,https://staging.lacuisinedebernard.com/cookies-au-chocolat-blanc-et-noix-de
https://lacuisinedebernard.com/cookies-au-chocolat-blanc-et-noix-de/,https://staging.lacuisinedebernard.com/cookies-au-chocolat-blanc-et-noix-de
https://www.lacuisinedebernard.com/cookies-au-chocolat-blanc-et-noix-de,https://staging.lacuisinedebernard.com/cookies-au-chocolat-blanc-et-noix-de
https://www.lacuisinedebernard.com/cookies-au-chocolat-blanc-et-noix-de/,https://staging.lacuisinedebernard.com/cookies-au-chocolat-blanc-et-noix-de
https://lacuisinedebernard.com/tarte-banane-coco-noisettes-chantilly,https://staging.lacuisinedebernard.com/tarte-banane-coco-noisettes-chantilly
https://lacuisinedebernard.com/tarte-banane-coco-noisettes-chantilly/,https://staging.lacuisinedebernard.com/tarte-banane-coco-noisettes-chantilly
https://www.lacuisinedebernard.com/tarte-banane-coco-noisettes-chantilly,https://staging.lacuisinedebernard.com/tarte-banane-coco-noisettes-chantilly
https://www.lacuisinedebernard.com/tarte-banane-coco-noisettes-chantilly/,https://staging.lacuisinedebernard.com/tarte-banane-coco-noisettes-chantilly
https://lacuisinedebernard.com/reedition-des-desserts-et-du-grain-de,https://staging.lacuisinedebernard.com/reedition-des-desserts-et-du-grain-de
https://lacuisinedebernard.com/reedition-des-desserts-et-du-grain-de/,https://staging.lacuisinedebernard.com/reedition-des-desserts-et-du-grain-de
https://www.lacuisinedebernard.com/reedition-des-desserts-et-du-grain-de,https://staging.lacuisinedebernard.com/reedition-des-desserts-et-du-grain-de
https://www.lacuisinedebernard.com/reedition-des-desserts-et-du-grain-de/,https://staging.lacuisinedebernard.com/reedition-des-desserts-et-du-grain-de
https://lacuisinedebernard.com/tarte-poulet-coco-carottes,https://staging.lacuisinedebernard.com/tarte-poulet-coco-carottes
https://lacuisinedebernard.com/tarte-poulet-coco-carottes/,https://staging.lacuisinedebernard.com/tarte-poulet-coco-carottes
https://www.lacuisinedebernard.com/tarte-poulet-coco-carottes,https://staging.lacuisinedebernard.com/tarte-poulet-coco-carottes
https://www.lacuisinedebernard.com/tarte-poulet-coco-carottes/,https://staging.lacuisinedebernard.com/tarte-poulet-coco-carottes
https://lacuisinedebernard.com/canistrelli-aux-amandes,https://staging.lacuisinedebernard.com/canistrelli-aux-amandes
https://lacuisinedebernard.com/canistrelli-aux-amandes/,https://staging.lacuisinedebernard.com/canistrelli-aux-amandes
https://www.lacuisinedebernard.com/canistrelli-aux-amandes,https://staging.lacuisinedebernard.com/canistrelli-aux-amandes
https://www.lacuisinedebernard.com/canistrelli-aux-amandes/,https://staging.lacuisinedebernard.com/canistrelli-aux-amandes
https://lacuisinedebernard.com/barres-choco-amandes-framboises,https://staging.lacuisinedebernard.com/barres-choco-amandes-framboises
https://lacuisinedebernard.com/barres-choco-amandes-framboises/,https://staging.lacuisinedebernard.com/barres-choco-amandes-framboises
https://www.lacuisinedebernard.com/barres-choco-amandes-framboises,https://staging.lacuisinedebernard.com/barres-choco-amandes-framboises
https://www.lacuisinedebernard.com/barres-choco-amandes-framboises/,https://staging.lacuisinedebernard.com/barres-choco-amandes-framboises
https://lacuisinedebernard.com/facebook-live-ce-soir-18h30,https://staging.lacuisinedebernard.com/facebook-live-ce-soir-18h30
https://lacuisinedebernard.com/facebook-live-ce-soir-18h30/,https://staging.lacuisinedebernard.com/facebook-live-ce-soir-18h30
https://www.lacuisinedebernard.com/facebook-live-ce-soir-18h30,https://staging.lacuisinedebernard.com/facebook-live-ce-soir-18h30
https://www.lacuisinedebernard.com/facebook-live-ce-soir-18h30/,https://staging.lacuisinedebernard.com/facebook-live-ce-soir-18h30
https://lacuisinedebernard.com/facebook-live-du-27-septembre,https://staging.lacuisinedebernard.com/facebook-live-du-27-septembre
https://lacuisinedebernard.com/facebook-live-du-27-septembre/,https://staging.lacuisinedebernard.com/facebook-live-du-27-septembre
https://www.lacuisinedebernard.com/facebook-live-du-27-septembre,https://staging.lacuisinedebernard.com/facebook-live-du-27-septembre
https://www.lacuisinedebernard.com/facebook-live-du-27-septembre/,https://staging.lacuisinedebernard.com/facebook-live-du-27-septembre
https://lacuisinedebernard.com/vegeterrien-le-11-octobre-que-contien,https://staging.lacuisinedebernard.com/vegeterrien-le-11-octobre-que-contien
https://lacuisinedebernard.com/vegeterrien-le-11-octobre-que-contien/,https://staging.lacuisinedebernard.com/vegeterrien-le-11-octobre-que-contien
https://www.lacuisinedebernard.com/vegeterrien-le-11-octobre-que-contien,https://staging.lacuisinedebernard.com/vegeterrien-le-11-octobre-que-contien
https://www.lacuisinedebernard.com/vegeterrien-le-11-octobre-que-contien/,https://staging.lacuisinedebernard.com/vegeterrien-le-11-octobre-que-contien
https://lacuisinedebernard.com/barres-avoine-chocola,https://staging.lacuisinedebernard.com/barres-avoine-chocola
https://lacuisinedebernard.com/barres-avoine-chocola/,https://staging.lacuisinedebernard.com/barres-avoine-chocola
https://www.lacuisinedebernard.com/barres-avoine-chocola,https://staging.lacuisinedebernard.com/barres-avoine-chocola
https://www.lacuisinedebernard.com/barres-avoine-chocola/,https://staging.lacuisinedebernard.com/barres-avoine-chocola
https://lacuisinedebernard.com/je-vous-attends-mercredi-4-octobre-19h00,https://staging.lacuisinedebernard.com/je-vous-attends-mercredi-4-octobre-19h00
https://lacuisinedebernard.com/je-vous-attends-mercredi-4-octobre-19h00/,https://staging.lacuisinedebernard.com/je-vous-attends-mercredi-4-octobre-19h00
https://www.lacuisinedebernard.com/je-vous-attends-mercredi-4-octobre-19h00,https://staging.lacuisinedebernard.com/je-vous-attends-mercredi-4-octobre-19h00
https://www.lacuisinedebernard.com/je-vous-attends-mercredi-4-octobre-19h00/,https://staging.lacuisinedebernard.com/je-vous-attends-mercredi-4-octobre-19h00
https://lacuisinedebernard.com/gateau-epices-et-noix-de-macadamia,https://staging.lacuisinedebernard.com/gateau-epices-et-noix-de-macadamia
https://lacuisinedebernard.com/gateau-epices-et-noix-de-macadamia/,https://staging.lacuisinedebernard.com/gateau-epices-et-noix-de-macadamia
https://www.lacuisinedebernard.com/gateau-epices-et-noix-de-macadamia,https://staging.lacuisinedebernard.com/gateau-epices-et-noix-de-macadamia
https://www.lacuisinedebernard.com/gateau-epices-et-noix-de-macadamia/,https://staging.lacuisinedebernard.com/gateau-epices-et-noix-de-macadamia
https://lacuisinedebernard.com/premiere-soiree-litteraire-le-jeudi-26,https://staging.lacuisinedebernard.com/premiere-soiree-litteraire-le-jeudi-26
https://lacuisinedebernard.com/premiere-soiree-litteraire-le-jeudi-26/,https://staging.lacuisinedebernard.com/premiere-soiree-litteraire-le-jeudi-26
https://www.lacuisinedebernard.com/premiere-soiree-litteraire-le-jeudi-26,https://staging.lacuisinedebernard.com/premiere-soiree-litteraire-le-jeudi-26
https://www.lacuisinedebernard.com/premiere-soiree-litteraire-le-jeudi-26/,https://staging.lacuisinedebernard.com/premiere-soiree-litteraire-le-jeudi-26
https://lacuisinedebernard.com/mes-voyages-culinaires-le-marche-sain,https://staging.lacuisinedebernard.com/mes-voyages-culinaires-le-marche-sain
https://lacuisinedebernard.com/mes-voyages-culinaires-le-marche-sain/,https://staging.lacuisinedebernard.com/mes-voyages-culinaires-le-marche-sain
https://www.lacuisinedebernard.com/mes-voyages-culinaires-le-marche-sain,https://staging.lacuisinedebernard.com/mes-voyages-culinaires-le-marche-sain
https://www.lacuisinedebernard.com/mes-voyages-culinaires-le-marche-sain/,https://staging.lacuisinedebernard.com/mes-voyages-culinaires-le-marche-sain
https://lacuisinedebernard.com/prochain-facebook-live-mercredi-11,https://staging.lacuisinedebernard.com/prochain-facebook-live-mercredi-11
https://lacuisinedebernard.com/prochain-facebook-live-mercredi-11/,https://staging.lacuisinedebernard.com/prochain-facebook-live-mercredi-11
https://www.lacuisinedebernard.com/prochain-facebook-live-mercredi-11,https://staging.lacuisinedebernard.com/prochain-facebook-live-mercredi-11
https://www.lacuisinedebernard.com/prochain-facebook-live-mercredi-11/,https://staging.lacuisinedebernard.com/prochain-facebook-live-mercredi-11
https://lacuisinedebernard.com/muffins-atomiques-noix-de-pecan-sirop,https://staging.lacuisinedebernard.com/muffins-atomiques-noix-de-pecan-sirop
https://lacuisinedebernard.com/muffins-atomiques-noix-de-pecan-sirop/,https://staging.lacuisinedebernard.com/muffins-atomiques-noix-de-pecan-sirop
https://www.lacuisinedebernard.com/muffins-atomiques-noix-de-pecan-sirop,https://staging.lacuisinedebernard.com/muffins-atomiques-noix-de-pecan-sirop
https://www.lacuisinedebernard.com/muffins-atomiques-noix-de-pecan-sirop/,https://staging.lacuisinedebernard.com/muffins-atomiques-noix-de-pecan-sirop
https://lacuisinedebernard.com/le-kouign-amann-en-facebook-live-le-16,https://staging.lacuisinedebernard.com/le-kouign-amann-en-facebook-live-le-16
https://lacuisinedebernard.com/le-kouign-amann-en-facebook-live-le-16/,https://staging.lacuisinedebernard.com/le-kouign-amann-en-facebook-live-le-16
https://www.lacuisinedebernard.com/le-kouign-amann-en-facebook-live-le-16,https://staging.lacuisinedebernard.com/le-kouign-amann-en-facebook-live-le-16
https://www.lacuisinedebernard.com/le-kouign-amann-en-facebook-live-le-16/,https://staging.lacuisinedebernard.com/le-kouign-amann-en-facebook-live-le-16
https://lacuisinedebernard.com/soupe-carottes-patates-douces-gingembre,https://staging.lacuisinedebernard.com/soupe-carottes-patates-douces-gingembre
https://lacuisinedebernard.com/soupe-carottes-patates-douces-gingembre/,https://staging.lacuisinedebernard.com/soupe-carottes-patates-douces-gingembre
https://www.lacuisinedebernard.com/soupe-carottes-patates-douces-gingembre,https://staging.lacuisinedebernard.com/soupe-carottes-patates-douces-gingembre
https://www.lacuisinedebernard.com/soupe-carottes-patates-douces-gingembre/,https://staging.lacuisinedebernard.com/soupe-carottes-patates-douces-gingembre
https://lacuisinedebernard.com/lartisan-de-la-semaine-les-huiles-e,https://staging.lacuisinedebernard.com/lartisan-de-la-semaine-les-huiles-e
https://lacuisinedebernard.com/lartisan-de-la-semaine-les-huiles-e/,https://staging.lacuisinedebernard.com/lartisan-de-la-semaine-les-huiles-e
https://www.lacuisinedebernard.com/lartisan-de-la-semaine-les-huiles-e,https://staging.lacuisinedebernard.com/lartisan-de-la-semaine-les-huiles-e
https://www.lacuisinedebernard.com/lartisan-de-la-semaine-les-huiles-e/,https://staging.lacuisinedebernard.com/lartisan-de-la-semaine-les-huiles-e
https://lacuisinedebernard.com/gateau-pomme-sarrasin-noisettes,https://staging.lacuisinedebernard.com/gateau-pomme-sarrasin-noisettes
https://lacuisinedebernard.com/gateau-pomme-sarrasin-noisettes/,https://staging.lacuisinedebernard.com/gateau-pomme-sarrasin-noisettes
https://www.lacuisinedebernard.com/gateau-pomme-sarrasin-noisettes,https://staging.lacuisinedebernard.com/gateau-pomme-sarrasin-noisettes
https://www.lacuisinedebernard.com/gateau-pomme-sarrasin-noisettes/,https://staging.lacuisinedebernard.com/gateau-pomme-sarrasin-noisettes
https://lacuisinedebernard.com/la-carrot-cake-en-facebook-live-le,https://staging.lacuisinedebernard.com/la-carrot-cake-en-facebook-live-le
https://lacuisinedebernard.com/la-carrot-cake-en-facebook-live-le/,https://staging.lacuisinedebernard.com/la-carrot-cake-en-facebook-live-le
https://www.lacuisinedebernard.com/la-carrot-cake-en-facebook-live-le,https://staging.lacuisinedebernard.com/la-carrot-cake-en-facebook-live-le
https://www.lacuisinedebernard.com/la-carrot-cake-en-facebook-live-le/,https://staging.lacuisinedebernard.com/la-carrot-cake-en-facebook-live-le
https://lacuisinedebernard.com/jeu-vegeterrien-avec-kitchenaid,https://staging.lacuisinedebernard.com/jeu-vegeterrien-avec-kitchenaid
https://lacuisinedebernard.com/jeu-vegeterrien-avec-kitchenaid/,https://staging.lacuisinedebernard.com/jeu-vegeterrien-avec-kitchenaid
https://www.lacuisinedebernard.com/jeu-vegeterrien-avec-kitchenaid,https://staging.lacuisinedebernard.com/jeu-vegeterrien-avec-kitchenaid
https://www.lacuisinedebernard.com/jeu-vegeterrien-avec-kitchenaid/,https://staging.lacuisinedebernard.com/jeu-vegeterrien-avec-kitchenaid
https://lacuisinedebernard.com/blog-pos-2,https://staging.lacuisinedebernard.com/blog-pos-2
https://lacuisinedebernard.com/blog-pos-2/,https://staging.lacuisinedebernard.com/blog-pos-2
https://www.lacuisinedebernard.com/blog-pos-2,https://staging.lacuisinedebernard.com/blog-pos-2
https://www.lacuisinedebernard.com/blog-pos-2/,https://staging.lacuisinedebernard.com/blog-pos-2
https://lacuisinedebernard.com/tarte-spirale-aux-pommes-et-creme,https://staging.lacuisinedebernard.com/tarte-spirale-aux-pommes-et-creme
https://lacuisinedebernard.com/tarte-spirale-aux-pommes-et-creme/,https://staging.lacuisinedebernard.com/tarte-spirale-aux-pommes-et-creme
https://www.lacuisinedebernard.com/tarte-spirale-aux-pommes-et-creme,https://staging.lacuisinedebernard.com/tarte-spirale-aux-pommes-et-creme
https://www.lacuisinedebernard.com/tarte-spirale-aux-pommes-et-creme/,https://staging.lacuisinedebernard.com/tarte-spirale-aux-pommes-et-creme
https://lacuisinedebernard.com/le-cheesecake-en-facebook-live-vendredi,https://staging.lacuisinedebernard.com/le-cheesecake-en-facebook-live-vendredi
https://lacuisinedebernard.com/le-cheesecake-en-facebook-live-vendredi/,https://staging.lacuisinedebernard.com/le-cheesecake-en-facebook-live-vendredi
https://www.lacuisinedebernard.com/le-cheesecake-en-facebook-live-vendredi,https://staging.lacuisinedebernard.com/le-cheesecake-en-facebook-live-vendredi
https://www.lacuisinedebernard.com/le-cheesecake-en-facebook-live-vendredi/,https://staging.lacuisinedebernard.com/le-cheesecake-en-facebook-live-vendredi
https://lacuisinedebernard.com/chessecake-marbre-au-carame,https://staging.lacuisinedebernard.com/chessecake-marbre-au-carame
https://lacuisinedebernard.com/chessecake-marbre-au-carame/,https://staging.lacuisinedebernard.com/chessecake-marbre-au-carame
https://www.lacuisinedebernard.com/chessecake-marbre-au-carame,https://staging.lacuisinedebernard.com/chessecake-marbre-au-carame
https://www.lacuisinedebernard.com/chessecake-marbre-au-carame/,https://staging.lacuisinedebernard.com/chessecake-marbre-au-carame
https://lacuisinedebernard.com/la-selection-de-noel-de-mon-epicerie,https://staging.lacuisinedebernard.com/la-selection-de-noel-de-mon-epicerie
https://lacuisinedebernard.com/la-selection-de-noel-de-mon-epicerie/,https://staging.lacuisinedebernard.com/la-selection-de-noel-de-mon-epicerie
https://www.lacuisinedebernard.com/la-selection-de-noel-de-mon-epicerie,https://staging.lacuisinedebernard.com/la-selection-de-noel-de-mon-epicerie
https://www.lacuisinedebernard.com/la-selection-de-noel-de-mon-epicerie/,https://staging.lacuisinedebernard.com/la-selection-de-noel-de-mon-epicerie
https://lacuisinedebernard.com/crozets-au-sarrasin-champignons-creme,https://staging.lacuisinedebernard.com/crozets-au-sarrasin-champignons-creme
https://lacuisinedebernard.com/crozets-au-sarrasin-champignons-creme/,https://staging.lacuisinedebernard.com/crozets-au-sarrasin-champignons-creme
https://www.lacuisinedebernard.com/crozets-au-sarrasin-champignons-creme,https://staging.lacuisinedebernard.com/crozets-au-sarrasin-champignons-creme
https://www.lacuisinedebernard.com/crozets-au-sarrasin-champignons-creme/,https://staging.lacuisinedebernard.com/crozets-au-sarrasin-champignons-creme
https://lacuisinedebernard.com/facebook-live-mardi-21-novembre-19h00,https://staging.lacuisinedebernard.com/facebook-live-mardi-21-novembre-19h00
https://lacuisinedebernard.com/facebook-live-mardi-21-novembre-19h00/,https://staging.lacuisinedebernard.com/facebook-live-mardi-21-novembre-19h00
https://www.lacuisinedebernard.com/facebook-live-mardi-21-novembre-19h00,https://staging.lacuisinedebernard.com/facebook-live-mardi-21-novembre-19h00
https://www.lacuisinedebernard.com/facebook-live-mardi-21-novembre-19h00/,https://staging.lacuisinedebernard.com/facebook-live-mardi-21-novembre-19h00
https://lacuisinedebernard.com/lassassin,https://staging.lacuisinedebernard.com/lassassin
https://lacuisinedebernard.com/lassassin/,https://staging.lacuisinedebernard.com/lassassin
https://www.lacuisinedebernard.com/lassassin,https://staging.lacuisinedebernard.com/lassassin
https://www.lacuisinedebernard.com/lassassin/,https://staging.lacuisinedebernard.com/lassassin
https://lacuisinedebernard.com/cake-aux-fruits-confits,https://staging.lacuisinedebernard.com/cake-aux-fruits-confits
https://lacuisinedebernard.com/cake-aux-fruits-confits/,https://staging.lacuisinedebernard.com/cake-aux-fruits-confits
https://www.lacuisinedebernard.com/cake-aux-fruits-confits,https://staging.lacuisinedebernard.com/cake-aux-fruits-confits
https://www.lacuisinedebernard.com/cake-aux-fruits-confits/,https://staging.lacuisinedebernard.com/cake-aux-fruits-confits
https://lacuisinedebernard.com/facebook-live-mardi-28-novembre-19h00-cc,https://staging.lacuisinedebernard.com/facebook-live-mardi-28-novembre-19h00-cc
https://lacuisinedebernard.com/facebook-live-mardi-28-novembre-19h00-cc/,https://staging.lacuisinedebernard.com/facebook-live-mardi-28-novembre-19h00-cc
https://www.lacuisinedebernard.com/facebook-live-mardi-28-novembre-19h00-cc,https://staging.lacuisinedebernard.com/facebook-live-mardi-28-novembre-19h00-cc
https://www.lacuisinedebernard.com/facebook-live-mardi-28-novembre-19h00-cc/,https://staging.lacuisinedebernard.com/facebook-live-mardi-28-novembre-19h00-cc
https://lacuisinedebernard.com/sables-sales-aperitifs-au-sarrasin,https://staging.lacuisinedebernard.com/sables-sales-aperitifs-au-sarrasin
https://lacuisinedebernard.com/sables-sales-aperitifs-au-sarrasin/,https://staging.lacuisinedebernard.com/sables-sales-aperitifs-au-sarrasin
https://www.lacuisinedebernard.com/sables-sales-aperitifs-au-sarrasin,https://staging.lacuisinedebernard.com/sables-sales-aperitifs-au-sarrasin
https://www.lacuisinedebernard.com/sables-sales-aperitifs-au-sarrasin/,https://staging.lacuisinedebernard.com/sables-sales-aperitifs-au-sarrasin
https://lacuisinedebernard.com/cookies-marbres-la-pate-tartiner-aux,https://staging.lacuisinedebernard.com/cookies-marbres-la-pate-tartiner-aux
https://lacuisinedebernard.com/cookies-marbres-la-pate-tartiner-aux/,https://staging.lacuisinedebernard.com/cookies-marbres-la-pate-tartiner-aux
https://www.lacuisinedebernard.com/cookies-marbres-la-pate-tartiner-aux,https://staging.lacuisinedebernard.com/cookies-marbres-la-pate-tartiner-aux
https://www.lacuisinedebernard.com/cookies-marbres-la-pate-tartiner-aux/,https://staging.lacuisinedebernard.com/cookies-marbres-la-pate-tartiner-aux
https://lacuisinedebernard.com/les-caneles-en-facebook-live-mardi-5,https://staging.lacuisinedebernard.com/les-caneles-en-facebook-live-mardi-5
https://lacuisinedebernard.com/les-caneles-en-facebook-live-mardi-5/,https://staging.lacuisinedebernard.com/les-caneles-en-facebook-live-mardi-5
https://www.lacuisinedebernard.com/les-caneles-en-facebook-live-mardi-5,https://staging.lacuisinedebernard.com/les-caneles-en-facebook-live-mardi-5
https://www.lacuisinedebernard.com/les-caneles-en-facebook-live-mardi-5/,https://staging.lacuisinedebernard.com/les-caneles-en-facebook-live-mardi-5
https://lacuisinedebernard.com/le-gravlax-de-saumon,https://staging.lacuisinedebernard.com/le-gravlax-de-saumon
https://lacuisinedebernard.com/le-gravlax-de-saumon/,https://staging.lacuisinedebernard.com/le-gravlax-de-saumon
https://www.lacuisinedebernard.com/le-gravlax-de-saumon,https://staging.lacuisinedebernard.com/le-gravlax-de-saumon
https://www.lacuisinedebernard.com/le-gravlax-de-saumon/,https://staging.lacuisinedebernard.com/le-gravlax-de-saumon
https://lacuisinedebernard.com/que-contiennent-mes-4-livres-publies,https://staging.lacuisinedebernard.com/que-contiennent-mes-4-livres-publies
https://lacuisinedebernard.com/que-contiennent-mes-4-livres-publies/,https://staging.lacuisinedebernard.com/que-contiennent-mes-4-livres-publies
https://www.lacuisinedebernard.com/que-contiennent-mes-4-livres-publies,https://staging.lacuisinedebernard.com/que-contiennent-mes-4-livres-publies
https://www.lacuisinedebernard.com/que-contiennent-mes-4-livres-publies/,https://staging.lacuisinedebernard.com/que-contiennent-mes-4-livres-publies
https://lacuisinedebernard.com/tablette-bombe-praline,https://staging.lacuisinedebernard.com/tablette-bombe-praline
https://lacuisinedebernard.com/tablette-bombe-praline/,https://staging.lacuisinedebernard.com/tablette-bombe-praline
https://www.lacuisinedebernard.com/tablette-bombe-praline,https://staging.lacuisinedebernard.com/tablette-bombe-praline
https://www.lacuisinedebernard.com/tablette-bombe-praline/,https://staging.lacuisinedebernard.com/tablette-bombe-praline
https://lacuisinedebernard.com/bons-de-reduction-chez-kitchenaid-15-25,https://staging.lacuisinedebernard.com/bons-de-reduction-chez-kitchenaid-15-25
https://lacuisinedebernard.com/bons-de-reduction-chez-kitchenaid-15-25/,https://staging.lacuisinedebernard.com/bons-de-reduction-chez-kitchenaid-15-25
https://www.lacuisinedebernard.com/bons-de-reduction-chez-kitchenaid-15-25,https://staging.lacuisinedebernard.com/bons-de-reduction-chez-kitchenaid-15-25
https://www.lacuisinedebernard.com/bons-de-reduction-chez-kitchenaid-15-25/,https://staging.lacuisinedebernard.com/bons-de-reduction-chez-kitchenaid-15-25
https://lacuisinedebernard.com/cake-la-banane-banana-bread,https://staging.lacuisinedebernard.com/cake-la-banane-banana-bread
https://lacuisinedebernard.com/cake-la-banane-banana-bread/,https://staging.lacuisinedebernard.com/cake-la-banane-banana-bread
https://www.lacuisinedebernard.com/cake-la-banane-banana-bread,https://staging.lacuisinedebernard.com/cake-la-banane-banana-bread
https://www.lacuisinedebernard.com/cake-la-banane-banana-bread/,https://staging.lacuisinedebernard.com/cake-la-banane-banana-bread
https://lacuisinedebernard.com/pain-depices-etaler,https://staging.lacuisinedebernard.com/pain-depices-etaler
https://lacuisinedebernard.com/pain-depices-etaler/,https://staging.lacuisinedebernard.com/pain-depices-etaler
https://www.lacuisinedebernard.com/pain-depices-etaler,https://staging.lacuisinedebernard.com/pain-depices-etaler
https://www.lacuisinedebernard.com/pain-depices-etaler/,https://staging.lacuisinedebernard.com/pain-depices-etaler
https://lacuisinedebernard.com/le-risotto-au-citron-et-safran,https://staging.lacuisinedebernard.com/le-risotto-au-citron-et-safran
https://lacuisinedebernard.com/le-risotto-au-citron-et-safran/,https://staging.lacuisinedebernard.com/le-risotto-au-citron-et-safran
https://www.lacuisinedebernard.com/le-risotto-au-citron-et-safran,https://staging.lacuisinedebernard.com/le-risotto-au-citron-et-safran
https://www.lacuisinedebernard.com/le-risotto-au-citron-et-safran/,https://staging.lacuisinedebernard.com/le-risotto-au-citron-et-safran
https://lacuisinedebernard.com/bottes-fourrees-du-pere-noe,https://staging.lacuisinedebernard.com/bottes-fourrees-du-pere-noe
https://lacuisinedebernard.com/bottes-fourrees-du-pere-noe/,https://staging.lacuisinedebernard.com/bottes-fourrees-du-pere-noe
https://www.lacuisinedebernard.com/bottes-fourrees-du-pere-noe,https://staging.lacuisinedebernard.com/bottes-fourrees-du-pere-noe
https://www.lacuisinedebernard.com/bottes-fourrees-du-pere-noe/,https://staging.lacuisinedebernard.com/bottes-fourrees-du-pere-noe
https://lacuisinedebernard.com/rillettes-fraiches-de-cabillaud,https://staging.lacuisinedebernard.com/rillettes-fraiches-de-cabillaud
https://lacuisinedebernard.com/rillettes-fraiches-de-cabillaud/,https://staging.lacuisinedebernard.com/rillettes-fraiches-de-cabillaud
https://www.lacuisinedebernard.com/rillettes-fraiches-de-cabillaud,https://staging.lacuisinedebernard.com/rillettes-fraiches-de-cabillaud
https://www.lacuisinedebernard.com/rillettes-fraiches-de-cabillaud/,https://staging.lacuisinedebernard.com/rillettes-fraiches-de-cabillaud
https://lacuisinedebernard.com/galette-des-rois-aux-figues-et-aux-noix,https://staging.lacuisinedebernard.com/galette-des-rois-aux-figues-et-aux-noix
https://lacuisinedebernard.com/galette-des-rois-aux-figues-et-aux-noix/,https://staging.lacuisinedebernard.com/galette-des-rois-aux-figues-et-aux-noix
https://www.lacuisinedebernard.com/galette-des-rois-aux-figues-et-aux-noix,https://staging.lacuisinedebernard.com/galette-des-rois-aux-figues-et-aux-noix
https://www.lacuisinedebernard.com/galette-des-rois-aux-figues-et-aux-noix/,https://staging.lacuisinedebernard.com/galette-des-rois-aux-figues-et-aux-noix
https://lacuisinedebernard.com/galette-des-rois-poire-et-chocola,https://staging.lacuisinedebernard.com/galette-des-rois-poire-et-chocola
https://lacuisinedebernard.com/galette-des-rois-poire-et-chocola/,https://staging.lacuisinedebernard.com/galette-des-rois-poire-et-chocola
https://www.lacuisinedebernard.com/galette-des-rois-poire-et-chocola,https://staging.lacuisinedebernard.com/galette-des-rois-poire-et-chocola
https://www.lacuisinedebernard.com/galette-des-rois-poire-et-chocola/,https://staging.lacuisinedebernard.com/galette-des-rois-poire-et-chocola
https://lacuisinedebernard.com/alfarojes-la-maizena,https://staging.lacuisinedebernard.com/alfarojes-la-maizena
https://lacuisinedebernard.com/alfarojes-la-maizena/,https://staging.lacuisinedebernard.com/alfarojes-la-maizena
https://www.lacuisinedebernard.com/alfarojes-la-maizena,https://staging.lacuisinedebernard.com/alfarojes-la-maizena
https://www.lacuisinedebernard.com/alfarojes-la-maizena/,https://staging.lacuisinedebernard.com/alfarojes-la-maizena
https://lacuisinedebernard.com/nouveau-facebook-live-jeudi-11-janvier,https://staging.lacuisinedebernard.com/nouveau-facebook-live-jeudi-11-janvier
https://lacuisinedebernard.com/nouveau-facebook-live-jeudi-11-janvier/,https://staging.lacuisinedebernard.com/nouveau-facebook-live-jeudi-11-janvier
https://www.lacuisinedebernard.com/nouveau-facebook-live-jeudi-11-janvier,https://staging.lacuisinedebernard.com/nouveau-facebook-live-jeudi-11-janvier
https://www.lacuisinedebernard.com/nouveau-facebook-live-jeudi-11-janvier/,https://staging.lacuisinedebernard.com/nouveau-facebook-live-jeudi-11-janvier
https://lacuisinedebernard.com/galettes-de-pois-chiches-menthe,https://staging.lacuisinedebernard.com/galettes-de-pois-chiches-menthe
https://lacuisinedebernard.com/galettes-de-pois-chiches-menthe/,https://staging.lacuisinedebernard.com/galettes-de-pois-chiches-menthe
https://www.lacuisinedebernard.com/galettes-de-pois-chiches-menthe,https://staging.lacuisinedebernard.com/galettes-de-pois-chiches-menthe
https://www.lacuisinedebernard.com/galettes-de-pois-chiches-menthe/,https://staging.lacuisinedebernard.com/galettes-de-pois-chiches-menthe
https://lacuisinedebernard.com/plus-de-100000000-de-visites-sur-le-blog,https://staging.lacuisinedebernard.com/plus-de-100000000-de-visites-sur-le-blog
https://lacuisinedebernard.com/plus-de-100000000-de-visites-sur-le-blog/,https://staging.lacuisinedebernard.com/plus-de-100000000-de-visites-sur-le-blog
https://www.lacuisinedebernard.com/plus-de-100000000-de-visites-sur-le-blog,https://staging.lacuisinedebernard.com/plus-de-100000000-de-visites-sur-le-blog
https://www.lacuisinedebernard.com/plus-de-100000000-de-visites-sur-le-blog/,https://staging.lacuisinedebernard.com/plus-de-100000000-de-visites-sur-le-blog
https://lacuisinedebernard.com/facebook-live-mercredi-17-janvier-19h00,https://staging.lacuisinedebernard.com/facebook-live-mercredi-17-janvier-19h00
https://lacuisinedebernard.com/facebook-live-mercredi-17-janvier-19h00/,https://staging.lacuisinedebernard.com/facebook-live-mercredi-17-janvier-19h00
https://www.lacuisinedebernard.com/facebook-live-mercredi-17-janvier-19h00,https://staging.lacuisinedebernard.com/facebook-live-mercredi-17-janvier-19h00
https://www.lacuisinedebernard.com/facebook-live-mercredi-17-janvier-19h00/,https://staging.lacuisinedebernard.com/facebook-live-mercredi-17-janvier-19h00
https://lacuisinedebernard.com/carres-aux-dattes,https://staging.lacuisinedebernard.com/carres-aux-dattes
https://lacuisinedebernard.com/carres-aux-dattes/,https://staging.lacuisinedebernard.com/carres-aux-dattes
https://www.lacuisinedebernard.com/carres-aux-dattes,https://staging.lacuisinedebernard.com/carres-aux-dattes
https://www.lacuisinedebernard.com/carres-aux-dattes/,https://staging.lacuisinedebernard.com/carres-aux-dattes
https://lacuisinedebernard.com/harcha-la-tapenade,https://staging.lacuisinedebernard.com/harcha-la-tapenade
https://lacuisinedebernard.com/harcha-la-tapenade/,https://staging.lacuisinedebernard.com/harcha-la-tapenade
https://www.lacuisinedebernard.com/harcha-la-tapenade,https://staging.lacuisinedebernard.com/harcha-la-tapenade
https://www.lacuisinedebernard.com/harcha-la-tapenade/,https://staging.lacuisinedebernard.com/harcha-la-tapenade
https://lacuisinedebernard.com/les-pasteis-de-nata-en-facebook-live,https://staging.lacuisinedebernard.com/les-pasteis-de-nata-en-facebook-live
https://lacuisinedebernard.com/les-pasteis-de-nata-en-facebook-live/,https://staging.lacuisinedebernard.com/les-pasteis-de-nata-en-facebook-live
https://www.lacuisinedebernard.com/les-pasteis-de-nata-en-facebook-live,https://staging.lacuisinedebernard.com/les-pasteis-de-nata-en-facebook-live
https://www.lacuisinedebernard.com/les-pasteis-de-nata-en-facebook-live/,https://staging.lacuisinedebernard.com/les-pasteis-de-nata-en-facebook-live
https://lacuisinedebernard.com/facebook-live-jeudi-8-fevrier-19h00,https://staging.lacuisinedebernard.com/facebook-live-jeudi-8-fevrier-19h00
https://lacuisinedebernard.com/facebook-live-jeudi-8-fevrier-19h00/,https://staging.lacuisinedebernard.com/facebook-live-jeudi-8-fevrier-19h00
https://www.lacuisinedebernard.com/facebook-live-jeudi-8-fevrier-19h00,https://staging.lacuisinedebernard.com/facebook-live-jeudi-8-fevrier-19h00
https://www.lacuisinedebernard.com/facebook-live-jeudi-8-fevrier-19h00/,https://staging.lacuisinedebernard.com/facebook-live-jeudi-8-fevrier-19h00
https://lacuisinedebernard.com/palmiers,https://staging.lacuisinedebernard.com/palmiers
https://lacuisinedebernard.com/palmiers/,https://staging.lacuisinedebernard.com/palmiers
https://www.lacuisinedebernard.com/palmiers,https://staging.lacuisinedebernard.com/palmiers
https://www.lacuisinedebernard.com/palmiers/,https://staging.lacuisinedebernard.com/palmiers
https://lacuisinedebernard.com/chips-de-sarrasin-au-sel-et-au-poivre,https://staging.lacuisinedebernard.com/chips-de-sarrasin-au-sel-et-au-poivre
https://lacuisinedebernard.com/chips-de-sarrasin-au-sel-et-au-poivre/,https://staging.lacuisinedebernard.com/chips-de-sarrasin-au-sel-et-au-poivre
https://www.lacuisinedebernard.com/chips-de-sarrasin-au-sel-et-au-poivre,https://staging.lacuisinedebernard.com/chips-de-sarrasin-au-sel-et-au-poivre
https://www.lacuisinedebernard.com/chips-de-sarrasin-au-sel-et-au-poivre/,https://staging.lacuisinedebernard.com/chips-de-sarrasin-au-sel-et-au-poivre
https://lacuisinedebernard.com/pain-feuillete,https://staging.lacuisinedebernard.com/pain-feuillete
https://lacuisinedebernard.com/pain-feuillete/,https://staging.lacuisinedebernard.com/pain-feuillete
https://www.lacuisinedebernard.com/pain-feuillete,https://staging.lacuisinedebernard.com/pain-feuillete
https://www.lacuisinedebernard.com/pain-feuillete/,https://staging.lacuisinedebernard.com/pain-feuillete
https://lacuisinedebernard.com/tourte-au-poulet-curry-et-poireaux,https://staging.lacuisinedebernard.com/tourte-au-poulet-curry-et-poireaux
https://lacuisinedebernard.com/tourte-au-poulet-curry-et-poireaux/,https://staging.lacuisinedebernard.com/tourte-au-poulet-curry-et-poireaux
https://www.lacuisinedebernard.com/tourte-au-poulet-curry-et-poireaux,https://staging.lacuisinedebernard.com/tourte-au-poulet-curry-et-poireaux
https://www.lacuisinedebernard.com/tourte-au-poulet-curry-et-poireaux/,https://staging.lacuisinedebernard.com/tourte-au-poulet-curry-et-poireaux
https://lacuisinedebernard.com/cake-noix-de-coco-chocolat-blanc,https://staging.lacuisinedebernard.com/cake-noix-de-coco-chocolat-blanc
https://lacuisinedebernard.com/cake-noix-de-coco-chocolat-blanc/,https://staging.lacuisinedebernard.com/cake-noix-de-coco-chocolat-blanc
https://www.lacuisinedebernard.com/cake-noix-de-coco-chocolat-blanc,https://staging.lacuisinedebernard.com/cake-noix-de-coco-chocolat-blanc
https://www.lacuisinedebernard.com/cake-noix-de-coco-chocolat-blanc/,https://staging.lacuisinedebernard.com/cake-noix-de-coco-chocolat-blanc
https://lacuisinedebernard.com/haricots-blancs-marocains-tomates,https://staging.lacuisinedebernard.com/haricots-blancs-marocains-tomates
https://lacuisinedebernard.com/haricots-blancs-marocains-tomates/,https://staging.lacuisinedebernard.com/haricots-blancs-marocains-tomates
https://www.lacuisinedebernard.com/haricots-blancs-marocains-tomates,https://staging.lacuisinedebernard.com/haricots-blancs-marocains-tomates
https://www.lacuisinedebernard.com/haricots-blancs-marocains-tomates/,https://staging.lacuisinedebernard.com/haricots-blancs-marocains-tomates
https://lacuisinedebernard.com/tarte-tatin-spirale,https://staging.lacuisinedebernard.com/tarte-tatin-spirale
https://lacuisinedebernard.com/tarte-tatin-spirale/,https://staging.lacuisinedebernard.com/tarte-tatin-spirale
https://www.lacuisinedebernard.com/tarte-tatin-spirale,https://staging.lacuisinedebernard.com/tarte-tatin-spirale
https://www.lacuisinedebernard.com/tarte-tatin-spirale/,https://staging.lacuisinedebernard.com/tarte-tatin-spirale
https://lacuisinedebernard.com/chocolat-tempere,https://staging.lacuisinedebernard.com/chocolat-tempere
https://lacuisinedebernard.com/chocolat-tempere/,https://staging.lacuisinedebernard.com/chocolat-tempere
https://www.lacuisinedebernard.com/chocolat-tempere,https://staging.lacuisinedebernard.com/chocolat-tempere
https://www.lacuisinedebernard.com/chocolat-tempere/,https://staging.lacuisinedebernard.com/chocolat-tempere
https://lacuisinedebernard.com/salade-de-brocoli-cremeux,https://staging.lacuisinedebernard.com/salade-de-brocoli-cremeux
https://lacuisinedebernard.com/salade-de-brocoli-cremeux/,https://staging.lacuisinedebernard.com/salade-de-brocoli-cremeux
https://www.lacuisinedebernard.com/salade-de-brocoli-cremeux,https://staging.lacuisinedebernard.com/salade-de-brocoli-cremeux
https://www.lacuisinedebernard.com/salade-de-brocoli-cremeux/,https://staging.lacuisinedebernard.com/salade-de-brocoli-cremeux
https://lacuisinedebernard.com/irlande-dublin-et-galway,https://staging.lacuisinedebernard.com/irlande-dublin-et-galway
https://lacuisinedebernard.com/irlande-dublin-et-galway/,https://staging.lacuisinedebernard.com/irlande-dublin-et-galway
https://www.lacuisinedebernard.com/irlande-dublin-et-galway,https://staging.lacuisinedebernard.com/irlande-dublin-et-galway
https://www.lacuisinedebernard.com/irlande-dublin-et-galway/,https://staging.lacuisinedebernard.com/irlande-dublin-et-galway
https://lacuisinedebernard.com/cookies-avoine-orange-chocola,https://staging.lacuisinedebernard.com/cookies-avoine-orange-chocola
https://lacuisinedebernard.com/cookies-avoine-orange-chocola/,https://staging.lacuisinedebernard.com/cookies-avoine-orange-chocola
https://www.lacuisinedebernard.com/cookies-avoine-orange-chocola,https://staging.lacuisinedebernard.com/cookies-avoine-orange-chocola
https://www.lacuisinedebernard.com/cookies-avoine-orange-chocola/,https://staging.lacuisinedebernard.com/cookies-avoine-orange-chocola
https://lacuisinedebernard.com/granite-sicilien-aux-amandes,https://staging.lacuisinedebernard.com/granite-sicilien-aux-amandes
https://lacuisinedebernard.com/granite-sicilien-aux-amandes/,https://staging.lacuisinedebernard.com/granite-sicilien-aux-amandes
https://www.lacuisinedebernard.com/granite-sicilien-aux-amandes,https://staging.lacuisinedebernard.com/granite-sicilien-aux-amandes
https://www.lacuisinedebernard.com/granite-sicilien-aux-amandes/,https://staging.lacuisinedebernard.com/granite-sicilien-aux-amandes
https://lacuisinedebernard.com/soupe-tcheque-aux-champignons-pommes-de,https://staging.lacuisinedebernard.com/soupe-tcheque-aux-champignons-pommes-de
https://lacuisinedebernard.com/soupe-tcheque-aux-champignons-pommes-de/,https://staging.lacuisinedebernard.com/soupe-tcheque-aux-champignons-pommes-de
https://www.lacuisinedebernard.com/soupe-tcheque-aux-champignons-pommes-de,https://staging.lacuisinedebernard.com/soupe-tcheque-aux-champignons-pommes-de
https://www.lacuisinedebernard.com/soupe-tcheque-aux-champignons-pommes-de/,https://staging.lacuisinedebernard.com/soupe-tcheque-aux-champignons-pommes-de
https://lacuisinedebernard.com/porc-cou-rouge-et-knodels-tcheques,https://staging.lacuisinedebernard.com/porc-cou-rouge-et-knodels-tcheques
https://lacuisinedebernard.com/porc-cou-rouge-et-knodels-tcheques/,https://staging.lacuisinedebernard.com/porc-cou-rouge-et-knodels-tcheques
https://www.lacuisinedebernard.com/porc-cou-rouge-et-knodels-tcheques,https://staging.lacuisinedebernard.com/porc-cou-rouge-et-knodels-tcheques
https://www.lacuisinedebernard.com/porc-cou-rouge-et-knodels-tcheques/,https://staging.lacuisinedebernard.com/porc-cou-rouge-et-knodels-tcheques
https://lacuisinedebernard.com/poulet-grille-asperges-vertes-e,https://staging.lacuisinedebernard.com/poulet-grille-asperges-vertes-e
https://lacuisinedebernard.com/poulet-grille-asperges-vertes-e/,https://staging.lacuisinedebernard.com/poulet-grille-asperges-vertes-e
https://www.lacuisinedebernard.com/poulet-grille-asperges-vertes-e,https://staging.lacuisinedebernard.com/poulet-grille-asperges-vertes-e
https://www.lacuisinedebernard.com/poulet-grille-asperges-vertes-e/,https://staging.lacuisinedebernard.com/poulet-grille-asperges-vertes-e
https://lacuisinedebernard.com/les-cremes-merveilleuses-au-chocola,https://staging.lacuisinedebernard.com/les-cremes-merveilleuses-au-chocola
https://lacuisinedebernard.com/les-cremes-merveilleuses-au-chocola/,https://staging.lacuisinedebernard.com/les-cremes-merveilleuses-au-chocola
https://www.lacuisinedebernard.com/les-cremes-merveilleuses-au-chocola,https://staging.lacuisinedebernard.com/les-cremes-merveilleuses-au-chocola
https://www.lacuisinedebernard.com/les-cremes-merveilleuses-au-chocola/,https://staging.lacuisinedebernard.com/les-cremes-merveilleuses-au-chocola
https://lacuisinedebernard.com/risotto-au-curry-vert-et-magret-grille,https://staging.lacuisinedebernard.com/risotto-au-curry-vert-et-magret-grille
https://lacuisinedebernard.com/risotto-au-curry-vert-et-magret-grille/,https://staging.lacuisinedebernard.com/risotto-au-curry-vert-et-magret-grille
https://www.lacuisinedebernard.com/risotto-au-curry-vert-et-magret-grille,https://staging.lacuisinedebernard.com/risotto-au-curry-vert-et-magret-grille
https://www.lacuisinedebernard.com/risotto-au-curry-vert-et-magret-grille/,https://staging.lacuisinedebernard.com/risotto-au-curry-vert-et-magret-grille
https://lacuisinedebernard.com/kritharoto-aux-crevettes,https://staging.lacuisinedebernard.com/kritharoto-aux-crevettes
https://lacuisinedebernard.com/kritharoto-aux-crevettes/,https://staging.lacuisinedebernard.com/kritharoto-aux-crevettes
https://www.lacuisinedebernard.com/kritharoto-aux-crevettes,https://staging.lacuisinedebernard.com/kritharoto-aux-crevettes
https://www.lacuisinedebernard.com/kritharoto-aux-crevettes/,https://staging.lacuisinedebernard.com/kritharoto-aux-crevettes
https://lacuisinedebernard.com/gateau-sarrasin-coco-et-banane,https://staging.lacuisinedebernard.com/gateau-sarrasin-coco-et-banane
https://lacuisinedebernard.com/gateau-sarrasin-coco-et-banane/,https://staging.lacuisinedebernard.com/gateau-sarrasin-coco-et-banane
https://www.lacuisinedebernard.com/gateau-sarrasin-coco-et-banane,https://staging.lacuisinedebernard.com/gateau-sarrasin-coco-et-banane
https://www.lacuisinedebernard.com/gateau-sarrasin-coco-et-banane/,https://staging.lacuisinedebernard.com/gateau-sarrasin-coco-et-banane
https://lacuisinedebernard.com/goulasch-tcheque,https://staging.lacuisinedebernard.com/goulasch-tcheque
https://lacuisinedebernard.com/goulasch-tcheque/,https://staging.lacuisinedebernard.com/goulasch-tcheque
https://www.lacuisinedebernard.com/goulasch-tcheque,https://staging.lacuisinedebernard.com/goulasch-tcheque
https://www.lacuisinedebernard.com/goulasch-tcheque/,https://staging.lacuisinedebernard.com/goulasch-tcheque
https://lacuisinedebernard.com/salade-grecque,https://staging.lacuisinedebernard.com/salade-grecque
https://lacuisinedebernard.com/salade-grecque/,https://staging.lacuisinedebernard.com/salade-grecque
https://www.lacuisinedebernard.com/salade-grecque,https://staging.lacuisinedebernard.com/salade-grecque
https://www.lacuisinedebernard.com/salade-grecque/,https://staging.lacuisinedebernard.com/salade-grecque
https://lacuisinedebernard.com/salade-vietnamienne-au-porc-marine,https://staging.lacuisinedebernard.com/salade-vietnamienne-au-porc-marine
https://lacuisinedebernard.com/salade-vietnamienne-au-porc-marine/,https://staging.lacuisinedebernard.com/salade-vietnamienne-au-porc-marine
https://www.lacuisinedebernard.com/salade-vietnamienne-au-porc-marine,https://staging.lacuisinedebernard.com/salade-vietnamienne-au-porc-marine
https://www.lacuisinedebernard.com/salade-vietnamienne-au-porc-marine/,https://staging.lacuisinedebernard.com/salade-vietnamienne-au-porc-marine
https://lacuisinedebernard.com/cookies-praline-sarrasin,https://staging.lacuisinedebernard.com/cookies-praline-sarrasin
https://lacuisinedebernard.com/cookies-praline-sarrasin/,https://staging.lacuisinedebernard.com/cookies-praline-sarrasin
https://www.lacuisinedebernard.com/cookies-praline-sarrasin,https://staging.lacuisinedebernard.com/cookies-praline-sarrasin
https://www.lacuisinedebernard.com/cookies-praline-sarrasin/,https://staging.lacuisinedebernard.com/cookies-praline-sarrasin
https://lacuisinedebernard.com/gaspacho-ver,https://staging.lacuisinedebernard.com/gaspacho-ver
https://lacuisinedebernard.com/gaspacho-ver/,https://staging.lacuisinedebernard.com/gaspacho-ver
https://www.lacuisinedebernard.com/gaspacho-ver,https://staging.lacuisinedebernard.com/gaspacho-ver
https://www.lacuisinedebernard.com/gaspacho-ver/,https://staging.lacuisinedebernard.com/gaspacho-ver
https://lacuisinedebernard.com/homards-grilles-et-flambes,https://staging.lacuisinedebernard.com/homards-grilles-et-flambes
https://lacuisinedebernard.com/homards-grilles-et-flambes/,https://staging.lacuisinedebernard.com/homards-grilles-et-flambes
https://www.lacuisinedebernard.com/homards-grilles-et-flambes,https://staging.lacuisinedebernard.com/homards-grilles-et-flambes
https://www.lacuisinedebernard.com/homards-grilles-et-flambes/,https://staging.lacuisinedebernard.com/homards-grilles-et-flambes
https://lacuisinedebernard.com/catalogue-kitchenaid-2018-2019_11,https://staging.lacuisinedebernard.com/catalogue-kitchenaid-2018-2019_11
https://lacuisinedebernard.com/catalogue-kitchenaid-2018-2019_11/,https://staging.lacuisinedebernard.com/catalogue-kitchenaid-2018-2019_11
https://www.lacuisinedebernard.com/catalogue-kitchenaid-2018-2019_11,https://staging.lacuisinedebernard.com/catalogue-kitchenaid-2018-2019_11
https://www.lacuisinedebernard.com/catalogue-kitchenaid-2018-2019_11/,https://staging.lacuisinedebernard.com/catalogue-kitchenaid-2018-2019_11
https://lacuisinedebernard.com/poulet-au-piment-basilic-thai-e,https://staging.lacuisinedebernard.com/poulet-au-piment-basilic-thai-e
https://lacuisinedebernard.com/poulet-au-piment-basilic-thai-e/,https://staging.lacuisinedebernard.com/poulet-au-piment-basilic-thai-e
https://www.lacuisinedebernard.com/poulet-au-piment-basilic-thai-e,https://staging.lacuisinedebernard.com/poulet-au-piment-basilic-thai-e
https://www.lacuisinedebernard.com/poulet-au-piment-basilic-thai-e/,https://staging.lacuisinedebernard.com/poulet-au-piment-basilic-thai-e
https://lacuisinedebernard.com/salade-de-quinoa-et-hoummos-la-betterave,https://staging.lacuisinedebernard.com/salade-de-quinoa-et-hoummos-la-betterave
https://lacuisinedebernard.com/salade-de-quinoa-et-hoummos-la-betterave/,https://staging.lacuisinedebernard.com/salade-de-quinoa-et-hoummos-la-betterave
https://www.lacuisinedebernard.com/salade-de-quinoa-et-hoummos-la-betterave,https://staging.lacuisinedebernard.com/salade-de-quinoa-et-hoummos-la-betterave
https://www.lacuisinedebernard.com/salade-de-quinoa-et-hoummos-la-betterave/,https://staging.lacuisinedebernard.com/salade-de-quinoa-et-hoummos-la-betterave
https://lacuisinedebernard.com/gateau-myrtilles-et-cream-cheese,https://staging.lacuisinedebernard.com/gateau-myrtilles-et-cream-cheese
https://lacuisinedebernard.com/gateau-myrtilles-et-cream-cheese/,https://staging.lacuisinedebernard.com/gateau-myrtilles-et-cream-cheese
https://www.lacuisinedebernard.com/gateau-myrtilles-et-cream-cheese,https://staging.lacuisinedebernard.com/gateau-myrtilles-et-cream-cheese
https://www.lacuisinedebernard.com/gateau-myrtilles-et-cream-cheese/,https://staging.lacuisinedebernard.com/gateau-myrtilles-et-cream-cheese
https://lacuisinedebernard.com/soupe-froide-courgette-mangue-et-curry,https://staging.lacuisinedebernard.com/soupe-froide-courgette-mangue-et-curry
https://lacuisinedebernard.com/soupe-froide-courgette-mangue-et-curry/,https://staging.lacuisinedebernard.com/soupe-froide-courgette-mangue-et-curry
https://www.lacuisinedebernard.com/soupe-froide-courgette-mangue-et-curry,https://staging.lacuisinedebernard.com/soupe-froide-courgette-mangue-et-curry
https://www.lacuisinedebernard.com/soupe-froide-courgette-mangue-et-curry/,https://staging.lacuisinedebernard.com/soupe-froide-courgette-mangue-et-curry
https://lacuisinedebernard.com/beignets-vietnamiens-croustillants-au,https://staging.lacuisinedebernard.com/beignets-vietnamiens-croustillants-au
https://lacuisinedebernard.com/beignets-vietnamiens-croustillants-au/,https://staging.lacuisinedebernard.com/beignets-vietnamiens-croustillants-au
https://www.lacuisinedebernard.com/beignets-vietnamiens-croustillants-au,https://staging.lacuisinedebernard.com/beignets-vietnamiens-croustillants-au
https://www.lacuisinedebernard.com/beignets-vietnamiens-croustillants-au/,https://staging.lacuisinedebernard.com/beignets-vietnamiens-croustillants-au
https://lacuisinedebernard.com/sables-citron-et-farine-de-mais,https://staging.lacuisinedebernard.com/sables-citron-et-farine-de-mais
https://lacuisinedebernard.com/sables-citron-et-farine-de-mais/,https://staging.lacuisinedebernard.com/sables-citron-et-farine-de-mais
https://www.lacuisinedebernard.com/sables-citron-et-farine-de-mais,https://staging.lacuisinedebernard.com/sables-citron-et-farine-de-mais
https://www.lacuisinedebernard.com/sables-citron-et-farine-de-mais/,https://staging.lacuisinedebernard.com/sables-citron-et-farine-de-mais
https://lacuisinedebernard.com/pesto-laubergine,https://staging.lacuisinedebernard.com/pesto-laubergine
https://lacuisinedebernard.com/pesto-laubergine/,https://staging.lacuisinedebernard.com/pesto-laubergine
https://www.lacuisinedebernard.com/pesto-laubergine,https://staging.lacuisinedebernard.com/pesto-laubergine
https://www.lacuisinedebernard.com/pesto-laubergine/,https://staging.lacuisinedebernard.com/pesto-laubergine
https://lacuisinedebernard.com/quiche-chevre-tomates-cerises,https://staging.lacuisinedebernard.com/quiche-chevre-tomates-cerises
https://lacuisinedebernard.com/quiche-chevre-tomates-cerises/,https://staging.lacuisinedebernard.com/quiche-chevre-tomates-cerises
https://www.lacuisinedebernard.com/quiche-chevre-tomates-cerises,https://staging.lacuisinedebernard.com/quiche-chevre-tomates-cerises
https://www.lacuisinedebernard.com/quiche-chevre-tomates-cerises/,https://staging.lacuisinedebernard.com/quiche-chevre-tomates-cerises
https://lacuisinedebernard.com/gateau-renverse-aux-peches,https://staging.lacuisinedebernard.com/gateau-renverse-aux-peches
https://lacuisinedebernard.com/gateau-renverse-aux-peches/,https://staging.lacuisinedebernard.com/gateau-renverse-aux-peches
https://www.lacuisinedebernard.com/gateau-renverse-aux-peches,https://staging.lacuisinedebernard.com/gateau-renverse-aux-peches
https://www.lacuisinedebernard.com/gateau-renverse-aux-peches/,https://staging.lacuisinedebernard.com/gateau-renverse-aux-peches
https://lacuisinedebernard.com/silikomart-nouveau-partenaire-du-blog,https://staging.lacuisinedebernard.com/silikomart-nouveau-partenaire-du-blog
https://lacuisinedebernard.com/silikomart-nouveau-partenaire-du-blog/,https://staging.lacuisinedebernard.com/silikomart-nouveau-partenaire-du-blog
https://www.lacuisinedebernard.com/silikomart-nouveau-partenaire-du-blog,https://staging.lacuisinedebernard.com/silikomart-nouveau-partenaire-du-blog
https://www.lacuisinedebernard.com/silikomart-nouveau-partenaire-du-blog/,https://staging.lacuisinedebernard.com/silikomart-nouveau-partenaire-du-blog
https://lacuisinedebernard.com/gateau-citron,https://staging.lacuisinedebernard.com/gateau-citron
https://lacuisinedebernard.com/gateau-citron/,https://staging.lacuisinedebernard.com/gateau-citron
https://www.lacuisinedebernard.com/gateau-citron,https://staging.lacuisinedebernard.com/gateau-citron
https://www.lacuisinedebernard.com/gateau-citron/,https://staging.lacuisinedebernard.com/gateau-citron
https://lacuisinedebernard.com/reykjavik-et-ses-alentours,https://staging.lacuisinedebernard.com/reykjavik-et-ses-alentours
https://lacuisinedebernard.com/reykjavik-et-ses-alentours/,https://staging.lacuisinedebernard.com/reykjavik-et-ses-alentours
https://www.lacuisinedebernard.com/reykjavik-et-ses-alentours,https://staging.lacuisinedebernard.com/reykjavik-et-ses-alentours
https://www.lacuisinedebernard.com/reykjavik-et-ses-alentours/,https://staging.lacuisinedebernard.com/reykjavik-et-ses-alentours
https://lacuisinedebernard.com/tubes-feuilletes-au-praline-coulan,https://staging.lacuisinedebernard.com/tubes-feuilletes-au-praline-coulan
https://lacuisinedebernard.com/tubes-feuilletes-au-praline-coulan/,https://staging.lacuisinedebernard.com/tubes-feuilletes-au-praline-coulan
https://www.lacuisinedebernard.com/tubes-feuilletes-au-praline-coulan,https://staging.lacuisinedebernard.com/tubes-feuilletes-au-praline-coulan
https://www.lacuisinedebernard.com/tubes-feuilletes-au-praline-coulan/,https://staging.lacuisinedebernard.com/tubes-feuilletes-au-praline-coulan
https://lacuisinedebernard.com/tentez-de-gagner-un-kitchenaid-heritage,https://staging.lacuisinedebernard.com/tentez-de-gagner-un-kitchenaid-heritage
https://lacuisinedebernard.com/tentez-de-gagner-un-kitchenaid-heritage/,https://staging.lacuisinedebernard.com/tentez-de-gagner-un-kitchenaid-heritage
https://www.lacuisinedebernard.com/tentez-de-gagner-un-kitchenaid-heritage,https://staging.lacuisinedebernard.com/tentez-de-gagner-un-kitchenaid-heritage
https://www.lacuisinedebernard.com/tentez-de-gagner-un-kitchenaid-heritage/,https://staging.lacuisinedebernard.com/tentez-de-gagner-un-kitchenaid-heritage
https://lacuisinedebernard.com/pancakes-aux-feuilles-de-pandan,https://staging.lacuisinedebernard.com/pancakes-aux-feuilles-de-pandan
https://lacuisinedebernard.com/pancakes-aux-feuilles-de-pandan/,https://staging.lacuisinedebernard.com/pancakes-aux-feuilles-de-pandan
https://www.lacuisinedebernard.com/pancakes-aux-feuilles-de-pandan,https://staging.lacuisinedebernard.com/pancakes-aux-feuilles-de-pandan
https://www.lacuisinedebernard.com/pancakes-aux-feuilles-de-pandan/,https://staging.lacuisinedebernard.com/pancakes-aux-feuilles-de-pandan
https://lacuisinedebernard.com/kabocha-farcie-au-poulet-chataignes,https://staging.lacuisinedebernard.com/kabocha-farcie-au-poulet-chataignes
https://lacuisinedebernard.com/kabocha-farcie-au-poulet-chataignes/,https://staging.lacuisinedebernard.com/kabocha-farcie-au-poulet-chataignes
https://www.lacuisinedebernard.com/kabocha-farcie-au-poulet-chataignes,https://staging.lacuisinedebernard.com/kabocha-farcie-au-poulet-chataignes
https://www.lacuisinedebernard.com/kabocha-farcie-au-poulet-chataignes/,https://staging.lacuisinedebernard.com/kabocha-farcie-au-poulet-chataignes
https://lacuisinedebernard.com/cookies-la-pate-tartiner,https://staging.lacuisinedebernard.com/cookies-la-pate-tartiner
https://lacuisinedebernard.com/cookies-la-pate-tartiner/,https://staging.lacuisinedebernard.com/cookies-la-pate-tartiner
https://www.lacuisinedebernard.com/cookies-la-pate-tartiner,https://staging.lacuisinedebernard.com/cookies-la-pate-tartiner
https://www.lacuisinedebernard.com/cookies-la-pate-tartiner/,https://staging.lacuisinedebernard.com/cookies-la-pate-tartiner
https://lacuisinedebernard.com/riz-frit-au-porc-et-legumes,https://staging.lacuisinedebernard.com/riz-frit-au-porc-et-legumes
https://lacuisinedebernard.com/riz-frit-au-porc-et-legumes/,https://staging.lacuisinedebernard.com/riz-frit-au-porc-et-legumes
https://www.lacuisinedebernard.com/riz-frit-au-porc-et-legumes,https://staging.lacuisinedebernard.com/riz-frit-au-porc-et-legumes
https://www.lacuisinedebernard.com/riz-frit-au-porc-et-legumes/,https://staging.lacuisinedebernard.com/riz-frit-au-porc-et-legumes
https://lacuisinedebernard.com/pumpkin-pie-tarte-la-citrouille,https://staging.lacuisinedebernard.com/pumpkin-pie-tarte-la-citrouille
https://lacuisinedebernard.com/pumpkin-pie-tarte-la-citrouille/,https://staging.lacuisinedebernard.com/pumpkin-pie-tarte-la-citrouille
https://www.lacuisinedebernard.com/pumpkin-pie-tarte-la-citrouille,https://staging.lacuisinedebernard.com/pumpkin-pie-tarte-la-citrouille
https://www.lacuisinedebernard.com/pumpkin-pie-tarte-la-citrouille/,https://staging.lacuisinedebernard.com/pumpkin-pie-tarte-la-citrouille
https://lacuisinedebernard.com/cake-potiron-noix-de-pecan,https://staging.lacuisinedebernard.com/cake-potiron-noix-de-pecan
https://lacuisinedebernard.com/cake-potiron-noix-de-pecan/,https://staging.lacuisinedebernard.com/cake-potiron-noix-de-pecan
https://www.lacuisinedebernard.com/cake-potiron-noix-de-pecan,https://staging.lacuisinedebernard.com/cake-potiron-noix-de-pecan
https://www.lacuisinedebernard.com/cake-potiron-noix-de-pecan/,https://staging.lacuisinedebernard.com/cake-potiron-noix-de-pecan
https://lacuisinedebernard.com/coquilles-saint-jacques-aux-patates,https://staging.lacuisinedebernard.com/coquilles-saint-jacques-aux-patates
https://lacuisinedebernard.com/coquilles-saint-jacques-aux-patates/,https://staging.lacuisinedebernard.com/coquilles-saint-jacques-aux-patates
https://www.lacuisinedebernard.com/coquilles-saint-jacques-aux-patates,https://staging.lacuisinedebernard.com/coquilles-saint-jacques-aux-patates
https://www.lacuisinedebernard.com/coquilles-saint-jacques-aux-patates/,https://staging.lacuisinedebernard.com/coquilles-saint-jacques-aux-patates
https://lacuisinedebernard.com/lait-de-coco-frais-au-billes-de-tapioca,https://staging.lacuisinedebernard.com/lait-de-coco-frais-au-billes-de-tapioca
https://lacuisinedebernard.com/lait-de-coco-frais-au-billes-de-tapioca/,https://staging.lacuisinedebernard.com/lait-de-coco-frais-au-billes-de-tapioca
https://www.lacuisinedebernard.com/lait-de-coco-frais-au-billes-de-tapioca,https://staging.lacuisinedebernard.com/lait-de-coco-frais-au-billes-de-tapioca
https://www.lacuisinedebernard.com/lait-de-coco-frais-au-billes-de-tapioca/,https://staging.lacuisinedebernard.com/lait-de-coco-frais-au-billes-de-tapioca
https://lacuisinedebernard.com/caneles-au-chocola,https://staging.lacuisinedebernard.com/caneles-au-chocola
https://lacuisinedebernard.com/caneles-au-chocola/,https://staging.lacuisinedebernard.com/caneles-au-chocola
https://www.lacuisinedebernard.com/caneles-au-chocola,https://staging.lacuisinedebernard.com/caneles-au-chocola
https://www.lacuisinedebernard.com/caneles-au-chocola/,https://staging.lacuisinedebernard.com/caneles-au-chocola
https://lacuisinedebernard.com/tourte-aux-noix,https://staging.lacuisinedebernard.com/tourte-aux-noix
https://lacuisinedebernard.com/tourte-aux-noix/,https://staging.lacuisinedebernard.com/tourte-aux-noix
https://www.lacuisinedebernard.com/tourte-aux-noix,https://staging.lacuisinedebernard.com/tourte-aux-noix
https://www.lacuisinedebernard.com/tourte-aux-noix/,https://staging.lacuisinedebernard.com/tourte-aux-noix
https://lacuisinedebernard.com/croustillants-praline-noisettes,https://staging.lacuisinedebernard.com/croustillants-praline-noisettes
https://lacuisinedebernard.com/croustillants-praline-noisettes/,https://staging.lacuisinedebernard.com/croustillants-praline-noisettes
https://www.lacuisinedebernard.com/croustillants-praline-noisettes,https://staging.lacuisinedebernard.com/croustillants-praline-noisettes
https://www.lacuisinedebernard.com/croustillants-praline-noisettes/,https://staging.lacuisinedebernard.com/croustillants-praline-noisettes
https://lacuisinedebernard.com/cake-vegan-coco-chocola,https://staging.lacuisinedebernard.com/cake-vegan-coco-chocola
https://lacuisinedebernard.com/cake-vegan-coco-chocola/,https://staging.lacuisinedebernard.com/cake-vegan-coco-chocola
https://www.lacuisinedebernard.com/cake-vegan-coco-chocola,https://staging.lacuisinedebernard.com/cake-vegan-coco-chocola
https://www.lacuisinedebernard.com/cake-vegan-coco-chocola/,https://staging.lacuisinedebernard.com/cake-vegan-coco-chocola
https://lacuisinedebernard.com/foie-gras-sous-vide-methode-6,https://staging.lacuisinedebernard.com/foie-gras-sous-vide-methode-6
https://lacuisinedebernard.com/foie-gras-sous-vide-methode-6/,https://staging.lacuisinedebernard.com/foie-gras-sous-vide-methode-6
https://www.lacuisinedebernard.com/foie-gras-sous-vide-methode-6,https://staging.lacuisinedebernard.com/foie-gras-sous-vide-methode-6
https://www.lacuisinedebernard.com/foie-gras-sous-vide-methode-6/,https://staging.lacuisinedebernard.com/foie-gras-sous-vide-methode-6
https://lacuisinedebernard.com/magret-puree-de-kabocha-et-patate-douce,https://staging.lacuisinedebernard.com/magret-puree-de-kabocha-et-patate-douce
https://lacuisinedebernard.com/magret-puree-de-kabocha-et-patate-douce/,https://staging.lacuisinedebernard.com/magret-puree-de-kabocha-et-patate-douce
https://www.lacuisinedebernard.com/magret-puree-de-kabocha-et-patate-douce,https://staging.lacuisinedebernard.com/magret-puree-de-kabocha-et-patate-douce
https://www.lacuisinedebernard.com/magret-puree-de-kabocha-et-patate-douce/,https://staging.lacuisinedebernard.com/magret-puree-de-kabocha-et-patate-douce
https://lacuisinedebernard.com/pate-au-chou-vert-frise-fourme-damber,https://staging.lacuisinedebernard.com/pate-au-chou-vert-frise-fourme-damber
https://lacuisinedebernard.com/pate-au-chou-vert-frise-fourme-damber/,https://staging.lacuisinedebernard.com/pate-au-chou-vert-frise-fourme-damber
https://www.lacuisinedebernard.com/pate-au-chou-vert-frise-fourme-damber,https://staging.lacuisinedebernard.com/pate-au-chou-vert-frise-fourme-damber
https://www.lacuisinedebernard.com/pate-au-chou-vert-frise-fourme-damber/,https://staging.lacuisinedebernard.com/pate-au-chou-vert-frise-fourme-damber
https://lacuisinedebernard.com/millefeuille-aux-deux-saumons-et-au,https://staging.lacuisinedebernard.com/millefeuille-aux-deux-saumons-et-au
https://lacuisinedebernard.com/millefeuille-aux-deux-saumons-et-au/,https://staging.lacuisinedebernard.com/millefeuille-aux-deux-saumons-et-au
https://www.lacuisinedebernard.com/millefeuille-aux-deux-saumons-et-au,https://staging.lacuisinedebernard.com/millefeuille-aux-deux-saumons-et-au
https://www.lacuisinedebernard.com/millefeuille-aux-deux-saumons-et-au/,https://staging.lacuisinedebernard.com/millefeuille-aux-deux-saumons-et-au
https://lacuisinedebernard.com/cookies-moelleux-au-chocolat-blanc-et_80,https://staging.lacuisinedebernard.com/cookies-moelleux-au-chocolat-blanc-et_80
https://lacuisinedebernard.com/cookies-moelleux-au-chocolat-blanc-et_80/,https://staging.lacuisinedebernard.com/cookies-moelleux-au-chocolat-blanc-et_80
https://www.lacuisinedebernard.com/cookies-moelleux-au-chocolat-blanc-et_80,https://staging.lacuisinedebernard.com/cookies-moelleux-au-chocolat-blanc-et_80
https://www.lacuisinedebernard.com/cookies-moelleux-au-chocolat-blanc-et_80/,https://staging.lacuisinedebernard.com/cookies-moelleux-au-chocolat-blanc-et_80
https://lacuisinedebernard.com/nouveau-site-dedie-latelier,https://staging.lacuisinedebernard.com/nouveau-site-dedie-latelier
https://lacuisinedebernard.com/nouveau-site-dedie-latelier/,https://staging.lacuisinedebernard.com/nouveau-site-dedie-latelier
https://www.lacuisinedebernard.com/nouveau-site-dedie-latelier,https://staging.lacuisinedebernard.com/nouveau-site-dedie-latelier
https://www.lacuisinedebernard.com/nouveau-site-dedie-latelier/,https://staging.lacuisinedebernard.com/nouveau-site-dedie-latelier
https://lacuisinedebernard.com/escargot-pistache-chocola,https://staging.lacuisinedebernard.com/escargot-pistache-chocola
https://lacuisinedebernard.com/escargot-pistache-chocola/,https://staging.lacuisinedebernard.com/escargot-pistache-chocola
https://www.lacuisinedebernard.com/escargot-pistache-chocola,https://staging.lacuisinedebernard.com/escargot-pistache-chocola
https://www.lacuisinedebernard.com/escargot-pistache-chocola/,https://staging.lacuisinedebernard.com/escargot-pistache-chocola
https://lacuisinedebernard.com/caviar-dartichauts,https://staging.lacuisinedebernard.com/caviar-dartichauts
https://lacuisinedebernard.com/caviar-dartichauts/,https://staging.lacuisinedebernard.com/caviar-dartichauts
https://www.lacuisinedebernard.com/caviar-dartichauts,https://staging.lacuisinedebernard.com/caviar-dartichauts
https://www.lacuisinedebernard.com/caviar-dartichauts/,https://staging.lacuisinedebernard.com/caviar-dartichauts
https://lacuisinedebernard.com/tarte-courgettes-ricotta-ane,https://staging.lacuisinedebernard.com/tarte-courgettes-ricotta-ane
https://lacuisinedebernard.com/tarte-courgettes-ricotta-ane/,https://staging.lacuisinedebernard.com/tarte-courgettes-ricotta-ane
https://www.lacuisinedebernard.com/tarte-courgettes-ricotta-ane,https://staging.lacuisinedebernard.com/tarte-courgettes-ricotta-ane
https://www.lacuisinedebernard.com/tarte-courgettes-ricotta-ane/,https://staging.lacuisinedebernard.com/tarte-courgettes-ricotta-ane
https://lacuisinedebernard.com/babka-la-cannelle,https://staging.lacuisinedebernard.com/babka-la-cannelle
https://lacuisinedebernard.com/babka-la-cannelle/,https://staging.lacuisinedebernard.com/babka-la-cannelle
https://www.lacuisinedebernard.com/babka-la-cannelle,https://staging.lacuisinedebernard.com/babka-la-cannelle
https://www.lacuisinedebernard.com/babka-la-cannelle/,https://staging.lacuisinedebernard.com/babka-la-cannelle
https://lacuisinedebernard.com/artichaut-rotis-la-feta-et-lane,https://staging.lacuisinedebernard.com/artichaut-rotis-la-feta-et-lane
https://lacuisinedebernard.com/artichaut-rotis-la-feta-et-lane/,https://staging.lacuisinedebernard.com/artichaut-rotis-la-feta-et-lane
https://www.lacuisinedebernard.com/artichaut-rotis-la-feta-et-lane,https://staging.lacuisinedebernard.com/artichaut-rotis-la-feta-et-lane
https://www.lacuisinedebernard.com/artichaut-rotis-la-feta-et-lane/,https://staging.lacuisinedebernard.com/artichaut-rotis-la-feta-et-lane
https://lacuisinedebernard.com/salade-fraiche-de-lentilles-corai,https://staging.lacuisinedebernard.com/salade-fraiche-de-lentilles-corai
https://lacuisinedebernard.com/salade-fraiche-de-lentilles-corai/,https://staging.lacuisinedebernard.com/salade-fraiche-de-lentilles-corai
https://www.lacuisinedebernard.com/salade-fraiche-de-lentilles-corai,https://staging.lacuisinedebernard.com/salade-fraiche-de-lentilles-corai
https://www.lacuisinedebernard.com/salade-fraiche-de-lentilles-corai/,https://staging.lacuisinedebernard.com/salade-fraiche-de-lentilles-corai
https://lacuisinedebernard.com/scones-feta-epinard-pesto-et-olives,https://staging.lacuisinedebernard.com/scones-feta-epinard-pesto-et-olives
https://lacuisinedebernard.com/scones-feta-epinard-pesto-et-olives/,https://staging.lacuisinedebernard.com/scones-feta-epinard-pesto-et-olives
https://www.lacuisinedebernard.com/scones-feta-epinard-pesto-et-olives,https://staging.lacuisinedebernard.com/scones-feta-epinard-pesto-et-olives
https://www.lacuisinedebernard.com/scones-feta-epinard-pesto-et-olives/,https://staging.lacuisinedebernard.com/scones-feta-epinard-pesto-et-olives
https://lacuisinedebernard.com/tarte-aux-fraises-citron-et-basilic,https://staging.lacuisinedebernard.com/tarte-aux-fraises-citron-et-basilic
https://lacuisinedebernard.com/tarte-aux-fraises-citron-et-basilic/,https://staging.lacuisinedebernard.com/tarte-aux-fraises-citron-et-basilic
https://www.lacuisinedebernard.com/tarte-aux-fraises-citron-et-basilic,https://staging.lacuisinedebernard.com/tarte-aux-fraises-citron-et-basilic
https://www.lacuisinedebernard.com/tarte-aux-fraises-citron-et-basilic/,https://staging.lacuisinedebernard.com/tarte-aux-fraises-citron-et-basilic
https://lacuisinedebernard.com/poulpe-grille,https://staging.lacuisinedebernard.com/poulpe-grille
https://lacuisinedebernard.com/poulpe-grille/,https://staging.lacuisinedebernard.com/poulpe-grille
https://www.lacuisinedebernard.com/poulpe-grille,https://staging.lacuisinedebernard.com/poulpe-grille
https://www.lacuisinedebernard.com/poulpe-grille/,https://staging.lacuisinedebernard.com/poulpe-grille
https://lacuisinedebernard.com/hoummos-de-lentilles-corail-et-patate,https://staging.lacuisinedebernard.com/hoummos-de-lentilles-corail-et-patate
https://lacuisinedebernard.com/hoummos-de-lentilles-corail-et-patate/,https://staging.lacuisinedebernard.com/hoummos-de-lentilles-corail-et-patate
https://www.lacuisinedebernard.com/hoummos-de-lentilles-corail-et-patate,https://staging.lacuisinedebernard.com/hoummos-de-lentilles-corail-et-patate
https://www.lacuisinedebernard.com/hoummos-de-lentilles-corail-et-patate/,https://staging.lacuisinedebernard.com/hoummos-de-lentilles-corail-et-patate
https://lacuisinedebernard.com/les-cuistots-migrateurs-sortent-leur,https://staging.lacuisinedebernard.com/les-cuistots-migrateurs-sortent-leur
https://lacuisinedebernard.com/les-cuistots-migrateurs-sortent-leur/,https://staging.lacuisinedebernard.com/les-cuistots-migrateurs-sortent-leur
https://www.lacuisinedebernard.com/les-cuistots-migrateurs-sortent-leur,https://staging.lacuisinedebernard.com/les-cuistots-migrateurs-sortent-leur
https://www.lacuisinedebernard.com/les-cuistots-migrateurs-sortent-leur/,https://staging.lacuisinedebernard.com/les-cuistots-migrateurs-sortent-leur
https://lacuisinedebernard.com/crevettes-panees-pankoco-sauce-tartare,https://staging.lacuisinedebernard.com/crevettes-panees-pankoco-sauce-tartare
https://lacuisinedebernard.com/crevettes-panees-pankoco-sauce-tartare/,https://staging.lacuisinedebernard.com/crevettes-panees-pankoco-sauce-tartare
https://www.lacuisinedebernard.com/crevettes-panees-pankoco-sauce-tartare,https://staging.lacuisinedebernard.com/crevettes-panees-pankoco-sauce-tartare
https://www.lacuisinedebernard.com/crevettes-panees-pankoco-sauce-tartare/,https://staging.lacuisinedebernard.com/crevettes-panees-pankoco-sauce-tartare
https://lacuisinedebernard.com/tarte-framboises-vanille-citron,https://staging.lacuisinedebernard.com/tarte-framboises-vanille-citron
https://lacuisinedebernard.com/tarte-framboises-vanille-citron/,https://staging.lacuisinedebernard.com/tarte-framboises-vanille-citron
https://www.lacuisinedebernard.com/tarte-framboises-vanille-citron,https://staging.lacuisinedebernard.com/tarte-framboises-vanille-citron
https://www.lacuisinedebernard.com/tarte-framboises-vanille-citron/,https://staging.lacuisinedebernard.com/tarte-framboises-vanille-citron
https://lacuisinedebernard.com/mon-experience-la-belle-assiette,https://staging.lacuisinedebernard.com/mon-experience-la-belle-assiette
https://lacuisinedebernard.com/mon-experience-la-belle-assiette/,https://staging.lacuisinedebernard.com/mon-experience-la-belle-assiette
https://www.lacuisinedebernard.com/mon-experience-la-belle-assiette,https://staging.lacuisinedebernard.com/mon-experience-la-belle-assiette
https://www.lacuisinedebernard.com/mon-experience-la-belle-assiette/,https://staging.lacuisinedebernard.com/mon-experience-la-belle-assiette
https://lacuisinedebernard.com/panna-cotta-au-lait-de-coco-granola-e,https://staging.lacuisinedebernard.com/panna-cotta-au-lait-de-coco-granola-e
https://lacuisinedebernard.com/panna-cotta-au-lait-de-coco-granola-e/,https://staging.lacuisinedebernard.com/panna-cotta-au-lait-de-coco-granola-e
https://www.lacuisinedebernard.com/panna-cotta-au-lait-de-coco-granola-e,https://staging.lacuisinedebernard.com/panna-cotta-au-lait-de-coco-granola-e
https://www.lacuisinedebernard.com/panna-cotta-au-lait-de-coco-granola-e/,https://staging.lacuisinedebernard.com/panna-cotta-au-lait-de-coco-granola-e
https://lacuisinedebernard.com/cheesecake-sans-cuisson,https://staging.lacuisinedebernard.com/cheesecake-sans-cuisson
https://lacuisinedebernard.com/cheesecake-sans-cuisson/,https://staging.lacuisinedebernard.com/cheesecake-sans-cuisson
https://www.lacuisinedebernard.com/cheesecake-sans-cuisson,https://staging.lacuisinedebernard.com/cheesecake-sans-cuisson
https://www.lacuisinedebernard.com/cheesecake-sans-cuisson/,https://staging.lacuisinedebernard.com/cheesecake-sans-cuisson
https://lacuisinedebernard.com/cake-vegan-banane-speculos,https://staging.lacuisinedebernard.com/cake-vegan-banane-speculos
https://lacuisinedebernard.com/cake-vegan-banane-speculos/,https://staging.lacuisinedebernard.com/cake-vegan-banane-speculos
https://www.lacuisinedebernard.com/cake-vegan-banane-speculos,https://staging.lacuisinedebernard.com/cake-vegan-banane-speculos
https://www.lacuisinedebernard.com/cake-vegan-banane-speculos/,https://staging.lacuisinedebernard.com/cake-vegan-banane-speculos
https://lacuisinedebernard.com/sorbet-aux-peches,https://staging.lacuisinedebernard.com/sorbet-aux-peches
https://lacuisinedebernard.com/sorbet-aux-peches/,https://staging.lacuisinedebernard.com/sorbet-aux-peches
https://www.lacuisinedebernard.com/sorbet-aux-peches,https://staging.lacuisinedebernard.com/sorbet-aux-peches
https://www.lacuisinedebernard.com/sorbet-aux-peches/,https://staging.lacuisinedebernard.com/sorbet-aux-peches
https://lacuisinedebernard.com/dutch-baby-aux-myrtilles-et-ricotta-au,https://staging.lacuisinedebernard.com/dutch-baby-aux-myrtilles-et-ricotta-au
https://lacuisinedebernard.com/dutch-baby-aux-myrtilles-et-ricotta-au/,https://staging.lacuisinedebernard.com/dutch-baby-aux-myrtilles-et-ricotta-au
https://www.lacuisinedebernard.com/dutch-baby-aux-myrtilles-et-ricotta-au,https://staging.lacuisinedebernard.com/dutch-baby-aux-myrtilles-et-ricotta-au
https://www.lacuisinedebernard.com/dutch-baby-aux-myrtilles-et-ricotta-au/,https://staging.lacuisinedebernard.com/dutch-baby-aux-myrtilles-et-ricotta-au
