https://lacuisinedebernard.com/pastel-de-pollo-y-zanahoria-con-coco,https://staging.lacuisinedebernard.com/pastel-de-pollo-y-zanahoria-con-coco
https://lacuisinedebernard.com/pastel-de-pollo-y-zanahoria-con-coco/,https://staging.lacuisinedebernard.com/pastel-de-pollo-y-zanahoria-con-coco
https://www.lacuisinedebernard.com/pastel-de-pollo-y-zanahoria-con-coco,https://staging.lacuisinedebernard.com/pastel-de-pollo-y-zanahoria-con-coco
https://www.lacuisinedebernard.com/pastel-de-pollo-y-zanahoria-con-coco/,https://staging.lacuisinedebernard.com/pastel-de-pollo-y-zanahoria-con-coco
https://lacuisinedebernard.com/guava-ricotta-cheesecake,https://staging.lacuisinedebernard.com/guava-ricotta-cheesecake
https://lacuisinedebernard.com/guava-ricotta-cheesecake/,https://staging.lacuisinedebernard.com/guava-ricotta-cheesecake
https://www.lacuisinedebernard.com/guava-ricotta-cheesecake,https://staging.lacuisinedebernard.com/guava-ricotta-cheesecake
https://www.lacuisinedebernard.com/guava-ricotta-cheesecake/,https://staging.lacuisinedebernard.com/guava-ricotta-cheesecake
https://lacuisinedebernard.com/hummus-con-pimientos-rojos,https://staging.lacuisinedebernard.com/hummus-con-pimientos-rojos
https://lacuisinedebernard.com/hummus-con-pimientos-rojos/,https://staging.lacuisinedebernard.com/hummus-con-pimientos-rojos
https://www.lacuisinedebernard.com/hummus-con-pimientos-rojos,https://staging.lacuisinedebernard.com/hummus-con-pimientos-rojos
https://www.lacuisinedebernard.com/hummus-con-pimientos-rojos/,https://staging.lacuisinedebernard.com/hummus-con-pimientos-rojos
https://lacuisinedebernard.com/canistrelli-with-almonds,https://staging.lacuisinedebernard.com/canistrelli-with-almonds
https://lacuisinedebernard.com/canistrelli-with-almonds/,https://staging.lacuisinedebernard.com/canistrelli-with-almonds
https://www.lacuisinedebernard.com/canistrelli-with-almonds,https://staging.lacuisinedebernard.com/canistrelli-with-almonds
https://www.lacuisinedebernard.com/canistrelli-with-almonds/,https://staging.lacuisinedebernard.com/canistrelli-with-almonds
https://lacuisinedebernard.com/%d8%aa%d8%b4%d9%8a%d8%b2-%d9%83%d9%8a%d9%83-%d8%a7%d9%84%d8%ac%d9%88%d8%a7%d9%81%d8%a9-%d8%b1%d9%8a%d9%83%d9%88%d8%aa%d8%a7,https://staging.lacuisinedebernard.com/%d8%aa%d8%b4%d9%8a%d8%b2-%d9%83%d9%8a%d9%83-%d8%a7%d9%84%d8%ac%d9%88%d8%a7%d9%81%d8%a9-%d8%b1%d9%8a%d9%83%d9%88%d8%aa%d8%a7
https://lacuisinedebernard.com/%d8%aa%d8%b4%d9%8a%d8%b2-%d9%83%d9%8a%d9%83-%d8%a7%d9%84%d8%ac%d9%88%d8%a7%d9%81%d8%a9-%d8%b1%d9%8a%d9%83%d9%88%d8%aa%d8%a7/,https://staging.lacuisinedebernard.com/%d8%aa%d8%b4%d9%8a%d8%b2-%d9%83%d9%8a%d9%83-%d8%a7%d9%84%d8%ac%d9%88%d8%a7%d9%81%d8%a9-%d8%b1%d9%8a%d9%83%d9%88%d8%aa%d8%a7
https://www.lacuisinedebernard.com/%d8%aa%d8%b4%d9%8a%d8%b2-%d9%83%d9%8a%d9%83-%d8%a7%d9%84%d8%ac%d9%88%d8%a7%d9%81%d8%a9-%d8%b1%d9%8a%d9%83%d9%88%d8%aa%d8%a7,https://staging.lacuisinedebernard.com/%d8%aa%d8%b4%d9%8a%d8%b2-%d9%83%d9%8a%d9%83-%d8%a7%d9%84%d8%ac%d9%88%d8%a7%d9%81%d8%a9-%d8%b1%d9%8a%d9%83%d9%88%d8%aa%d8%a7
https://www.lacuisinedebernard.com/%d8%aa%d8%b4%d9%8a%d8%b2-%d9%83%d9%8a%d9%83-%d8%a7%d9%84%d8%ac%d9%88%d8%a7%d9%81%d8%a9-%d8%b1%d9%8a%d9%83%d9%88%d8%aa%d8%a7/,https://staging.lacuisinedebernard.com/%d8%aa%d8%b4%d9%8a%d8%b2-%d9%83%d9%8a%d9%83-%d8%a7%d9%84%d8%ac%d9%88%d8%a7%d9%81%d8%a9-%d8%b1%d9%8a%d9%83%d9%88%d8%aa%d8%a7
https://lacuisinedebernard.com/bolo-de-maca-de-trigo-sarraceno-e-avela,https://staging.lacuisinedebernard.com/bolo-de-maca-de-trigo-sarraceno-e-avela
https://lacuisinedebernard.com/bolo-de-maca-de-trigo-sarraceno-e-avela/,https://staging.lacuisinedebernard.com/bolo-de-maca-de-trigo-sarraceno-e-avela
https://www.lacuisinedebernard.com/bolo-de-maca-de-trigo-sarraceno-e-avela,https://staging.lacuisinedebernard.com/bolo-de-maca-de-trigo-sarraceno-e-avela
https://www.lacuisinedebernard.com/bolo-de-maca-de-trigo-sarraceno-e-avela/,https://staging.lacuisinedebernard.com/bolo-de-maca-de-trigo-sarraceno-e-avela
https://lacuisinedebernard.com/%d8%a3%d9%84%d9%88%d8%a7%d8%ad-%d8%a7%d9%84%d8%b4%d9%88%d9%83%d9%88%d9%84%d8%a7%d8%aa%d8%a9-%d8%a8%d8%a7%d9%84%d9%84%d9%88%d8%b2-%d9%88%d8%a7%d9%84%d8%aa%d9%88%d8%aa,https://staging.lacuisinedebernard.com/%d8%a3%d9%84%d9%88%d8%a7%d8%ad-%d8%a7%d9%84%d8%b4%d9%88%d9%83%d9%88%d9%84%d8%a7%d8%aa%d8%a9-%d8%a8%d8%a7%d9%84%d9%84%d9%88%d8%b2-%d9%88%d8%a7%d9%84%d8%aa%d9%88%d8%aa
https://lacuisinedebernard.com/%d8%a3%d9%84%d9%88%d8%a7%d8%ad-%d8%a7%d9%84%d8%b4%d9%88%d9%83%d9%88%d9%84%d8%a7%d8%aa%d8%a9-%d8%a8%d8%a7%d9%84%d9%84%d9%88%d8%b2-%d9%88%d8%a7%d9%84%d8%aa%d9%88%d8%aa/,https://staging.lacuisinedebernard.com/%d8%a3%d9%84%d9%88%d8%a7%d8%ad-%d8%a7%d9%84%d8%b4%d9%88%d9%83%d9%88%d9%84%d8%a7%d8%aa%d8%a9-%d8%a8%d8%a7%d9%84%d9%84%d9%88%d8%b2-%d9%88%d8%a7%d9%84%d8%aa%d9%88%d8%aa
https://www.lacuisinedebernard.com/%d8%a3%d9%84%d9%88%d8%a7%d8%ad-%d8%a7%d9%84%d8%b4%d9%88%d9%83%d9%88%d9%84%d8%a7%d8%aa%d8%a9-%d8%a8%d8%a7%d9%84%d9%84%d9%88%d8%b2-%d9%88%d8%a7%d9%84%d8%aa%d9%88%d8%aa,https://staging.lacuisinedebernard.com/%d8%a3%d9%84%d9%88%d8%a7%d8%ad-%d8%a7%d9%84%d8%b4%d9%88%d9%83%d9%88%d9%84%d8%a7%d8%aa%d8%a9-%d8%a8%d8%a7%d9%84%d9%84%d9%88%d8%b2-%d9%88%d8%a7%d9%84%d8%aa%d9%88%d8%aa
https://www.lacuisinedebernard.com/%d8%a3%d9%84%d9%88%d8%a7%d8%ad-%d8%a7%d9%84%d8%b4%d9%88%d9%83%d9%88%d9%84%d8%a7%d8%aa%d8%a9-%d8%a8%d8%a7%d9%84%d9%84%d9%88%d8%b2-%d9%88%d8%a7%d9%84%d8%aa%d9%88%d8%aa/,https://staging.lacuisinedebernard.com/%d8%a3%d9%84%d9%88%d8%a7%d8%ad-%d8%a7%d9%84%d8%b4%d9%88%d9%83%d9%88%d9%84%d8%a7%d8%aa%d8%a9-%d8%a8%d8%a7%d9%84%d9%84%d9%88%d8%b2-%d9%88%d8%a7%d9%84%d8%aa%d9%88%d8%aa
https://lacuisinedebernard.com/apple-spiral-tart-with-chocolate-almond-cream,https://staging.lacuisinedebernard.com/apple-spiral-tart-with-chocolate-almond-cream
https://lacuisinedebernard.com/apple-spiral-tart-with-chocolate-almond-cream/,https://staging.lacuisinedebernard.com/apple-spiral-tart-with-chocolate-almond-cream
https://www.lacuisinedebernard.com/apple-spiral-tart-with-chocolate-almond-cream,https://staging.lacuisinedebernard.com/apple-spiral-tart-with-chocolate-almond-cream
https://www.lacuisinedebernard.com/apple-spiral-tart-with-chocolate-almond-cream/,https://staging.lacuisinedebernard.com/apple-spiral-tart-with-chocolate-almond-cream
https://lacuisinedebernard.com/ultimate-hazelnut-cake,https://staging.lacuisinedebernard.com/ultimate-hazelnut-cake
https://lacuisinedebernard.com/ultimate-hazelnut-cake/,https://staging.lacuisinedebernard.com/ultimate-hazelnut-cake
https://www.lacuisinedebernard.com/ultimate-hazelnut-cake,https://staging.lacuisinedebernard.com/ultimate-hazelnut-cake
https://www.lacuisinedebernard.com/ultimate-hazelnut-cake/,https://staging.lacuisinedebernard.com/ultimate-hazelnut-cake
https://lacuisinedebernard.com/tarta-de-platano-coco-y-avellanas-con-crema-batida-de-lima,https://staging.lacuisinedebernard.com/tarta-de-platano-coco-y-avellanas-con-crema-batida-de-lima
https://lacuisinedebernard.com/tarta-de-platano-coco-y-avellanas-con-crema-batida-de-lima/,https://staging.lacuisinedebernard.com/tarta-de-platano-coco-y-avellanas-con-crema-batida-de-lima
https://www.lacuisinedebernard.com/tarta-de-platano-coco-y-avellanas-con-crema-batida-de-lima,https://staging.lacuisinedebernard.com/tarta-de-platano-coco-y-avellanas-con-crema-batida-de-lima
https://www.lacuisinedebernard.com/tarta-de-platano-coco-y-avellanas-con-crema-batida-de-lima/,https://staging.lacuisinedebernard.com/tarta-de-platano-coco-y-avellanas-con-crema-batida-de-lima
https://lacuisinedebernard.com/galinha-de-coco-e-tarte-de-cenoura,https://staging.lacuisinedebernard.com/galinha-de-coco-e-tarte-de-cenoura
https://lacuisinedebernard.com/galinha-de-coco-e-tarte-de-cenoura/,https://staging.lacuisinedebernard.com/galinha-de-coco-e-tarte-de-cenoura
https://www.lacuisinedebernard.com/galinha-de-coco-e-tarte-de-cenoura,https://staging.lacuisinedebernard.com/galinha-de-coco-e-tarte-de-cenoura
https://www.lacuisinedebernard.com/galinha-de-coco-e-tarte-de-cenoura/,https://staging.lacuisinedebernard.com/galinha-de-coco-e-tarte-de-cenoura
https://lacuisinedebernard.com/sopa-de-zanahoria-batata-jengibre-y-leche-de-coco,https://staging.lacuisinedebernard.com/sopa-de-zanahoria-batata-jengibre-y-leche-de-coco
https://lacuisinedebernard.com/sopa-de-zanahoria-batata-jengibre-y-leche-de-coco/,https://staging.lacuisinedebernard.com/sopa-de-zanahoria-batata-jengibre-y-leche-de-coco
https://www.lacuisinedebernard.com/sopa-de-zanahoria-batata-jengibre-y-leche-de-coco,https://staging.lacuisinedebernard.com/sopa-de-zanahoria-batata-jengibre-y-leche-de-coco
https://www.lacuisinedebernard.com/sopa-de-zanahoria-batata-jengibre-y-leche-de-coco/,https://staging.lacuisinedebernard.com/sopa-de-zanahoria-batata-jengibre-y-leche-de-coco
https://lacuisinedebernard.com/hummus-com-pimentos-vermelhos,https://staging.lacuisinedebernard.com/hummus-com-pimentos-vermelhos
https://lacuisinedebernard.com/hummus-com-pimentos-vermelhos/,https://staging.lacuisinedebernard.com/hummus-com-pimentos-vermelhos
https://www.lacuisinedebernard.com/hummus-com-pimentos-vermelhos,https://staging.lacuisinedebernard.com/hummus-com-pimentos-vermelhos
https://www.lacuisinedebernard.com/hummus-com-pimentos-vermelhos/,https://staging.lacuisinedebernard.com/hummus-com-pimentos-vermelhos
https://lacuisinedebernard.com/%d8%aa%d8%a7%d8%b1%d8%aa-%d8%ad%d9%84%d8%b2%d9%88%d9%86%d9%8a-%d8%a8%d8%a7%d9%84%d8%aa%d9%81%d8%a7%d8%ad-%d9%88%d9%83%d8%b1%d9%8a%d9%85%d8%a9-%d8%a7%d9%84%d9%84%d9%88%d8%b2-%d8%a8%d8%a7%d9%84%d8%b4,https://staging.lacuisinedebernard.com/%d8%aa%d8%a7%d8%b1%d8%aa-%d8%ad%d9%84%d8%b2%d9%88%d9%86%d9%8a-%d8%a8%d8%a7%d9%84%d8%aa%d9%81%d8%a7%d8%ad-%d9%88%d9%83%d8%b1%d9%8a%d9%85%d8%a9-%d8%a7%d9%84%d9%84%d9%88%d8%b2-%d8%a8%d8%a7%d9%84%d8%b4
https://lacuisinedebernard.com/%d8%aa%d8%a7%d8%b1%d8%aa-%d8%ad%d9%84%d8%b2%d9%88%d9%86%d9%8a-%d8%a8%d8%a7%d9%84%d8%aa%d9%81%d8%a7%d8%ad-%d9%88%d9%83%d8%b1%d9%8a%d9%85%d8%a9-%d8%a7%d9%84%d9%84%d9%88%d8%b2-%d8%a8%d8%a7%d9%84%d8%b4/,https://staging.lacuisinedebernard.com/%d8%aa%d8%a7%d8%b1%d8%aa-%d8%ad%d9%84%d8%b2%d9%88%d9%86%d9%8a-%d8%a8%d8%a7%d9%84%d8%aa%d9%81%d8%a7%d8%ad-%d9%88%d9%83%d8%b1%d9%8a%d9%85%d8%a9-%d8%a7%d9%84%d9%84%d9%88%d8%b2-%d8%a8%d8%a7%d9%84%d8%b4
https://www.lacuisinedebernard.com/%d8%aa%d8%a7%d8%b1%d8%aa-%d8%ad%d9%84%d8%b2%d9%88%d9%86%d9%8a-%d8%a8%d8%a7%d9%84%d8%aa%d9%81%d8%a7%d8%ad-%d9%88%d9%83%d8%b1%d9%8a%d9%85%d8%a9-%d8%a7%d9%84%d9%84%d9%88%d8%b2-%d8%a8%d8%a7%d9%84%d8%b4,https://staging.lacuisinedebernard.com/%d8%aa%d8%a7%d8%b1%d8%aa-%d8%ad%d9%84%d8%b2%d9%88%d9%86%d9%8a-%d8%a8%d8%a7%d9%84%d8%aa%d9%81%d8%a7%d8%ad-%d9%88%d9%83%d8%b1%d9%8a%d9%85%d8%a9-%d8%a7%d9%84%d9%84%d9%88%d8%b2-%d8%a8%d8%a7%d9%84%d8%b4
https://www.lacuisinedebernard.com/%d8%aa%d8%a7%d8%b1%d8%aa-%d8%ad%d9%84%d8%b2%d9%88%d9%86%d9%8a-%d8%a8%d8%a7%d9%84%d8%aa%d9%81%d8%a7%d8%ad-%d9%88%d9%83%d8%b1%d9%8a%d9%85%d8%a9-%d8%a7%d9%84%d9%84%d9%88%d8%b2-%d8%a8%d8%a7%d9%84%d8%b4/,https://staging.lacuisinedebernard.com/%d8%aa%d8%a7%d8%b1%d8%aa-%d8%ad%d9%84%d8%b2%d9%88%d9%86%d9%8a-%d8%a8%d8%a7%d9%84%d8%aa%d9%81%d8%a7%d8%ad-%d9%88%d9%83%d8%b1%d9%8a%d9%85%d8%a9-%d8%a7%d9%84%d9%84%d9%88%d8%b2-%d8%a8%d8%a7%d9%84%d8%b4
https://lacuisinedebernard.com/galletas-de-chocolate-blanco-y-nueces,https://staging.lacuisinedebernard.com/galletas-de-chocolate-blanco-y-nueces
https://lacuisinedebernard.com/galletas-de-chocolate-blanco-y-nueces/,https://staging.lacuisinedebernard.com/galletas-de-chocolate-blanco-y-nueces
https://www.lacuisinedebernard.com/galletas-de-chocolate-blanco-y-nueces,https://staging.lacuisinedebernard.com/galletas-de-chocolate-blanco-y-nueces
https://www.lacuisinedebernard.com/galletas-de-chocolate-blanco-y-nueces/,https://staging.lacuisinedebernard.com/galletas-de-chocolate-blanco-y-nueces
https://lacuisinedebernard.com/coconut-chicken-and-carrot-pie,https://staging.lacuisinedebernard.com/coconut-chicken-and-carrot-pie
https://lacuisinedebernard.com/coconut-chicken-and-carrot-pie/,https://staging.lacuisinedebernard.com/coconut-chicken-and-carrot-pie
https://www.lacuisinedebernard.com/coconut-chicken-and-carrot-pie,https://staging.lacuisinedebernard.com/coconut-chicken-and-carrot-pie
https://www.lacuisinedebernard.com/coconut-chicken-and-carrot-pie/,https://staging.lacuisinedebernard.com/coconut-chicken-and-carrot-pie
https://lacuisinedebernard.com/%d8%a7%d9%84%d9%84%d9%88%d8%b2-%d9%83%d8%a7%d9%86%d9%8a%d8%b3%d8%aa%d8%b1%d9%8a%d9%84%d9%84%d9%8a,https://staging.lacuisinedebernard.com/%d8%a7%d9%84%d9%84%d9%88%d8%b2-%d9%83%d8%a7%d9%86%d9%8a%d8%b3%d8%aa%d8%b1%d9%8a%d9%84%d9%84%d9%8a
https://lacuisinedebernard.com/%d8%a7%d9%84%d9%84%d9%88%d8%b2-%d9%83%d8%a7%d9%86%d9%8a%d8%b3%d8%aa%d8%b1%d9%8a%d9%84%d9%84%d9%8a/,https://staging.lacuisinedebernard.com/%d8%a7%d9%84%d9%84%d9%88%d8%b2-%d9%83%d8%a7%d9%86%d9%8a%d8%b3%d8%aa%d8%b1%d9%8a%d9%84%d9%84%d9%8a
https://www.lacuisinedebernard.com/%d8%a7%d9%84%d9%84%d9%88%d8%b2-%d9%83%d8%a7%d9%86%d9%8a%d8%b3%d8%aa%d8%b1%d9%8a%d9%84%d9%84%d9%8a,https://staging.lacuisinedebernard.com/%d8%a7%d9%84%d9%84%d9%88%d8%b2-%d9%83%d8%a7%d9%86%d9%8a%d8%b3%d8%aa%d8%b1%d9%8a%d9%84%d9%84%d9%8a
https://www.lacuisinedebernard.com/%d8%a7%d9%84%d9%84%d9%88%d8%b2-%d9%83%d8%a7%d9%86%d9%8a%d8%b3%d8%aa%d8%b1%d9%8a%d9%84%d9%84%d9%8a/,https://staging.lacuisinedebernard.com/%d8%a7%d9%84%d9%84%d9%88%d8%b2-%d9%83%d8%a7%d9%86%d9%8a%d8%b3%d8%aa%d8%b1%d9%8a%d9%84%d9%84%d9%8a
https://lacuisinedebernard.com/barras-de-chocolate-con-avena,https://staging.lacuisinedebernard.com/barras-de-chocolate-con-avena
https://lacuisinedebernard.com/barras-de-chocolate-con-avena/,https://staging.lacuisinedebernard.com/barras-de-chocolate-con-avena
https://www.lacuisinedebernard.com/barras-de-chocolate-con-avena,https://staging.lacuisinedebernard.com/barras-de-chocolate-con-avena
https://www.lacuisinedebernard.com/barras-de-chocolate-con-avena/,https://staging.lacuisinedebernard.com/barras-de-chocolate-con-avena
https://lacuisinedebernard.com/cenoura-batata-doce-gengibre-e-sopa-de-leite-de-coco,https://staging.lacuisinedebernard.com/cenoura-batata-doce-gengibre-e-sopa-de-leite-de-coco
https://lacuisinedebernard.com/cenoura-batata-doce-gengibre-e-sopa-de-leite-de-coco/,https://staging.lacuisinedebernard.com/cenoura-batata-doce-gengibre-e-sopa-de-leite-de-coco
https://www.lacuisinedebernard.com/cenoura-batata-doce-gengibre-e-sopa-de-leite-de-coco,https://staging.lacuisinedebernard.com/cenoura-batata-doce-gengibre-e-sopa-de-leite-de-coco
https://www.lacuisinedebernard.com/cenoura-batata-doce-gengibre-e-sopa-de-leite-de-coco/,https://staging.lacuisinedebernard.com/cenoura-batata-doce-gengibre-e-sopa-de-leite-de-coco
https://lacuisinedebernard.com/hummus-with-red-peppers,https://staging.lacuisinedebernard.com/hummus-with-red-peppers
https://lacuisinedebernard.com/hummus-with-red-peppers/,https://staging.lacuisinedebernard.com/hummus-with-red-peppers
https://www.lacuisinedebernard.com/hummus-with-red-peppers,https://staging.lacuisinedebernard.com/hummus-with-red-peppers
https://www.lacuisinedebernard.com/hummus-with-red-peppers/,https://staging.lacuisinedebernard.com/hummus-with-red-peppers
https://lacuisinedebernard.com/buckwheat-apple-and-hazelnut-cake,https://staging.lacuisinedebernard.com/buckwheat-apple-and-hazelnut-cake
https://lacuisinedebernard.com/buckwheat-apple-and-hazelnut-cake/,https://staging.lacuisinedebernard.com/buckwheat-apple-and-hazelnut-cake
https://www.lacuisinedebernard.com/buckwheat-apple-and-hazelnut-cake,https://staging.lacuisinedebernard.com/buckwheat-apple-and-hazelnut-cake
https://www.lacuisinedebernard.com/buckwheat-apple-and-hazelnut-cake/,https://staging.lacuisinedebernard.com/buckwheat-apple-and-hazelnut-cake
https://lacuisinedebernard.com/torta-de-coco-de-banana-e-avela-com-nata-batida-de-lima,https://staging.lacuisinedebernard.com/torta-de-coco-de-banana-e-avela-com-nata-batida-de-lima
https://lacuisinedebernard.com/torta-de-coco-de-banana-e-avela-com-nata-batida-de-lima/,https://staging.lacuisinedebernard.com/torta-de-coco-de-banana-e-avela-com-nata-batida-de-lima
https://www.lacuisinedebernard.com/torta-de-coco-de-banana-e-avela-com-nata-batida-de-lima,https://staging.lacuisinedebernard.com/torta-de-coco-de-banana-e-avela-com-nata-batida-de-lima
https://www.lacuisinedebernard.com/torta-de-coco-de-banana-e-avela-com-nata-batida-de-lima/,https://staging.lacuisinedebernard.com/torta-de-coco-de-banana-e-avela-com-nata-batida-de-lima
https://lacuisinedebernard.com/%d8%a3%d9%84%d8%aa%d9%8a%d9%85%d9%8a%d8%aa-%d9%83%d9%8a%d9%83-%d8%a7%d9%84%d8%a8%d9%86%d8%af%d9%82,https://staging.lacuisinedebernard.com/%d8%a3%d9%84%d8%aa%d9%8a%d9%85%d9%8a%d8%aa-%d9%83%d9%8a%d9%83-%d8%a7%d9%84%d8%a8%d9%86%d8%af%d9%82
https://lacuisinedebernard.com/%d8%a3%d9%84%d8%aa%d9%8a%d9%85%d9%8a%d8%aa-%d9%83%d9%8a%d9%83-%d8%a7%d9%84%d8%a8%d9%86%d8%af%d9%82/,https://staging.lacuisinedebernard.com/%d8%a3%d9%84%d8%aa%d9%8a%d9%85%d9%8a%d8%aa-%d9%83%d9%8a%d9%83-%d8%a7%d9%84%d8%a8%d9%86%d8%af%d9%82
https://www.lacuisinedebernard.com/%d8%a3%d9%84%d8%aa%d9%8a%d9%85%d9%8a%d8%aa-%d9%83%d9%8a%d9%83-%d8%a7%d9%84%d8%a8%d9%86%d8%af%d9%82,https://staging.lacuisinedebernard.com/%d8%a3%d9%84%d8%aa%d9%8a%d9%85%d9%8a%d8%aa-%d9%83%d9%8a%d9%83-%d8%a7%d9%84%d8%a8%d9%86%d8%af%d9%82
https://www.lacuisinedebernard.com/%d8%a3%d9%84%d8%aa%d9%8a%d9%85%d9%8a%d8%aa-%d9%83%d9%8a%d9%83-%d8%a7%d9%84%d8%a8%d9%86%d8%af%d9%82/,https://staging.lacuisinedebernard.com/%d8%a3%d9%84%d8%aa%d9%8a%d9%85%d9%8a%d8%aa-%d9%83%d9%8a%d9%83-%d8%a7%d9%84%d8%a8%d9%86%d8%af%d9%82
https://lacuisinedebernard.com/pastel-de-caramelo-marmolado,https://staging.lacuisinedebernard.com/pastel-de-caramelo-marmolado
https://lacuisinedebernard.com/pastel-de-caramelo-marmolado/,https://staging.lacuisinedebernard.com/pastel-de-caramelo-marmolado
https://www.lacuisinedebernard.com/pastel-de-caramelo-marmolado,https://staging.lacuisinedebernard.com/pastel-de-caramelo-marmolado
https://www.lacuisinedebernard.com/pastel-de-caramelo-marmolado/,https://staging.lacuisinedebernard.com/pastel-de-caramelo-marmolado
https://lacuisinedebernard.com/galletas-marmoladas-con-pasta-de-avellana,https://staging.lacuisinedebernard.com/galletas-marmoladas-con-pasta-de-avellana
https://lacuisinedebernard.com/galletas-marmoladas-con-pasta-de-avellana/,https://staging.lacuisinedebernard.com/galletas-marmoladas-con-pasta-de-avellana
https://www.lacuisinedebernard.com/galletas-marmoladas-con-pasta-de-avellana,https://staging.lacuisinedebernard.com/galletas-marmoladas-con-pasta-de-avellana
https://www.lacuisinedebernard.com/galletas-marmoladas-con-pasta-de-avellana/,https://staging.lacuisinedebernard.com/galletas-marmoladas-con-pasta-de-avellana
https://lacuisinedebernard.com/crozets-de-trigo-sarraceno-cogumelos-creme-de-avela-crocante-de-trigo-sarraceno,https://staging.lacuisinedebernard.com/crozets-de-trigo-sarraceno-cogumelos-creme-de-avela-crocante-de-trigo-sarraceno
https://lacuisinedebernard.com/crozets-de-trigo-sarraceno-cogumelos-creme-de-avela-crocante-de-trigo-sarraceno/,https://staging.lacuisinedebernard.com/crozets-de-trigo-sarraceno-cogumelos-creme-de-avela-crocante-de-trigo-sarraceno
https://www.lacuisinedebernard.com/crozets-de-trigo-sarraceno-cogumelos-creme-de-avela-crocante-de-trigo-sarraceno,https://staging.lacuisinedebernard.com/crozets-de-trigo-sarraceno-cogumelos-creme-de-avela-crocante-de-trigo-sarraceno
https://www.lacuisinedebernard.com/crozets-de-trigo-sarraceno-cogumelos-creme-de-avela-crocante-de-trigo-sarraceno/,https://staging.lacuisinedebernard.com/crozets-de-trigo-sarraceno-cogumelos-creme-de-avela-crocante-de-trigo-sarraceno
https://lacuisinedebernard.com/praline-comprimido-bomba,https://staging.lacuisinedebernard.com/praline-comprimido-bomba
https://lacuisinedebernard.com/praline-comprimido-bomba/,https://staging.lacuisinedebernard.com/praline-comprimido-bomba
https://www.lacuisinedebernard.com/praline-comprimido-bomba,https://staging.lacuisinedebernard.com/praline-comprimido-bomba
https://www.lacuisinedebernard.com/praline-comprimido-bomba/,https://staging.lacuisinedebernard.com/praline-comprimido-bomba
https://lacuisinedebernard.com/banana-bread-cake,https://staging.lacuisinedebernard.com/banana-bread-cake
https://lacuisinedebernard.com/banana-bread-cake/,https://staging.lacuisinedebernard.com/banana-bread-cake
https://www.lacuisinedebernard.com/banana-bread-cake,https://staging.lacuisinedebernard.com/banana-bread-cake
https://www.lacuisinedebernard.com/banana-bread-cake/,https://staging.lacuisinedebernard.com/banana-bread-cake
https://lacuisinedebernard.com/%d8%ac%d9%8a%d8%a7%d9%86%d8%af%d9%88%d9%8a%d8%a7,https://staging.lacuisinedebernard.com/%d8%ac%d9%8a%d8%a7%d9%86%d8%af%d9%88%d9%8a%d8%a7
https://lacuisinedebernard.com/%d8%ac%d9%8a%d8%a7%d9%86%d8%af%d9%88%d9%8a%d8%a7/,https://staging.lacuisinedebernard.com/%d8%ac%d9%8a%d8%a7%d9%86%d8%af%d9%88%d9%8a%d8%a7
https://www.lacuisinedebernard.com/%d8%ac%d9%8a%d8%a7%d9%86%d8%af%d9%88%d9%8a%d8%a7,https://staging.lacuisinedebernard.com/%d8%ac%d9%8a%d8%a7%d9%86%d8%af%d9%88%d9%8a%d8%a7
https://www.lacuisinedebernard.com/%d8%ac%d9%8a%d8%a7%d9%86%d8%af%d9%88%d9%8a%d8%a7/,https://staging.lacuisinedebernard.com/%d8%ac%d9%8a%d8%a7%d9%86%d8%af%d9%88%d9%8a%d8%a7
https://lacuisinedebernard.com/%d9%83%d8%b9%d9%83%d8%a9-%d8%a8%d8%a7%d9%84%d9%81%d9%88%d8%a7%d9%83%d9%87-%d8%a7%d9%84%d9%85%d8%b3%d9%83%d8%b1%d8%a9,https://staging.lacuisinedebernard.com/%d9%83%d8%b9%d9%83%d8%a9-%d8%a8%d8%a7%d9%84%d9%81%d9%88%d8%a7%d9%83%d9%87-%d8%a7%d9%84%d9%85%d8%b3%d9%83%d8%b1%d8%a9
https://lacuisinedebernard.com/%d9%83%d8%b9%d9%83%d8%a9-%d8%a8%d8%a7%d9%84%d9%81%d9%88%d8%a7%d9%83%d9%87-%d8%a7%d9%84%d9%85%d8%b3%d9%83%d8%b1%d8%a9/,https://staging.lacuisinedebernard.com/%d9%83%d8%b9%d9%83%d8%a9-%d8%a8%d8%a7%d9%84%d9%81%d9%88%d8%a7%d9%83%d9%87-%d8%a7%d9%84%d9%85%d8%b3%d9%83%d8%b1%d8%a9
https://www.lacuisinedebernard.com/%d9%83%d8%b9%d9%83%d8%a9-%d8%a8%d8%a7%d9%84%d9%81%d9%88%d8%a7%d9%83%d9%87-%d8%a7%d9%84%d9%85%d8%b3%d9%83%d8%b1%d8%a9,https://staging.lacuisinedebernard.com/%d9%83%d8%b9%d9%83%d8%a9-%d8%a8%d8%a7%d9%84%d9%81%d9%88%d8%a7%d9%83%d9%87-%d8%a7%d9%84%d9%85%d8%b3%d9%83%d8%b1%d8%a9
https://www.lacuisinedebernard.com/%d9%83%d8%b9%d9%83%d8%a9-%d8%a8%d8%a7%d9%84%d9%81%d9%88%d8%a7%d9%83%d9%87-%d8%a7%d9%84%d9%85%d8%b3%d9%83%d8%b1%d8%a9/,https://staging.lacuisinedebernard.com/%d9%83%d8%b9%d9%83%d8%a9-%d8%a8%d8%a7%d9%84%d9%81%d9%88%d8%a7%d9%83%d9%87-%d8%a7%d9%84%d9%85%d8%b3%d9%83%d8%b1%d8%a9
https://lacuisinedebernard.com/as-botas-peludas-do-pai-natal,https://staging.lacuisinedebernard.com/as-botas-peludas-do-pai-natal
https://lacuisinedebernard.com/as-botas-peludas-do-pai-natal/,https://staging.lacuisinedebernard.com/as-botas-peludas-do-pai-natal
https://www.lacuisinedebernard.com/as-botas-peludas-do-pai-natal,https://staging.lacuisinedebernard.com/as-botas-peludas-do-pai-natal
https://www.lacuisinedebernard.com/as-botas-peludas-do-pai-natal/,https://staging.lacuisinedebernard.com/as-botas-peludas-do-pai-natal
https://lacuisinedebernard.com/assassin,https://staging.lacuisinedebernard.com/assassin
https://lacuisinedebernard.com/assassin/,https://staging.lacuisinedebernard.com/assassin
https://www.lacuisinedebernard.com/assassin,https://staging.lacuisinedebernard.com/assassin
https://www.lacuisinedebernard.com/assassin/,https://staging.lacuisinedebernard.com/assassin
https://lacuisinedebernard.com/risotto-de-limon-y-azafran,https://staging.lacuisinedebernard.com/risotto-de-limon-y-azafran
https://lacuisinedebernard.com/risotto-de-limon-y-azafran/,https://staging.lacuisinedebernard.com/risotto-de-limon-y-azafran
https://www.lacuisinedebernard.com/risotto-de-limon-y-azafran,https://staging.lacuisinedebernard.com/risotto-de-limon-y-azafran
https://www.lacuisinedebernard.com/risotto-de-limon-y-azafran/,https://staging.lacuisinedebernard.com/risotto-de-limon-y-azafran
https://lacuisinedebernard.com/buckwheat-crozets-mushrooms-hazelnut-cream-buckwheat-crumble,https://staging.lacuisinedebernard.com/buckwheat-crozets-mushrooms-hazelnut-cream-buckwheat-crumble
https://lacuisinedebernard.com/buckwheat-crozets-mushrooms-hazelnut-cream-buckwheat-crumble/,https://staging.lacuisinedebernard.com/buckwheat-crozets-mushrooms-hazelnut-cream-buckwheat-crumble
https://www.lacuisinedebernard.com/buckwheat-crozets-mushrooms-hazelnut-cream-buckwheat-crumble,https://staging.lacuisinedebernard.com/buckwheat-crozets-mushrooms-hazelnut-cream-buckwheat-crumble
https://www.lacuisinedebernard.com/buckwheat-crozets-mushrooms-hazelnut-cream-buckwheat-crumble/,https://staging.lacuisinedebernard.com/buckwheat-crozets-mushrooms-hazelnut-cream-buckwheat-crumble
https://lacuisinedebernard.com/pan-de-jengibre-para-untar,https://staging.lacuisinedebernard.com/pan-de-jengibre-para-untar
https://lacuisinedebernard.com/pan-de-jengibre-para-untar/,https://staging.lacuisinedebernard.com/pan-de-jengibre-para-untar
https://www.lacuisinedebernard.com/pan-de-jengibre-para-untar,https://staging.lacuisinedebernard.com/pan-de-jengibre-para-untar
https://www.lacuisinedebernard.com/pan-de-jengibre-para-untar/,https://staging.lacuisinedebernard.com/pan-de-jengibre-para-untar
https://lacuisinedebernard.com/%d9%83%d8%b9%d9%83%d8%a9-%d8%a7%d9%84%d9%85%d9%88%d8%b2-%d8%ae%d8%a8%d8%b2-%d8%a7%d9%84%d9%85%d9%88%d8%b2,https://staging.lacuisinedebernard.com/%d9%83%d8%b9%d9%83%d8%a9-%d8%a7%d9%84%d9%85%d9%88%d8%b2-%d8%ae%d8%a8%d8%b2-%d8%a7%d9%84%d9%85%d9%88%d8%b2
https://lacuisinedebernard.com/%d9%83%d8%b9%d9%83%d8%a9-%d8%a7%d9%84%d9%85%d9%88%d8%b2-%d8%ae%d8%a8%d8%b2-%d8%a7%d9%84%d9%85%d9%88%d8%b2/,https://staging.lacuisinedebernard.com/%d9%83%d8%b9%d9%83%d8%a9-%d8%a7%d9%84%d9%85%d9%88%d8%b2-%d8%ae%d8%a8%d8%b2-%d8%a7%d9%84%d9%85%d9%88%d8%b2
https://www.lacuisinedebernard.com/%d9%83%d8%b9%d9%83%d8%a9-%d8%a7%d9%84%d9%85%d9%88%d8%b2-%d8%ae%d8%a8%d8%b2-%d8%a7%d9%84%d9%85%d9%88%d8%b2,https://staging.lacuisinedebernard.com/%d9%83%d8%b9%d9%83%d8%a9-%d8%a7%d9%84%d9%85%d9%88%d8%b2-%d8%ae%d8%a8%d8%b2-%d8%a7%d9%84%d9%85%d9%88%d8%b2
https://www.lacuisinedebernard.com/%d9%83%d8%b9%d9%83%d8%a9-%d8%a7%d9%84%d9%85%d9%88%d8%b2-%d8%ae%d8%a8%d8%b2-%d8%a7%d9%84%d9%85%d9%88%d8%b2/,https://staging.lacuisinedebernard.com/%d9%83%d8%b9%d9%83%d8%a9-%d8%a7%d9%84%d9%85%d9%88%d8%b2-%d8%ae%d8%a8%d8%b2-%d8%a7%d9%84%d9%85%d9%88%d8%b2
https://lacuisinedebernard.com/praline-bomb-bar,https://staging.lacuisinedebernard.com/praline-bomb-bar
https://lacuisinedebernard.com/praline-bomb-bar/,https://staging.lacuisinedebernard.com/praline-bomb-bar
https://www.lacuisinedebernard.com/praline-bomb-bar,https://staging.lacuisinedebernard.com/praline-bomb-bar
https://www.lacuisinedebernard.com/praline-bomb-bar/,https://staging.lacuisinedebernard.com/praline-bomb-bar
https://lacuisinedebernard.com/pan-de-molde-de-aperitivo-con-trigo-sarraceno-avellana-y-queso,https://staging.lacuisinedebernard.com/pan-de-molde-de-aperitivo-con-trigo-sarraceno-avellana-y-queso
https://lacuisinedebernard.com/pan-de-molde-de-aperitivo-con-trigo-sarraceno-avellana-y-queso/,https://staging.lacuisinedebernard.com/pan-de-molde-de-aperitivo-con-trigo-sarraceno-avellana-y-queso
https://www.lacuisinedebernard.com/pan-de-molde-de-aperitivo-con-trigo-sarraceno-avellana-y-queso,https://staging.lacuisinedebernard.com/pan-de-molde-de-aperitivo-con-trigo-sarraceno-avellana-y-queso
https://www.lacuisinedebernard.com/pan-de-molde-de-aperitivo-con-trigo-sarraceno-avellana-y-queso/,https://staging.lacuisinedebernard.com/pan-de-molde-de-aperitivo-con-trigo-sarraceno-avellana-y-queso
https://lacuisinedebernard.com/xadrez-de-caramelo-marmoreado,https://staging.lacuisinedebernard.com/xadrez-de-caramelo-marmoreado
https://lacuisinedebernard.com/xadrez-de-caramelo-marmoreado/,https://staging.lacuisinedebernard.com/xadrez-de-caramelo-marmoreado
https://www.lacuisinedebernard.com/xadrez-de-caramelo-marmoreado,https://staging.lacuisinedebernard.com/xadrez-de-caramelo-marmoreado
https://www.lacuisinedebernard.com/xadrez-de-caramelo-marmoreado/,https://staging.lacuisinedebernard.com/xadrez-de-caramelo-marmoreado
https://lacuisinedebernard.com/biscoitos-marmorizados-com-pasta-de-avela,https://staging.lacuisinedebernard.com/biscoitos-marmorizados-com-pasta-de-avela
https://lacuisinedebernard.com/biscoitos-marmorizados-com-pasta-de-avela/,https://staging.lacuisinedebernard.com/biscoitos-marmorizados-com-pasta-de-avela
https://www.lacuisinedebernard.com/biscoitos-marmorizados-com-pasta-de-avela,https://staging.lacuisinedebernard.com/biscoitos-marmorizados-com-pasta-de-avela
https://www.lacuisinedebernard.com/biscoitos-marmorizados-com-pasta-de-avela/,https://staging.lacuisinedebernard.com/biscoitos-marmorizados-com-pasta-de-avela
https://lacuisinedebernard.com/%d9%82%d8%a7%d8%aa%d9%84,https://staging.lacuisinedebernard.com/%d9%82%d8%a7%d8%aa%d9%84
https://lacuisinedebernard.com/%d9%82%d8%a7%d8%aa%d9%84/,https://staging.lacuisinedebernard.com/%d9%82%d8%a7%d8%aa%d9%84
https://www.lacuisinedebernard.com/%d9%82%d8%a7%d8%aa%d9%84,https://staging.lacuisinedebernard.com/%d9%82%d8%a7%d8%aa%d9%84
https://www.lacuisinedebernard.com/%d9%82%d8%a7%d8%aa%d9%84/,https://staging.lacuisinedebernard.com/%d9%82%d8%a7%d8%aa%d9%84
https://lacuisinedebernard.com/santas-stuffed-boots,https://staging.lacuisinedebernard.com/santas-stuffed-boots
https://lacuisinedebernard.com/santas-stuffed-boots/,https://staging.lacuisinedebernard.com/santas-stuffed-boots
https://www.lacuisinedebernard.com/santas-stuffed-boots,https://staging.lacuisinedebernard.com/santas-stuffed-boots
https://www.lacuisinedebernard.com/santas-stuffed-boots/,https://staging.lacuisinedebernard.com/santas-stuffed-boots
https://lacuisinedebernard.com/risotto-de-limao-e-acafrao,https://staging.lacuisinedebernard.com/risotto-de-limao-e-acafrao
https://lacuisinedebernard.com/risotto-de-limao-e-acafrao/,https://staging.lacuisinedebernard.com/risotto-de-limao-e-acafrao
https://www.lacuisinedebernard.com/risotto-de-limao-e-acafrao,https://staging.lacuisinedebernard.com/risotto-de-limao-e-acafrao
https://www.lacuisinedebernard.com/risotto-de-limao-e-acafrao/,https://staging.lacuisinedebernard.com/risotto-de-limao-e-acafrao
https://lacuisinedebernard.com/caramel-marble-chessecake,https://staging.lacuisinedebernard.com/caramel-marble-chessecake
https://lacuisinedebernard.com/caramel-marble-chessecake/,https://staging.lacuisinedebernard.com/caramel-marble-chessecake
https://www.lacuisinedebernard.com/caramel-marble-chessecake,https://staging.lacuisinedebernard.com/caramel-marble-chessecake
https://www.lacuisinedebernard.com/caramel-marble-chessecake/,https://staging.lacuisinedebernard.com/caramel-marble-chessecake
https://lacuisinedebernard.com/gianduia,https://staging.lacuisinedebernard.com/gianduia
https://lacuisinedebernard.com/gianduia/,https://staging.lacuisinedebernard.com/gianduia
https://www.lacuisinedebernard.com/gianduia,https://staging.lacuisinedebernard.com/gianduia
https://www.lacuisinedebernard.com/gianduia/,https://staging.lacuisinedebernard.com/gianduia
https://lacuisinedebernard.com/aperitivo-de-biscoito-com-trigo-mourisco-avela-e-queijo,https://staging.lacuisinedebernard.com/aperitivo-de-biscoito-com-trigo-mourisco-avela-e-queijo
https://lacuisinedebernard.com/aperitivo-de-biscoito-com-trigo-mourisco-avela-e-queijo/,https://staging.lacuisinedebernard.com/aperitivo-de-biscoito-com-trigo-mourisco-avela-e-queijo
https://www.lacuisinedebernard.com/aperitivo-de-biscoito-com-trigo-mourisco-avela-e-queijo,https://staging.lacuisinedebernard.com/aperitivo-de-biscoito-com-trigo-mourisco-avela-e-queijo
https://www.lacuisinedebernard.com/aperitivo-de-biscoito-com-trigo-mourisco-avela-e-queijo/,https://staging.lacuisinedebernard.com/aperitivo-de-biscoito-com-trigo-mourisco-avela-e-queijo
https://lacuisinedebernard.com/%d9%83%d8%b1%d9%88%d9%85%d8%a7%d8%aa-%d8%a7%d9%84%d8%ad%d9%86%d8%b7%d8%a9-%d8%a7%d9%84%d8%b3%d9%88%d8%af%d8%a7%d8%a1-%d8%8c-%d8%a7%d9%84%d9%81%d8%b7%d8%b1-%d8%8c-%d9%83%d8%b1%d9%8a%d9%85%d8%a9-%d8%a7,https://staging.lacuisinedebernard.com/%d9%83%d8%b1%d9%88%d9%85%d8%a7%d8%aa-%d8%a7%d9%84%d8%ad%d9%86%d8%b7%d8%a9-%d8%a7%d9%84%d8%b3%d9%88%d8%af%d8%a7%d8%a1-%d8%8c-%d8%a7%d9%84%d9%81%d8%b7%d8%b1-%d8%8c-%d9%83%d8%b1%d9%8a%d9%85%d8%a9-%d8%a7
https://lacuisinedebernard.com/%d9%83%d8%b1%d9%88%d9%85%d8%a7%d8%aa-%d8%a7%d9%84%d8%ad%d9%86%d8%b7%d8%a9-%d8%a7%d9%84%d8%b3%d9%88%d8%af%d8%a7%d8%a1-%d8%8c-%d8%a7%d9%84%d9%81%d8%b7%d8%b1-%d8%8c-%d9%83%d8%b1%d9%8a%d9%85%d8%a9-%d8%a7/,https://staging.lacuisinedebernard.com/%d9%83%d8%b1%d9%88%d9%85%d8%a7%d8%aa-%d8%a7%d9%84%d8%ad%d9%86%d8%b7%d8%a9-%d8%a7%d9%84%d8%b3%d9%88%d8%af%d8%a7%d8%a1-%d8%8c-%d8%a7%d9%84%d9%81%d8%b7%d8%b1-%d8%8c-%d9%83%d8%b1%d9%8a%d9%85%d8%a9-%d8%a7
https://www.lacuisinedebernard.com/%d9%83%d8%b1%d9%88%d9%85%d8%a7%d8%aa-%d8%a7%d9%84%d8%ad%d9%86%d8%b7%d8%a9-%d8%a7%d9%84%d8%b3%d9%88%d8%af%d8%a7%d8%a1-%d8%8c-%d8%a7%d9%84%d9%81%d8%b7%d8%b1-%d8%8c-%d9%83%d8%b1%d9%8a%d9%85%d8%a9-%d8%a7,https://staging.lacuisinedebernard.com/%d9%83%d8%b1%d9%88%d9%85%d8%a7%d8%aa-%d8%a7%d9%84%d8%ad%d9%86%d8%b7%d8%a9-%d8%a7%d9%84%d8%b3%d9%88%d8%af%d8%a7%d8%a1-%d8%8c-%d8%a7%d9%84%d9%81%d8%b7%d8%b1-%d8%8c-%d9%83%d8%b1%d9%8a%d9%85%d8%a9-%d8%a7
https://www.lacuisinedebernard.com/%d9%83%d8%b1%d9%88%d9%85%d8%a7%d8%aa-%d8%a7%d9%84%d8%ad%d9%86%d8%b7%d8%a9-%d8%a7%d9%84%d8%b3%d9%88%d8%af%d8%a7%d8%a1-%d8%8c-%d8%a7%d9%84%d9%81%d8%b7%d8%b1-%d8%8c-%d9%83%d8%b1%d9%8a%d9%85%d8%a9-%d8%a7/,https://staging.lacuisinedebernard.com/%d9%83%d8%b1%d9%88%d9%85%d8%a7%d8%aa-%d8%a7%d9%84%d8%ad%d9%86%d8%b7%d8%a9-%d8%a7%d9%84%d8%b3%d9%88%d8%af%d8%a7%d8%a1-%d8%8c-%d8%a7%d9%84%d9%81%d8%b7%d8%b1-%d8%8c-%d9%83%d8%b1%d9%8a%d9%85%d8%a9-%d8%a7
https://lacuisinedebernard.com/pao-de-especiarias-para-espalhar,https://staging.lacuisinedebernard.com/pao-de-especiarias-para-espalhar
https://lacuisinedebernard.com/pao-de-especiarias-para-espalhar/,https://staging.lacuisinedebernard.com/pao-de-especiarias-para-espalhar
https://www.lacuisinedebernard.com/pao-de-especiarias-para-espalhar,https://staging.lacuisinedebernard.com/pao-de-especiarias-para-espalhar
https://www.lacuisinedebernard.com/pao-de-especiarias-para-espalhar/,https://staging.lacuisinedebernard.com/pao-de-especiarias-para-espalhar
https://lacuisinedebernard.com/tarta-de-frutas-confitadas,https://staging.lacuisinedebernard.com/tarta-de-frutas-confitadas
https://lacuisinedebernard.com/tarta-de-frutas-confitadas/,https://staging.lacuisinedebernard.com/tarta-de-frutas-confitadas
https://www.lacuisinedebernard.com/tarta-de-frutas-confitadas,https://staging.lacuisinedebernard.com/tarta-de-frutas-confitadas
https://www.lacuisinedebernard.com/tarta-de-frutas-confitadas/,https://staging.lacuisinedebernard.com/tarta-de-frutas-confitadas
https://lacuisinedebernard.com/%d9%82%d8%b1%d8%b5-%d8%a8%d8%b1%d8%a7%d9%84%d9%8a%d9%86-%d9%82%d9%86%d8%a8%d9%84%d8%a9,https://staging.lacuisinedebernard.com/%d9%82%d8%b1%d8%b5-%d8%a8%d8%b1%d8%a7%d9%84%d9%8a%d9%86-%d9%82%d9%86%d8%a8%d9%84%d8%a9
https://lacuisinedebernard.com/%d9%82%d8%b1%d8%b5-%d8%a8%d8%b1%d8%a7%d9%84%d9%8a%d9%86-%d9%82%d9%86%d8%a8%d9%84%d8%a9/,https://staging.lacuisinedebernard.com/%d9%82%d8%b1%d8%b5-%d8%a8%d8%b1%d8%a7%d9%84%d9%8a%d9%86-%d9%82%d9%86%d8%a8%d9%84%d8%a9
https://www.lacuisinedebernard.com/%d9%82%d8%b1%d8%b5-%d8%a8%d8%b1%d8%a7%d9%84%d9%8a%d9%86-%d9%82%d9%86%d8%a8%d9%84%d8%a9,https://staging.lacuisinedebernard.com/%d9%82%d8%b1%d8%b5-%d8%a8%d8%b1%d8%a7%d9%84%d9%8a%d9%86-%d9%82%d9%86%d8%a8%d9%84%d8%a9
https://www.lacuisinedebernard.com/%d9%82%d8%b1%d8%b5-%d8%a8%d8%b1%d8%a7%d9%84%d9%8a%d9%86-%d9%82%d9%86%d8%a8%d9%84%d8%a9/,https://staging.lacuisinedebernard.com/%d9%82%d8%b1%d8%b5-%d8%a8%d8%b1%d8%a7%d9%84%d9%8a%d9%86-%d9%82%d9%86%d8%a8%d9%84%d8%a9
https://lacuisinedebernard.com/marbled-cookies-with-hazelnut-spread,https://staging.lacuisinedebernard.com/marbled-cookies-with-hazelnut-spread
https://lacuisinedebernard.com/marbled-cookies-with-hazelnut-spread/,https://staging.lacuisinedebernard.com/marbled-cookies-with-hazelnut-spread
https://www.lacuisinedebernard.com/marbled-cookies-with-hazelnut-spread,https://staging.lacuisinedebernard.com/marbled-cookies-with-hazelnut-spread
https://www.lacuisinedebernard.com/marbled-cookies-with-hazelnut-spread/,https://staging.lacuisinedebernard.com/marbled-cookies-with-hazelnut-spread
https://lacuisinedebernard.com/%d8%ad%d8%b0%d8%a7%d8%a1-%d8%b3%d8%a7%d9%86%d8%aa%d8%a7-%d9%81%d8%b1%d9%88,https://staging.lacuisinedebernard.com/%d8%ad%d8%b0%d8%a7%d8%a1-%d8%b3%d8%a7%d9%86%d8%aa%d8%a7-%d9%81%d8%b1%d9%88
https://lacuisinedebernard.com/%d8%ad%d8%b0%d8%a7%d8%a1-%d8%b3%d8%a7%d9%86%d8%aa%d8%a7-%d9%81%d8%b1%d9%88/,https://staging.lacuisinedebernard.com/%d8%ad%d8%b0%d8%a7%d8%a1-%d8%b3%d8%a7%d9%86%d8%aa%d8%a7-%d9%81%d8%b1%d9%88
https://www.lacuisinedebernard.com/%d8%ad%d8%b0%d8%a7%d8%a1-%d8%b3%d8%a7%d9%86%d8%aa%d8%a7-%d9%81%d8%b1%d9%88,https://staging.lacuisinedebernard.com/%d8%ad%d8%b0%d8%a7%d8%a1-%d8%b3%d8%a7%d9%86%d8%aa%d8%a7-%d9%81%d8%b1%d9%88
https://www.lacuisinedebernard.com/%d8%ad%d8%b0%d8%a7%d8%a1-%d8%b3%d8%a7%d9%86%d8%aa%d8%a7-%d9%81%d8%b1%d9%88/,https://staging.lacuisinedebernard.com/%d8%ad%d8%b0%d8%a7%d8%a1-%d8%b3%d8%a7%d9%86%d8%aa%d8%a7-%d9%81%d8%b1%d9%88
https://lacuisinedebernard.com/lemon-and-saffron-risotto,https://staging.lacuisinedebernard.com/lemon-and-saffron-risotto
https://lacuisinedebernard.com/lemon-and-saffron-risotto/,https://staging.lacuisinedebernard.com/lemon-and-saffron-risotto
https://www.lacuisinedebernard.com/lemon-and-saffron-risotto,https://staging.lacuisinedebernard.com/lemon-and-saffron-risotto
https://www.lacuisinedebernard.com/lemon-and-saffron-risotto/,https://staging.lacuisinedebernard.com/lemon-and-saffron-risotto
https://lacuisinedebernard.com/%d8%a8%d8%b3%d9%83%d9%88%d9%8a%d8%aa-%d8%b1%d8%ae%d8%a7%d9%85%d9%8a-%d9%85%d8%b9-%d8%af%d9%87%d9%86-%d8%a7%d9%84%d8%a8%d9%86%d8%af%d9%82,https://staging.lacuisinedebernard.com/%d8%a8%d8%b3%d9%83%d9%88%d9%8a%d8%aa-%d8%b1%d8%ae%d8%a7%d9%85%d9%8a-%d9%85%d8%b9-%d8%af%d9%87%d9%86-%d8%a7%d9%84%d8%a8%d9%86%d8%af%d9%82
https://lacuisinedebernard.com/%d8%a8%d8%b3%d9%83%d9%88%d9%8a%d8%aa-%d8%b1%d8%ae%d8%a7%d9%85%d9%8a-%d9%85%d8%b9-%d8%af%d9%87%d9%86-%d8%a7%d9%84%d8%a8%d9%86%d8%af%d9%82/,https://staging.lacuisinedebernard.com/%d8%a8%d8%b3%d9%83%d9%88%d9%8a%d8%aa-%d8%b1%d8%ae%d8%a7%d9%85%d9%8a-%d9%85%d8%b9-%d8%af%d9%87%d9%86-%d8%a7%d9%84%d8%a8%d9%86%d8%af%d9%82
https://www.lacuisinedebernard.com/%d8%a8%d8%b3%d9%83%d9%88%d9%8a%d8%aa-%d8%b1%d8%ae%d8%a7%d9%85%d9%8a-%d9%85%d8%b9-%d8%af%d9%87%d9%86-%d8%a7%d9%84%d8%a8%d9%86%d8%af%d9%82,https://staging.lacuisinedebernard.com/%d8%a8%d8%b3%d9%83%d9%88%d9%8a%d8%aa-%d8%b1%d8%ae%d8%a7%d9%85%d9%8a-%d9%85%d8%b9-%d8%af%d9%87%d9%86-%d8%a7%d9%84%d8%a8%d9%86%d8%af%d9%82
https://www.lacuisinedebernard.com/%d8%a8%d8%b3%d9%83%d9%88%d9%8a%d8%aa-%d8%b1%d8%ae%d8%a7%d9%85%d9%8a-%d9%85%d8%b9-%d8%af%d9%87%d9%86-%d8%a7%d9%84%d8%a8%d9%86%d8%af%d9%82/,https://staging.lacuisinedebernard.com/%d8%a8%d8%b3%d9%83%d9%88%d9%8a%d8%aa-%d8%b1%d8%ae%d8%a7%d9%85%d9%8a-%d9%85%d8%b9-%d8%af%d9%87%d9%86-%d8%a7%d9%84%d8%a8%d9%86%d8%af%d9%82
https://lacuisinedebernard.com/%d8%aa%d8%b4%d9%8a%d8%b2-%d9%83%d9%8a%d9%83-%d9%83%d8%b1%d8%a7%d9%85%d9%8a%d9%84-%d8%b1%d8%ae%d8%a7%d9%85%d9%8a,https://staging.lacuisinedebernard.com/%d8%aa%d8%b4%d9%8a%d8%b2-%d9%83%d9%8a%d9%83-%d9%83%d8%b1%d8%a7%d9%85%d9%8a%d9%84-%d8%b1%d8%ae%d8%a7%d9%85%d9%8a
https://lacuisinedebernard.com/%d8%aa%d8%b4%d9%8a%d8%b2-%d9%83%d9%8a%d9%83-%d9%83%d8%b1%d8%a7%d9%85%d9%8a%d9%84-%d8%b1%d8%ae%d8%a7%d9%85%d9%8a/,https://staging.lacuisinedebernard.com/%d8%aa%d8%b4%d9%8a%d8%b2-%d9%83%d9%8a%d9%83-%d9%83%d8%b1%d8%a7%d9%85%d9%8a%d9%84-%d8%b1%d8%ae%d8%a7%d9%85%d9%8a
https://www.lacuisinedebernard.com/%d8%aa%d8%b4%d9%8a%d8%b2-%d9%83%d9%8a%d9%83-%d9%83%d8%b1%d8%a7%d9%85%d9%8a%d9%84-%d8%b1%d8%ae%d8%a7%d9%85%d9%8a,https://staging.lacuisinedebernard.com/%d8%aa%d8%b4%d9%8a%d8%b2-%d9%83%d9%8a%d9%83-%d9%83%d8%b1%d8%a7%d9%85%d9%8a%d9%84-%d8%b1%d8%ae%d8%a7%d9%85%d9%8a
https://www.lacuisinedebernard.com/%d8%aa%d8%b4%d9%8a%d8%b2-%d9%83%d9%8a%d9%83-%d9%83%d8%b1%d8%a7%d9%85%d9%8a%d9%84-%d8%b1%d8%ae%d8%a7%d9%85%d9%8a/,https://staging.lacuisinedebernard.com/%d8%aa%d8%b4%d9%8a%d8%b2-%d9%83%d9%8a%d9%83-%d9%83%d8%b1%d8%a7%d9%85%d9%8a%d9%84-%d8%b1%d8%ae%d8%a7%d9%85%d9%8a
https://lacuisinedebernard.com/gingerbread-to-spread,https://staging.lacuisinedebernard.com/gingerbread-to-spread
https://lacuisinedebernard.com/gingerbread-to-spread/,https://staging.lacuisinedebernard.com/gingerbread-to-spread
https://www.lacuisinedebernard.com/gingerbread-to-spread,https://staging.lacuisinedebernard.com/gingerbread-to-spread
https://www.lacuisinedebernard.com/gingerbread-to-spread/,https://staging.lacuisinedebernard.com/gingerbread-to-spread
https://lacuisinedebernard.com/%d8%b1%d9%8a%d8%b2%d9%88%d8%aa%d9%88-%d8%a8%d8%a7%d9%84%d9%84%d9%8a%d9%85%d9%88%d9%86-%d9%88%d8%a7%d9%84%d8%b2%d8%b9%d9%81%d8%b1%d8%a7%d9%86,https://staging.lacuisinedebernard.com/%d8%b1%d9%8a%d8%b2%d9%88%d8%aa%d9%88-%d8%a8%d8%a7%d9%84%d9%84%d9%8a%d9%85%d9%88%d9%86-%d9%88%d8%a7%d9%84%d8%b2%d8%b9%d9%81%d8%b1%d8%a7%d9%86
https://lacuisinedebernard.com/%d8%b1%d9%8a%d8%b2%d9%88%d8%aa%d9%88-%d8%a8%d8%a7%d9%84%d9%84%d9%8a%d9%85%d9%88%d9%86-%d9%88%d8%a7%d9%84%d8%b2%d8%b9%d9%81%d8%b1%d8%a7%d9%86/,https://staging.lacuisinedebernard.com/%d8%b1%d9%8a%d8%b2%d9%88%d8%aa%d9%88-%d8%a8%d8%a7%d9%84%d9%84%d9%8a%d9%85%d9%88%d9%86-%d9%88%d8%a7%d9%84%d8%b2%d8%b9%d9%81%d8%b1%d8%a7%d9%86
https://www.lacuisinedebernard.com/%d8%b1%d9%8a%d8%b2%d9%88%d8%aa%d9%88-%d8%a8%d8%a7%d9%84%d9%84%d9%8a%d9%85%d9%88%d9%86-%d9%88%d8%a7%d9%84%d8%b2%d8%b9%d9%81%d8%b1%d8%a7%d9%86,https://staging.lacuisinedebernard.com/%d8%b1%d9%8a%d8%b2%d9%88%d8%aa%d9%88-%d8%a8%d8%a7%d9%84%d9%84%d9%8a%d9%85%d9%88%d9%86-%d9%88%d8%a7%d9%84%d8%b2%d8%b9%d9%81%d8%b1%d8%a7%d9%86
https://www.lacuisinedebernard.com/%d8%b1%d9%8a%d8%b2%d9%88%d8%aa%d9%88-%d8%a8%d8%a7%d9%84%d9%84%d9%8a%d9%85%d9%88%d9%86-%d9%88%d8%a7%d9%84%d8%b2%d8%b9%d9%81%d8%b1%d8%a7%d9%86/,https://staging.lacuisinedebernard.com/%d8%b1%d9%8a%d8%b2%d9%88%d8%aa%d9%88-%d8%a8%d8%a7%d9%84%d9%84%d9%8a%d9%85%d9%88%d9%86-%d9%88%d8%a7%d9%84%d8%b2%d8%b9%d9%81%d8%b1%d8%a7%d9%86
https://lacuisinedebernard.com/asesino,https://staging.lacuisinedebernard.com/asesino
https://lacuisinedebernard.com/asesino/,https://staging.lacuisinedebernard.com/asesino
https://www.lacuisinedebernard.com/asesino,https://staging.lacuisinedebernard.com/asesino
https://www.lacuisinedebernard.com/asesino/,https://staging.lacuisinedebernard.com/asesino
https://lacuisinedebernard.com/tarta-de-pan-de-platano,https://staging.lacuisinedebernard.com/tarta-de-pan-de-platano
https://lacuisinedebernard.com/tarta-de-pan-de-platano/,https://staging.lacuisinedebernard.com/tarta-de-pan-de-platano
https://www.lacuisinedebernard.com/tarta-de-pan-de-platano,https://staging.lacuisinedebernard.com/tarta-de-pan-de-platano
https://www.lacuisinedebernard.com/tarta-de-pan-de-platano/,https://staging.lacuisinedebernard.com/tarta-de-pan-de-platano
https://lacuisinedebernard.com/aperitif-shortbread-with-buckwheat-hazelnut-and-cheese,https://staging.lacuisinedebernard.com/aperitif-shortbread-with-buckwheat-hazelnut-and-cheese
https://lacuisinedebernard.com/aperitif-shortbread-with-buckwheat-hazelnut-and-cheese/,https://staging.lacuisinedebernard.com/aperitif-shortbread-with-buckwheat-hazelnut-and-cheese
https://www.lacuisinedebernard.com/aperitif-shortbread-with-buckwheat-hazelnut-and-cheese,https://staging.lacuisinedebernard.com/aperitif-shortbread-with-buckwheat-hazelnut-and-cheese
https://www.lacuisinedebernard.com/aperitif-shortbread-with-buckwheat-hazelnut-and-cheese/,https://staging.lacuisinedebernard.com/aperitif-shortbread-with-buckwheat-hazelnut-and-cheese
https://lacuisinedebernard.com/mille-feuilles-praline,https://staging.lacuisinedebernard.com/mille-feuilles-praline
https://lacuisinedebernard.com/mille-feuilles-praline/,https://staging.lacuisinedebernard.com/mille-feuilles-praline
https://www.lacuisinedebernard.com/mille-feuilles-praline,https://staging.lacuisinedebernard.com/mille-feuilles-praline
https://www.lacuisinedebernard.com/mille-feuilles-praline/,https://staging.lacuisinedebernard.com/mille-feuilles-praline
https://lacuisinedebernard.com/bolo-de-fruta-cristalizada,https://staging.lacuisinedebernard.com/bolo-de-fruta-cristalizada
https://lacuisinedebernard.com/bolo-de-fruta-cristalizada/,https://staging.lacuisinedebernard.com/bolo-de-fruta-cristalizada
https://www.lacuisinedebernard.com/bolo-de-fruta-cristalizada,https://staging.lacuisinedebernard.com/bolo-de-fruta-cristalizada
https://www.lacuisinedebernard.com/bolo-de-fruta-cristalizada/,https://staging.lacuisinedebernard.com/bolo-de-fruta-cristalizada
https://lacuisinedebernard.com/bolo-de-pao-de-banana,https://staging.lacuisinedebernard.com/bolo-de-pao-de-banana
https://lacuisinedebernard.com/bolo-de-pao-de-banana/,https://staging.lacuisinedebernard.com/bolo-de-pao-de-banana
https://www.lacuisinedebernard.com/bolo-de-pao-de-banana,https://staging.lacuisinedebernard.com/bolo-de-pao-de-banana
https://www.lacuisinedebernard.com/bolo-de-pao-de-banana/,https://staging.lacuisinedebernard.com/bolo-de-pao-de-banana
https://lacuisinedebernard.com/pastilla-de-bomba-de-praline,https://staging.lacuisinedebernard.com/pastilla-de-bomba-de-praline
https://lacuisinedebernard.com/pastilla-de-bomba-de-praline/,https://staging.lacuisinedebernard.com/pastilla-de-bomba-de-praline
https://www.lacuisinedebernard.com/pastilla-de-bomba-de-praline,https://staging.lacuisinedebernard.com/pastilla-de-bomba-de-praline
https://www.lacuisinedebernard.com/pastilla-de-bomba-de-praline/,https://staging.lacuisinedebernard.com/pastilla-de-bomba-de-praline
https://lacuisinedebernard.com/las-botas-de-piel-de-papa-noel,https://staging.lacuisinedebernard.com/las-botas-de-piel-de-papa-noel
https://lacuisinedebernard.com/las-botas-de-piel-de-papa-noel/,https://staging.lacuisinedebernard.com/las-botas-de-piel-de-papa-noel
https://www.lacuisinedebernard.com/las-botas-de-piel-de-papa-noel,https://staging.lacuisinedebernard.com/las-botas-de-piel-de-papa-noel
https://www.lacuisinedebernard.com/las-botas-de-piel-de-papa-noel/,https://staging.lacuisinedebernard.com/las-botas-de-piel-de-papa-noel
https://lacuisinedebernard.com/%d8%ae%d8%a8%d8%b2-%d8%b4%d9%88%d8%b1%d8%aa-%d8%a8%d8%b1%d9%8a%d8%af-%d9%81%d8%a7%d8%aa%d8%ad-%d9%81%d8%a7%d8%aa%d8%ad-%d9%84%d9%84%d8%b4%d9%87%d9%8a%d8%a9-%d9%85%d8%b9-%d8%a7%d9%84%d8%ad%d9%86%d8%b7,https://staging.lacuisinedebernard.com/%d8%ae%d8%a8%d8%b2-%d8%b4%d9%88%d8%b1%d8%aa-%d8%a8%d8%b1%d9%8a%d8%af-%d9%81%d8%a7%d8%aa%d8%ad-%d9%81%d8%a7%d8%aa%d8%ad-%d9%84%d9%84%d8%b4%d9%87%d9%8a%d8%a9-%d9%85%d8%b9-%d8%a7%d9%84%d8%ad%d9%86%d8%b7
https://lacuisinedebernard.com/%d8%ae%d8%a8%d8%b2-%d8%b4%d9%88%d8%b1%d8%aa-%d8%a8%d8%b1%d9%8a%d8%af-%d9%81%d8%a7%d8%aa%d8%ad-%d9%81%d8%a7%d8%aa%d8%ad-%d9%84%d9%84%d8%b4%d9%87%d9%8a%d8%a9-%d9%85%d8%b9-%d8%a7%d9%84%d8%ad%d9%86%d8%b7/,https://staging.lacuisinedebernard.com/%d8%ae%d8%a8%d8%b2-%d8%b4%d9%88%d8%b1%d8%aa-%d8%a8%d8%b1%d9%8a%d8%af-%d9%81%d8%a7%d8%aa%d8%ad-%d9%81%d8%a7%d8%aa%d8%ad-%d9%84%d9%84%d8%b4%d9%87%d9%8a%d8%a9-%d9%85%d8%b9-%d8%a7%d9%84%d8%ad%d9%86%d8%b7
https://www.lacuisinedebernard.com/%d8%ae%d8%a8%d8%b2-%d8%b4%d9%88%d8%b1%d8%aa-%d8%a8%d8%b1%d9%8a%d8%af-%d9%81%d8%a7%d8%aa%d8%ad-%d9%81%d8%a7%d8%aa%d8%ad-%d9%84%d9%84%d8%b4%d9%87%d9%8a%d8%a9-%d9%85%d8%b9-%d8%a7%d9%84%d8%ad%d9%86%d8%b7,https://staging.lacuisinedebernard.com/%d8%ae%d8%a8%d8%b2-%d8%b4%d9%88%d8%b1%d8%aa-%d8%a8%d8%b1%d9%8a%d8%af-%d9%81%d8%a7%d8%aa%d8%ad-%d9%81%d8%a7%d8%aa%d8%ad-%d9%84%d9%84%d8%b4%d9%87%d9%8a%d8%a9-%d9%85%d8%b9-%d8%a7%d9%84%d8%ad%d9%86%d8%b7
https://www.lacuisinedebernard.com/%d8%ae%d8%a8%d8%b2-%d8%b4%d9%88%d8%b1%d8%aa-%d8%a8%d8%b1%d9%8a%d8%af-%d9%81%d8%a7%d8%aa%d8%ad-%d9%81%d8%a7%d8%aa%d8%ad-%d9%84%d9%84%d8%b4%d9%87%d9%8a%d8%a9-%d9%85%d8%b9-%d8%a7%d9%84%d8%ad%d9%86%d8%b7/,https://staging.lacuisinedebernard.com/%d8%ae%d8%a8%d8%b2-%d8%b4%d9%88%d8%b1%d8%aa-%d8%a8%d8%b1%d9%8a%d8%af-%d9%81%d8%a7%d8%aa%d8%ad-%d9%81%d8%a7%d8%aa%d8%ad-%d9%84%d9%84%d8%b4%d9%87%d9%8a%d8%a9-%d9%85%d8%b9-%d8%a7%d9%84%d8%ad%d9%86%d8%b7
https://lacuisinedebernard.com/%d8%ae%d8%a8%d8%b2-%d8%a7%d9%84%d8%b2%d9%86%d8%ac%d8%a8%d9%8a%d9%84-%d9%84%d9%84%d8%af%d9%87%d9%86,https://staging.lacuisinedebernard.com/%d8%ae%d8%a8%d8%b2-%d8%a7%d9%84%d8%b2%d9%86%d8%ac%d8%a8%d9%8a%d9%84-%d9%84%d9%84%d8%af%d9%87%d9%86
https://lacuisinedebernard.com/%d8%ae%d8%a8%d8%b2-%d8%a7%d9%84%d8%b2%d9%86%d8%ac%d8%a8%d9%8a%d9%84-%d9%84%d9%84%d8%af%d9%87%d9%86/,https://staging.lacuisinedebernard.com/%d8%ae%d8%a8%d8%b2-%d8%a7%d9%84%d8%b2%d9%86%d8%ac%d8%a8%d9%8a%d9%84-%d9%84%d9%84%d8%af%d9%87%d9%86
https://www.lacuisinedebernard.com/%d8%ae%d8%a8%d8%b2-%d8%a7%d9%84%d8%b2%d9%86%d8%ac%d8%a8%d9%8a%d9%84-%d9%84%d9%84%d8%af%d9%87%d9%86,https://staging.lacuisinedebernard.com/%d8%ae%d8%a8%d8%b2-%d8%a7%d9%84%d8%b2%d9%86%d8%ac%d8%a8%d9%8a%d9%84-%d9%84%d9%84%d8%af%d9%87%d9%86
https://www.lacuisinedebernard.com/%d8%ae%d8%a8%d8%b2-%d8%a7%d9%84%d8%b2%d9%86%d8%ac%d8%a8%d9%8a%d9%84-%d9%84%d9%84%d8%af%d9%87%d9%86/,https://staging.lacuisinedebernard.com/%d8%ae%d8%a8%d8%b2-%d8%a7%d9%84%d8%b2%d9%86%d8%ac%d8%a8%d9%8a%d9%84-%d9%84%d9%84%d8%af%d9%87%d9%86
https://lacuisinedebernard.com/assassino,https://staging.lacuisinedebernard.com/assassino
https://lacuisinedebernard.com/assassino/,https://staging.lacuisinedebernard.com/assassino
https://www.lacuisinedebernard.com/assassino,https://staging.lacuisinedebernard.com/assassino
https://www.lacuisinedebernard.com/assassino/,https://staging.lacuisinedebernard.com/assassino
https://lacuisinedebernard.com/crozets-de-trigo-sarraceno-setas-crema-de-avellanas-crumble-de-trigo-sarraceno,https://staging.lacuisinedebernard.com/crozets-de-trigo-sarraceno-setas-crema-de-avellanas-crumble-de-trigo-sarraceno
https://lacuisinedebernard.com/crozets-de-trigo-sarraceno-setas-crema-de-avellanas-crumble-de-trigo-sarraceno/,https://staging.lacuisinedebernard.com/crozets-de-trigo-sarraceno-setas-crema-de-avellanas-crumble-de-trigo-sarraceno
https://www.lacuisinedebernard.com/crozets-de-trigo-sarraceno-setas-crema-de-avellanas-crumble-de-trigo-sarraceno,https://staging.lacuisinedebernard.com/crozets-de-trigo-sarraceno-setas-crema-de-avellanas-crumble-de-trigo-sarraceno
https://www.lacuisinedebernard.com/crozets-de-trigo-sarraceno-setas-crema-de-avellanas-crumble-de-trigo-sarraceno/,https://staging.lacuisinedebernard.com/crozets-de-trigo-sarraceno-setas-crema-de-avellanas-crumble-de-trigo-sarraceno
https://lacuisinedebernard.com/candied-fruit-cake,https://staging.lacuisinedebernard.com/candied-fruit-cake
https://lacuisinedebernard.com/candied-fruit-cake/,https://staging.lacuisinedebernard.com/candied-fruit-cake
https://www.lacuisinedebernard.com/candied-fruit-cake,https://staging.lacuisinedebernard.com/candied-fruit-cake
https://www.lacuisinedebernard.com/candied-fruit-cake/,https://staging.lacuisinedebernard.com/candied-fruit-cake
https://lacuisinedebernard.com/granita-de-amendoa-siciliana,https://staging.lacuisinedebernard.com/granita-de-amendoa-siciliana
https://lacuisinedebernard.com/granita-de-amendoa-siciliana/,https://staging.lacuisinedebernard.com/granita-de-amendoa-siciliana
https://www.lacuisinedebernard.com/granita-de-amendoa-siciliana,https://staging.lacuisinedebernard.com/granita-de-amendoa-siciliana
https://www.lacuisinedebernard.com/granita-de-amendoa-siciliana/,https://staging.lacuisinedebernard.com/granita-de-amendoa-siciliana
https://lacuisinedebernard.com/kritharoto-with-shrimps,https://staging.lacuisinedebernard.com/kritharoto-with-shrimps
https://lacuisinedebernard.com/kritharoto-with-shrimps/,https://staging.lacuisinedebernard.com/kritharoto-with-shrimps
https://www.lacuisinedebernard.com/kritharoto-with-shrimps,https://staging.lacuisinedebernard.com/kritharoto-with-shrimps
https://www.lacuisinedebernard.com/kritharoto-with-shrimps/,https://staging.lacuisinedebernard.com/kritharoto-with-shrimps
https://lacuisinedebernard.com/crema-merveilleuse-de-chocolate-blanco-vainilla-y-frambuesa,https://staging.lacuisinedebernard.com/crema-merveilleuse-de-chocolate-blanco-vainilla-y-frambuesa
https://lacuisinedebernard.com/crema-merveilleuse-de-chocolate-blanco-vainilla-y-frambuesa/,https://staging.lacuisinedebernard.com/crema-merveilleuse-de-chocolate-blanco-vainilla-y-frambuesa
https://www.lacuisinedebernard.com/crema-merveilleuse-de-chocolate-blanco-vainilla-y-frambuesa,https://staging.lacuisinedebernard.com/crema-merveilleuse-de-chocolate-blanco-vainilla-y-frambuesa
https://www.lacuisinedebernard.com/crema-merveilleuse-de-chocolate-blanco-vainilla-y-frambuesa/,https://staging.lacuisinedebernard.com/crema-merveilleuse-de-chocolate-blanco-vainilla-y-frambuesa
https://lacuisinedebernard.com/czech-mushroom-potato-and-dill-soup,https://staging.lacuisinedebernard.com/czech-mushroom-potato-and-dill-soup
https://lacuisinedebernard.com/czech-mushroom-potato-and-dill-soup/,https://staging.lacuisinedebernard.com/czech-mushroom-potato-and-dill-soup
https://www.lacuisinedebernard.com/czech-mushroom-potato-and-dill-soup,https://staging.lacuisinedebernard.com/czech-mushroom-potato-and-dill-soup
https://www.lacuisinedebernard.com/czech-mushroom-potato-and-dill-soup/,https://staging.lacuisinedebernard.com/czech-mushroom-potato-and-dill-soup
https://lacuisinedebernard.com/risotto-com-caril-verde-e-peito-de-pato-grelhado,https://staging.lacuisinedebernard.com/risotto-com-caril-verde-e-peito-de-pato-grelhado
https://lacuisinedebernard.com/risotto-com-caril-verde-e-peito-de-pato-grelhado/,https://staging.lacuisinedebernard.com/risotto-com-caril-verde-e-peito-de-pato-grelhado
https://www.lacuisinedebernard.com/risotto-com-caril-verde-e-peito-de-pato-grelhado,https://staging.lacuisinedebernard.com/risotto-com-caril-verde-e-peito-de-pato-grelhado
https://www.lacuisinedebernard.com/risotto-com-caril-verde-e-peito-de-pato-grelhado/,https://staging.lacuisinedebernard.com/risotto-com-caril-verde-e-peito-de-pato-grelhado
https://lacuisinedebernard.com/%d8%b4%d9%88%d9%83%d9%88%d9%84%d8%a7%d8%aa%d8%a9-%d9%85%d9%82%d8%b3%d9%89,https://staging.lacuisinedebernard.com/%d8%b4%d9%88%d9%83%d9%88%d9%84%d8%a7%d8%aa%d8%a9-%d9%85%d9%82%d8%b3%d9%89
https://lacuisinedebernard.com/%d8%b4%d9%88%d9%83%d9%88%d9%84%d8%a7%d8%aa%d8%a9-%d9%85%d9%82%d8%b3%d9%89/,https://staging.lacuisinedebernard.com/%d8%b4%d9%88%d9%83%d9%88%d9%84%d8%a7%d8%aa%d8%a9-%d9%85%d9%82%d8%b3%d9%89
https://www.lacuisinedebernard.com/%d8%b4%d9%88%d9%83%d9%88%d9%84%d8%a7%d8%aa%d8%a9-%d9%85%d9%82%d8%b3%d9%89,https://staging.lacuisinedebernard.com/%d8%b4%d9%88%d9%83%d9%88%d9%84%d8%a7%d8%aa%d8%a9-%d9%85%d9%82%d8%b3%d9%89
https://www.lacuisinedebernard.com/%d8%b4%d9%88%d9%83%d9%88%d9%84%d8%a7%d8%aa%d8%a9-%d9%85%d9%82%d8%b3%d9%89/,https://staging.lacuisinedebernard.com/%d8%b4%d9%88%d9%83%d9%88%d9%84%d8%a7%d8%aa%d8%a9-%d9%85%d9%82%d8%b3%d9%89
https://lacuisinedebernard.com/%d9%84%d8%ad%d9%85-%d8%a7%d9%84%d8%ae%d9%86%d8%b2%d9%8a%d8%b1-%d9%88%d8%a7%d9%84%d9%85%d9%84%d9%81%d9%88%d9%81-%d8%a7%d9%84%d8%a3%d8%ad%d9%85%d8%b1-%d9%88%d8%a7%d9%84%d8%b9%d9%82%d9%88%d8%af-%d8%a7,https://staging.lacuisinedebernard.com/%d9%84%d8%ad%d9%85-%d8%a7%d9%84%d8%ae%d9%86%d8%b2%d9%8a%d8%b1-%d9%88%d8%a7%d9%84%d9%85%d9%84%d9%81%d9%88%d9%81-%d8%a7%d9%84%d8%a3%d8%ad%d9%85%d8%b1-%d9%88%d8%a7%d9%84%d8%b9%d9%82%d9%88%d8%af-%d8%a7
https://lacuisinedebernard.com/%d9%84%d8%ad%d9%85-%d8%a7%d9%84%d8%ae%d9%86%d8%b2%d9%8a%d8%b1-%d9%88%d8%a7%d9%84%d9%85%d9%84%d9%81%d9%88%d9%81-%d8%a7%d9%84%d8%a3%d8%ad%d9%85%d8%b1-%d9%88%d8%a7%d9%84%d8%b9%d9%82%d9%88%d8%af-%d8%a7/,https://staging.lacuisinedebernard.com/%d9%84%d8%ad%d9%85-%d8%a7%d9%84%d8%ae%d9%86%d8%b2%d9%8a%d8%b1-%d9%88%d8%a7%d9%84%d9%85%d9%84%d9%81%d9%88%d9%81-%d8%a7%d9%84%d8%a3%d8%ad%d9%85%d8%b1-%d9%88%d8%a7%d9%84%d8%b9%d9%82%d9%88%d8%af-%d8%a7
https://www.lacuisinedebernard.com/%d9%84%d8%ad%d9%85-%d8%a7%d9%84%d8%ae%d9%86%d8%b2%d9%8a%d8%b1-%d9%88%d8%a7%d9%84%d9%85%d9%84%d9%81%d9%88%d9%81-%d8%a7%d9%84%d8%a3%d8%ad%d9%85%d8%b1-%d9%88%d8%a7%d9%84%d8%b9%d9%82%d9%88%d8%af-%d8%a7,https://staging.lacuisinedebernard.com/%d9%84%d8%ad%d9%85-%d8%a7%d9%84%d8%ae%d9%86%d8%b2%d9%8a%d8%b1-%d9%88%d8%a7%d9%84%d9%85%d9%84%d9%81%d9%88%d9%81-%d8%a7%d9%84%d8%a3%d8%ad%d9%85%d8%b1-%d9%88%d8%a7%d9%84%d8%b9%d9%82%d9%88%d8%af-%d8%a7
https://www.lacuisinedebernard.com/%d9%84%d8%ad%d9%85-%d8%a7%d9%84%d8%ae%d9%86%d8%b2%d9%8a%d8%b1-%d9%88%d8%a7%d9%84%d9%85%d9%84%d9%81%d9%88%d9%81-%d8%a7%d9%84%d8%a3%d8%ad%d9%85%d8%b1-%d9%88%d8%a7%d9%84%d8%b9%d9%82%d9%88%d8%af-%d8%a7/,https://staging.lacuisinedebernard.com/%d9%84%d8%ad%d9%85-%d8%a7%d9%84%d8%ae%d9%86%d8%b2%d9%8a%d8%b1-%d9%88%d8%a7%d9%84%d9%85%d9%84%d9%81%d9%88%d9%81-%d8%a7%d9%84%d8%a3%d8%ad%d9%85%d8%b1-%d9%88%d8%a7%d9%84%d8%b9%d9%82%d9%88%d8%af-%d8%a7
https://lacuisinedebernard.com/galletas-de-avena-naranja-y-chocolate,https://staging.lacuisinedebernard.com/galletas-de-avena-naranja-y-chocolate
https://lacuisinedebernard.com/galletas-de-avena-naranja-y-chocolate/,https://staging.lacuisinedebernard.com/galletas-de-avena-naranja-y-chocolate
https://www.lacuisinedebernard.com/galletas-de-avena-naranja-y-chocolate,https://staging.lacuisinedebernard.com/galletas-de-avena-naranja-y-chocolate
https://www.lacuisinedebernard.com/galletas-de-avena-naranja-y-chocolate/,https://staging.lacuisinedebernard.com/galletas-de-avena-naranja-y-chocolate
https://lacuisinedebernard.com/%d9%83%d8%b9%d9%83%d8%a9-%d8%a7%d9%84%d8%ad%d9%86%d8%b7%d8%a9-%d8%a7%d9%84%d8%b3%d9%88%d8%af%d8%a7%d8%a1-%d9%88%d8%ac%d9%88%d8%b2-%d8%a7%d9%84%d9%87%d9%86%d8%af-%d9%88%d8%a7%d9%84%d9%85%d9%88%d8%b2,https://staging.lacuisinedebernard.com/%d9%83%d8%b9%d9%83%d8%a9-%d8%a7%d9%84%d8%ad%d9%86%d8%b7%d8%a9-%d8%a7%d9%84%d8%b3%d9%88%d8%af%d8%a7%d8%a1-%d9%88%d8%ac%d9%88%d8%b2-%d8%a7%d9%84%d9%87%d9%86%d8%af-%d9%88%d8%a7%d9%84%d9%85%d9%88%d8%b2
https://lacuisinedebernard.com/%d9%83%d8%b9%d9%83%d8%a9-%d8%a7%d9%84%d8%ad%d9%86%d8%b7%d8%a9-%d8%a7%d9%84%d8%b3%d9%88%d8%af%d8%a7%d8%a1-%d9%88%d8%ac%d9%88%d8%b2-%d8%a7%d9%84%d9%87%d9%86%d8%af-%d9%88%d8%a7%d9%84%d9%85%d9%88%d8%b2/,https://staging.lacuisinedebernard.com/%d9%83%d8%b9%d9%83%d8%a9-%d8%a7%d9%84%d8%ad%d9%86%d8%b7%d8%a9-%d8%a7%d9%84%d8%b3%d9%88%d8%af%d8%a7%d8%a1-%d9%88%d8%ac%d9%88%d8%b2-%d8%a7%d9%84%d9%87%d9%86%d8%af-%d9%88%d8%a7%d9%84%d9%85%d9%88%d8%b2
https://www.lacuisinedebernard.com/%d9%83%d8%b9%d9%83%d8%a9-%d8%a7%d9%84%d8%ad%d9%86%d8%b7%d8%a9-%d8%a7%d9%84%d8%b3%d9%88%d8%af%d8%a7%d8%a1-%d9%88%d8%ac%d9%88%d8%b2-%d8%a7%d9%84%d9%87%d9%86%d8%af-%d9%88%d8%a7%d9%84%d9%85%d9%88%d8%b2,https://staging.lacuisinedebernard.com/%d9%83%d8%b9%d9%83%d8%a9-%d8%a7%d9%84%d8%ad%d9%86%d8%b7%d8%a9-%d8%a7%d9%84%d8%b3%d9%88%d8%af%d8%a7%d8%a1-%d9%88%d8%ac%d9%88%d8%b2-%d8%a7%d9%84%d9%87%d9%86%d8%af-%d9%88%d8%a7%d9%84%d9%85%d9%88%d8%b2
https://www.lacuisinedebernard.com/%d9%83%d8%b9%d9%83%d8%a9-%d8%a7%d9%84%d8%ad%d9%86%d8%b7%d8%a9-%d8%a7%d9%84%d8%b3%d9%88%d8%af%d8%a7%d8%a1-%d9%88%d8%ac%d9%88%d8%b2-%d8%a7%d9%84%d9%87%d9%86%d8%af-%d9%88%d8%a7%d9%84%d9%85%d9%88%d8%b2/,https://staging.lacuisinedebernard.com/%d9%83%d8%b9%d9%83%d8%a9-%d8%a7%d9%84%d8%ad%d9%86%d8%b7%d8%a9-%d8%a7%d9%84%d8%b3%d9%88%d8%af%d8%a7%d8%a1-%d9%88%d8%ac%d9%88%d8%b2-%d8%a7%d9%84%d9%87%d9%86%d8%af-%d9%88%d8%a7%d9%84%d9%85%d9%88%d8%b2
https://lacuisinedebernard.com/%d8%a3%d9%84%d9%81-%d9%88%d8%b1%d9%82%d8%a9-%d8%a8%d8%b1%d8%a7%d9%84%d9%8a%d9%86,https://staging.lacuisinedebernard.com/%d8%a3%d9%84%d9%81-%d9%88%d8%b1%d9%82%d8%a9-%d8%a8%d8%b1%d8%a7%d9%84%d9%8a%d9%86
https://lacuisinedebernard.com/%d8%a3%d9%84%d9%81-%d9%88%d8%b1%d9%82%d8%a9-%d8%a8%d8%b1%d8%a7%d9%84%d9%8a%d9%86/,https://staging.lacuisinedebernard.com/%d8%a3%d9%84%d9%81-%d9%88%d8%b1%d9%82%d8%a9-%d8%a8%d8%b1%d8%a7%d9%84%d9%8a%d9%86
https://www.lacuisinedebernard.com/%d8%a3%d9%84%d9%81-%d9%88%d8%b1%d9%82%d8%a9-%d8%a8%d8%b1%d8%a7%d9%84%d9%8a%d9%86,https://staging.lacuisinedebernard.com/%d8%a3%d9%84%d9%81-%d9%88%d8%b1%d9%82%d8%a9-%d8%a8%d8%b1%d8%a7%d9%84%d9%8a%d9%86
https://www.lacuisinedebernard.com/%d8%a3%d9%84%d9%81-%d9%88%d8%b1%d9%82%d8%a9-%d8%a8%d8%b1%d8%a7%d9%84%d9%8a%d9%86/,https://staging.lacuisinedebernard.com/%d8%a3%d9%84%d9%81-%d9%88%d8%b1%d9%82%d8%a9-%d8%a8%d8%b1%d8%a7%d9%84%d9%8a%d9%86
https://lacuisinedebernard.com/sicilian-granita-with-almonds,https://staging.lacuisinedebernard.com/sicilian-granita-with-almonds
https://lacuisinedebernard.com/sicilian-granita-with-almonds/,https://staging.lacuisinedebernard.com/sicilian-granita-with-almonds
https://www.lacuisinedebernard.com/sicilian-granita-with-almonds,https://staging.lacuisinedebernard.com/sicilian-granita-with-almonds
https://www.lacuisinedebernard.com/sicilian-granita-with-almonds/,https://staging.lacuisinedebernard.com/sicilian-granita-with-almonds
https://lacuisinedebernard.com/chocolate-branco-baunilha-e-creme-de-framboesa-merveilleuse,https://staging.lacuisinedebernard.com/chocolate-branco-baunilha-e-creme-de-framboesa-merveilleuse
https://lacuisinedebernard.com/chocolate-branco-baunilha-e-creme-de-framboesa-merveilleuse/,https://staging.lacuisinedebernard.com/chocolate-branco-baunilha-e-creme-de-framboesa-merveilleuse
https://www.lacuisinedebernard.com/chocolate-branco-baunilha-e-creme-de-framboesa-merveilleuse,https://staging.lacuisinedebernard.com/chocolate-branco-baunilha-e-creme-de-framboesa-merveilleuse
https://www.lacuisinedebernard.com/chocolate-branco-baunilha-e-creme-de-framboesa-merveilleuse/,https://staging.lacuisinedebernard.com/chocolate-branco-baunilha-e-creme-de-framboesa-merveilleuse
https://lacuisinedebernard.com/ensalada-de-brocoli-cremosa,https://staging.lacuisinedebernard.com/ensalada-de-brocoli-cremosa
https://lacuisinedebernard.com/ensalada-de-brocoli-cremosa/,https://staging.lacuisinedebernard.com/ensalada-de-brocoli-cremosa
https://www.lacuisinedebernard.com/ensalada-de-brocoli-cremosa,https://staging.lacuisinedebernard.com/ensalada-de-brocoli-cremosa
https://www.lacuisinedebernard.com/ensalada-de-brocoli-cremosa/,https://staging.lacuisinedebernard.com/ensalada-de-brocoli-cremosa
https://lacuisinedebernard.com/pollo-a-la-parrilla-esparragos-verdes-y-boniatos-al-horno,https://staging.lacuisinedebernard.com/pollo-a-la-parrilla-esparragos-verdes-y-boniatos-al-horno
https://lacuisinedebernard.com/pollo-a-la-parrilla-esparragos-verdes-y-boniatos-al-horno/,https://staging.lacuisinedebernard.com/pollo-a-la-parrilla-esparragos-verdes-y-boniatos-al-horno
https://www.lacuisinedebernard.com/pollo-a-la-parrilla-esparragos-verdes-y-boniatos-al-horno,https://staging.lacuisinedebernard.com/pollo-a-la-parrilla-esparragos-verdes-y-boniatos-al-horno
https://www.lacuisinedebernard.com/pollo-a-la-parrilla-esparragos-verdes-y-boniatos-al-horno/,https://staging.lacuisinedebernard.com/pollo-a-la-parrilla-esparragos-verdes-y-boniatos-al-horno
https://lacuisinedebernard.com/%d8%b1%d9%88%d8%a8%d9%8a%d8%a7%d9%86-%d9%83%d8%b1%d9%8a%d8%ab%d8%a7%d8%b1%d9%88%d8%aa%d9%88,https://staging.lacuisinedebernard.com/%d8%b1%d9%88%d8%a8%d9%8a%d8%a7%d9%86-%d9%83%d8%b1%d9%8a%d8%ab%d8%a7%d8%b1%d9%88%d8%aa%d9%88
https://lacuisinedebernard.com/%d8%b1%d9%88%d8%a8%d9%8a%d8%a7%d9%86-%d9%83%d8%b1%d9%8a%d8%ab%d8%a7%d8%b1%d9%88%d8%aa%d9%88/,https://staging.lacuisinedebernard.com/%d8%b1%d9%88%d8%a8%d9%8a%d8%a7%d9%86-%d9%83%d8%b1%d9%8a%d8%ab%d8%a7%d8%b1%d9%88%d8%aa%d9%88
https://www.lacuisinedebernard.com/%d8%b1%d9%88%d8%a8%d9%8a%d8%a7%d9%86-%d9%83%d8%b1%d9%8a%d8%ab%d8%a7%d8%b1%d9%88%d8%aa%d9%88,https://staging.lacuisinedebernard.com/%d8%b1%d9%88%d8%a8%d9%8a%d8%a7%d9%86-%d9%83%d8%b1%d9%8a%d8%ab%d8%a7%d8%b1%d9%88%d8%aa%d9%88
https://www.lacuisinedebernard.com/%d8%b1%d9%88%d8%a8%d9%8a%d8%a7%d9%86-%d9%83%d8%b1%d9%8a%d8%ab%d8%a7%d8%b1%d9%88%d8%aa%d9%88/,https://staging.lacuisinedebernard.com/%d8%b1%d9%88%d8%a8%d9%8a%d8%a7%d9%86-%d9%83%d8%b1%d9%8a%d8%ab%d8%a7%d8%b1%d9%88%d8%aa%d9%88
https://lacuisinedebernard.com/risotto-with-green-curry-and-grilled-duck-breast,https://staging.lacuisinedebernard.com/risotto-with-green-curry-and-grilled-duck-breast
https://lacuisinedebernard.com/risotto-with-green-curry-and-grilled-duck-breast/,https://staging.lacuisinedebernard.com/risotto-with-green-curry-and-grilled-duck-breast
https://www.lacuisinedebernard.com/risotto-with-green-curry-and-grilled-duck-breast,https://staging.lacuisinedebernard.com/risotto-with-green-curry-and-grilled-duck-breast
https://www.lacuisinedebernard.com/risotto-with-green-curry-and-grilled-duck-breast/,https://staging.lacuisinedebernard.com/risotto-with-green-curry-and-grilled-duck-breast
https://lacuisinedebernard.com/glyko-stafyli,https://staging.lacuisinedebernard.com/glyko-stafyli
https://lacuisinedebernard.com/glyko-stafyli/,https://staging.lacuisinedebernard.com/glyko-stafyli
https://www.lacuisinedebernard.com/glyko-stafyli,https://staging.lacuisinedebernard.com/glyko-stafyli
https://www.lacuisinedebernard.com/glyko-stafyli/,https://staging.lacuisinedebernard.com/glyko-stafyli
https://lacuisinedebernard.com/%d8%b4%d9%88%d8%b1%d8%a8%d8%a9-%d8%aa%d8%b4%d9%8a%d9%83%d9%8a-%d8%a8%d8%a7%d9%84%d9%81%d8%b7%d8%b1-%d9%88%d8%a7%d9%84%d8%a8%d8%b7%d8%a7%d8%b7%d8%b3-%d9%88%d8%a7%d9%84%d8%b4%d8%a8%d8%aa,https://staging.lacuisinedebernard.com/%d8%b4%d9%88%d8%b1%d8%a8%d8%a9-%d8%aa%d8%b4%d9%8a%d9%83%d9%8a-%d8%a8%d8%a7%d9%84%d9%81%d8%b7%d8%b1-%d9%88%d8%a7%d9%84%d8%a8%d8%b7%d8%a7%d8%b7%d8%b3-%d9%88%d8%a7%d9%84%d8%b4%d8%a8%d8%aa
https://lacuisinedebernard.com/%d8%b4%d9%88%d8%b1%d8%a8%d8%a9-%d8%aa%d8%b4%d9%8a%d9%83%d9%8a-%d8%a8%d8%a7%d9%84%d9%81%d8%b7%d8%b1-%d9%88%d8%a7%d9%84%d8%a8%d8%b7%d8%a7%d8%b7%d8%b3-%d9%88%d8%a7%d9%84%d8%b4%d8%a8%d8%aa/,https://staging.lacuisinedebernard.com/%d8%b4%d9%88%d8%b1%d8%a8%d8%a9-%d8%aa%d8%b4%d9%8a%d9%83%d9%8a-%d8%a8%d8%a7%d9%84%d9%81%d8%b7%d8%b1-%d9%88%d8%a7%d9%84%d8%a8%d8%b7%d8%a7%d8%b7%d8%b3-%d9%88%d8%a7%d9%84%d8%b4%d8%a8%d8%aa
https://www.lacuisinedebernard.com/%d8%b4%d9%88%d8%b1%d8%a8%d8%a9-%d8%aa%d8%b4%d9%8a%d9%83%d9%8a-%d8%a8%d8%a7%d9%84%d9%81%d8%b7%d8%b1-%d9%88%d8%a7%d9%84%d8%a8%d8%b7%d8%a7%d8%b7%d8%b3-%d9%88%d8%a7%d9%84%d8%b4%d8%a8%d8%aa,https://staging.lacuisinedebernard.com/%d8%b4%d9%88%d8%b1%d8%a8%d8%a9-%d8%aa%d8%b4%d9%8a%d9%83%d9%8a-%d8%a8%d8%a7%d9%84%d9%81%d8%b7%d8%b1-%d9%88%d8%a7%d9%84%d8%a8%d8%b7%d8%a7%d8%b7%d8%b3-%d9%88%d8%a7%d9%84%d8%b4%d8%a8%d8%aa
https://www.lacuisinedebernard.com/%d8%b4%d9%88%d8%b1%d8%a8%d8%a9-%d8%aa%d8%b4%d9%8a%d9%83%d9%8a-%d8%a8%d8%a7%d9%84%d9%81%d8%b7%d8%b1-%d9%88%d8%a7%d9%84%d8%a8%d8%b7%d8%a7%d8%b7%d8%b3-%d9%88%d8%a7%d9%84%d8%b4%d8%a8%d8%aa/,https://staging.lacuisinedebernard.com/%d8%b4%d9%88%d8%b1%d8%a8%d8%a9-%d8%aa%d8%b4%d9%8a%d9%83%d9%8a-%d8%a8%d8%a7%d9%84%d9%81%d8%b7%d8%b1-%d9%88%d8%a7%d9%84%d8%a8%d8%b7%d8%a7%d8%b7%d8%b3-%d9%88%d8%a7%d9%84%d8%b4%d8%a8%d8%aa
https://lacuisinedebernard.com/bolachas-de-chocolate-de-laranja-com-aveia,https://staging.lacuisinedebernard.com/bolachas-de-chocolate-de-laranja-com-aveia
https://lacuisinedebernard.com/bolachas-de-chocolate-de-laranja-com-aveia/,https://staging.lacuisinedebernard.com/bolachas-de-chocolate-de-laranja-com-aveia
https://www.lacuisinedebernard.com/bolachas-de-chocolate-de-laranja-com-aveia,https://staging.lacuisinedebernard.com/bolachas-de-chocolate-de-laranja-com-aveia
https://www.lacuisinedebernard.com/bolachas-de-chocolate-de-laranja-com-aveia/,https://staging.lacuisinedebernard.com/bolachas-de-chocolate-de-laranja-com-aveia
https://lacuisinedebernard.com/%d8%ac%d8%b1%d8%a7%d9%86%d9%8a%d8%aa%d8%a7-%d8%b5%d9%82%d9%84%d9%8a%d8%a9-%d8%a8%d8%a7%d9%84%d9%84%d9%88%d8%b2,https://staging.lacuisinedebernard.com/%d8%ac%d8%b1%d8%a7%d9%86%d9%8a%d8%aa%d8%a7-%d8%b5%d9%82%d9%84%d9%8a%d8%a9-%d8%a8%d8%a7%d9%84%d9%84%d9%88%d8%b2
https://lacuisinedebernard.com/%d8%ac%d8%b1%d8%a7%d9%86%d9%8a%d8%aa%d8%a7-%d8%b5%d9%82%d9%84%d9%8a%d8%a9-%d8%a8%d8%a7%d9%84%d9%84%d9%88%d8%b2/,https://staging.lacuisinedebernard.com/%d8%ac%d8%b1%d8%a7%d9%86%d9%8a%d8%aa%d8%a7-%d8%b5%d9%82%d9%84%d9%8a%d8%a9-%d8%a8%d8%a7%d9%84%d9%84%d9%88%d8%b2
https://www.lacuisinedebernard.com/%d8%ac%d8%b1%d8%a7%d9%86%d9%8a%d8%aa%d8%a7-%d8%b5%d9%82%d9%84%d9%8a%d8%a9-%d8%a8%d8%a7%d9%84%d9%84%d9%88%d8%b2,https://staging.lacuisinedebernard.com/%d8%ac%d8%b1%d8%a7%d9%86%d9%8a%d8%aa%d8%a7-%d8%b5%d9%82%d9%84%d9%8a%d8%a9-%d8%a8%d8%a7%d9%84%d9%84%d9%88%d8%b2
https://www.lacuisinedebernard.com/%d8%ac%d8%b1%d8%a7%d9%86%d9%8a%d8%aa%d8%a7-%d8%b5%d9%82%d9%84%d9%8a%d8%a9-%d8%a8%d8%a7%d9%84%d9%84%d9%88%d8%b2/,https://staging.lacuisinedebernard.com/%d8%ac%d8%b1%d8%a7%d9%86%d9%8a%d8%aa%d8%a7-%d8%b5%d9%82%d9%84%d9%8a%d8%a9-%d8%a8%d8%a7%d9%84%d9%84%d9%88%d8%b2
https://lacuisinedebernard.com/chocolate-templado,https://staging.lacuisinedebernard.com/chocolate-templado
https://lacuisinedebernard.com/chocolate-templado/,https://staging.lacuisinedebernard.com/chocolate-templado
https://www.lacuisinedebernard.com/chocolate-templado,https://staging.lacuisinedebernard.com/chocolate-templado
https://www.lacuisinedebernard.com/chocolate-templado/,https://staging.lacuisinedebernard.com/chocolate-templado
https://lacuisinedebernard.com/white-chocolate-vanilla-and-raspberry-creme-merveilleuse,https://staging.lacuisinedebernard.com/white-chocolate-vanilla-and-raspberry-creme-merveilleuse
https://lacuisinedebernard.com/white-chocolate-vanilla-and-raspberry-creme-merveilleuse/,https://staging.lacuisinedebernard.com/white-chocolate-vanilla-and-raspberry-creme-merveilleuse
https://www.lacuisinedebernard.com/white-chocolate-vanilla-and-raspberry-creme-merveilleuse,https://staging.lacuisinedebernard.com/white-chocolate-vanilla-and-raspberry-creme-merveilleuse
https://www.lacuisinedebernard.com/white-chocolate-vanilla-and-raspberry-creme-merveilleuse/,https://staging.lacuisinedebernard.com/white-chocolate-vanilla-and-raspberry-creme-merveilleuse
https://lacuisinedebernard.com/%d8%b1%d9%8a%d8%b2%d9%88%d8%aa%d9%88-%d9%85%d8%b9-%d8%a7%d9%84%d9%83%d8%a7%d8%b1%d9%8a-%d8%a7%d9%84%d8%a3%d8%ae%d8%b6%d8%b1-%d9%88%d8%b5%d8%af%d9%88%d8%b1-%d8%a7%d9%84%d8%a8%d8%b7-%d8%a7%d9%84%d9%85,https://staging.lacuisinedebernard.com/%d8%b1%d9%8a%d8%b2%d9%88%d8%aa%d9%88-%d9%85%d8%b9-%d8%a7%d9%84%d9%83%d8%a7%d8%b1%d9%8a-%d8%a7%d9%84%d8%a3%d8%ae%d8%b6%d8%b1-%d9%88%d8%b5%d8%af%d9%88%d8%b1-%d8%a7%d9%84%d8%a8%d8%b7-%d8%a7%d9%84%d9%85
https://lacuisinedebernard.com/%d8%b1%d9%8a%d8%b2%d9%88%d8%aa%d9%88-%d9%85%d8%b9-%d8%a7%d9%84%d9%83%d8%a7%d8%b1%d9%8a-%d8%a7%d9%84%d8%a3%d8%ae%d8%b6%d8%b1-%d9%88%d8%b5%d8%af%d9%88%d8%b1-%d8%a7%d9%84%d8%a8%d8%b7-%d8%a7%d9%84%d9%85/,https://staging.lacuisinedebernard.com/%d8%b1%d9%8a%d8%b2%d9%88%d8%aa%d9%88-%d9%85%d8%b9-%d8%a7%d9%84%d9%83%d8%a7%d8%b1%d9%8a-%d8%a7%d9%84%d8%a3%d8%ae%d8%b6%d8%b1-%d9%88%d8%b5%d8%af%d9%88%d8%b1-%d8%a7%d9%84%d8%a8%d8%b7-%d8%a7%d9%84%d9%85
https://www.lacuisinedebernard.com/%d8%b1%d9%8a%d8%b2%d9%88%d8%aa%d9%88-%d9%85%d8%b9-%d8%a7%d9%84%d9%83%d8%a7%d8%b1%d9%8a-%d8%a7%d9%84%d8%a3%d8%ae%d8%b6%d8%b1-%d9%88%d8%b5%d8%af%d9%88%d8%b1-%d8%a7%d9%84%d8%a8%d8%b7-%d8%a7%d9%84%d9%85,https://staging.lacuisinedebernard.com/%d8%b1%d9%8a%d8%b2%d9%88%d8%aa%d9%88-%d9%85%d8%b9-%d8%a7%d9%84%d9%83%d8%a7%d8%b1%d9%8a-%d8%a7%d9%84%d8%a3%d8%ae%d8%b6%d8%b1-%d9%88%d8%b5%d8%af%d9%88%d8%b1-%d8%a7%d9%84%d8%a8%d8%b7-%d8%a7%d9%84%d9%85
https://www.lacuisinedebernard.com/%d8%b1%d9%8a%d8%b2%d9%88%d8%aa%d9%88-%d9%85%d8%b9-%d8%a7%d9%84%d9%83%d8%a7%d8%b1%d9%8a-%d8%a7%d9%84%d8%a3%d8%ae%d8%b6%d8%b1-%d9%88%d8%b5%d8%af%d9%88%d8%b1-%d8%a7%d9%84%d8%a8%d8%b7-%d8%a7%d9%84%d9%85/,https://staging.lacuisinedebernard.com/%d8%b1%d9%8a%d8%b2%d9%88%d8%aa%d9%88-%d9%85%d8%b9-%d8%a7%d9%84%d9%83%d8%a7%d8%b1%d9%8a-%d8%a7%d9%84%d8%a3%d8%ae%d8%b6%d8%b1-%d9%88%d8%b5%d8%af%d9%88%d8%b1-%d8%a7%d9%84%d8%a8%d8%b7-%d8%a7%d9%84%d9%85
https://lacuisinedebernard.com/salada-de-brocolos-cremosa,https://staging.lacuisinedebernard.com/salada-de-brocolos-cremosa
https://lacuisinedebernard.com/salada-de-brocolos-cremosa/,https://staging.lacuisinedebernard.com/salada-de-brocolos-cremosa
https://www.lacuisinedebernard.com/salada-de-brocolos-cremosa,https://staging.lacuisinedebernard.com/salada-de-brocolos-cremosa
https://www.lacuisinedebernard.com/salada-de-brocolos-cremosa/,https://staging.lacuisinedebernard.com/salada-de-brocolos-cremosa
https://lacuisinedebernard.com/pastel-de-trigo-sarraceno-coco-y-platano,https://staging.lacuisinedebernard.com/pastel-de-trigo-sarraceno-coco-y-platano
https://lacuisinedebernard.com/pastel-de-trigo-sarraceno-coco-y-platano/,https://staging.lacuisinedebernard.com/pastel-de-trigo-sarraceno-coco-y-platano
https://www.lacuisinedebernard.com/pastel-de-trigo-sarraceno-coco-y-platano,https://staging.lacuisinedebernard.com/pastel-de-trigo-sarraceno-coco-y-platano
https://www.lacuisinedebernard.com/pastel-de-trigo-sarraceno-coco-y-platano/,https://staging.lacuisinedebernard.com/pastel-de-trigo-sarraceno-coco-y-platano
https://lacuisinedebernard.com/frango-grelhado-espargos-verdes-e-batata-doce-cozida,https://staging.lacuisinedebernard.com/frango-grelhado-espargos-verdes-e-batata-doce-cozida
https://lacuisinedebernard.com/frango-grelhado-espargos-verdes-e-batata-doce-cozida/,https://staging.lacuisinedebernard.com/frango-grelhado-espargos-verdes-e-batata-doce-cozida
https://www.lacuisinedebernard.com/frango-grelhado-espargos-verdes-e-batata-doce-cozida,https://staging.lacuisinedebernard.com/frango-grelhado-espargos-verdes-e-batata-doce-cozida
https://www.lacuisinedebernard.com/frango-grelhado-espargos-verdes-e-batata-doce-cozida/,https://staging.lacuisinedebernard.com/frango-grelhado-espargos-verdes-e-batata-doce-cozida
https://lacuisinedebernard.com/cerdo-col-roja-y-knodels-checos,https://staging.lacuisinedebernard.com/cerdo-col-roja-y-knodels-checos
https://lacuisinedebernard.com/cerdo-col-roja-y-knodels-checos/,https://staging.lacuisinedebernard.com/cerdo-col-roja-y-knodels-checos
https://www.lacuisinedebernard.com/cerdo-col-roja-y-knodels-checos,https://staging.lacuisinedebernard.com/cerdo-col-roja-y-knodels-checos
https://www.lacuisinedebernard.com/cerdo-col-roja-y-knodels-checos/,https://staging.lacuisinedebernard.com/cerdo-col-roja-y-knodels-checos
https://lacuisinedebernard.com/chocolate-orange-oatmeal-cookies,https://staging.lacuisinedebernard.com/chocolate-orange-oatmeal-cookies
https://lacuisinedebernard.com/chocolate-orange-oatmeal-cookies/,https://staging.lacuisinedebernard.com/chocolate-orange-oatmeal-cookies
https://www.lacuisinedebernard.com/chocolate-orange-oatmeal-cookies,https://staging.lacuisinedebernard.com/chocolate-orange-oatmeal-cookies
https://www.lacuisinedebernard.com/chocolate-orange-oatmeal-cookies/,https://staging.lacuisinedebernard.com/chocolate-orange-oatmeal-cookies
https://lacuisinedebernard.com/%d8%a7%d9%84%d8%b4%d9%88%d9%83%d9%88%d9%84%d8%a7%d8%aa%d8%a9-%d8%a7%d9%84%d8%a8%d9%8a%d8%b6%d8%a7%d8%a1-%d8%a7%d9%84%d8%b1%d8%a7%d8%a6%d8%b9%d8%a9-%d8%8c-%d9%83%d8%b1%d9%8a%d9%85%d8%a7%d8%aa-%d8%a7,https://staging.lacuisinedebernard.com/%d8%a7%d9%84%d8%b4%d9%88%d9%83%d9%88%d9%84%d8%a7%d8%aa%d8%a9-%d8%a7%d9%84%d8%a8%d9%8a%d8%b6%d8%a7%d8%a1-%d8%a7%d9%84%d8%b1%d8%a7%d8%a6%d8%b9%d8%a9-%d8%8c-%d9%83%d8%b1%d9%8a%d9%85%d8%a7%d8%aa-%d8%a7
https://lacuisinedebernard.com/%d8%a7%d9%84%d8%b4%d9%88%d9%83%d9%88%d9%84%d8%a7%d8%aa%d8%a9-%d8%a7%d9%84%d8%a8%d9%8a%d8%b6%d8%a7%d8%a1-%d8%a7%d9%84%d8%b1%d8%a7%d8%a6%d8%b9%d8%a9-%d8%8c-%d9%83%d8%b1%d9%8a%d9%85%d8%a7%d8%aa-%d8%a7/,https://staging.lacuisinedebernard.com/%d8%a7%d9%84%d8%b4%d9%88%d9%83%d9%88%d9%84%d8%a7%d8%aa%d8%a9-%d8%a7%d9%84%d8%a8%d9%8a%d8%b6%d8%a7%d8%a1-%d8%a7%d9%84%d8%b1%d8%a7%d8%a6%d8%b9%d8%a9-%d8%8c-%d9%83%d8%b1%d9%8a%d9%85%d8%a7%d8%aa-%d8%a7
https://www.lacuisinedebernard.com/%d8%a7%d9%84%d8%b4%d9%88%d9%83%d9%88%d9%84%d8%a7%d8%aa%d8%a9-%d8%a7%d9%84%d8%a8%d9%8a%d8%b6%d8%a7%d8%a1-%d8%a7%d9%84%d8%b1%d8%a7%d8%a6%d8%b9%d8%a9-%d8%8c-%d9%83%d8%b1%d9%8a%d9%85%d8%a7%d8%aa-%d8%a7,https://staging.lacuisinedebernard.com/%d8%a7%d9%84%d8%b4%d9%88%d9%83%d9%88%d9%84%d8%a7%d8%aa%d8%a9-%d8%a7%d9%84%d8%a8%d9%8a%d8%b6%d8%a7%d8%a1-%d8%a7%d9%84%d8%b1%d8%a7%d8%a6%d8%b9%d8%a9-%d8%8c-%d9%83%d8%b1%d9%8a%d9%85%d8%a7%d8%aa-%d8%a7
https://www.lacuisinedebernard.com/%d8%a7%d9%84%d8%b4%d9%88%d9%83%d9%88%d9%84%d8%a7%d8%aa%d8%a9-%d8%a7%d9%84%d8%a8%d9%8a%d8%b6%d8%a7%d8%a1-%d8%a7%d9%84%d8%b1%d8%a7%d8%a6%d8%b9%d8%a9-%d8%8c-%d9%83%d8%b1%d9%8a%d9%85%d8%a7%d8%aa-%d8%a7/,https://staging.lacuisinedebernard.com/%d8%a7%d9%84%d8%b4%d9%88%d9%83%d9%88%d9%84%d8%a7%d8%aa%d8%a9-%d8%a7%d9%84%d8%a8%d9%8a%d8%b6%d8%a7%d8%a1-%d8%a7%d9%84%d8%b1%d8%a7%d8%a6%d8%b9%d8%a9-%d8%8c-%d9%83%d8%b1%d9%8a%d9%85%d8%a7%d8%aa-%d8%a7
https://lacuisinedebernard.com/bolo-de-trigo-sarraceno-coco-e-banana,https://staging.lacuisinedebernard.com/bolo-de-trigo-sarraceno-coco-e-banana
https://lacuisinedebernard.com/bolo-de-trigo-sarraceno-coco-e-banana/,https://staging.lacuisinedebernard.com/bolo-de-trigo-sarraceno-coco-e-banana
https://www.lacuisinedebernard.com/bolo-de-trigo-sarraceno-coco-e-banana,https://staging.lacuisinedebernard.com/bolo-de-trigo-sarraceno-coco-e-banana
https://www.lacuisinedebernard.com/bolo-de-trigo-sarraceno-coco-e-banana/,https://staging.lacuisinedebernard.com/bolo-de-trigo-sarraceno-coco-e-banana
https://lacuisinedebernard.com/chocolate-temperado,https://staging.lacuisinedebernard.com/chocolate-temperado
https://lacuisinedebernard.com/chocolate-temperado/,https://staging.lacuisinedebernard.com/chocolate-temperado
https://www.lacuisinedebernard.com/chocolate-temperado,https://staging.lacuisinedebernard.com/chocolate-temperado
https://www.lacuisinedebernard.com/chocolate-temperado/,https://staging.lacuisinedebernard.com/chocolate-temperado
https://lacuisinedebernard.com/sopa-checa-de-setas-patatas-y-eneldo,https://staging.lacuisinedebernard.com/sopa-checa-de-setas-patatas-y-eneldo
https://lacuisinedebernard.com/sopa-checa-de-setas-patatas-y-eneldo/,https://staging.lacuisinedebernard.com/sopa-checa-de-setas-patatas-y-eneldo
https://www.lacuisinedebernard.com/sopa-checa-de-setas-patatas-y-eneldo,https://staging.lacuisinedebernard.com/sopa-checa-de-setas-patatas-y-eneldo
https://www.lacuisinedebernard.com/sopa-checa-de-setas-patatas-y-eneldo/,https://staging.lacuisinedebernard.com/sopa-checa-de-setas-patatas-y-eneldo
https://lacuisinedebernard.com/carne-de-porco-repolho-vermelho-e-knodels-checos,https://staging.lacuisinedebernard.com/carne-de-porco-repolho-vermelho-e-knodels-checos
https://lacuisinedebernard.com/carne-de-porco-repolho-vermelho-e-knodels-checos/,https://staging.lacuisinedebernard.com/carne-de-porco-repolho-vermelho-e-knodels-checos
https://www.lacuisinedebernard.com/carne-de-porco-repolho-vermelho-e-knodels-checos,https://staging.lacuisinedebernard.com/carne-de-porco-repolho-vermelho-e-knodels-checos
https://www.lacuisinedebernard.com/carne-de-porco-repolho-vermelho-e-knodels-checos/,https://staging.lacuisinedebernard.com/carne-de-porco-repolho-vermelho-e-knodels-checos
https://lacuisinedebernard.com/grilled-chicken-green-asparagus-and-baked-sweet-potatoes,https://staging.lacuisinedebernard.com/grilled-chicken-green-asparagus-and-baked-sweet-potatoes
https://lacuisinedebernard.com/grilled-chicken-green-asparagus-and-baked-sweet-potatoes/,https://staging.lacuisinedebernard.com/grilled-chicken-green-asparagus-and-baked-sweet-potatoes
https://www.lacuisinedebernard.com/grilled-chicken-green-asparagus-and-baked-sweet-potatoes,https://staging.lacuisinedebernard.com/grilled-chicken-green-asparagus-and-baked-sweet-potatoes
https://www.lacuisinedebernard.com/grilled-chicken-green-asparagus-and-baked-sweet-potatoes/,https://staging.lacuisinedebernard.com/grilled-chicken-green-asparagus-and-baked-sweet-potatoes
https://lacuisinedebernard.com/kritharoto-con-gambas,https://staging.lacuisinedebernard.com/kritharoto-con-gambas
https://lacuisinedebernard.com/kritharoto-con-gambas/,https://staging.lacuisinedebernard.com/kritharoto-con-gambas
https://www.lacuisinedebernard.com/kritharoto-con-gambas,https://staging.lacuisinedebernard.com/kritharoto-con-gambas
https://www.lacuisinedebernard.com/kritharoto-con-gambas/,https://staging.lacuisinedebernard.com/kritharoto-con-gambas
https://lacuisinedebernard.com/creamy-broccoli-salad,https://staging.lacuisinedebernard.com/creamy-broccoli-salad
https://lacuisinedebernard.com/creamy-broccoli-salad/,https://staging.lacuisinedebernard.com/creamy-broccoli-salad
https://www.lacuisinedebernard.com/creamy-broccoli-salad,https://staging.lacuisinedebernard.com/creamy-broccoli-salad
https://www.lacuisinedebernard.com/creamy-broccoli-salad/,https://staging.lacuisinedebernard.com/creamy-broccoli-salad
https://lacuisinedebernard.com/%d9%83%d9%88%d9%83%d9%8a%d8%b2-%d8%b4%d9%88%d9%83%d9%88%d9%84%d8%a7%d8%aa%d8%a9-%d8%a8%d8%b1%d8%aa%d9%82%d8%a7%d9%84-%d9%88%d8%af%d9%82%d9%8a%d9%82-%d8%a7%d9%84%d8%b4%d9%88%d9%81%d8%a7%d9%86,https://staging.lacuisinedebernard.com/%d9%83%d9%88%d9%83%d9%8a%d8%b2-%d8%b4%d9%88%d9%83%d9%88%d9%84%d8%a7%d8%aa%d8%a9-%d8%a8%d8%b1%d8%aa%d9%82%d8%a7%d9%84-%d9%88%d8%af%d9%82%d9%8a%d9%82-%d8%a7%d9%84%d8%b4%d9%88%d9%81%d8%a7%d9%86
https://lacuisinedebernard.com/%d9%83%d9%88%d9%83%d9%8a%d8%b2-%d8%b4%d9%88%d9%83%d9%88%d9%84%d8%a7%d8%aa%d8%a9-%d8%a8%d8%b1%d8%aa%d9%82%d8%a7%d9%84-%d9%88%d8%af%d9%82%d9%8a%d9%82-%d8%a7%d9%84%d8%b4%d9%88%d9%81%d8%a7%d9%86/,https://staging.lacuisinedebernard.com/%d9%83%d9%88%d9%83%d9%8a%d8%b2-%d8%b4%d9%88%d9%83%d9%88%d9%84%d8%a7%d8%aa%d8%a9-%d8%a8%d8%b1%d8%aa%d9%82%d8%a7%d9%84-%d9%88%d8%af%d9%82%d9%8a%d9%82-%d8%a7%d9%84%d8%b4%d9%88%d9%81%d8%a7%d9%86
https://www.lacuisinedebernard.com/%d9%83%d9%88%d9%83%d9%8a%d8%b2-%d8%b4%d9%88%d9%83%d9%88%d9%84%d8%a7%d8%aa%d8%a9-%d8%a8%d8%b1%d8%aa%d9%82%d8%a7%d9%84-%d9%88%d8%af%d9%82%d9%8a%d9%82-%d8%a7%d9%84%d8%b4%d9%88%d9%81%d8%a7%d9%86,https://staging.lacuisinedebernard.com/%d9%83%d9%88%d9%83%d9%8a%d8%b2-%d8%b4%d9%88%d9%83%d9%88%d9%84%d8%a7%d8%aa%d8%a9-%d8%a8%d8%b1%d8%aa%d9%82%d8%a7%d9%84-%d9%88%d8%af%d9%82%d9%8a%d9%82-%d8%a7%d9%84%d8%b4%d9%88%d9%81%d8%a7%d9%86
https://www.lacuisinedebernard.com/%d9%83%d9%88%d9%83%d9%8a%d8%b2-%d8%b4%d9%88%d9%83%d9%88%d9%84%d8%a7%d8%aa%d8%a9-%d8%a8%d8%b1%d8%aa%d9%82%d8%a7%d9%84-%d9%88%d8%af%d9%82%d9%8a%d9%82-%d8%a7%d9%84%d8%b4%d9%88%d9%81%d8%a7%d9%86/,https://staging.lacuisinedebernard.com/%d9%83%d9%88%d9%83%d9%8a%d8%b2-%d8%b4%d9%88%d9%83%d9%88%d9%84%d8%a7%d8%aa%d8%a9-%d8%a8%d8%b1%d8%aa%d9%82%d8%a7%d9%84-%d9%88%d8%af%d9%82%d9%8a%d9%82-%d8%a7%d9%84%d8%b4%d9%88%d9%81%d8%a7%d9%86
https://lacuisinedebernard.com/pork-red-cabbage-and-czech-knodels,https://staging.lacuisinedebernard.com/pork-red-cabbage-and-czech-knodels
https://lacuisinedebernard.com/pork-red-cabbage-and-czech-knodels/,https://staging.lacuisinedebernard.com/pork-red-cabbage-and-czech-knodels
https://www.lacuisinedebernard.com/pork-red-cabbage-and-czech-knodels,https://staging.lacuisinedebernard.com/pork-red-cabbage-and-czech-knodels
https://www.lacuisinedebernard.com/pork-red-cabbage-and-czech-knodels/,https://staging.lacuisinedebernard.com/pork-red-cabbage-and-czech-knodels
https://lacuisinedebernard.com/tempered-chocolate,https://staging.lacuisinedebernard.com/tempered-chocolate
https://lacuisinedebernard.com/tempered-chocolate/,https://staging.lacuisinedebernard.com/tempered-chocolate
https://www.lacuisinedebernard.com/tempered-chocolate,https://staging.lacuisinedebernard.com/tempered-chocolate
https://www.lacuisinedebernard.com/tempered-chocolate/,https://staging.lacuisinedebernard.com/tempered-chocolate
https://lacuisinedebernard.com/%d8%b3%d9%84%d8%b7%d8%a9-%d8%a7%d9%84%d8%a8%d8%b1%d9%88%d9%83%d9%84%d9%8a-%d8%a7%d9%84%d9%83%d8%b1%d9%8a%d9%85%d9%8a%d8%a9,https://staging.lacuisinedebernard.com/%d8%b3%d9%84%d8%b7%d8%a9-%d8%a7%d9%84%d8%a8%d8%b1%d9%88%d9%83%d9%84%d9%8a-%d8%a7%d9%84%d9%83%d8%b1%d9%8a%d9%85%d9%8a%d8%a9
https://lacuisinedebernard.com/%d8%b3%d9%84%d8%b7%d8%a9-%d8%a7%d9%84%d8%a8%d8%b1%d9%88%d9%83%d9%84%d9%8a-%d8%a7%d9%84%d9%83%d8%b1%d9%8a%d9%85%d9%8a%d8%a9/,https://staging.lacuisinedebernard.com/%d8%b3%d9%84%d8%b7%d8%a9-%d8%a7%d9%84%d8%a8%d8%b1%d9%88%d9%83%d9%84%d9%8a-%d8%a7%d9%84%d9%83%d8%b1%d9%8a%d9%85%d9%8a%d8%a9
https://www.lacuisinedebernard.com/%d8%b3%d9%84%d8%b7%d8%a9-%d8%a7%d9%84%d8%a8%d8%b1%d9%88%d9%83%d9%84%d9%8a-%d8%a7%d9%84%d9%83%d8%b1%d9%8a%d9%85%d9%8a%d8%a9,https://staging.lacuisinedebernard.com/%d8%b3%d9%84%d8%b7%d8%a9-%d8%a7%d9%84%d8%a8%d8%b1%d9%88%d9%83%d9%84%d9%8a-%d8%a7%d9%84%d9%83%d8%b1%d9%8a%d9%85%d9%8a%d8%a9
https://www.lacuisinedebernard.com/%d8%b3%d9%84%d8%b7%d8%a9-%d8%a7%d9%84%d8%a8%d8%b1%d9%88%d9%83%d9%84%d9%8a-%d8%a7%d9%84%d9%83%d8%b1%d9%8a%d9%85%d9%8a%d8%a9/,https://staging.lacuisinedebernard.com/%d8%b3%d9%84%d8%b7%d8%a9-%d8%a7%d9%84%d8%a8%d8%b1%d9%88%d9%83%d9%84%d9%8a-%d8%a7%d9%84%d9%83%d8%b1%d9%8a%d9%85%d9%8a%d8%a9
https://lacuisinedebernard.com/granizado-de-almendra-siciliano,https://staging.lacuisinedebernard.com/granizado-de-almendra-siciliano
https://lacuisinedebernard.com/granizado-de-almendra-siciliano/,https://staging.lacuisinedebernard.com/granizado-de-almendra-siciliano
https://www.lacuisinedebernard.com/granizado-de-almendra-siciliano,https://staging.lacuisinedebernard.com/granizado-de-almendra-siciliano
https://www.lacuisinedebernard.com/granizado-de-almendra-siciliano/,https://staging.lacuisinedebernard.com/granizado-de-almendra-siciliano
https://lacuisinedebernard.com/%d8%af%d8%ac%d8%a7%d8%ac-%d9%85%d8%b4%d9%88%d9%8a-%d8%8c-%d9%87%d9%84%d9%8a%d9%88%d9%86-%d8%a3%d8%ae%d8%b6%d8%b1-%d9%88%d8%a8%d8%b7%d8%a7%d8%b7%d8%a7-%d8%ad%d9%84%d9%88%d8%a9-%d9%85%d8%b4%d9%88%d9%8a,https://staging.lacuisinedebernard.com/%d8%af%d8%ac%d8%a7%d8%ac-%d9%85%d8%b4%d9%88%d9%8a-%d8%8c-%d9%87%d9%84%d9%8a%d9%88%d9%86-%d8%a3%d8%ae%d8%b6%d8%b1-%d9%88%d8%a8%d8%b7%d8%a7%d8%b7%d8%a7-%d8%ad%d9%84%d9%88%d8%a9-%d9%85%d8%b4%d9%88%d9%8a
https://lacuisinedebernard.com/%d8%af%d8%ac%d8%a7%d8%ac-%d9%85%d8%b4%d9%88%d9%8a-%d8%8c-%d9%87%d9%84%d9%8a%d9%88%d9%86-%d8%a3%d8%ae%d8%b6%d8%b1-%d9%88%d8%a8%d8%b7%d8%a7%d8%b7%d8%a7-%d8%ad%d9%84%d9%88%d8%a9-%d9%85%d8%b4%d9%88%d9%8a/,https://staging.lacuisinedebernard.com/%d8%af%d8%ac%d8%a7%d8%ac-%d9%85%d8%b4%d9%88%d9%8a-%d8%8c-%d9%87%d9%84%d9%8a%d9%88%d9%86-%d8%a3%d8%ae%d8%b6%d8%b1-%d9%88%d8%a8%d8%b7%d8%a7%d8%b7%d8%a7-%d8%ad%d9%84%d9%88%d8%a9-%d9%85%d8%b4%d9%88%d9%8a
https://www.lacuisinedebernard.com/%d8%af%d8%ac%d8%a7%d8%ac-%d9%85%d8%b4%d9%88%d9%8a-%d8%8c-%d9%87%d9%84%d9%8a%d9%88%d9%86-%d8%a3%d8%ae%d8%b6%d8%b1-%d9%88%d8%a8%d8%b7%d8%a7%d8%b7%d8%a7-%d8%ad%d9%84%d9%88%d8%a9-%d9%85%d8%b4%d9%88%d9%8a,https://staging.lacuisinedebernard.com/%d8%af%d8%ac%d8%a7%d8%ac-%d9%85%d8%b4%d9%88%d9%8a-%d8%8c-%d9%87%d9%84%d9%8a%d9%88%d9%86-%d8%a3%d8%ae%d8%b6%d8%b1-%d9%88%d8%a8%d8%b7%d8%a7%d8%b7%d8%a7-%d8%ad%d9%84%d9%88%d8%a9-%d9%85%d8%b4%d9%88%d9%8a
https://www.lacuisinedebernard.com/%d8%af%d8%ac%d8%a7%d8%ac-%d9%85%d8%b4%d9%88%d9%8a-%d8%8c-%d9%87%d9%84%d9%8a%d9%88%d9%86-%d8%a3%d8%ae%d8%b6%d8%b1-%d9%88%d8%a8%d8%b7%d8%a7%d8%b7%d8%a7-%d8%ad%d9%84%d9%88%d8%a9-%d9%85%d8%b4%d9%88%d9%8a/,https://staging.lacuisinedebernard.com/%d8%af%d8%ac%d8%a7%d8%ac-%d9%85%d8%b4%d9%88%d9%8a-%d8%8c-%d9%87%d9%84%d9%8a%d9%88%d9%86-%d8%a3%d8%ae%d8%b6%d8%b1-%d9%88%d8%a8%d8%b7%d8%a7%d8%b7%d8%a7-%d8%ad%d9%84%d9%88%d8%a9-%d9%85%d8%b4%d9%88%d9%8a
https://lacuisinedebernard.com/buckwheat-coconut-and-banana-cake,https://staging.lacuisinedebernard.com/buckwheat-coconut-and-banana-cake
https://lacuisinedebernard.com/buckwheat-coconut-and-banana-cake/,https://staging.lacuisinedebernard.com/buckwheat-coconut-and-banana-cake
https://www.lacuisinedebernard.com/buckwheat-coconut-and-banana-cake,https://staging.lacuisinedebernard.com/buckwheat-coconut-and-banana-cake
https://www.lacuisinedebernard.com/buckwheat-coconut-and-banana-cake/,https://staging.lacuisinedebernard.com/buckwheat-coconut-and-banana-cake
https://lacuisinedebernard.com/sopa-checa-de-cogumelos-batata-e-endro,https://staging.lacuisinedebernard.com/sopa-checa-de-cogumelos-batata-e-endro
https://lacuisinedebernard.com/sopa-checa-de-cogumelos-batata-e-endro/,https://staging.lacuisinedebernard.com/sopa-checa-de-cogumelos-batata-e-endro
https://www.lacuisinedebernard.com/sopa-checa-de-cogumelos-batata-e-endro,https://staging.lacuisinedebernard.com/sopa-checa-de-cogumelos-batata-e-endro
https://www.lacuisinedebernard.com/sopa-checa-de-cogumelos-batata-e-endro/,https://staging.lacuisinedebernard.com/sopa-checa-de-cogumelos-batata-e-endro
https://lacuisinedebernard.com/%d8%ac%d9%84%d9%8a%d9%83%d9%88-%d8%b3%d8%aa%d8%a7%d9%81%d9%8a%d9%84%d9%8a,https://staging.lacuisinedebernard.com/%d8%ac%d9%84%d9%8a%d9%83%d9%88-%d8%b3%d8%aa%d8%a7%d9%81%d9%8a%d9%84%d9%8a
https://lacuisinedebernard.com/%d8%ac%d9%84%d9%8a%d9%83%d9%88-%d8%b3%d8%aa%d8%a7%d9%81%d9%8a%d9%84%d9%8a/,https://staging.lacuisinedebernard.com/%d8%ac%d9%84%d9%8a%d9%83%d9%88-%d8%b3%d8%aa%d8%a7%d9%81%d9%8a%d9%84%d9%8a
https://www.lacuisinedebernard.com/%d8%ac%d9%84%d9%8a%d9%83%d9%88-%d8%b3%d8%aa%d8%a7%d9%81%d9%8a%d9%84%d9%8a,https://staging.lacuisinedebernard.com/%d8%ac%d9%84%d9%8a%d9%83%d9%88-%d8%b3%d8%aa%d8%a7%d9%81%d9%8a%d9%84%d9%8a
https://www.lacuisinedebernard.com/%d8%ac%d9%84%d9%8a%d9%83%d9%88-%d8%b3%d8%aa%d8%a7%d9%81%d9%8a%d9%84%d9%8a/,https://staging.lacuisinedebernard.com/%d8%ac%d9%84%d9%8a%d9%83%d9%88-%d8%b3%d8%aa%d8%a7%d9%81%d9%8a%d9%84%d9%8a
https://lacuisinedebernard.com/kritharoto-com-camaroes,https://staging.lacuisinedebernard.com/kritharoto-com-camaroes
https://lacuisinedebernard.com/kritharoto-com-camaroes/,https://staging.lacuisinedebernard.com/kritharoto-com-camaroes
https://www.lacuisinedebernard.com/kritharoto-com-camaroes,https://staging.lacuisinedebernard.com/kritharoto-com-camaroes
https://www.lacuisinedebernard.com/kritharoto-com-camaroes/,https://staging.lacuisinedebernard.com/kritharoto-com-camaroes
https://lacuisinedebernard.com/risotto-con-curry-verde-y-pechuga-de-pato-a-la-parrilla,https://staging.lacuisinedebernard.com/risotto-con-curry-verde-y-pechuga-de-pato-a-la-parrilla
https://lacuisinedebernard.com/risotto-con-curry-verde-y-pechuga-de-pato-a-la-parrilla/,https://staging.lacuisinedebernard.com/risotto-con-curry-verde-y-pechuga-de-pato-a-la-parrilla
https://www.lacuisinedebernard.com/risotto-con-curry-verde-y-pechuga-de-pato-a-la-parrilla,https://staging.lacuisinedebernard.com/risotto-con-curry-verde-y-pechuga-de-pato-a-la-parrilla
https://www.lacuisinedebernard.com/risotto-con-curry-verde-y-pechuga-de-pato-a-la-parrilla/,https://staging.lacuisinedebernard.com/risotto-con-curry-verde-y-pechuga-de-pato-a-la-parrilla
https://lacuisinedebernard.com/carne-bovina-com-pera-nashi,https://staging.lacuisinedebernard.com/carne-bovina-com-pera-nashi
https://lacuisinedebernard.com/carne-bovina-com-pera-nashi/,https://staging.lacuisinedebernard.com/carne-bovina-com-pera-nashi
https://www.lacuisinedebernard.com/carne-bovina-com-pera-nashi,https://staging.lacuisinedebernard.com/carne-bovina-com-pera-nashi
https://www.lacuisinedebernard.com/carne-bovina-com-pera-nashi/,https://staging.lacuisinedebernard.com/carne-bovina-com-pera-nashi
https://lacuisinedebernard.com/pork-sauteed-with-garlic-sprouts,https://staging.lacuisinedebernard.com/pork-sauteed-with-garlic-sprouts
https://lacuisinedebernard.com/pork-sauteed-with-garlic-sprouts/,https://staging.lacuisinedebernard.com/pork-sauteed-with-garlic-sprouts
https://www.lacuisinedebernard.com/pork-sauteed-with-garlic-sprouts,https://staging.lacuisinedebernard.com/pork-sauteed-with-garlic-sprouts
https://www.lacuisinedebernard.com/pork-sauteed-with-garlic-sprouts/,https://staging.lacuisinedebernard.com/pork-sauteed-with-garlic-sprouts
https://lacuisinedebernard.com/truffle-pasta,https://staging.lacuisinedebernard.com/truffle-pasta
https://lacuisinedebernard.com/truffle-pasta/,https://staging.lacuisinedebernard.com/truffle-pasta
https://www.lacuisinedebernard.com/truffle-pasta,https://staging.lacuisinedebernard.com/truffle-pasta
https://www.lacuisinedebernard.com/truffle-pasta/,https://staging.lacuisinedebernard.com/truffle-pasta
https://lacuisinedebernard.com/macaroons-de-baunilha,https://staging.lacuisinedebernard.com/macaroons-de-baunilha
https://lacuisinedebernard.com/macaroons-de-baunilha/,https://staging.lacuisinedebernard.com/macaroons-de-baunilha
https://www.lacuisinedebernard.com/macaroons-de-baunilha,https://staging.lacuisinedebernard.com/macaroons-de-baunilha
https://www.lacuisinedebernard.com/macaroons-de-baunilha/,https://staging.lacuisinedebernard.com/macaroons-de-baunilha
https://lacuisinedebernard.com/%d8%af%d8%ac%d8%a7%d8%ac-%d8%a8%d8%a7%d9%84%d8%ab%d9%88%d9%85-%d9%88%d8%a7%d9%84%d9%81%d9%84%d9%81%d9%84-%d8%a7%d9%84%d8%ad%d8%a7%d8%b1,https://staging.lacuisinedebernard.com/%d8%af%d8%ac%d8%a7%d8%ac-%d8%a8%d8%a7%d9%84%d8%ab%d9%88%d9%85-%d9%88%d8%a7%d9%84%d9%81%d9%84%d9%81%d9%84-%d8%a7%d9%84%d8%ad%d8%a7%d8%b1
https://lacuisinedebernard.com/%d8%af%d8%ac%d8%a7%d8%ac-%d8%a8%d8%a7%d9%84%d8%ab%d9%88%d9%85-%d9%88%d8%a7%d9%84%d9%81%d9%84%d9%81%d9%84-%d8%a7%d9%84%d8%ad%d8%a7%d8%b1/,https://staging.lacuisinedebernard.com/%d8%af%d8%ac%d8%a7%d8%ac-%d8%a8%d8%a7%d9%84%d8%ab%d9%88%d9%85-%d9%88%d8%a7%d9%84%d9%81%d9%84%d9%81%d9%84-%d8%a7%d9%84%d8%ad%d8%a7%d8%b1
https://www.lacuisinedebernard.com/%d8%af%d8%ac%d8%a7%d8%ac-%d8%a8%d8%a7%d9%84%d8%ab%d9%88%d9%85-%d9%88%d8%a7%d9%84%d9%81%d9%84%d9%81%d9%84-%d8%a7%d9%84%d8%ad%d8%a7%d8%b1,https://staging.lacuisinedebernard.com/%d8%af%d8%ac%d8%a7%d8%ac-%d8%a8%d8%a7%d9%84%d8%ab%d9%88%d9%85-%d9%88%d8%a7%d9%84%d9%81%d9%84%d9%81%d9%84-%d8%a7%d9%84%d8%ad%d8%a7%d8%b1
https://www.lacuisinedebernard.com/%d8%af%d8%ac%d8%a7%d8%ac-%d8%a8%d8%a7%d9%84%d8%ab%d9%88%d9%85-%d9%88%d8%a7%d9%84%d9%81%d9%84%d9%81%d9%84-%d8%a7%d9%84%d8%ad%d8%a7%d8%b1/,https://staging.lacuisinedebernard.com/%d8%af%d8%ac%d8%a7%d8%ac-%d8%a8%d8%a7%d9%84%d8%ab%d9%88%d9%85-%d9%88%d8%a7%d9%84%d9%81%d9%84%d9%81%d9%84-%d8%a7%d9%84%d8%ad%d8%a7%d8%b1
https://lacuisinedebernard.com/turron,https://staging.lacuisinedebernard.com/turron
https://lacuisinedebernard.com/turron/,https://staging.lacuisinedebernard.com/turron
https://www.lacuisinedebernard.com/turron,https://staging.lacuisinedebernard.com/turron
https://www.lacuisinedebernard.com/turron/,https://staging.lacuisinedebernard.com/turron
https://lacuisinedebernard.com/beef-with-nashi-pear,https://staging.lacuisinedebernard.com/beef-with-nashi-pear
https://lacuisinedebernard.com/beef-with-nashi-pear/,https://staging.lacuisinedebernard.com/beef-with-nashi-pear
https://www.lacuisinedebernard.com/beef-with-nashi-pear,https://staging.lacuisinedebernard.com/beef-with-nashi-pear
https://www.lacuisinedebernard.com/beef-with-nashi-pear/,https://staging.lacuisinedebernard.com/beef-with-nashi-pear
https://lacuisinedebernard.com/%d8%a8%d8%a7%d8%b3%d8%aa%d8%a7-%d8%a7%d9%84%d9%83%d9%85%d8%a3%d8%a9,https://staging.lacuisinedebernard.com/%d8%a8%d8%a7%d8%b3%d8%aa%d8%a7-%d8%a7%d9%84%d9%83%d9%85%d8%a3%d8%a9
https://lacuisinedebernard.com/%d8%a8%d8%a7%d8%b3%d8%aa%d8%a7-%d8%a7%d9%84%d9%83%d9%85%d8%a3%d8%a9/,https://staging.lacuisinedebernard.com/%d8%a8%d8%a7%d8%b3%d8%aa%d8%a7-%d8%a7%d9%84%d9%83%d9%85%d8%a3%d8%a9
https://www.lacuisinedebernard.com/%d8%a8%d8%a7%d8%b3%d8%aa%d8%a7-%d8%a7%d9%84%d9%83%d9%85%d8%a3%d8%a9,https://staging.lacuisinedebernard.com/%d8%a8%d8%a7%d8%b3%d8%aa%d8%a7-%d8%a7%d9%84%d9%83%d9%85%d8%a3%d8%a9
https://www.lacuisinedebernard.com/%d8%a8%d8%a7%d8%b3%d8%aa%d8%a7-%d8%a7%d9%84%d9%83%d9%85%d8%a3%d8%a9/,https://staging.lacuisinedebernard.com/%d8%a8%d8%a7%d8%b3%d8%aa%d8%a7-%d8%a7%d9%84%d9%83%d9%85%d8%a3%d8%a9
https://lacuisinedebernard.com/tarta-de-pera-y-chocolate-con-crema-de-chiboust-caramelizada,https://staging.lacuisinedebernard.com/tarta-de-pera-y-chocolate-con-crema-de-chiboust-caramelizada
https://lacuisinedebernard.com/tarta-de-pera-y-chocolate-con-crema-de-chiboust-caramelizada/,https://staging.lacuisinedebernard.com/tarta-de-pera-y-chocolate-con-crema-de-chiboust-caramelizada
https://www.lacuisinedebernard.com/tarta-de-pera-y-chocolate-con-crema-de-chiboust-caramelizada,https://staging.lacuisinedebernard.com/tarta-de-pera-y-chocolate-con-crema-de-chiboust-caramelizada
https://www.lacuisinedebernard.com/tarta-de-pera-y-chocolate-con-crema-de-chiboust-caramelizada/,https://staging.lacuisinedebernard.com/tarta-de-pera-y-chocolate-con-crema-de-chiboust-caramelizada
https://lacuisinedebernard.com/vanilla-macaroons,https://staging.lacuisinedebernard.com/vanilla-macaroons
https://lacuisinedebernard.com/vanilla-macaroons/,https://staging.lacuisinedebernard.com/vanilla-macaroons
https://www.lacuisinedebernard.com/vanilla-macaroons,https://staging.lacuisinedebernard.com/vanilla-macaroons
https://www.lacuisinedebernard.com/vanilla-macaroons/,https://staging.lacuisinedebernard.com/vanilla-macaroons
https://lacuisinedebernard.com/nougatine,https://staging.lacuisinedebernard.com/nougatine
https://lacuisinedebernard.com/nougatine/,https://staging.lacuisinedebernard.com/nougatine
https://www.lacuisinedebernard.com/nougatine,https://staging.lacuisinedebernard.com/nougatine
https://www.lacuisinedebernard.com/nougatine/,https://staging.lacuisinedebernard.com/nougatine
https://lacuisinedebernard.com/yam-som-o,https://staging.lacuisinedebernard.com/yam-som-o
https://lacuisinedebernard.com/yam-som-o/,https://staging.lacuisinedebernard.com/yam-som-o
https://www.lacuisinedebernard.com/yam-som-o,https://staging.lacuisinedebernard.com/yam-som-o
https://www.lacuisinedebernard.com/yam-som-o/,https://staging.lacuisinedebernard.com/yam-som-o
https://lacuisinedebernard.com/pollo-con-ajo-y-chile,https://staging.lacuisinedebernard.com/pollo-con-ajo-y-chile
https://lacuisinedebernard.com/pollo-con-ajo-y-chile/,https://staging.lacuisinedebernard.com/pollo-con-ajo-y-chile
https://www.lacuisinedebernard.com/pollo-con-ajo-y-chile,https://staging.lacuisinedebernard.com/pollo-con-ajo-y-chile
https://www.lacuisinedebernard.com/pollo-con-ajo-y-chile/,https://staging.lacuisinedebernard.com/pollo-con-ajo-y-chile
https://lacuisinedebernard.com/%d9%86%d8%a7%d8%b4%d9%8a-%d8%a7%d9%84%d9%83%d9%85%d8%ab%d8%b1%d9%89-%d9%84%d8%ad%d9%85-%d8%a7%d9%84%d8%a8%d9%82%d8%b1,https://staging.lacuisinedebernard.com/%d9%86%d8%a7%d8%b4%d9%8a-%d8%a7%d9%84%d9%83%d9%85%d8%ab%d8%b1%d9%89-%d9%84%d8%ad%d9%85-%d8%a7%d9%84%d8%a8%d9%82%d8%b1
https://lacuisinedebernard.com/%d9%86%d8%a7%d8%b4%d9%8a-%d8%a7%d9%84%d9%83%d9%85%d8%ab%d8%b1%d9%89-%d9%84%d8%ad%d9%85-%d8%a7%d9%84%d8%a8%d9%82%d8%b1/,https://staging.lacuisinedebernard.com/%d9%86%d8%a7%d8%b4%d9%8a-%d8%a7%d9%84%d9%83%d9%85%d8%ab%d8%b1%d9%89-%d9%84%d8%ad%d9%85-%d8%a7%d9%84%d8%a8%d9%82%d8%b1
https://www.lacuisinedebernard.com/%d9%86%d8%a7%d8%b4%d9%8a-%d8%a7%d9%84%d9%83%d9%85%d8%ab%d8%b1%d9%89-%d9%84%d8%ad%d9%85-%d8%a7%d9%84%d8%a8%d9%82%d8%b1,https://staging.lacuisinedebernard.com/%d9%86%d8%a7%d8%b4%d9%8a-%d8%a7%d9%84%d9%83%d9%85%d8%ab%d8%b1%d9%89-%d9%84%d8%ad%d9%85-%d8%a7%d9%84%d8%a8%d9%82%d8%b1
https://www.lacuisinedebernard.com/%d9%86%d8%a7%d8%b4%d9%8a-%d8%a7%d9%84%d9%83%d9%85%d8%ab%d8%b1%d9%89-%d9%84%d8%ad%d9%85-%d8%a7%d9%84%d8%a8%d9%82%d8%b1/,https://staging.lacuisinedebernard.com/%d9%86%d8%a7%d8%b4%d9%8a-%d8%a7%d9%84%d9%83%d9%85%d8%ab%d8%b1%d9%89-%d9%84%d8%ad%d9%85-%d8%a7%d9%84%d8%a8%d9%82%d8%b1
https://lacuisinedebernard.com/torta-de-pera-e-chocolate-com-creme-de-chiboust-caramelizado,https://staging.lacuisinedebernard.com/torta-de-pera-e-chocolate-com-creme-de-chiboust-caramelizado
https://lacuisinedebernard.com/torta-de-pera-e-chocolate-com-creme-de-chiboust-caramelizado/,https://staging.lacuisinedebernard.com/torta-de-pera-e-chocolate-com-creme-de-chiboust-caramelizado
https://www.lacuisinedebernard.com/torta-de-pera-e-chocolate-com-creme-de-chiboust-caramelizado,https://staging.lacuisinedebernard.com/torta-de-pera-e-chocolate-com-creme-de-chiboust-caramelizado
https://www.lacuisinedebernard.com/torta-de-pera-e-chocolate-com-creme-de-chiboust-caramelizado/,https://staging.lacuisinedebernard.com/torta-de-pera-e-chocolate-com-creme-de-chiboust-caramelizado
https://lacuisinedebernard.com/verduras-pekin-estofadas,https://staging.lacuisinedebernard.com/verduras-pekin-estofadas
https://lacuisinedebernard.com/verduras-pekin-estofadas/,https://staging.lacuisinedebernard.com/verduras-pekin-estofadas
https://www.lacuisinedebernard.com/verduras-pekin-estofadas,https://staging.lacuisinedebernard.com/verduras-pekin-estofadas
https://www.lacuisinedebernard.com/verduras-pekin-estofadas/,https://staging.lacuisinedebernard.com/verduras-pekin-estofadas
https://lacuisinedebernard.com/frango-com-alho-e-pimenta,https://staging.lacuisinedebernard.com/frango-com-alho-e-pimenta
https://lacuisinedebernard.com/frango-com-alho-e-pimenta/,https://staging.lacuisinedebernard.com/frango-com-alho-e-pimenta
https://www.lacuisinedebernard.com/frango-com-alho-e-pimenta,https://staging.lacuisinedebernard.com/frango-com-alho-e-pimenta
https://www.lacuisinedebernard.com/frango-com-alho-e-pimenta/,https://staging.lacuisinedebernard.com/frango-com-alho-e-pimenta
https://lacuisinedebernard.com/%d9%86%d9%88%d8%ac%d8%a7%d9%8a%d9%86,https://staging.lacuisinedebernard.com/%d9%86%d9%88%d8%ac%d8%a7%d9%8a%d9%86
https://lacuisinedebernard.com/%d9%86%d9%88%d8%ac%d8%a7%d9%8a%d9%86/,https://staging.lacuisinedebernard.com/%d9%86%d9%88%d8%ac%d8%a7%d9%8a%d9%86
https://www.lacuisinedebernard.com/%d9%86%d9%88%d8%ac%d8%a7%d9%8a%d9%86,https://staging.lacuisinedebernard.com/%d9%86%d9%88%d8%ac%d8%a7%d9%8a%d9%86
https://www.lacuisinedebernard.com/%d9%86%d9%88%d8%ac%d8%a7%d9%8a%d9%86/,https://staging.lacuisinedebernard.com/%d9%86%d9%88%d8%ac%d8%a7%d9%8a%d9%86
https://lacuisinedebernard.com/pear-and-chocolate-tart-with-caramelized-chiboust-cream,https://staging.lacuisinedebernard.com/pear-and-chocolate-tart-with-caramelized-chiboust-cream
https://lacuisinedebernard.com/pear-and-chocolate-tart-with-caramelized-chiboust-cream/,https://staging.lacuisinedebernard.com/pear-and-chocolate-tart-with-caramelized-chiboust-cream
https://www.lacuisinedebernard.com/pear-and-chocolate-tart-with-caramelized-chiboust-cream,https://staging.lacuisinedebernard.com/pear-and-chocolate-tart-with-caramelized-chiboust-cream
https://www.lacuisinedebernard.com/pear-and-chocolate-tart-with-caramelized-chiboust-cream/,https://staging.lacuisinedebernard.com/pear-and-chocolate-tart-with-caramelized-chiboust-cream
https://lacuisinedebernard.com/vegetais-de-pequim-braseados,https://staging.lacuisinedebernard.com/vegetais-de-pequim-braseados
https://lacuisinedebernard.com/vegetais-de-pequim-braseados/,https://staging.lacuisinedebernard.com/vegetais-de-pequim-braseados
https://www.lacuisinedebernard.com/vegetais-de-pequim-braseados,https://staging.lacuisinedebernard.com/vegetais-de-pequim-braseados
https://www.lacuisinedebernard.com/vegetais-de-pequim-braseados/,https://staging.lacuisinedebernard.com/vegetais-de-pequim-braseados
https://lacuisinedebernard.com/pasta-con-trufa,https://staging.lacuisinedebernard.com/pasta-con-trufa
https://lacuisinedebernard.com/pasta-con-trufa/,https://staging.lacuisinedebernard.com/pasta-con-trufa
https://www.lacuisinedebernard.com/pasta-con-trufa,https://staging.lacuisinedebernard.com/pasta-con-trufa
https://www.lacuisinedebernard.com/pasta-con-trufa/,https://staging.lacuisinedebernard.com/pasta-con-trufa
https://lacuisinedebernard.com/ternera-con-pera-nashi,https://staging.lacuisinedebernard.com/ternera-con-pera-nashi
https://lacuisinedebernard.com/ternera-con-pera-nashi/,https://staging.lacuisinedebernard.com/ternera-con-pera-nashi
https://www.lacuisinedebernard.com/ternera-con-pera-nashi,https://staging.lacuisinedebernard.com/ternera-con-pera-nashi
https://www.lacuisinedebernard.com/ternera-con-pera-nashi/,https://staging.lacuisinedebernard.com/ternera-con-pera-nashi
https://lacuisinedebernard.com/%d8%aa%d8%a7%d8%b1%d8%aa-%d8%b4%d9%88%d9%83%d9%88%d9%84%d8%a7%d8%aa%d8%a9-%d8%a7%d9%84%d9%83%d9%85%d8%ab%d8%b1%d9%89-%d8%8c-%d9%83%d8%b1%d9%8a%d9%85-%d8%b4%d9%8a%d8%a8%d9%88%d8%b3%d8%aa-%d8%a8%d8%a7,https://staging.lacuisinedebernard.com/%d8%aa%d8%a7%d8%b1%d8%aa-%d8%b4%d9%88%d9%83%d9%88%d9%84%d8%a7%d8%aa%d8%a9-%d8%a7%d9%84%d9%83%d9%85%d8%ab%d8%b1%d9%89-%d8%8c-%d9%83%d8%b1%d9%8a%d9%85-%d8%b4%d9%8a%d8%a8%d9%88%d8%b3%d8%aa-%d8%a8%d8%a7
https://lacuisinedebernard.com/%d8%aa%d8%a7%d8%b1%d8%aa-%d8%b4%d9%88%d9%83%d9%88%d9%84%d8%a7%d8%aa%d8%a9-%d8%a7%d9%84%d9%83%d9%85%d8%ab%d8%b1%d9%89-%d8%8c-%d9%83%d8%b1%d9%8a%d9%85-%d8%b4%d9%8a%d8%a8%d9%88%d8%b3%d8%aa-%d8%a8%d8%a7/,https://staging.lacuisinedebernard.com/%d8%aa%d8%a7%d8%b1%d8%aa-%d8%b4%d9%88%d9%83%d9%88%d9%84%d8%a7%d8%aa%d8%a9-%d8%a7%d9%84%d9%83%d9%85%d8%ab%d8%b1%d9%89-%d8%8c-%d9%83%d8%b1%d9%8a%d9%85-%d8%b4%d9%8a%d8%a8%d9%88%d8%b3%d8%aa-%d8%a8%d8%a7
https://www.lacuisinedebernard.com/%d8%aa%d8%a7%d8%b1%d8%aa-%d8%b4%d9%88%d9%83%d9%88%d9%84%d8%a7%d8%aa%d8%a9-%d8%a7%d9%84%d9%83%d9%85%d8%ab%d8%b1%d9%89-%d8%8c-%d9%83%d8%b1%d9%8a%d9%85-%d8%b4%d9%8a%d8%a8%d9%88%d8%b3%d8%aa-%d8%a8%d8%a7,https://staging.lacuisinedebernard.com/%d8%aa%d8%a7%d8%b1%d8%aa-%d8%b4%d9%88%d9%83%d9%88%d9%84%d8%a7%d8%aa%d8%a9-%d8%a7%d9%84%d9%83%d9%85%d8%ab%d8%b1%d9%89-%d8%8c-%d9%83%d8%b1%d9%8a%d9%85-%d8%b4%d9%8a%d8%a8%d9%88%d8%b3%d8%aa-%d8%a8%d8%a7
https://www.lacuisinedebernard.com/%d8%aa%d8%a7%d8%b1%d8%aa-%d8%b4%d9%88%d9%83%d9%88%d9%84%d8%a7%d8%aa%d8%a9-%d8%a7%d9%84%d9%83%d9%85%d8%ab%d8%b1%d9%89-%d8%8c-%d9%83%d8%b1%d9%8a%d9%85-%d8%b4%d9%8a%d8%a8%d9%88%d8%b3%d8%aa-%d8%a8%d8%a7/,https://staging.lacuisinedebernard.com/%d8%aa%d8%a7%d8%b1%d8%aa-%d8%b4%d9%88%d9%83%d9%88%d9%84%d8%a7%d8%aa%d8%a9-%d8%a7%d9%84%d9%83%d9%85%d8%ab%d8%b1%d9%89-%d8%8c-%d9%83%d8%b1%d9%8a%d9%85-%d8%b4%d9%8a%d8%a8%d9%88%d8%b3%d8%aa-%d8%a8%d8%a7
https://lacuisinedebernard.com/massa-para-trufas,https://staging.lacuisinedebernard.com/massa-para-trufas
https://lacuisinedebernard.com/massa-para-trufas/,https://staging.lacuisinedebernard.com/massa-para-trufas
https://www.lacuisinedebernard.com/massa-para-trufas,https://staging.lacuisinedebernard.com/massa-para-trufas
https://www.lacuisinedebernard.com/massa-para-trufas/,https://staging.lacuisinedebernard.com/massa-para-trufas
https://lacuisinedebernard.com/chicken-with-garlic-and-chilli,https://staging.lacuisinedebernard.com/chicken-with-garlic-and-chilli
https://lacuisinedebernard.com/chicken-with-garlic-and-chilli/,https://staging.lacuisinedebernard.com/chicken-with-garlic-and-chilli
https://www.lacuisinedebernard.com/chicken-with-garlic-and-chilli,https://staging.lacuisinedebernard.com/chicken-with-garlic-and-chilli
https://www.lacuisinedebernard.com/chicken-with-garlic-and-chilli/,https://staging.lacuisinedebernard.com/chicken-with-garlic-and-chilli
https://lacuisinedebernard.com/carne-de-porco-salteada-com-rebentos-de-alho,https://staging.lacuisinedebernard.com/carne-de-porco-salteada-com-rebentos-de-alho
https://lacuisinedebernard.com/carne-de-porco-salteada-com-rebentos-de-alho/,https://staging.lacuisinedebernard.com/carne-de-porco-salteada-com-rebentos-de-alho
https://www.lacuisinedebernard.com/carne-de-porco-salteada-com-rebentos-de-alho,https://staging.lacuisinedebernard.com/carne-de-porco-salteada-com-rebentos-de-alho
https://www.lacuisinedebernard.com/carne-de-porco-salteada-com-rebentos-de-alho/,https://staging.lacuisinedebernard.com/carne-de-porco-salteada-com-rebentos-de-alho
https://lacuisinedebernard.com/red-pork-char-siu,https://staging.lacuisinedebernard.com/red-pork-char-siu
https://lacuisinedebernard.com/red-pork-char-siu/,https://staging.lacuisinedebernard.com/red-pork-char-siu
https://www.lacuisinedebernard.com/red-pork-char-siu,https://staging.lacuisinedebernard.com/red-pork-char-siu
https://www.lacuisinedebernard.com/red-pork-char-siu/,https://staging.lacuisinedebernard.com/red-pork-char-siu
https://lacuisinedebernard.com/%d8%b1%d9%8a%d8%af-%d8%a8%d9%8a%d8%ba-%d8%b4%d8%a7%d8%b1-%d8%b3%d9%8a%d9%88,https://staging.lacuisinedebernard.com/%d8%b1%d9%8a%d8%af-%d8%a8%d9%8a%d8%ba-%d8%b4%d8%a7%d8%b1-%d8%b3%d9%8a%d9%88
https://lacuisinedebernard.com/%d8%b1%d9%8a%d8%af-%d8%a8%d9%8a%d8%ba-%d8%b4%d8%a7%d8%b1-%d8%b3%d9%8a%d9%88/,https://staging.lacuisinedebernard.com/%d8%b1%d9%8a%d8%af-%d8%a8%d9%8a%d8%ba-%d8%b4%d8%a7%d8%b1-%d8%b3%d9%8a%d9%88
https://www.lacuisinedebernard.com/%d8%b1%d9%8a%d8%af-%d8%a8%d9%8a%d8%ba-%d8%b4%d8%a7%d8%b1-%d8%b3%d9%8a%d9%88,https://staging.lacuisinedebernard.com/%d8%b1%d9%8a%d8%af-%d8%a8%d9%8a%d8%ba-%d8%b4%d8%a7%d8%b1-%d8%b3%d9%8a%d9%88
https://www.lacuisinedebernard.com/%d8%b1%d9%8a%d8%af-%d8%a8%d9%8a%d8%ba-%d8%b4%d8%a7%d8%b1-%d8%b3%d9%8a%d9%88/,https://staging.lacuisinedebernard.com/%d8%b1%d9%8a%d8%af-%d8%a8%d9%8a%d8%ba-%d8%b4%d8%a7%d8%b1-%d8%b3%d9%8a%d9%88
https://lacuisinedebernard.com/%d9%85%d9%88%d8%b3%d9%8a%d9%84%d9%8a%d9%86-%d8%b5%d9%84%d8%b5%d8%a9-%d8%a7%d9%84%d9%87%d9%84%d9%8a%d9%88%d9%86,https://staging.lacuisinedebernard.com/%d9%85%d9%88%d8%b3%d9%8a%d9%84%d9%8a%d9%86-%d8%b5%d9%84%d8%b5%d8%a9-%d8%a7%d9%84%d9%87%d9%84%d9%8a%d9%88%d9%86
https://lacuisinedebernard.com/%d9%85%d9%88%d8%b3%d9%8a%d9%84%d9%8a%d9%86-%d8%b5%d9%84%d8%b5%d8%a9-%d8%a7%d9%84%d9%87%d9%84%d9%8a%d9%88%d9%86/,https://staging.lacuisinedebernard.com/%d9%85%d9%88%d8%b3%d9%8a%d9%84%d9%8a%d9%86-%d8%b5%d9%84%d8%b5%d8%a9-%d8%a7%d9%84%d9%87%d9%84%d9%8a%d9%88%d9%86
https://www.lacuisinedebernard.com/%d9%85%d9%88%d8%b3%d9%8a%d9%84%d9%8a%d9%86-%d8%b5%d9%84%d8%b5%d8%a9-%d8%a7%d9%84%d9%87%d9%84%d9%8a%d9%88%d9%86,https://staging.lacuisinedebernard.com/%d9%85%d9%88%d8%b3%d9%8a%d9%84%d9%8a%d9%86-%d8%b5%d9%84%d8%b5%d8%a9-%d8%a7%d9%84%d9%87%d9%84%d9%8a%d9%88%d9%86
https://www.lacuisinedebernard.com/%d9%85%d9%88%d8%b3%d9%8a%d9%84%d9%8a%d9%86-%d8%b5%d9%84%d8%b5%d8%a9-%d8%a7%d9%84%d9%87%d9%84%d9%8a%d9%88%d9%86/,https://staging.lacuisinedebernard.com/%d9%85%d9%88%d8%b3%d9%8a%d9%84%d9%8a%d9%86-%d8%b5%d9%84%d8%b5%d8%a9-%d8%a7%d9%84%d9%87%d9%84%d9%8a%d9%88%d9%86
https://lacuisinedebernard.com/%d9%84%d8%ad%d9%85-%d8%ae%d9%86%d8%b2%d9%8a%d8%b1-%d8%b3%d9%88%d8%aa%d9%8a%d9%87-%d9%85%d8%b9-%d8%a8%d8%b1%d8%a7%d8%b9%d9%85-%d8%a7%d9%84%d8%ab%d9%88%d9%85,https://staging.lacuisinedebernard.com/%d9%84%d8%ad%d9%85-%d8%ae%d9%86%d8%b2%d9%8a%d8%b1-%d8%b3%d9%88%d8%aa%d9%8a%d9%87-%d9%85%d8%b9-%d8%a8%d8%b1%d8%a7%d8%b9%d9%85-%d8%a7%d9%84%d8%ab%d9%88%d9%85
https://lacuisinedebernard.com/%d9%84%d8%ad%d9%85-%d8%ae%d9%86%d8%b2%d9%8a%d8%b1-%d8%b3%d9%88%d8%aa%d9%8a%d9%87-%d9%85%d8%b9-%d8%a8%d8%b1%d8%a7%d8%b9%d9%85-%d8%a7%d9%84%d8%ab%d9%88%d9%85/,https://staging.lacuisinedebernard.com/%d9%84%d8%ad%d9%85-%d8%ae%d9%86%d8%b2%d9%8a%d8%b1-%d8%b3%d9%88%d8%aa%d9%8a%d9%87-%d9%85%d8%b9-%d8%a8%d8%b1%d8%a7%d8%b9%d9%85-%d8%a7%d9%84%d8%ab%d9%88%d9%85
https://www.lacuisinedebernard.com/%d9%84%d8%ad%d9%85-%d8%ae%d9%86%d8%b2%d9%8a%d8%b1-%d8%b3%d9%88%d8%aa%d9%8a%d9%87-%d9%85%d8%b9-%d8%a8%d8%b1%d8%a7%d8%b9%d9%85-%d8%a7%d9%84%d8%ab%d9%88%d9%85,https://staging.lacuisinedebernard.com/%d9%84%d8%ad%d9%85-%d8%ae%d9%86%d8%b2%d9%8a%d8%b1-%d8%b3%d9%88%d8%aa%d9%8a%d9%87-%d9%85%d8%b9-%d8%a8%d8%b1%d8%a7%d8%b9%d9%85-%d8%a7%d9%84%d8%ab%d9%88%d9%85
https://www.lacuisinedebernard.com/%d9%84%d8%ad%d9%85-%d8%ae%d9%86%d8%b2%d9%8a%d8%b1-%d8%b3%d9%88%d8%aa%d9%8a%d9%87-%d9%85%d8%b9-%d8%a8%d8%b1%d8%a7%d8%b9%d9%85-%d8%a7%d9%84%d8%ab%d9%88%d9%85/,https://staging.lacuisinedebernard.com/%d9%84%d8%ad%d9%85-%d8%ae%d9%86%d8%b2%d9%8a%d8%b1-%d8%b3%d9%88%d8%aa%d9%8a%d9%87-%d9%85%d8%b9-%d8%a8%d8%b1%d8%a7%d8%b9%d9%85-%d8%a7%d9%84%d8%ab%d9%88%d9%85
https://lacuisinedebernard.com/raspberry-and-white-chocolate-tart,https://staging.lacuisinedebernard.com/raspberry-and-white-chocolate-tart
https://lacuisinedebernard.com/raspberry-and-white-chocolate-tart/,https://staging.lacuisinedebernard.com/raspberry-and-white-chocolate-tart
https://www.lacuisinedebernard.com/raspberry-and-white-chocolate-tart,https://staging.lacuisinedebernard.com/raspberry-and-white-chocolate-tart
https://www.lacuisinedebernard.com/raspberry-and-white-chocolate-tart/,https://staging.lacuisinedebernard.com/raspberry-and-white-chocolate-tart
https://lacuisinedebernard.com/macarrones-de-vainilla,https://staging.lacuisinedebernard.com/macarrones-de-vainilla
https://lacuisinedebernard.com/macarrones-de-vainilla/,https://staging.lacuisinedebernard.com/macarrones-de-vainilla
https://www.lacuisinedebernard.com/macarrones-de-vainilla,https://staging.lacuisinedebernard.com/macarrones-de-vainilla
https://www.lacuisinedebernard.com/macarrones-de-vainilla/,https://staging.lacuisinedebernard.com/macarrones-de-vainilla
https://lacuisinedebernard.com/risotto-de-colmenillas,https://staging.lacuisinedebernard.com/risotto-de-colmenillas
https://lacuisinedebernard.com/risotto-de-colmenillas/,https://staging.lacuisinedebernard.com/risotto-de-colmenillas
https://www.lacuisinedebernard.com/risotto-de-colmenillas,https://staging.lacuisinedebernard.com/risotto-de-colmenillas
https://www.lacuisinedebernard.com/risotto-de-colmenillas/,https://staging.lacuisinedebernard.com/risotto-de-colmenillas
https://lacuisinedebernard.com/cerdo-salteado-con-chile-marinado,https://staging.lacuisinedebernard.com/cerdo-salteado-con-chile-marinado
https://lacuisinedebernard.com/cerdo-salteado-con-chile-marinado/,https://staging.lacuisinedebernard.com/cerdo-salteado-con-chile-marinado
https://www.lacuisinedebernard.com/cerdo-salteado-con-chile-marinado,https://staging.lacuisinedebernard.com/cerdo-salteado-con-chile-marinado
https://www.lacuisinedebernard.com/cerdo-salteado-con-chile-marinado/,https://staging.lacuisinedebernard.com/cerdo-salteado-con-chile-marinado
https://lacuisinedebernard.com/frango-kung-pao,https://staging.lacuisinedebernard.com/frango-kung-pao
https://lacuisinedebernard.com/frango-kung-pao/,https://staging.lacuisinedebernard.com/frango-kung-pao
https://www.lacuisinedebernard.com/frango-kung-pao,https://staging.lacuisinedebernard.com/frango-kung-pao
https://www.lacuisinedebernard.com/frango-kung-pao/,https://staging.lacuisinedebernard.com/frango-kung-pao
https://lacuisinedebernard.com/%d8%a7%d9%84%d8%ba%d8%b1%d9%8a%d8%a8%d8%a9,https://staging.lacuisinedebernard.com/%d8%a7%d9%84%d8%ba%d8%b1%d9%8a%d8%a8%d8%a9
https://lacuisinedebernard.com/%d8%a7%d9%84%d8%ba%d8%b1%d9%8a%d8%a8%d8%a9/,https://staging.lacuisinedebernard.com/%d8%a7%d9%84%d8%ba%d8%b1%d9%8a%d8%a8%d8%a9
https://www.lacuisinedebernard.com/%d8%a7%d9%84%d8%ba%d8%b1%d9%8a%d8%a8%d8%a9,https://staging.lacuisinedebernard.com/%d8%a7%d9%84%d8%ba%d8%b1%d9%8a%d8%a8%d8%a9
https://www.lacuisinedebernard.com/%d8%a7%d9%84%d8%ba%d8%b1%d9%8a%d8%a8%d8%a9/,https://staging.lacuisinedebernard.com/%d8%a7%d9%84%d8%ba%d8%b1%d9%8a%d8%a8%d8%a9
https://lacuisinedebernard.com/chocolate-a-medias,https://staging.lacuisinedebernard.com/chocolate-a-medias
https://lacuisinedebernard.com/chocolate-a-medias/,https://staging.lacuisinedebernard.com/chocolate-a-medias
https://www.lacuisinedebernard.com/chocolate-a-medias,https://staging.lacuisinedebernard.com/chocolate-a-medias
https://www.lacuisinedebernard.com/chocolate-a-medias/,https://staging.lacuisinedebernard.com/chocolate-a-medias
https://lacuisinedebernard.com/gyozas,https://staging.lacuisinedebernard.com/gyozas
https://lacuisinedebernard.com/gyozas/,https://staging.lacuisinedebernard.com/gyozas
https://www.lacuisinedebernard.com/gyozas,https://staging.lacuisinedebernard.com/gyozas
https://www.lacuisinedebernard.com/gyozas/,https://staging.lacuisinedebernard.com/gyozas
https://lacuisinedebernard.com/morel-risotto,https://staging.lacuisinedebernard.com/morel-risotto
https://lacuisinedebernard.com/morel-risotto/,https://staging.lacuisinedebernard.com/morel-risotto
https://www.lacuisinedebernard.com/morel-risotto,https://staging.lacuisinedebernard.com/morel-risotto
https://www.lacuisinedebernard.com/morel-risotto/,https://staging.lacuisinedebernard.com/morel-risotto
https://lacuisinedebernard.com/%d8%aa%d8%a7%d8%b1%d8%aa-%d8%a7%d9%84%d8%aa%d9%88%d8%aa-%d9%88%d8%a7%d9%84%d8%b4%d9%88%d9%83%d9%88%d9%84%d8%a7%d8%aa%d8%a9-%d8%a7%d9%84%d8%a8%d9%8a%d8%b6%d8%a7%d8%a1,https://staging.lacuisinedebernard.com/%d8%aa%d8%a7%d8%b1%d8%aa-%d8%a7%d9%84%d8%aa%d9%88%d8%aa-%d9%88%d8%a7%d9%84%d8%b4%d9%88%d9%83%d9%88%d9%84%d8%a7%d8%aa%d8%a9-%d8%a7%d9%84%d8%a8%d9%8a%d8%b6%d8%a7%d8%a1
https://lacuisinedebernard.com/%d8%aa%d8%a7%d8%b1%d8%aa-%d8%a7%d9%84%d8%aa%d9%88%d8%aa-%d9%88%d8%a7%d9%84%d8%b4%d9%88%d9%83%d9%88%d9%84%d8%a7%d8%aa%d8%a9-%d8%a7%d9%84%d8%a8%d9%8a%d8%b6%d8%a7%d8%a1/,https://staging.lacuisinedebernard.com/%d8%aa%d8%a7%d8%b1%d8%aa-%d8%a7%d9%84%d8%aa%d9%88%d8%aa-%d9%88%d8%a7%d9%84%d8%b4%d9%88%d9%83%d9%88%d9%84%d8%a7%d8%aa%d8%a9-%d8%a7%d9%84%d8%a8%d9%8a%d8%b6%d8%a7%d8%a1
https://www.lacuisinedebernard.com/%d8%aa%d8%a7%d8%b1%d8%aa-%d8%a7%d9%84%d8%aa%d9%88%d8%aa-%d9%88%d8%a7%d9%84%d8%b4%d9%88%d9%83%d9%88%d9%84%d8%a7%d8%aa%d8%a9-%d8%a7%d9%84%d8%a8%d9%8a%d8%b6%d8%a7%d8%a1,https://staging.lacuisinedebernard.com/%d8%aa%d8%a7%d8%b1%d8%aa-%d8%a7%d9%84%d8%aa%d9%88%d8%aa-%d9%88%d8%a7%d9%84%d8%b4%d9%88%d9%83%d9%88%d9%84%d8%a7%d8%aa%d8%a9-%d8%a7%d9%84%d8%a8%d9%8a%d8%b6%d8%a7%d8%a1
https://www.lacuisinedebernard.com/%d8%aa%d8%a7%d8%b1%d8%aa-%d8%a7%d9%84%d8%aa%d9%88%d8%aa-%d9%88%d8%a7%d9%84%d8%b4%d9%88%d9%83%d9%88%d9%84%d8%a7%d8%aa%d8%a9-%d8%a7%d9%84%d8%a8%d9%8a%d8%b6%d8%a7%d8%a1/,https://staging.lacuisinedebernard.com/%d8%aa%d8%a7%d8%b1%d8%aa-%d8%a7%d9%84%d8%aa%d9%88%d8%aa-%d9%88%d8%a7%d9%84%d8%b4%d9%88%d9%83%d9%88%d9%84%d8%a7%d8%aa%d8%a9-%d8%a7%d9%84%d8%a8%d9%8a%d8%b6%d8%a7%d8%a1
https://lacuisinedebernard.com/carne-de-porco-salteada-com-pimentao-marinado,https://staging.lacuisinedebernard.com/carne-de-porco-salteada-com-pimentao-marinado
https://lacuisinedebernard.com/carne-de-porco-salteada-com-pimentao-marinado/,https://staging.lacuisinedebernard.com/carne-de-porco-salteada-com-pimentao-marinado
https://www.lacuisinedebernard.com/carne-de-porco-salteada-com-pimentao-marinado,https://staging.lacuisinedebernard.com/carne-de-porco-salteada-com-pimentao-marinado
https://www.lacuisinedebernard.com/carne-de-porco-salteada-com-pimentao-marinado/,https://staging.lacuisinedebernard.com/carne-de-porco-salteada-com-pimentao-marinado
https://lacuisinedebernard.com/kung-pao-chicken,https://staging.lacuisinedebernard.com/kung-pao-chicken
https://lacuisinedebernard.com/kung-pao-chicken/,https://staging.lacuisinedebernard.com/kung-pao-chicken
https://www.lacuisinedebernard.com/kung-pao-chicken,https://staging.lacuisinedebernard.com/kung-pao-chicken
https://www.lacuisinedebernard.com/kung-pao-chicken/,https://staging.lacuisinedebernard.com/kung-pao-chicken
https://lacuisinedebernard.com/%d9%85%d8%a7%d9%83%d8%b1%d9%88%d9%86-%d8%a7%d9%84%d9%81%d8%a7%d9%86%d9%8a%d9%84%d9%8a%d8%a7,https://staging.lacuisinedebernard.com/%d9%85%d8%a7%d9%83%d8%b1%d9%88%d9%86-%d8%a7%d9%84%d9%81%d8%a7%d9%86%d9%8a%d9%84%d9%8a%d8%a7
https://lacuisinedebernard.com/%d9%85%d8%a7%d9%83%d8%b1%d9%88%d9%86-%d8%a7%d9%84%d9%81%d8%a7%d9%86%d9%8a%d9%84%d9%8a%d8%a7/,https://staging.lacuisinedebernard.com/%d9%85%d8%a7%d9%83%d8%b1%d9%88%d9%86-%d8%a7%d9%84%d9%81%d8%a7%d9%86%d9%8a%d9%84%d9%8a%d8%a7
https://www.lacuisinedebernard.com/%d9%85%d8%a7%d9%83%d8%b1%d9%88%d9%86-%d8%a7%d9%84%d9%81%d8%a7%d9%86%d9%8a%d9%84%d9%8a%d8%a7,https://staging.lacuisinedebernard.com/%d9%85%d8%a7%d9%83%d8%b1%d9%88%d9%86-%d8%a7%d9%84%d9%81%d8%a7%d9%86%d9%8a%d9%84%d9%8a%d8%a7
https://www.lacuisinedebernard.com/%d9%85%d8%a7%d9%83%d8%b1%d9%88%d9%86-%d8%a7%d9%84%d9%81%d8%a7%d9%86%d9%8a%d9%84%d9%8a%d8%a7/,https://staging.lacuisinedebernard.com/%d9%85%d8%a7%d9%83%d8%b1%d9%88%d9%86-%d8%a7%d9%84%d9%81%d8%a7%d9%86%d9%8a%d9%84%d9%8a%d8%a7
https://lacuisinedebernard.com/mousse-de-chocolate,https://staging.lacuisinedebernard.com/mousse-de-chocolate
https://lacuisinedebernard.com/mousse-de-chocolate/,https://staging.lacuisinedebernard.com/mousse-de-chocolate
https://www.lacuisinedebernard.com/mousse-de-chocolate,https://staging.lacuisinedebernard.com/mousse-de-chocolate
https://www.lacuisinedebernard.com/mousse-de-chocolate/,https://staging.lacuisinedebernard.com/mousse-de-chocolate
https://lacuisinedebernard.com/chocolate-meio-assado,https://staging.lacuisinedebernard.com/chocolate-meio-assado
https://lacuisinedebernard.com/chocolate-meio-assado/,https://staging.lacuisinedebernard.com/chocolate-meio-assado
https://www.lacuisinedebernard.com/chocolate-meio-assado,https://staging.lacuisinedebernard.com/chocolate-meio-assado
https://www.lacuisinedebernard.com/chocolate-meio-assado/,https://staging.lacuisinedebernard.com/chocolate-meio-assado
https://lacuisinedebernard.com/panes-cortos,https://staging.lacuisinedebernard.com/panes-cortos
https://lacuisinedebernard.com/panes-cortos/,https://staging.lacuisinedebernard.com/panes-cortos
https://www.lacuisinedebernard.com/panes-cortos,https://staging.lacuisinedebernard.com/panes-cortos
https://www.lacuisinedebernard.com/panes-cortos/,https://staging.lacuisinedebernard.com/panes-cortos
https://lacuisinedebernard.com/pork-sauteed-with-marinated-chilli,https://staging.lacuisinedebernard.com/pork-sauteed-with-marinated-chilli
https://lacuisinedebernard.com/pork-sauteed-with-marinated-chilli/,https://staging.lacuisinedebernard.com/pork-sauteed-with-marinated-chilli
https://www.lacuisinedebernard.com/pork-sauteed-with-marinated-chilli,https://staging.lacuisinedebernard.com/pork-sauteed-with-marinated-chilli
https://www.lacuisinedebernard.com/pork-sauteed-with-marinated-chilli/,https://staging.lacuisinedebernard.com/pork-sauteed-with-marinated-chilli
https://lacuisinedebernard.com/braised-peking-vegetables,https://staging.lacuisinedebernard.com/braised-peking-vegetables
https://lacuisinedebernard.com/braised-peking-vegetables/,https://staging.lacuisinedebernard.com/braised-peking-vegetables
https://www.lacuisinedebernard.com/braised-peking-vegetables,https://staging.lacuisinedebernard.com/braised-peking-vegetables
https://www.lacuisinedebernard.com/braised-peking-vegetables/,https://staging.lacuisinedebernard.com/braised-peking-vegetables
https://lacuisinedebernard.com/%d8%af%d8%ac%d8%a7%d8%ac-%d9%83%d9%88%d9%86%d8%ba-%d8%a8%d8%a7%d9%88,https://staging.lacuisinedebernard.com/%d8%af%d8%ac%d8%a7%d8%ac-%d9%83%d9%88%d9%86%d8%ba-%d8%a8%d8%a7%d9%88
https://lacuisinedebernard.com/%d8%af%d8%ac%d8%a7%d8%ac-%d9%83%d9%88%d9%86%d8%ba-%d8%a8%d8%a7%d9%88/,https://staging.lacuisinedebernard.com/%d8%af%d8%ac%d8%a7%d8%ac-%d9%83%d9%88%d9%86%d8%ba-%d8%a8%d8%a7%d9%88
https://www.lacuisinedebernard.com/%d8%af%d8%ac%d8%a7%d8%ac-%d9%83%d9%88%d9%86%d8%ba-%d8%a8%d8%a7%d9%88,https://staging.lacuisinedebernard.com/%d8%af%d8%ac%d8%a7%d8%ac-%d9%83%d9%88%d9%86%d8%ba-%d8%a8%d8%a7%d9%88
https://www.lacuisinedebernard.com/%d8%af%d8%ac%d8%a7%d8%ac-%d9%83%d9%88%d9%86%d8%ba-%d8%a8%d8%a7%d9%88/,https://staging.lacuisinedebernard.com/%d8%af%d8%ac%d8%a7%d8%ac-%d9%83%d9%88%d9%86%d8%ba-%d8%a8%d8%a7%d9%88
https://lacuisinedebernard.com/%d8%ac%d9%8a%d9%88%d8%b2%d8%a7%d8%b3,https://staging.lacuisinedebernard.com/%d8%ac%d9%8a%d9%88%d8%b2%d8%a7%d8%b3
https://lacuisinedebernard.com/%d8%ac%d9%8a%d9%88%d8%b2%d8%a7%d8%b3/,https://staging.lacuisinedebernard.com/%d8%ac%d9%8a%d9%88%d8%b2%d8%a7%d8%b3
https://www.lacuisinedebernard.com/%d8%ac%d9%8a%d9%88%d8%b2%d8%a7%d8%b3,https://staging.lacuisinedebernard.com/%d8%ac%d9%8a%d9%88%d8%b2%d8%a7%d8%b3
https://www.lacuisinedebernard.com/%d8%ac%d9%8a%d9%88%d8%b2%d8%a7%d8%b3/,https://staging.lacuisinedebernard.com/%d8%ac%d9%8a%d9%88%d8%b2%d8%a7%d8%b3
https://lacuisinedebernard.com/half-cooked-chocolate,https://staging.lacuisinedebernard.com/half-cooked-chocolate
https://lacuisinedebernard.com/half-cooked-chocolate/,https://staging.lacuisinedebernard.com/half-cooked-chocolate
https://www.lacuisinedebernard.com/half-cooked-chocolate,https://staging.lacuisinedebernard.com/half-cooked-chocolate
https://www.lacuisinedebernard.com/half-cooked-chocolate/,https://staging.lacuisinedebernard.com/half-cooked-chocolate
https://lacuisinedebernard.com/%d9%85%d9%88%d8%b1%d9%8a%d9%84-%d8%b1%d9%8a%d8%b2%d9%88%d8%aa%d9%88,https://staging.lacuisinedebernard.com/%d9%85%d9%88%d8%b1%d9%8a%d9%84-%d8%b1%d9%8a%d8%b2%d9%88%d8%aa%d9%88
https://lacuisinedebernard.com/%d9%85%d9%88%d8%b1%d9%8a%d9%84-%d8%b1%d9%8a%d8%b2%d9%88%d8%aa%d9%88/,https://staging.lacuisinedebernard.com/%d9%85%d9%88%d8%b1%d9%8a%d9%84-%d8%b1%d9%8a%d8%b2%d9%88%d8%aa%d9%88
https://www.lacuisinedebernard.com/%d9%85%d9%88%d8%b1%d9%8a%d9%84-%d8%b1%d9%8a%d8%b2%d9%88%d8%aa%d9%88,https://staging.lacuisinedebernard.com/%d9%85%d9%88%d8%b1%d9%8a%d9%84-%d8%b1%d9%8a%d8%b2%d9%88%d8%aa%d9%88
https://www.lacuisinedebernard.com/%d9%85%d9%88%d8%b1%d9%8a%d9%84-%d8%b1%d9%8a%d8%b2%d9%88%d8%aa%d9%88/,https://staging.lacuisinedebernard.com/%d9%85%d9%88%d8%b1%d9%8a%d9%84-%d8%b1%d9%8a%d8%b2%d9%88%d8%aa%d9%88
https://lacuisinedebernard.com/%d8%a8%d9%83%d9%8a%d9%86-%d9%85%d8%b7%d9%87%d9%88-%d8%a8%d8%a8%d8%b7%d8%a1,https://staging.lacuisinedebernard.com/%d8%a8%d9%83%d9%8a%d9%86-%d9%85%d8%b7%d9%87%d9%88-%d8%a8%d8%a8%d8%b7%d8%a1
https://lacuisinedebernard.com/%d8%a8%d9%83%d9%8a%d9%86-%d9%85%d8%b7%d9%87%d9%88-%d8%a8%d8%a8%d8%b7%d8%a1/,https://staging.lacuisinedebernard.com/%d8%a8%d9%83%d9%8a%d9%86-%d9%85%d8%b7%d9%87%d9%88-%d8%a8%d8%a8%d8%b7%d8%a1
https://www.lacuisinedebernard.com/%d8%a8%d9%83%d9%8a%d9%86-%d9%85%d8%b7%d9%87%d9%88-%d8%a8%d8%a8%d8%b7%d8%a1,https://staging.lacuisinedebernard.com/%d8%a8%d9%83%d9%8a%d9%86-%d9%85%d8%b7%d9%87%d9%88-%d8%a8%d8%a8%d8%b7%d8%a1
https://www.lacuisinedebernard.com/%d8%a8%d9%83%d9%8a%d9%86-%d9%85%d8%b7%d9%87%d9%88-%d8%a8%d8%a8%d8%b7%d8%a1/,https://staging.lacuisinedebernard.com/%d8%a8%d9%83%d9%8a%d9%86-%d9%85%d8%b7%d9%87%d9%88-%d8%a8%d8%a8%d8%b7%d8%a1
https://lacuisinedebernard.com/cerdo-rojo-char-siu,https://staging.lacuisinedebernard.com/cerdo-rojo-char-siu
https://lacuisinedebernard.com/cerdo-rojo-char-siu/,https://staging.lacuisinedebernard.com/cerdo-rojo-char-siu
https://www.lacuisinedebernard.com/cerdo-rojo-char-siu,https://staging.lacuisinedebernard.com/cerdo-rojo-char-siu
https://www.lacuisinedebernard.com/cerdo-rojo-char-siu/,https://staging.lacuisinedebernard.com/cerdo-rojo-char-siu
https://lacuisinedebernard.com/tarta-de-frambuesa-y-chocolate-blanco,https://staging.lacuisinedebernard.com/tarta-de-frambuesa-y-chocolate-blanco
https://lacuisinedebernard.com/tarta-de-frambuesa-y-chocolate-blanco/,https://staging.lacuisinedebernard.com/tarta-de-frambuesa-y-chocolate-blanco
https://www.lacuisinedebernard.com/tarta-de-frambuesa-y-chocolate-blanco,https://staging.lacuisinedebernard.com/tarta-de-frambuesa-y-chocolate-blanco
https://www.lacuisinedebernard.com/tarta-de-frambuesa-y-chocolate-blanco/,https://staging.lacuisinedebernard.com/tarta-de-frambuesa-y-chocolate-blanco
https://lacuisinedebernard.com/pao-curto,https://staging.lacuisinedebernard.com/pao-curto
https://lacuisinedebernard.com/pao-curto/,https://staging.lacuisinedebernard.com/pao-curto
https://www.lacuisinedebernard.com/pao-curto,https://staging.lacuisinedebernard.com/pao-curto
https://www.lacuisinedebernard.com/pao-curto/,https://staging.lacuisinedebernard.com/pao-curto
https://lacuisinedebernard.com/%d9%84%d8%ad%d9%85-%d8%ae%d9%86%d8%b2%d9%8a%d8%b1-%d8%b3%d9%88%d8%aa%d9%8a%d9%87-%d9%85%d8%b9-%d9%81%d9%84%d9%81%d9%84-%d8%ad%d8%a7%d8%b1-%d9%85%d8%aa%d8%a8%d9%84,https://staging.lacuisinedebernard.com/%d9%84%d8%ad%d9%85-%d8%ae%d9%86%d8%b2%d9%8a%d8%b1-%d8%b3%d9%88%d8%aa%d9%8a%d9%87-%d9%85%d8%b9-%d9%81%d9%84%d9%81%d9%84-%d8%ad%d8%a7%d8%b1-%d9%85%d8%aa%d8%a8%d9%84
https://lacuisinedebernard.com/%d9%84%d8%ad%d9%85-%d8%ae%d9%86%d8%b2%d9%8a%d8%b1-%d8%b3%d9%88%d8%aa%d9%8a%d9%87-%d9%85%d8%b9-%d9%81%d9%84%d9%81%d9%84-%d8%ad%d8%a7%d8%b1-%d9%85%d8%aa%d8%a8%d9%84/,https://staging.lacuisinedebernard.com/%d9%84%d8%ad%d9%85-%d8%ae%d9%86%d8%b2%d9%8a%d8%b1-%d8%b3%d9%88%d8%aa%d9%8a%d9%87-%d9%85%d8%b9-%d9%81%d9%84%d9%81%d9%84-%d8%ad%d8%a7%d8%b1-%d9%85%d8%aa%d8%a8%d9%84
https://www.lacuisinedebernard.com/%d9%84%d8%ad%d9%85-%d8%ae%d9%86%d8%b2%d9%8a%d8%b1-%d8%b3%d9%88%d8%aa%d9%8a%d9%87-%d9%85%d8%b9-%d9%81%d9%84%d9%81%d9%84-%d8%ad%d8%a7%d8%b1-%d9%85%d8%aa%d8%a8%d9%84,https://staging.lacuisinedebernard.com/%d9%84%d8%ad%d9%85-%d8%ae%d9%86%d8%b2%d9%8a%d8%b1-%d8%b3%d9%88%d8%aa%d9%8a%d9%87-%d9%85%d8%b9-%d9%81%d9%84%d9%81%d9%84-%d8%ad%d8%a7%d8%b1-%d9%85%d8%aa%d8%a8%d9%84
https://www.lacuisinedebernard.com/%d9%84%d8%ad%d9%85-%d8%ae%d9%86%d8%b2%d9%8a%d8%b1-%d8%b3%d9%88%d8%aa%d9%8a%d9%87-%d9%85%d8%b9-%d9%81%d9%84%d9%81%d9%84-%d8%ad%d8%a7%d8%b1-%d9%85%d8%aa%d8%a8%d9%84/,https://staging.lacuisinedebernard.com/%d9%84%d8%ad%d9%85-%d8%ae%d9%86%d8%b2%d9%8a%d8%b1-%d8%b3%d9%88%d8%aa%d9%8a%d9%87-%d9%85%d8%b9-%d9%81%d9%84%d9%81%d9%84-%d8%ad%d8%a7%d8%b1-%d9%85%d8%aa%d8%a8%d9%84
https://lacuisinedebernard.com/chocolate-mousse,https://staging.lacuisinedebernard.com/chocolate-mousse
https://lacuisinedebernard.com/chocolate-mousse/,https://staging.lacuisinedebernard.com/chocolate-mousse
https://www.lacuisinedebernard.com/chocolate-mousse,https://staging.lacuisinedebernard.com/chocolate-mousse
https://www.lacuisinedebernard.com/chocolate-mousse/,https://staging.lacuisinedebernard.com/chocolate-mousse
https://lacuisinedebernard.com/%d8%b4%d9%88%d9%83%d9%88%d9%84%d8%a7%d8%aa%d8%a9-%d9%86%d8%b5%d9%81-%d9%85%d8%b7%d8%a8%d9%88%d8%ae%d8%a9,https://staging.lacuisinedebernard.com/%d8%b4%d9%88%d9%83%d9%88%d9%84%d8%a7%d8%aa%d8%a9-%d9%86%d8%b5%d9%81-%d9%85%d8%b7%d8%a8%d9%88%d8%ae%d8%a9
https://lacuisinedebernard.com/%d8%b4%d9%88%d9%83%d9%88%d9%84%d8%a7%d8%aa%d8%a9-%d9%86%d8%b5%d9%81-%d9%85%d8%b7%d8%a8%d9%88%d8%ae%d8%a9/,https://staging.lacuisinedebernard.com/%d8%b4%d9%88%d9%83%d9%88%d9%84%d8%a7%d8%aa%d8%a9-%d9%86%d8%b5%d9%81-%d9%85%d8%b7%d8%a8%d9%88%d8%ae%d8%a9
https://www.lacuisinedebernard.com/%d8%b4%d9%88%d9%83%d9%88%d9%84%d8%a7%d8%aa%d8%a9-%d9%86%d8%b5%d9%81-%d9%85%d8%b7%d8%a8%d9%88%d8%ae%d8%a9,https://staging.lacuisinedebernard.com/%d8%b4%d9%88%d9%83%d9%88%d9%84%d8%a7%d8%aa%d8%a9-%d9%86%d8%b5%d9%81-%d9%85%d8%b7%d8%a8%d9%88%d8%ae%d8%a9
https://www.lacuisinedebernard.com/%d8%b4%d9%88%d9%83%d9%88%d9%84%d8%a7%d8%aa%d8%a9-%d9%86%d8%b5%d9%81-%d9%85%d8%b7%d8%a8%d9%88%d8%ae%d8%a9/,https://staging.lacuisinedebernard.com/%d8%b4%d9%88%d9%83%d9%88%d9%84%d8%a7%d8%aa%d8%a9-%d9%86%d8%b5%d9%81-%d9%85%d8%b7%d8%a8%d9%88%d8%ae%d8%a9
https://lacuisinedebernard.com/cerdo-salteado-con-brotes-de-ajo,https://staging.lacuisinedebernard.com/cerdo-salteado-con-brotes-de-ajo
https://lacuisinedebernard.com/cerdo-salteado-con-brotes-de-ajo/,https://staging.lacuisinedebernard.com/cerdo-salteado-con-brotes-de-ajo
https://www.lacuisinedebernard.com/cerdo-salteado-con-brotes-de-ajo,https://staging.lacuisinedebernard.com/cerdo-salteado-con-brotes-de-ajo
https://www.lacuisinedebernard.com/cerdo-salteado-con-brotes-de-ajo/,https://staging.lacuisinedebernard.com/cerdo-salteado-con-brotes-de-ajo
https://lacuisinedebernard.com/carne-de-porco-vermelha-char-siu,https://staging.lacuisinedebernard.com/carne-de-porco-vermelha-char-siu
https://lacuisinedebernard.com/carne-de-porco-vermelha-char-siu/,https://staging.lacuisinedebernard.com/carne-de-porco-vermelha-char-siu
https://www.lacuisinedebernard.com/carne-de-porco-vermelha-char-siu,https://staging.lacuisinedebernard.com/carne-de-porco-vermelha-char-siu
https://www.lacuisinedebernard.com/carne-de-porco-vermelha-char-siu/,https://staging.lacuisinedebernard.com/carne-de-porco-vermelha-char-siu
https://lacuisinedebernard.com/%d9%83%d8%b1%d9%8a%d9%85%d8%a9-%d8%a8%d8%a7%d9%84%d8%b4%d9%83%d9%88%d9%84%d8%a7%d8%b7%d8%a9,https://staging.lacuisinedebernard.com/%d9%83%d8%b1%d9%8a%d9%85%d8%a9-%d8%a8%d8%a7%d9%84%d8%b4%d9%83%d9%88%d9%84%d8%a7%d8%b7%d8%a9
https://lacuisinedebernard.com/%d9%83%d8%b1%d9%8a%d9%85%d8%a9-%d8%a8%d8%a7%d9%84%d8%b4%d9%83%d9%88%d9%84%d8%a7%d8%b7%d8%a9/,https://staging.lacuisinedebernard.com/%d9%83%d8%b1%d9%8a%d9%85%d8%a9-%d8%a8%d8%a7%d9%84%d8%b4%d9%83%d9%88%d9%84%d8%a7%d8%b7%d8%a9
https://www.lacuisinedebernard.com/%d9%83%d8%b1%d9%8a%d9%85%d8%a9-%d8%a8%d8%a7%d9%84%d8%b4%d9%83%d9%88%d9%84%d8%a7%d8%b7%d8%a9,https://staging.lacuisinedebernard.com/%d9%83%d8%b1%d9%8a%d9%85%d8%a9-%d8%a8%d8%a7%d9%84%d8%b4%d9%83%d9%88%d9%84%d8%a7%d8%b7%d8%a9
https://www.lacuisinedebernard.com/%d9%83%d8%b1%d9%8a%d9%85%d8%a9-%d8%a8%d8%a7%d9%84%d8%b4%d9%83%d9%88%d9%84%d8%a7%d8%b7%d8%a9/,https://staging.lacuisinedebernard.com/%d9%83%d8%b1%d9%8a%d9%85%d8%a9-%d8%a8%d8%a7%d9%84%d8%b4%d9%83%d9%88%d9%84%d8%a7%d8%b7%d8%a9
https://lacuisinedebernard.com/shortbreads,https://staging.lacuisinedebernard.com/shortbreads
https://lacuisinedebernard.com/shortbreads/,https://staging.lacuisinedebernard.com/shortbreads
https://www.lacuisinedebernard.com/shortbreads,https://staging.lacuisinedebernard.com/shortbreads
https://www.lacuisinedebernard.com/shortbreads/,https://staging.lacuisinedebernard.com/shortbreads
https://lacuisinedebernard.com/torta-de-framboesa-e-chocolate-branco,https://staging.lacuisinedebernard.com/torta-de-framboesa-e-chocolate-branco
https://lacuisinedebernard.com/torta-de-framboesa-e-chocolate-branco/,https://staging.lacuisinedebernard.com/torta-de-framboesa-e-chocolate-branco
https://www.lacuisinedebernard.com/torta-de-framboesa-e-chocolate-branco,https://staging.lacuisinedebernard.com/torta-de-framboesa-e-chocolate-branco
https://www.lacuisinedebernard.com/torta-de-framboesa-e-chocolate-branco/,https://staging.lacuisinedebernard.com/torta-de-framboesa-e-chocolate-branco
https://lacuisinedebernard.com/pollo-kung-pao,https://staging.lacuisinedebernard.com/pollo-kung-pao
https://lacuisinedebernard.com/pollo-kung-pao/,https://staging.lacuisinedebernard.com/pollo-kung-pao
https://www.lacuisinedebernard.com/pollo-kung-pao,https://staging.lacuisinedebernard.com/pollo-kung-pao
https://www.lacuisinedebernard.com/pollo-kung-pao/,https://staging.lacuisinedebernard.com/pollo-kung-pao
https://lacuisinedebernard.com/espargos-com-molho-mousseline,https://staging.lacuisinedebernard.com/espargos-com-molho-mousseline
https://lacuisinedebernard.com/espargos-com-molho-mousseline/,https://staging.lacuisinedebernard.com/espargos-com-molho-mousseline
https://www.lacuisinedebernard.com/espargos-com-molho-mousseline,https://staging.lacuisinedebernard.com/espargos-com-molho-mousseline
https://www.lacuisinedebernard.com/espargos-com-molho-mousseline/,https://staging.lacuisinedebernard.com/espargos-com-molho-mousseline
https://lacuisinedebernard.com/bollos-de-shanghai-con-carne-de-cerdo-jugosa,https://staging.lacuisinedebernard.com/bollos-de-shanghai-con-carne-de-cerdo-jugosa
https://lacuisinedebernard.com/bollos-de-shanghai-con-carne-de-cerdo-jugosa/,https://staging.lacuisinedebernard.com/bollos-de-shanghai-con-carne-de-cerdo-jugosa
https://www.lacuisinedebernard.com/bollos-de-shanghai-con-carne-de-cerdo-jugosa,https://staging.lacuisinedebernard.com/bollos-de-shanghai-con-carne-de-cerdo-jugosa
https://www.lacuisinedebernard.com/bollos-de-shanghai-con-carne-de-cerdo-jugosa/,https://staging.lacuisinedebernard.com/bollos-de-shanghai-con-carne-de-cerdo-jugosa
https://lacuisinedebernard.com/paezinhos-de-porco-suculento-de-xangai,https://staging.lacuisinedebernard.com/paezinhos-de-porco-suculento-de-xangai
https://lacuisinedebernard.com/paezinhos-de-porco-suculento-de-xangai/,https://staging.lacuisinedebernard.com/paezinhos-de-porco-suculento-de-xangai
https://www.lacuisinedebernard.com/paezinhos-de-porco-suculento-de-xangai,https://staging.lacuisinedebernard.com/paezinhos-de-porco-suculento-de-xangai
https://www.lacuisinedebernard.com/paezinhos-de-porco-suculento-de-xangai/,https://staging.lacuisinedebernard.com/paezinhos-de-porco-suculento-de-xangai
https://lacuisinedebernard.com/basque-cake,https://staging.lacuisinedebernard.com/basque-cake
https://lacuisinedebernard.com/basque-cake/,https://staging.lacuisinedebernard.com/basque-cake
https://www.lacuisinedebernard.com/basque-cake,https://staging.lacuisinedebernard.com/basque-cake
https://www.lacuisinedebernard.com/basque-cake/,https://staging.lacuisinedebernard.com/basque-cake
https://lacuisinedebernard.com/%d9%83%d8%b9%d9%83%d8%a9-%d8%a7%d9%84%d8%a8%d8%a7%d8%b3%d9%83,https://staging.lacuisinedebernard.com/%d9%83%d8%b9%d9%83%d8%a9-%d8%a7%d9%84%d8%a8%d8%a7%d8%b3%d9%83
https://lacuisinedebernard.com/%d9%83%d8%b9%d9%83%d8%a9-%d8%a7%d9%84%d8%a8%d8%a7%d8%b3%d9%83/,https://staging.lacuisinedebernard.com/%d9%83%d8%b9%d9%83%d8%a9-%d8%a7%d9%84%d8%a8%d8%a7%d8%b3%d9%83
https://www.lacuisinedebernard.com/%d9%83%d8%b9%d9%83%d8%a9-%d8%a7%d9%84%d8%a8%d8%a7%d8%b3%d9%83,https://staging.lacuisinedebernard.com/%d9%83%d8%b9%d9%83%d8%a9-%d8%a7%d9%84%d8%a8%d8%a7%d8%b3%d9%83
https://www.lacuisinedebernard.com/%d9%83%d8%b9%d9%83%d8%a9-%d8%a7%d9%84%d8%a8%d8%a7%d8%b3%d9%83/,https://staging.lacuisinedebernard.com/%d9%83%d8%b9%d9%83%d8%a9-%d8%a7%d9%84%d8%a8%d8%a7%d8%b3%d9%83
https://lacuisinedebernard.com/shanghai-buns-with-juicy-pork,https://staging.lacuisinedebernard.com/shanghai-buns-with-juicy-pork
https://lacuisinedebernard.com/shanghai-buns-with-juicy-pork/,https://staging.lacuisinedebernard.com/shanghai-buns-with-juicy-pork
https://www.lacuisinedebernard.com/shanghai-buns-with-juicy-pork,https://staging.lacuisinedebernard.com/shanghai-buns-with-juicy-pork
https://www.lacuisinedebernard.com/shanghai-buns-with-juicy-pork/,https://staging.lacuisinedebernard.com/shanghai-buns-with-juicy-pork
https://lacuisinedebernard.com/cookies,https://staging.lacuisinedebernard.com/cookies
https://lacuisinedebernard.com/cookies/,https://staging.lacuisinedebernard.com/cookies
https://www.lacuisinedebernard.com/cookies,https://staging.lacuisinedebernard.com/cookies
https://www.lacuisinedebernard.com/cookies/,https://staging.lacuisinedebernard.com/cookies
https://lacuisinedebernard.com/pistachio-paste,https://staging.lacuisinedebernard.com/pistachio-paste
https://lacuisinedebernard.com/pistachio-paste/,https://staging.lacuisinedebernard.com/pistachio-paste
https://www.lacuisinedebernard.com/pistachio-paste,https://staging.lacuisinedebernard.com/pistachio-paste
https://www.lacuisinedebernard.com/pistachio-paste/,https://staging.lacuisinedebernard.com/pistachio-paste
https://lacuisinedebernard.com/praline-in-paste-and-praline-powder,https://staging.lacuisinedebernard.com/praline-in-paste-and-praline-powder
https://lacuisinedebernard.com/praline-in-paste-and-praline-powder/,https://staging.lacuisinedebernard.com/praline-in-paste-and-praline-powder
https://www.lacuisinedebernard.com/praline-in-paste-and-praline-powder,https://staging.lacuisinedebernard.com/praline-in-paste-and-praline-powder
https://www.lacuisinedebernard.com/praline-in-paste-and-praline-powder/,https://staging.lacuisinedebernard.com/praline-in-paste-and-praline-powder
https://lacuisinedebernard.com/caril-de-frango-tailandes-amarelo,https://staging.lacuisinedebernard.com/caril-de-frango-tailandes-amarelo
https://lacuisinedebernard.com/caril-de-frango-tailandes-amarelo/,https://staging.lacuisinedebernard.com/caril-de-frango-tailandes-amarelo
https://www.lacuisinedebernard.com/caril-de-frango-tailandes-amarelo,https://staging.lacuisinedebernard.com/caril-de-frango-tailandes-amarelo
https://www.lacuisinedebernard.com/caril-de-frango-tailandes-amarelo/,https://staging.lacuisinedebernard.com/caril-de-frango-tailandes-amarelo
https://lacuisinedebernard.com/%d8%a8%d8%b3%d9%83%d9%88%d9%8a%d8%aa,https://staging.lacuisinedebernard.com/%d8%a8%d8%b3%d9%83%d9%88%d9%8a%d8%aa
https://lacuisinedebernard.com/%d8%a8%d8%b3%d9%83%d9%88%d9%8a%d8%aa/,https://staging.lacuisinedebernard.com/%d8%a8%d8%b3%d9%83%d9%88%d9%8a%d8%aa
https://www.lacuisinedebernard.com/%d8%a8%d8%b3%d9%83%d9%88%d9%8a%d8%aa,https://staging.lacuisinedebernard.com/%d8%a8%d8%b3%d9%83%d9%88%d9%8a%d8%aa
https://www.lacuisinedebernard.com/%d8%a8%d8%b3%d9%83%d9%88%d9%8a%d8%aa/,https://staging.lacuisinedebernard.com/%d8%a8%d8%b3%d9%83%d9%88%d9%8a%d8%aa
https://lacuisinedebernard.com/bolinhos-de-amendoa-e-laranja,https://staging.lacuisinedebernard.com/bolinhos-de-amendoa-e-laranja
https://lacuisinedebernard.com/bolinhos-de-amendoa-e-laranja/,https://staging.lacuisinedebernard.com/bolinhos-de-amendoa-e-laranja
https://www.lacuisinedebernard.com/bolinhos-de-amendoa-e-laranja,https://staging.lacuisinedebernard.com/bolinhos-de-amendoa-e-laranja
https://www.lacuisinedebernard.com/bolinhos-de-amendoa-e-laranja/,https://staging.lacuisinedebernard.com/bolinhos-de-amendoa-e-laranja
https://lacuisinedebernard.com/%d8%a8%d8%b1%d8%a7%d9%84%d9%8a%d9%86-%d9%85%d8%b9%d8%ac%d9%88%d9%86-%d9%88%d9%85%d8%b3%d8%ad%d9%88%d9%82-%d8%a7%d9%84%d8%a8%d8%b1%d8%a7%d9%84%d9%8a%d9%86,https://staging.lacuisinedebernard.com/%d8%a8%d8%b1%d8%a7%d9%84%d9%8a%d9%86-%d9%85%d8%b9%d8%ac%d9%88%d9%86-%d9%88%d9%85%d8%b3%d8%ad%d9%88%d9%82-%d8%a7%d9%84%d8%a8%d8%b1%d8%a7%d9%84%d9%8a%d9%86
https://lacuisinedebernard.com/%d8%a8%d8%b1%d8%a7%d9%84%d9%8a%d9%86-%d9%85%d8%b9%d8%ac%d9%88%d9%86-%d9%88%d9%85%d8%b3%d8%ad%d9%88%d9%82-%d8%a7%d9%84%d8%a8%d8%b1%d8%a7%d9%84%d9%8a%d9%86/,https://staging.lacuisinedebernard.com/%d8%a8%d8%b1%d8%a7%d9%84%d9%8a%d9%86-%d9%85%d8%b9%d8%ac%d9%88%d9%86-%d9%88%d9%85%d8%b3%d8%ad%d9%88%d9%82-%d8%a7%d9%84%d8%a8%d8%b1%d8%a7%d9%84%d9%8a%d9%86
https://www.lacuisinedebernard.com/%d8%a8%d8%b1%d8%a7%d9%84%d9%8a%d9%86-%d9%85%d8%b9%d8%ac%d9%88%d9%86-%d9%88%d9%85%d8%b3%d8%ad%d9%88%d9%82-%d8%a7%d9%84%d8%a8%d8%b1%d8%a7%d9%84%d9%8a%d9%86,https://staging.lacuisinedebernard.com/%d8%a8%d8%b1%d8%a7%d9%84%d9%8a%d9%86-%d9%85%d8%b9%d8%ac%d9%88%d9%86-%d9%88%d9%85%d8%b3%d8%ad%d9%88%d9%82-%d8%a7%d9%84%d8%a8%d8%b1%d8%a7%d9%84%d9%8a%d9%86
https://www.lacuisinedebernard.com/%d8%a8%d8%b1%d8%a7%d9%84%d9%8a%d9%86-%d9%85%d8%b9%d8%ac%d9%88%d9%86-%d9%88%d9%85%d8%b3%d8%ad%d9%88%d9%82-%d8%a7%d9%84%d8%a8%d8%b1%d8%a7%d9%84%d9%8a%d9%86/,https://staging.lacuisinedebernard.com/%d8%a8%d8%b1%d8%a7%d9%84%d9%8a%d9%86-%d9%85%d8%b9%d8%ac%d9%88%d9%86-%d9%88%d9%85%d8%b3%d8%ad%d9%88%d9%82-%d8%a7%d9%84%d8%a8%d8%b1%d8%a7%d9%84%d9%8a%d9%86
https://lacuisinedebernard.com/yellow-thai-chicken-curry,https://staging.lacuisinedebernard.com/yellow-thai-chicken-curry
https://lacuisinedebernard.com/yellow-thai-chicken-curry/,https://staging.lacuisinedebernard.com/yellow-thai-chicken-curry
https://www.lacuisinedebernard.com/yellow-thai-chicken-curry,https://staging.lacuisinedebernard.com/yellow-thai-chicken-curry
https://www.lacuisinedebernard.com/yellow-thai-chicken-curry/,https://staging.lacuisinedebernard.com/yellow-thai-chicken-curry
https://lacuisinedebernard.com/%d8%b4%d8%b1%d8%a8%d8%a7%d8%aa-%d8%a7%d9%84%d8%b4%d9%88%d9%83%d9%88%d9%84%d8%a7%d8%aa%d8%a9,https://staging.lacuisinedebernard.com/%d8%b4%d8%b1%d8%a8%d8%a7%d8%aa-%d8%a7%d9%84%d8%b4%d9%88%d9%83%d9%88%d9%84%d8%a7%d8%aa%d8%a9
https://lacuisinedebernard.com/%d8%b4%d8%b1%d8%a8%d8%a7%d8%aa-%d8%a7%d9%84%d8%b4%d9%88%d9%83%d9%88%d9%84%d8%a7%d8%aa%d8%a9/,https://staging.lacuisinedebernard.com/%d8%b4%d8%b1%d8%a8%d8%a7%d8%aa-%d8%a7%d9%84%d8%b4%d9%88%d9%83%d9%88%d9%84%d8%a7%d8%aa%d8%a9
https://www.lacuisinedebernard.com/%d8%b4%d8%b1%d8%a8%d8%a7%d8%aa-%d8%a7%d9%84%d8%b4%d9%88%d9%83%d9%88%d9%84%d8%a7%d8%aa%d8%a9,https://staging.lacuisinedebernard.com/%d8%b4%d8%b1%d8%a8%d8%a7%d8%aa-%d8%a7%d9%84%d8%b4%d9%88%d9%83%d9%88%d9%84%d8%a7%d8%aa%d8%a9
https://www.lacuisinedebernard.com/%d8%b4%d8%b1%d8%a8%d8%a7%d8%aa-%d8%a7%d9%84%d8%b4%d9%88%d9%83%d9%88%d9%84%d8%a7%d8%aa%d8%a9/,https://staging.lacuisinedebernard.com/%d8%b4%d8%b1%d8%a8%d8%a7%d8%aa-%d8%a7%d9%84%d8%b4%d9%88%d9%83%d9%88%d9%84%d8%a7%d8%aa%d8%a9
https://lacuisinedebernard.com/hazelnut-paste,https://staging.lacuisinedebernard.com/hazelnut-paste
https://lacuisinedebernard.com/hazelnut-paste/,https://staging.lacuisinedebernard.com/hazelnut-paste
https://www.lacuisinedebernard.com/hazelnut-paste,https://staging.lacuisinedebernard.com/hazelnut-paste
https://www.lacuisinedebernard.com/hazelnut-paste/,https://staging.lacuisinedebernard.com/hazelnut-paste
https://lacuisinedebernard.com/almond-and-orange-dumplings,https://staging.lacuisinedebernard.com/almond-and-orange-dumplings
https://lacuisinedebernard.com/almond-and-orange-dumplings/,https://staging.lacuisinedebernard.com/almond-and-orange-dumplings
https://www.lacuisinedebernard.com/almond-and-orange-dumplings,https://staging.lacuisinedebernard.com/almond-and-orange-dumplings
https://www.lacuisinedebernard.com/almond-and-orange-dumplings/,https://staging.lacuisinedebernard.com/almond-and-orange-dumplings
https://lacuisinedebernard.com/%d9%83%d8%a7%d8%b1%d9%8a-%d8%a7%d9%84%d8%af%d8%ac%d8%a7%d8%ac-%d8%a7%d9%84%d8%a3%d8%b5%d9%81%d8%b1-%d8%a7%d9%84%d8%aa%d8%a7%d9%8a%d9%84%d8%a7%d9%86%d8%af%d9%8a,https://staging.lacuisinedebernard.com/%d9%83%d8%a7%d8%b1%d9%8a-%d8%a7%d9%84%d8%af%d8%ac%d8%a7%d8%ac-%d8%a7%d9%84%d8%a3%d8%b5%d9%81%d8%b1-%d8%a7%d9%84%d8%aa%d8%a7%d9%8a%d9%84%d8%a7%d9%86%d8%af%d9%8a
https://lacuisinedebernard.com/%d9%83%d8%a7%d8%b1%d9%8a-%d8%a7%d9%84%d8%af%d8%ac%d8%a7%d8%ac-%d8%a7%d9%84%d8%a3%d8%b5%d9%81%d8%b1-%d8%a7%d9%84%d8%aa%d8%a7%d9%8a%d9%84%d8%a7%d9%86%d8%af%d9%8a/,https://staging.lacuisinedebernard.com/%d9%83%d8%a7%d8%b1%d9%8a-%d8%a7%d9%84%d8%af%d8%ac%d8%a7%d8%ac-%d8%a7%d9%84%d8%a3%d8%b5%d9%81%d8%b1-%d8%a7%d9%84%d8%aa%d8%a7%d9%8a%d9%84%d8%a7%d9%86%d8%af%d9%8a
https://www.lacuisinedebernard.com/%d9%83%d8%a7%d8%b1%d9%8a-%d8%a7%d9%84%d8%af%d8%ac%d8%a7%d8%ac-%d8%a7%d9%84%d8%a3%d8%b5%d9%81%d8%b1-%d8%a7%d9%84%d8%aa%d8%a7%d9%8a%d9%84%d8%a7%d9%86%d8%af%d9%8a,https://staging.lacuisinedebernard.com/%d9%83%d8%a7%d8%b1%d9%8a-%d8%a7%d9%84%d8%af%d8%ac%d8%a7%d8%ac-%d8%a7%d9%84%d8%a3%d8%b5%d9%81%d8%b1-%d8%a7%d9%84%d8%aa%d8%a7%d9%8a%d9%84%d8%a7%d9%86%d8%af%d9%8a
https://www.lacuisinedebernard.com/%d9%83%d8%a7%d8%b1%d9%8a-%d8%a7%d9%84%d8%af%d8%ac%d8%a7%d8%ac-%d8%a7%d9%84%d8%a3%d8%b5%d9%81%d8%b1-%d8%a7%d9%84%d8%aa%d8%a7%d9%8a%d9%84%d8%a7%d9%86%d8%af%d9%8a/,https://staging.lacuisinedebernard.com/%d9%83%d8%a7%d8%b1%d9%8a-%d8%a7%d9%84%d8%af%d8%ac%d8%a7%d8%ac-%d8%a7%d9%84%d8%a3%d8%b5%d9%81%d8%b1-%d8%a7%d9%84%d8%aa%d8%a7%d9%8a%d9%84%d8%a7%d9%86%d8%af%d9%8a
https://lacuisinedebernard.com/coulis-de-framboesa,https://staging.lacuisinedebernard.com/coulis-de-framboesa
https://lacuisinedebernard.com/coulis-de-framboesa/,https://staging.lacuisinedebernard.com/coulis-de-framboesa
https://www.lacuisinedebernard.com/coulis-de-framboesa,https://staging.lacuisinedebernard.com/coulis-de-framboesa
https://www.lacuisinedebernard.com/coulis-de-framboesa/,https://staging.lacuisinedebernard.com/coulis-de-framboesa
https://lacuisinedebernard.com/galletas,https://staging.lacuisinedebernard.com/galletas
https://lacuisinedebernard.com/galletas/,https://staging.lacuisinedebernard.com/galletas
https://www.lacuisinedebernard.com/galletas,https://staging.lacuisinedebernard.com/galletas
https://www.lacuisinedebernard.com/galletas/,https://staging.lacuisinedebernard.com/galletas
https://lacuisinedebernard.com/%d8%a7%d9%84%d8%b9%d8%b5%d9%8a%d8%b1-%d9%84%d8%ad%d9%85-%d8%a7%d9%84%d8%ae%d9%86%d8%b2%d9%8a%d8%b1-%d8%b4%d9%86%d8%ba%d9%87%d8%a7%d9%8a-%d8%a7%d9%84%d9%83%d8%b9%d9%83,https://staging.lacuisinedebernard.com/%d8%a7%d9%84%d8%b9%d8%b5%d9%8a%d8%b1-%d9%84%d8%ad%d9%85-%d8%a7%d9%84%d8%ae%d9%86%d8%b2%d9%8a%d8%b1-%d8%b4%d9%86%d8%ba%d9%87%d8%a7%d9%8a-%d8%a7%d9%84%d9%83%d8%b9%d9%83
https://lacuisinedebernard.com/%d8%a7%d9%84%d8%b9%d8%b5%d9%8a%d8%b1-%d9%84%d8%ad%d9%85-%d8%a7%d9%84%d8%ae%d9%86%d8%b2%d9%8a%d8%b1-%d8%b4%d9%86%d8%ba%d9%87%d8%a7%d9%8a-%d8%a7%d9%84%d9%83%d8%b9%d9%83/,https://staging.lacuisinedebernard.com/%d8%a7%d9%84%d8%b9%d8%b5%d9%8a%d8%b1-%d9%84%d8%ad%d9%85-%d8%a7%d9%84%d8%ae%d9%86%d8%b2%d9%8a%d8%b1-%d8%b4%d9%86%d8%ba%d9%87%d8%a7%d9%8a-%d8%a7%d9%84%d9%83%d8%b9%d9%83
https://www.lacuisinedebernard.com/%d8%a7%d9%84%d8%b9%d8%b5%d9%8a%d8%b1-%d9%84%d8%ad%d9%85-%d8%a7%d9%84%d8%ae%d9%86%d8%b2%d9%8a%d8%b1-%d8%b4%d9%86%d8%ba%d9%87%d8%a7%d9%8a-%d8%a7%d9%84%d9%83%d8%b9%d9%83,https://staging.lacuisinedebernard.com/%d8%a7%d9%84%d8%b9%d8%b5%d9%8a%d8%b1-%d9%84%d8%ad%d9%85-%d8%a7%d9%84%d8%ae%d9%86%d8%b2%d9%8a%d8%b1-%d8%b4%d9%86%d8%ba%d9%87%d8%a7%d9%8a-%d8%a7%d9%84%d9%83%d8%b9%d9%83
https://www.lacuisinedebernard.com/%d8%a7%d9%84%d8%b9%d8%b5%d9%8a%d8%b1-%d9%84%d8%ad%d9%85-%d8%a7%d9%84%d8%ae%d9%86%d8%b2%d9%8a%d8%b1-%d8%b4%d9%86%d8%ba%d9%87%d8%a7%d9%8a-%d8%a7%d9%84%d9%83%d8%b9%d9%83/,https://staging.lacuisinedebernard.com/%d8%a7%d9%84%d8%b9%d8%b5%d9%8a%d8%b1-%d9%84%d8%ad%d9%85-%d8%a7%d9%84%d8%ae%d9%86%d8%b2%d9%8a%d8%b1-%d8%b4%d9%86%d8%ba%d9%87%d8%a7%d9%8a-%d8%a7%d9%84%d9%83%d8%b9%d9%83
https://lacuisinedebernard.com/pastel-vasco,https://staging.lacuisinedebernard.com/pastel-vasco
https://lacuisinedebernard.com/pastel-vasco/,https://staging.lacuisinedebernard.com/pastel-vasco
https://www.lacuisinedebernard.com/pastel-vasco,https://staging.lacuisinedebernard.com/pastel-vasco
https://www.lacuisinedebernard.com/pastel-vasco/,https://staging.lacuisinedebernard.com/pastel-vasco
https://lacuisinedebernard.com/pasta-de-pistacho,https://staging.lacuisinedebernard.com/pasta-de-pistacho
https://lacuisinedebernard.com/pasta-de-pistacho/,https://staging.lacuisinedebernard.com/pasta-de-pistacho
https://www.lacuisinedebernard.com/pasta-de-pistacho,https://staging.lacuisinedebernard.com/pasta-de-pistacho
https://www.lacuisinedebernard.com/pasta-de-pistacho/,https://staging.lacuisinedebernard.com/pasta-de-pistacho
https://lacuisinedebernard.com/praline-en-pasta-y-polvo-de-praline,https://staging.lacuisinedebernard.com/praline-en-pasta-y-polvo-de-praline
https://lacuisinedebernard.com/praline-en-pasta-y-polvo-de-praline/,https://staging.lacuisinedebernard.com/praline-en-pasta-y-polvo-de-praline
https://www.lacuisinedebernard.com/praline-en-pasta-y-polvo-de-praline,https://staging.lacuisinedebernard.com/praline-en-pasta-y-polvo-de-praline
https://www.lacuisinedebernard.com/praline-en-pasta-y-polvo-de-praline/,https://staging.lacuisinedebernard.com/praline-en-pasta-y-polvo-de-praline
https://lacuisinedebernard.com/praline-em-pasta-e-po-de-praline,https://staging.lacuisinedebernard.com/praline-em-pasta-e-po-de-praline
https://lacuisinedebernard.com/praline-em-pasta-e-po-de-praline/,https://staging.lacuisinedebernard.com/praline-em-pasta-e-po-de-praline
https://www.lacuisinedebernard.com/praline-em-pasta-e-po-de-praline,https://staging.lacuisinedebernard.com/praline-em-pasta-e-po-de-praline
https://www.lacuisinedebernard.com/praline-em-pasta-e-po-de-praline/,https://staging.lacuisinedebernard.com/praline-em-pasta-e-po-de-praline
https://lacuisinedebernard.com/biscoitos,https://staging.lacuisinedebernard.com/biscoitos
https://lacuisinedebernard.com/biscoitos/,https://staging.lacuisinedebernard.com/biscoitos
https://www.lacuisinedebernard.com/biscoitos,https://staging.lacuisinedebernard.com/biscoitos
https://www.lacuisinedebernard.com/biscoitos/,https://staging.lacuisinedebernard.com/biscoitos
https://lacuisinedebernard.com/pollo-al-curry-amarillo-tailandes,https://staging.lacuisinedebernard.com/pollo-al-curry-amarillo-tailandes
https://lacuisinedebernard.com/pollo-al-curry-amarillo-tailandes/,https://staging.lacuisinedebernard.com/pollo-al-curry-amarillo-tailandes
https://www.lacuisinedebernard.com/pollo-al-curry-amarillo-tailandes,https://staging.lacuisinedebernard.com/pollo-al-curry-amarillo-tailandes
https://www.lacuisinedebernard.com/pollo-al-curry-amarillo-tailandes/,https://staging.lacuisinedebernard.com/pollo-al-curry-amarillo-tailandes
https://lacuisinedebernard.com/%d8%b3%d9%88%d8%b3-%d8%a7%d9%84%d8%aa%d9%88%d8%aa,https://staging.lacuisinedebernard.com/%d8%b3%d9%88%d8%b3-%d8%a7%d9%84%d8%aa%d9%88%d8%aa
https://lacuisinedebernard.com/%d8%b3%d9%88%d8%b3-%d8%a7%d9%84%d8%aa%d9%88%d8%aa/,https://staging.lacuisinedebernard.com/%d8%b3%d9%88%d8%b3-%d8%a7%d9%84%d8%aa%d9%88%d8%aa
https://www.lacuisinedebernard.com/%d8%b3%d9%88%d8%b3-%d8%a7%d9%84%d8%aa%d9%88%d8%aa,https://staging.lacuisinedebernard.com/%d8%b3%d9%88%d8%b3-%d8%a7%d9%84%d8%aa%d9%88%d8%aa
https://www.lacuisinedebernard.com/%d8%b3%d9%88%d8%b3-%d8%a7%d9%84%d8%aa%d9%88%d8%aa/,https://staging.lacuisinedebernard.com/%d8%b3%d9%88%d8%b3-%d8%a7%d9%84%d8%aa%d9%88%d8%aa
https://lacuisinedebernard.com/bolo-basco,https://staging.lacuisinedebernard.com/bolo-basco
https://lacuisinedebernard.com/bolo-basco/,https://staging.lacuisinedebernard.com/bolo-basco
https://www.lacuisinedebernard.com/bolo-basco,https://staging.lacuisinedebernard.com/bolo-basco
https://www.lacuisinedebernard.com/bolo-basco/,https://staging.lacuisinedebernard.com/bolo-basco
https://lacuisinedebernard.com/pasta-de-pistacio,https://staging.lacuisinedebernard.com/pasta-de-pistacio
https://lacuisinedebernard.com/pasta-de-pistacio/,https://staging.lacuisinedebernard.com/pasta-de-pistacio
https://www.lacuisinedebernard.com/pasta-de-pistacio,https://staging.lacuisinedebernard.com/pasta-de-pistacio
https://www.lacuisinedebernard.com/pasta-de-pistacio/,https://staging.lacuisinedebernard.com/pasta-de-pistacio
https://lacuisinedebernard.com/albondigas-de-almendra-y-naranja,https://staging.lacuisinedebernard.com/albondigas-de-almendra-y-naranja
https://lacuisinedebernard.com/albondigas-de-almendra-y-naranja/,https://staging.lacuisinedebernard.com/albondigas-de-almendra-y-naranja
https://www.lacuisinedebernard.com/albondigas-de-almendra-y-naranja,https://staging.lacuisinedebernard.com/albondigas-de-almendra-y-naranja
https://www.lacuisinedebernard.com/albondigas-de-almendra-y-naranja/,https://staging.lacuisinedebernard.com/albondigas-de-almendra-y-naranja
https://lacuisinedebernard.com/a-farofa-de-janine,https://staging.lacuisinedebernard.com/a-farofa-de-janine
https://lacuisinedebernard.com/a-farofa-de-janine/,https://staging.lacuisinedebernard.com/a-farofa-de-janine
https://www.lacuisinedebernard.com/a-farofa-de-janine,https://staging.lacuisinedebernard.com/a-farofa-de-janine
https://www.lacuisinedebernard.com/a-farofa-de-janine/,https://staging.lacuisinedebernard.com/a-farofa-de-janine
https://lacuisinedebernard.com/pasta-de-avela,https://staging.lacuisinedebernard.com/pasta-de-avela
https://lacuisinedebernard.com/pasta-de-avela/,https://staging.lacuisinedebernard.com/pasta-de-avela
https://www.lacuisinedebernard.com/pasta-de-avela,https://staging.lacuisinedebernard.com/pasta-de-avela
https://www.lacuisinedebernard.com/pasta-de-avela/,https://staging.lacuisinedebernard.com/pasta-de-avela
https://lacuisinedebernard.com/%d8%a7%d9%84%d9%85%d9%85%d9%88%d9%84%d9%8a%d9%86-%d8%a8%d8%a7%d9%84%d9%81%d8%b3%d8%aa%d9%82,https://staging.lacuisinedebernard.com/%d8%a7%d9%84%d9%85%d9%85%d9%88%d9%84%d9%8a%d9%86-%d8%a8%d8%a7%d9%84%d9%81%d8%b3%d8%aa%d9%82
https://lacuisinedebernard.com/%d8%a7%d9%84%d9%85%d9%85%d9%88%d9%84%d9%8a%d9%86-%d8%a8%d8%a7%d9%84%d9%81%d8%b3%d8%aa%d9%82/,https://staging.lacuisinedebernard.com/%d8%a7%d9%84%d9%85%d9%85%d9%88%d9%84%d9%8a%d9%86-%d8%a8%d8%a7%d9%84%d9%81%d8%b3%d8%aa%d9%82
https://www.lacuisinedebernard.com/%d8%a7%d9%84%d9%85%d9%85%d9%88%d9%84%d9%8a%d9%86-%d8%a8%d8%a7%d9%84%d9%81%d8%b3%d8%aa%d9%82,https://staging.lacuisinedebernard.com/%d8%a7%d9%84%d9%85%d9%85%d9%88%d9%84%d9%8a%d9%86-%d8%a8%d8%a7%d9%84%d9%81%d8%b3%d8%aa%d9%82
https://www.lacuisinedebernard.com/%d8%a7%d9%84%d9%85%d9%85%d9%88%d9%84%d9%8a%d9%86-%d8%a8%d8%a7%d9%84%d9%81%d8%b3%d8%aa%d9%82/,https://staging.lacuisinedebernard.com/%d8%a7%d9%84%d9%85%d9%85%d9%88%d9%84%d9%8a%d9%86-%d8%a8%d8%a7%d9%84%d9%81%d8%b3%d8%aa%d9%82
https://lacuisinedebernard.com/%d8%b9%d8%ac%d9%8a%d9%86%d8%a9-%d8%a7%d9%84%d9%81%d8%b3%d8%aa%d9%82,https://staging.lacuisinedebernard.com/%d8%b9%d8%ac%d9%8a%d9%86%d8%a9-%d8%a7%d9%84%d9%81%d8%b3%d8%aa%d9%82
https://lacuisinedebernard.com/%d8%b9%d8%ac%d9%8a%d9%86%d8%a9-%d8%a7%d9%84%d9%81%d8%b3%d8%aa%d9%82/,https://staging.lacuisinedebernard.com/%d8%b9%d8%ac%d9%8a%d9%86%d8%a9-%d8%a7%d9%84%d9%81%d8%b3%d8%aa%d9%82
https://www.lacuisinedebernard.com/%d8%b9%d8%ac%d9%8a%d9%86%d8%a9-%d8%a7%d9%84%d9%81%d8%b3%d8%aa%d9%82,https://staging.lacuisinedebernard.com/%d8%b9%d8%ac%d9%8a%d9%86%d8%a9-%d8%a7%d9%84%d9%81%d8%b3%d8%aa%d9%82
https://www.lacuisinedebernard.com/%d8%b9%d8%ac%d9%8a%d9%86%d8%a9-%d8%a7%d9%84%d9%81%d8%b3%d8%aa%d9%82/,https://staging.lacuisinedebernard.com/%d8%b9%d8%ac%d9%8a%d9%86%d8%a9-%d8%a7%d9%84%d9%81%d8%b3%d8%aa%d9%82
https://lacuisinedebernard.com/pasta-de-avellanas,https://staging.lacuisinedebernard.com/pasta-de-avellanas
https://lacuisinedebernard.com/pasta-de-avellanas/,https://staging.lacuisinedebernard.com/pasta-de-avellanas
https://www.lacuisinedebernard.com/pasta-de-avellanas,https://staging.lacuisinedebernard.com/pasta-de-avellanas
https://www.lacuisinedebernard.com/pasta-de-avellanas/,https://staging.lacuisinedebernard.com/pasta-de-avellanas
https://lacuisinedebernard.com/%d9%83%d8%b1%d8%a7%d8%aa-%d8%a7%d9%84%d9%84%d8%ad%d9%85-%d8%a8%d8%a7%d9%84%d9%84%d9%88%d8%b2-%d9%88%d8%a7%d9%84%d8%a8%d8%b1%d8%aa%d9%82%d8%a7%d9%84,https://staging.lacuisinedebernard.com/%d9%83%d8%b1%d8%a7%d8%aa-%d8%a7%d9%84%d9%84%d8%ad%d9%85-%d8%a8%d8%a7%d9%84%d9%84%d9%88%d8%b2-%d9%88%d8%a7%d9%84%d8%a8%d8%b1%d8%aa%d9%82%d8%a7%d9%84
https://lacuisinedebernard.com/%d9%83%d8%b1%d8%a7%d8%aa-%d8%a7%d9%84%d9%84%d8%ad%d9%85-%d8%a8%d8%a7%d9%84%d9%84%d9%88%d8%b2-%d9%88%d8%a7%d9%84%d8%a8%d8%b1%d8%aa%d9%82%d8%a7%d9%84/,https://staging.lacuisinedebernard.com/%d9%83%d8%b1%d8%a7%d8%aa-%d8%a7%d9%84%d9%84%d8%ad%d9%85-%d8%a8%d8%a7%d9%84%d9%84%d9%88%d8%b2-%d9%88%d8%a7%d9%84%d8%a8%d8%b1%d8%aa%d9%82%d8%a7%d9%84
https://www.lacuisinedebernard.com/%d9%83%d8%b1%d8%a7%d8%aa-%d8%a7%d9%84%d9%84%d8%ad%d9%85-%d8%a8%d8%a7%d9%84%d9%84%d9%88%d8%b2-%d9%88%d8%a7%d9%84%d8%a8%d8%b1%d8%aa%d9%82%d8%a7%d9%84,https://staging.lacuisinedebernard.com/%d9%83%d8%b1%d8%a7%d8%aa-%d8%a7%d9%84%d9%84%d8%ad%d9%85-%d8%a8%d8%a7%d9%84%d9%84%d9%88%d8%b2-%d9%88%d8%a7%d9%84%d8%a8%d8%b1%d8%aa%d9%82%d8%a7%d9%84
https://www.lacuisinedebernard.com/%d9%83%d8%b1%d8%a7%d8%aa-%d8%a7%d9%84%d9%84%d8%ad%d9%85-%d8%a8%d8%a7%d9%84%d9%84%d9%88%d8%b2-%d9%88%d8%a7%d9%84%d8%a8%d8%b1%d8%aa%d9%82%d8%a7%d9%84/,https://staging.lacuisinedebernard.com/%d9%83%d8%b1%d8%a7%d8%aa-%d8%a7%d9%84%d9%84%d8%ad%d9%85-%d8%a8%d8%a7%d9%84%d9%84%d9%88%d8%b2-%d9%88%d8%a7%d9%84%d8%a8%d8%b1%d8%aa%d9%82%d8%a7%d9%84
https://lacuisinedebernard.com/pistachio-financiers,https://staging.lacuisinedebernard.com/pistachio-financiers
https://lacuisinedebernard.com/pistachio-financiers/,https://staging.lacuisinedebernard.com/pistachio-financiers
https://www.lacuisinedebernard.com/pistachio-financiers,https://staging.lacuisinedebernard.com/pistachio-financiers
https://www.lacuisinedebernard.com/pistachio-financiers/,https://staging.lacuisinedebernard.com/pistachio-financiers
https://lacuisinedebernard.com/farofa-de-janine,https://staging.lacuisinedebernard.com/farofa-de-janine
https://lacuisinedebernard.com/farofa-de-janine/,https://staging.lacuisinedebernard.com/farofa-de-janine
https://www.lacuisinedebernard.com/farofa-de-janine,https://staging.lacuisinedebernard.com/farofa-de-janine
https://www.lacuisinedebernard.com/farofa-de-janine/,https://staging.lacuisinedebernard.com/farofa-de-janine
https://lacuisinedebernard.com/%d8%ac%d8%a7%d9%86%d9%8a%d9%86-%d9%81%d8%a7%d8%b1%d9%88%d9%81%d8%a7,https://staging.lacuisinedebernard.com/%d8%ac%d8%a7%d9%86%d9%8a%d9%86-%d9%81%d8%a7%d8%b1%d9%88%d9%81%d8%a7
https://lacuisinedebernard.com/%d8%ac%d8%a7%d9%86%d9%8a%d9%86-%d9%81%d8%a7%d8%b1%d9%88%d9%81%d8%a7/,https://staging.lacuisinedebernard.com/%d8%ac%d8%a7%d9%86%d9%8a%d9%86-%d9%81%d8%a7%d8%b1%d9%88%d9%81%d8%a7
https://www.lacuisinedebernard.com/%d8%ac%d8%a7%d9%86%d9%8a%d9%86-%d9%81%d8%a7%d8%b1%d9%88%d9%81%d8%a7,https://staging.lacuisinedebernard.com/%d8%ac%d8%a7%d9%86%d9%8a%d9%86-%d9%81%d8%a7%d8%b1%d9%88%d9%81%d8%a7
https://www.lacuisinedebernard.com/%d8%ac%d8%a7%d9%86%d9%8a%d9%86-%d9%81%d8%a7%d8%b1%d9%88%d9%81%d8%a7/,https://staging.lacuisinedebernard.com/%d8%ac%d8%a7%d9%86%d9%8a%d9%86-%d9%81%d8%a7%d8%b1%d9%88%d9%81%d8%a7
https://lacuisinedebernard.com/%d9%85%d8%b9%d8%ac%d9%88%d9%86-%d8%a7%d9%84%d8%a8%d9%86%d8%af%d9%82,https://staging.lacuisinedebernard.com/%d9%85%d8%b9%d8%ac%d9%88%d9%86-%d8%a7%d9%84%d8%a8%d9%86%d8%af%d9%82
https://lacuisinedebernard.com/%d9%85%d8%b9%d8%ac%d9%88%d9%86-%d8%a7%d9%84%d8%a8%d9%86%d8%af%d9%82/,https://staging.lacuisinedebernard.com/%d9%85%d8%b9%d8%ac%d9%88%d9%86-%d8%a7%d9%84%d8%a8%d9%86%d8%af%d9%82
https://www.lacuisinedebernard.com/%d9%85%d8%b9%d8%ac%d9%88%d9%86-%d8%a7%d9%84%d8%a8%d9%86%d8%af%d9%82,https://staging.lacuisinedebernard.com/%d9%85%d8%b9%d8%ac%d9%88%d9%86-%d8%a7%d9%84%d8%a8%d9%86%d8%af%d9%82
https://www.lacuisinedebernard.com/%d9%85%d8%b9%d8%ac%d9%88%d9%86-%d8%a7%d9%84%d8%a8%d9%86%d8%af%d9%82/,https://staging.lacuisinedebernard.com/%d9%85%d8%b9%d8%ac%d9%88%d9%86-%d8%a7%d9%84%d8%a8%d9%86%d8%af%d9%82
https://lacuisinedebernard.com/financieros-del-pistacho,https://staging.lacuisinedebernard.com/financieros-del-pistacho
https://lacuisinedebernard.com/financieros-del-pistacho/,https://staging.lacuisinedebernard.com/financieros-del-pistacho
https://www.lacuisinedebernard.com/financieros-del-pistacho,https://staging.lacuisinedebernard.com/financieros-del-pistacho
https://www.lacuisinedebernard.com/financieros-del-pistacho/,https://staging.lacuisinedebernard.com/financieros-del-pistacho
https://lacuisinedebernard.com/janines-farofa,https://staging.lacuisinedebernard.com/janines-farofa
https://lacuisinedebernard.com/janines-farofa/,https://staging.lacuisinedebernard.com/janines-farofa
https://www.lacuisinedebernard.com/janines-farofa,https://staging.lacuisinedebernard.com/janines-farofa
https://www.lacuisinedebernard.com/janines-farofa/,https://staging.lacuisinedebernard.com/janines-farofa
https://lacuisinedebernard.com/moussaka-grega,https://staging.lacuisinedebernard.com/moussaka-grega
https://lacuisinedebernard.com/moussaka-grega/,https://staging.lacuisinedebernard.com/moussaka-grega
https://www.lacuisinedebernard.com/moussaka-grega,https://staging.lacuisinedebernard.com/moussaka-grega
https://www.lacuisinedebernard.com/moussaka-grega/,https://staging.lacuisinedebernard.com/moussaka-grega
https://lacuisinedebernard.com/moussaka-griega,https://staging.lacuisinedebernard.com/moussaka-griega
https://lacuisinedebernard.com/moussaka-griega/,https://staging.lacuisinedebernard.com/moussaka-griega
https://www.lacuisinedebernard.com/moussaka-griega,https://staging.lacuisinedebernard.com/moussaka-griega
https://www.lacuisinedebernard.com/moussaka-griega/,https://staging.lacuisinedebernard.com/moussaka-griega
https://lacuisinedebernard.com/greek-moussaka,https://staging.lacuisinedebernard.com/greek-moussaka
https://lacuisinedebernard.com/greek-moussaka/,https://staging.lacuisinedebernard.com/greek-moussaka
https://www.lacuisinedebernard.com/greek-moussaka,https://staging.lacuisinedebernard.com/greek-moussaka
https://www.lacuisinedebernard.com/greek-moussaka/,https://staging.lacuisinedebernard.com/greek-moussaka
https://lacuisinedebernard.com/%d9%85%d8%b3%d9%82%d8%b9%d8%a9-%d9%8a%d9%88%d9%86%d8%a7%d9%86%d9%8a%d8%a9,https://staging.lacuisinedebernard.com/%d9%85%d8%b3%d9%82%d8%b9%d8%a9-%d9%8a%d9%88%d9%86%d8%a7%d9%86%d9%8a%d8%a9
https://lacuisinedebernard.com/%d9%85%d8%b3%d9%82%d8%b9%d8%a9-%d9%8a%d9%88%d9%86%d8%a7%d9%86%d9%8a%d8%a9/,https://staging.lacuisinedebernard.com/%d9%85%d8%b3%d9%82%d8%b9%d8%a9-%d9%8a%d9%88%d9%86%d8%a7%d9%86%d9%8a%d8%a9
https://www.lacuisinedebernard.com/%d9%85%d8%b3%d9%82%d8%b9%d8%a9-%d9%8a%d9%88%d9%86%d8%a7%d9%86%d9%8a%d8%a9,https://staging.lacuisinedebernard.com/%d9%85%d8%b3%d9%82%d8%b9%d8%a9-%d9%8a%d9%88%d9%86%d8%a7%d9%86%d9%8a%d8%a9
https://www.lacuisinedebernard.com/%d9%85%d8%b3%d9%82%d8%b9%d8%a9-%d9%8a%d9%88%d9%86%d8%a7%d9%86%d9%8a%d8%a9/,https://staging.lacuisinedebernard.com/%d9%85%d8%b3%d9%82%d8%b9%d8%a9-%d9%8a%d9%88%d9%86%d8%a7%d9%86%d9%8a%d8%a9
https://lacuisinedebernard.com/%e5%8d%8a%e7%86%9f%e6%a9%99%e5%b7%a7%e5%85%8b%e5%8a%9b%e5%92%8c%e6%a0%b8%e6%a1%83,https://staging.lacuisinedebernard.com/%e5%8d%8a%e7%86%9f%e6%a9%99%e5%b7%a7%e5%85%8b%e5%8a%9b%e5%92%8c%e6%a0%b8%e6%a1%83
https://lacuisinedebernard.com/%e5%8d%8a%e7%86%9f%e6%a9%99%e5%b7%a7%e5%85%8b%e5%8a%9b%e5%92%8c%e6%a0%b8%e6%a1%83/,https://staging.lacuisinedebernard.com/%e5%8d%8a%e7%86%9f%e6%a9%99%e5%b7%a7%e5%85%8b%e5%8a%9b%e5%92%8c%e6%a0%b8%e6%a1%83
https://www.lacuisinedebernard.com/%e5%8d%8a%e7%86%9f%e6%a9%99%e5%b7%a7%e5%85%8b%e5%8a%9b%e5%92%8c%e6%a0%b8%e6%a1%83,https://staging.lacuisinedebernard.com/%e5%8d%8a%e7%86%9f%e6%a9%99%e5%b7%a7%e5%85%8b%e5%8a%9b%e5%92%8c%e6%a0%b8%e6%a1%83
https://www.lacuisinedebernard.com/%e5%8d%8a%e7%86%9f%e6%a9%99%e5%b7%a7%e5%85%8b%e5%8a%9b%e5%92%8c%e6%a0%b8%e6%a1%83/,https://staging.lacuisinedebernard.com/%e5%8d%8a%e7%86%9f%e6%a9%99%e5%b7%a7%e5%85%8b%e5%8a%9b%e5%92%8c%e6%a0%b8%e6%a1%83
https://lacuisinedebernard.com/bolo-de-rei-com-figos-e-nozes,https://staging.lacuisinedebernard.com/bolo-de-rei-com-figos-e-nozes
https://lacuisinedebernard.com/bolo-de-rei-com-figos-e-nozes/,https://staging.lacuisinedebernard.com/bolo-de-rei-com-figos-e-nozes
https://www.lacuisinedebernard.com/bolo-de-rei-com-figos-e-nozes,https://staging.lacuisinedebernard.com/bolo-de-rei-com-figos-e-nozes
https://www.lacuisinedebernard.com/bolo-de-rei-com-figos-e-nozes/,https://staging.lacuisinedebernard.com/bolo-de-rei-com-figos-e-nozes
https://lacuisinedebernard.com/pear-and-chocolate-galette-des-rois,https://staging.lacuisinedebernard.com/pear-and-chocolate-galette-des-rois
https://lacuisinedebernard.com/pear-and-chocolate-galette-des-rois/,https://staging.lacuisinedebernard.com/pear-and-chocolate-galette-des-rois
https://www.lacuisinedebernard.com/pear-and-chocolate-galette-des-rois,https://staging.lacuisinedebernard.com/pear-and-chocolate-galette-des-rois
https://www.lacuisinedebernard.com/pear-and-chocolate-galette-des-rois/,https://staging.lacuisinedebernard.com/pear-and-chocolate-galette-des-rois
https://lacuisinedebernard.com/hamburguesas-de-garbanzos-con-menta-cilantro-y-comino,https://staging.lacuisinedebernard.com/hamburguesas-de-garbanzos-con-menta-cilantro-y-comino
https://lacuisinedebernard.com/hamburguesas-de-garbanzos-con-menta-cilantro-y-comino/,https://staging.lacuisinedebernard.com/hamburguesas-de-garbanzos-con-menta-cilantro-y-comino
https://www.lacuisinedebernard.com/hamburguesas-de-garbanzos-con-menta-cilantro-y-comino,https://staging.lacuisinedebernard.com/hamburguesas-de-garbanzos-con-menta-cilantro-y-comino
https://www.lacuisinedebernard.com/hamburguesas-de-garbanzos-con-menta-cilantro-y-comino/,https://staging.lacuisinedebernard.com/hamburguesas-de-garbanzos-con-menta-cilantro-y-comino
https://lacuisinedebernard.com/rillettes-de-bacalao-fresco,https://staging.lacuisinedebernard.com/rillettes-de-bacalao-fresco
https://lacuisinedebernard.com/rillettes-de-bacalao-fresco/,https://staging.lacuisinedebernard.com/rillettes-de-bacalao-fresco
https://www.lacuisinedebernard.com/rillettes-de-bacalao-fresco,https://staging.lacuisinedebernard.com/rillettes-de-bacalao-fresco
https://www.lacuisinedebernard.com/rillettes-de-bacalao-fresco/,https://staging.lacuisinedebernard.com/rillettes-de-bacalao-fresco
https://lacuisinedebernard.com/%d8%a7%d9%84%d9%81%d8%a7%d8%ac%d9%88%d8%b1%d8%b3-%d9%85%d8%b9-%d9%86%d8%b4%d8%a7-%d8%a7%d9%84%d8%b0%d8%b1%d8%a9,https://staging.lacuisinedebernard.com/%d8%a7%d9%84%d9%81%d8%a7%d8%ac%d9%88%d8%b1%d8%b3-%d9%85%d8%b9-%d9%86%d8%b4%d8%a7-%d8%a7%d9%84%d8%b0%d8%b1%d8%a9
https://lacuisinedebernard.com/%d8%a7%d9%84%d9%81%d8%a7%d8%ac%d9%88%d8%b1%d8%b3-%d9%85%d8%b9-%d9%86%d8%b4%d8%a7-%d8%a7%d9%84%d8%b0%d8%b1%d8%a9/,https://staging.lacuisinedebernard.com/%d8%a7%d9%84%d9%81%d8%a7%d8%ac%d9%88%d8%b1%d8%b3-%d9%85%d8%b9-%d9%86%d8%b4%d8%a7-%d8%a7%d9%84%d8%b0%d8%b1%d8%a9
https://www.lacuisinedebernard.com/%d8%a7%d9%84%d9%81%d8%a7%d8%ac%d9%88%d8%b1%d8%b3-%d9%85%d8%b9-%d9%86%d8%b4%d8%a7-%d8%a7%d9%84%d8%b0%d8%b1%d8%a9,https://staging.lacuisinedebernard.com/%d8%a7%d9%84%d9%81%d8%a7%d8%ac%d9%88%d8%b1%d8%b3-%d9%85%d8%b9-%d9%86%d8%b4%d8%a7-%d8%a7%d9%84%d8%b0%d8%b1%d8%a9
https://www.lacuisinedebernard.com/%d8%a7%d9%84%d9%81%d8%a7%d8%ac%d9%88%d8%b1%d8%b3-%d9%85%d8%b9-%d9%86%d8%b4%d8%a7-%d8%a7%d9%84%d8%b0%d8%b1%d8%a9/,https://staging.lacuisinedebernard.com/%d8%a7%d9%84%d9%81%d8%a7%d8%ac%d9%88%d8%b1%d8%b3-%d9%85%d8%b9-%d9%86%d8%b4%d8%a7-%d8%a7%d9%84%d8%b0%d8%b1%d8%a9
https://lacuisinedebernard.com/mais-de-100-000-000-de-visitas-no-blogue,https://staging.lacuisinedebernard.com/mais-de-100-000-000-de-visitas-no-blogue
https://lacuisinedebernard.com/mais-de-100-000-000-de-visitas-no-blogue/,https://staging.lacuisinedebernard.com/mais-de-100-000-000-de-visitas-no-blogue
https://www.lacuisinedebernard.com/mais-de-100-000-000-de-visitas-no-blogue,https://staging.lacuisinedebernard.com/mais-de-100-000-000-de-visitas-no-blogue
https://www.lacuisinedebernard.com/mais-de-100-000-000-de-visitas-no-blogue/,https://staging.lacuisinedebernard.com/mais-de-100-000-000-de-visitas-no-blogue
https://lacuisinedebernard.com/kings-cake-with-figs-and-nuts,https://staging.lacuisinedebernard.com/kings-cake-with-figs-and-nuts
https://lacuisinedebernard.com/kings-cake-with-figs-and-nuts/,https://staging.lacuisinedebernard.com/kings-cake-with-figs-and-nuts
https://www.lacuisinedebernard.com/kings-cake-with-figs-and-nuts,https://staging.lacuisinedebernard.com/kings-cake-with-figs-and-nuts
https://www.lacuisinedebernard.com/kings-cake-with-figs-and-nuts/,https://staging.lacuisinedebernard.com/kings-cake-with-figs-and-nuts
https://lacuisinedebernard.com/riallettes-de-bacalhau-fresco,https://staging.lacuisinedebernard.com/riallettes-de-bacalhau-fresco
https://lacuisinedebernard.com/riallettes-de-bacalhau-fresco/,https://staging.lacuisinedebernard.com/riallettes-de-bacalhau-fresco
https://www.lacuisinedebernard.com/riallettes-de-bacalhau-fresco,https://staging.lacuisinedebernard.com/riallettes-de-bacalhau-fresco
https://www.lacuisinedebernard.com/riallettes-de-bacalhau-fresco/,https://staging.lacuisinedebernard.com/riallettes-de-bacalhau-fresco
https://lacuisinedebernard.com/patty-de-grao-de-bico-com-hortela-coentros-e-cominhos,https://staging.lacuisinedebernard.com/patty-de-grao-de-bico-com-hortela-coentros-e-cominhos
https://lacuisinedebernard.com/patty-de-grao-de-bico-com-hortela-coentros-e-cominhos/,https://staging.lacuisinedebernard.com/patty-de-grao-de-bico-com-hortela-coentros-e-cominhos
https://www.lacuisinedebernard.com/patty-de-grao-de-bico-com-hortela-coentros-e-cominhos,https://staging.lacuisinedebernard.com/patty-de-grao-de-bico-com-hortela-coentros-e-cominhos
https://www.lacuisinedebernard.com/patty-de-grao-de-bico-com-hortela-coentros-e-cominhos/,https://staging.lacuisinedebernard.com/patty-de-grao-de-bico-com-hortela-coentros-e-cominhos
https://lacuisinedebernard.com/%d8%a7%d9%84%d9%83%d9%85%d8%ab%d8%b1%d9%89-%d9%88%d8%a7%d9%84%d8%b4%d9%88%d9%83%d9%88%d9%84%d8%a7%d8%aa%d8%a9-galette-des-rois,https://staging.lacuisinedebernard.com/%d8%a7%d9%84%d9%83%d9%85%d8%ab%d8%b1%d9%89-%d9%88%d8%a7%d9%84%d8%b4%d9%88%d9%83%d9%88%d9%84%d8%a7%d8%aa%d8%a9-galette-des-rois
https://lacuisinedebernard.com/%d8%a7%d9%84%d9%83%d9%85%d8%ab%d8%b1%d9%89-%d9%88%d8%a7%d9%84%d8%b4%d9%88%d9%83%d9%88%d9%84%d8%a7%d8%aa%d8%a9-galette-des-rois/,https://staging.lacuisinedebernard.com/%d8%a7%d9%84%d9%83%d9%85%d8%ab%d8%b1%d9%89-%d9%88%d8%a7%d9%84%d8%b4%d9%88%d9%83%d9%88%d9%84%d8%a7%d8%aa%d8%a9-galette-des-rois
https://www.lacuisinedebernard.com/%d8%a7%d9%84%d9%83%d9%85%d8%ab%d8%b1%d9%89-%d9%88%d8%a7%d9%84%d8%b4%d9%88%d9%83%d9%88%d9%84%d8%a7%d8%aa%d8%a9-galette-des-rois,https://staging.lacuisinedebernard.com/%d8%a7%d9%84%d9%83%d9%85%d8%ab%d8%b1%d9%89-%d9%88%d8%a7%d9%84%d8%b4%d9%88%d9%83%d9%88%d9%84%d8%a7%d8%aa%d8%a9-galette-des-rois
https://www.lacuisinedebernard.com/%d8%a7%d9%84%d9%83%d9%85%d8%ab%d8%b1%d9%89-%d9%88%d8%a7%d9%84%d8%b4%d9%88%d9%83%d9%88%d9%84%d8%a7%d8%aa%d8%a9-galette-des-rois/,https://staging.lacuisinedebernard.com/%d8%a7%d9%84%d9%83%d9%85%d8%ab%d8%b1%d9%89-%d9%88%d8%a7%d9%84%d8%b4%d9%88%d9%83%d9%88%d9%84%d8%a7%d8%aa%d8%a9-galette-des-rois
https://lacuisinedebernard.com/more-than-100-000-000-visits-on-the-blog,https://staging.lacuisinedebernard.com/more-than-100-000-000-visits-on-the-blog
https://lacuisinedebernard.com/more-than-100-000-000-visits-on-the-blog/,https://staging.lacuisinedebernard.com/more-than-100-000-000-visits-on-the-blog
https://www.lacuisinedebernard.com/more-than-100-000-000-visits-on-the-blog,https://staging.lacuisinedebernard.com/more-than-100-000-000-visits-on-the-blog
https://www.lacuisinedebernard.com/more-than-100-000-000-visits-on-the-blog/,https://staging.lacuisinedebernard.com/more-than-100-000-000-visits-on-the-blog
https://lacuisinedebernard.com/nuevo-facebook-live-el-jueves-11-de-enero-a-las-1900-horas,https://staging.lacuisinedebernard.com/nuevo-facebook-live-el-jueves-11-de-enero-a-las-1900-horas
https://lacuisinedebernard.com/nuevo-facebook-live-el-jueves-11-de-enero-a-las-1900-horas/,https://staging.lacuisinedebernard.com/nuevo-facebook-live-el-jueves-11-de-enero-a-las-1900-horas
https://www.lacuisinedebernard.com/nuevo-facebook-live-el-jueves-11-de-enero-a-las-1900-horas,https://staging.lacuisinedebernard.com/nuevo-facebook-live-el-jueves-11-de-enero-a-las-1900-horas
https://www.lacuisinedebernard.com/nuevo-facebook-live-el-jueves-11-de-enero-a-las-1900-horas/,https://staging.lacuisinedebernard.com/nuevo-facebook-live-el-jueves-11-de-enero-a-las-1900-horas
https://lacuisinedebernard.com/fresh-cod-rillettes,https://staging.lacuisinedebernard.com/fresh-cod-rillettes
https://lacuisinedebernard.com/fresh-cod-rillettes/,https://staging.lacuisinedebernard.com/fresh-cod-rillettes
https://www.lacuisinedebernard.com/fresh-cod-rillettes,https://staging.lacuisinedebernard.com/fresh-cod-rillettes
https://www.lacuisinedebernard.com/fresh-cod-rillettes/,https://staging.lacuisinedebernard.com/fresh-cod-rillettes
https://lacuisinedebernard.com/chickpea-patties-with-mint-coriander-and-cumin,https://staging.lacuisinedebernard.com/chickpea-patties-with-mint-coriander-and-cumin
https://lacuisinedebernard.com/chickpea-patties-with-mint-coriander-and-cumin/,https://staging.lacuisinedebernard.com/chickpea-patties-with-mint-coriander-and-cumin
https://www.lacuisinedebernard.com/chickpea-patties-with-mint-coriander-and-cumin,https://staging.lacuisinedebernard.com/chickpea-patties-with-mint-coriander-and-cumin
https://www.lacuisinedebernard.com/chickpea-patties-with-mint-coriander-and-cumin/,https://staging.lacuisinedebernard.com/chickpea-patties-with-mint-coriander-and-cumin
https://lacuisinedebernard.com/%d8%ac%d8%a7%d9%84%d9%8a%d8%aa-%d8%af%d9%8a%d8%b3-%d8%b1%d9%88%d9%8a%d8%b3-%d9%85%d8%b9-%d8%a7%d9%84%d8%aa%d9%8a%d9%86-%d9%88%d8%a7%d9%84%d8%ac%d9%88%d8%b2,https://staging.lacuisinedebernard.com/%d8%ac%d8%a7%d9%84%d9%8a%d8%aa-%d8%af%d9%8a%d8%b3-%d8%b1%d9%88%d9%8a%d8%b3-%d9%85%d8%b9-%d8%a7%d9%84%d8%aa%d9%8a%d9%86-%d9%88%d8%a7%d9%84%d8%ac%d9%88%d8%b2
https://lacuisinedebernard.com/%d8%ac%d8%a7%d9%84%d9%8a%d8%aa-%d8%af%d9%8a%d8%b3-%d8%b1%d9%88%d9%8a%d8%b3-%d9%85%d8%b9-%d8%a7%d9%84%d8%aa%d9%8a%d9%86-%d9%88%d8%a7%d9%84%d8%ac%d9%88%d8%b2/,https://staging.lacuisinedebernard.com/%d8%ac%d8%a7%d9%84%d9%8a%d8%aa-%d8%af%d9%8a%d8%b3-%d8%b1%d9%88%d9%8a%d8%b3-%d9%85%d8%b9-%d8%a7%d9%84%d8%aa%d9%8a%d9%86-%d9%88%d8%a7%d9%84%d8%ac%d9%88%d8%b2
https://www.lacuisinedebernard.com/%d8%ac%d8%a7%d9%84%d9%8a%d8%aa-%d8%af%d9%8a%d8%b3-%d8%b1%d9%88%d9%8a%d8%b3-%d9%85%d8%b9-%d8%a7%d9%84%d8%aa%d9%8a%d9%86-%d9%88%d8%a7%d9%84%d8%ac%d9%88%d8%b2,https://staging.lacuisinedebernard.com/%d8%ac%d8%a7%d9%84%d9%8a%d8%aa-%d8%af%d9%8a%d8%b3-%d8%b1%d9%88%d9%8a%d8%b3-%d9%85%d8%b9-%d8%a7%d9%84%d8%aa%d9%8a%d9%86-%d9%88%d8%a7%d9%84%d8%ac%d9%88%d8%b2
https://www.lacuisinedebernard.com/%d8%ac%d8%a7%d9%84%d9%8a%d8%aa-%d8%af%d9%8a%d8%b3-%d8%b1%d9%88%d9%8a%d8%b3-%d9%85%d8%b9-%d8%a7%d9%84%d8%aa%d9%8a%d9%86-%d9%88%d8%a7%d9%84%d8%ac%d9%88%d8%b2/,https://staging.lacuisinedebernard.com/%d8%ac%d8%a7%d9%84%d9%8a%d8%aa-%d8%af%d9%8a%d8%b3-%d8%b1%d9%88%d9%8a%d8%b3-%d9%85%d8%b9-%d8%a7%d9%84%d8%aa%d9%8a%d9%86-%d9%88%d8%a7%d9%84%d8%ac%d9%88%d8%b2
https://lacuisinedebernard.com/alfajores-con-harina-de-maiz,https://staging.lacuisinedebernard.com/alfajores-con-harina-de-maiz
https://lacuisinedebernard.com/alfajores-con-harina-de-maiz/,https://staging.lacuisinedebernard.com/alfajores-con-harina-de-maiz
https://www.lacuisinedebernard.com/alfajores-con-harina-de-maiz,https://staging.lacuisinedebernard.com/alfajores-con-harina-de-maiz
https://www.lacuisinedebernard.com/alfajores-con-harina-de-maiz/,https://staging.lacuisinedebernard.com/alfajores-con-harina-de-maiz
https://lacuisinedebernard.com/%d8%a3%d9%83%d8%ab%d8%b1-%d9%85%d9%86-100%d8%8c000%d8%8c000-%d8%b2%d9%8a%d8%a7%d8%b1%d8%a9-%d8%b9%d9%84%d9%89-%d8%a7%d9%84%d9%85%d8%af%d9%88%d9%86%d8%a9,https://staging.lacuisinedebernard.com/%d8%a3%d9%83%d8%ab%d8%b1-%d9%85%d9%86-100%d8%8c000%d8%8c000-%d8%b2%d9%8a%d8%a7%d8%b1%d8%a9-%d8%b9%d9%84%d9%89-%d8%a7%d9%84%d9%85%d8%af%d9%88%d9%86%d8%a9
https://lacuisinedebernard.com/%d8%a3%d9%83%d8%ab%d8%b1-%d9%85%d9%86-100%d8%8c000%d8%8c000-%d8%b2%d9%8a%d8%a7%d8%b1%d8%a9-%d8%b9%d9%84%d9%89-%d8%a7%d9%84%d9%85%d8%af%d9%88%d9%86%d8%a9/,https://staging.lacuisinedebernard.com/%d8%a3%d9%83%d8%ab%d8%b1-%d9%85%d9%86-100%d8%8c000%d8%8c000-%d8%b2%d9%8a%d8%a7%d8%b1%d8%a9-%d8%b9%d9%84%d9%89-%d8%a7%d9%84%d9%85%d8%af%d9%88%d9%86%d8%a9
https://www.lacuisinedebernard.com/%d8%a3%d9%83%d8%ab%d8%b1-%d9%85%d9%86-100%d8%8c000%d8%8c000-%d8%b2%d9%8a%d8%a7%d8%b1%d8%a9-%d8%b9%d9%84%d9%89-%d8%a7%d9%84%d9%85%d8%af%d9%88%d9%86%d8%a9,https://staging.lacuisinedebernard.com/%d8%a3%d9%83%d8%ab%d8%b1-%d9%85%d9%86-100%d8%8c000%d8%8c000-%d8%b2%d9%8a%d8%a7%d8%b1%d8%a9-%d8%b9%d9%84%d9%89-%d8%a7%d9%84%d9%85%d8%af%d9%88%d9%86%d8%a9
https://www.lacuisinedebernard.com/%d8%a3%d9%83%d8%ab%d8%b1-%d9%85%d9%86-100%d8%8c000%d8%8c000-%d8%b2%d9%8a%d8%a7%d8%b1%d8%a9-%d8%b9%d9%84%d9%89-%d8%a7%d9%84%d9%85%d8%af%d9%88%d9%86%d8%a9/,https://staging.lacuisinedebernard.com/%d8%a3%d9%83%d8%ab%d8%b1-%d9%85%d9%86-100%d8%8c000%d8%8c000-%d8%b2%d9%8a%d8%a7%d8%b1%d8%a9-%d8%b9%d9%84%d9%89-%d8%a7%d9%84%d9%85%d8%af%d9%88%d9%86%d8%a9
https://lacuisinedebernard.com/novo-facebook-em-directo-na-quinta-feira-11-de-janeiro-as-19h,https://staging.lacuisinedebernard.com/novo-facebook-em-directo-na-quinta-feira-11-de-janeiro-as-19h
https://lacuisinedebernard.com/novo-facebook-em-directo-na-quinta-feira-11-de-janeiro-as-19h/,https://staging.lacuisinedebernard.com/novo-facebook-em-directo-na-quinta-feira-11-de-janeiro-as-19h
https://www.lacuisinedebernard.com/novo-facebook-em-directo-na-quinta-feira-11-de-janeiro-as-19h,https://staging.lacuisinedebernard.com/novo-facebook-em-directo-na-quinta-feira-11-de-janeiro-as-19h
https://www.lacuisinedebernard.com/novo-facebook-em-directo-na-quinta-feira-11-de-janeiro-as-19h/,https://staging.lacuisinedebernard.com/novo-facebook-em-directo-na-quinta-feira-11-de-janeiro-as-19h
https://lacuisinedebernard.com/%d8%b1%d9%8a%d9%84%d9%8a%d8%aa%d8%b3-%d8%a7%d9%84%d9%82%d8%af-%d8%a7%d9%84%d8%b7%d8%a7%d8%b2%d8%ac,https://staging.lacuisinedebernard.com/%d8%b1%d9%8a%d9%84%d9%8a%d8%aa%d8%b3-%d8%a7%d9%84%d9%82%d8%af-%d8%a7%d9%84%d8%b7%d8%a7%d8%b2%d8%ac
https://lacuisinedebernard.com/%d8%b1%d9%8a%d9%84%d9%8a%d8%aa%d8%b3-%d8%a7%d9%84%d9%82%d8%af-%d8%a7%d9%84%d8%b7%d8%a7%d8%b2%d8%ac/,https://staging.lacuisinedebernard.com/%d8%b1%d9%8a%d9%84%d9%8a%d8%aa%d8%b3-%d8%a7%d9%84%d9%82%d8%af-%d8%a7%d9%84%d8%b7%d8%a7%d8%b2%d8%ac
https://www.lacuisinedebernard.com/%d8%b1%d9%8a%d9%84%d9%8a%d8%aa%d8%b3-%d8%a7%d9%84%d9%82%d8%af-%d8%a7%d9%84%d8%b7%d8%a7%d8%b2%d8%ac,https://staging.lacuisinedebernard.com/%d8%b1%d9%8a%d9%84%d9%8a%d8%aa%d8%b3-%d8%a7%d9%84%d9%82%d8%af-%d8%a7%d9%84%d8%b7%d8%a7%d8%b2%d8%ac
https://www.lacuisinedebernard.com/%d8%b1%d9%8a%d9%84%d9%8a%d8%aa%d8%b3-%d8%a7%d9%84%d9%82%d8%af-%d8%a7%d9%84%d8%b7%d8%a7%d8%b2%d8%ac/,https://staging.lacuisinedebernard.com/%d8%b1%d9%8a%d9%84%d9%8a%d8%aa%d8%b3-%d8%a7%d9%84%d9%82%d8%af-%d8%a7%d9%84%d8%b7%d8%a7%d8%b2%d8%ac
https://lacuisinedebernard.com/galette-des-rois-de-pera-y-chocolate,https://staging.lacuisinedebernard.com/galette-des-rois-de-pera-y-chocolate
https://lacuisinedebernard.com/galette-des-rois-de-pera-y-chocolate/,https://staging.lacuisinedebernard.com/galette-des-rois-de-pera-y-chocolate
https://www.lacuisinedebernard.com/galette-des-rois-de-pera-y-chocolate,https://staging.lacuisinedebernard.com/galette-des-rois-de-pera-y-chocolate
https://www.lacuisinedebernard.com/galette-des-rois-de-pera-y-chocolate/,https://staging.lacuisinedebernard.com/galette-des-rois-de-pera-y-chocolate
https://lacuisinedebernard.com/%d9%81%d8%b7%d8%a7%d8%a6%d8%b1-%d8%a7%d9%84%d8%ad%d9%85%d8%b5-%d9%88%d8%a7%d9%84%d9%86%d8%b9%d9%86%d8%a7%d8%b9-%d9%88%d8%a7%d9%84%d9%83%d8%b2%d8%a8%d8%b1%d8%a9-%d9%88%d8%a7%d9%84%d9%83%d9%85%d9%88,https://staging.lacuisinedebernard.com/%d9%81%d8%b7%d8%a7%d8%a6%d8%b1-%d8%a7%d9%84%d8%ad%d9%85%d8%b5-%d9%88%d8%a7%d9%84%d9%86%d8%b9%d9%86%d8%a7%d8%b9-%d9%88%d8%a7%d9%84%d9%83%d8%b2%d8%a8%d8%b1%d8%a9-%d9%88%d8%a7%d9%84%d9%83%d9%85%d9%88
https://lacuisinedebernard.com/%d9%81%d8%b7%d8%a7%d8%a6%d8%b1-%d8%a7%d9%84%d8%ad%d9%85%d8%b5-%d9%88%d8%a7%d9%84%d9%86%d8%b9%d9%86%d8%a7%d8%b9-%d9%88%d8%a7%d9%84%d9%83%d8%b2%d8%a8%d8%b1%d8%a9-%d9%88%d8%a7%d9%84%d9%83%d9%85%d9%88/,https://staging.lacuisinedebernard.com/%d9%81%d8%b7%d8%a7%d8%a6%d8%b1-%d8%a7%d9%84%d8%ad%d9%85%d8%b5-%d9%88%d8%a7%d9%84%d9%86%d8%b9%d9%86%d8%a7%d8%b9-%d9%88%d8%a7%d9%84%d9%83%d8%b2%d8%a8%d8%b1%d8%a9-%d9%88%d8%a7%d9%84%d9%83%d9%85%d9%88
https://www.lacuisinedebernard.com/%d9%81%d8%b7%d8%a7%d8%a6%d8%b1-%d8%a7%d9%84%d8%ad%d9%85%d8%b5-%d9%88%d8%a7%d9%84%d9%86%d8%b9%d9%86%d8%a7%d8%b9-%d9%88%d8%a7%d9%84%d9%83%d8%b2%d8%a8%d8%b1%d8%a9-%d9%88%d8%a7%d9%84%d9%83%d9%85%d9%88,https://staging.lacuisinedebernard.com/%d9%81%d8%b7%d8%a7%d8%a6%d8%b1-%d8%a7%d9%84%d8%ad%d9%85%d8%b5-%d9%88%d8%a7%d9%84%d9%86%d8%b9%d9%86%d8%a7%d8%b9-%d9%88%d8%a7%d9%84%d9%83%d8%b2%d8%a8%d8%b1%d8%a9-%d9%88%d8%a7%d9%84%d9%83%d9%85%d9%88
https://www.lacuisinedebernard.com/%d9%81%d8%b7%d8%a7%d8%a6%d8%b1-%d8%a7%d9%84%d8%ad%d9%85%d8%b5-%d9%88%d8%a7%d9%84%d9%86%d8%b9%d9%86%d8%a7%d8%b9-%d9%88%d8%a7%d9%84%d9%83%d8%b2%d8%a8%d8%b1%d8%a9-%d9%88%d8%a7%d9%84%d9%83%d9%85%d9%88/,https://staging.lacuisinedebernard.com/%d9%81%d8%b7%d8%a7%d8%a6%d8%b1-%d8%a7%d9%84%d8%ad%d9%85%d8%b5-%d9%88%d8%a7%d9%84%d9%86%d8%b9%d9%86%d8%a7%d8%b9-%d9%88%d8%a7%d9%84%d9%83%d8%b2%d8%a8%d8%b1%d8%a9-%d9%88%d8%a7%d9%84%d9%83%d9%85%d9%88
https://lacuisinedebernard.com/alfajores-com-farinha-de-milho,https://staging.lacuisinedebernard.com/alfajores-com-farinha-de-milho
https://lacuisinedebernard.com/alfajores-com-farinha-de-milho/,https://staging.lacuisinedebernard.com/alfajores-com-farinha-de-milho
https://www.lacuisinedebernard.com/alfajores-com-farinha-de-milho,https://staging.lacuisinedebernard.com/alfajores-com-farinha-de-milho
https://www.lacuisinedebernard.com/alfajores-com-farinha-de-milho/,https://staging.lacuisinedebernard.com/alfajores-com-farinha-de-milho
https://lacuisinedebernard.com/new-facebook-live-on-thursday-january-11th-at-7pm,https://staging.lacuisinedebernard.com/new-facebook-live-on-thursday-january-11th-at-7pm
https://lacuisinedebernard.com/new-facebook-live-on-thursday-january-11th-at-7pm/,https://staging.lacuisinedebernard.com/new-facebook-live-on-thursday-january-11th-at-7pm
https://www.lacuisinedebernard.com/new-facebook-live-on-thursday-january-11th-at-7pm,https://staging.lacuisinedebernard.com/new-facebook-live-on-thursday-january-11th-at-7pm
https://www.lacuisinedebernard.com/new-facebook-live-on-thursday-january-11th-at-7pm/,https://staging.lacuisinedebernard.com/new-facebook-live-on-thursday-january-11th-at-7pm
https://lacuisinedebernard.com/facebook-live-el-miercoles-17-de-enero-a-las-1900-horas,https://staging.lacuisinedebernard.com/facebook-live-el-miercoles-17-de-enero-a-las-1900-horas
https://lacuisinedebernard.com/facebook-live-el-miercoles-17-de-enero-a-las-1900-horas/,https://staging.lacuisinedebernard.com/facebook-live-el-miercoles-17-de-enero-a-las-1900-horas
https://www.lacuisinedebernard.com/facebook-live-el-miercoles-17-de-enero-a-las-1900-horas,https://staging.lacuisinedebernard.com/facebook-live-el-miercoles-17-de-enero-a-las-1900-horas
https://www.lacuisinedebernard.com/facebook-live-el-miercoles-17-de-enero-a-las-1900-horas/,https://staging.lacuisinedebernard.com/facebook-live-el-miercoles-17-de-enero-a-las-1900-horas
https://lacuisinedebernard.com/roscon-de-reyes-con-higos-y-nueces,https://staging.lacuisinedebernard.com/roscon-de-reyes-con-higos-y-nueces
https://lacuisinedebernard.com/roscon-de-reyes-con-higos-y-nueces/,https://staging.lacuisinedebernard.com/roscon-de-reyes-con-higos-y-nueces
https://www.lacuisinedebernard.com/roscon-de-reyes-con-higos-y-nueces,https://staging.lacuisinedebernard.com/roscon-de-reyes-con-higos-y-nueces
https://www.lacuisinedebernard.com/roscon-de-reyes-con-higos-y-nueces/,https://staging.lacuisinedebernard.com/roscon-de-reyes-con-higos-y-nueces
https://lacuisinedebernard.com/alfajores-with-cornflour,https://staging.lacuisinedebernard.com/alfajores-with-cornflour
https://lacuisinedebernard.com/alfajores-with-cornflour/,https://staging.lacuisinedebernard.com/alfajores-with-cornflour
https://www.lacuisinedebernard.com/alfajores-with-cornflour,https://staging.lacuisinedebernard.com/alfajores-with-cornflour
https://www.lacuisinedebernard.com/alfajores-with-cornflour/,https://staging.lacuisinedebernard.com/alfajores-with-cornflour
https://lacuisinedebernard.com/%d8%a8%d8%ab-%d9%85%d8%a8%d8%a7%d8%b4%d8%b1-%d8%ac%d8%af%d9%8a%d8%af-%d9%84%d9%81%d9%8a%d8%b3%d8%a8%d9%88%d9%83-%d8%a7%d9%84%d8%ae%d9%85%d9%8a%d8%b3-%d8%8c-11-%d9%8a%d9%86%d8%a7%d9%8a%d8%b1-%d8%8c,https://staging.lacuisinedebernard.com/%d8%a8%d8%ab-%d9%85%d8%a8%d8%a7%d8%b4%d8%b1-%d8%ac%d8%af%d9%8a%d8%af-%d9%84%d9%81%d9%8a%d8%b3%d8%a8%d9%88%d9%83-%d8%a7%d9%84%d8%ae%d9%85%d9%8a%d8%b3-%d8%8c-11-%d9%8a%d9%86%d8%a7%d9%8a%d8%b1-%d8%8c
https://lacuisinedebernard.com/%d8%a8%d8%ab-%d9%85%d8%a8%d8%a7%d8%b4%d8%b1-%d8%ac%d8%af%d9%8a%d8%af-%d9%84%d9%81%d9%8a%d8%b3%d8%a8%d9%88%d9%83-%d8%a7%d9%84%d8%ae%d9%85%d9%8a%d8%b3-%d8%8c-11-%d9%8a%d9%86%d8%a7%d9%8a%d8%b1-%d8%8c/,https://staging.lacuisinedebernard.com/%d8%a8%d8%ab-%d9%85%d8%a8%d8%a7%d8%b4%d8%b1-%d8%ac%d8%af%d9%8a%d8%af-%d9%84%d9%81%d9%8a%d8%b3%d8%a8%d9%88%d9%83-%d8%a7%d9%84%d8%ae%d9%85%d9%8a%d8%b3-%d8%8c-11-%d9%8a%d9%86%d8%a7%d9%8a%d8%b1-%d8%8c
https://www.lacuisinedebernard.com/%d8%a8%d8%ab-%d9%85%d8%a8%d8%a7%d8%b4%d8%b1-%d8%ac%d8%af%d9%8a%d8%af-%d9%84%d9%81%d9%8a%d8%b3%d8%a8%d9%88%d9%83-%d8%a7%d9%84%d8%ae%d9%85%d9%8a%d8%b3-%d8%8c-11-%d9%8a%d9%86%d8%a7%d9%8a%d8%b1-%d8%8c,https://staging.lacuisinedebernard.com/%d8%a8%d8%ab-%d9%85%d8%a8%d8%a7%d8%b4%d8%b1-%d8%ac%d8%af%d9%8a%d8%af-%d9%84%d9%81%d9%8a%d8%b3%d8%a8%d9%88%d9%83-%d8%a7%d9%84%d8%ae%d9%85%d9%8a%d8%b3-%d8%8c-11-%d9%8a%d9%86%d8%a7%d9%8a%d8%b1-%d8%8c
https://www.lacuisinedebernard.com/%d8%a8%d8%ab-%d9%85%d8%a8%d8%a7%d8%b4%d8%b1-%d8%ac%d8%af%d9%8a%d8%af-%d9%84%d9%81%d9%8a%d8%b3%d8%a8%d9%88%d9%83-%d8%a7%d9%84%d8%ae%d9%85%d9%8a%d8%b3-%d8%8c-11-%d9%8a%d9%86%d8%a7%d9%8a%d8%b1-%d8%8c/,https://staging.lacuisinedebernard.com/%d8%a8%d8%ab-%d9%85%d8%a8%d8%a7%d8%b4%d8%b1-%d8%ac%d8%af%d9%8a%d8%af-%d9%84%d9%81%d9%8a%d8%b3%d8%a8%d9%88%d9%83-%d8%a7%d9%84%d8%ae%d9%85%d9%8a%d8%b3-%d8%8c-11-%d9%8a%d9%86%d8%a7%d9%8a%d8%b1-%d8%8c
https://lacuisinedebernard.com/galette-des-rois-de-pera-e-chocolate,https://staging.lacuisinedebernard.com/galette-des-rois-de-pera-e-chocolate
https://lacuisinedebernard.com/galette-des-rois-de-pera-e-chocolate/,https://staging.lacuisinedebernard.com/galette-des-rois-de-pera-e-chocolate
https://www.lacuisinedebernard.com/galette-des-rois-de-pera-e-chocolate,https://staging.lacuisinedebernard.com/galette-des-rois-de-pera-e-chocolate
https://www.lacuisinedebernard.com/galette-des-rois-de-pera-e-chocolate/,https://staging.lacuisinedebernard.com/galette-des-rois-de-pera-e-chocolate
https://lacuisinedebernard.com/mas-de-100-000-000-visitas-en-el-blog,https://staging.lacuisinedebernard.com/mas-de-100-000-000-visitas-en-el-blog
https://lacuisinedebernard.com/mas-de-100-000-000-visitas-en-el-blog/,https://staging.lacuisinedebernard.com/mas-de-100-000-000-visitas-en-el-blog
https://www.lacuisinedebernard.com/mas-de-100-000-000-visitas-en-el-blog,https://staging.lacuisinedebernard.com/mas-de-100-000-000-visitas-en-el-blog
https://www.lacuisinedebernard.com/mas-de-100-000-000-visitas-en-el-blog/,https://staging.lacuisinedebernard.com/mas-de-100-000-000-visitas-en-el-blog
https://lacuisinedebernard.com/facebook-ao-vivo-na-quarta-feira-17-de-janeiro-as-19h,https://staging.lacuisinedebernard.com/facebook-ao-vivo-na-quarta-feira-17-de-janeiro-as-19h
https://lacuisinedebernard.com/facebook-ao-vivo-na-quarta-feira-17-de-janeiro-as-19h/,https://staging.lacuisinedebernard.com/facebook-ao-vivo-na-quarta-feira-17-de-janeiro-as-19h
https://www.lacuisinedebernard.com/facebook-ao-vivo-na-quarta-feira-17-de-janeiro-as-19h,https://staging.lacuisinedebernard.com/facebook-ao-vivo-na-quarta-feira-17-de-janeiro-as-19h
https://www.lacuisinedebernard.com/facebook-ao-vivo-na-quarta-feira-17-de-janeiro-as-19h/,https://staging.lacuisinedebernard.com/facebook-ao-vivo-na-quarta-feira-17-de-janeiro-as-19h
https://lacuisinedebernard.com/%d9%81%d8%a7%d8%b5%d9%88%d9%84%d9%8a%d8%a7-%d8%a8%d9%8a%d8%b6%d8%a7%d8%a1-%d9%85%d8%ba%d8%b1%d8%a8%d9%8a%d8%a9-%d8%8c-%d8%b7%d9%85%d8%a7%d8%b7%d9%85-%d8%8c-%d9%83%d8%b2%d8%a8%d8%b1%d8%a9-%d9%88-%d8%a8,https://staging.lacuisinedebernard.com/%d9%81%d8%a7%d8%b5%d9%88%d9%84%d9%8a%d8%a7-%d8%a8%d9%8a%d8%b6%d8%a7%d8%a1-%d9%85%d8%ba%d8%b1%d8%a8%d9%8a%d8%a9-%d8%8c-%d8%b7%d9%85%d8%a7%d8%b7%d9%85-%d8%8c-%d9%83%d8%b2%d8%a8%d8%b1%d8%a9-%d9%88-%d8%a8
https://lacuisinedebernard.com/%d9%81%d8%a7%d8%b5%d9%88%d9%84%d9%8a%d8%a7-%d8%a8%d9%8a%d8%b6%d8%a7%d8%a1-%d9%85%d8%ba%d8%b1%d8%a8%d9%8a%d8%a9-%d8%8c-%d8%b7%d9%85%d8%a7%d8%b7%d9%85-%d8%8c-%d9%83%d8%b2%d8%a8%d8%b1%d8%a9-%d9%88-%d8%a8/,https://staging.lacuisinedebernard.com/%d9%81%d8%a7%d8%b5%d9%88%d9%84%d9%8a%d8%a7-%d8%a8%d9%8a%d8%b6%d8%a7%d8%a1-%d9%85%d8%ba%d8%b1%d8%a8%d9%8a%d8%a9-%d8%8c-%d8%b7%d9%85%d8%a7%d8%b7%d9%85-%d8%8c-%d9%83%d8%b2%d8%a8%d8%b1%d8%a9-%d9%88-%d8%a8
https://www.lacuisinedebernard.com/%d9%81%d8%a7%d8%b5%d9%88%d9%84%d9%8a%d8%a7-%d8%a8%d9%8a%d8%b6%d8%a7%d8%a1-%d9%85%d8%ba%d8%b1%d8%a8%d9%8a%d8%a9-%d8%8c-%d8%b7%d9%85%d8%a7%d8%b7%d9%85-%d8%8c-%d9%83%d8%b2%d8%a8%d8%b1%d8%a9-%d9%88-%d8%a8,https://staging.lacuisinedebernard.com/%d9%81%d8%a7%d8%b5%d9%88%d9%84%d9%8a%d8%a7-%d8%a8%d9%8a%d8%b6%d8%a7%d8%a1-%d9%85%d8%ba%d8%b1%d8%a8%d9%8a%d8%a9-%d8%8c-%d8%b7%d9%85%d8%a7%d8%b7%d9%85-%d8%8c-%d9%83%d8%b2%d8%a8%d8%b1%d8%a9-%d9%88-%d8%a8
https://www.lacuisinedebernard.com/%d9%81%d8%a7%d8%b5%d9%88%d9%84%d9%8a%d8%a7-%d8%a8%d9%8a%d8%b6%d8%a7%d8%a1-%d9%85%d8%ba%d8%b1%d8%a8%d9%8a%d8%a9-%d8%8c-%d8%b7%d9%85%d8%a7%d8%b7%d9%85-%d8%8c-%d9%83%d8%b2%d8%a8%d8%b1%d8%a9-%d9%88-%d8%a8/,https://staging.lacuisinedebernard.com/%d9%81%d8%a7%d8%b5%d9%88%d9%84%d9%8a%d8%a7-%d8%a8%d9%8a%d8%b6%d8%a7%d8%a1-%d9%85%d8%ba%d8%b1%d8%a8%d9%8a%d8%a9-%d8%8c-%d8%b7%d9%85%d8%a7%d8%b7%d9%85-%d8%8c-%d9%83%d8%b2%d8%a8%d8%b1%d8%a9-%d9%88-%d8%a8
https://lacuisinedebernard.com/%d9%85%d9%82%d8%b1%d9%85%d8%b4%d8%a7%d8%aa-%d8%a7%d9%84%d8%ad%d9%86%d8%b7%d8%a9-%d8%a7%d9%84%d8%b3%d9%88%d8%af%d8%a7%d8%a1-%d8%a8%d8%a7%d9%84%d9%85%d9%84%d8%ad-%d9%88%d8%a7%d9%84%d9%81%d9%84%d9%81,https://staging.lacuisinedebernard.com/%d9%85%d9%82%d8%b1%d9%85%d8%b4%d8%a7%d8%aa-%d8%a7%d9%84%d8%ad%d9%86%d8%b7%d8%a9-%d8%a7%d9%84%d8%b3%d9%88%d8%af%d8%a7%d8%a1-%d8%a8%d8%a7%d9%84%d9%85%d9%84%d8%ad-%d9%88%d8%a7%d9%84%d9%81%d9%84%d9%81
https://lacuisinedebernard.com/%d9%85%d9%82%d8%b1%d9%85%d8%b4%d8%a7%d8%aa-%d8%a7%d9%84%d8%ad%d9%86%d8%b7%d8%a9-%d8%a7%d9%84%d8%b3%d9%88%d8%af%d8%a7%d8%a1-%d8%a8%d8%a7%d9%84%d9%85%d9%84%d8%ad-%d9%88%d8%a7%d9%84%d9%81%d9%84%d9%81/,https://staging.lacuisinedebernard.com/%d9%85%d9%82%d8%b1%d9%85%d8%b4%d8%a7%d8%aa-%d8%a7%d9%84%d8%ad%d9%86%d8%b7%d8%a9-%d8%a7%d9%84%d8%b3%d9%88%d8%af%d8%a7%d8%a1-%d8%a8%d8%a7%d9%84%d9%85%d9%84%d8%ad-%d9%88%d8%a7%d9%84%d9%81%d9%84%d9%81
https://www.lacuisinedebernard.com/%d9%85%d9%82%d8%b1%d9%85%d8%b4%d8%a7%d8%aa-%d8%a7%d9%84%d8%ad%d9%86%d8%b7%d8%a9-%d8%a7%d9%84%d8%b3%d9%88%d8%af%d8%a7%d8%a1-%d8%a8%d8%a7%d9%84%d9%85%d9%84%d8%ad-%d9%88%d8%a7%d9%84%d9%81%d9%84%d9%81,https://staging.lacuisinedebernard.com/%d9%85%d9%82%d8%b1%d9%85%d8%b4%d8%a7%d8%aa-%d8%a7%d9%84%d8%ad%d9%86%d8%b7%d8%a9-%d8%a7%d9%84%d8%b3%d9%88%d8%af%d8%a7%d8%a1-%d8%a8%d8%a7%d9%84%d9%85%d9%84%d8%ad-%d9%88%d8%a7%d9%84%d9%81%d9%84%d9%81
https://www.lacuisinedebernard.com/%d9%85%d9%82%d8%b1%d9%85%d8%b4%d8%a7%d8%aa-%d8%a7%d9%84%d8%ad%d9%86%d8%b7%d8%a9-%d8%a7%d9%84%d8%b3%d9%88%d8%af%d8%a7%d8%a1-%d8%a8%d8%a7%d9%84%d9%85%d9%84%d8%ad-%d9%88%d8%a7%d9%84%d9%81%d9%84%d9%81/,https://staging.lacuisinedebernard.com/%d9%85%d9%82%d8%b1%d9%85%d8%b4%d8%a7%d8%aa-%d8%a7%d9%84%d8%ad%d9%86%d8%b7%d8%a9-%d8%a7%d9%84%d8%b3%d9%88%d8%af%d8%a7%d8%a1-%d8%a8%d8%a7%d9%84%d9%85%d9%84%d8%ad-%d9%88%d8%a7%d9%84%d9%81%d9%84%d9%81
https://lacuisinedebernard.com/keshke,https://staging.lacuisinedebernard.com/keshke
https://lacuisinedebernard.com/keshke/,https://staging.lacuisinedebernard.com/keshke
https://www.lacuisinedebernard.com/keshke,https://staging.lacuisinedebernard.com/keshke
https://www.lacuisinedebernard.com/keshke/,https://staging.lacuisinedebernard.com/keshke
https://lacuisinedebernard.com/palm-trees,https://staging.lacuisinedebernard.com/palm-trees
https://lacuisinedebernard.com/palm-trees/,https://staging.lacuisinedebernard.com/palm-trees
https://www.lacuisinedebernard.com/palm-trees,https://staging.lacuisinedebernard.com/palm-trees
https://www.lacuisinedebernard.com/palm-trees/,https://staging.lacuisinedebernard.com/palm-trees
https://lacuisinedebernard.com/pastel-de-pollo-curry-y-puerros,https://staging.lacuisinedebernard.com/pastel-de-pollo-curry-y-puerros
https://lacuisinedebernard.com/pastel-de-pollo-curry-y-puerros/,https://staging.lacuisinedebernard.com/pastel-de-pollo-curry-y-puerros
https://www.lacuisinedebernard.com/pastel-de-pollo-curry-y-puerros,https://staging.lacuisinedebernard.com/pastel-de-pollo-curry-y-puerros
https://www.lacuisinedebernard.com/pastel-de-pollo-curry-y-puerros/,https://staging.lacuisinedebernard.com/pastel-de-pollo-curry-y-puerros
https://lacuisinedebernard.com/facebook-ao-vivo-quinta-feira-8-de-fevereiro-as-19h,https://staging.lacuisinedebernard.com/facebook-ao-vivo-quinta-feira-8-de-fevereiro-as-19h
https://lacuisinedebernard.com/facebook-ao-vivo-quinta-feira-8-de-fevereiro-as-19h/,https://staging.lacuisinedebernard.com/facebook-ao-vivo-quinta-feira-8-de-fevereiro-as-19h
https://www.lacuisinedebernard.com/facebook-ao-vivo-quinta-feira-8-de-fevereiro-as-19h,https://staging.lacuisinedebernard.com/facebook-ao-vivo-quinta-feira-8-de-fevereiro-as-19h
https://www.lacuisinedebernard.com/facebook-ao-vivo-quinta-feira-8-de-fevereiro-as-19h/,https://staging.lacuisinedebernard.com/facebook-ao-vivo-quinta-feira-8-de-fevereiro-as-19h
https://lacuisinedebernard.com/facebook-live-wednesday-january-17-at-700-pm,https://staging.lacuisinedebernard.com/facebook-live-wednesday-january-17-at-700-pm
https://lacuisinedebernard.com/facebook-live-wednesday-january-17-at-700-pm/,https://staging.lacuisinedebernard.com/facebook-live-wednesday-january-17-at-700-pm
https://www.lacuisinedebernard.com/facebook-live-wednesday-january-17-at-700-pm,https://staging.lacuisinedebernard.com/facebook-live-wednesday-january-17-at-700-pm
https://www.lacuisinedebernard.com/facebook-live-wednesday-january-17-at-700-pm/,https://staging.lacuisinedebernard.com/facebook-live-wednesday-january-17-at-700-pm
https://lacuisinedebernard.com/%d8%ad%d9%84%d9%88%d8%a9-%d8%a7%d9%84%d8%b7%d8%a8%d8%a7%d8%b9,https://staging.lacuisinedebernard.com/%d8%ad%d9%84%d9%88%d8%a9-%d8%a7%d9%84%d8%b7%d8%a8%d8%a7%d8%b9
https://lacuisinedebernard.com/%d8%ad%d9%84%d9%88%d8%a9-%d8%a7%d9%84%d8%b7%d8%a8%d8%a7%d8%b9/,https://staging.lacuisinedebernard.com/%d8%ad%d9%84%d9%88%d8%a9-%d8%a7%d9%84%d8%b7%d8%a8%d8%a7%d8%b9
https://www.lacuisinedebernard.com/%d8%ad%d9%84%d9%88%d8%a9-%d8%a7%d9%84%d8%b7%d8%a8%d8%a7%d8%b9,https://staging.lacuisinedebernard.com/%d8%ad%d9%84%d9%88%d8%a9-%d8%a7%d9%84%d8%b7%d8%a8%d8%a7%d8%b9
https://www.lacuisinedebernard.com/%d8%ad%d9%84%d9%88%d8%a9-%d8%a7%d9%84%d8%b7%d8%a8%d8%a7%d8%b9/,https://staging.lacuisinedebernard.com/%d8%ad%d9%84%d9%88%d8%a9-%d8%a7%d9%84%d8%b7%d8%a8%d8%a7%d8%b9
https://lacuisinedebernard.com/white-chocolate-coconut-cake,https://staging.lacuisinedebernard.com/white-chocolate-coconut-cake
https://lacuisinedebernard.com/white-chocolate-coconut-cake/,https://staging.lacuisinedebernard.com/white-chocolate-coconut-cake
https://www.lacuisinedebernard.com/white-chocolate-coconut-cake,https://staging.lacuisinedebernard.com/white-chocolate-coconut-cake
https://www.lacuisinedebernard.com/white-chocolate-coconut-cake/,https://staging.lacuisinedebernard.com/white-chocolate-coconut-cake
https://lacuisinedebernard.com/los-pasteis-de-nata-en-facebook-live,https://staging.lacuisinedebernard.com/los-pasteis-de-nata-en-facebook-live
https://lacuisinedebernard.com/los-pasteis-de-nata-en-facebook-live/,https://staging.lacuisinedebernard.com/los-pasteis-de-nata-en-facebook-live
https://www.lacuisinedebernard.com/los-pasteis-de-nata-en-facebook-live,https://staging.lacuisinedebernard.com/los-pasteis-de-nata-en-facebook-live
https://www.lacuisinedebernard.com/los-pasteis-de-nata-en-facebook-live/,https://staging.lacuisinedebernard.com/los-pasteis-de-nata-en-facebook-live
https://lacuisinedebernard.com/tarta-espiral-tatin,https://staging.lacuisinedebernard.com/tarta-espiral-tatin
https://lacuisinedebernard.com/tarta-espiral-tatin/,https://staging.lacuisinedebernard.com/tarta-espiral-tatin
https://www.lacuisinedebernard.com/tarta-espiral-tatin,https://staging.lacuisinedebernard.com/tarta-espiral-tatin
https://www.lacuisinedebernard.com/tarta-espiral-tatin/,https://staging.lacuisinedebernard.com/tarta-espiral-tatin
https://lacuisinedebernard.com/facebook-live-thursday-february-8-at-700-pm,https://staging.lacuisinedebernard.com/facebook-live-thursday-february-8-at-700-pm
https://lacuisinedebernard.com/facebook-live-thursday-february-8-at-700-pm/,https://staging.lacuisinedebernard.com/facebook-live-thursday-february-8-at-700-pm
https://www.lacuisinedebernard.com/facebook-live-thursday-february-8-at-700-pm,https://staging.lacuisinedebernard.com/facebook-live-thursday-february-8-at-700-pm
https://www.lacuisinedebernard.com/facebook-live-thursday-february-8-at-700-pm/,https://staging.lacuisinedebernard.com/facebook-live-thursday-february-8-at-700-pm
https://lacuisinedebernard.com/%d8%a3%d8%b4%d8%ac%d8%a7%d8%b1-%d8%a7%d9%84%d9%86%d8%ae%d9%8a%d9%84,https://staging.lacuisinedebernard.com/%d8%a3%d8%b4%d8%ac%d8%a7%d8%b1-%d8%a7%d9%84%d9%86%d8%ae%d9%8a%d9%84
https://lacuisinedebernard.com/%d8%a3%d8%b4%d8%ac%d8%a7%d8%b1-%d8%a7%d9%84%d9%86%d8%ae%d9%8a%d9%84/,https://staging.lacuisinedebernard.com/%d8%a3%d8%b4%d8%ac%d8%a7%d8%b1-%d8%a7%d9%84%d9%86%d8%ae%d9%8a%d9%84
https://www.lacuisinedebernard.com/%d8%a3%d8%b4%d8%ac%d8%a7%d8%b1-%d8%a7%d9%84%d9%86%d8%ae%d9%8a%d9%84,https://staging.lacuisinedebernard.com/%d8%a3%d8%b4%d8%ac%d8%a7%d8%b1-%d8%a7%d9%84%d9%86%d8%ae%d9%8a%d9%84
https://www.lacuisinedebernard.com/%d8%a3%d8%b4%d8%ac%d8%a7%d8%b1-%d8%a7%d9%84%d9%86%d8%ae%d9%8a%d9%84/,https://staging.lacuisinedebernard.com/%d8%a3%d8%b4%d8%ac%d8%a7%d8%b1-%d8%a7%d9%84%d9%86%d8%ae%d9%8a%d9%84
https://lacuisinedebernard.com/hojaldre,https://staging.lacuisinedebernard.com/hojaldre
https://lacuisinedebernard.com/hojaldre/,https://staging.lacuisinedebernard.com/hojaldre
https://www.lacuisinedebernard.com/hojaldre,https://staging.lacuisinedebernard.com/hojaldre
https://www.lacuisinedebernard.com/hojaldre/,https://staging.lacuisinedebernard.com/hojaldre
https://lacuisinedebernard.com/tarte-de-frango-caril-e-alho-porro,https://staging.lacuisinedebernard.com/tarte-de-frango-caril-e-alho-porro
https://lacuisinedebernard.com/tarte-de-frango-caril-e-alho-porro/,https://staging.lacuisinedebernard.com/tarte-de-frango-caril-e-alho-porro
https://www.lacuisinedebernard.com/tarte-de-frango-caril-e-alho-porro,https://staging.lacuisinedebernard.com/tarte-de-frango-caril-e-alho-porro
https://www.lacuisinedebernard.com/tarte-de-frango-caril-e-alho-porro/,https://staging.lacuisinedebernard.com/tarte-de-frango-caril-e-alho-porro
https://lacuisinedebernard.com/harchas-con-tapenade,https://staging.lacuisinedebernard.com/harchas-con-tapenade
https://lacuisinedebernard.com/harchas-con-tapenade/,https://staging.lacuisinedebernard.com/harchas-con-tapenade
https://www.lacuisinedebernard.com/harchas-con-tapenade,https://staging.lacuisinedebernard.com/harchas-con-tapenade
https://www.lacuisinedebernard.com/harchas-con-tapenade/,https://staging.lacuisinedebernard.com/harchas-con-tapenade
https://lacuisinedebernard.com/facebook-%d9%85%d8%a8%d8%a7%d8%b4%d8%b1-%d8%a7%d9%84%d8%a3%d8%b1%d8%a8%d8%b9%d8%a7%d8%a1-17-%d9%8a%d9%86%d8%a7%d9%8a%d8%b1-%d8%a7%d9%84%d8%b3%d8%a7%d8%b9%d8%a9-700-%d9%85%d8%b3%d8%a7%d8%a1%d9%8b,https://staging.lacuisinedebernard.com/facebook-%d9%85%d8%a8%d8%a7%d8%b4%d8%b1-%d8%a7%d9%84%d8%a3%d8%b1%d8%a8%d8%b9%d8%a7%d8%a1-17-%d9%8a%d9%86%d8%a7%d9%8a%d8%b1-%d8%a7%d9%84%d8%b3%d8%a7%d8%b9%d8%a9-700-%d9%85%d8%b3%d8%a7%d8%a1%d9%8b
https://lacuisinedebernard.com/facebook-%d9%85%d8%a8%d8%a7%d8%b4%d8%b1-%d8%a7%d9%84%d8%a3%d8%b1%d8%a8%d8%b9%d8%a7%d8%a1-17-%d9%8a%d9%86%d8%a7%d9%8a%d8%b1-%d8%a7%d9%84%d8%b3%d8%a7%d8%b9%d8%a9-700-%d9%85%d8%b3%d8%a7%d8%a1%d9%8b/,https://staging.lacuisinedebernard.com/facebook-%d9%85%d8%a8%d8%a7%d8%b4%d8%b1-%d8%a7%d9%84%d8%a3%d8%b1%d8%a8%d8%b9%d8%a7%d8%a1-17-%d9%8a%d9%86%d8%a7%d9%8a%d8%b1-%d8%a7%d9%84%d8%b3%d8%a7%d8%b9%d8%a9-700-%d9%85%d8%b3%d8%a7%d8%a1%d9%8b
https://www.lacuisinedebernard.com/facebook-%d9%85%d8%a8%d8%a7%d8%b4%d8%b1-%d8%a7%d9%84%d8%a3%d8%b1%d8%a8%d8%b9%d8%a7%d8%a1-17-%d9%8a%d9%86%d8%a7%d9%8a%d8%b1-%d8%a7%d9%84%d8%b3%d8%a7%d8%b9%d8%a9-700-%d9%85%d8%b3%d8%a7%d8%a1%d9%8b,https://staging.lacuisinedebernard.com/facebook-%d9%85%d8%a8%d8%a7%d8%b4%d8%b1-%d8%a7%d9%84%d8%a3%d8%b1%d8%a8%d8%b9%d8%a7%d8%a1-17-%d9%8a%d9%86%d8%a7%d9%8a%d8%b1-%d8%a7%d9%84%d8%b3%d8%a7%d8%b9%d8%a9-700-%d9%85%d8%b3%d8%a7%d8%a1%d9%8b
https://www.lacuisinedebernard.com/facebook-%d9%85%d8%a8%d8%a7%d8%b4%d8%b1-%d8%a7%d9%84%d8%a3%d8%b1%d8%a8%d8%b9%d8%a7%d8%a1-17-%d9%8a%d9%86%d8%a7%d9%8a%d8%b1-%d8%a7%d9%84%d8%b3%d8%a7%d8%b9%d8%a9-700-%d9%85%d8%b3%d8%a7%d8%a1%d9%8b/,https://staging.lacuisinedebernard.com/facebook-%d9%85%d8%a8%d8%a7%d8%b4%d8%b1-%d8%a7%d9%84%d8%a3%d8%b1%d8%a8%d8%b9%d8%a7%d8%a1-17-%d9%8a%d9%86%d8%a7%d9%8a%d8%b1-%d8%a7%d9%84%d8%b3%d8%a7%d8%b9%d8%a9-700-%d9%85%d8%b3%d8%a7%d8%a1%d9%8b
https://lacuisinedebernard.com/%d9%83%d8%b9%d9%83%d8%a9-%d8%ac%d9%88%d8%b2-%d8%a7%d9%84%d9%87%d9%86%d8%af-%d8%a8%d8%a7%d9%84%d8%b4%d9%88%d9%83%d9%88%d9%84%d8%a7%d8%aa%d8%a9-%d8%a7%d9%84%d8%a8%d9%8a%d8%b6%d8%a7%d8%a1,https://staging.lacuisinedebernard.com/%d9%83%d8%b9%d9%83%d8%a9-%d8%ac%d9%88%d8%b2-%d8%a7%d9%84%d9%87%d9%86%d8%af-%d8%a8%d8%a7%d9%84%d8%b4%d9%88%d9%83%d9%88%d9%84%d8%a7%d8%aa%d8%a9-%d8%a7%d9%84%d8%a8%d9%8a%d8%b6%d8%a7%d8%a1
https://lacuisinedebernard.com/%d9%83%d8%b9%d9%83%d8%a9-%d8%ac%d9%88%d8%b2-%d8%a7%d9%84%d9%87%d9%86%d8%af-%d8%a8%d8%a7%d9%84%d8%b4%d9%88%d9%83%d9%88%d9%84%d8%a7%d8%aa%d8%a9-%d8%a7%d9%84%d8%a8%d9%8a%d8%b6%d8%a7%d8%a1/,https://staging.lacuisinedebernard.com/%d9%83%d8%b9%d9%83%d8%a9-%d8%ac%d9%88%d8%b2-%d8%a7%d9%84%d9%87%d9%86%d8%af-%d8%a8%d8%a7%d9%84%d8%b4%d9%88%d9%83%d9%88%d9%84%d8%a7%d8%aa%d8%a9-%d8%a7%d9%84%d8%a8%d9%8a%d8%b6%d8%a7%d8%a1
https://www.lacuisinedebernard.com/%d9%83%d8%b9%d9%83%d8%a9-%d8%ac%d9%88%d8%b2-%d8%a7%d9%84%d9%87%d9%86%d8%af-%d8%a8%d8%a7%d9%84%d8%b4%d9%88%d9%83%d9%88%d9%84%d8%a7%d8%aa%d8%a9-%d8%a7%d9%84%d8%a8%d9%8a%d8%b6%d8%a7%d8%a1,https://staging.lacuisinedebernard.com/%d9%83%d8%b9%d9%83%d8%a9-%d8%ac%d9%88%d8%b2-%d8%a7%d9%84%d9%87%d9%86%d8%af-%d8%a8%d8%a7%d9%84%d8%b4%d9%88%d9%83%d9%88%d9%84%d8%a7%d8%aa%d8%a9-%d8%a7%d9%84%d8%a8%d9%8a%d8%b6%d8%a7%d8%a1
https://www.lacuisinedebernard.com/%d9%83%d8%b9%d9%83%d8%a9-%d8%ac%d9%88%d8%b2-%d8%a7%d9%84%d9%87%d9%86%d8%af-%d8%a8%d8%a7%d9%84%d8%b4%d9%88%d9%83%d9%88%d9%84%d8%a7%d8%aa%d8%a9-%d8%a7%d9%84%d8%a8%d9%8a%d8%b6%d8%a7%d8%a1/,https://staging.lacuisinedebernard.com/%d9%83%d8%b9%d9%83%d8%a9-%d8%ac%d9%88%d8%b2-%d8%a7%d9%84%d9%87%d9%86%d8%af-%d8%a8%d8%a7%d9%84%d8%b4%d9%88%d9%83%d9%88%d9%84%d8%a7%d8%aa%d8%a9-%d8%a7%d9%84%d8%a8%d9%8a%d8%b6%d8%a7%d8%a1
https://lacuisinedebernard.com/os-pasteis-de-nata-no-facebook-ao-vivo,https://staging.lacuisinedebernard.com/os-pasteis-de-nata-no-facebook-ao-vivo
https://lacuisinedebernard.com/os-pasteis-de-nata-no-facebook-ao-vivo/,https://staging.lacuisinedebernard.com/os-pasteis-de-nata-no-facebook-ao-vivo
https://www.lacuisinedebernard.com/os-pasteis-de-nata-no-facebook-ao-vivo,https://staging.lacuisinedebernard.com/os-pasteis-de-nata-no-facebook-ao-vivo
https://www.lacuisinedebernard.com/os-pasteis-de-nata-no-facebook-ao-vivo/,https://staging.lacuisinedebernard.com/os-pasteis-de-nata-no-facebook-ao-vivo
https://lacuisinedebernard.com/%d8%a8%d8%ab-%d9%85%d8%a8%d8%a7%d8%b4%d8%b1-%d9%81%d9%8a%d8%b3%d8%a8%d9%88%d9%83-%d8%a7%d9%84%d8%ae%d9%85%d9%8a%d8%b3-8-%d9%81%d8%a8%d8%b1%d8%a7%d9%8a%d8%b1-%d8%a7%d9%84%d8%b3%d8%a7%d8%b9%d8%a9-700,https://staging.lacuisinedebernard.com/%d8%a8%d8%ab-%d9%85%d8%a8%d8%a7%d8%b4%d8%b1-%d9%81%d9%8a%d8%b3%d8%a8%d9%88%d9%83-%d8%a7%d9%84%d8%ae%d9%85%d9%8a%d8%b3-8-%d9%81%d8%a8%d8%b1%d8%a7%d9%8a%d8%b1-%d8%a7%d9%84%d8%b3%d8%a7%d8%b9%d8%a9-700
https://lacuisinedebernard.com/%d8%a8%d8%ab-%d9%85%d8%a8%d8%a7%d8%b4%d8%b1-%d9%81%d9%8a%d8%b3%d8%a8%d9%88%d9%83-%d8%a7%d9%84%d8%ae%d9%85%d9%8a%d8%b3-8-%d9%81%d8%a8%d8%b1%d8%a7%d9%8a%d8%b1-%d8%a7%d9%84%d8%b3%d8%a7%d8%b9%d8%a9-700/,https://staging.lacuisinedebernard.com/%d8%a8%d8%ab-%d9%85%d8%a8%d8%a7%d8%b4%d8%b1-%d9%81%d9%8a%d8%b3%d8%a8%d9%88%d9%83-%d8%a7%d9%84%d8%ae%d9%85%d9%8a%d8%b3-8-%d9%81%d8%a8%d8%b1%d8%a7%d9%8a%d8%b1-%d8%a7%d9%84%d8%b3%d8%a7%d8%b9%d8%a9-700
https://www.lacuisinedebernard.com/%d8%a8%d8%ab-%d9%85%d8%a8%d8%a7%d8%b4%d8%b1-%d9%81%d9%8a%d8%b3%d8%a8%d9%88%d9%83-%d8%a7%d9%84%d8%ae%d9%85%d9%8a%d8%b3-8-%d9%81%d8%a8%d8%b1%d8%a7%d9%8a%d8%b1-%d8%a7%d9%84%d8%b3%d8%a7%d8%b9%d8%a9-700,https://staging.lacuisinedebernard.com/%d8%a8%d8%ab-%d9%85%d8%a8%d8%a7%d8%b4%d8%b1-%d9%81%d9%8a%d8%b3%d8%a8%d9%88%d9%83-%d8%a7%d9%84%d8%ae%d9%85%d9%8a%d8%b3-8-%d9%81%d8%a8%d8%b1%d8%a7%d9%8a%d8%b1-%d8%a7%d9%84%d8%b3%d8%a7%d8%b9%d8%a9-700
https://www.lacuisinedebernard.com/%d8%a8%d8%ab-%d9%85%d8%a8%d8%a7%d8%b4%d8%b1-%d9%81%d9%8a%d8%b3%d8%a8%d9%88%d9%83-%d8%a7%d9%84%d8%ae%d9%85%d9%8a%d8%b3-8-%d9%81%d8%a8%d8%b1%d8%a7%d9%8a%d8%b1-%d8%a7%d9%84%d8%b3%d8%a7%d8%b9%d8%a9-700/,https://staging.lacuisinedebernard.com/%d8%a8%d8%ab-%d9%85%d8%a8%d8%a7%d8%b4%d8%b1-%d9%81%d9%8a%d8%b3%d8%a8%d9%88%d9%83-%d8%a7%d9%84%d8%ae%d9%85%d9%8a%d8%b3-8-%d9%81%d8%a8%d8%b1%d8%a7%d9%8a%d8%b1-%d8%a7%d9%84%d8%b3%d8%a7%d8%b9%d8%a9-700
https://lacuisinedebernard.com/alubias-blancas-marroquies-tomates-cilantro-y-perejil,https://staging.lacuisinedebernard.com/alubias-blancas-marroquies-tomates-cilantro-y-perejil
https://lacuisinedebernard.com/alubias-blancas-marroquies-tomates-cilantro-y-perejil/,https://staging.lacuisinedebernard.com/alubias-blancas-marroquies-tomates-cilantro-y-perejil
https://www.lacuisinedebernard.com/alubias-blancas-marroquies-tomates-cilantro-y-perejil,https://staging.lacuisinedebernard.com/alubias-blancas-marroquies-tomates-cilantro-y-perejil
https://www.lacuisinedebernard.com/alubias-blancas-marroquies-tomates-cilantro-y-perejil/,https://staging.lacuisinedebernard.com/alubias-blancas-marroquies-tomates-cilantro-y-perejil
https://lacuisinedebernard.com/massa-folhada,https://staging.lacuisinedebernard.com/massa-folhada
https://lacuisinedebernard.com/massa-folhada/,https://staging.lacuisinedebernard.com/massa-folhada
https://www.lacuisinedebernard.com/massa-folhada,https://staging.lacuisinedebernard.com/massa-folhada
https://www.lacuisinedebernard.com/massa-folhada/,https://staging.lacuisinedebernard.com/massa-folhada
https://lacuisinedebernard.com/torta-em-espiral-tatin,https://staging.lacuisinedebernard.com/torta-em-espiral-tatin
https://lacuisinedebernard.com/torta-em-espiral-tatin/,https://staging.lacuisinedebernard.com/torta-em-espiral-tatin
https://www.lacuisinedebernard.com/torta-em-espiral-tatin,https://staging.lacuisinedebernard.com/torta-em-espiral-tatin
https://www.lacuisinedebernard.com/torta-em-espiral-tatin/,https://staging.lacuisinedebernard.com/torta-em-espiral-tatin
https://lacuisinedebernard.com/chicken-curry-and-leek-pie,https://staging.lacuisinedebernard.com/chicken-curry-and-leek-pie
https://lacuisinedebernard.com/chicken-curry-and-leek-pie/,https://staging.lacuisinedebernard.com/chicken-curry-and-leek-pie
https://www.lacuisinedebernard.com/chicken-curry-and-leek-pie,https://staging.lacuisinedebernard.com/chicken-curry-and-leek-pie
https://www.lacuisinedebernard.com/chicken-curry-and-leek-pie/,https://staging.lacuisinedebernard.com/chicken-curry-and-leek-pie
https://lacuisinedebernard.com/fichas-de-trigo-sarraceno-con-sal-y-pimienta,https://staging.lacuisinedebernard.com/fichas-de-trigo-sarraceno-con-sal-y-pimienta
https://lacuisinedebernard.com/fichas-de-trigo-sarraceno-con-sal-y-pimienta/,https://staging.lacuisinedebernard.com/fichas-de-trigo-sarraceno-con-sal-y-pimienta
https://www.lacuisinedebernard.com/fichas-de-trigo-sarraceno-con-sal-y-pimienta,https://staging.lacuisinedebernard.com/fichas-de-trigo-sarraceno-con-sal-y-pimienta
https://www.lacuisinedebernard.com/fichas-de-trigo-sarraceno-con-sal-y-pimienta/,https://staging.lacuisinedebernard.com/fichas-de-trigo-sarraceno-con-sal-y-pimienta
https://lacuisinedebernard.com/halwat-tabaa,https://staging.lacuisinedebernard.com/halwat-tabaa
https://lacuisinedebernard.com/halwat-tabaa/,https://staging.lacuisinedebernard.com/halwat-tabaa
https://www.lacuisinedebernard.com/halwat-tabaa,https://staging.lacuisinedebernard.com/halwat-tabaa
https://www.lacuisinedebernard.com/halwat-tabaa/,https://staging.lacuisinedebernard.com/halwat-tabaa
https://lacuisinedebernard.com/%d9%83%d9%8a%d8%b4%d9%83%d9%8a,https://staging.lacuisinedebernard.com/%d9%83%d9%8a%d8%b4%d9%83%d9%8a
https://lacuisinedebernard.com/%d9%83%d9%8a%d8%b4%d9%83%d9%8a/,https://staging.lacuisinedebernard.com/%d9%83%d9%8a%d8%b4%d9%83%d9%8a
https://www.lacuisinedebernard.com/%d9%83%d9%8a%d8%b4%d9%83%d9%8a,https://staging.lacuisinedebernard.com/%d9%83%d9%8a%d8%b4%d9%83%d9%8a
https://www.lacuisinedebernard.com/%d9%83%d9%8a%d8%b4%d9%83%d9%8a/,https://staging.lacuisinedebernard.com/%d9%83%d9%8a%d8%b4%d9%83%d9%8a
https://lacuisinedebernard.com/harchas-com-tapenade,https://staging.lacuisinedebernard.com/harchas-com-tapenade
https://lacuisinedebernard.com/harchas-com-tapenade/,https://staging.lacuisinedebernard.com/harchas-com-tapenade
https://www.lacuisinedebernard.com/harchas-com-tapenade,https://staging.lacuisinedebernard.com/harchas-com-tapenade
https://www.lacuisinedebernard.com/harchas-com-tapenade/,https://staging.lacuisinedebernard.com/harchas-com-tapenade
https://lacuisinedebernard.com/the-pasteis-de-nata-in-facebook-live,https://staging.lacuisinedebernard.com/the-pasteis-de-nata-in-facebook-live
https://lacuisinedebernard.com/the-pasteis-de-nata-in-facebook-live/,https://staging.lacuisinedebernard.com/the-pasteis-de-nata-in-facebook-live
https://www.lacuisinedebernard.com/the-pasteis-de-nata-in-facebook-live,https://staging.lacuisinedebernard.com/the-pasteis-de-nata-in-facebook-live
https://www.lacuisinedebernard.com/the-pasteis-de-nata-in-facebook-live/,https://staging.lacuisinedebernard.com/the-pasteis-de-nata-in-facebook-live
https://lacuisinedebernard.com/spiral-tart-tatin,https://staging.lacuisinedebernard.com/spiral-tart-tatin
https://lacuisinedebernard.com/spiral-tart-tatin/,https://staging.lacuisinedebernard.com/spiral-tart-tatin
https://www.lacuisinedebernard.com/spiral-tart-tatin,https://staging.lacuisinedebernard.com/spiral-tart-tatin
https://www.lacuisinedebernard.com/spiral-tart-tatin/,https://staging.lacuisinedebernard.com/spiral-tart-tatin
https://lacuisinedebernard.com/feijao-branco-tomate-coentros-e-salsa-marroquinos,https://staging.lacuisinedebernard.com/feijao-branco-tomate-coentros-e-salsa-marroquinos
https://lacuisinedebernard.com/feijao-branco-tomate-coentros-e-salsa-marroquinos/,https://staging.lacuisinedebernard.com/feijao-branco-tomate-coentros-e-salsa-marroquinos
https://www.lacuisinedebernard.com/feijao-branco-tomate-coentros-e-salsa-marroquinos,https://staging.lacuisinedebernard.com/feijao-branco-tomate-coentros-e-salsa-marroquinos
https://www.lacuisinedebernard.com/feijao-branco-tomate-coentros-e-salsa-marroquinos/,https://staging.lacuisinedebernard.com/feijao-branco-tomate-coentros-e-salsa-marroquinos
https://lacuisinedebernard.com/palmeras,https://staging.lacuisinedebernard.com/palmeras
https://lacuisinedebernard.com/palmeras/,https://staging.lacuisinedebernard.com/palmeras
https://www.lacuisinedebernard.com/palmeras,https://staging.lacuisinedebernard.com/palmeras
https://www.lacuisinedebernard.com/palmeras/,https://staging.lacuisinedebernard.com/palmeras
https://lacuisinedebernard.com/flaky-bread,https://staging.lacuisinedebernard.com/flaky-bread
https://lacuisinedebernard.com/flaky-bread/,https://staging.lacuisinedebernard.com/flaky-bread
https://www.lacuisinedebernard.com/flaky-bread,https://staging.lacuisinedebernard.com/flaky-bread
https://www.lacuisinedebernard.com/flaky-bread/,https://staging.lacuisinedebernard.com/flaky-bread
https://lacuisinedebernard.com/batatas-fritas-de-trigo-mourisco-com-sal-e-pimenta,https://staging.lacuisinedebernard.com/batatas-fritas-de-trigo-mourisco-com-sal-e-pimenta
https://lacuisinedebernard.com/batatas-fritas-de-trigo-mourisco-com-sal-e-pimenta/,https://staging.lacuisinedebernard.com/batatas-fritas-de-trigo-mourisco-com-sal-e-pimenta
https://www.lacuisinedebernard.com/batatas-fritas-de-trigo-mourisco-com-sal-e-pimenta,https://staging.lacuisinedebernard.com/batatas-fritas-de-trigo-mourisco-com-sal-e-pimenta
https://www.lacuisinedebernard.com/batatas-fritas-de-trigo-mourisco-com-sal-e-pimenta/,https://staging.lacuisinedebernard.com/batatas-fritas-de-trigo-mourisco-com-sal-e-pimenta
https://lacuisinedebernard.com/%d9%81%d8%b7%d9%8a%d8%b1%d8%a9-%d8%af%d8%ac%d8%a7%d8%ac-%d8%8c-%d9%83%d8%a7%d8%b1%d9%8a-%d9%88-%d9%83%d8%b1%d8%a7%d8%ab,https://staging.lacuisinedebernard.com/%d9%81%d8%b7%d9%8a%d8%b1%d8%a9-%d8%af%d8%ac%d8%a7%d8%ac-%d8%8c-%d9%83%d8%a7%d8%b1%d9%8a-%d9%88-%d9%83%d8%b1%d8%a7%d8%ab
https://lacuisinedebernard.com/%d9%81%d8%b7%d9%8a%d8%b1%d8%a9-%d8%af%d8%ac%d8%a7%d8%ac-%d8%8c-%d9%83%d8%a7%d8%b1%d9%8a-%d9%88-%d9%83%d8%b1%d8%a7%d8%ab/,https://staging.lacuisinedebernard.com/%d9%81%d8%b7%d9%8a%d8%b1%d8%a9-%d8%af%d8%ac%d8%a7%d8%ac-%d8%8c-%d9%83%d8%a7%d8%b1%d9%8a-%d9%88-%d9%83%d8%b1%d8%a7%d8%ab
https://www.lacuisinedebernard.com/%d9%81%d8%b7%d9%8a%d8%b1%d8%a9-%d8%af%d8%ac%d8%a7%d8%ac-%d8%8c-%d9%83%d8%a7%d8%b1%d9%8a-%d9%88-%d9%83%d8%b1%d8%a7%d8%ab,https://staging.lacuisinedebernard.com/%d9%81%d8%b7%d9%8a%d8%b1%d8%a9-%d8%af%d8%ac%d8%a7%d8%ac-%d8%8c-%d9%83%d8%a7%d8%b1%d9%8a-%d9%88-%d9%83%d8%b1%d8%a7%d8%ab
https://www.lacuisinedebernard.com/%d9%81%d8%b7%d9%8a%d8%b1%d8%a9-%d8%af%d8%ac%d8%a7%d8%ac-%d8%8c-%d9%83%d8%a7%d8%b1%d9%8a-%d9%88-%d9%83%d8%b1%d8%a7%d8%ab/,https://staging.lacuisinedebernard.com/%d9%81%d8%b7%d9%8a%d8%b1%d8%a9-%d8%af%d8%ac%d8%a7%d8%ac-%d8%8c-%d9%83%d8%a7%d8%b1%d9%8a-%d9%88-%d9%83%d8%b1%d8%a7%d8%ab
https://lacuisinedebernard.com/harchas-with-tapenade,https://staging.lacuisinedebernard.com/harchas-with-tapenade
https://lacuisinedebernard.com/harchas-with-tapenade/,https://staging.lacuisinedebernard.com/harchas-with-tapenade
https://www.lacuisinedebernard.com/harchas-with-tapenade,https://staging.lacuisinedebernard.com/harchas-with-tapenade
https://www.lacuisinedebernard.com/harchas-with-tapenade/,https://staging.lacuisinedebernard.com/harchas-with-tapenade
https://lacuisinedebernard.com/tarta-de-chocolate-blanco-y-coco,https://staging.lacuisinedebernard.com/tarta-de-chocolate-blanco-y-coco
https://lacuisinedebernard.com/tarta-de-chocolate-blanco-y-coco/,https://staging.lacuisinedebernard.com/tarta-de-chocolate-blanco-y-coco
https://www.lacuisinedebernard.com/tarta-de-chocolate-blanco-y-coco,https://staging.lacuisinedebernard.com/tarta-de-chocolate-blanco-y-coco
https://www.lacuisinedebernard.com/tarta-de-chocolate-blanco-y-coco/,https://staging.lacuisinedebernard.com/tarta-de-chocolate-blanco-y-coco
https://lacuisinedebernard.com/pasteis-de-nata-%d8%b9%d9%84%d9%89-%d9%81%d9%8a%d8%b3%d8%a8%d9%88%d9%83-%d9%85%d8%a8%d8%a7%d8%b4%d8%b1,https://staging.lacuisinedebernard.com/pasteis-de-nata-%d8%b9%d9%84%d9%89-%d9%81%d9%8a%d8%b3%d8%a8%d9%88%d9%83-%d9%85%d8%a8%d8%a7%d8%b4%d8%b1
https://lacuisinedebernard.com/pasteis-de-nata-%d8%b9%d9%84%d9%89-%d9%81%d9%8a%d8%b3%d8%a8%d9%88%d9%83-%d9%85%d8%a8%d8%a7%d8%b4%d8%b1/,https://staging.lacuisinedebernard.com/pasteis-de-nata-%d8%b9%d9%84%d9%89-%d9%81%d9%8a%d8%b3%d8%a8%d9%88%d9%83-%d9%85%d8%a8%d8%a7%d8%b4%d8%b1
https://www.lacuisinedebernard.com/pasteis-de-nata-%d8%b9%d9%84%d9%89-%d9%81%d9%8a%d8%b3%d8%a8%d9%88%d9%83-%d9%85%d8%a8%d8%a7%d8%b4%d8%b1,https://staging.lacuisinedebernard.com/pasteis-de-nata-%d8%b9%d9%84%d9%89-%d9%81%d9%8a%d8%b3%d8%a8%d9%88%d9%83-%d9%85%d8%a8%d8%a7%d8%b4%d8%b1
https://www.lacuisinedebernard.com/pasteis-de-nata-%d8%b9%d9%84%d9%89-%d9%81%d9%8a%d8%b3%d8%a8%d9%88%d9%83-%d9%85%d8%a8%d8%a7%d8%b4%d8%b1/,https://staging.lacuisinedebernard.com/pasteis-de-nata-%d8%b9%d9%84%d9%89-%d9%81%d9%8a%d8%b3%d8%a8%d9%88%d9%83-%d9%85%d8%a8%d8%a7%d8%b4%d8%b1
https://lacuisinedebernard.com/harchas-%d9%85%d8%b9-tapenade,https://staging.lacuisinedebernard.com/harchas-%d9%85%d8%b9-tapenade
https://lacuisinedebernard.com/harchas-%d9%85%d8%b9-tapenade/,https://staging.lacuisinedebernard.com/harchas-%d9%85%d8%b9-tapenade
https://www.lacuisinedebernard.com/harchas-%d9%85%d8%b9-tapenade,https://staging.lacuisinedebernard.com/harchas-%d9%85%d8%b9-tapenade
https://www.lacuisinedebernard.com/harchas-%d9%85%d8%b9-tapenade/,https://staging.lacuisinedebernard.com/harchas-%d9%85%d8%b9-tapenade
https://lacuisinedebernard.com/facebook-live-jueves-8-de-febrero-a-las-1900-horas,https://staging.lacuisinedebernard.com/facebook-live-jueves-8-de-febrero-a-las-1900-horas
https://lacuisinedebernard.com/facebook-live-jueves-8-de-febrero-a-las-1900-horas/,https://staging.lacuisinedebernard.com/facebook-live-jueves-8-de-febrero-a-las-1900-horas
https://www.lacuisinedebernard.com/facebook-live-jueves-8-de-febrero-a-las-1900-horas,https://staging.lacuisinedebernard.com/facebook-live-jueves-8-de-febrero-a-las-1900-horas
https://www.lacuisinedebernard.com/facebook-live-jueves-8-de-febrero-a-las-1900-horas/,https://staging.lacuisinedebernard.com/facebook-live-jueves-8-de-febrero-a-las-1900-horas
https://lacuisinedebernard.com/%d8%aa%d8%a7%d8%b1%d8%aa-%d8%aa%d8%a7%d8%b1%d8%aa-%d8%ad%d9%84%d8%b2%d9%88%d9%86%d9%8a,https://staging.lacuisinedebernard.com/%d8%aa%d8%a7%d8%b1%d8%aa-%d8%aa%d8%a7%d8%b1%d8%aa-%d8%ad%d9%84%d8%b2%d9%88%d9%86%d9%8a
https://lacuisinedebernard.com/%d8%aa%d8%a7%d8%b1%d8%aa-%d8%aa%d8%a7%d8%b1%d8%aa-%d8%ad%d9%84%d8%b2%d9%88%d9%86%d9%8a/,https://staging.lacuisinedebernard.com/%d8%aa%d8%a7%d8%b1%d8%aa-%d8%aa%d8%a7%d8%b1%d8%aa-%d8%ad%d9%84%d8%b2%d9%88%d9%86%d9%8a
https://www.lacuisinedebernard.com/%d8%aa%d8%a7%d8%b1%d8%aa-%d8%aa%d8%a7%d8%b1%d8%aa-%d8%ad%d9%84%d8%b2%d9%88%d9%86%d9%8a,https://staging.lacuisinedebernard.com/%d8%aa%d8%a7%d8%b1%d8%aa-%d8%aa%d8%a7%d8%b1%d8%aa-%d8%ad%d9%84%d8%b2%d9%88%d9%86%d9%8a
https://www.lacuisinedebernard.com/%d8%aa%d8%a7%d8%b1%d8%aa-%d8%aa%d8%a7%d8%b1%d8%aa-%d8%ad%d9%84%d8%b2%d9%88%d9%86%d9%8a/,https://staging.lacuisinedebernard.com/%d8%aa%d8%a7%d8%b1%d8%aa-%d8%aa%d8%a7%d8%b1%d8%aa-%d8%ad%d9%84%d8%b2%d9%88%d9%86%d9%8a
https://lacuisinedebernard.com/palmeiras,https://staging.lacuisinedebernard.com/palmeiras
https://lacuisinedebernard.com/palmeiras/,https://staging.lacuisinedebernard.com/palmeiras
https://www.lacuisinedebernard.com/palmeiras,https://staging.lacuisinedebernard.com/palmeiras
https://www.lacuisinedebernard.com/palmeiras/,https://staging.lacuisinedebernard.com/palmeiras
https://lacuisinedebernard.com/%d8%b9%d8%ac%d9%8a%d9%86-%d8%a7%d9%84%d9%81%d8%b7%d9%8a%d8%b1,https://staging.lacuisinedebernard.com/%d8%b9%d8%ac%d9%8a%d9%86-%d8%a7%d9%84%d9%81%d8%b7%d9%8a%d8%b1
https://lacuisinedebernard.com/%d8%b9%d8%ac%d9%8a%d9%86-%d8%a7%d9%84%d9%81%d8%b7%d9%8a%d8%b1/,https://staging.lacuisinedebernard.com/%d8%b9%d8%ac%d9%8a%d9%86-%d8%a7%d9%84%d9%81%d8%b7%d9%8a%d8%b1
https://www.lacuisinedebernard.com/%d8%b9%d8%ac%d9%8a%d9%86-%d8%a7%d9%84%d9%81%d8%b7%d9%8a%d8%b1,https://staging.lacuisinedebernard.com/%d8%b9%d8%ac%d9%8a%d9%86-%d8%a7%d9%84%d9%81%d8%b7%d9%8a%d8%b1
https://www.lacuisinedebernard.com/%d8%b9%d8%ac%d9%8a%d9%86-%d8%a7%d9%84%d9%81%d8%b7%d9%8a%d8%b1/,https://staging.lacuisinedebernard.com/%d8%b9%d8%ac%d9%8a%d9%86-%d8%a7%d9%84%d9%81%d8%b7%d9%8a%d8%b1
https://lacuisinedebernard.com/moroccan-white-beans-tomatoes-coriander-and-parsley,https://staging.lacuisinedebernard.com/moroccan-white-beans-tomatoes-coriander-and-parsley
https://lacuisinedebernard.com/moroccan-white-beans-tomatoes-coriander-and-parsley/,https://staging.lacuisinedebernard.com/moroccan-white-beans-tomatoes-coriander-and-parsley
https://www.lacuisinedebernard.com/moroccan-white-beans-tomatoes-coriander-and-parsley,https://staging.lacuisinedebernard.com/moroccan-white-beans-tomatoes-coriander-and-parsley
https://www.lacuisinedebernard.com/moroccan-white-beans-tomatoes-coriander-and-parsley/,https://staging.lacuisinedebernard.com/moroccan-white-beans-tomatoes-coriander-and-parsley
https://lacuisinedebernard.com/bolo-de-coco-de-chocolate-branco,https://staging.lacuisinedebernard.com/bolo-de-coco-de-chocolate-branco
https://lacuisinedebernard.com/bolo-de-coco-de-chocolate-branco/,https://staging.lacuisinedebernard.com/bolo-de-coco-de-chocolate-branco
https://www.lacuisinedebernard.com/bolo-de-coco-de-chocolate-branco,https://staging.lacuisinedebernard.com/bolo-de-coco-de-chocolate-branco
https://www.lacuisinedebernard.com/bolo-de-coco-de-chocolate-branco/,https://staging.lacuisinedebernard.com/bolo-de-coco-de-chocolate-branco
https://lacuisinedebernard.com/buckwheat-chips-with-salt-and-pepper,https://staging.lacuisinedebernard.com/buckwheat-chips-with-salt-and-pepper
https://lacuisinedebernard.com/buckwheat-chips-with-salt-and-pepper/,https://staging.lacuisinedebernard.com/buckwheat-chips-with-salt-and-pepper
https://www.lacuisinedebernard.com/buckwheat-chips-with-salt-and-pepper,https://staging.lacuisinedebernard.com/buckwheat-chips-with-salt-and-pepper
https://www.lacuisinedebernard.com/buckwheat-chips-with-salt-and-pepper/,https://staging.lacuisinedebernard.com/buckwheat-chips-with-salt-and-pepper
https://lacuisinedebernard.com/50-000-agradecimentos-na-instagram,https://staging.lacuisinedebernard.com/50-000-agradecimentos-na-instagram
https://lacuisinedebernard.com/50-000-agradecimentos-na-instagram/,https://staging.lacuisinedebernard.com/50-000-agradecimentos-na-instagram
https://www.lacuisinedebernard.com/50-000-agradecimentos-na-instagram,https://staging.lacuisinedebernard.com/50-000-agradecimentos-na-instagram
https://www.lacuisinedebernard.com/50-000-agradecimentos-na-instagram/,https://staging.lacuisinedebernard.com/50-000-agradecimentos-na-instagram
https://lacuisinedebernard.com/50000-thanks-on-instagram,https://staging.lacuisinedebernard.com/50000-thanks-on-instagram
https://lacuisinedebernard.com/50000-thanks-on-instagram/,https://staging.lacuisinedebernard.com/50000-thanks-on-instagram
https://www.lacuisinedebernard.com/50000-thanks-on-instagram,https://staging.lacuisinedebernard.com/50000-thanks-on-instagram
https://www.lacuisinedebernard.com/50000-thanks-on-instagram/,https://staging.lacuisinedebernard.com/50000-thanks-on-instagram
https://lacuisinedebernard.com/50%d8%8c000-%d8%b4%d9%83%d8%b1-%d8%b9%d9%84%d9%89-instagram,https://staging.lacuisinedebernard.com/50%d8%8c000-%d8%b4%d9%83%d8%b1-%d8%b9%d9%84%d9%89-instagram
https://lacuisinedebernard.com/50%d8%8c000-%d8%b4%d9%83%d8%b1-%d8%b9%d9%84%d9%89-instagram/,https://staging.lacuisinedebernard.com/50%d8%8c000-%d8%b4%d9%83%d8%b1-%d8%b9%d9%84%d9%89-instagram
https://www.lacuisinedebernard.com/50%d8%8c000-%d8%b4%d9%83%d8%b1-%d8%b9%d9%84%d9%89-instagram,https://staging.lacuisinedebernard.com/50%d8%8c000-%d8%b4%d9%83%d8%b1-%d8%b9%d9%84%d9%89-instagram
https://www.lacuisinedebernard.com/50%d8%8c000-%d8%b4%d9%83%d8%b1-%d8%b9%d9%84%d9%89-instagram/,https://staging.lacuisinedebernard.com/50%d8%8c000-%d8%b4%d9%83%d8%b1-%d8%b9%d9%84%d9%89-instagram
https://lacuisinedebernard.com/cheddar-e-pistachio-shortbread,https://staging.lacuisinedebernard.com/cheddar-e-pistachio-shortbread
https://lacuisinedebernard.com/cheddar-e-pistachio-shortbread/,https://staging.lacuisinedebernard.com/cheddar-e-pistachio-shortbread
https://www.lacuisinedebernard.com/cheddar-e-pistachio-shortbread,https://staging.lacuisinedebernard.com/cheddar-e-pistachio-shortbread
https://www.lacuisinedebernard.com/cheddar-e-pistachio-shortbread/,https://staging.lacuisinedebernard.com/cheddar-e-pistachio-shortbread
https://lacuisinedebernard.com/creme-de-cafe-cremoso,https://staging.lacuisinedebernard.com/creme-de-cafe-cremoso
https://lacuisinedebernard.com/creme-de-cafe-cremoso/,https://staging.lacuisinedebernard.com/creme-de-cafe-cremoso
https://www.lacuisinedebernard.com/creme-de-cafe-cremoso,https://staging.lacuisinedebernard.com/creme-de-cafe-cremoso
https://www.lacuisinedebernard.com/creme-de-cafe-cremoso/,https://staging.lacuisinedebernard.com/creme-de-cafe-cremoso
https://lacuisinedebernard.com/amaretti-pistacho-cardamomo,https://staging.lacuisinedebernard.com/amaretti-pistacho-cardamomo
https://lacuisinedebernard.com/amaretti-pistacho-cardamomo/,https://staging.lacuisinedebernard.com/amaretti-pistacho-cardamomo
https://www.lacuisinedebernard.com/amaretti-pistacho-cardamomo,https://staging.lacuisinedebernard.com/amaretti-pistacho-cardamomo
https://www.lacuisinedebernard.com/amaretti-pistacho-cardamomo/,https://staging.lacuisinedebernard.com/amaretti-pistacho-cardamomo
https://lacuisinedebernard.com/amaretti-pistachio-cardamom,https://staging.lacuisinedebernard.com/amaretti-pistachio-cardamom
https://lacuisinedebernard.com/amaretti-pistachio-cardamom/,https://staging.lacuisinedebernard.com/amaretti-pistachio-cardamom
https://www.lacuisinedebernard.com/amaretti-pistachio-cardamom,https://staging.lacuisinedebernard.com/amaretti-pistachio-cardamom
https://www.lacuisinedebernard.com/amaretti-pistachio-cardamom/,https://staging.lacuisinedebernard.com/amaretti-pistachio-cardamom
https://lacuisinedebernard.com/%d8%a3%d9%85%d8%a7%d8%b1%d9%8a%d8%aa%d9%8a-%d8%a7%d9%84%d9%81%d8%b3%d8%aa%d9%82-%d8%a7%d9%84%d9%87%d9%8a%d9%84,https://staging.lacuisinedebernard.com/%d8%a3%d9%85%d8%a7%d8%b1%d9%8a%d8%aa%d9%8a-%d8%a7%d9%84%d9%81%d8%b3%d8%aa%d9%82-%d8%a7%d9%84%d9%87%d9%8a%d9%84
https://lacuisinedebernard.com/%d8%a3%d9%85%d8%a7%d8%b1%d9%8a%d8%aa%d9%8a-%d8%a7%d9%84%d9%81%d8%b3%d8%aa%d9%82-%d8%a7%d9%84%d9%87%d9%8a%d9%84/,https://staging.lacuisinedebernard.com/%d8%a3%d9%85%d8%a7%d8%b1%d9%8a%d8%aa%d9%8a-%d8%a7%d9%84%d9%81%d8%b3%d8%aa%d9%82-%d8%a7%d9%84%d9%87%d9%8a%d9%84
https://www.lacuisinedebernard.com/%d8%a3%d9%85%d8%a7%d8%b1%d9%8a%d8%aa%d9%8a-%d8%a7%d9%84%d9%81%d8%b3%d8%aa%d9%82-%d8%a7%d9%84%d9%87%d9%8a%d9%84,https://staging.lacuisinedebernard.com/%d8%a3%d9%85%d8%a7%d8%b1%d9%8a%d8%aa%d9%8a-%d8%a7%d9%84%d9%81%d8%b3%d8%aa%d9%82-%d8%a7%d9%84%d9%87%d9%8a%d9%84
https://www.lacuisinedebernard.com/%d8%a3%d9%85%d8%a7%d8%b1%d9%8a%d8%aa%d9%8a-%d8%a7%d9%84%d9%81%d8%b3%d8%aa%d9%82-%d8%a7%d9%84%d9%87%d9%8a%d9%84/,https://staging.lacuisinedebernard.com/%d8%a3%d9%85%d8%a7%d8%b1%d9%8a%d8%aa%d9%8a-%d8%a7%d9%84%d9%81%d8%b3%d8%aa%d9%82-%d8%a7%d9%84%d9%87%d9%8a%d9%84
https://lacuisinedebernard.com/%d9%83%d8%b1%d9%8a%d9%85%d8%a9-%d8%a7%d9%84%d9%82%d9%87%d9%88%d8%a9-%d8%a7%d9%84%d9%83%d8%b1%d9%8a%d9%85%d9%8a%d8%a9,https://staging.lacuisinedebernard.com/%d9%83%d8%b1%d9%8a%d9%85%d8%a9-%d8%a7%d9%84%d9%82%d9%87%d9%88%d8%a9-%d8%a7%d9%84%d9%83%d8%b1%d9%8a%d9%85%d9%8a%d8%a9
https://lacuisinedebernard.com/%d9%83%d8%b1%d9%8a%d9%85%d8%a9-%d8%a7%d9%84%d9%82%d9%87%d9%88%d8%a9-%d8%a7%d9%84%d9%83%d8%b1%d9%8a%d9%85%d9%8a%d8%a9/,https://staging.lacuisinedebernard.com/%d9%83%d8%b1%d9%8a%d9%85%d8%a9-%d8%a7%d9%84%d9%82%d9%87%d9%88%d8%a9-%d8%a7%d9%84%d9%83%d8%b1%d9%8a%d9%85%d9%8a%d8%a9
https://www.lacuisinedebernard.com/%d9%83%d8%b1%d9%8a%d9%85%d8%a9-%d8%a7%d9%84%d9%82%d9%87%d9%88%d8%a9-%d8%a7%d9%84%d9%83%d8%b1%d9%8a%d9%85%d9%8a%d8%a9,https://staging.lacuisinedebernard.com/%d9%83%d8%b1%d9%8a%d9%85%d8%a9-%d8%a7%d9%84%d9%82%d9%87%d9%88%d8%a9-%d8%a7%d9%84%d9%83%d8%b1%d9%8a%d9%85%d9%8a%d8%a9
https://www.lacuisinedebernard.com/%d9%83%d8%b1%d9%8a%d9%85%d8%a9-%d8%a7%d9%84%d9%82%d9%87%d9%88%d8%a9-%d8%a7%d9%84%d9%83%d8%b1%d9%8a%d9%85%d9%8a%d8%a9/,https://staging.lacuisinedebernard.com/%d9%83%d8%b1%d9%8a%d9%85%d8%a9-%d8%a7%d9%84%d9%82%d9%87%d9%88%d8%a9-%d8%a7%d9%84%d9%83%d8%b1%d9%8a%d9%85%d9%8a%d8%a9
https://lacuisinedebernard.com/galletas-de-pistacho-y-chocolate-blanco,https://staging.lacuisinedebernard.com/galletas-de-pistacho-y-chocolate-blanco
https://lacuisinedebernard.com/galletas-de-pistacho-y-chocolate-blanco/,https://staging.lacuisinedebernard.com/galletas-de-pistacho-y-chocolate-blanco
https://www.lacuisinedebernard.com/galletas-de-pistacho-y-chocolate-blanco,https://staging.lacuisinedebernard.com/galletas-de-pistacho-y-chocolate-blanco
https://www.lacuisinedebernard.com/galletas-de-pistacho-y-chocolate-blanco/,https://staging.lacuisinedebernard.com/galletas-de-pistacho-y-chocolate-blanco
https://lacuisinedebernard.com/50-000-gracias-en-instagram,https://staging.lacuisinedebernard.com/50-000-gracias-en-instagram
https://lacuisinedebernard.com/50-000-gracias-en-instagram/,https://staging.lacuisinedebernard.com/50-000-gracias-en-instagram
https://www.lacuisinedebernard.com/50-000-gracias-en-instagram,https://staging.lacuisinedebernard.com/50-000-gracias-en-instagram
https://www.lacuisinedebernard.com/50-000-gracias-en-instagram/,https://staging.lacuisinedebernard.com/50-000-gracias-en-instagram
https://lacuisinedebernard.com/queijo-camembert-panado-frito-com-compota-de-mirtilo,https://staging.lacuisinedebernard.com/queijo-camembert-panado-frito-com-compota-de-mirtilo
https://lacuisinedebernard.com/queijo-camembert-panado-frito-com-compota-de-mirtilo/,https://staging.lacuisinedebernard.com/queijo-camembert-panado-frito-com-compota-de-mirtilo
https://www.lacuisinedebernard.com/queijo-camembert-panado-frito-com-compota-de-mirtilo,https://staging.lacuisinedebernard.com/queijo-camembert-panado-frito-com-compota-de-mirtilo
https://www.lacuisinedebernard.com/queijo-camembert-panado-frito-com-compota-de-mirtilo/,https://staging.lacuisinedebernard.com/queijo-camembert-panado-frito-com-compota-de-mirtilo
https://lacuisinedebernard.com/%d8%a7%d9%84%d9%81%d9%88%d9%84-%d8%a7%d9%84%d8%b3%d9%88%d8%af%d8%a7%d9%86%d9%8a-%d9%88%d8%a7%d9%84%d8%b3%d8%a8%d8%a7%d9%86%d8%ae-%d9%88%d8%a7%d9%84%d9%84%d9%8a%d9%85%d9%88%d9%86-%d9%88%d8%a7%d9%84,https://staging.lacuisinedebernard.com/%d8%a7%d9%84%d9%81%d9%88%d9%84-%d8%a7%d9%84%d8%b3%d9%88%d8%af%d8%a7%d9%86%d9%8a-%d9%88%d8%a7%d9%84%d8%b3%d8%a8%d8%a7%d9%86%d8%ae-%d9%88%d8%a7%d9%84%d9%84%d9%8a%d9%85%d9%88%d9%86-%d9%88%d8%a7%d9%84
https://lacuisinedebernard.com/%d8%a7%d9%84%d9%81%d9%88%d9%84-%d8%a7%d9%84%d8%b3%d9%88%d8%af%d8%a7%d9%86%d9%8a-%d9%88%d8%a7%d9%84%d8%b3%d8%a8%d8%a7%d9%86%d8%ae-%d9%88%d8%a7%d9%84%d9%84%d9%8a%d9%85%d9%88%d9%86-%d9%88%d8%a7%d9%84/,https://staging.lacuisinedebernard.com/%d8%a7%d9%84%d9%81%d9%88%d9%84-%d8%a7%d9%84%d8%b3%d9%88%d8%af%d8%a7%d9%86%d9%8a-%d9%88%d8%a7%d9%84%d8%b3%d8%a8%d8%a7%d9%86%d8%ae-%d9%88%d8%a7%d9%84%d9%84%d9%8a%d9%85%d9%88%d9%86-%d9%88%d8%a7%d9%84
https://www.lacuisinedebernard.com/%d8%a7%d9%84%d9%81%d9%88%d9%84-%d8%a7%d9%84%d8%b3%d9%88%d8%af%d8%a7%d9%86%d9%8a-%d9%88%d8%a7%d9%84%d8%b3%d8%a8%d8%a7%d9%86%d8%ae-%d9%88%d8%a7%d9%84%d9%84%d9%8a%d9%85%d9%88%d9%86-%d9%88%d8%a7%d9%84,https://staging.lacuisinedebernard.com/%d8%a7%d9%84%d9%81%d9%88%d9%84-%d8%a7%d9%84%d8%b3%d9%88%d8%af%d8%a7%d9%86%d9%8a-%d9%88%d8%a7%d9%84%d8%b3%d8%a8%d8%a7%d9%86%d8%ae-%d9%88%d8%a7%d9%84%d9%84%d9%8a%d9%85%d9%88%d9%86-%d9%88%d8%a7%d9%84
https://www.lacuisinedebernard.com/%d8%a7%d9%84%d9%81%d9%88%d9%84-%d8%a7%d9%84%d8%b3%d9%88%d8%af%d8%a7%d9%86%d9%8a-%d9%88%d8%a7%d9%84%d8%b3%d8%a8%d8%a7%d9%86%d8%ae-%d9%88%d8%a7%d9%84%d9%84%d9%8a%d9%85%d9%88%d9%86-%d9%88%d8%a7%d9%84/,https://staging.lacuisinedebernard.com/%d8%a7%d9%84%d9%81%d9%88%d9%84-%d8%a7%d9%84%d8%b3%d9%88%d8%af%d8%a7%d9%86%d9%8a-%d9%88%d8%a7%d9%84%d8%b3%d8%a8%d8%a7%d9%86%d8%ae-%d9%88%d8%a7%d9%84%d9%84%d9%8a%d9%85%d9%88%d9%86-%d9%88%d8%a7%d9%84
https://lacuisinedebernard.com/crunchy-sushi-of-sticky-rice-salmon-spicy-tuna-and-crab,https://staging.lacuisinedebernard.com/crunchy-sushi-of-sticky-rice-salmon-spicy-tuna-and-crab
https://lacuisinedebernard.com/crunchy-sushi-of-sticky-rice-salmon-spicy-tuna-and-crab/,https://staging.lacuisinedebernard.com/crunchy-sushi-of-sticky-rice-salmon-spicy-tuna-and-crab
https://www.lacuisinedebernard.com/crunchy-sushi-of-sticky-rice-salmon-spicy-tuna-and-crab,https://staging.lacuisinedebernard.com/crunchy-sushi-of-sticky-rice-salmon-spicy-tuna-and-crab
https://www.lacuisinedebernard.com/crunchy-sushi-of-sticky-rice-salmon-spicy-tuna-and-crab/,https://staging.lacuisinedebernard.com/crunchy-sushi-of-sticky-rice-salmon-spicy-tuna-and-crab
https://lacuisinedebernard.com/galette-des-rois-crema-de-castanas,https://staging.lacuisinedebernard.com/galette-des-rois-crema-de-castanas
https://lacuisinedebernard.com/galette-des-rois-crema-de-castanas/,https://staging.lacuisinedebernard.com/galette-des-rois-crema-de-castanas
https://www.lacuisinedebernard.com/galette-des-rois-crema-de-castanas,https://staging.lacuisinedebernard.com/galette-des-rois-crema-de-castanas
https://www.lacuisinedebernard.com/galette-des-rois-crema-de-castanas/,https://staging.lacuisinedebernard.com/galette-des-rois-crema-de-castanas
https://lacuisinedebernard.com/croque-monsieur-brillat-savarin-%d9%88%d9%84%d8%ad%d9%85-%d8%a7%d9%84%d8%ae%d9%86%d8%b2%d9%8a%d8%b1-%d9%88-tartufata,https://staging.lacuisinedebernard.com/croque-monsieur-brillat-savarin-%d9%88%d9%84%d8%ad%d9%85-%d8%a7%d9%84%d8%ae%d9%86%d8%b2%d9%8a%d8%b1-%d9%88-tartufata
https://lacuisinedebernard.com/croque-monsieur-brillat-savarin-%d9%88%d9%84%d8%ad%d9%85-%d8%a7%d9%84%d8%ae%d9%86%d8%b2%d9%8a%d8%b1-%d9%88-tartufata/,https://staging.lacuisinedebernard.com/croque-monsieur-brillat-savarin-%d9%88%d9%84%d8%ad%d9%85-%d8%a7%d9%84%d8%ae%d9%86%d8%b2%d9%8a%d8%b1-%d9%88-tartufata
https://www.lacuisinedebernard.com/croque-monsieur-brillat-savarin-%d9%88%d9%84%d8%ad%d9%85-%d8%a7%d9%84%d8%ae%d9%86%d8%b2%d9%8a%d8%b1-%d9%88-tartufata,https://staging.lacuisinedebernard.com/croque-monsieur-brillat-savarin-%d9%88%d9%84%d8%ad%d9%85-%d8%a7%d9%84%d8%ae%d9%86%d8%b2%d9%8a%d8%b1-%d9%88-tartufata
https://www.lacuisinedebernard.com/croque-monsieur-brillat-savarin-%d9%88%d9%84%d8%ad%d9%85-%d8%a7%d9%84%d8%ae%d9%86%d8%b2%d9%8a%d8%b1-%d9%88-tartufata/,https://staging.lacuisinedebernard.com/croque-monsieur-brillat-savarin-%d9%88%d9%84%d8%ad%d9%85-%d8%a7%d9%84%d8%ae%d9%86%d8%b2%d9%8a%d8%b1-%d9%88-tartufata
https://lacuisinedebernard.com/pistachio-e-bolachas-de-chocolate-branco,https://staging.lacuisinedebernard.com/pistachio-e-bolachas-de-chocolate-branco
https://lacuisinedebernard.com/pistachio-e-bolachas-de-chocolate-branco/,https://staging.lacuisinedebernard.com/pistachio-e-bolachas-de-chocolate-branco
https://www.lacuisinedebernard.com/pistachio-e-bolachas-de-chocolate-branco,https://staging.lacuisinedebernard.com/pistachio-e-bolachas-de-chocolate-branco
https://www.lacuisinedebernard.com/pistachio-e-bolachas-de-chocolate-branco/,https://staging.lacuisinedebernard.com/pistachio-e-bolachas-de-chocolate-branco
https://lacuisinedebernard.com/%d9%81%d8%b7%d8%a7%d8%a6%d8%b1-%d9%81%d9%84%d8%a7%d8%a8-%d8%ac%d8%a7%d9%83-%d9%86%d8%a8%d8%a7%d8%aa%d9%8a%d8%a9-%d8%8c-%d9%85%d9%83%d8%b3%d8%b1%d8%a7%d8%aa-%d8%b4%d9%88%d9%83%d9%88%d9%84%d8%a7%d8%aa,https://staging.lacuisinedebernard.com/%d9%81%d8%b7%d8%a7%d8%a6%d8%b1-%d9%81%d9%84%d8%a7%d8%a8-%d8%ac%d8%a7%d9%83-%d9%86%d8%a8%d8%a7%d8%aa%d9%8a%d8%a9-%d8%8c-%d9%85%d9%83%d8%b3%d8%b1%d8%a7%d8%aa-%d8%b4%d9%88%d9%83%d9%88%d9%84%d8%a7%d8%aa
https://lacuisinedebernard.com/%d9%81%d8%b7%d8%a7%d8%a6%d8%b1-%d9%81%d9%84%d8%a7%d8%a8-%d8%ac%d8%a7%d9%83-%d9%86%d8%a8%d8%a7%d8%aa%d9%8a%d8%a9-%d8%8c-%d9%85%d9%83%d8%b3%d8%b1%d8%a7%d8%aa-%d8%b4%d9%88%d9%83%d9%88%d9%84%d8%a7%d8%aa/,https://staging.lacuisinedebernard.com/%d9%81%d8%b7%d8%a7%d8%a6%d8%b1-%d9%81%d9%84%d8%a7%d8%a8-%d8%ac%d8%a7%d9%83-%d9%86%d8%a8%d8%a7%d8%aa%d9%8a%d8%a9-%d8%8c-%d9%85%d9%83%d8%b3%d8%b1%d8%a7%d8%aa-%d8%b4%d9%88%d9%83%d9%88%d9%84%d8%a7%d8%aa
https://www.lacuisinedebernard.com/%d9%81%d8%b7%d8%a7%d8%a6%d8%b1-%d9%81%d9%84%d8%a7%d8%a8-%d8%ac%d8%a7%d9%83-%d9%86%d8%a8%d8%a7%d8%aa%d9%8a%d8%a9-%d8%8c-%d9%85%d9%83%d8%b3%d8%b1%d8%a7%d8%aa-%d8%b4%d9%88%d9%83%d9%88%d9%84%d8%a7%d8%aa,https://staging.lacuisinedebernard.com/%d9%81%d8%b7%d8%a7%d8%a6%d8%b1-%d9%81%d9%84%d8%a7%d8%a8-%d8%ac%d8%a7%d9%83-%d9%86%d8%a8%d8%a7%d8%aa%d9%8a%d8%a9-%d8%8c-%d9%85%d9%83%d8%b3%d8%b1%d8%a7%d8%aa-%d8%b4%d9%88%d9%83%d9%88%d9%84%d8%a7%d8%aa
https://www.lacuisinedebernard.com/%d9%81%d8%b7%d8%a7%d8%a6%d8%b1-%d9%81%d9%84%d8%a7%d8%a8-%d8%ac%d8%a7%d9%83-%d9%86%d8%a8%d8%a7%d8%aa%d9%8a%d8%a9-%d8%8c-%d9%85%d9%83%d8%b3%d8%b1%d8%a7%d8%aa-%d8%b4%d9%88%d9%83%d9%88%d9%84%d8%a7%d8%aa/,https://staging.lacuisinedebernard.com/%d9%81%d8%b7%d8%a7%d8%a6%d8%b1-%d9%81%d9%84%d8%a7%d8%a8-%d8%ac%d8%a7%d9%83-%d9%86%d8%a8%d8%a7%d8%aa%d9%8a%d8%a9-%d8%8c-%d9%85%d9%83%d8%b3%d8%b1%d8%a7%d8%aa-%d8%b4%d9%88%d9%83%d9%88%d9%84%d8%a7%d8%aa
https://lacuisinedebernard.com/deep-fried-breaded-camembert-cheese-with-blueberry-jam,https://staging.lacuisinedebernard.com/deep-fried-breaded-camembert-cheese-with-blueberry-jam
https://lacuisinedebernard.com/deep-fried-breaded-camembert-cheese-with-blueberry-jam/,https://staging.lacuisinedebernard.com/deep-fried-breaded-camembert-cheese-with-blueberry-jam
https://www.lacuisinedebernard.com/deep-fried-breaded-camembert-cheese-with-blueberry-jam,https://staging.lacuisinedebernard.com/deep-fried-breaded-camembert-cheese-with-blueberry-jam
https://www.lacuisinedebernard.com/deep-fried-breaded-camembert-cheese-with-blueberry-jam/,https://staging.lacuisinedebernard.com/deep-fried-breaded-camembert-cheese-with-blueberry-jam
https://lacuisinedebernard.com/%d8%b3%d9%88%d8%b4%d9%8a-%d9%85%d9%82%d8%b1%d9%85%d8%b4-%d9%85%d9%86-%d8%a7%d9%84%d8%a3%d8%b1%d8%b2-%d8%a7%d9%84%d9%84%d8%b2%d8%ac-%d9%88%d8%a7%d9%84%d8%b3%d9%84%d9%85%d9%88%d9%86-%d9%88%d8%a7%d9%84,https://staging.lacuisinedebernard.com/%d8%b3%d9%88%d8%b4%d9%8a-%d9%85%d9%82%d8%b1%d9%85%d8%b4-%d9%85%d9%86-%d8%a7%d9%84%d8%a3%d8%b1%d8%b2-%d8%a7%d9%84%d9%84%d8%b2%d8%ac-%d9%88%d8%a7%d9%84%d8%b3%d9%84%d9%85%d9%88%d9%86-%d9%88%d8%a7%d9%84
https://lacuisinedebernard.com/%d8%b3%d9%88%d8%b4%d9%8a-%d9%85%d9%82%d8%b1%d9%85%d8%b4-%d9%85%d9%86-%d8%a7%d9%84%d8%a3%d8%b1%d8%b2-%d8%a7%d9%84%d9%84%d8%b2%d8%ac-%d9%88%d8%a7%d9%84%d8%b3%d9%84%d9%85%d9%88%d9%86-%d9%88%d8%a7%d9%84/,https://staging.lacuisinedebernard.com/%d8%b3%d9%88%d8%b4%d9%8a-%d9%85%d9%82%d8%b1%d9%85%d8%b4-%d9%85%d9%86-%d8%a7%d9%84%d8%a3%d8%b1%d8%b2-%d8%a7%d9%84%d9%84%d8%b2%d8%ac-%d9%88%d8%a7%d9%84%d8%b3%d9%84%d9%85%d9%88%d9%86-%d9%88%d8%a7%d9%84
https://www.lacuisinedebernard.com/%d8%b3%d9%88%d8%b4%d9%8a-%d9%85%d9%82%d8%b1%d9%85%d8%b4-%d9%85%d9%86-%d8%a7%d9%84%d8%a3%d8%b1%d8%b2-%d8%a7%d9%84%d9%84%d8%b2%d8%ac-%d9%88%d8%a7%d9%84%d8%b3%d9%84%d9%85%d9%88%d9%86-%d9%88%d8%a7%d9%84,https://staging.lacuisinedebernard.com/%d8%b3%d9%88%d8%b4%d9%8a-%d9%85%d9%82%d8%b1%d9%85%d8%b4-%d9%85%d9%86-%d8%a7%d9%84%d8%a3%d8%b1%d8%b2-%d8%a7%d9%84%d9%84%d8%b2%d8%ac-%d9%88%d8%a7%d9%84%d8%b3%d9%84%d9%85%d9%88%d9%86-%d9%88%d8%a7%d9%84
https://www.lacuisinedebernard.com/%d8%b3%d9%88%d8%b4%d9%8a-%d9%85%d9%82%d8%b1%d9%85%d8%b4-%d9%85%d9%86-%d8%a7%d9%84%d8%a3%d8%b1%d8%b2-%d8%a7%d9%84%d9%84%d8%b2%d8%ac-%d9%88%d8%a7%d9%84%d8%b3%d9%84%d9%85%d9%88%d9%86-%d9%88%d8%a7%d9%84/,https://staging.lacuisinedebernard.com/%d8%b3%d9%88%d8%b4%d9%8a-%d9%85%d9%82%d8%b1%d9%85%d8%b4-%d9%85%d9%86-%d8%a7%d9%84%d8%a3%d8%b1%d8%b2-%d8%a7%d9%84%d9%84%d8%b2%d8%ac-%d9%88%d8%a7%d9%84%d8%b3%d9%84%d9%85%d9%88%d9%86-%d9%88%d8%a7%d9%84
https://lacuisinedebernard.com/%d8%a8%d8%b3%d9%83%d9%88%d9%8a%d8%aa-%d8%a7%d9%84%d9%81%d9%88%d9%84-%d8%a7%d9%84%d8%b3%d9%88%d8%af%d8%a7%d9%86%d9%8a-%d9%88%d8%a7%d9%84%d9%83%d8%a7%d9%83%d8%a7%d9%88,https://staging.lacuisinedebernard.com/%d8%a8%d8%b3%d9%83%d9%88%d9%8a%d8%aa-%d8%a7%d9%84%d9%81%d9%88%d9%84-%d8%a7%d9%84%d8%b3%d9%88%d8%af%d8%a7%d9%86%d9%8a-%d9%88%d8%a7%d9%84%d9%83%d8%a7%d9%83%d8%a7%d9%88
https://lacuisinedebernard.com/%d8%a8%d8%b3%d9%83%d9%88%d9%8a%d8%aa-%d8%a7%d9%84%d9%81%d9%88%d9%84-%d8%a7%d9%84%d8%b3%d9%88%d8%af%d8%a7%d9%86%d9%8a-%d9%88%d8%a7%d9%84%d9%83%d8%a7%d9%83%d8%a7%d9%88/,https://staging.lacuisinedebernard.com/%d8%a8%d8%b3%d9%83%d9%88%d9%8a%d8%aa-%d8%a7%d9%84%d9%81%d9%88%d9%84-%d8%a7%d9%84%d8%b3%d9%88%d8%af%d8%a7%d9%86%d9%8a-%d9%88%d8%a7%d9%84%d9%83%d8%a7%d9%83%d8%a7%d9%88
https://www.lacuisinedebernard.com/%d8%a8%d8%b3%d9%83%d9%88%d9%8a%d8%aa-%d8%a7%d9%84%d9%81%d9%88%d9%84-%d8%a7%d9%84%d8%b3%d9%88%d8%af%d8%a7%d9%86%d9%8a-%d9%88%d8%a7%d9%84%d9%83%d8%a7%d9%83%d8%a7%d9%88,https://staging.lacuisinedebernard.com/%d8%a8%d8%b3%d9%83%d9%88%d9%8a%d8%aa-%d8%a7%d9%84%d9%81%d9%88%d9%84-%d8%a7%d9%84%d8%b3%d9%88%d8%af%d8%a7%d9%86%d9%8a-%d9%88%d8%a7%d9%84%d9%83%d8%a7%d9%83%d8%a7%d9%88
https://www.lacuisinedebernard.com/%d8%a8%d8%b3%d9%83%d9%88%d9%8a%d8%aa-%d8%a7%d9%84%d9%81%d9%88%d9%84-%d8%a7%d9%84%d8%b3%d9%88%d8%af%d8%a7%d9%86%d9%8a-%d9%88%d8%a7%d9%84%d9%83%d8%a7%d9%83%d8%a7%d9%88/,https://staging.lacuisinedebernard.com/%d8%a8%d8%b3%d9%83%d9%88%d9%8a%d8%aa-%d8%a7%d9%84%d9%81%d9%88%d9%84-%d8%a7%d9%84%d8%b3%d9%88%d8%af%d8%a7%d9%86%d9%8a-%d9%88%d8%a7%d9%84%d9%83%d8%a7%d9%83%d8%a7%d9%88
https://lacuisinedebernard.com/pudim-de-amaretti,https://staging.lacuisinedebernard.com/pudim-de-amaretti
https://lacuisinedebernard.com/pudim-de-amaretti/,https://staging.lacuisinedebernard.com/pudim-de-amaretti
https://www.lacuisinedebernard.com/pudim-de-amaretti,https://staging.lacuisinedebernard.com/pudim-de-amaretti
https://www.lacuisinedebernard.com/pudim-de-amaretti/,https://staging.lacuisinedebernard.com/pudim-de-amaretti
https://lacuisinedebernard.com/galette-des-rois-creme-de-castanha,https://staging.lacuisinedebernard.com/galette-des-rois-creme-de-castanha
https://lacuisinedebernard.com/galette-des-rois-creme-de-castanha/,https://staging.lacuisinedebernard.com/galette-des-rois-creme-de-castanha
https://www.lacuisinedebernard.com/galette-des-rois-creme-de-castanha,https://staging.lacuisinedebernard.com/galette-des-rois-creme-de-castanha
https://www.lacuisinedebernard.com/galette-des-rois-creme-de-castanha/,https://staging.lacuisinedebernard.com/galette-des-rois-creme-de-castanha
https://lacuisinedebernard.com/pistachio-and-white-chocolate-cookies,https://staging.lacuisinedebernard.com/pistachio-and-white-chocolate-cookies
https://lacuisinedebernard.com/pistachio-and-white-chocolate-cookies/,https://staging.lacuisinedebernard.com/pistachio-and-white-chocolate-cookies
https://www.lacuisinedebernard.com/pistachio-and-white-chocolate-cookies,https://staging.lacuisinedebernard.com/pistachio-and-white-chocolate-cookies
https://www.lacuisinedebernard.com/pistachio-and-white-chocolate-cookies/,https://staging.lacuisinedebernard.com/pistachio-and-white-chocolate-cookies
https://lacuisinedebernard.com/sushi-com-foie-gras-frito,https://staging.lacuisinedebernard.com/sushi-com-foie-gras-frito
https://lacuisinedebernard.com/sushi-com-foie-gras-frito/,https://staging.lacuisinedebernard.com/sushi-com-foie-gras-frito
https://www.lacuisinedebernard.com/sushi-com-foie-gras-frito,https://staging.lacuisinedebernard.com/sushi-com-foie-gras-frito
https://www.lacuisinedebernard.com/sushi-com-foie-gras-frito/,https://staging.lacuisinedebernard.com/sushi-com-foie-gras-frito
https://lacuisinedebernard.com/%d9%83%d8%a7%d9%85%d9%85%d8%a8%d8%b1%d8%aa-%d9%85%d9%82%d9%84%d9%8a-%d9%88%d9%85%d8%b1%d8%a8%d9%89-%d8%a7%d9%84%d8%aa%d9%88%d8%aa,https://staging.lacuisinedebernard.com/%d9%83%d8%a7%d9%85%d9%85%d8%a8%d8%b1%d8%aa-%d9%85%d9%82%d9%84%d9%8a-%d9%88%d9%85%d8%b1%d8%a8%d9%89-%d8%a7%d9%84%d8%aa%d9%88%d8%aa
https://lacuisinedebernard.com/%d9%83%d8%a7%d9%85%d9%85%d8%a8%d8%b1%d8%aa-%d9%85%d9%82%d9%84%d9%8a-%d9%88%d9%85%d8%b1%d8%a8%d9%89-%d8%a7%d9%84%d8%aa%d9%88%d8%aa/,https://staging.lacuisinedebernard.com/%d9%83%d8%a7%d9%85%d9%85%d8%a8%d8%b1%d8%aa-%d9%85%d9%82%d9%84%d9%8a-%d9%88%d9%85%d8%b1%d8%a8%d9%89-%d8%a7%d9%84%d8%aa%d9%88%d8%aa
https://www.lacuisinedebernard.com/%d9%83%d8%a7%d9%85%d9%85%d8%a8%d8%b1%d8%aa-%d9%85%d9%82%d9%84%d9%8a-%d9%88%d9%85%d8%b1%d8%a8%d9%89-%d8%a7%d9%84%d8%aa%d9%88%d8%aa,https://staging.lacuisinedebernard.com/%d9%83%d8%a7%d9%85%d9%85%d8%a8%d8%b1%d8%aa-%d9%85%d9%82%d9%84%d9%8a-%d9%88%d9%85%d8%b1%d8%a8%d9%89-%d8%a7%d9%84%d8%aa%d9%88%d8%aa
https://www.lacuisinedebernard.com/%d9%83%d8%a7%d9%85%d9%85%d8%a8%d8%b1%d8%aa-%d9%85%d9%82%d9%84%d9%8a-%d9%88%d9%85%d8%b1%d8%a8%d9%89-%d8%a7%d9%84%d8%aa%d9%88%d8%aa/,https://staging.lacuisinedebernard.com/%d9%83%d8%a7%d9%85%d9%85%d8%a8%d8%b1%d8%aa-%d9%85%d9%82%d9%84%d9%8a-%d9%88%d9%85%d8%b1%d8%a8%d9%89-%d8%a7%d9%84%d8%aa%d9%88%d8%aa
https://lacuisinedebernard.com/camarao-crocante-com-wasabi,https://staging.lacuisinedebernard.com/camarao-crocante-com-wasabi
https://lacuisinedebernard.com/camarao-crocante-com-wasabi/,https://staging.lacuisinedebernard.com/camarao-crocante-com-wasabi
https://www.lacuisinedebernard.com/camarao-crocante-com-wasabi,https://staging.lacuisinedebernard.com/camarao-crocante-com-wasabi
https://www.lacuisinedebernard.com/camarao-crocante-com-wasabi/,https://staging.lacuisinedebernard.com/camarao-crocante-com-wasabi
https://lacuisinedebernard.com/%d8%a3%d9%85%d8%a7%d8%b1%d9%8a%d8%aa%d9%8a-%d8%a8%d9%88%d8%af%d9%86%d8%ba,https://staging.lacuisinedebernard.com/%d8%a3%d9%85%d8%a7%d8%b1%d9%8a%d8%aa%d9%8a-%d8%a8%d9%88%d8%af%d9%86%d8%ba
https://lacuisinedebernard.com/%d8%a3%d9%85%d8%a7%d8%b1%d9%8a%d8%aa%d9%8a-%d8%a8%d9%88%d8%af%d9%86%d8%ba/,https://staging.lacuisinedebernard.com/%d8%a3%d9%85%d8%a7%d8%b1%d9%8a%d8%aa%d9%8a-%d8%a8%d9%88%d8%af%d9%86%d8%ba
https://www.lacuisinedebernard.com/%d8%a3%d9%85%d8%a7%d8%b1%d9%8a%d8%aa%d9%8a-%d8%a8%d9%88%d8%af%d9%86%d8%ba,https://staging.lacuisinedebernard.com/%d8%a3%d9%85%d8%a7%d8%b1%d9%8a%d8%aa%d9%8a-%d8%a8%d9%88%d8%af%d9%86%d8%ba
https://www.lacuisinedebernard.com/%d8%a3%d9%85%d8%a7%d8%b1%d9%8a%d8%aa%d9%8a-%d8%a8%d9%88%d8%af%d9%86%d8%ba/,https://staging.lacuisinedebernard.com/%d8%a3%d9%85%d8%a7%d8%b1%d9%8a%d8%aa%d9%8a-%d8%a8%d9%88%d8%af%d9%86%d8%ba
https://lacuisinedebernard.com/tarta-de-crema-de-pera-y-castanas,https://staging.lacuisinedebernard.com/tarta-de-crema-de-pera-y-castanas
https://lacuisinedebernard.com/tarta-de-crema-de-pera-y-castanas/,https://staging.lacuisinedebernard.com/tarta-de-crema-de-pera-y-castanas
https://www.lacuisinedebernard.com/tarta-de-crema-de-pera-y-castanas,https://staging.lacuisinedebernard.com/tarta-de-crema-de-pera-y-castanas
https://www.lacuisinedebernard.com/tarta-de-crema-de-pera-y-castanas/,https://staging.lacuisinedebernard.com/tarta-de-crema-de-pera-y-castanas
https://lacuisinedebernard.com/%d9%83%d9%88%d9%83%d9%8a%d8%b2-%d8%a8%d8%a7%d9%84%d9%81%d8%b3%d8%aa%d9%82-%d9%88%d8%a7%d9%84%d8%b4%d9%88%d9%83%d9%88%d9%84%d8%a7%d8%aa%d8%a9-%d8%a7%d9%84%d8%a8%d9%8a%d8%b6%d8%a7%d8%a1,https://staging.lacuisinedebernard.com/%d9%83%d9%88%d9%83%d9%8a%d8%b2-%d8%a8%d8%a7%d9%84%d9%81%d8%b3%d8%aa%d9%82-%d9%88%d8%a7%d9%84%d8%b4%d9%88%d9%83%d9%88%d9%84%d8%a7%d8%aa%d8%a9-%d8%a7%d9%84%d8%a8%d9%8a%d8%b6%d8%a7%d8%a1
https://lacuisinedebernard.com/%d9%83%d9%88%d9%83%d9%8a%d8%b2-%d8%a8%d8%a7%d9%84%d9%81%d8%b3%d8%aa%d9%82-%d9%88%d8%a7%d9%84%d8%b4%d9%88%d9%83%d9%88%d9%84%d8%a7%d8%aa%d8%a9-%d8%a7%d9%84%d8%a8%d9%8a%d8%b6%d8%a7%d8%a1/,https://staging.lacuisinedebernard.com/%d9%83%d9%88%d9%83%d9%8a%d8%b2-%d8%a8%d8%a7%d9%84%d9%81%d8%b3%d8%aa%d9%82-%d9%88%d8%a7%d9%84%d8%b4%d9%88%d9%83%d9%88%d9%84%d8%a7%d8%aa%d8%a9-%d8%a7%d9%84%d8%a8%d9%8a%d8%b6%d8%a7%d8%a1
https://www.lacuisinedebernard.com/%d9%83%d9%88%d9%83%d9%8a%d8%b2-%d8%a8%d8%a7%d9%84%d9%81%d8%b3%d8%aa%d9%82-%d9%88%d8%a7%d9%84%d8%b4%d9%88%d9%83%d9%88%d9%84%d8%a7%d8%aa%d8%a9-%d8%a7%d9%84%d8%a8%d9%8a%d8%b6%d8%a7%d8%a1,https://staging.lacuisinedebernard.com/%d9%83%d9%88%d9%83%d9%8a%d8%b2-%d8%a8%d8%a7%d9%84%d9%81%d8%b3%d8%aa%d9%82-%d9%88%d8%a7%d9%84%d8%b4%d9%88%d9%83%d9%88%d9%84%d8%a7%d8%aa%d8%a9-%d8%a7%d9%84%d8%a8%d9%8a%d8%b6%d8%a7%d8%a1
https://www.lacuisinedebernard.com/%d9%83%d9%88%d9%83%d9%8a%d8%b2-%d8%a8%d8%a7%d9%84%d9%81%d8%b3%d8%aa%d9%82-%d9%88%d8%a7%d9%84%d8%b4%d9%88%d9%83%d9%88%d9%84%d8%a7%d8%aa%d8%a9-%d8%a7%d9%84%d8%a8%d9%8a%d8%b6%d8%a7%d8%a1/,https://staging.lacuisinedebernard.com/%d9%83%d9%88%d9%83%d9%8a%d8%b2-%d8%a8%d8%a7%d9%84%d9%81%d8%b3%d8%aa%d9%82-%d9%88%d8%a7%d9%84%d8%b4%d9%88%d9%83%d9%88%d9%84%d8%a7%d8%aa%d8%a9-%d8%a7%d9%84%d8%a8%d9%8a%d8%b6%d8%a7%d8%a1
https://lacuisinedebernard.com/galette-des-rois-chestnut-cream,https://staging.lacuisinedebernard.com/galette-des-rois-chestnut-cream
https://lacuisinedebernard.com/galette-des-rois-chestnut-cream/,https://staging.lacuisinedebernard.com/galette-des-rois-chestnut-cream
https://www.lacuisinedebernard.com/galette-des-rois-chestnut-cream,https://staging.lacuisinedebernard.com/galette-des-rois-chestnut-cream
https://www.lacuisinedebernard.com/galette-des-rois-chestnut-cream/,https://staging.lacuisinedebernard.com/galette-des-rois-chestnut-cream
https://lacuisinedebernard.com/sushi-with-fried-foie-gras,https://staging.lacuisinedebernard.com/sushi-with-fried-foie-gras
https://lacuisinedebernard.com/sushi-with-fried-foie-gras/,https://staging.lacuisinedebernard.com/sushi-with-fried-foie-gras
https://www.lacuisinedebernard.com/sushi-with-fried-foie-gras,https://staging.lacuisinedebernard.com/sushi-with-fried-foie-gras
https://www.lacuisinedebernard.com/sushi-with-fried-foie-gras/,https://staging.lacuisinedebernard.com/sushi-with-fried-foie-gras
https://lacuisinedebernard.com/sushi-crujiente-de-arroz-meloso-salmon-atun-picante-y-cangrejo,https://staging.lacuisinedebernard.com/sushi-crujiente-de-arroz-meloso-salmon-atun-picante-y-cangrejo
https://lacuisinedebernard.com/sushi-crujiente-de-arroz-meloso-salmon-atun-picante-y-cangrejo/,https://staging.lacuisinedebernard.com/sushi-crujiente-de-arroz-meloso-salmon-atun-picante-y-cangrejo
https://www.lacuisinedebernard.com/sushi-crujiente-de-arroz-meloso-salmon-atun-picante-y-cangrejo,https://staging.lacuisinedebernard.com/sushi-crujiente-de-arroz-meloso-salmon-atun-picante-y-cangrejo
https://www.lacuisinedebernard.com/sushi-crujiente-de-arroz-meloso-salmon-atun-picante-y-cangrejo/,https://staging.lacuisinedebernard.com/sushi-crujiente-de-arroz-meloso-salmon-atun-picante-y-cangrejo
https://lacuisinedebernard.com/%d9%81%d8%b7%d8%a7%d8%a6%d8%b1-%d9%81%d9%88%d8%a7-%d9%85%d9%82%d9%84%d9%8a-%d8%b3%d9%88%d8%b4%d9%8a,https://staging.lacuisinedebernard.com/%d9%81%d8%b7%d8%a7%d8%a6%d8%b1-%d9%81%d9%88%d8%a7-%d9%85%d9%82%d9%84%d9%8a-%d8%b3%d9%88%d8%b4%d9%8a
https://lacuisinedebernard.com/%d9%81%d8%b7%d8%a7%d8%a6%d8%b1-%d9%81%d9%88%d8%a7-%d9%85%d9%82%d9%84%d9%8a-%d8%b3%d9%88%d8%b4%d9%8a/,https://staging.lacuisinedebernard.com/%d9%81%d8%b7%d8%a7%d8%a6%d8%b1-%d9%81%d9%88%d8%a7-%d9%85%d9%82%d9%84%d9%8a-%d8%b3%d9%88%d8%b4%d9%8a
https://www.lacuisinedebernard.com/%d9%81%d8%b7%d8%a7%d8%a6%d8%b1-%d9%81%d9%88%d8%a7-%d9%85%d9%82%d9%84%d9%8a-%d8%b3%d9%88%d8%b4%d9%8a,https://staging.lacuisinedebernard.com/%d9%81%d8%b7%d8%a7%d8%a6%d8%b1-%d9%81%d9%88%d8%a7-%d9%85%d9%82%d9%84%d9%8a-%d8%b3%d9%88%d8%b4%d9%8a
https://www.lacuisinedebernard.com/%d9%81%d8%b7%d8%a7%d8%a6%d8%b1-%d9%81%d9%88%d8%a7-%d9%85%d9%82%d9%84%d9%8a-%d8%b3%d9%88%d8%b4%d9%8a/,https://staging.lacuisinedebernard.com/%d9%81%d8%b7%d8%a7%d8%a6%d8%b1-%d9%81%d9%88%d8%a7-%d9%85%d9%82%d9%84%d9%8a-%d8%b3%d9%88%d8%b4%d9%8a
https://lacuisinedebernard.com/torta-di-riso-de-bolonia,https://staging.lacuisinedebernard.com/torta-di-riso-de-bolonia
https://lacuisinedebernard.com/torta-di-riso-de-bolonia/,https://staging.lacuisinedebernard.com/torta-di-riso-de-bolonia
https://www.lacuisinedebernard.com/torta-di-riso-de-bolonia,https://staging.lacuisinedebernard.com/torta-di-riso-de-bolonia
https://www.lacuisinedebernard.com/torta-di-riso-de-bolonia/,https://staging.lacuisinedebernard.com/torta-di-riso-de-bolonia
https://lacuisinedebernard.com/%d8%b1%d9%88%d8%a8%d9%8a%d8%a7%d9%86-%d9%88%d8%b3%d8%a7%d8%a8%d9%8a-%d9%85%d9%82%d8%b1%d9%85%d8%b4,https://staging.lacuisinedebernard.com/%d8%b1%d9%88%d8%a8%d9%8a%d8%a7%d9%86-%d9%88%d8%b3%d8%a7%d8%a8%d9%8a-%d9%85%d9%82%d8%b1%d9%85%d8%b4
https://lacuisinedebernard.com/%d8%b1%d9%88%d8%a8%d9%8a%d8%a7%d9%86-%d9%88%d8%b3%d8%a7%d8%a8%d9%8a-%d9%85%d9%82%d8%b1%d9%85%d8%b4/,https://staging.lacuisinedebernard.com/%d8%b1%d9%88%d8%a8%d9%8a%d8%a7%d9%86-%d9%88%d8%b3%d8%a7%d8%a8%d9%8a-%d9%85%d9%82%d8%b1%d9%85%d8%b4
https://www.lacuisinedebernard.com/%d8%b1%d9%88%d8%a8%d9%8a%d8%a7%d9%86-%d9%88%d8%b3%d8%a7%d8%a8%d9%8a-%d9%85%d9%82%d8%b1%d9%85%d8%b4,https://staging.lacuisinedebernard.com/%d8%b1%d9%88%d8%a8%d9%8a%d8%a7%d9%86-%d9%88%d8%b3%d8%a7%d8%a8%d9%8a-%d9%85%d9%82%d8%b1%d9%85%d8%b4
https://www.lacuisinedebernard.com/%d8%b1%d9%88%d8%a8%d9%8a%d8%a7%d9%86-%d9%88%d8%b3%d8%a7%d8%a8%d9%8a-%d9%85%d9%82%d8%b1%d9%85%d8%b4/,https://staging.lacuisinedebernard.com/%d8%b1%d9%88%d8%a8%d9%8a%d8%a7%d9%86-%d9%88%d8%b3%d8%a7%d8%a8%d9%8a-%d9%85%d9%82%d8%b1%d9%85%d8%b4
https://lacuisinedebernard.com/%d9%83%d8%b1%d9%8a%d9%85-%d8%a7%d9%84%d9%83%d8%b3%d8%aa%d9%86%d8%a7%d8%a1-galette-des-rois,https://staging.lacuisinedebernard.com/%d9%83%d8%b1%d9%8a%d9%85-%d8%a7%d9%84%d9%83%d8%b3%d8%aa%d9%86%d8%a7%d8%a1-galette-des-rois
https://lacuisinedebernard.com/%d9%83%d8%b1%d9%8a%d9%85-%d8%a7%d9%84%d9%83%d8%b3%d8%aa%d9%86%d8%a7%d8%a1-galette-des-rois/,https://staging.lacuisinedebernard.com/%d9%83%d8%b1%d9%8a%d9%85-%d8%a7%d9%84%d9%83%d8%b3%d8%aa%d9%86%d8%a7%d8%a1-galette-des-rois
https://www.lacuisinedebernard.com/%d9%83%d8%b1%d9%8a%d9%85-%d8%a7%d9%84%d9%83%d8%b3%d8%aa%d9%86%d8%a7%d8%a1-galette-des-rois,https://staging.lacuisinedebernard.com/%d9%83%d8%b1%d9%8a%d9%85-%d8%a7%d9%84%d9%83%d8%b3%d8%aa%d9%86%d8%a7%d8%a1-galette-des-rois
https://www.lacuisinedebernard.com/%d9%83%d8%b1%d9%8a%d9%85-%d8%a7%d9%84%d9%83%d8%b3%d8%aa%d9%86%d8%a7%d8%a1-galette-des-rois/,https://staging.lacuisinedebernard.com/%d9%83%d8%b1%d9%8a%d9%85-%d8%a7%d9%84%d9%83%d8%b3%d8%aa%d9%86%d8%a7%d8%a1-galette-des-rois
https://lacuisinedebernard.com/%d9%85%d8%a7%d9%83%d9%8a%d8%b3-%d9%85%d9%82%d9%84%d9%88%d8%a8-%d9%85%d8%b9-%d8%a7%d9%84%d8%a3%d9%81%d9%88%d9%83%d8%a7%d8%af%d9%88-%d9%88%d8%a7%d9%84%d8%b3%d9%84%d9%85%d9%88%d9%86-%d9%88%d8%b5%d9%84,https://staging.lacuisinedebernard.com/%d9%85%d8%a7%d9%83%d9%8a%d8%b3-%d9%85%d9%82%d9%84%d9%88%d8%a8-%d9%85%d8%b9-%d8%a7%d9%84%d8%a3%d9%81%d9%88%d9%83%d8%a7%d8%af%d9%88-%d9%88%d8%a7%d9%84%d8%b3%d9%84%d9%85%d9%88%d9%86-%d9%88%d8%b5%d9%84
https://lacuisinedebernard.com/%d9%85%d8%a7%d9%83%d9%8a%d8%b3-%d9%85%d9%82%d9%84%d9%88%d8%a8-%d9%85%d8%b9-%d8%a7%d9%84%d8%a3%d9%81%d9%88%d9%83%d8%a7%d8%af%d9%88-%d9%88%d8%a7%d9%84%d8%b3%d9%84%d9%85%d9%88%d9%86-%d9%88%d8%b5%d9%84/,https://staging.lacuisinedebernard.com/%d9%85%d8%a7%d9%83%d9%8a%d8%b3-%d9%85%d9%82%d9%84%d9%88%d8%a8-%d9%85%d8%b9-%d8%a7%d9%84%d8%a3%d9%81%d9%88%d9%83%d8%a7%d8%af%d9%88-%d9%88%d8%a7%d9%84%d8%b3%d9%84%d9%85%d9%88%d9%86-%d9%88%d8%b5%d9%84
https://www.lacuisinedebernard.com/%d9%85%d8%a7%d9%83%d9%8a%d8%b3-%d9%85%d9%82%d9%84%d9%88%d8%a8-%d9%85%d8%b9-%d8%a7%d9%84%d8%a3%d9%81%d9%88%d9%83%d8%a7%d8%af%d9%88-%d9%88%d8%a7%d9%84%d8%b3%d9%84%d9%85%d9%88%d9%86-%d9%88%d8%b5%d9%84,https://staging.lacuisinedebernard.com/%d9%85%d8%a7%d9%83%d9%8a%d8%b3-%d9%85%d9%82%d9%84%d9%88%d8%a8-%d9%85%d8%b9-%d8%a7%d9%84%d8%a3%d9%81%d9%88%d9%83%d8%a7%d8%af%d9%88-%d9%88%d8%a7%d9%84%d8%b3%d9%84%d9%85%d9%88%d9%86-%d9%88%d8%b5%d9%84
https://www.lacuisinedebernard.com/%d9%85%d8%a7%d9%83%d9%8a%d8%b3-%d9%85%d9%82%d9%84%d9%88%d8%a8-%d9%85%d8%b9-%d8%a7%d9%84%d8%a3%d9%81%d9%88%d9%83%d8%a7%d8%af%d9%88-%d9%88%d8%a7%d9%84%d8%b3%d9%84%d9%85%d9%88%d9%86-%d9%88%d8%b5%d9%84/,https://staging.lacuisinedebernard.com/%d9%85%d8%a7%d9%83%d9%8a%d8%b3-%d9%85%d9%82%d9%84%d9%88%d8%a8-%d9%85%d8%b9-%d8%a7%d9%84%d8%a3%d9%81%d9%88%d9%83%d8%a7%d8%af%d9%88-%d9%88%d8%a7%d9%84%d8%b3%d9%84%d9%85%d9%88%d9%86-%d9%88%d8%b5%d9%84
https://lacuisinedebernard.com/%d8%b3%d8%a8%d8%b1%d9%8a%d9%86%d8%ac-%d9%85%d8%a7%d9%83%d9%8a-%d9%85%d8%b9-%d9%88%d8%b1%d9%82-%d8%a3%d8%b1%d8%b2,https://staging.lacuisinedebernard.com/%d8%b3%d8%a8%d8%b1%d9%8a%d9%86%d8%ac-%d9%85%d8%a7%d9%83%d9%8a-%d9%85%d8%b9-%d9%88%d8%b1%d9%82-%d8%a3%d8%b1%d8%b2
https://lacuisinedebernard.com/%d8%b3%d8%a8%d8%b1%d9%8a%d9%86%d8%ac-%d9%85%d8%a7%d9%83%d9%8a-%d9%85%d8%b9-%d9%88%d8%b1%d9%82-%d8%a3%d8%b1%d8%b2/,https://staging.lacuisinedebernard.com/%d8%b3%d8%a8%d8%b1%d9%8a%d9%86%d8%ac-%d9%85%d8%a7%d9%83%d9%8a-%d9%85%d8%b9-%d9%88%d8%b1%d9%82-%d8%a3%d8%b1%d8%b2
https://www.lacuisinedebernard.com/%d8%b3%d8%a8%d8%b1%d9%8a%d9%86%d8%ac-%d9%85%d8%a7%d9%83%d9%8a-%d9%85%d8%b9-%d9%88%d8%b1%d9%82-%d8%a3%d8%b1%d8%b2,https://staging.lacuisinedebernard.com/%d8%b3%d8%a8%d8%b1%d9%8a%d9%86%d8%ac-%d9%85%d8%a7%d9%83%d9%8a-%d9%85%d8%b9-%d9%88%d8%b1%d9%82-%d8%a3%d8%b1%d8%b2
https://www.lacuisinedebernard.com/%d8%b3%d8%a8%d8%b1%d9%8a%d9%86%d8%ac-%d9%85%d8%a7%d9%83%d9%8a-%d9%85%d8%b9-%d9%88%d8%b1%d9%82-%d8%a3%d8%b1%d8%b2/,https://staging.lacuisinedebernard.com/%d8%b3%d8%a8%d8%b1%d9%8a%d9%86%d8%ac-%d9%85%d8%a7%d9%83%d9%8a-%d9%85%d8%b9-%d9%88%d8%b1%d9%82-%d8%a3%d8%b1%d8%b2
https://lacuisinedebernard.com/%d9%85%d8%b9%d8%a7%d9%84%d8%ac-%d8%a7%d9%84%d8%b7%d9%87%d9%8a-%d8%a7%d9%84%d8%ac%d8%af%d9%8a%d8%af-%d9%85%d9%86-%d9%83%d9%8a%d8%aa%d8%b4%d9%86-%d8%a7%d9%8a%d8%af,https://staging.lacuisinedebernard.com/%d9%85%d8%b9%d8%a7%d9%84%d8%ac-%d8%a7%d9%84%d8%b7%d9%87%d9%8a-%d8%a7%d9%84%d8%ac%d8%af%d9%8a%d8%af-%d9%85%d9%86-%d9%83%d9%8a%d8%aa%d8%b4%d9%86-%d8%a7%d9%8a%d8%af
https://lacuisinedebernard.com/%d9%85%d8%b9%d8%a7%d9%84%d8%ac-%d8%a7%d9%84%d8%b7%d9%87%d9%8a-%d8%a7%d9%84%d8%ac%d8%af%d9%8a%d8%af-%d9%85%d9%86-%d9%83%d9%8a%d8%aa%d8%b4%d9%86-%d8%a7%d9%8a%d8%af/,https://staging.lacuisinedebernard.com/%d9%85%d8%b9%d8%a7%d9%84%d8%ac-%d8%a7%d9%84%d8%b7%d9%87%d9%8a-%d8%a7%d9%84%d8%ac%d8%af%d9%8a%d8%af-%d9%85%d9%86-%d9%83%d9%8a%d8%aa%d8%b4%d9%86-%d8%a7%d9%8a%d8%af
https://www.lacuisinedebernard.com/%d9%85%d8%b9%d8%a7%d9%84%d8%ac-%d8%a7%d9%84%d8%b7%d9%87%d9%8a-%d8%a7%d9%84%d8%ac%d8%af%d9%8a%d8%af-%d9%85%d9%86-%d9%83%d9%8a%d8%aa%d8%b4%d9%86-%d8%a7%d9%8a%d8%af,https://staging.lacuisinedebernard.com/%d9%85%d8%b9%d8%a7%d9%84%d8%ac-%d8%a7%d9%84%d8%b7%d9%87%d9%8a-%d8%a7%d9%84%d8%ac%d8%af%d9%8a%d8%af-%d9%85%d9%86-%d9%83%d9%8a%d8%aa%d8%b4%d9%86-%d8%a7%d9%8a%d8%af
https://www.lacuisinedebernard.com/%d9%85%d8%b9%d8%a7%d9%84%d8%ac-%d8%a7%d9%84%d8%b7%d9%87%d9%8a-%d8%a7%d9%84%d8%ac%d8%af%d9%8a%d8%af-%d9%85%d9%86-%d9%83%d9%8a%d8%aa%d8%b4%d9%86-%d8%a7%d9%8a%d8%af/,https://staging.lacuisinedebernard.com/%d9%85%d8%b9%d8%a7%d9%84%d8%ac-%d8%a7%d9%84%d8%b7%d9%87%d9%8a-%d8%a7%d9%84%d8%ac%d8%af%d9%8a%d8%af-%d9%85%d9%86-%d9%83%d9%8a%d8%aa%d8%b4%d9%86-%d8%a7%d9%8a%d8%af
https://lacuisinedebernard.com/cordeiro-e-legumes-grelhados-de-cozedura-lenta,https://staging.lacuisinedebernard.com/cordeiro-e-legumes-grelhados-de-cozedura-lenta
https://lacuisinedebernard.com/cordeiro-e-legumes-grelhados-de-cozedura-lenta/,https://staging.lacuisinedebernard.com/cordeiro-e-legumes-grelhados-de-cozedura-lenta
https://www.lacuisinedebernard.com/cordeiro-e-legumes-grelhados-de-cozedura-lenta,https://staging.lacuisinedebernard.com/cordeiro-e-legumes-grelhados-de-cozedura-lenta
https://www.lacuisinedebernard.com/cordeiro-e-legumes-grelhados-de-cozedura-lenta/,https://staging.lacuisinedebernard.com/cordeiro-e-legumes-grelhados-de-cozedura-lenta
https://lacuisinedebernard.com/sushi-con-foie-gras-frito,https://staging.lacuisinedebernard.com/sushi-con-foie-gras-frito
https://lacuisinedebernard.com/sushi-con-foie-gras-frito/,https://staging.lacuisinedebernard.com/sushi-con-foie-gras-frito
https://www.lacuisinedebernard.com/sushi-con-foie-gras-frito,https://staging.lacuisinedebernard.com/sushi-con-foie-gras-frito
https://www.lacuisinedebernard.com/sushi-con-foie-gras-frito/,https://staging.lacuisinedebernard.com/sushi-con-foie-gras-frito
https://lacuisinedebernard.com/torta-di-riso-de-bolonha,https://staging.lacuisinedebernard.com/torta-di-riso-de-bolonha
https://lacuisinedebernard.com/torta-di-riso-de-bolonha/,https://staging.lacuisinedebernard.com/torta-di-riso-de-bolonha
https://www.lacuisinedebernard.com/torta-di-riso-de-bolonha,https://staging.lacuisinedebernard.com/torta-di-riso-de-bolonha
https://www.lacuisinedebernard.com/torta-di-riso-de-bolonha/,https://staging.lacuisinedebernard.com/torta-di-riso-de-bolonha
https://lacuisinedebernard.com/%d9%81%d8%b7%d8%a7%d8%a6%d8%b1-%d8%a7%d9%84%d8%a8%d9%86%d8%af%d9%82,https://staging.lacuisinedebernard.com/%d9%81%d8%b7%d8%a7%d8%a6%d8%b1-%d8%a7%d9%84%d8%a8%d9%86%d8%af%d9%82
https://lacuisinedebernard.com/%d9%81%d8%b7%d8%a7%d8%a6%d8%b1-%d8%a7%d9%84%d8%a8%d9%86%d8%af%d9%82/,https://staging.lacuisinedebernard.com/%d9%81%d8%b7%d8%a7%d8%a6%d8%b1-%d8%a7%d9%84%d8%a8%d9%86%d8%af%d9%82
https://www.lacuisinedebernard.com/%d9%81%d8%b7%d8%a7%d8%a6%d8%b1-%d8%a7%d9%84%d8%a8%d9%86%d8%af%d9%82,https://staging.lacuisinedebernard.com/%d9%81%d8%b7%d8%a7%d8%a6%d8%b1-%d8%a7%d9%84%d8%a8%d9%86%d8%af%d9%82
https://www.lacuisinedebernard.com/%d9%81%d8%b7%d8%a7%d8%a6%d8%b1-%d8%a7%d9%84%d8%a8%d9%86%d8%af%d9%82/,https://staging.lacuisinedebernard.com/%d9%81%d8%b7%d8%a7%d8%a6%d8%b1-%d8%a7%d9%84%d8%a8%d9%86%d8%af%d9%82
https://lacuisinedebernard.com/sushi-crocante-com-arroz-glutinoso-salmao-atum-malagueta-e-caranguejo,https://staging.lacuisinedebernard.com/sushi-crocante-com-arroz-glutinoso-salmao-atum-malagueta-e-caranguejo
https://lacuisinedebernard.com/sushi-crocante-com-arroz-glutinoso-salmao-atum-malagueta-e-caranguejo/,https://staging.lacuisinedebernard.com/sushi-crocante-com-arroz-glutinoso-salmao-atum-malagueta-e-caranguejo
https://www.lacuisinedebernard.com/sushi-crocante-com-arroz-glutinoso-salmao-atum-malagueta-e-caranguejo,https://staging.lacuisinedebernard.com/sushi-crocante-com-arroz-glutinoso-salmao-atum-malagueta-e-caranguejo
https://www.lacuisinedebernard.com/sushi-crocante-com-arroz-glutinoso-salmao-atum-malagueta-e-caranguejo/,https://staging.lacuisinedebernard.com/sushi-crocante-com-arroz-glutinoso-salmao-atum-malagueta-e-caranguejo
https://lacuisinedebernard.com/queso-camembert-empanado-y-frito-con-mermelada-de-arandanos,https://staging.lacuisinedebernard.com/queso-camembert-empanado-y-frito-con-mermelada-de-arandanos
https://lacuisinedebernard.com/queso-camembert-empanado-y-frito-con-mermelada-de-arandanos/,https://staging.lacuisinedebernard.com/queso-camembert-empanado-y-frito-con-mermelada-de-arandanos
https://www.lacuisinedebernard.com/queso-camembert-empanado-y-frito-con-mermelada-de-arandanos,https://staging.lacuisinedebernard.com/queso-camembert-empanado-y-frito-con-mermelada-de-arandanos
https://www.lacuisinedebernard.com/queso-camembert-empanado-y-frito-con-mermelada-de-arandanos/,https://staging.lacuisinedebernard.com/queso-camembert-empanado-y-frito-con-mermelada-de-arandanos
https://lacuisinedebernard.com/%d9%84%d8%ad%d9%85-%d8%b6%d8%a3%d9%86-%d9%85%d8%b7%d9%87%d9%88-%d8%a8%d8%a8%d8%b7%d8%a1-%d9%88%d8%ae%d8%b6%d8%b1%d9%88%d8%a7%d8%aa-%d9%85%d8%b4%d9%88%d9%8a%d8%a9,https://staging.lacuisinedebernard.com/%d9%84%d8%ad%d9%85-%d8%b6%d8%a3%d9%86-%d9%85%d8%b7%d9%87%d9%88-%d8%a8%d8%a8%d8%b7%d8%a1-%d9%88%d8%ae%d8%b6%d8%b1%d9%88%d8%a7%d8%aa-%d9%85%d8%b4%d9%88%d9%8a%d8%a9
https://lacuisinedebernard.com/%d9%84%d8%ad%d9%85-%d8%b6%d8%a3%d9%86-%d9%85%d8%b7%d9%87%d9%88-%d8%a8%d8%a8%d8%b7%d8%a1-%d9%88%d8%ae%d8%b6%d8%b1%d9%88%d8%a7%d8%aa-%d9%85%d8%b4%d9%88%d9%8a%d8%a9/,https://staging.lacuisinedebernard.com/%d9%84%d8%ad%d9%85-%d8%b6%d8%a3%d9%86-%d9%85%d8%b7%d9%87%d9%88-%d8%a8%d8%a8%d8%b7%d8%a1-%d9%88%d8%ae%d8%b6%d8%b1%d9%88%d8%a7%d8%aa-%d9%85%d8%b4%d9%88%d9%8a%d8%a9
https://www.lacuisinedebernard.com/%d9%84%d8%ad%d9%85-%d8%b6%d8%a3%d9%86-%d9%85%d8%b7%d9%87%d9%88-%d8%a8%d8%a8%d8%b7%d8%a1-%d9%88%d8%ae%d8%b6%d8%b1%d9%88%d8%a7%d8%aa-%d9%85%d8%b4%d9%88%d9%8a%d8%a9,https://staging.lacuisinedebernard.com/%d9%84%d8%ad%d9%85-%d8%b6%d8%a3%d9%86-%d9%85%d8%b7%d9%87%d9%88-%d8%a8%d8%a8%d8%b7%d8%a1-%d9%88%d8%ae%d8%b6%d8%b1%d9%88%d8%a7%d8%aa-%d9%85%d8%b4%d9%88%d9%8a%d8%a9
https://www.lacuisinedebernard.com/%d9%84%d8%ad%d9%85-%d8%b6%d8%a3%d9%86-%d9%85%d8%b7%d9%87%d9%88-%d8%a8%d8%a8%d8%b7%d8%a1-%d9%88%d8%ae%d8%b6%d8%b1%d9%88%d8%a7%d8%aa-%d9%85%d8%b4%d9%88%d9%8a%d8%a9/,https://staging.lacuisinedebernard.com/%d9%84%d8%ad%d9%85-%d8%b6%d8%a3%d9%86-%d9%85%d8%b7%d9%87%d9%88-%d8%a8%d8%a8%d8%b7%d8%a1-%d9%88%d8%ae%d8%b6%d8%b1%d9%88%d8%a7%d8%aa-%d9%85%d8%b4%d9%88%d9%8a%d8%a9
https://lacuisinedebernard.com/croque-monsieur-brillat-savarin-presunto-e-tartufata,https://staging.lacuisinedebernard.com/croque-monsieur-brillat-savarin-presunto-e-tartufata
https://lacuisinedebernard.com/croque-monsieur-brillat-savarin-presunto-e-tartufata/,https://staging.lacuisinedebernard.com/croque-monsieur-brillat-savarin-presunto-e-tartufata
https://www.lacuisinedebernard.com/croque-monsieur-brillat-savarin-presunto-e-tartufata,https://staging.lacuisinedebernard.com/croque-monsieur-brillat-savarin-presunto-e-tartufata
https://www.lacuisinedebernard.com/croque-monsieur-brillat-savarin-presunto-e-tartufata/,https://staging.lacuisinedebernard.com/croque-monsieur-brillat-savarin-presunto-e-tartufata
https://lacuisinedebernard.com/%d9%84%d9%81%d8%a7%d8%a6%d9%81-%d9%84%d9%88%d8%a8%d8%b3%d8%aa%d8%b1-%d9%88-%d9%84%d9%81%d8%a7%d8%a6%d9%81-%d8%b1%d9%88%d8%a8%d9%8a%d8%a7%d9%86,https://staging.lacuisinedebernard.com/%d9%84%d9%81%d8%a7%d8%a6%d9%81-%d9%84%d9%88%d8%a8%d8%b3%d8%aa%d8%b1-%d9%88-%d9%84%d9%81%d8%a7%d8%a6%d9%81-%d8%b1%d9%88%d8%a8%d9%8a%d8%a7%d9%86
https://lacuisinedebernard.com/%d9%84%d9%81%d8%a7%d8%a6%d9%81-%d9%84%d9%88%d8%a8%d8%b3%d8%aa%d8%b1-%d9%88-%d9%84%d9%81%d8%a7%d8%a6%d9%81-%d8%b1%d9%88%d8%a8%d9%8a%d8%a7%d9%86/,https://staging.lacuisinedebernard.com/%d9%84%d9%81%d8%a7%d8%a6%d9%81-%d9%84%d9%88%d8%a8%d8%b3%d8%aa%d8%b1-%d9%88-%d9%84%d9%81%d8%a7%d8%a6%d9%81-%d8%b1%d9%88%d8%a8%d9%8a%d8%a7%d9%86
https://www.lacuisinedebernard.com/%d9%84%d9%81%d8%a7%d8%a6%d9%81-%d9%84%d9%88%d8%a8%d8%b3%d8%aa%d8%b1-%d9%88-%d9%84%d9%81%d8%a7%d8%a6%d9%81-%d8%b1%d9%88%d8%a8%d9%8a%d8%a7%d9%86,https://staging.lacuisinedebernard.com/%d9%84%d9%81%d8%a7%d8%a6%d9%81-%d9%84%d9%88%d8%a8%d8%b3%d8%aa%d8%b1-%d9%88-%d9%84%d9%81%d8%a7%d8%a6%d9%81-%d8%b1%d9%88%d8%a8%d9%8a%d8%a7%d9%86
https://www.lacuisinedebernard.com/%d9%84%d9%81%d8%a7%d8%a6%d9%81-%d9%84%d9%88%d8%a8%d8%b3%d8%aa%d8%b1-%d9%88-%d9%84%d9%81%d8%a7%d8%a6%d9%81-%d8%b1%d9%88%d8%a8%d9%8a%d8%a7%d9%86/,https://staging.lacuisinedebernard.com/%d9%84%d9%81%d8%a7%d8%a6%d9%81-%d9%84%d9%88%d8%a8%d8%b3%d8%aa%d8%b1-%d9%88-%d9%84%d9%81%d8%a7%d8%a6%d9%81-%d8%b1%d9%88%d8%a8%d9%8a%d8%a7%d9%86
https://lacuisinedebernard.com/%d8%a8%d9%8a%d8%b3%d8%aa%d9%88-%d8%a7%d9%84%d8%ab%d9%88%d9%85-%d8%a7%d9%84%d8%a8%d8%b1%d9%8a,https://staging.lacuisinedebernard.com/%d8%a8%d9%8a%d8%b3%d8%aa%d9%88-%d8%a7%d9%84%d8%ab%d9%88%d9%85-%d8%a7%d9%84%d8%a8%d8%b1%d9%8a
https://lacuisinedebernard.com/%d8%a8%d9%8a%d8%b3%d8%aa%d9%88-%d8%a7%d9%84%d8%ab%d9%88%d9%85-%d8%a7%d9%84%d8%a8%d8%b1%d9%8a/,https://staging.lacuisinedebernard.com/%d8%a8%d9%8a%d8%b3%d8%aa%d9%88-%d8%a7%d9%84%d8%ab%d9%88%d9%85-%d8%a7%d9%84%d8%a8%d8%b1%d9%8a
https://www.lacuisinedebernard.com/%d8%a8%d9%8a%d8%b3%d8%aa%d9%88-%d8%a7%d9%84%d8%ab%d9%88%d9%85-%d8%a7%d9%84%d8%a8%d8%b1%d9%8a,https://staging.lacuisinedebernard.com/%d8%a8%d9%8a%d8%b3%d8%aa%d9%88-%d8%a7%d9%84%d8%ab%d9%88%d9%85-%d8%a7%d9%84%d8%a8%d8%b1%d9%8a
https://www.lacuisinedebernard.com/%d8%a8%d9%8a%d8%b3%d8%aa%d9%88-%d8%a7%d9%84%d8%ab%d9%88%d9%85-%d8%a7%d9%84%d8%a8%d8%b1%d9%8a/,https://staging.lacuisinedebernard.com/%d8%a8%d9%8a%d8%b3%d8%aa%d9%88-%d8%a7%d9%84%d8%ab%d9%88%d9%85-%d8%a7%d9%84%d8%a8%d8%b1%d9%8a
https://lacuisinedebernard.com/%d9%85%d9%86%d8%ad%d9%84%d8%a9-%d8%a8%d8%b4%d9%83%d9%84-%d9%81%d8%a7%d8%b6%d8%ad,https://staging.lacuisinedebernard.com/%d9%85%d9%86%d8%ad%d9%84%d8%a9-%d8%a8%d8%b4%d9%83%d9%84-%d9%81%d8%a7%d8%b6%d8%ad
https://lacuisinedebernard.com/%d9%85%d9%86%d8%ad%d9%84%d8%a9-%d8%a8%d8%b4%d9%83%d9%84-%d9%81%d8%a7%d8%b6%d8%ad/,https://staging.lacuisinedebernard.com/%d9%85%d9%86%d8%ad%d9%84%d8%a9-%d8%a8%d8%b4%d9%83%d9%84-%d9%81%d8%a7%d8%b6%d8%ad
https://www.lacuisinedebernard.com/%d9%85%d9%86%d8%ad%d9%84%d8%a9-%d8%a8%d8%b4%d9%83%d9%84-%d9%81%d8%a7%d8%b6%d8%ad,https://staging.lacuisinedebernard.com/%d9%85%d9%86%d8%ad%d9%84%d8%a9-%d8%a8%d8%b4%d9%83%d9%84-%d9%81%d8%a7%d8%b6%d8%ad
https://www.lacuisinedebernard.com/%d9%85%d9%86%d8%ad%d9%84%d8%a9-%d8%a8%d8%b4%d9%83%d9%84-%d9%81%d8%a7%d8%b6%d8%ad/,https://staging.lacuisinedebernard.com/%d9%85%d9%86%d8%ad%d9%84%d8%a9-%d8%a8%d8%b4%d9%83%d9%84-%d9%81%d8%a7%d8%b6%d8%ad
https://lacuisinedebernard.com/torta-di-riso-of-bologna,https://staging.lacuisinedebernard.com/torta-di-riso-of-bologna
https://lacuisinedebernard.com/torta-di-riso-of-bologna/,https://staging.lacuisinedebernard.com/torta-di-riso-of-bologna
https://www.lacuisinedebernard.com/torta-di-riso-of-bologna,https://staging.lacuisinedebernard.com/torta-di-riso-of-bologna
https://www.lacuisinedebernard.com/torta-di-riso-of-bologna/,https://staging.lacuisinedebernard.com/torta-di-riso-of-bologna
https://lacuisinedebernard.com/tarte-de-creme-de-pera-e-castanha,https://staging.lacuisinedebernard.com/tarte-de-creme-de-pera-e-castanha
https://lacuisinedebernard.com/tarte-de-creme-de-pera-e-castanha/,https://staging.lacuisinedebernard.com/tarte-de-creme-de-pera-e-castanha
https://www.lacuisinedebernard.com/tarte-de-creme-de-pera-e-castanha,https://staging.lacuisinedebernard.com/tarte-de-creme-de-pera-e-castanha
https://www.lacuisinedebernard.com/tarte-de-creme-de-pera-e-castanha/,https://staging.lacuisinedebernard.com/tarte-de-creme-de-pera-e-castanha
https://lacuisinedebernard.com/%d9%85%d9%82%d9%84%d9%8a-%d8%a8%d8%a7%d9%84%d8%af%d8%ac%d8%a7%d8%ac-%d9%88%d8%a7%d9%84%d8%b3%d9%84%d9%82-%d9%88%d8%a7%d9%84%d9%81%d8%b7%d8%b1-%d9%88%d8%a7%d9%84%d8%b7%d9%85%d8%a7%d8%b7%d9%85-%d8%a7,https://staging.lacuisinedebernard.com/%d9%85%d9%82%d9%84%d9%8a-%d8%a8%d8%a7%d9%84%d8%af%d8%ac%d8%a7%d8%ac-%d9%88%d8%a7%d9%84%d8%b3%d9%84%d9%82-%d9%88%d8%a7%d9%84%d9%81%d8%b7%d8%b1-%d9%88%d8%a7%d9%84%d8%b7%d9%85%d8%a7%d8%b7%d9%85-%d8%a7
https://lacuisinedebernard.com/%d9%85%d9%82%d9%84%d9%8a-%d8%a8%d8%a7%d9%84%d8%af%d8%ac%d8%a7%d8%ac-%d9%88%d8%a7%d9%84%d8%b3%d9%84%d9%82-%d9%88%d8%a7%d9%84%d9%81%d8%b7%d8%b1-%d9%88%d8%a7%d9%84%d8%b7%d9%85%d8%a7%d8%b7%d9%85-%d8%a7/,https://staging.lacuisinedebernard.com/%d9%85%d9%82%d9%84%d9%8a-%d8%a8%d8%a7%d9%84%d8%af%d8%ac%d8%a7%d8%ac-%d9%88%d8%a7%d9%84%d8%b3%d9%84%d9%82-%d9%88%d8%a7%d9%84%d9%81%d8%b7%d8%b1-%d9%88%d8%a7%d9%84%d8%b7%d9%85%d8%a7%d8%b7%d9%85-%d8%a7
https://www.lacuisinedebernard.com/%d9%85%d9%82%d9%84%d9%8a-%d8%a8%d8%a7%d9%84%d8%af%d8%ac%d8%a7%d8%ac-%d9%88%d8%a7%d9%84%d8%b3%d9%84%d9%82-%d9%88%d8%a7%d9%84%d9%81%d8%b7%d8%b1-%d9%88%d8%a7%d9%84%d8%b7%d9%85%d8%a7%d8%b7%d9%85-%d8%a7,https://staging.lacuisinedebernard.com/%d9%85%d9%82%d9%84%d9%8a-%d8%a8%d8%a7%d9%84%d8%af%d8%ac%d8%a7%d8%ac-%d9%88%d8%a7%d9%84%d8%b3%d9%84%d9%82-%d9%88%d8%a7%d9%84%d9%81%d8%b7%d8%b1-%d9%88%d8%a7%d9%84%d8%b7%d9%85%d8%a7%d8%b7%d9%85-%d8%a7
https://www.lacuisinedebernard.com/%d9%85%d9%82%d9%84%d9%8a-%d8%a8%d8%a7%d9%84%d8%af%d8%ac%d8%a7%d8%ac-%d9%88%d8%a7%d9%84%d8%b3%d9%84%d9%82-%d9%88%d8%a7%d9%84%d9%81%d8%b7%d8%b1-%d9%88%d8%a7%d9%84%d8%b7%d9%85%d8%a7%d8%b7%d9%85-%d8%a7/,https://staging.lacuisinedebernard.com/%d9%85%d9%82%d9%84%d9%8a-%d8%a8%d8%a7%d9%84%d8%af%d8%ac%d8%a7%d8%ac-%d9%88%d8%a7%d9%84%d8%b3%d9%84%d9%82-%d9%88%d8%a7%d9%84%d9%81%d8%b7%d8%b1-%d9%88%d8%a7%d9%84%d8%b7%d9%85%d8%a7%d8%b7%d9%85-%d8%a7
https://lacuisinedebernard.com/%d9%83%d8%b9%d9%83%d8%a9-%d8%a7%d9%84%d9%84%d9%88%d8%b2-%d8%a8%d8%a7%d9%84%d9%84%d9%8a%d9%85%d9%88%d9%86-%d8%ae%d8%a7%d9%84%d9%8a%d8%a9-%d9%85%d9%86-%d8%a7%d9%84%d8%ba%d9%84%d9%88%d8%aa%d9%8a%d9%86,https://staging.lacuisinedebernard.com/%d9%83%d8%b9%d9%83%d8%a9-%d8%a7%d9%84%d9%84%d9%88%d8%b2-%d8%a8%d8%a7%d9%84%d9%84%d9%8a%d9%85%d9%88%d9%86-%d8%ae%d8%a7%d9%84%d9%8a%d8%a9-%d9%85%d9%86-%d8%a7%d9%84%d8%ba%d9%84%d9%88%d8%aa%d9%8a%d9%86
https://lacuisinedebernard.com/%d9%83%d8%b9%d9%83%d8%a9-%d8%a7%d9%84%d9%84%d9%88%d8%b2-%d8%a8%d8%a7%d9%84%d9%84%d9%8a%d9%85%d9%88%d9%86-%d8%ae%d8%a7%d9%84%d9%8a%d8%a9-%d9%85%d9%86-%d8%a7%d9%84%d8%ba%d9%84%d9%88%d8%aa%d9%8a%d9%86/,https://staging.lacuisinedebernard.com/%d9%83%d8%b9%d9%83%d8%a9-%d8%a7%d9%84%d9%84%d9%88%d8%b2-%d8%a8%d8%a7%d9%84%d9%84%d9%8a%d9%85%d9%88%d9%86-%d8%ae%d8%a7%d9%84%d9%8a%d8%a9-%d9%85%d9%86-%d8%a7%d9%84%d8%ba%d9%84%d9%88%d8%aa%d9%8a%d9%86
https://www.lacuisinedebernard.com/%d9%83%d8%b9%d9%83%d8%a9-%d8%a7%d9%84%d9%84%d9%88%d8%b2-%d8%a8%d8%a7%d9%84%d9%84%d9%8a%d9%85%d9%88%d9%86-%d8%ae%d8%a7%d9%84%d9%8a%d8%a9-%d9%85%d9%86-%d8%a7%d9%84%d8%ba%d9%84%d9%88%d8%aa%d9%8a%d9%86,https://staging.lacuisinedebernard.com/%d9%83%d8%b9%d9%83%d8%a9-%d8%a7%d9%84%d9%84%d9%88%d8%b2-%d8%a8%d8%a7%d9%84%d9%84%d9%8a%d9%85%d9%88%d9%86-%d8%ae%d8%a7%d9%84%d9%8a%d8%a9-%d9%85%d9%86-%d8%a7%d9%84%d8%ba%d9%84%d9%88%d8%aa%d9%8a%d9%86
https://www.lacuisinedebernard.com/%d9%83%d8%b9%d9%83%d8%a9-%d8%a7%d9%84%d9%84%d9%88%d8%b2-%d8%a8%d8%a7%d9%84%d9%84%d9%8a%d9%85%d9%88%d9%86-%d8%ae%d8%a7%d9%84%d9%8a%d8%a9-%d9%85%d9%86-%d8%a7%d9%84%d8%ba%d9%84%d9%88%d8%aa%d9%8a%d9%86/,https://staging.lacuisinedebernard.com/%d9%83%d8%b9%d9%83%d8%a9-%d8%a7%d9%84%d9%84%d9%88%d8%b2-%d8%a8%d8%a7%d9%84%d9%84%d9%8a%d9%85%d9%88%d9%86-%d8%ae%d8%a7%d9%84%d9%8a%d8%a9-%d9%85%d9%86-%d8%a7%d9%84%d8%ba%d9%84%d9%88%d8%aa%d9%8a%d9%86
https://lacuisinedebernard.com/%d8%b1%d9%88%d8%a8%d9%8a%d8%a7%d9%86-%d9%85%d9%82%d8%b1%d9%85%d8%b4,https://staging.lacuisinedebernard.com/%d8%b1%d9%88%d8%a8%d9%8a%d8%a7%d9%86-%d9%85%d9%82%d8%b1%d9%85%d8%b4
https://lacuisinedebernard.com/%d8%b1%d9%88%d8%a8%d9%8a%d8%a7%d9%86-%d9%85%d9%82%d8%b1%d9%85%d8%b4/,https://staging.lacuisinedebernard.com/%d8%b1%d9%88%d8%a8%d9%8a%d8%a7%d9%86-%d9%85%d9%82%d8%b1%d9%85%d8%b4
https://www.lacuisinedebernard.com/%d8%b1%d9%88%d8%a8%d9%8a%d8%a7%d9%86-%d9%85%d9%82%d8%b1%d9%85%d8%b4,https://staging.lacuisinedebernard.com/%d8%b1%d9%88%d8%a8%d9%8a%d8%a7%d9%86-%d9%85%d9%82%d8%b1%d9%85%d8%b4
https://www.lacuisinedebernard.com/%d8%b1%d9%88%d8%a8%d9%8a%d8%a7%d9%86-%d9%85%d9%82%d8%b1%d9%85%d8%b4/,https://staging.lacuisinedebernard.com/%d8%b1%d9%88%d8%a8%d9%8a%d8%a7%d9%86-%d9%85%d9%82%d8%b1%d9%85%d8%b4
https://lacuisinedebernard.com/grand-prix-brillat-savarin-%d8%b9%d9%86-%d9%83%d8%aa%d8%a7%d8%a8%d9%8a-scandalously-decadent,https://staging.lacuisinedebernard.com/grand-prix-brillat-savarin-%d8%b9%d9%86-%d9%83%d8%aa%d8%a7%d8%a8%d9%8a-scandalously-decadent
https://lacuisinedebernard.com/grand-prix-brillat-savarin-%d8%b9%d9%86-%d9%83%d8%aa%d8%a7%d8%a8%d9%8a-scandalously-decadent/,https://staging.lacuisinedebernard.com/grand-prix-brillat-savarin-%d8%b9%d9%86-%d9%83%d8%aa%d8%a7%d8%a8%d9%8a-scandalously-decadent
https://www.lacuisinedebernard.com/grand-prix-brillat-savarin-%d8%b9%d9%86-%d9%83%d8%aa%d8%a7%d8%a8%d9%8a-scandalously-decadent,https://staging.lacuisinedebernard.com/grand-prix-brillat-savarin-%d8%b9%d9%86-%d9%83%d8%aa%d8%a7%d8%a8%d9%8a-scandalously-decadent
https://www.lacuisinedebernard.com/grand-prix-brillat-savarin-%d8%b9%d9%86-%d9%83%d8%aa%d8%a7%d8%a8%d9%8a-scandalously-decadent/,https://staging.lacuisinedebernard.com/grand-prix-brillat-savarin-%d8%b9%d9%86-%d9%83%d8%aa%d8%a7%d8%a8%d9%8a-scandalously-decadent
https://lacuisinedebernard.com/%d8%aa%d9%88%d8%b1%d8%aa%d8%a7-%d8%af%d9%8a-%d8%b1%d9%8a%d8%b3%d9%88-%d9%85%d9%86-%d8%a8%d9%88%d9%84%d9%88%d9%86%d9%8a%d8%a7,https://staging.lacuisinedebernard.com/%d8%aa%d9%88%d8%b1%d8%aa%d8%a7-%d8%af%d9%8a-%d8%b1%d9%8a%d8%b3%d9%88-%d9%85%d9%86-%d8%a8%d9%88%d9%84%d9%88%d9%86%d9%8a%d8%a7
https://lacuisinedebernard.com/%d8%aa%d9%88%d8%b1%d8%aa%d8%a7-%d8%af%d9%8a-%d8%b1%d9%8a%d8%b3%d9%88-%d9%85%d9%86-%d8%a8%d9%88%d9%84%d9%88%d9%86%d9%8a%d8%a7/,https://staging.lacuisinedebernard.com/%d8%aa%d9%88%d8%b1%d8%aa%d8%a7-%d8%af%d9%8a-%d8%b1%d9%8a%d8%b3%d9%88-%d9%85%d9%86-%d8%a8%d9%88%d9%84%d9%88%d9%86%d9%8a%d8%a7
https://www.lacuisinedebernard.com/%d8%aa%d9%88%d8%b1%d8%aa%d8%a7-%d8%af%d9%8a-%d8%b1%d9%8a%d8%b3%d9%88-%d9%85%d9%86-%d8%a8%d9%88%d9%84%d9%88%d9%86%d9%8a%d8%a7,https://staging.lacuisinedebernard.com/%d8%aa%d9%88%d8%b1%d8%aa%d8%a7-%d8%af%d9%8a-%d8%b1%d9%8a%d8%b3%d9%88-%d9%85%d9%86-%d8%a8%d9%88%d9%84%d9%88%d9%86%d9%8a%d8%a7
https://www.lacuisinedebernard.com/%d8%aa%d9%88%d8%b1%d8%aa%d8%a7-%d8%af%d9%8a-%d8%b1%d9%8a%d8%b3%d9%88-%d9%85%d9%86-%d8%a8%d9%88%d9%84%d9%88%d9%86%d9%8a%d8%a7/,https://staging.lacuisinedebernard.com/%d8%aa%d9%88%d8%b1%d8%aa%d8%a7-%d8%af%d9%8a-%d8%b1%d9%8a%d8%b3%d9%88-%d9%85%d9%86-%d8%a8%d9%88%d9%84%d9%88%d9%86%d9%8a%d8%a7
https://lacuisinedebernard.com/pear-and-chestnut-cream-tart,https://staging.lacuisinedebernard.com/pear-and-chestnut-cream-tart
https://lacuisinedebernard.com/pear-and-chestnut-cream-tart/,https://staging.lacuisinedebernard.com/pear-and-chestnut-cream-tart
https://www.lacuisinedebernard.com/pear-and-chestnut-cream-tart,https://staging.lacuisinedebernard.com/pear-and-chestnut-cream-tart
https://www.lacuisinedebernard.com/pear-and-chestnut-cream-tart/,https://staging.lacuisinedebernard.com/pear-and-chestnut-cream-tart
https://lacuisinedebernard.com/%d9%81%d8%b7%d8%a7%d8%a6%d8%b1-%d8%b2%d9%87%d8%b1%d8%a9-%d8%a7%d9%84%d9%83%d9%88%d8%b3%d8%a9,https://staging.lacuisinedebernard.com/%d9%81%d8%b7%d8%a7%d8%a6%d8%b1-%d8%b2%d9%87%d8%b1%d8%a9-%d8%a7%d9%84%d9%83%d9%88%d8%b3%d8%a9
https://lacuisinedebernard.com/%d9%81%d8%b7%d8%a7%d8%a6%d8%b1-%d8%b2%d9%87%d8%b1%d8%a9-%d8%a7%d9%84%d9%83%d9%88%d8%b3%d8%a9/,https://staging.lacuisinedebernard.com/%d9%81%d8%b7%d8%a7%d8%a6%d8%b1-%d8%b2%d9%87%d8%b1%d8%a9-%d8%a7%d9%84%d9%83%d9%88%d8%b3%d8%a9
https://www.lacuisinedebernard.com/%d9%81%d8%b7%d8%a7%d8%a6%d8%b1-%d8%b2%d9%87%d8%b1%d8%a9-%d8%a7%d9%84%d9%83%d9%88%d8%b3%d8%a9,https://staging.lacuisinedebernard.com/%d9%81%d8%b7%d8%a7%d8%a6%d8%b1-%d8%b2%d9%87%d8%b1%d8%a9-%d8%a7%d9%84%d9%83%d9%88%d8%b3%d8%a9
https://www.lacuisinedebernard.com/%d9%81%d8%b7%d8%a7%d8%a6%d8%b1-%d8%b2%d9%87%d8%b1%d8%a9-%d8%a7%d9%84%d9%83%d9%88%d8%b3%d8%a9/,https://staging.lacuisinedebernard.com/%d9%81%d8%b7%d8%a7%d8%a6%d8%b1-%d8%b2%d9%87%d8%b1%d8%a9-%d8%a7%d9%84%d9%83%d9%88%d8%b3%d8%a9
https://lacuisinedebernard.com/%d9%83%d8%b1%d9%86%d8%a8-%d8%a8%d8%b1%d9%88%d9%83%d8%b3%d9%84-%d9%81%d9%8a-%d8%a7%d9%84%d9%81%d8%b1%d9%86,https://staging.lacuisinedebernard.com/%d9%83%d8%b1%d9%86%d8%a8-%d8%a8%d8%b1%d9%88%d9%83%d8%b3%d9%84-%d9%81%d9%8a-%d8%a7%d9%84%d9%81%d8%b1%d9%86
https://lacuisinedebernard.com/%d9%83%d8%b1%d9%86%d8%a8-%d8%a8%d8%b1%d9%88%d9%83%d8%b3%d9%84-%d9%81%d9%8a-%d8%a7%d9%84%d9%81%d8%b1%d9%86/,https://staging.lacuisinedebernard.com/%d9%83%d8%b1%d9%86%d8%a8-%d8%a8%d8%b1%d9%88%d9%83%d8%b3%d9%84-%d9%81%d9%8a-%d8%a7%d9%84%d9%81%d8%b1%d9%86
https://www.lacuisinedebernard.com/%d9%83%d8%b1%d9%86%d8%a8-%d8%a8%d8%b1%d9%88%d9%83%d8%b3%d9%84-%d9%81%d9%8a-%d8%a7%d9%84%d9%81%d8%b1%d9%86,https://staging.lacuisinedebernard.com/%d9%83%d8%b1%d9%86%d8%a8-%d8%a8%d8%b1%d9%88%d9%83%d8%b3%d9%84-%d9%81%d9%8a-%d8%a7%d9%84%d9%81%d8%b1%d9%86
https://www.lacuisinedebernard.com/%d9%83%d8%b1%d9%86%d8%a8-%d8%a8%d8%b1%d9%88%d9%83%d8%b3%d9%84-%d9%81%d9%8a-%d8%a7%d9%84%d9%81%d8%b1%d9%86/,https://staging.lacuisinedebernard.com/%d9%83%d8%b1%d9%86%d8%a8-%d8%a8%d8%b1%d9%88%d9%83%d8%b3%d9%84-%d9%81%d9%8a-%d8%a7%d9%84%d9%81%d8%b1%d9%86
https://lacuisinedebernard.com/kanelsnurrer,https://staging.lacuisinedebernard.com/kanelsnurrer
https://lacuisinedebernard.com/kanelsnurrer/,https://staging.lacuisinedebernard.com/kanelsnurrer
https://www.lacuisinedebernard.com/kanelsnurrer,https://staging.lacuisinedebernard.com/kanelsnurrer
https://www.lacuisinedebernard.com/kanelsnurrer/,https://staging.lacuisinedebernard.com/kanelsnurrer
https://lacuisinedebernard.com/%d8%a8%d8%b7%d8%a7%d8%b7%d8%b3-%d8%a8%d8%a7%d8%a8%d8%b1%d9%8a%d9%83%d8%a7,https://staging.lacuisinedebernard.com/%d8%a8%d8%b7%d8%a7%d8%b7%d8%b3-%d8%a8%d8%a7%d8%a8%d8%b1%d9%8a%d9%83%d8%a7
https://lacuisinedebernard.com/%d8%a8%d8%b7%d8%a7%d8%b7%d8%b3-%d8%a8%d8%a7%d8%a8%d8%b1%d9%8a%d9%83%d8%a7/,https://staging.lacuisinedebernard.com/%d8%a8%d8%b7%d8%a7%d8%b7%d8%b3-%d8%a8%d8%a7%d8%a8%d8%b1%d9%8a%d9%83%d8%a7
https://www.lacuisinedebernard.com/%d8%a8%d8%b7%d8%a7%d8%b7%d8%b3-%d8%a8%d8%a7%d8%a8%d8%b1%d9%8a%d9%83%d8%a7,https://staging.lacuisinedebernard.com/%d8%a8%d8%b7%d8%a7%d8%b7%d8%b3-%d8%a8%d8%a7%d8%a8%d8%b1%d9%8a%d9%83%d8%a7
https://www.lacuisinedebernard.com/%d8%a8%d8%b7%d8%a7%d8%b7%d8%b3-%d8%a8%d8%a7%d8%a8%d8%b1%d9%8a%d9%83%d8%a7/,https://staging.lacuisinedebernard.com/%d8%a8%d8%b7%d8%a7%d8%b7%d8%b3-%d8%a8%d8%a7%d8%a8%d8%b1%d9%8a%d9%83%d8%a7
https://lacuisinedebernard.com/butternut-squash-blue-cheese-and-walnut-crumble,https://staging.lacuisinedebernard.com/butternut-squash-blue-cheese-and-walnut-crumble
https://lacuisinedebernard.com/butternut-squash-blue-cheese-and-walnut-crumble/,https://staging.lacuisinedebernard.com/butternut-squash-blue-cheese-and-walnut-crumble
https://www.lacuisinedebernard.com/butternut-squash-blue-cheese-and-walnut-crumble,https://staging.lacuisinedebernard.com/butternut-squash-blue-cheese-and-walnut-crumble
https://www.lacuisinedebernard.com/butternut-squash-blue-cheese-and-walnut-crumble/,https://staging.lacuisinedebernard.com/butternut-squash-blue-cheese-and-walnut-crumble
https://lacuisinedebernard.com/%d9%83%d8%b1%d8%a7%d8%aa-%d9%84%d8%ad%d9%85-%d8%a8%d8%aa%d9%84%d9%88-%d9%85%d8%b9-%d8%b3%d9%83%d8%b1%d9%85%d9%88%d8%b2%d8%a7-%d9%85%d8%af%d8%ae%d9%86,https://staging.lacuisinedebernard.com/%d9%83%d8%b1%d8%a7%d8%aa-%d9%84%d8%ad%d9%85-%d8%a8%d8%aa%d9%84%d9%88-%d9%85%d8%b9-%d8%b3%d9%83%d8%b1%d9%85%d9%88%d8%b2%d8%a7-%d9%85%d8%af%d8%ae%d9%86
https://lacuisinedebernard.com/%d9%83%d8%b1%d8%a7%d8%aa-%d9%84%d8%ad%d9%85-%d8%a8%d8%aa%d9%84%d9%88-%d9%85%d8%b9-%d8%b3%d9%83%d8%b1%d9%85%d9%88%d8%b2%d8%a7-%d9%85%d8%af%d8%ae%d9%86/,https://staging.lacuisinedebernard.com/%d9%83%d8%b1%d8%a7%d8%aa-%d9%84%d8%ad%d9%85-%d8%a8%d8%aa%d9%84%d9%88-%d9%85%d8%b9-%d8%b3%d9%83%d8%b1%d9%85%d9%88%d8%b2%d8%a7-%d9%85%d8%af%d8%ae%d9%86
https://www.lacuisinedebernard.com/%d9%83%d8%b1%d8%a7%d8%aa-%d9%84%d8%ad%d9%85-%d8%a8%d8%aa%d9%84%d9%88-%d9%85%d8%b9-%d8%b3%d9%83%d8%b1%d9%85%d9%88%d8%b2%d8%a7-%d9%85%d8%af%d8%ae%d9%86,https://staging.lacuisinedebernard.com/%d9%83%d8%b1%d8%a7%d8%aa-%d9%84%d8%ad%d9%85-%d8%a8%d8%aa%d9%84%d9%88-%d9%85%d8%b9-%d8%b3%d9%83%d8%b1%d9%85%d9%88%d8%b2%d8%a7-%d9%85%d8%af%d8%ae%d9%86
https://www.lacuisinedebernard.com/%d9%83%d8%b1%d8%a7%d8%aa-%d9%84%d8%ad%d9%85-%d8%a8%d8%aa%d9%84%d9%88-%d9%85%d8%b9-%d8%b3%d9%83%d8%b1%d9%85%d9%88%d8%b2%d8%a7-%d9%85%d8%af%d8%ae%d9%86/,https://staging.lacuisinedebernard.com/%d9%83%d8%b1%d8%a7%d8%aa-%d9%84%d8%ad%d9%85-%d8%a8%d8%aa%d9%84%d9%88-%d9%85%d8%b9-%d8%b3%d9%83%d8%b1%d9%85%d9%88%d8%b2%d8%a7-%d9%85%d8%af%d8%ae%d9%86
https://lacuisinedebernard.com/%d8%b4%d9%8a%d8%aa%d8%a7%d9%83%d8%b3-%d9%85%d9%82%d8%b1%d9%85%d8%b4-%d9%85%d8%b9-%d8%b5%d9%84%d8%b5%d8%a9-%d8%a7%d9%84%d9%87%d9%88%d9%8a%d8%b3%d9%8a%d9%86,https://staging.lacuisinedebernard.com/%d8%b4%d9%8a%d8%aa%d8%a7%d9%83%d8%b3-%d9%85%d9%82%d8%b1%d9%85%d8%b4-%d9%85%d8%b9-%d8%b5%d9%84%d8%b5%d8%a9-%d8%a7%d9%84%d9%87%d9%88%d9%8a%d8%b3%d9%8a%d9%86
https://lacuisinedebernard.com/%d8%b4%d9%8a%d8%aa%d8%a7%d9%83%d8%b3-%d9%85%d9%82%d8%b1%d9%85%d8%b4-%d9%85%d8%b9-%d8%b5%d9%84%d8%b5%d8%a9-%d8%a7%d9%84%d9%87%d9%88%d9%8a%d8%b3%d9%8a%d9%86/,https://staging.lacuisinedebernard.com/%d8%b4%d9%8a%d8%aa%d8%a7%d9%83%d8%b3-%d9%85%d9%82%d8%b1%d9%85%d8%b4-%d9%85%d8%b9-%d8%b5%d9%84%d8%b5%d8%a9-%d8%a7%d9%84%d9%87%d9%88%d9%8a%d8%b3%d9%8a%d9%86
https://www.lacuisinedebernard.com/%d8%b4%d9%8a%d8%aa%d8%a7%d9%83%d8%b3-%d9%85%d9%82%d8%b1%d9%85%d8%b4-%d9%85%d8%b9-%d8%b5%d9%84%d8%b5%d8%a9-%d8%a7%d9%84%d9%87%d9%88%d9%8a%d8%b3%d9%8a%d9%86,https://staging.lacuisinedebernard.com/%d8%b4%d9%8a%d8%aa%d8%a7%d9%83%d8%b3-%d9%85%d9%82%d8%b1%d9%85%d8%b4-%d9%85%d8%b9-%d8%b5%d9%84%d8%b5%d8%a9-%d8%a7%d9%84%d9%87%d9%88%d9%8a%d8%b3%d9%8a%d9%86
https://www.lacuisinedebernard.com/%d8%b4%d9%8a%d8%aa%d8%a7%d9%83%d8%b3-%d9%85%d9%82%d8%b1%d9%85%d8%b4-%d9%85%d8%b9-%d8%b5%d9%84%d8%b5%d8%a9-%d8%a7%d9%84%d9%87%d9%88%d9%8a%d8%b3%d9%8a%d9%86/,https://staging.lacuisinedebernard.com/%d8%b4%d9%8a%d8%aa%d8%a7%d9%83%d8%b3-%d9%85%d9%82%d8%b1%d9%85%d8%b4-%d9%85%d8%b9-%d8%b5%d9%84%d8%b5%d8%a9-%d8%a7%d9%84%d9%87%d9%88%d9%8a%d8%b3%d9%8a%d9%86
https://lacuisinedebernard.com/%d9%81%d8%b7%d9%8a%d8%b1%d8%a9-%d8%a8%d8%b1%d9%8a%d9%88%d8%b4-%d8%a7%d9%84%d9%85%d8%b9%d8%ac%d9%86%d8%a7%d8%aa,https://staging.lacuisinedebernard.com/%d9%81%d8%b7%d9%8a%d8%b1%d8%a9-%d8%a8%d8%b1%d9%8a%d9%88%d8%b4-%d8%a7%d9%84%d9%85%d8%b9%d8%ac%d9%86%d8%a7%d8%aa
https://lacuisinedebernard.com/%d9%81%d8%b7%d9%8a%d8%b1%d8%a9-%d8%a8%d8%b1%d9%8a%d9%88%d8%b4-%d8%a7%d9%84%d9%85%d8%b9%d8%ac%d9%86%d8%a7%d8%aa/,https://staging.lacuisinedebernard.com/%d9%81%d8%b7%d9%8a%d8%b1%d8%a9-%d8%a8%d8%b1%d9%8a%d9%88%d8%b4-%d8%a7%d9%84%d9%85%d8%b9%d8%ac%d9%86%d8%a7%d8%aa
https://www.lacuisinedebernard.com/%d9%81%d8%b7%d9%8a%d8%b1%d8%a9-%d8%a8%d8%b1%d9%8a%d9%88%d8%b4-%d8%a7%d9%84%d9%85%d8%b9%d8%ac%d9%86%d8%a7%d8%aa,https://staging.lacuisinedebernard.com/%d9%81%d8%b7%d9%8a%d8%b1%d8%a9-%d8%a8%d8%b1%d9%8a%d9%88%d8%b4-%d8%a7%d9%84%d9%85%d8%b9%d8%ac%d9%86%d8%a7%d8%aa
https://www.lacuisinedebernard.com/%d9%81%d8%b7%d9%8a%d8%b1%d8%a9-%d8%a8%d8%b1%d9%8a%d9%88%d8%b4-%d8%a7%d9%84%d9%85%d8%b9%d8%ac%d9%86%d8%a7%d8%aa/,https://staging.lacuisinedebernard.com/%d9%81%d8%b7%d9%8a%d8%b1%d8%a9-%d8%a8%d8%b1%d9%8a%d9%88%d8%b4-%d8%a7%d9%84%d9%85%d8%b9%d8%ac%d9%86%d8%a7%d8%aa
https://lacuisinedebernard.com/torta-de-alho-frances-chourico-e-queijo-de-cabra,https://staging.lacuisinedebernard.com/torta-de-alho-frances-chourico-e-queijo-de-cabra
https://lacuisinedebernard.com/torta-de-alho-frances-chourico-e-queijo-de-cabra/,https://staging.lacuisinedebernard.com/torta-de-alho-frances-chourico-e-queijo-de-cabra
https://www.lacuisinedebernard.com/torta-de-alho-frances-chourico-e-queijo-de-cabra,https://staging.lacuisinedebernard.com/torta-de-alho-frances-chourico-e-queijo-de-cabra
https://www.lacuisinedebernard.com/torta-de-alho-frances-chourico-e-queijo-de-cabra/,https://staging.lacuisinedebernard.com/torta-de-alho-frances-chourico-e-queijo-de-cabra
https://lacuisinedebernard.com/%d8%aa%d8%a7%d8%b1%d8%aa-%d8%a7%d9%84%d9%83%d9%85%d8%ab%d8%b1%d9%89-%d8%a8%d8%a7%d9%84%d9%83%d8%b3%d8%aa%d9%86%d8%a7%d8%a1,https://staging.lacuisinedebernard.com/%d8%aa%d8%a7%d8%b1%d8%aa-%d8%a7%d9%84%d9%83%d9%85%d8%ab%d8%b1%d9%89-%d8%a8%d8%a7%d9%84%d9%83%d8%b3%d8%aa%d9%86%d8%a7%d8%a1
https://lacuisinedebernard.com/%d8%aa%d8%a7%d8%b1%d8%aa-%d8%a7%d9%84%d9%83%d9%85%d8%ab%d8%b1%d9%89-%d8%a8%d8%a7%d9%84%d9%83%d8%b3%d8%aa%d9%86%d8%a7%d8%a1/,https://staging.lacuisinedebernard.com/%d8%aa%d8%a7%d8%b1%d8%aa-%d8%a7%d9%84%d9%83%d9%85%d8%ab%d8%b1%d9%89-%d8%a8%d8%a7%d9%84%d9%83%d8%b3%d8%aa%d9%86%d8%a7%d8%a1
https://www.lacuisinedebernard.com/%d8%aa%d8%a7%d8%b1%d8%aa-%d8%a7%d9%84%d9%83%d9%85%d8%ab%d8%b1%d9%89-%d8%a8%d8%a7%d9%84%d9%83%d8%b3%d8%aa%d9%86%d8%a7%d8%a1,https://staging.lacuisinedebernard.com/%d8%aa%d8%a7%d8%b1%d8%aa-%d8%a7%d9%84%d9%83%d9%85%d8%ab%d8%b1%d9%89-%d8%a8%d8%a7%d9%84%d9%83%d8%b3%d8%aa%d9%86%d8%a7%d8%a1
https://www.lacuisinedebernard.com/%d8%aa%d8%a7%d8%b1%d8%aa-%d8%a7%d9%84%d9%83%d9%85%d8%ab%d8%b1%d9%89-%d8%a8%d8%a7%d9%84%d9%83%d8%b3%d8%aa%d9%86%d8%a7%d8%a1/,https://staging.lacuisinedebernard.com/%d8%aa%d8%a7%d8%b1%d8%aa-%d8%a7%d9%84%d9%83%d9%85%d8%ab%d8%b1%d9%89-%d8%a8%d8%a7%d9%84%d9%83%d8%b3%d8%aa%d9%86%d8%a7%d8%a1
https://lacuisinedebernard.com/%d8%a7%d9%84%d9%81%d8%b7%d8%a7%d8%a6%d8%b1-%d8%b9%d9%86%d8%a8%d9%8a%d8%a9,https://staging.lacuisinedebernard.com/%d8%a7%d9%84%d9%81%d8%b7%d8%a7%d8%a6%d8%b1-%d8%b9%d9%86%d8%a8%d9%8a%d8%a9
https://lacuisinedebernard.com/%d8%a7%d9%84%d9%81%d8%b7%d8%a7%d8%a6%d8%b1-%d8%b9%d9%86%d8%a8%d9%8a%d8%a9/,https://staging.lacuisinedebernard.com/%d8%a7%d9%84%d9%81%d8%b7%d8%a7%d8%a6%d8%b1-%d8%b9%d9%86%d8%a8%d9%8a%d8%a9
https://www.lacuisinedebernard.com/%d8%a7%d9%84%d9%81%d8%b7%d8%a7%d8%a6%d8%b1-%d8%b9%d9%86%d8%a8%d9%8a%d8%a9,https://staging.lacuisinedebernard.com/%d8%a7%d9%84%d9%81%d8%b7%d8%a7%d8%a6%d8%b1-%d8%b9%d9%86%d8%a8%d9%8a%d8%a9
https://www.lacuisinedebernard.com/%d8%a7%d9%84%d9%81%d8%b7%d8%a7%d8%a6%d8%b1-%d8%b9%d9%86%d8%a8%d9%8a%d8%a9/,https://staging.lacuisinedebernard.com/%d8%a7%d9%84%d9%81%d8%b7%d8%a7%d8%a6%d8%b1-%d8%b9%d9%86%d8%a8%d9%8a%d8%a9
https://lacuisinedebernard.com/%d8%a8%d8%a7%d8%b3%d8%aa%d8%a7-%d8%a7%d9%84%d9%81%d8%b7%d8%b1-%d9%88%d8%a7%d9%84%d9%83%d8%a7%d9%84%d9%8a,https://staging.lacuisinedebernard.com/%d8%a8%d8%a7%d8%b3%d8%aa%d8%a7-%d8%a7%d9%84%d9%81%d8%b7%d8%b1-%d9%88%d8%a7%d9%84%d9%83%d8%a7%d9%84%d9%8a
https://lacuisinedebernard.com/%d8%a8%d8%a7%d8%b3%d8%aa%d8%a7-%d8%a7%d9%84%d9%81%d8%b7%d8%b1-%d9%88%d8%a7%d9%84%d9%83%d8%a7%d9%84%d9%8a/,https://staging.lacuisinedebernard.com/%d8%a8%d8%a7%d8%b3%d8%aa%d8%a7-%d8%a7%d9%84%d9%81%d8%b7%d8%b1-%d9%88%d8%a7%d9%84%d9%83%d8%a7%d9%84%d9%8a
https://www.lacuisinedebernard.com/%d8%a8%d8%a7%d8%b3%d8%aa%d8%a7-%d8%a7%d9%84%d9%81%d8%b7%d8%b1-%d9%88%d8%a7%d9%84%d9%83%d8%a7%d9%84%d9%8a,https://staging.lacuisinedebernard.com/%d8%a8%d8%a7%d8%b3%d8%aa%d8%a7-%d8%a7%d9%84%d9%81%d8%b7%d8%b1-%d9%88%d8%a7%d9%84%d9%83%d8%a7%d9%84%d9%8a
https://www.lacuisinedebernard.com/%d8%a8%d8%a7%d8%b3%d8%aa%d8%a7-%d8%a7%d9%84%d9%81%d8%b7%d8%b1-%d9%88%d8%a7%d9%84%d9%83%d8%a7%d9%84%d9%8a/,https://staging.lacuisinedebernard.com/%d8%a8%d8%a7%d8%b3%d8%aa%d8%a7-%d8%a7%d9%84%d9%81%d8%b7%d8%b1-%d9%88%d8%a7%d9%84%d9%83%d8%a7%d9%84%d9%8a
https://lacuisinedebernard.com/bunuelos-de-arandanos,https://staging.lacuisinedebernard.com/bunuelos-de-arandanos
https://lacuisinedebernard.com/bunuelos-de-arandanos/,https://staging.lacuisinedebernard.com/bunuelos-de-arandanos
https://www.lacuisinedebernard.com/bunuelos-de-arandanos,https://staging.lacuisinedebernard.com/bunuelos-de-arandanos
https://www.lacuisinedebernard.com/bunuelos-de-arandanos/,https://staging.lacuisinedebernard.com/bunuelos-de-arandanos
https://lacuisinedebernard.com/shiitake-crujiente-en-salsa-hoisin,https://staging.lacuisinedebernard.com/shiitake-crujiente-en-salsa-hoisin
https://lacuisinedebernard.com/shiitake-crujiente-en-salsa-hoisin/,https://staging.lacuisinedebernard.com/shiitake-crujiente-en-salsa-hoisin
https://www.lacuisinedebernard.com/shiitake-crujiente-en-salsa-hoisin,https://staging.lacuisinedebernard.com/shiitake-crujiente-en-salsa-hoisin
https://www.lacuisinedebernard.com/shiitake-crujiente-en-salsa-hoisin/,https://staging.lacuisinedebernard.com/shiitake-crujiente-en-salsa-hoisin
https://lacuisinedebernard.com/%d8%a8%d9%88%d8%a8%d8%b1%d8%b3-%d8%ac%d8%a7%d9%84%d8%a7%d8%a8%d9%8a%d9%86%d9%88,https://staging.lacuisinedebernard.com/%d8%a8%d9%88%d8%a8%d8%b1%d8%b3-%d8%ac%d8%a7%d9%84%d8%a7%d8%a8%d9%8a%d9%86%d9%88
https://lacuisinedebernard.com/%d8%a8%d9%88%d8%a8%d8%b1%d8%b3-%d8%ac%d8%a7%d9%84%d8%a7%d8%a8%d9%8a%d9%86%d9%88/,https://staging.lacuisinedebernard.com/%d8%a8%d9%88%d8%a8%d8%b1%d8%b3-%d8%ac%d8%a7%d9%84%d8%a7%d8%a8%d9%8a%d9%86%d9%88
https://www.lacuisinedebernard.com/%d8%a8%d9%88%d8%a8%d8%b1%d8%b3-%d8%ac%d8%a7%d9%84%d8%a7%d8%a8%d9%8a%d9%86%d9%88,https://staging.lacuisinedebernard.com/%d8%a8%d9%88%d8%a8%d8%b1%d8%b3-%d8%ac%d8%a7%d9%84%d8%a7%d8%a8%d9%8a%d9%86%d9%88
https://www.lacuisinedebernard.com/%d8%a8%d9%88%d8%a8%d8%b1%d8%b3-%d8%ac%d8%a7%d9%84%d8%a7%d8%a8%d9%8a%d9%86%d9%88/,https://staging.lacuisinedebernard.com/%d8%a8%d9%88%d8%a8%d8%b1%d8%b3-%d8%ac%d8%a7%d9%84%d8%a7%d8%a8%d9%8a%d9%86%d9%88
https://lacuisinedebernard.com/%d9%82%d8%b1%d8%b9-%d8%a7%d9%84%d8%ac%d9%88%d8%b2-%d8%a7%d9%84%d9%84%d8%b0%d9%8a%d8%b0-%d9%88%d8%a7%d9%84%d8%ac%d8%a8%d9%86-%d8%a7%d9%84%d8%a3%d8%b2%d8%b1%d9%82-%d9%88%d8%a7%d9%84%d8%ac%d9%88%d8%b2,https://staging.lacuisinedebernard.com/%d9%82%d8%b1%d8%b9-%d8%a7%d9%84%d8%ac%d9%88%d8%b2-%d8%a7%d9%84%d9%84%d8%b0%d9%8a%d8%b0-%d9%88%d8%a7%d9%84%d8%ac%d8%a8%d9%86-%d8%a7%d9%84%d8%a3%d8%b2%d8%b1%d9%82-%d9%88%d8%a7%d9%84%d8%ac%d9%88%d8%b2
https://lacuisinedebernard.com/%d9%82%d8%b1%d8%b9-%d8%a7%d9%84%d8%ac%d9%88%d8%b2-%d8%a7%d9%84%d9%84%d8%b0%d9%8a%d8%b0-%d9%88%d8%a7%d9%84%d8%ac%d8%a8%d9%86-%d8%a7%d9%84%d8%a3%d8%b2%d8%b1%d9%82-%d9%88%d8%a7%d9%84%d8%ac%d9%88%d8%b2/,https://staging.lacuisinedebernard.com/%d9%82%d8%b1%d8%b9-%d8%a7%d9%84%d8%ac%d9%88%d8%b2-%d8%a7%d9%84%d9%84%d8%b0%d9%8a%d8%b0-%d9%88%d8%a7%d9%84%d8%ac%d8%a8%d9%86-%d8%a7%d9%84%d8%a3%d8%b2%d8%b1%d9%82-%d9%88%d8%a7%d9%84%d8%ac%d9%88%d8%b2
https://www.lacuisinedebernard.com/%d9%82%d8%b1%d8%b9-%d8%a7%d9%84%d8%ac%d9%88%d8%b2-%d8%a7%d9%84%d9%84%d8%b0%d9%8a%d8%b0-%d9%88%d8%a7%d9%84%d8%ac%d8%a8%d9%86-%d8%a7%d9%84%d8%a3%d8%b2%d8%b1%d9%82-%d9%88%d8%a7%d9%84%d8%ac%d9%88%d8%b2,https://staging.lacuisinedebernard.com/%d9%82%d8%b1%d8%b9-%d8%a7%d9%84%d8%ac%d9%88%d8%b2-%d8%a7%d9%84%d9%84%d8%b0%d9%8a%d8%b0-%d9%88%d8%a7%d9%84%d8%ac%d8%a8%d9%86-%d8%a7%d9%84%d8%a3%d8%b2%d8%b1%d9%82-%d9%88%d8%a7%d9%84%d8%ac%d9%88%d8%b2
https://www.lacuisinedebernard.com/%d9%82%d8%b1%d8%b9-%d8%a7%d9%84%d8%ac%d9%88%d8%b2-%d8%a7%d9%84%d9%84%d8%b0%d9%8a%d8%b0-%d9%88%d8%a7%d9%84%d8%ac%d8%a8%d9%86-%d8%a7%d9%84%d8%a3%d8%b2%d8%b1%d9%82-%d9%88%d8%a7%d9%84%d8%ac%d9%88%d8%b2/,https://staging.lacuisinedebernard.com/%d9%82%d8%b1%d8%b9-%d8%a7%d9%84%d8%ac%d9%88%d8%b2-%d8%a7%d9%84%d9%84%d8%b0%d9%8a%d8%b0-%d9%88%d8%a7%d9%84%d8%ac%d8%a8%d9%86-%d8%a7%d9%84%d8%a3%d8%b2%d8%b1%d9%82-%d9%88%d8%a7%d9%84%d8%ac%d9%88%d8%b2
https://lacuisinedebernard.com/%d9%85%d8%b6%d9%81%d8%b1-%d8%a7%d9%84%d8%aa%d8%b4%d9%8a%d9%83%d9%8a%d8%a9-%d8%a8%d8%b1%d9%8a%d9%88%d8%b4-%d8%b9%d9%8a%d8%af-%d8%a7%d9%84%d9%85%d9%8a%d9%84%d8%a7%d8%af,https://staging.lacuisinedebernard.com/%d9%85%d8%b6%d9%81%d8%b1-%d8%a7%d9%84%d8%aa%d8%b4%d9%8a%d9%83%d9%8a%d8%a9-%d8%a8%d8%b1%d9%8a%d9%88%d8%b4-%d8%b9%d9%8a%d8%af-%d8%a7%d9%84%d9%85%d9%8a%d9%84%d8%a7%d8%af
https://lacuisinedebernard.com/%d9%85%d8%b6%d9%81%d8%b1-%d8%a7%d9%84%d8%aa%d8%b4%d9%8a%d9%83%d9%8a%d8%a9-%d8%a8%d8%b1%d9%8a%d9%88%d8%b4-%d8%b9%d9%8a%d8%af-%d8%a7%d9%84%d9%85%d9%8a%d9%84%d8%a7%d8%af/,https://staging.lacuisinedebernard.com/%d9%85%d8%b6%d9%81%d8%b1-%d8%a7%d9%84%d8%aa%d8%b4%d9%8a%d9%83%d9%8a%d8%a9-%d8%a8%d8%b1%d9%8a%d9%88%d8%b4-%d8%b9%d9%8a%d8%af-%d8%a7%d9%84%d9%85%d9%8a%d9%84%d8%a7%d8%af
https://www.lacuisinedebernard.com/%d9%85%d8%b6%d9%81%d8%b1-%d8%a7%d9%84%d8%aa%d8%b4%d9%8a%d9%83%d9%8a%d8%a9-%d8%a8%d8%b1%d9%8a%d9%88%d8%b4-%d8%b9%d9%8a%d8%af-%d8%a7%d9%84%d9%85%d9%8a%d9%84%d8%a7%d8%af,https://staging.lacuisinedebernard.com/%d9%85%d8%b6%d9%81%d8%b1-%d8%a7%d9%84%d8%aa%d8%b4%d9%8a%d9%83%d9%8a%d8%a9-%d8%a8%d8%b1%d9%8a%d9%88%d8%b4-%d8%b9%d9%8a%d8%af-%d8%a7%d9%84%d9%85%d9%8a%d9%84%d8%a7%d8%af
https://www.lacuisinedebernard.com/%d9%85%d8%b6%d9%81%d8%b1-%d8%a7%d9%84%d8%aa%d8%b4%d9%8a%d9%83%d9%8a%d8%a9-%d8%a8%d8%b1%d9%8a%d9%88%d8%b4-%d8%b9%d9%8a%d8%af-%d8%a7%d9%84%d9%85%d9%8a%d9%84%d8%a7%d8%af/,https://staging.lacuisinedebernard.com/%d9%85%d8%b6%d9%81%d8%b1-%d8%a7%d9%84%d8%aa%d8%b4%d9%8a%d9%83%d9%8a%d8%a9-%d8%a8%d8%b1%d9%8a%d9%88%d8%b4-%d8%b9%d9%8a%d8%af-%d8%a7%d9%84%d9%85%d9%8a%d9%84%d8%a7%d8%af
https://lacuisinedebernard.com/%d8%a3%d8%b1%d8%b2-%d9%85%d9%82%d9%84%d9%8a-%d9%85%d8%b9-%d8%a7%d9%84%d9%83%d8%a7%d8%b1%d9%8a-%d9%88%d8%a7%d9%84%d8%b9%d9%86%d8%a8-%d9%88%d8%a7%d9%84%d8%ae%d8%b6%d8%b1%d9%88%d8%a7%d8%aa,https://staging.lacuisinedebernard.com/%d8%a3%d8%b1%d8%b2-%d9%85%d9%82%d9%84%d9%8a-%d9%85%d8%b9-%d8%a7%d9%84%d9%83%d8%a7%d8%b1%d9%8a-%d9%88%d8%a7%d9%84%d8%b9%d9%86%d8%a8-%d9%88%d8%a7%d9%84%d8%ae%d8%b6%d8%b1%d9%88%d8%a7%d8%aa
https://lacuisinedebernard.com/%d8%a3%d8%b1%d8%b2-%d9%85%d9%82%d9%84%d9%8a-%d9%85%d8%b9-%d8%a7%d9%84%d9%83%d8%a7%d8%b1%d9%8a-%d9%88%d8%a7%d9%84%d8%b9%d9%86%d8%a8-%d9%88%d8%a7%d9%84%d8%ae%d8%b6%d8%b1%d9%88%d8%a7%d8%aa/,https://staging.lacuisinedebernard.com/%d8%a3%d8%b1%d8%b2-%d9%85%d9%82%d9%84%d9%8a-%d9%85%d8%b9-%d8%a7%d9%84%d9%83%d8%a7%d8%b1%d9%8a-%d9%88%d8%a7%d9%84%d8%b9%d9%86%d8%a8-%d9%88%d8%a7%d9%84%d8%ae%d8%b6%d8%b1%d9%88%d8%a7%d8%aa
https://www.lacuisinedebernard.com/%d8%a3%d8%b1%d8%b2-%d9%85%d9%82%d9%84%d9%8a-%d9%85%d8%b9-%d8%a7%d9%84%d9%83%d8%a7%d8%b1%d9%8a-%d9%88%d8%a7%d9%84%d8%b9%d9%86%d8%a8-%d9%88%d8%a7%d9%84%d8%ae%d8%b6%d8%b1%d9%88%d8%a7%d8%aa,https://staging.lacuisinedebernard.com/%d8%a3%d8%b1%d8%b2-%d9%85%d9%82%d9%84%d9%8a-%d9%85%d8%b9-%d8%a7%d9%84%d9%83%d8%a7%d8%b1%d9%8a-%d9%88%d8%a7%d9%84%d8%b9%d9%86%d8%a8-%d9%88%d8%a7%d9%84%d8%ae%d8%b6%d8%b1%d9%88%d8%a7%d8%aa
https://www.lacuisinedebernard.com/%d8%a3%d8%b1%d8%b2-%d9%85%d9%82%d9%84%d9%8a-%d9%85%d8%b9-%d8%a7%d9%84%d9%83%d8%a7%d8%b1%d9%8a-%d9%88%d8%a7%d9%84%d8%b9%d9%86%d8%a8-%d9%88%d8%a7%d9%84%d8%ae%d8%b6%d8%b1%d9%88%d8%a7%d8%aa/,https://staging.lacuisinedebernard.com/%d8%a3%d8%b1%d8%b2-%d9%85%d9%82%d9%84%d9%8a-%d9%85%d8%b9-%d8%a7%d9%84%d9%83%d8%a7%d8%b1%d9%8a-%d9%88%d8%a7%d9%84%d8%b9%d9%86%d8%a8-%d9%88%d8%a7%d9%84%d8%ae%d8%b6%d8%b1%d9%88%d8%a7%d8%aa
https://lacuisinedebernard.com/%d9%85%d9%84%d9%81%d8%a7%d8%aa-%d8%aa%d8%b9%d8%b1%d9%8a%d9%81-%d8%a7%d9%84%d8%a7%d8%b1%d8%aa%d8%a8%d8%a7%d8%b7-%d8%a7%d9%84%d8%b3%d9%84%d8%b7%d8%a9,https://staging.lacuisinedebernard.com/%d9%85%d9%84%d9%81%d8%a7%d8%aa-%d8%aa%d8%b9%d8%b1%d9%8a%d9%81-%d8%a7%d9%84%d8%a7%d8%b1%d8%aa%d8%a8%d8%a7%d8%b7-%d8%a7%d9%84%d8%b3%d9%84%d8%b7%d8%a9
https://lacuisinedebernard.com/%d9%85%d9%84%d9%81%d8%a7%d8%aa-%d8%aa%d8%b9%d8%b1%d9%8a%d9%81-%d8%a7%d9%84%d8%a7%d8%b1%d8%aa%d8%a8%d8%a7%d8%b7-%d8%a7%d9%84%d8%b3%d9%84%d8%b7%d8%a9/,https://staging.lacuisinedebernard.com/%d9%85%d9%84%d9%81%d8%a7%d8%aa-%d8%aa%d8%b9%d8%b1%d9%8a%d9%81-%d8%a7%d9%84%d8%a7%d8%b1%d8%aa%d8%a8%d8%a7%d8%b7-%d8%a7%d9%84%d8%b3%d9%84%d8%b7%d8%a9
https://www.lacuisinedebernard.com/%d9%85%d9%84%d9%81%d8%a7%d8%aa-%d8%aa%d8%b9%d8%b1%d9%8a%d9%81-%d8%a7%d9%84%d8%a7%d8%b1%d8%aa%d8%a8%d8%a7%d8%b7-%d8%a7%d9%84%d8%b3%d9%84%d8%b7%d8%a9,https://staging.lacuisinedebernard.com/%d9%85%d9%84%d9%81%d8%a7%d8%aa-%d8%aa%d8%b9%d8%b1%d9%8a%d9%81-%d8%a7%d9%84%d8%a7%d8%b1%d8%aa%d8%a8%d8%a7%d8%b7-%d8%a7%d9%84%d8%b3%d9%84%d8%b7%d8%a9
https://www.lacuisinedebernard.com/%d9%85%d9%84%d9%81%d8%a7%d8%aa-%d8%aa%d8%b9%d8%b1%d9%8a%d9%81-%d8%a7%d9%84%d8%a7%d8%b1%d8%aa%d8%a8%d8%a7%d8%b7-%d8%a7%d9%84%d8%b3%d9%84%d8%b7%d8%a9/,https://staging.lacuisinedebernard.com/%d9%85%d9%84%d9%81%d8%a7%d8%aa-%d8%aa%d8%b9%d8%b1%d9%8a%d9%81-%d8%a7%d9%84%d8%a7%d8%b1%d8%aa%d8%a8%d8%a7%d8%b7-%d8%a7%d9%84%d8%b3%d9%84%d8%b7%d8%a9
https://lacuisinedebernard.com/%d8%a8%d8%b7%d8%a7%d8%b7%d8%b3-%d9%85%d9%87%d8%b1%d9%88%d8%b3%d8%a9-%d9%85%d8%b9-%d8%ab%d9%88%d9%85-%d9%85%d8%ad%d9%85%d8%b5-%d8%8c-%d8%b2%d8%a8%d8%af%d8%a9-%d8%a8%d9%86%d9%8a%d8%a9-%d9%88-%d8%b2,https://staging.lacuisinedebernard.com/%d8%a8%d8%b7%d8%a7%d8%b7%d8%b3-%d9%85%d9%87%d8%b1%d9%88%d8%b3%d8%a9-%d9%85%d8%b9-%d8%ab%d9%88%d9%85-%d9%85%d8%ad%d9%85%d8%b5-%d8%8c-%d8%b2%d8%a8%d8%af%d8%a9-%d8%a8%d9%86%d9%8a%d8%a9-%d9%88-%d8%b2
https://lacuisinedebernard.com/%d8%a8%d8%b7%d8%a7%d8%b7%d8%b3-%d9%85%d9%87%d8%b1%d9%88%d8%b3%d8%a9-%d9%85%d8%b9-%d8%ab%d9%88%d9%85-%d9%85%d8%ad%d9%85%d8%b5-%d8%8c-%d8%b2%d8%a8%d8%af%d8%a9-%d8%a8%d9%86%d9%8a%d8%a9-%d9%88-%d8%b2/,https://staging.lacuisinedebernard.com/%d8%a8%d8%b7%d8%a7%d8%b7%d8%b3-%d9%85%d9%87%d8%b1%d9%88%d8%b3%d8%a9-%d9%85%d8%b9-%d8%ab%d9%88%d9%85-%d9%85%d8%ad%d9%85%d8%b5-%d8%8c-%d8%b2%d8%a8%d8%af%d8%a9-%d8%a8%d9%86%d9%8a%d8%a9-%d9%88-%d8%b2
https://www.lacuisinedebernard.com/%d8%a8%d8%b7%d8%a7%d8%b7%d8%b3-%d9%85%d9%87%d8%b1%d9%88%d8%b3%d8%a9-%d9%85%d8%b9-%d8%ab%d9%88%d9%85-%d9%85%d8%ad%d9%85%d8%b5-%d8%8c-%d8%b2%d8%a8%d8%af%d8%a9-%d8%a8%d9%86%d9%8a%d8%a9-%d9%88-%d8%b2,https://staging.lacuisinedebernard.com/%d8%a8%d8%b7%d8%a7%d8%b7%d8%b3-%d9%85%d9%87%d8%b1%d9%88%d8%b3%d8%a9-%d9%85%d8%b9-%d8%ab%d9%88%d9%85-%d9%85%d8%ad%d9%85%d8%b5-%d8%8c-%d8%b2%d8%a8%d8%af%d8%a9-%d8%a8%d9%86%d9%8a%d8%a9-%d9%88-%d8%b2
https://www.lacuisinedebernard.com/%d8%a8%d8%b7%d8%a7%d8%b7%d8%b3-%d9%85%d9%87%d8%b1%d9%88%d8%b3%d8%a9-%d9%85%d8%b9-%d8%ab%d9%88%d9%85-%d9%85%d8%ad%d9%85%d8%b5-%d8%8c-%d8%b2%d8%a8%d8%af%d8%a9-%d8%a8%d9%86%d9%8a%d8%a9-%d9%88-%d8%b2/,https://staging.lacuisinedebernard.com/%d8%a8%d8%b7%d8%a7%d8%b7%d8%b3-%d9%85%d9%87%d8%b1%d9%88%d8%b3%d8%a9-%d9%85%d8%b9-%d8%ab%d9%88%d9%85-%d9%85%d8%ad%d9%85%d8%b5-%d8%8c-%d8%b2%d8%a8%d8%af%d8%a9-%d8%a8%d9%86%d9%8a%d8%a9-%d9%88-%d8%b2
https://lacuisinedebernard.com/%d8%a8%d8%a7%d8%a8%d9%83%d8%a7-%d9%85%d8%a7%d9%84%d8%ad-%d9%85%d8%b9-%d8%a8%d9%8a%d8%b3%d8%aa%d9%88-%d8%a7%d9%84%d8%b1%d9%8a%d8%ad%d8%a7%d9%86-%d9%88%d8%ac%d9%88%d8%b2-%d8%a7%d9%84%d8%a8%d9%82%d8%a7,https://staging.lacuisinedebernard.com/%d8%a8%d8%a7%d8%a8%d9%83%d8%a7-%d9%85%d8%a7%d9%84%d8%ad-%d9%85%d8%b9-%d8%a8%d9%8a%d8%b3%d8%aa%d9%88-%d8%a7%d9%84%d8%b1%d9%8a%d8%ad%d8%a7%d9%86-%d9%88%d8%ac%d9%88%d8%b2-%d8%a7%d9%84%d8%a8%d9%82%d8%a7
https://lacuisinedebernard.com/%d8%a8%d8%a7%d8%a8%d9%83%d8%a7-%d9%85%d8%a7%d9%84%d8%ad-%d9%85%d8%b9-%d8%a8%d9%8a%d8%b3%d8%aa%d9%88-%d8%a7%d9%84%d8%b1%d9%8a%d8%ad%d8%a7%d9%86-%d9%88%d8%ac%d9%88%d8%b2-%d8%a7%d9%84%d8%a8%d9%82%d8%a7/,https://staging.lacuisinedebernard.com/%d8%a8%d8%a7%d8%a8%d9%83%d8%a7-%d9%85%d8%a7%d9%84%d8%ad-%d9%85%d8%b9-%d8%a8%d9%8a%d8%b3%d8%aa%d9%88-%d8%a7%d9%84%d8%b1%d9%8a%d8%ad%d8%a7%d9%86-%d9%88%d8%ac%d9%88%d8%b2-%d8%a7%d9%84%d8%a8%d9%82%d8%a7
https://www.lacuisinedebernard.com/%d8%a8%d8%a7%d8%a8%d9%83%d8%a7-%d9%85%d8%a7%d9%84%d8%ad-%d9%85%d8%b9-%d8%a8%d9%8a%d8%b3%d8%aa%d9%88-%d8%a7%d9%84%d8%b1%d9%8a%d8%ad%d8%a7%d9%86-%d9%88%d8%ac%d9%88%d8%b2-%d8%a7%d9%84%d8%a8%d9%82%d8%a7,https://staging.lacuisinedebernard.com/%d8%a8%d8%a7%d8%a8%d9%83%d8%a7-%d9%85%d8%a7%d9%84%d8%ad-%d9%85%d8%b9-%d8%a8%d9%8a%d8%b3%d8%aa%d9%88-%d8%a7%d9%84%d8%b1%d9%8a%d8%ad%d8%a7%d9%86-%d9%88%d8%ac%d9%88%d8%b2-%d8%a7%d9%84%d8%a8%d9%82%d8%a7
https://www.lacuisinedebernard.com/%d8%a8%d8%a7%d8%a8%d9%83%d8%a7-%d9%85%d8%a7%d9%84%d8%ad-%d9%85%d8%b9-%d8%a8%d9%8a%d8%b3%d8%aa%d9%88-%d8%a7%d9%84%d8%b1%d9%8a%d8%ad%d8%a7%d9%86-%d9%88%d8%ac%d9%88%d8%b2-%d8%a7%d9%84%d8%a8%d9%82%d8%a7/,https://staging.lacuisinedebernard.com/%d8%a8%d8%a7%d8%a8%d9%83%d8%a7-%d9%85%d8%a7%d9%84%d8%ad-%d9%85%d8%b9-%d8%a8%d9%8a%d8%b3%d8%aa%d9%88-%d8%a7%d9%84%d8%b1%d9%8a%d8%ad%d8%a7%d9%86-%d9%88%d8%ac%d9%88%d8%b2-%d8%a7%d9%84%d8%a8%d9%82%d8%a7
https://lacuisinedebernard.com/fritos-de-mirtilo,https://staging.lacuisinedebernard.com/fritos-de-mirtilo
https://lacuisinedebernard.com/fritos-de-mirtilo/,https://staging.lacuisinedebernard.com/fritos-de-mirtilo
https://www.lacuisinedebernard.com/fritos-de-mirtilo,https://staging.lacuisinedebernard.com/fritos-de-mirtilo
https://www.lacuisinedebernard.com/fritos-de-mirtilo/,https://staging.lacuisinedebernard.com/fritos-de-mirtilo
https://lacuisinedebernard.com/una-pequena-pausa-en-el-blog,https://staging.lacuisinedebernard.com/una-pequena-pausa-en-el-blog
https://lacuisinedebernard.com/una-pequena-pausa-en-el-blog/,https://staging.lacuisinedebernard.com/una-pequena-pausa-en-el-blog
https://www.lacuisinedebernard.com/una-pequena-pausa-en-el-blog,https://staging.lacuisinedebernard.com/una-pequena-pausa-en-el-blog
https://www.lacuisinedebernard.com/una-pequena-pausa-en-el-blog/,https://staging.lacuisinedebernard.com/una-pequena-pausa-en-el-blog
https://lacuisinedebernard.com/escandalosamente-decadente,https://staging.lacuisinedebernard.com/escandalosamente-decadente
https://lacuisinedebernard.com/escandalosamente-decadente/,https://staging.lacuisinedebernard.com/escandalosamente-decadente
https://www.lacuisinedebernard.com/escandalosamente-decadente,https://staging.lacuisinedebernard.com/escandalosamente-decadente
https://www.lacuisinedebernard.com/escandalosamente-decadente/,https://staging.lacuisinedebernard.com/escandalosamente-decadente
https://lacuisinedebernard.com/el-nuevo-procesador-de-cocina-de-kitchenaid,https://staging.lacuisinedebernard.com/el-nuevo-procesador-de-cocina-de-kitchenaid
https://lacuisinedebernard.com/el-nuevo-procesador-de-cocina-de-kitchenaid/,https://staging.lacuisinedebernard.com/el-nuevo-procesador-de-cocina-de-kitchenaid
https://www.lacuisinedebernard.com/el-nuevo-procesador-de-cocina-de-kitchenaid,https://staging.lacuisinedebernard.com/el-nuevo-procesador-de-cocina-de-kitchenaid
https://www.lacuisinedebernard.com/el-nuevo-procesador-de-cocina-de-kitchenaid/,https://staging.lacuisinedebernard.com/el-nuevo-procesador-de-cocina-de-kitchenaid
https://lacuisinedebernard.com/shiitake-estaladico-em-molho-hoisin,https://staging.lacuisinedebernard.com/shiitake-estaladico-em-molho-hoisin
https://lacuisinedebernard.com/shiitake-estaladico-em-molho-hoisin/,https://staging.lacuisinedebernard.com/shiitake-estaladico-em-molho-hoisin
https://www.lacuisinedebernard.com/shiitake-estaladico-em-molho-hoisin,https://staging.lacuisinedebernard.com/shiitake-estaladico-em-molho-hoisin
https://www.lacuisinedebernard.com/shiitake-estaladico-em-molho-hoisin/,https://staging.lacuisinedebernard.com/shiitake-estaladico-em-molho-hoisin
https://lacuisinedebernard.com/crumble-de-calabaza-queso-azul-y-nueces,https://staging.lacuisinedebernard.com/crumble-de-calabaza-queso-azul-y-nueces
https://lacuisinedebernard.com/crumble-de-calabaza-queso-azul-y-nueces/,https://staging.lacuisinedebernard.com/crumble-de-calabaza-queso-azul-y-nueces
https://www.lacuisinedebernard.com/crumble-de-calabaza-queso-azul-y-nueces,https://staging.lacuisinedebernard.com/crumble-de-calabaza-queso-azul-y-nueces
https://www.lacuisinedebernard.com/crumble-de-calabaza-queso-azul-y-nueces/,https://staging.lacuisinedebernard.com/crumble-de-calabaza-queso-azul-y-nueces
https://lacuisinedebernard.com/rollos-de-langosta-y-de-gambas,https://staging.lacuisinedebernard.com/rollos-de-langosta-y-de-gambas
https://lacuisinedebernard.com/rollos-de-langosta-y-de-gambas/,https://staging.lacuisinedebernard.com/rollos-de-langosta-y-de-gambas
https://www.lacuisinedebernard.com/rollos-de-langosta-y-de-gambas,https://staging.lacuisinedebernard.com/rollos-de-langosta-y-de-gambas
https://www.lacuisinedebernard.com/rollos-de-langosta-y-de-gambas/,https://staging.lacuisinedebernard.com/rollos-de-langosta-y-de-gambas
https://lacuisinedebernard.com/%d8%ac%d9%88%d8%b2-%d8%a7%d9%84%d9%87%d9%86%d8%af-%d8%a7%d9%84%d8%b3%d9%85%d8%b3%d9%85-%d9%84%d8%a2%d9%84%d8%a6-%d8%a7%d9%84%d9%81%d9%88%d9%84-%d8%a7%d9%84%d8%b3%d9%88%d8%af%d8%a7%d9%86%d9%8a,https://staging.lacuisinedebernard.com/%d8%ac%d9%88%d8%b2-%d8%a7%d9%84%d9%87%d9%86%d8%af-%d8%a7%d9%84%d8%b3%d9%85%d8%b3%d9%85-%d9%84%d8%a2%d9%84%d8%a6-%d8%a7%d9%84%d9%81%d9%88%d9%84-%d8%a7%d9%84%d8%b3%d9%88%d8%af%d8%a7%d9%86%d9%8a
https://lacuisinedebernard.com/%d8%ac%d9%88%d8%b2-%d8%a7%d9%84%d9%87%d9%86%d8%af-%d8%a7%d9%84%d8%b3%d9%85%d8%b3%d9%85-%d9%84%d8%a2%d9%84%d8%a6-%d8%a7%d9%84%d9%81%d9%88%d9%84-%d8%a7%d9%84%d8%b3%d9%88%d8%af%d8%a7%d9%86%d9%8a/,https://staging.lacuisinedebernard.com/%d8%ac%d9%88%d8%b2-%d8%a7%d9%84%d9%87%d9%86%d8%af-%d8%a7%d9%84%d8%b3%d9%85%d8%b3%d9%85-%d9%84%d8%a2%d9%84%d8%a6-%d8%a7%d9%84%d9%81%d9%88%d9%84-%d8%a7%d9%84%d8%b3%d9%88%d8%af%d8%a7%d9%86%d9%8a
https://www.lacuisinedebernard.com/%d8%ac%d9%88%d8%b2-%d8%a7%d9%84%d9%87%d9%86%d8%af-%d8%a7%d9%84%d8%b3%d9%85%d8%b3%d9%85-%d9%84%d8%a2%d9%84%d8%a6-%d8%a7%d9%84%d9%81%d9%88%d9%84-%d8%a7%d9%84%d8%b3%d9%88%d8%af%d8%a7%d9%86%d9%8a,https://staging.lacuisinedebernard.com/%d8%ac%d9%88%d8%b2-%d8%a7%d9%84%d9%87%d9%86%d8%af-%d8%a7%d9%84%d8%b3%d9%85%d8%b3%d9%85-%d9%84%d8%a2%d9%84%d8%a6-%d8%a7%d9%84%d9%81%d9%88%d9%84-%d8%a7%d9%84%d8%b3%d9%88%d8%af%d8%a7%d9%86%d9%8a
https://www.lacuisinedebernard.com/%d8%ac%d9%88%d8%b2-%d8%a7%d9%84%d9%87%d9%86%d8%af-%d8%a7%d9%84%d8%b3%d9%85%d8%b3%d9%85-%d9%84%d8%a2%d9%84%d8%a6-%d8%a7%d9%84%d9%81%d9%88%d9%84-%d8%a7%d9%84%d8%b3%d9%88%d8%af%d8%a7%d9%86%d9%8a/,https://staging.lacuisinedebernard.com/%d8%ac%d9%88%d8%b2-%d8%a7%d9%84%d9%87%d9%86%d8%af-%d8%a7%d9%84%d8%b3%d9%85%d8%b3%d9%85-%d9%84%d8%a2%d9%84%d8%a6-%d8%a7%d9%84%d9%81%d9%88%d9%84-%d8%a7%d9%84%d8%b3%d9%88%d8%af%d8%a7%d9%86%d9%8a
https://lacuisinedebernard.com/%d8%b1%d9%88%d8%b3%d8%aa%d9%8a-%d9%88%d8%b3%d9%85%d9%83-%d8%a7%d9%84%d8%b3%d9%84%d9%85%d9%88%d9%86-%d9%85%d8%b9-%d8%b5%d9%84%d8%b5%d8%a9-%d9%83%d8%b1%d9%8a%d9%85%d8%a9-%d8%a7%d9%84%d9%84%d9%8a%d9%85,https://staging.lacuisinedebernard.com/%d8%b1%d9%88%d8%b3%d8%aa%d9%8a-%d9%88%d8%b3%d9%85%d9%83-%d8%a7%d9%84%d8%b3%d9%84%d9%85%d9%88%d9%86-%d9%85%d8%b9-%d8%b5%d9%84%d8%b5%d8%a9-%d9%83%d8%b1%d9%8a%d9%85%d8%a9-%d8%a7%d9%84%d9%84%d9%8a%d9%85
https://lacuisinedebernard.com/%d8%b1%d9%88%d8%b3%d8%aa%d9%8a-%d9%88%d8%b3%d9%85%d9%83-%d8%a7%d9%84%d8%b3%d9%84%d9%85%d9%88%d9%86-%d9%85%d8%b9-%d8%b5%d9%84%d8%b5%d8%a9-%d9%83%d8%b1%d9%8a%d9%85%d8%a9-%d8%a7%d9%84%d9%84%d9%8a%d9%85/,https://staging.lacuisinedebernard.com/%d8%b1%d9%88%d8%b3%d8%aa%d9%8a-%d9%88%d8%b3%d9%85%d9%83-%d8%a7%d9%84%d8%b3%d9%84%d9%85%d9%88%d9%86-%d9%85%d8%b9-%d8%b5%d9%84%d8%b5%d8%a9-%d9%83%d8%b1%d9%8a%d9%85%d8%a9-%d8%a7%d9%84%d9%84%d9%8a%d9%85
https://www.lacuisinedebernard.com/%d8%b1%d9%88%d8%b3%d8%aa%d9%8a-%d9%88%d8%b3%d9%85%d9%83-%d8%a7%d9%84%d8%b3%d9%84%d9%85%d9%88%d9%86-%d9%85%d8%b9-%d8%b5%d9%84%d8%b5%d8%a9-%d9%83%d8%b1%d9%8a%d9%85%d8%a9-%d8%a7%d9%84%d9%84%d9%8a%d9%85,https://staging.lacuisinedebernard.com/%d8%b1%d9%88%d8%b3%d8%aa%d9%8a-%d9%88%d8%b3%d9%85%d9%83-%d8%a7%d9%84%d8%b3%d9%84%d9%85%d9%88%d9%86-%d9%85%d8%b9-%d8%b5%d9%84%d8%b5%d8%a9-%d9%83%d8%b1%d9%8a%d9%85%d8%a9-%d8%a7%d9%84%d9%84%d9%8a%d9%85
https://www.lacuisinedebernard.com/%d8%b1%d9%88%d8%b3%d8%aa%d9%8a-%d9%88%d8%b3%d9%85%d9%83-%d8%a7%d9%84%d8%b3%d9%84%d9%85%d9%88%d9%86-%d9%85%d8%b9-%d8%b5%d9%84%d8%b5%d8%a9-%d9%83%d8%b1%d9%8a%d9%85%d8%a9-%d8%a7%d9%84%d9%84%d9%8a%d9%85/,https://staging.lacuisinedebernard.com/%d8%b1%d9%88%d8%b3%d8%aa%d9%8a-%d9%88%d8%b3%d9%85%d9%83-%d8%a7%d9%84%d8%b3%d9%84%d9%85%d9%88%d9%86-%d9%85%d8%b9-%d8%b5%d9%84%d8%b5%d8%a9-%d9%83%d8%b1%d9%8a%d9%85%d8%a9-%d8%a7%d9%84%d9%84%d9%8a%d9%85
https://lacuisinedebernard.com/indecent-shortbread-50-chocolate,https://staging.lacuisinedebernard.com/indecent-shortbread-50-chocolate
https://lacuisinedebernard.com/indecent-shortbread-50-chocolate/,https://staging.lacuisinedebernard.com/indecent-shortbread-50-chocolate
https://www.lacuisinedebernard.com/indecent-shortbread-50-chocolate,https://staging.lacuisinedebernard.com/indecent-shortbread-50-chocolate
https://www.lacuisinedebernard.com/indecent-shortbread-50-chocolate/,https://staging.lacuisinedebernard.com/indecent-shortbread-50-chocolate
https://lacuisinedebernard.com/uma-pequena-pausa-no-blogue,https://staging.lacuisinedebernard.com/uma-pequena-pausa-no-blogue
https://lacuisinedebernard.com/uma-pequena-pausa-no-blogue/,https://staging.lacuisinedebernard.com/uma-pequena-pausa-no-blogue
https://www.lacuisinedebernard.com/uma-pequena-pausa-no-blogue,https://staging.lacuisinedebernard.com/uma-pequena-pausa-no-blogue
https://www.lacuisinedebernard.com/uma-pequena-pausa-no-blogue/,https://staging.lacuisinedebernard.com/uma-pequena-pausa-no-blogue
https://lacuisinedebernard.com/o-novo-processador-cook-da-kitchenaid,https://staging.lacuisinedebernard.com/o-novo-processador-cook-da-kitchenaid
https://lacuisinedebernard.com/o-novo-processador-cook-da-kitchenaid/,https://staging.lacuisinedebernard.com/o-novo-processador-cook-da-kitchenaid
https://www.lacuisinedebernard.com/o-novo-processador-cook-da-kitchenaid,https://staging.lacuisinedebernard.com/o-novo-processador-cook-da-kitchenaid
https://www.lacuisinedebernard.com/o-novo-processador-cook-da-kitchenaid/,https://staging.lacuisinedebernard.com/o-novo-processador-cook-da-kitchenaid
https://lacuisinedebernard.com/%d8%b4%d9%88%d8%b1%d8%aa%d8%a8%d8%b1%d9%8a%d8%af-%d8%ba%d9%8a%d8%b1-%d9%84%d8%a7%d8%a6%d9%82-50%d9%aa-%d8%b4%d9%88%d9%83%d9%88%d9%84%d8%a7%d8%aa%d8%a9,https://staging.lacuisinedebernard.com/%d8%b4%d9%88%d8%b1%d8%aa%d8%a8%d8%b1%d9%8a%d8%af-%d8%ba%d9%8a%d8%b1-%d9%84%d8%a7%d8%a6%d9%82-50%d9%aa-%d8%b4%d9%88%d9%83%d9%88%d9%84%d8%a7%d8%aa%d8%a9
https://lacuisinedebernard.com/%d8%b4%d9%88%d8%b1%d8%aa%d8%a8%d8%b1%d9%8a%d8%af-%d8%ba%d9%8a%d8%b1-%d9%84%d8%a7%d8%a6%d9%82-50%d9%aa-%d8%b4%d9%88%d9%83%d9%88%d9%84%d8%a7%d8%aa%d8%a9/,https://staging.lacuisinedebernard.com/%d8%b4%d9%88%d8%b1%d8%aa%d8%a8%d8%b1%d9%8a%d8%af-%d8%ba%d9%8a%d8%b1-%d9%84%d8%a7%d8%a6%d9%82-50%d9%aa-%d8%b4%d9%88%d9%83%d9%88%d9%84%d8%a7%d8%aa%d8%a9
https://www.lacuisinedebernard.com/%d8%b4%d9%88%d8%b1%d8%aa%d8%a8%d8%b1%d9%8a%d8%af-%d8%ba%d9%8a%d8%b1-%d9%84%d8%a7%d8%a6%d9%82-50%d9%aa-%d8%b4%d9%88%d9%83%d9%88%d9%84%d8%a7%d8%aa%d8%a9,https://staging.lacuisinedebernard.com/%d8%b4%d9%88%d8%b1%d8%aa%d8%a8%d8%b1%d9%8a%d8%af-%d8%ba%d9%8a%d8%b1-%d9%84%d8%a7%d8%a6%d9%82-50%d9%aa-%d8%b4%d9%88%d9%83%d9%88%d9%84%d8%a7%d8%aa%d8%a9
https://www.lacuisinedebernard.com/%d8%b4%d9%88%d8%b1%d8%aa%d8%a8%d8%b1%d9%8a%d8%af-%d8%ba%d9%8a%d8%b1-%d9%84%d8%a7%d8%a6%d9%82-50%d9%aa-%d8%b4%d9%88%d9%83%d9%88%d9%84%d8%a7%d8%aa%d8%a9/,https://staging.lacuisinedebernard.com/%d8%b4%d9%88%d8%b1%d8%aa%d8%a8%d8%b1%d9%8a%d8%af-%d8%ba%d9%8a%d8%b1-%d9%84%d8%a7%d8%a6%d9%82-50%d9%aa-%d8%b4%d9%88%d9%83%d9%88%d9%84%d8%a7%d8%aa%d8%a9
https://lacuisinedebernard.com/abobora-de-abobora-menina-queijo-azul-e-nogueira-desmoronada,https://staging.lacuisinedebernard.com/abobora-de-abobora-menina-queijo-azul-e-nogueira-desmoronada
https://lacuisinedebernard.com/abobora-de-abobora-menina-queijo-azul-e-nogueira-desmoronada/,https://staging.lacuisinedebernard.com/abobora-de-abobora-menina-queijo-azul-e-nogueira-desmoronada
https://www.lacuisinedebernard.com/abobora-de-abobora-menina-queijo-azul-e-nogueira-desmoronada,https://staging.lacuisinedebernard.com/abobora-de-abobora-menina-queijo-azul-e-nogueira-desmoronada
https://www.lacuisinedebernard.com/abobora-de-abobora-menina-queijo-azul-e-nogueira-desmoronada/,https://staging.lacuisinedebernard.com/abobora-de-abobora-menina-queijo-azul-e-nogueira-desmoronada
https://lacuisinedebernard.com/blueberry-doughnuts,https://staging.lacuisinedebernard.com/blueberry-doughnuts
https://lacuisinedebernard.com/blueberry-doughnuts/,https://staging.lacuisinedebernard.com/blueberry-doughnuts
https://www.lacuisinedebernard.com/blueberry-doughnuts,https://staging.lacuisinedebernard.com/blueberry-doughnuts
https://www.lacuisinedebernard.com/blueberry-doughnuts/,https://staging.lacuisinedebernard.com/blueberry-doughnuts
https://lacuisinedebernard.com/scandalously-decadent,https://staging.lacuisinedebernard.com/scandalously-decadent
https://lacuisinedebernard.com/scandalously-decadent/,https://staging.lacuisinedebernard.com/scandalously-decadent
https://www.lacuisinedebernard.com/scandalously-decadent,https://staging.lacuisinedebernard.com/scandalously-decadent
https://www.lacuisinedebernard.com/scandalously-decadent/,https://staging.lacuisinedebernard.com/scandalously-decadent
https://lacuisinedebernard.com/%d8%ac%d8%a7%d9%86%d9%8a%d8%aa-%d8%a7%d9%84%d8%a8%d9%86%d8%af%d9%82-%d9%88%d8%a7%d9%84%d9%84%d9%88%d8%b2-%d9%88%d8%a7%d9%84%d9%82%d8%b1%d9%81%d8%a9-%d8%b3%d8%a8%d8%b1%d9%8a%d8%aa%d8%b2,https://staging.lacuisinedebernard.com/%d8%ac%d8%a7%d9%86%d9%8a%d8%aa-%d8%a7%d9%84%d8%a8%d9%86%d8%af%d9%82-%d9%88%d8%a7%d9%84%d9%84%d9%88%d8%b2-%d9%88%d8%a7%d9%84%d9%82%d8%b1%d9%81%d8%a9-%d8%b3%d8%a8%d8%b1%d9%8a%d8%aa%d8%b2
https://lacuisinedebernard.com/%d8%ac%d8%a7%d9%86%d9%8a%d8%aa-%d8%a7%d9%84%d8%a8%d9%86%d8%af%d9%82-%d9%88%d8%a7%d9%84%d9%84%d9%88%d8%b2-%d9%88%d8%a7%d9%84%d9%82%d8%b1%d9%81%d8%a9-%d8%b3%d8%a8%d8%b1%d9%8a%d8%aa%d8%b2/,https://staging.lacuisinedebernard.com/%d8%ac%d8%a7%d9%86%d9%8a%d8%aa-%d8%a7%d9%84%d8%a8%d9%86%d8%af%d9%82-%d9%88%d8%a7%d9%84%d9%84%d9%88%d8%b2-%d9%88%d8%a7%d9%84%d9%82%d8%b1%d9%81%d8%a9-%d8%b3%d8%a8%d8%b1%d9%8a%d8%aa%d8%b2
https://www.lacuisinedebernard.com/%d8%ac%d8%a7%d9%86%d9%8a%d8%aa-%d8%a7%d9%84%d8%a8%d9%86%d8%af%d9%82-%d9%88%d8%a7%d9%84%d9%84%d9%88%d8%b2-%d9%88%d8%a7%d9%84%d9%82%d8%b1%d9%81%d8%a9-%d8%b3%d8%a8%d8%b1%d9%8a%d8%aa%d8%b2,https://staging.lacuisinedebernard.com/%d8%ac%d8%a7%d9%86%d9%8a%d8%aa-%d8%a7%d9%84%d8%a8%d9%86%d8%af%d9%82-%d9%88%d8%a7%d9%84%d9%84%d9%88%d8%b2-%d9%88%d8%a7%d9%84%d9%82%d8%b1%d9%81%d8%a9-%d8%b3%d8%a8%d8%b1%d9%8a%d8%aa%d8%b2
https://www.lacuisinedebernard.com/%d8%ac%d8%a7%d9%86%d9%8a%d8%aa-%d8%a7%d9%84%d8%a8%d9%86%d8%af%d9%82-%d9%88%d8%a7%d9%84%d9%84%d9%88%d8%b2-%d9%88%d8%a7%d9%84%d9%82%d8%b1%d9%81%d8%a9-%d8%b3%d8%a8%d8%b1%d9%8a%d8%aa%d8%b2/,https://staging.lacuisinedebernard.com/%d8%ac%d8%a7%d9%86%d9%8a%d8%aa-%d8%a7%d9%84%d8%a8%d9%86%d8%af%d9%82-%d9%88%d8%a7%d9%84%d9%84%d9%88%d8%b2-%d9%88%d8%a7%d9%84%d9%82%d8%b1%d9%81%d8%a9-%d8%b3%d8%a8%d8%b1%d9%8a%d8%aa%d8%b2
https://lacuisinedebernard.com/%d8%b7%d8%a8%d9%82-%d8%b6%d9%84%d8%b9-%d9%84%d8%ad%d9%85-%d8%a8%d9%82%d8%b1%d9%8a-%d8%b5%d9%84%d8%b5%d8%a9-%d8%a8%d8%a7%d8%b1%d8%a8%d9%8a%d9%83%d9%8a%d9%88,https://staging.lacuisinedebernard.com/%d8%b7%d8%a8%d9%82-%d8%b6%d9%84%d8%b9-%d9%84%d8%ad%d9%85-%d8%a8%d9%82%d8%b1%d9%8a-%d8%b5%d9%84%d8%b5%d8%a9-%d8%a8%d8%a7%d8%b1%d8%a8%d9%8a%d9%83%d9%8a%d9%88
https://lacuisinedebernard.com/%d8%b7%d8%a8%d9%82-%d8%b6%d9%84%d8%b9-%d9%84%d8%ad%d9%85-%d8%a8%d9%82%d8%b1%d9%8a-%d8%b5%d9%84%d8%b5%d8%a9-%d8%a8%d8%a7%d8%b1%d8%a8%d9%8a%d9%83%d9%8a%d9%88/,https://staging.lacuisinedebernard.com/%d8%b7%d8%a8%d9%82-%d8%b6%d9%84%d8%b9-%d9%84%d8%ad%d9%85-%d8%a8%d9%82%d8%b1%d9%8a-%d8%b5%d9%84%d8%b5%d8%a9-%d8%a8%d8%a7%d8%b1%d8%a8%d9%8a%d9%83%d9%8a%d9%88
https://www.lacuisinedebernard.com/%d8%b7%d8%a8%d9%82-%d8%b6%d9%84%d8%b9-%d9%84%d8%ad%d9%85-%d8%a8%d9%82%d8%b1%d9%8a-%d8%b5%d9%84%d8%b5%d8%a9-%d8%a8%d8%a7%d8%b1%d8%a8%d9%8a%d9%83%d9%8a%d9%88,https://staging.lacuisinedebernard.com/%d8%b7%d8%a8%d9%82-%d8%b6%d9%84%d8%b9-%d9%84%d8%ad%d9%85-%d8%a8%d9%82%d8%b1%d9%8a-%d8%b5%d9%84%d8%b5%d8%a9-%d8%a8%d8%a7%d8%b1%d8%a8%d9%8a%d9%83%d9%8a%d9%88
https://www.lacuisinedebernard.com/%d8%b7%d8%a8%d9%82-%d8%b6%d9%84%d8%b9-%d9%84%d8%ad%d9%85-%d8%a8%d9%82%d8%b1%d9%8a-%d8%b5%d9%84%d8%b5%d8%a9-%d8%a8%d8%a7%d8%b1%d8%a8%d9%8a%d9%83%d9%8a%d9%88/,https://staging.lacuisinedebernard.com/%d8%b7%d8%a8%d9%82-%d8%b6%d9%84%d8%b9-%d9%84%d8%ad%d9%85-%d8%a8%d9%82%d8%b1%d9%8a-%d8%b5%d9%84%d8%b5%d8%a9-%d8%a8%d8%a7%d8%b1%d8%a8%d9%8a%d9%83%d9%8a%d9%88
https://lacuisinedebernard.com/rolos-de-lagosta-e-rolos-de-camarao,https://staging.lacuisinedebernard.com/rolos-de-lagosta-e-rolos-de-camarao
https://lacuisinedebernard.com/rolos-de-lagosta-e-rolos-de-camarao/,https://staging.lacuisinedebernard.com/rolos-de-lagosta-e-rolos-de-camarao
https://www.lacuisinedebernard.com/rolos-de-lagosta-e-rolos-de-camarao,https://staging.lacuisinedebernard.com/rolos-de-lagosta-e-rolos-de-camarao
https://www.lacuisinedebernard.com/rolos-de-lagosta-e-rolos-de-camarao/,https://staging.lacuisinedebernard.com/rolos-de-lagosta-e-rolos-de-camarao
https://lacuisinedebernard.com/the-new-cook-processor-from-kitchenaid,https://staging.lacuisinedebernard.com/the-new-cook-processor-from-kitchenaid
https://lacuisinedebernard.com/the-new-cook-processor-from-kitchenaid/,https://staging.lacuisinedebernard.com/the-new-cook-processor-from-kitchenaid
https://www.lacuisinedebernard.com/the-new-cook-processor-from-kitchenaid,https://staging.lacuisinedebernard.com/the-new-cook-processor-from-kitchenaid
https://www.lacuisinedebernard.com/the-new-cook-processor-from-kitchenaid/,https://staging.lacuisinedebernard.com/the-new-cook-processor-from-kitchenaid
https://lacuisinedebernard.com/crispy-shiitake-with-hoisin-sauce,https://staging.lacuisinedebernard.com/crispy-shiitake-with-hoisin-sauce
https://lacuisinedebernard.com/crispy-shiitake-with-hoisin-sauce/,https://staging.lacuisinedebernard.com/crispy-shiitake-with-hoisin-sauce
https://www.lacuisinedebernard.com/crispy-shiitake-with-hoisin-sauce,https://staging.lacuisinedebernard.com/crispy-shiitake-with-hoisin-sauce
https://www.lacuisinedebernard.com/crispy-shiitake-with-hoisin-sauce/,https://staging.lacuisinedebernard.com/crispy-shiitake-with-hoisin-sauce
https://lacuisinedebernard.com/a-little-blogging-break,https://staging.lacuisinedebernard.com/a-little-blogging-break
https://lacuisinedebernard.com/a-little-blogging-break/,https://staging.lacuisinedebernard.com/a-little-blogging-break
https://www.lacuisinedebernard.com/a-little-blogging-break,https://staging.lacuisinedebernard.com/a-little-blogging-break
https://www.lacuisinedebernard.com/a-little-blogging-break/,https://staging.lacuisinedebernard.com/a-little-blogging-break
https://lacuisinedebernard.com/%d9%83%d8%b9%d9%83%d8%a9-%d8%a7%d9%84%d8%ab%d9%88%d9%85-%d8%a7%d9%84%d8%a8%d8%b1%d9%8a,https://staging.lacuisinedebernard.com/%d9%83%d8%b9%d9%83%d8%a9-%d8%a7%d9%84%d8%ab%d9%88%d9%85-%d8%a7%d9%84%d8%a8%d8%b1%d9%8a
https://lacuisinedebernard.com/%d9%83%d8%b9%d9%83%d8%a9-%d8%a7%d9%84%d8%ab%d9%88%d9%85-%d8%a7%d9%84%d8%a8%d8%b1%d9%8a/,https://staging.lacuisinedebernard.com/%d9%83%d8%b9%d9%83%d8%a9-%d8%a7%d9%84%d8%ab%d9%88%d9%85-%d8%a7%d9%84%d8%a8%d8%b1%d9%8a
https://www.lacuisinedebernard.com/%d9%83%d8%b9%d9%83%d8%a9-%d8%a7%d9%84%d8%ab%d9%88%d9%85-%d8%a7%d9%84%d8%a8%d8%b1%d9%8a,https://staging.lacuisinedebernard.com/%d9%83%d8%b9%d9%83%d8%a9-%d8%a7%d9%84%d8%ab%d9%88%d9%85-%d8%a7%d9%84%d8%a8%d8%b1%d9%8a
https://www.lacuisinedebernard.com/%d9%83%d8%b9%d9%83%d8%a9-%d8%a7%d9%84%d8%ab%d9%88%d9%85-%d8%a7%d9%84%d8%a8%d8%b1%d9%8a/,https://staging.lacuisinedebernard.com/%d9%83%d8%b9%d9%83%d8%a9-%d8%a7%d9%84%d8%ab%d9%88%d9%85-%d8%a7%d9%84%d8%a8%d8%b1%d9%8a
https://lacuisinedebernard.com/%d9%88%d8%b9%d8%a7%d8%a1-%d8%a8%d9%88%d9%83%d9%8a-%d8%b3%d9%84%d9%85%d9%88%d9%86-%d8%aa%d9%88%d9%86%d8%a7-%d9%85%d8%b9-%d8%b5%d9%84%d8%b5%d8%a9-%d9%85%d8%a7%d9%86%d8%ac%d9%88-%d8%a8%d8%a7%d8%b4%d9%86,https://staging.lacuisinedebernard.com/%d9%88%d8%b9%d8%a7%d8%a1-%d8%a8%d9%88%d9%83%d9%8a-%d8%b3%d9%84%d9%85%d9%88%d9%86-%d8%aa%d9%88%d9%86%d8%a7-%d9%85%d8%b9-%d8%b5%d9%84%d8%b5%d8%a9-%d9%85%d8%a7%d9%86%d8%ac%d9%88-%d8%a8%d8%a7%d8%b4%d9%86
https://lacuisinedebernard.com/%d9%88%d8%b9%d8%a7%d8%a1-%d8%a8%d9%88%d9%83%d9%8a-%d8%b3%d9%84%d9%85%d9%88%d9%86-%d8%aa%d9%88%d9%86%d8%a7-%d9%85%d8%b9-%d8%b5%d9%84%d8%b5%d8%a9-%d9%85%d8%a7%d9%86%d8%ac%d9%88-%d8%a8%d8%a7%d8%b4%d9%86/,https://staging.lacuisinedebernard.com/%d9%88%d8%b9%d8%a7%d8%a1-%d8%a8%d9%88%d9%83%d9%8a-%d8%b3%d9%84%d9%85%d9%88%d9%86-%d8%aa%d9%88%d9%86%d8%a7-%d9%85%d8%b9-%d8%b5%d9%84%d8%b5%d8%a9-%d9%85%d8%a7%d9%86%d8%ac%d9%88-%d8%a8%d8%a7%d8%b4%d9%86
https://www.lacuisinedebernard.com/%d9%88%d8%b9%d8%a7%d8%a1-%d8%a8%d9%88%d9%83%d9%8a-%d8%b3%d9%84%d9%85%d9%88%d9%86-%d8%aa%d9%88%d9%86%d8%a7-%d9%85%d8%b9-%d8%b5%d9%84%d8%b5%d8%a9-%d9%85%d8%a7%d9%86%d8%ac%d9%88-%d8%a8%d8%a7%d8%b4%d9%86,https://staging.lacuisinedebernard.com/%d9%88%d8%b9%d8%a7%d8%a1-%d8%a8%d9%88%d9%83%d9%8a-%d8%b3%d9%84%d9%85%d9%88%d9%86-%d8%aa%d9%88%d9%86%d8%a7-%d9%85%d8%b9-%d8%b5%d9%84%d8%b5%d8%a9-%d9%85%d8%a7%d9%86%d8%ac%d9%88-%d8%a8%d8%a7%d8%b4%d9%86
https://www.lacuisinedebernard.com/%d9%88%d8%b9%d8%a7%d8%a1-%d8%a8%d9%88%d9%83%d9%8a-%d8%b3%d9%84%d9%85%d9%88%d9%86-%d8%aa%d9%88%d9%86%d8%a7-%d9%85%d8%b9-%d8%b5%d9%84%d8%b5%d8%a9-%d9%85%d8%a7%d9%86%d8%ac%d9%88-%d8%a8%d8%a7%d8%b4%d9%86/,https://staging.lacuisinedebernard.com/%d9%88%d8%b9%d8%a7%d8%a1-%d8%a8%d9%88%d9%83%d9%8a-%d8%b3%d9%84%d9%85%d9%88%d9%86-%d8%aa%d9%88%d9%86%d8%a7-%d9%85%d8%b9-%d8%b5%d9%84%d8%b5%d8%a9-%d9%85%d8%a7%d9%86%d8%ac%d9%88-%d8%a8%d8%a7%d8%b4%d9%86
https://lacuisinedebernard.com/%d8%a3%d9%84%d9%88%d8%a7%d8%ad-%d8%a7%d9%84%d8%b7%d8%a7%d9%82%d8%a9-%d8%a8%d8%a7%d9%84%d8%b4%d9%88%d9%81%d8%a7%d9%86-%d9%88%d8%a7%d9%84%d9%81%d9%88%d9%84-%d8%a7%d9%84%d8%b3%d9%88%d8%af%d8%a7%d9%86,https://staging.lacuisinedebernard.com/%d8%a3%d9%84%d9%88%d8%a7%d8%ad-%d8%a7%d9%84%d8%b7%d8%a7%d9%82%d8%a9-%d8%a8%d8%a7%d9%84%d8%b4%d9%88%d9%81%d8%a7%d9%86-%d9%88%d8%a7%d9%84%d9%81%d9%88%d9%84-%d8%a7%d9%84%d8%b3%d9%88%d8%af%d8%a7%d9%86
https://lacuisinedebernard.com/%d8%a3%d9%84%d9%88%d8%a7%d8%ad-%d8%a7%d9%84%d8%b7%d8%a7%d9%82%d8%a9-%d8%a8%d8%a7%d9%84%d8%b4%d9%88%d9%81%d8%a7%d9%86-%d9%88%d8%a7%d9%84%d9%81%d9%88%d9%84-%d8%a7%d9%84%d8%b3%d9%88%d8%af%d8%a7%d9%86/,https://staging.lacuisinedebernard.com/%d8%a3%d9%84%d9%88%d8%a7%d8%ad-%d8%a7%d9%84%d8%b7%d8%a7%d9%82%d8%a9-%d8%a8%d8%a7%d9%84%d8%b4%d9%88%d9%81%d8%a7%d9%86-%d9%88%d8%a7%d9%84%d9%81%d9%88%d9%84-%d8%a7%d9%84%d8%b3%d9%88%d8%af%d8%a7%d9%86
https://www.lacuisinedebernard.com/%d8%a3%d9%84%d9%88%d8%a7%d8%ad-%d8%a7%d9%84%d8%b7%d8%a7%d9%82%d8%a9-%d8%a8%d8%a7%d9%84%d8%b4%d9%88%d9%81%d8%a7%d9%86-%d9%88%d8%a7%d9%84%d9%81%d9%88%d9%84-%d8%a7%d9%84%d8%b3%d9%88%d8%af%d8%a7%d9%86,https://staging.lacuisinedebernard.com/%d8%a3%d9%84%d9%88%d8%a7%d8%ad-%d8%a7%d9%84%d8%b7%d8%a7%d9%82%d8%a9-%d8%a8%d8%a7%d9%84%d8%b4%d9%88%d9%81%d8%a7%d9%86-%d9%88%d8%a7%d9%84%d9%81%d9%88%d9%84-%d8%a7%d9%84%d8%b3%d9%88%d8%af%d8%a7%d9%86
https://www.lacuisinedebernard.com/%d8%a3%d9%84%d9%88%d8%a7%d8%ad-%d8%a7%d9%84%d8%b7%d8%a7%d9%82%d8%a9-%d8%a8%d8%a7%d9%84%d8%b4%d9%88%d9%81%d8%a7%d9%86-%d9%88%d8%a7%d9%84%d9%81%d9%88%d9%84-%d8%a7%d9%84%d8%b3%d9%88%d8%af%d8%a7%d9%86/,https://staging.lacuisinedebernard.com/%d8%a3%d9%84%d9%88%d8%a7%d8%ad-%d8%a7%d9%84%d8%b7%d8%a7%d9%82%d8%a9-%d8%a8%d8%a7%d9%84%d8%b4%d9%88%d9%81%d8%a7%d9%86-%d9%88%d8%a7%d9%84%d9%81%d9%88%d9%84-%d8%a7%d9%84%d8%b3%d9%88%d8%af%d8%a7%d9%86
https://lacuisinedebernard.com/%d9%81%d8%a7%d8%b5%d9%88%d9%84%d9%8a%d8%a7-%d8%ae%d8%b6%d8%b1%d8%a7%d8%a1-%d9%85%d8%b9-%d8%b5%d9%88%d8%b5-%d8%a7%d9%84%d8%b3%d9%85%d8%b3%d9%85,https://staging.lacuisinedebernard.com/%d9%81%d8%a7%d8%b5%d9%88%d9%84%d9%8a%d8%a7-%d8%ae%d8%b6%d8%b1%d8%a7%d8%a1-%d9%85%d8%b9-%d8%b5%d9%88%d8%b5-%d8%a7%d9%84%d8%b3%d9%85%d8%b3%d9%85
https://lacuisinedebernard.com/%d9%81%d8%a7%d8%b5%d9%88%d9%84%d9%8a%d8%a7-%d8%ae%d8%b6%d8%b1%d8%a7%d8%a1-%d9%85%d8%b9-%d8%b5%d9%88%d8%b5-%d8%a7%d9%84%d8%b3%d9%85%d8%b3%d9%85/,https://staging.lacuisinedebernard.com/%d9%81%d8%a7%d8%b5%d9%88%d9%84%d9%8a%d8%a7-%d8%ae%d8%b6%d8%b1%d8%a7%d8%a1-%d9%85%d8%b9-%d8%b5%d9%88%d8%b5-%d8%a7%d9%84%d8%b3%d9%85%d8%b3%d9%85
https://www.lacuisinedebernard.com/%d9%81%d8%a7%d8%b5%d9%88%d9%84%d9%8a%d8%a7-%d8%ae%d8%b6%d8%b1%d8%a7%d8%a1-%d9%85%d8%b9-%d8%b5%d9%88%d8%b5-%d8%a7%d9%84%d8%b3%d9%85%d8%b3%d9%85,https://staging.lacuisinedebernard.com/%d9%81%d8%a7%d8%b5%d9%88%d9%84%d9%8a%d8%a7-%d8%ae%d8%b6%d8%b1%d8%a7%d8%a1-%d9%85%d8%b9-%d8%b5%d9%88%d8%b5-%d8%a7%d9%84%d8%b3%d9%85%d8%b3%d9%85
https://www.lacuisinedebernard.com/%d9%81%d8%a7%d8%b5%d9%88%d9%84%d9%8a%d8%a7-%d8%ae%d8%b6%d8%b1%d8%a7%d8%a1-%d9%85%d8%b9-%d8%b5%d9%88%d8%b5-%d8%a7%d9%84%d8%b3%d9%85%d8%b3%d9%85/,https://staging.lacuisinedebernard.com/%d9%81%d8%a7%d8%b5%d9%88%d9%84%d9%8a%d8%a7-%d8%ae%d8%b6%d8%b1%d8%a7%d8%a1-%d9%85%d8%b9-%d8%b5%d9%88%d8%b5-%d8%a7%d9%84%d8%b3%d9%85%d8%b3%d9%85
https://lacuisinedebernard.com/%d9%81%d9%8a%d8%b3%d8%a8%d9%88%d9%83-%d9%85%d8%a8%d8%a7%d8%b4%d8%b1-%d9%8a%d9%88%d9%85-%d8%a7%d9%84%d8%a7%d8%ab%d9%86%d9%8a%d9%86-5-%d9%8a%d9%88%d9%84%d9%8a%d9%88-%d8%a7%d9%84%d8%b3%d8%a7%d8%b9%d8%a9,https://staging.lacuisinedebernard.com/%d9%81%d9%8a%d8%b3%d8%a8%d9%88%d9%83-%d9%85%d8%a8%d8%a7%d8%b4%d8%b1-%d9%8a%d9%88%d9%85-%d8%a7%d9%84%d8%a7%d8%ab%d9%86%d9%8a%d9%86-5-%d9%8a%d9%88%d9%84%d9%8a%d9%88-%d8%a7%d9%84%d8%b3%d8%a7%d8%b9%d8%a9
https://lacuisinedebernard.com/%d9%81%d9%8a%d8%b3%d8%a8%d9%88%d9%83-%d9%85%d8%a8%d8%a7%d8%b4%d8%b1-%d9%8a%d9%88%d9%85-%d8%a7%d9%84%d8%a7%d8%ab%d9%86%d9%8a%d9%86-5-%d9%8a%d9%88%d9%84%d9%8a%d9%88-%d8%a7%d9%84%d8%b3%d8%a7%d8%b9%d8%a9/,https://staging.lacuisinedebernard.com/%d9%81%d9%8a%d8%b3%d8%a8%d9%88%d9%83-%d9%85%d8%a8%d8%a7%d8%b4%d8%b1-%d9%8a%d9%88%d9%85-%d8%a7%d9%84%d8%a7%d8%ab%d9%86%d9%8a%d9%86-5-%d9%8a%d9%88%d9%84%d9%8a%d9%88-%d8%a7%d9%84%d8%b3%d8%a7%d8%b9%d8%a9
https://www.lacuisinedebernard.com/%d9%81%d9%8a%d8%b3%d8%a8%d9%88%d9%83-%d9%85%d8%a8%d8%a7%d8%b4%d8%b1-%d9%8a%d9%88%d9%85-%d8%a7%d9%84%d8%a7%d8%ab%d9%86%d9%8a%d9%86-5-%d9%8a%d9%88%d9%84%d9%8a%d9%88-%d8%a7%d9%84%d8%b3%d8%a7%d8%b9%d8%a9,https://staging.lacuisinedebernard.com/%d9%81%d9%8a%d8%b3%d8%a8%d9%88%d9%83-%d9%85%d8%a8%d8%a7%d8%b4%d8%b1-%d9%8a%d9%88%d9%85-%d8%a7%d9%84%d8%a7%d8%ab%d9%86%d9%8a%d9%86-5-%d9%8a%d9%88%d9%84%d9%8a%d9%88-%d8%a7%d9%84%d8%b3%d8%a7%d8%b9%d8%a9
https://www.lacuisinedebernard.com/%d9%81%d9%8a%d8%b3%d8%a8%d9%88%d9%83-%d9%85%d8%a8%d8%a7%d8%b4%d8%b1-%d9%8a%d9%88%d9%85-%d8%a7%d9%84%d8%a7%d8%ab%d9%86%d9%8a%d9%86-5-%d9%8a%d9%88%d9%84%d9%8a%d9%88-%d8%a7%d9%84%d8%b3%d8%a7%d8%b9%d8%a9/,https://staging.lacuisinedebernard.com/%d9%81%d9%8a%d8%b3%d8%a8%d9%88%d9%83-%d9%85%d8%a8%d8%a7%d8%b4%d8%b1-%d9%8a%d9%88%d9%85-%d8%a7%d9%84%d8%a7%d8%ab%d9%86%d9%8a%d9%86-5-%d9%8a%d9%88%d9%84%d9%8a%d9%88-%d8%a7%d9%84%d8%b3%d8%a7%d8%b9%d8%a9
https://lacuisinedebernard.com/%d9%85%d8%b1%d8%a8%d8%b9%d8%a7%d8%aa-%d8%a7%d9%84%d8%b9%d8%b3%d9%84-%d9%88%d8%a7%d9%84%d8%ac%d9%88%d8%b2,https://staging.lacuisinedebernard.com/%d9%85%d8%b1%d8%a8%d8%b9%d8%a7%d8%aa-%d8%a7%d9%84%d8%b9%d8%b3%d9%84-%d9%88%d8%a7%d9%84%d8%ac%d9%88%d8%b2
https://lacuisinedebernard.com/%d9%85%d8%b1%d8%a8%d8%b9%d8%a7%d8%aa-%d8%a7%d9%84%d8%b9%d8%b3%d9%84-%d9%88%d8%a7%d9%84%d8%ac%d9%88%d8%b2/,https://staging.lacuisinedebernard.com/%d9%85%d8%b1%d8%a8%d8%b9%d8%a7%d8%aa-%d8%a7%d9%84%d8%b9%d8%b3%d9%84-%d9%88%d8%a7%d9%84%d8%ac%d9%88%d8%b2
https://www.lacuisinedebernard.com/%d9%85%d8%b1%d8%a8%d8%b9%d8%a7%d8%aa-%d8%a7%d9%84%d8%b9%d8%b3%d9%84-%d9%88%d8%a7%d9%84%d8%ac%d9%88%d8%b2,https://staging.lacuisinedebernard.com/%d9%85%d8%b1%d8%a8%d8%b9%d8%a7%d8%aa-%d8%a7%d9%84%d8%b9%d8%b3%d9%84-%d9%88%d8%a7%d9%84%d8%ac%d9%88%d8%b2
https://www.lacuisinedebernard.com/%d9%85%d8%b1%d8%a8%d8%b9%d8%a7%d8%aa-%d8%a7%d9%84%d8%b9%d8%b3%d9%84-%d9%88%d8%a7%d9%84%d8%ac%d9%88%d8%b2/,https://staging.lacuisinedebernard.com/%d9%85%d8%b1%d8%a8%d8%b9%d8%a7%d8%aa-%d8%a7%d9%84%d8%b9%d8%b3%d9%84-%d9%88%d8%a7%d9%84%d8%ac%d9%88%d8%b2
https://lacuisinedebernard.com/%d9%83%d9%8a%d9%83-%d8%a7%d9%84%d9%84%d9%8a%d9%85%d9%88%d9%86-%d8%a8%d8%a7%d9%84%d9%81%d8%b3%d8%aa%d9%82,https://staging.lacuisinedebernard.com/%d9%83%d9%8a%d9%83-%d8%a7%d9%84%d9%84%d9%8a%d9%85%d9%88%d9%86-%d8%a8%d8%a7%d9%84%d9%81%d8%b3%d8%aa%d9%82
https://lacuisinedebernard.com/%d9%83%d9%8a%d9%83-%d8%a7%d9%84%d9%84%d9%8a%d9%85%d9%88%d9%86-%d8%a8%d8%a7%d9%84%d9%81%d8%b3%d8%aa%d9%82/,https://staging.lacuisinedebernard.com/%d9%83%d9%8a%d9%83-%d8%a7%d9%84%d9%84%d9%8a%d9%85%d9%88%d9%86-%d8%a8%d8%a7%d9%84%d9%81%d8%b3%d8%aa%d9%82
https://www.lacuisinedebernard.com/%d9%83%d9%8a%d9%83-%d8%a7%d9%84%d9%84%d9%8a%d9%85%d9%88%d9%86-%d8%a8%d8%a7%d9%84%d9%81%d8%b3%d8%aa%d9%82,https://staging.lacuisinedebernard.com/%d9%83%d9%8a%d9%83-%d8%a7%d9%84%d9%84%d9%8a%d9%85%d9%88%d9%86-%d8%a8%d8%a7%d9%84%d9%81%d8%b3%d8%aa%d9%82
https://www.lacuisinedebernard.com/%d9%83%d9%8a%d9%83-%d8%a7%d9%84%d9%84%d9%8a%d9%85%d9%88%d9%86-%d8%a8%d8%a7%d9%84%d9%81%d8%b3%d8%aa%d9%82/,https://staging.lacuisinedebernard.com/%d9%83%d9%8a%d9%83-%d8%a7%d9%84%d9%84%d9%8a%d9%85%d9%88%d9%86-%d8%a8%d8%a7%d9%84%d9%81%d8%b3%d8%aa%d9%82
https://lacuisinedebernard.com/%d8%aa%d8%a7%d8%b1%d8%aa-%d8%a7%d9%84%d8%ab%d9%88%d9%85-%d8%a7%d9%84%d8%a8%d8%b1%d9%8a,https://staging.lacuisinedebernard.com/%d8%aa%d8%a7%d8%b1%d8%aa-%d8%a7%d9%84%d8%ab%d9%88%d9%85-%d8%a7%d9%84%d8%a8%d8%b1%d9%8a
https://lacuisinedebernard.com/%d8%aa%d8%a7%d8%b1%d8%aa-%d8%a7%d9%84%d8%ab%d9%88%d9%85-%d8%a7%d9%84%d8%a8%d8%b1%d9%8a/,https://staging.lacuisinedebernard.com/%d8%aa%d8%a7%d8%b1%d8%aa-%d8%a7%d9%84%d8%ab%d9%88%d9%85-%d8%a7%d9%84%d8%a8%d8%b1%d9%8a
https://www.lacuisinedebernard.com/%d8%aa%d8%a7%d8%b1%d8%aa-%d8%a7%d9%84%d8%ab%d9%88%d9%85-%d8%a7%d9%84%d8%a8%d8%b1%d9%8a,https://staging.lacuisinedebernard.com/%d8%aa%d8%a7%d8%b1%d8%aa-%d8%a7%d9%84%d8%ab%d9%88%d9%85-%d8%a7%d9%84%d8%a8%d8%b1%d9%8a
https://www.lacuisinedebernard.com/%d8%aa%d8%a7%d8%b1%d8%aa-%d8%a7%d9%84%d8%ab%d9%88%d9%85-%d8%a7%d9%84%d8%a8%d8%b1%d9%8a/,https://staging.lacuisinedebernard.com/%d8%aa%d8%a7%d8%b1%d8%aa-%d8%a7%d9%84%d8%ab%d9%88%d9%85-%d8%a7%d9%84%d8%a8%d8%b1%d9%8a
https://lacuisinedebernard.com/%d8%aa%d8%a7%d8%b1%d8%aa-%d8%a7%d9%84%d9%83%d8%b1%d8%a7%d8%ab-%d9%88%d8%ac%d8%a8%d9%86-%d8%a7%d9%84%d8%b4%d9%88%d8%b1%d9%8a%d8%b2%d9%88-%d9%88%d8%ac%d8%a8%d9%86-%d8%a7%d9%84%d9%85%d8%a7%d8%b9%d8%b2,https://staging.lacuisinedebernard.com/%d8%aa%d8%a7%d8%b1%d8%aa-%d8%a7%d9%84%d9%83%d8%b1%d8%a7%d8%ab-%d9%88%d8%ac%d8%a8%d9%86-%d8%a7%d9%84%d8%b4%d9%88%d8%b1%d9%8a%d8%b2%d9%88-%d9%88%d8%ac%d8%a8%d9%86-%d8%a7%d9%84%d9%85%d8%a7%d8%b9%d8%b2
https://lacuisinedebernard.com/%d8%aa%d8%a7%d8%b1%d8%aa-%d8%a7%d9%84%d9%83%d8%b1%d8%a7%d8%ab-%d9%88%d8%ac%d8%a8%d9%86-%d8%a7%d9%84%d8%b4%d9%88%d8%b1%d9%8a%d8%b2%d9%88-%d9%88%d8%ac%d8%a8%d9%86-%d8%a7%d9%84%d9%85%d8%a7%d8%b9%d8%b2/,https://staging.lacuisinedebernard.com/%d8%aa%d8%a7%d8%b1%d8%aa-%d8%a7%d9%84%d9%83%d8%b1%d8%a7%d8%ab-%d9%88%d8%ac%d8%a8%d9%86-%d8%a7%d9%84%d8%b4%d9%88%d8%b1%d9%8a%d8%b2%d9%88-%d9%88%d8%ac%d8%a8%d9%86-%d8%a7%d9%84%d9%85%d8%a7%d8%b9%d8%b2
https://www.lacuisinedebernard.com/%d8%aa%d8%a7%d8%b1%d8%aa-%d8%a7%d9%84%d9%83%d8%b1%d8%a7%d8%ab-%d9%88%d8%ac%d8%a8%d9%86-%d8%a7%d9%84%d8%b4%d9%88%d8%b1%d9%8a%d8%b2%d9%88-%d9%88%d8%ac%d8%a8%d9%86-%d8%a7%d9%84%d9%85%d8%a7%d8%b9%d8%b2,https://staging.lacuisinedebernard.com/%d8%aa%d8%a7%d8%b1%d8%aa-%d8%a7%d9%84%d9%83%d8%b1%d8%a7%d8%ab-%d9%88%d8%ac%d8%a8%d9%86-%d8%a7%d9%84%d8%b4%d9%88%d8%b1%d9%8a%d8%b2%d9%88-%d9%88%d8%ac%d8%a8%d9%86-%d8%a7%d9%84%d9%85%d8%a7%d8%b9%d8%b2
https://www.lacuisinedebernard.com/%d8%aa%d8%a7%d8%b1%d8%aa-%d8%a7%d9%84%d9%83%d8%b1%d8%a7%d8%ab-%d9%88%d8%ac%d8%a8%d9%86-%d8%a7%d9%84%d8%b4%d9%88%d8%b1%d9%8a%d8%b2%d9%88-%d9%88%d8%ac%d8%a8%d9%86-%d8%a7%d9%84%d9%85%d8%a7%d8%b9%d8%b2/,https://staging.lacuisinedebernard.com/%d8%aa%d8%a7%d8%b1%d8%aa-%d8%a7%d9%84%d9%83%d8%b1%d8%a7%d8%ab-%d9%88%d8%ac%d8%a8%d9%86-%d8%a7%d9%84%d8%b4%d9%88%d8%b1%d9%8a%d8%b2%d9%88-%d9%88%d8%ac%d8%a8%d9%86-%d8%a7%d9%84%d9%85%d8%a7%d8%b9%d8%b2
https://lacuisinedebernard.com/taller-con-alexia-duchene,https://staging.lacuisinedebernard.com/taller-con-alexia-duchene
https://lacuisinedebernard.com/taller-con-alexia-duchene/,https://staging.lacuisinedebernard.com/taller-con-alexia-duchene
https://www.lacuisinedebernard.com/taller-con-alexia-duchene,https://staging.lacuisinedebernard.com/taller-con-alexia-duchene
https://www.lacuisinedebernard.com/taller-con-alexia-duchene/,https://staging.lacuisinedebernard.com/taller-con-alexia-duchene
https://lacuisinedebernard.com/%d9%84%d8%a8%d9%86%d8%a9-%d8%a8%d8%a7%d9%84%d8%b2%d8%b9%d8%aa%d8%b1,https://staging.lacuisinedebernard.com/%d9%84%d8%a8%d9%86%d8%a9-%d8%a8%d8%a7%d9%84%d8%b2%d8%b9%d8%aa%d8%b1
https://lacuisinedebernard.com/%d9%84%d8%a8%d9%86%d8%a9-%d8%a8%d8%a7%d9%84%d8%b2%d8%b9%d8%aa%d8%b1/,https://staging.lacuisinedebernard.com/%d9%84%d8%a8%d9%86%d8%a9-%d8%a8%d8%a7%d9%84%d8%b2%d8%b9%d8%aa%d8%b1
https://www.lacuisinedebernard.com/%d9%84%d8%a8%d9%86%d8%a9-%d8%a8%d8%a7%d9%84%d8%b2%d8%b9%d8%aa%d8%b1,https://staging.lacuisinedebernard.com/%d9%84%d8%a8%d9%86%d8%a9-%d8%a8%d8%a7%d9%84%d8%b2%d8%b9%d8%aa%d8%b1
https://www.lacuisinedebernard.com/%d9%84%d8%a8%d9%86%d8%a9-%d8%a8%d8%a7%d9%84%d8%b2%d8%b9%d8%aa%d8%b1/,https://staging.lacuisinedebernard.com/%d9%84%d8%a8%d9%86%d8%a9-%d8%a8%d8%a7%d9%84%d8%b2%d8%b9%d8%aa%d8%b1
https://lacuisinedebernard.com/novo-livro-o-melhor-dos-meus-primeiros-4-livros-em-180-receitas-incluindo-30-nao-publicadas-em-quase-400-paginas,https://staging.lacuisinedebernard.com/novo-livro-o-melhor-dos-meus-primeiros-4-livros-em-180-receitas-incluindo-30-nao-publicadas-em-quase-400-paginas
https://lacuisinedebernard.com/novo-livro-o-melhor-dos-meus-primeiros-4-livros-em-180-receitas-incluindo-30-nao-publicadas-em-quase-400-paginas/,https://staging.lacuisinedebernard.com/novo-livro-o-melhor-dos-meus-primeiros-4-livros-em-180-receitas-incluindo-30-nao-publicadas-em-quase-400-paginas
https://www.lacuisinedebernard.com/novo-livro-o-melhor-dos-meus-primeiros-4-livros-em-180-receitas-incluindo-30-nao-publicadas-em-quase-400-paginas,https://staging.lacuisinedebernard.com/novo-livro-o-melhor-dos-meus-primeiros-4-livros-em-180-receitas-incluindo-30-nao-publicadas-em-quase-400-paginas
https://www.lacuisinedebernard.com/novo-livro-o-melhor-dos-meus-primeiros-4-livros-em-180-receitas-incluindo-30-nao-publicadas-em-quase-400-paginas/,https://staging.lacuisinedebernard.com/novo-livro-o-melhor-dos-meus-primeiros-4-livros-em-180-receitas-incluindo-30-nao-publicadas-em-quase-400-paginas
https://lacuisinedebernard.com/%d8%af%d8%ac%d8%a7%d8%ac-%d9%85%d9%82%d9%84%d9%8a,https://staging.lacuisinedebernard.com/%d8%af%d8%ac%d8%a7%d8%ac-%d9%85%d9%82%d9%84%d9%8a
https://lacuisinedebernard.com/%d8%af%d8%ac%d8%a7%d8%ac-%d9%85%d9%82%d9%84%d9%8a/,https://staging.lacuisinedebernard.com/%d8%af%d8%ac%d8%a7%d8%ac-%d9%85%d9%82%d9%84%d9%8a
https://www.lacuisinedebernard.com/%d8%af%d8%ac%d8%a7%d8%ac-%d9%85%d9%82%d9%84%d9%8a,https://staging.lacuisinedebernard.com/%d8%af%d8%ac%d8%a7%d8%ac-%d9%85%d9%82%d9%84%d9%8a
https://www.lacuisinedebernard.com/%d8%af%d8%ac%d8%a7%d8%ac-%d9%85%d9%82%d9%84%d9%8a/,https://staging.lacuisinedebernard.com/%d8%af%d8%ac%d8%a7%d8%ac-%d9%85%d9%82%d9%84%d9%8a
https://lacuisinedebernard.com/%d8%b4%d8%b1%d9%8a%d8%b7-%d9%83%d8%b9%d9%83%d8%a9-%d8%a7%d9%84%d8%ac%d8%a8%d9%86,https://staging.lacuisinedebernard.com/%d8%b4%d8%b1%d9%8a%d8%b7-%d9%83%d8%b9%d9%83%d8%a9-%d8%a7%d9%84%d8%ac%d8%a8%d9%86
https://lacuisinedebernard.com/%d8%b4%d8%b1%d9%8a%d8%b7-%d9%83%d8%b9%d9%83%d8%a9-%d8%a7%d9%84%d8%ac%d8%a8%d9%86/,https://staging.lacuisinedebernard.com/%d8%b4%d8%b1%d9%8a%d8%b7-%d9%83%d8%b9%d9%83%d8%a9-%d8%a7%d9%84%d8%ac%d8%a8%d9%86
https://www.lacuisinedebernard.com/%d8%b4%d8%b1%d9%8a%d8%b7-%d9%83%d8%b9%d9%83%d8%a9-%d8%a7%d9%84%d8%ac%d8%a8%d9%86,https://staging.lacuisinedebernard.com/%d8%b4%d8%b1%d9%8a%d8%b7-%d9%83%d8%b9%d9%83%d8%a9-%d8%a7%d9%84%d8%ac%d8%a8%d9%86
https://www.lacuisinedebernard.com/%d8%b4%d8%b1%d9%8a%d8%b7-%d9%83%d8%b9%d9%83%d8%a9-%d8%a7%d9%84%d8%ac%d8%a8%d9%86/,https://staging.lacuisinedebernard.com/%d8%b4%d8%b1%d9%8a%d8%b7-%d9%83%d8%b9%d9%83%d8%a9-%d8%a7%d9%84%d8%ac%d8%a8%d9%86
https://lacuisinedebernard.com/%d9%84%d9%88-%d8%b1%d9%88-%d9%81%d8%a7%d9%86-%d8%8c-%d9%84%d8%ad%d9%85-%d8%ae%d9%86%d8%b2%d9%8a%d8%b1-%d8%aa%d8%a7%d9%8a%d9%88%d8%a7%d9%86%d9%8a-%d9%85%d8%b7%d9%87%d9%88-%d8%a8%d8%a8%d8%b7%d8%a1,https://staging.lacuisinedebernard.com/%d9%84%d9%88-%d8%b1%d9%88-%d9%81%d8%a7%d9%86-%d8%8c-%d9%84%d8%ad%d9%85-%d8%ae%d9%86%d8%b2%d9%8a%d8%b1-%d8%aa%d8%a7%d9%8a%d9%88%d8%a7%d9%86%d9%8a-%d9%85%d8%b7%d9%87%d9%88-%d8%a8%d8%a8%d8%b7%d8%a1
https://lacuisinedebernard.com/%d9%84%d9%88-%d8%b1%d9%88-%d9%81%d8%a7%d9%86-%d8%8c-%d9%84%d8%ad%d9%85-%d8%ae%d9%86%d8%b2%d9%8a%d8%b1-%d8%aa%d8%a7%d9%8a%d9%88%d8%a7%d9%86%d9%8a-%d9%85%d8%b7%d9%87%d9%88-%d8%a8%d8%a8%d8%b7%d8%a1/,https://staging.lacuisinedebernard.com/%d9%84%d9%88-%d8%b1%d9%88-%d9%81%d8%a7%d9%86-%d8%8c-%d9%84%d8%ad%d9%85-%d8%ae%d9%86%d8%b2%d9%8a%d8%b1-%d8%aa%d8%a7%d9%8a%d9%88%d8%a7%d9%86%d9%8a-%d9%85%d8%b7%d9%87%d9%88-%d8%a8%d8%a8%d8%b7%d8%a1
https://www.lacuisinedebernard.com/%d9%84%d9%88-%d8%b1%d9%88-%d9%81%d8%a7%d9%86-%d8%8c-%d9%84%d8%ad%d9%85-%d8%ae%d9%86%d8%b2%d9%8a%d8%b1-%d8%aa%d8%a7%d9%8a%d9%88%d8%a7%d9%86%d9%8a-%d9%85%d8%b7%d9%87%d9%88-%d8%a8%d8%a8%d8%b7%d8%a1,https://staging.lacuisinedebernard.com/%d9%84%d9%88-%d8%b1%d9%88-%d9%81%d8%a7%d9%86-%d8%8c-%d9%84%d8%ad%d9%85-%d8%ae%d9%86%d8%b2%d9%8a%d8%b1-%d8%aa%d8%a7%d9%8a%d9%88%d8%a7%d9%86%d9%8a-%d9%85%d8%b7%d9%87%d9%88-%d8%a8%d8%a8%d8%b7%d8%a1
https://www.lacuisinedebernard.com/%d9%84%d9%88-%d8%b1%d9%88-%d9%81%d8%a7%d9%86-%d8%8c-%d9%84%d8%ad%d9%85-%d8%ae%d9%86%d8%b2%d9%8a%d8%b1-%d8%aa%d8%a7%d9%8a%d9%88%d8%a7%d9%86%d9%8a-%d9%85%d8%b7%d9%87%d9%88-%d8%a8%d8%a8%d8%b7%d8%a1/,https://staging.lacuisinedebernard.com/%d9%84%d9%88-%d8%b1%d9%88-%d9%81%d8%a7%d9%86-%d8%8c-%d9%84%d8%ad%d9%85-%d8%ae%d9%86%d8%b2%d9%8a%d8%b1-%d8%aa%d8%a7%d9%8a%d9%88%d8%a7%d9%86%d9%8a-%d9%85%d8%b7%d9%87%d9%88-%d8%a8%d8%a8%d8%b7%d8%a1
https://lacuisinedebernard.com/%d9%81%d8%b4%d8%a7%d8%b1-%d8%af%d8%ac%d8%a7%d8%ac-%d8%aa%d8%a7%d9%8a%d9%88%d8%a7%d9%86%d9%8a-%d9%85%d9%82%d8%b1%d9%85%d8%b4-%d8%a5%d8%b6%d8%a7%d9%81%d9%8a,https://staging.lacuisinedebernard.com/%d9%81%d8%b4%d8%a7%d8%b1-%d8%af%d8%ac%d8%a7%d8%ac-%d8%aa%d8%a7%d9%8a%d9%88%d8%a7%d9%86%d9%8a-%d9%85%d9%82%d8%b1%d9%85%d8%b4-%d8%a5%d8%b6%d8%a7%d9%81%d9%8a
https://lacuisinedebernard.com/%d9%81%d8%b4%d8%a7%d8%b1-%d8%af%d8%ac%d8%a7%d8%ac-%d8%aa%d8%a7%d9%8a%d9%88%d8%a7%d9%86%d9%8a-%d9%85%d9%82%d8%b1%d9%85%d8%b4-%d8%a5%d8%b6%d8%a7%d9%81%d9%8a/,https://staging.lacuisinedebernard.com/%d9%81%d8%b4%d8%a7%d8%b1-%d8%af%d8%ac%d8%a7%d8%ac-%d8%aa%d8%a7%d9%8a%d9%88%d8%a7%d9%86%d9%8a-%d9%85%d9%82%d8%b1%d9%85%d8%b4-%d8%a5%d8%b6%d8%a7%d9%81%d9%8a
https://www.lacuisinedebernard.com/%d9%81%d8%b4%d8%a7%d8%b1-%d8%af%d8%ac%d8%a7%d8%ac-%d8%aa%d8%a7%d9%8a%d9%88%d8%a7%d9%86%d9%8a-%d9%85%d9%82%d8%b1%d9%85%d8%b4-%d8%a5%d8%b6%d8%a7%d9%81%d9%8a,https://staging.lacuisinedebernard.com/%d9%81%d8%b4%d8%a7%d8%b1-%d8%af%d8%ac%d8%a7%d8%ac-%d8%aa%d8%a7%d9%8a%d9%88%d8%a7%d9%86%d9%8a-%d9%85%d9%82%d8%b1%d9%85%d8%b4-%d8%a5%d8%b6%d8%a7%d9%81%d9%8a
https://www.lacuisinedebernard.com/%d9%81%d8%b4%d8%a7%d8%b1-%d8%af%d8%ac%d8%a7%d8%ac-%d8%aa%d8%a7%d9%8a%d9%88%d8%a7%d9%86%d9%8a-%d9%85%d9%82%d8%b1%d9%85%d8%b4-%d8%a5%d8%b6%d8%a7%d9%81%d9%8a/,https://staging.lacuisinedebernard.com/%d9%81%d8%b4%d8%a7%d8%b1-%d8%af%d8%ac%d8%a7%d8%ac-%d8%aa%d8%a7%d9%8a%d9%88%d8%a7%d9%86%d9%8a-%d9%85%d9%82%d8%b1%d9%85%d8%b4-%d8%a5%d8%b6%d8%a7%d9%81%d9%8a
https://lacuisinedebernard.com/massa-de-orzo-frita-cantarelos-pesto-de-galinha-e-de-salva-de-nozes,https://staging.lacuisinedebernard.com/massa-de-orzo-frita-cantarelos-pesto-de-galinha-e-de-salva-de-nozes
https://lacuisinedebernard.com/massa-de-orzo-frita-cantarelos-pesto-de-galinha-e-de-salva-de-nozes/,https://staging.lacuisinedebernard.com/massa-de-orzo-frita-cantarelos-pesto-de-galinha-e-de-salva-de-nozes
https://www.lacuisinedebernard.com/massa-de-orzo-frita-cantarelos-pesto-de-galinha-e-de-salva-de-nozes,https://staging.lacuisinedebernard.com/massa-de-orzo-frita-cantarelos-pesto-de-galinha-e-de-salva-de-nozes
https://www.lacuisinedebernard.com/massa-de-orzo-frita-cantarelos-pesto-de-galinha-e-de-salva-de-nozes/,https://staging.lacuisinedebernard.com/massa-de-orzo-frita-cantarelos-pesto-de-galinha-e-de-salva-de-nozes
https://lacuisinedebernard.com/pesto-de-ajo-silvestre,https://staging.lacuisinedebernard.com/pesto-de-ajo-silvestre
https://lacuisinedebernard.com/pesto-de-ajo-silvestre/,https://staging.lacuisinedebernard.com/pesto-de-ajo-silvestre
https://www.lacuisinedebernard.com/pesto-de-ajo-silvestre,https://staging.lacuisinedebernard.com/pesto-de-ajo-silvestre
https://www.lacuisinedebernard.com/pesto-de-ajo-silvestre/,https://staging.lacuisinedebernard.com/pesto-de-ajo-silvestre
https://lacuisinedebernard.com/%d9%83%d8%b9%d9%83-%d8%a7%d9%84%d9%88%d9%8a%d9%84%d8%b2%d9%8a%d8%a9,https://staging.lacuisinedebernard.com/%d9%83%d8%b9%d9%83-%d8%a7%d9%84%d9%88%d9%8a%d9%84%d8%b2%d9%8a%d8%a9
https://lacuisinedebernard.com/%d9%83%d8%b9%d9%83-%d8%a7%d9%84%d9%88%d9%8a%d9%84%d8%b2%d9%8a%d8%a9/,https://staging.lacuisinedebernard.com/%d9%83%d8%b9%d9%83-%d8%a7%d9%84%d9%88%d9%8a%d9%84%d8%b2%d9%8a%d8%a9
https://www.lacuisinedebernard.com/%d9%83%d8%b9%d9%83-%d8%a7%d9%84%d9%88%d9%8a%d9%84%d8%b2%d9%8a%d8%a9,https://staging.lacuisinedebernard.com/%d9%83%d8%b9%d9%83-%d8%a7%d9%84%d9%88%d9%8a%d9%84%d8%b2%d9%8a%d8%a9
https://www.lacuisinedebernard.com/%d9%83%d8%b9%d9%83-%d8%a7%d9%84%d9%88%d9%8a%d9%84%d8%b2%d9%8a%d8%a9/,https://staging.lacuisinedebernard.com/%d9%83%d8%b9%d9%83-%d8%a7%d9%84%d9%88%d9%8a%d9%84%d8%b2%d9%8a%d8%a9
https://lacuisinedebernard.com/new-book-a-best-of-of-my-first-4-books-in-180-recipes-including-30-unpublished-ones-on-nearly-400-pages,https://staging.lacuisinedebernard.com/new-book-a-best-of-of-my-first-4-books-in-180-recipes-including-30-unpublished-ones-on-nearly-400-pages
https://lacuisinedebernard.com/new-book-a-best-of-of-my-first-4-books-in-180-recipes-including-30-unpublished-ones-on-nearly-400-pages/,https://staging.lacuisinedebernard.com/new-book-a-best-of-of-my-first-4-books-in-180-recipes-including-30-unpublished-ones-on-nearly-400-pages
https://www.lacuisinedebernard.com/new-book-a-best-of-of-my-first-4-books-in-180-recipes-including-30-unpublished-ones-on-nearly-400-pages,https://staging.lacuisinedebernard.com/new-book-a-best-of-of-my-first-4-books-in-180-recipes-including-30-unpublished-ones-on-nearly-400-pages
https://www.lacuisinedebernard.com/new-book-a-best-of-of-my-first-4-books-in-180-recipes-including-30-unpublished-ones-on-nearly-400-pages/,https://staging.lacuisinedebernard.com/new-book-a-best-of-of-my-first-4-books-in-180-recipes-including-30-unpublished-ones-on-nearly-400-pages
https://lacuisinedebernard.com/workshop-com-alexia-duchene,https://staging.lacuisinedebernard.com/workshop-com-alexia-duchene
https://lacuisinedebernard.com/workshop-com-alexia-duchene/,https://staging.lacuisinedebernard.com/workshop-com-alexia-duchene
https://www.lacuisinedebernard.com/workshop-com-alexia-duchene,https://staging.lacuisinedebernard.com/workshop-com-alexia-duchene
https://www.lacuisinedebernard.com/workshop-com-alexia-duchene/,https://staging.lacuisinedebernard.com/workshop-com-alexia-duchene
https://lacuisinedebernard.com/gran-premio-brillat-savarin-por-mi-libro-escandalosamente-decadente,https://staging.lacuisinedebernard.com/gran-premio-brillat-savarin-por-mi-libro-escandalosamente-decadente
https://lacuisinedebernard.com/gran-premio-brillat-savarin-por-mi-libro-escandalosamente-decadente/,https://staging.lacuisinedebernard.com/gran-premio-brillat-savarin-por-mi-libro-escandalosamente-decadente
https://www.lacuisinedebernard.com/gran-premio-brillat-savarin-por-mi-libro-escandalosamente-decadente,https://staging.lacuisinedebernard.com/gran-premio-brillat-savarin-por-mi-libro-escandalosamente-decadente
https://www.lacuisinedebernard.com/gran-premio-brillat-savarin-por-mi-libro-escandalosamente-decadente/,https://staging.lacuisinedebernard.com/gran-premio-brillat-savarin-por-mi-libro-escandalosamente-decadente
https://lacuisinedebernard.com/facebook-live-el-lunes-5-de-julio-a-las-1900-horas,https://staging.lacuisinedebernard.com/facebook-live-el-lunes-5-de-julio-a-las-1900-horas
https://lacuisinedebernard.com/facebook-live-el-lunes-5-de-julio-a-las-1900-horas/,https://staging.lacuisinedebernard.com/facebook-live-el-lunes-5-de-julio-a-las-1900-horas
https://www.lacuisinedebernard.com/facebook-live-el-lunes-5-de-julio-a-las-1900-horas,https://staging.lacuisinedebernard.com/facebook-live-el-lunes-5-de-julio-a-las-1900-horas
https://www.lacuisinedebernard.com/facebook-live-el-lunes-5-de-julio-a-las-1900-horas/,https://staging.lacuisinedebernard.com/facebook-live-el-lunes-5-de-julio-a-las-1900-horas
https://lacuisinedebernard.com/macarrao-frito-com-frango-e-legumes,https://staging.lacuisinedebernard.com/macarrao-frito-com-frango-e-legumes
https://lacuisinedebernard.com/macarrao-frito-com-frango-e-legumes/,https://staging.lacuisinedebernard.com/macarrao-frito-com-frango-e-legumes
https://www.lacuisinedebernard.com/macarrao-frito-com-frango-e-legumes,https://staging.lacuisinedebernard.com/macarrao-frito-com-frango-e-legumes
https://www.lacuisinedebernard.com/macarrao-frito-com-frango-e-legumes/,https://staging.lacuisinedebernard.com/macarrao-frito-com-frango-e-legumes
https://lacuisinedebernard.com/%d9%83%d8%aa%d8%a7%d8%a8-%d8%ac%d8%af%d9%8a%d8%af-%d8%a3%d9%81%d8%b6%d9%84-%d9%83%d8%aa%d8%a8%d9%8a-%d8%a7%d9%84%d8%a3%d8%b1%d8%a8%d8%b9%d8%a9-%d8%a7%d9%84%d8%a3%d9%88%d9%84%d9%89-%d9%81%d9%8a-180,https://staging.lacuisinedebernard.com/%d9%83%d8%aa%d8%a7%d8%a8-%d8%ac%d8%af%d9%8a%d8%af-%d8%a3%d9%81%d8%b6%d9%84-%d9%83%d8%aa%d8%a8%d9%8a-%d8%a7%d9%84%d8%a3%d8%b1%d8%a8%d8%b9%d8%a9-%d8%a7%d9%84%d8%a3%d9%88%d9%84%d9%89-%d9%81%d9%8a-180
https://lacuisinedebernard.com/%d9%83%d8%aa%d8%a7%d8%a8-%d8%ac%d8%af%d9%8a%d8%af-%d8%a3%d9%81%d8%b6%d9%84-%d9%83%d8%aa%d8%a8%d9%8a-%d8%a7%d9%84%d8%a3%d8%b1%d8%a8%d8%b9%d8%a9-%d8%a7%d9%84%d8%a3%d9%88%d9%84%d9%89-%d9%81%d9%8a-180/,https://staging.lacuisinedebernard.com/%d9%83%d8%aa%d8%a7%d8%a8-%d8%ac%d8%af%d9%8a%d8%af-%d8%a3%d9%81%d8%b6%d9%84-%d9%83%d8%aa%d8%a8%d9%8a-%d8%a7%d9%84%d8%a3%d8%b1%d8%a8%d8%b9%d8%a9-%d8%a7%d9%84%d8%a3%d9%88%d9%84%d9%89-%d9%81%d9%8a-180
https://www.lacuisinedebernard.com/%d9%83%d8%aa%d8%a7%d8%a8-%d8%ac%d8%af%d9%8a%d8%af-%d8%a3%d9%81%d8%b6%d9%84-%d9%83%d8%aa%d8%a8%d9%8a-%d8%a7%d9%84%d8%a3%d8%b1%d8%a8%d8%b9%d8%a9-%d8%a7%d9%84%d8%a3%d9%88%d9%84%d9%89-%d9%81%d9%8a-180,https://staging.lacuisinedebernard.com/%d9%83%d8%aa%d8%a7%d8%a8-%d8%ac%d8%af%d9%8a%d8%af-%d8%a3%d9%81%d8%b6%d9%84-%d9%83%d8%aa%d8%a8%d9%8a-%d8%a7%d9%84%d8%a3%d8%b1%d8%a8%d8%b9%d8%a9-%d8%a7%d9%84%d8%a3%d9%88%d9%84%d9%89-%d9%81%d9%8a-180
https://www.lacuisinedebernard.com/%d9%83%d8%aa%d8%a7%d8%a8-%d8%ac%d8%af%d9%8a%d8%af-%d8%a3%d9%81%d8%b6%d9%84-%d9%83%d8%aa%d8%a8%d9%8a-%d8%a7%d9%84%d8%a3%d8%b1%d8%a8%d8%b9%d8%a9-%d8%a7%d9%84%d8%a3%d9%88%d9%84%d9%89-%d9%81%d9%8a-180/,https://staging.lacuisinedebernard.com/%d9%83%d8%aa%d8%a7%d8%a8-%d8%ac%d8%af%d9%8a%d8%af-%d8%a3%d9%81%d8%b6%d9%84-%d9%83%d8%aa%d8%a8%d9%8a-%d8%a7%d9%84%d8%a3%d8%b1%d8%a8%d8%b9%d8%a9-%d8%a7%d9%84%d8%a3%d9%88%d9%84%d9%89-%d9%81%d9%8a-180
https://lacuisinedebernard.com/%d8%b3%d9%84%d8%b7%d8%a9-%d8%b5%d9%8a%d9%81%d9%8a%d8%a9-%d9%85%d9%82%d8%b1%d9%85%d8%b4%d8%a9,https://staging.lacuisinedebernard.com/%d8%b3%d9%84%d8%b7%d8%a9-%d8%b5%d9%8a%d9%81%d9%8a%d8%a9-%d9%85%d9%82%d8%b1%d9%85%d8%b4%d8%a9
https://lacuisinedebernard.com/%d8%b3%d9%84%d8%b7%d8%a9-%d8%b5%d9%8a%d9%81%d9%8a%d8%a9-%d9%85%d9%82%d8%b1%d9%85%d8%b4%d8%a9/,https://staging.lacuisinedebernard.com/%d8%b3%d9%84%d8%b7%d8%a9-%d8%b5%d9%8a%d9%81%d9%8a%d8%a9-%d9%85%d9%82%d8%b1%d9%85%d8%b4%d8%a9
https://www.lacuisinedebernard.com/%d8%b3%d9%84%d8%b7%d8%a9-%d8%b5%d9%8a%d9%81%d9%8a%d8%a9-%d9%85%d9%82%d8%b1%d9%85%d8%b4%d8%a9,https://staging.lacuisinedebernard.com/%d8%b3%d9%84%d8%b7%d8%a9-%d8%b5%d9%8a%d9%81%d9%8a%d8%a9-%d9%85%d9%82%d8%b1%d9%85%d8%b4%d8%a9
https://www.lacuisinedebernard.com/%d8%b3%d9%84%d8%b7%d8%a9-%d8%b5%d9%8a%d9%81%d9%8a%d8%a9-%d9%85%d9%82%d8%b1%d9%85%d8%b4%d8%a9/,https://staging.lacuisinedebernard.com/%d8%b3%d9%84%d8%b7%d8%a9-%d8%b5%d9%8a%d9%81%d9%8a%d8%a9-%d9%85%d9%82%d8%b1%d9%85%d8%b4%d8%a9
https://lacuisinedebernard.com/%d8%af%d8%ac%d8%a7%d8%ac-%d9%85%d8%ae%d8%a8%d9%88%d8%b2-%d8%a8%d8%a7%d9%84%d8%a8%d9%82%d8%b3%d9%85%d8%a7%d8%b7,https://staging.lacuisinedebernard.com/%d8%af%d8%ac%d8%a7%d8%ac-%d9%85%d8%ae%d8%a8%d9%88%d8%b2-%d8%a8%d8%a7%d9%84%d8%a8%d9%82%d8%b3%d9%85%d8%a7%d8%b7
https://lacuisinedebernard.com/%d8%af%d8%ac%d8%a7%d8%ac-%d9%85%d8%ae%d8%a8%d9%88%d8%b2-%d8%a8%d8%a7%d9%84%d8%a8%d9%82%d8%b3%d9%85%d8%a7%d8%b7/,https://staging.lacuisinedebernard.com/%d8%af%d8%ac%d8%a7%d8%ac-%d9%85%d8%ae%d8%a8%d9%88%d8%b2-%d8%a8%d8%a7%d9%84%d8%a8%d9%82%d8%b3%d9%85%d8%a7%d8%b7
https://www.lacuisinedebernard.com/%d8%af%d8%ac%d8%a7%d8%ac-%d9%85%d8%ae%d8%a8%d9%88%d8%b2-%d8%a8%d8%a7%d9%84%d8%a8%d9%82%d8%b3%d9%85%d8%a7%d8%b7,https://staging.lacuisinedebernard.com/%d8%af%d8%ac%d8%a7%d8%ac-%d9%85%d8%ae%d8%a8%d9%88%d8%b2-%d8%a8%d8%a7%d9%84%d8%a8%d9%82%d8%b3%d9%85%d8%a7%d8%b7
https://www.lacuisinedebernard.com/%d8%af%d8%ac%d8%a7%d8%ac-%d9%85%d8%ae%d8%a8%d9%88%d8%b2-%d8%a8%d8%a7%d9%84%d8%a8%d9%82%d8%b3%d9%85%d8%a7%d8%b7/,https://staging.lacuisinedebernard.com/%d8%af%d8%ac%d8%a7%d8%ac-%d9%85%d8%ae%d8%a8%d9%88%d8%b2-%d8%a8%d8%a7%d9%84%d8%a8%d9%82%d8%b3%d9%85%d8%a7%d8%b7
https://lacuisinedebernard.com/pesto-de-alho-de-urso,https://staging.lacuisinedebernard.com/pesto-de-alho-de-urso
https://lacuisinedebernard.com/pesto-de-alho-de-urso/,https://staging.lacuisinedebernard.com/pesto-de-alho-de-urso
https://www.lacuisinedebernard.com/pesto-de-alho-de-urso,https://staging.lacuisinedebernard.com/pesto-de-alho-de-urso
https://www.lacuisinedebernard.com/pesto-de-alho-de-urso/,https://staging.lacuisinedebernard.com/pesto-de-alho-de-urso
https://lacuisinedebernard.com/workshop-with-alexia-duchene,https://staging.lacuisinedebernard.com/workshop-with-alexia-duchene
https://lacuisinedebernard.com/workshop-with-alexia-duchene/,https://staging.lacuisinedebernard.com/workshop-with-alexia-duchene
https://www.lacuisinedebernard.com/workshop-with-alexia-duchene,https://staging.lacuisinedebernard.com/workshop-with-alexia-duchene
https://www.lacuisinedebernard.com/workshop-with-alexia-duchene/,https://staging.lacuisinedebernard.com/workshop-with-alexia-duchene
https://lacuisinedebernard.com/pan-de-molde-indecente-50-chocolate,https://staging.lacuisinedebernard.com/pan-de-molde-indecente-50-chocolate
https://lacuisinedebernard.com/pan-de-molde-indecente-50-chocolate/,https://staging.lacuisinedebernard.com/pan-de-molde-indecente-50-chocolate
https://www.lacuisinedebernard.com/pan-de-molde-indecente-50-chocolate,https://staging.lacuisinedebernard.com/pan-de-molde-indecente-50-chocolate
https://www.lacuisinedebernard.com/pan-de-molde-indecente-50-chocolate/,https://staging.lacuisinedebernard.com/pan-de-molde-indecente-50-chocolate
https://lacuisinedebernard.com/%d9%85%d8%b9%d9%83%d8%b1%d9%88%d9%86%d8%a9-%d8%a3%d9%88%d8%b1%d8%b2%d9%88-%d8%a7%d9%84%d9%85%d9%82%d9%84%d9%8a%d8%a9-%d8%8c-%d8%b4%d8%a7%d9%86%d8%aa%d9%8a%d8%b1%d9%8a%d9%84-%d8%8c-%d8%af%d8%ac%d8%a7,https://staging.lacuisinedebernard.com/%d9%85%d8%b9%d9%83%d8%b1%d9%88%d9%86%d8%a9-%d8%a3%d9%88%d8%b1%d8%b2%d9%88-%d8%a7%d9%84%d9%85%d9%82%d9%84%d9%8a%d8%a9-%d8%8c-%d8%b4%d8%a7%d9%86%d8%aa%d9%8a%d8%b1%d9%8a%d9%84-%d8%8c-%d8%af%d8%ac%d8%a7
https://lacuisinedebernard.com/%d9%85%d8%b9%d9%83%d8%b1%d9%88%d9%86%d8%a9-%d8%a3%d9%88%d8%b1%d8%b2%d9%88-%d8%a7%d9%84%d9%85%d9%82%d9%84%d9%8a%d8%a9-%d8%8c-%d8%b4%d8%a7%d9%86%d8%aa%d9%8a%d8%b1%d9%8a%d9%84-%d8%8c-%d8%af%d8%ac%d8%a7/,https://staging.lacuisinedebernard.com/%d9%85%d8%b9%d9%83%d8%b1%d9%88%d9%86%d8%a9-%d8%a3%d9%88%d8%b1%d8%b2%d9%88-%d8%a7%d9%84%d9%85%d9%82%d9%84%d9%8a%d8%a9-%d8%8c-%d8%b4%d8%a7%d9%86%d8%aa%d9%8a%d8%b1%d9%8a%d9%84-%d8%8c-%d8%af%d8%ac%d8%a7
https://www.lacuisinedebernard.com/%d9%85%d8%b9%d9%83%d8%b1%d9%88%d9%86%d8%a9-%d8%a3%d9%88%d8%b1%d8%b2%d9%88-%d8%a7%d9%84%d9%85%d9%82%d9%84%d9%8a%d8%a9-%d8%8c-%d8%b4%d8%a7%d9%86%d8%aa%d9%8a%d8%b1%d9%8a%d9%84-%d8%8c-%d8%af%d8%ac%d8%a7,https://staging.lacuisinedebernard.com/%d9%85%d8%b9%d9%83%d8%b1%d9%88%d9%86%d8%a9-%d8%a3%d9%88%d8%b1%d8%b2%d9%88-%d8%a7%d9%84%d9%85%d9%82%d9%84%d9%8a%d8%a9-%d8%8c-%d8%b4%d8%a7%d9%86%d8%aa%d9%8a%d8%b1%d9%8a%d9%84-%d8%8c-%d8%af%d8%ac%d8%a7
https://www.lacuisinedebernard.com/%d9%85%d8%b9%d9%83%d8%b1%d9%88%d9%86%d8%a9-%d8%a3%d9%88%d8%b1%d8%b2%d9%88-%d8%a7%d9%84%d9%85%d9%82%d9%84%d9%8a%d8%a9-%d8%8c-%d8%b4%d8%a7%d9%86%d8%aa%d9%8a%d8%b1%d9%8a%d9%84-%d8%8c-%d8%af%d8%ac%d8%a7/,https://staging.lacuisinedebernard.com/%d9%85%d8%b9%d9%83%d8%b1%d9%88%d9%86%d8%a9-%d8%a3%d9%88%d8%b1%d8%b2%d9%88-%d8%a7%d9%84%d9%85%d9%82%d9%84%d9%8a%d8%a9-%d8%8c-%d8%b4%d8%a7%d9%86%d8%aa%d9%8a%d8%b1%d9%8a%d9%84-%d8%8c-%d8%af%d8%ac%d8%a7
https://lacuisinedebernard.com/grande-premio-brillat-savarin-para-o-meu-livro-escandalosamente-decadente,https://staging.lacuisinedebernard.com/grande-premio-brillat-savarin-para-o-meu-livro-escandalosamente-decadente
https://lacuisinedebernard.com/grande-premio-brillat-savarin-para-o-meu-livro-escandalosamente-decadente/,https://staging.lacuisinedebernard.com/grande-premio-brillat-savarin-para-o-meu-livro-escandalosamente-decadente
https://www.lacuisinedebernard.com/grande-premio-brillat-savarin-para-o-meu-livro-escandalosamente-decadente,https://staging.lacuisinedebernard.com/grande-premio-brillat-savarin-para-o-meu-livro-escandalosamente-decadente
https://www.lacuisinedebernard.com/grande-premio-brillat-savarin-para-o-meu-livro-escandalosamente-decadente/,https://staging.lacuisinedebernard.com/grande-premio-brillat-savarin-para-o-meu-livro-escandalosamente-decadente
https://lacuisinedebernard.com/facebook-ao-vivo-na-segunda-feira-5-de-julho-as-19h,https://staging.lacuisinedebernard.com/facebook-ao-vivo-na-segunda-feira-5-de-julho-as-19h
https://lacuisinedebernard.com/facebook-ao-vivo-na-segunda-feira-5-de-julho-as-19h/,https://staging.lacuisinedebernard.com/facebook-ao-vivo-na-segunda-feira-5-de-julho-as-19h
https://www.lacuisinedebernard.com/facebook-ao-vivo-na-segunda-feira-5-de-julho-as-19h,https://staging.lacuisinedebernard.com/facebook-ao-vivo-na-segunda-feira-5-de-julho-as-19h
https://www.lacuisinedebernard.com/facebook-ao-vivo-na-segunda-feira-5-de-julho-as-19h/,https://staging.lacuisinedebernard.com/facebook-ao-vivo-na-segunda-feira-5-de-julho-as-19h
https://lacuisinedebernard.com/%d8%b3%d9%85%d9%83-%d8%a7%d9%84%d9%82%d8%af-%d8%a7%d9%84%d9%85%d9%82%d9%84%d9%8a-%d8%8c-%d8%b5%d9%84%d8%b5%d8%a9-%d9%87%d9%88%d9%84%d9%86%d8%af%d9%8a%d8%b2-%d8%8c-%d9%85%d9%87%d8%b1%d9%88%d8%b3%d8%a9,https://staging.lacuisinedebernard.com/%d8%b3%d9%85%d9%83-%d8%a7%d9%84%d9%82%d8%af-%d8%a7%d9%84%d9%85%d9%82%d9%84%d9%8a-%d8%8c-%d8%b5%d9%84%d8%b5%d8%a9-%d9%87%d9%88%d9%84%d9%86%d8%af%d9%8a%d8%b2-%d8%8c-%d9%85%d9%87%d8%b1%d9%88%d8%b3%d8%a9
https://lacuisinedebernard.com/%d8%b3%d9%85%d9%83-%d8%a7%d9%84%d9%82%d8%af-%d8%a7%d9%84%d9%85%d9%82%d9%84%d9%8a-%d8%8c-%d8%b5%d9%84%d8%b5%d8%a9-%d9%87%d9%88%d9%84%d9%86%d8%af%d9%8a%d8%b2-%d8%8c-%d9%85%d9%87%d8%b1%d9%88%d8%b3%d8%a9/,https://staging.lacuisinedebernard.com/%d8%b3%d9%85%d9%83-%d8%a7%d9%84%d9%82%d8%af-%d8%a7%d9%84%d9%85%d9%82%d9%84%d9%8a-%d8%8c-%d8%b5%d9%84%d8%b5%d8%a9-%d9%87%d9%88%d9%84%d9%86%d8%af%d9%8a%d8%b2-%d8%8c-%d9%85%d9%87%d8%b1%d9%88%d8%b3%d8%a9
https://www.lacuisinedebernard.com/%d8%b3%d9%85%d9%83-%d8%a7%d9%84%d9%82%d8%af-%d8%a7%d9%84%d9%85%d9%82%d9%84%d9%8a-%d8%8c-%d8%b5%d9%84%d8%b5%d8%a9-%d9%87%d9%88%d9%84%d9%86%d8%af%d9%8a%d8%b2-%d8%8c-%d9%85%d9%87%d8%b1%d9%88%d8%b3%d8%a9,https://staging.lacuisinedebernard.com/%d8%b3%d9%85%d9%83-%d8%a7%d9%84%d9%82%d8%af-%d8%a7%d9%84%d9%85%d9%82%d9%84%d9%8a-%d8%8c-%d8%b5%d9%84%d8%b5%d8%a9-%d9%87%d9%88%d9%84%d9%86%d8%af%d9%8a%d8%b2-%d8%8c-%d9%85%d9%87%d8%b1%d9%88%d8%b3%d8%a9
https://www.lacuisinedebernard.com/%d8%b3%d9%85%d9%83-%d8%a7%d9%84%d9%82%d8%af-%d8%a7%d9%84%d9%85%d9%82%d9%84%d9%8a-%d8%8c-%d8%b5%d9%84%d8%b5%d8%a9-%d9%87%d9%88%d9%84%d9%86%d8%af%d9%8a%d8%b2-%d8%8c-%d9%85%d9%87%d8%b1%d9%88%d8%b3%d8%a9/,https://staging.lacuisinedebernard.com/%d8%b3%d9%85%d9%83-%d8%a7%d9%84%d9%82%d8%af-%d8%a7%d9%84%d9%85%d9%82%d9%84%d9%8a-%d8%8c-%d8%b5%d9%84%d8%b5%d8%a9-%d9%87%d9%88%d9%84%d9%86%d8%af%d9%8a%d8%b2-%d8%8c-%d9%85%d9%87%d8%b1%d9%88%d8%b3%d8%a9
https://lacuisinedebernard.com/feijao-verde-com-molho-de-sesamo,https://staging.lacuisinedebernard.com/feijao-verde-com-molho-de-sesamo
https://lacuisinedebernard.com/feijao-verde-com-molho-de-sesamo/,https://staging.lacuisinedebernard.com/feijao-verde-com-molho-de-sesamo
https://www.lacuisinedebernard.com/feijao-verde-com-molho-de-sesamo,https://staging.lacuisinedebernard.com/feijao-verde-com-molho-de-sesamo
https://www.lacuisinedebernard.com/feijao-verde-com-molho-de-sesamo/,https://staging.lacuisinedebernard.com/feijao-verde-com-molho-de-sesamo
https://lacuisinedebernard.com/%d8%a8%d8%a7%d8%b3%d8%aa%d8%a7-%d8%a8%d8%b1%d9%8a%d9%85%d8%a7%d9%81%d9%8a%d8%b1%d8%a7-%d9%85%d8%b9-%d8%a7%d9%84%d8%a8%d9%8a%d8%b3%d8%aa%d9%88-%d8%a7%d9%84%d8%b7%d8%a7%d8%b2%d8%ac-%d9%88%d8%a7,https://staging.lacuisinedebernard.com/%d8%a8%d8%a7%d8%b3%d8%aa%d8%a7-%d8%a8%d8%b1%d9%8a%d9%85%d8%a7%d9%81%d9%8a%d8%b1%d8%a7-%d9%85%d8%b9-%d8%a7%d9%84%d8%a8%d9%8a%d8%b3%d8%aa%d9%88-%d8%a7%d9%84%d8%b7%d8%a7%d8%b2%d8%ac-%d9%88%d8%a7
https://lacuisinedebernard.com/%d8%a8%d8%a7%d8%b3%d8%aa%d8%a7-%d8%a8%d8%b1%d9%8a%d9%85%d8%a7%d9%81%d9%8a%d8%b1%d8%a7-%d9%85%d8%b9-%d8%a7%d9%84%d8%a8%d9%8a%d8%b3%d8%aa%d9%88-%d8%a7%d9%84%d8%b7%d8%a7%d8%b2%d8%ac-%d9%88%d8%a7/,https://staging.lacuisinedebernard.com/%d8%a8%d8%a7%d8%b3%d8%aa%d8%a7-%d8%a8%d8%b1%d9%8a%d9%85%d8%a7%d9%81%d9%8a%d8%b1%d8%a7-%d9%85%d8%b9-%d8%a7%d9%84%d8%a8%d9%8a%d8%b3%d8%aa%d9%88-%d8%a7%d9%84%d8%b7%d8%a7%d8%b2%d8%ac-%d9%88%d8%a7
https://www.lacuisinedebernard.com/%d8%a8%d8%a7%d8%b3%d8%aa%d8%a7-%d8%a8%d8%b1%d9%8a%d9%85%d8%a7%d9%81%d9%8a%d8%b1%d8%a7-%d9%85%d8%b9-%d8%a7%d9%84%d8%a8%d9%8a%d8%b3%d8%aa%d9%88-%d8%a7%d9%84%d8%b7%d8%a7%d8%b2%d8%ac-%d9%88%d8%a7,https://staging.lacuisinedebernard.com/%d8%a8%d8%a7%d8%b3%d8%aa%d8%a7-%d8%a8%d8%b1%d9%8a%d9%85%d8%a7%d9%81%d9%8a%d8%b1%d8%a7-%d9%85%d8%b9-%d8%a7%d9%84%d8%a8%d9%8a%d8%b3%d8%aa%d9%88-%d8%a7%d9%84%d8%b7%d8%a7%d8%b2%d8%ac-%d9%88%d8%a7
https://www.lacuisinedebernard.com/%d8%a8%d8%a7%d8%b3%d8%aa%d8%a7-%d8%a8%d8%b1%d9%8a%d9%85%d8%a7%d9%81%d9%8a%d8%b1%d8%a7-%d9%85%d8%b9-%d8%a7%d9%84%d8%a8%d9%8a%d8%b3%d8%aa%d9%88-%d8%a7%d9%84%d8%b7%d8%a7%d8%b2%d8%ac-%d9%88%d8%a7/,https://staging.lacuisinedebernard.com/%d8%a8%d8%a7%d8%b3%d8%aa%d8%a7-%d8%a8%d8%b1%d9%8a%d9%85%d8%a7%d9%81%d9%8a%d8%b1%d8%a7-%d9%85%d8%b9-%d8%a7%d9%84%d8%a8%d9%8a%d8%b3%d8%aa%d9%88-%d8%a7%d9%84%d8%b7%d8%a7%d8%b2%d8%ac-%d9%88%d8%a7
https://lacuisinedebernard.com/wild-garlic-pesto,https://staging.lacuisinedebernard.com/wild-garlic-pesto
https://lacuisinedebernard.com/wild-garlic-pesto/,https://staging.lacuisinedebernard.com/wild-garlic-pesto
https://www.lacuisinedebernard.com/wild-garlic-pesto,https://staging.lacuisinedebernard.com/wild-garlic-pesto
https://www.lacuisinedebernard.com/wild-garlic-pesto/,https://staging.lacuisinedebernard.com/wild-garlic-pesto
https://lacuisinedebernard.com/facebook-live-monday-july-5th-at-7pm,https://staging.lacuisinedebernard.com/facebook-live-monday-july-5th-at-7pm
https://lacuisinedebernard.com/facebook-live-monday-july-5th-at-7pm/,https://staging.lacuisinedebernard.com/facebook-live-monday-july-5th-at-7pm
https://www.lacuisinedebernard.com/facebook-live-monday-july-5th-at-7pm,https://staging.lacuisinedebernard.com/facebook-live-monday-july-5th-at-7pm
https://www.lacuisinedebernard.com/facebook-live-monday-july-5th-at-7pm/,https://staging.lacuisinedebernard.com/facebook-live-monday-july-5th-at-7pm
https://lacuisinedebernard.com/%d9%88%d8%b1%d8%b4%d8%a9-%d8%b9%d9%85%d9%84-%d9%85%d8%b9-alexia-duchene,https://staging.lacuisinedebernard.com/%d9%88%d8%b1%d8%b4%d8%a9-%d8%b9%d9%85%d9%84-%d9%85%d8%b9-alexia-duchene
https://lacuisinedebernard.com/%d9%88%d8%b1%d8%b4%d8%a9-%d8%b9%d9%85%d9%84-%d9%85%d8%b9-alexia-duchene/,https://staging.lacuisinedebernard.com/%d9%88%d8%b1%d8%b4%d8%a9-%d8%b9%d9%85%d9%84-%d9%85%d8%b9-alexia-duchene
https://www.lacuisinedebernard.com/%d9%88%d8%b1%d8%b4%d8%a9-%d8%b9%d9%85%d9%84-%d9%85%d8%b9-alexia-duchene,https://staging.lacuisinedebernard.com/%d9%88%d8%b1%d8%b4%d8%a9-%d8%b9%d9%85%d9%84-%d9%85%d8%b9-alexia-duchene
https://www.lacuisinedebernard.com/%d9%88%d8%b1%d8%b4%d8%a9-%d8%b9%d9%85%d9%84-%d9%85%d8%b9-alexia-duchene/,https://staging.lacuisinedebernard.com/%d9%88%d8%b1%d8%b4%d8%a9-%d8%b9%d9%85%d9%84-%d9%85%d8%b9-alexia-duchene
https://lacuisinedebernard.com/%d9%86%d9%88%d8%af%d9%84%d8%b2-%d9%85%d9%82%d9%84%d9%8a%d8%a9-%d8%a8%d8%a7%d9%84%d8%af%d8%ac%d8%a7%d8%ac-%d9%88%d8%a7%d9%84%d8%ae%d8%b6%d8%b1%d9%88%d8%a7%d8%aa,https://staging.lacuisinedebernard.com/%d9%86%d9%88%d8%af%d9%84%d8%b2-%d9%85%d9%82%d9%84%d9%8a%d8%a9-%d8%a8%d8%a7%d9%84%d8%af%d8%ac%d8%a7%d8%ac-%d9%88%d8%a7%d9%84%d8%ae%d8%b6%d8%b1%d9%88%d8%a7%d8%aa
https://lacuisinedebernard.com/%d9%86%d9%88%d8%af%d9%84%d8%b2-%d9%85%d9%82%d9%84%d9%8a%d8%a9-%d8%a8%d8%a7%d9%84%d8%af%d8%ac%d8%a7%d8%ac-%d9%88%d8%a7%d9%84%d8%ae%d8%b6%d8%b1%d9%88%d8%a7%d8%aa/,https://staging.lacuisinedebernard.com/%d9%86%d9%88%d8%af%d9%84%d8%b2-%d9%85%d9%82%d9%84%d9%8a%d8%a9-%d8%a8%d8%a7%d9%84%d8%af%d8%ac%d8%a7%d8%ac-%d9%88%d8%a7%d9%84%d8%ae%d8%b6%d8%b1%d9%88%d8%a7%d8%aa
https://www.lacuisinedebernard.com/%d9%86%d9%88%d8%af%d9%84%d8%b2-%d9%85%d9%82%d9%84%d9%8a%d8%a9-%d8%a8%d8%a7%d9%84%d8%af%d8%ac%d8%a7%d8%ac-%d9%88%d8%a7%d9%84%d8%ae%d8%b6%d8%b1%d9%88%d8%a7%d8%aa,https://staging.lacuisinedebernard.com/%d9%86%d9%88%d8%af%d9%84%d8%b2-%d9%85%d9%82%d9%84%d9%8a%d8%a9-%d8%a8%d8%a7%d9%84%d8%af%d8%ac%d8%a7%d8%ac-%d9%88%d8%a7%d9%84%d8%ae%d8%b6%d8%b1%d9%88%d8%a7%d8%aa
https://www.lacuisinedebernard.com/%d9%86%d9%88%d8%af%d9%84%d8%b2-%d9%85%d9%82%d9%84%d9%8a%d8%a9-%d8%a8%d8%a7%d9%84%d8%af%d8%ac%d8%a7%d8%ac-%d9%88%d8%a7%d9%84%d8%ae%d8%b6%d8%b1%d9%88%d8%a7%d8%aa/,https://staging.lacuisinedebernard.com/%d9%86%d9%88%d8%af%d9%84%d8%b2-%d9%85%d9%82%d9%84%d9%8a%d8%a9-%d8%a8%d8%a7%d9%84%d8%af%d8%ac%d8%a7%d8%ac-%d9%88%d8%a7%d9%84%d8%ae%d8%b6%d8%b1%d9%88%d8%a7%d8%aa
https://lacuisinedebernard.com/nuevo-libro-un-best-of-de-mis-4-primeros-libros-en-180-recetas-incluyendo-30-ineditas-en-casi-400-paginas,https://staging.lacuisinedebernard.com/nuevo-libro-un-best-of-de-mis-4-primeros-libros-en-180-recetas-incluyendo-30-ineditas-en-casi-400-paginas
https://lacuisinedebernard.com/nuevo-libro-un-best-of-de-mis-4-primeros-libros-en-180-recetas-incluyendo-30-ineditas-en-casi-400-paginas/,https://staging.lacuisinedebernard.com/nuevo-libro-un-best-of-de-mis-4-primeros-libros-en-180-recetas-incluyendo-30-ineditas-en-casi-400-paginas
https://www.lacuisinedebernard.com/nuevo-libro-un-best-of-de-mis-4-primeros-libros-en-180-recetas-incluyendo-30-ineditas-en-casi-400-paginas,https://staging.lacuisinedebernard.com/nuevo-libro-un-best-of-de-mis-4-primeros-libros-en-180-recetas-incluyendo-30-ineditas-en-casi-400-paginas
https://www.lacuisinedebernard.com/nuevo-libro-un-best-of-de-mis-4-primeros-libros-en-180-recetas-incluyendo-30-ineditas-en-casi-400-paginas/,https://staging.lacuisinedebernard.com/nuevo-libro-un-best-of-de-mis-4-primeros-libros-en-180-recetas-incluyendo-30-ineditas-en-casi-400-paginas
https://lacuisinedebernard.com/%d8%a3%d9%85%d8%a7%d8%b1%d9%8a%d9%86%d8%a7-%d8%aa%d9%8a%d8%b1%d8%a7%d9%85%d9%8a%d8%b3%d9%88,https://staging.lacuisinedebernard.com/%d8%a3%d9%85%d8%a7%d8%b1%d9%8a%d9%86%d8%a7-%d8%aa%d9%8a%d8%b1%d8%a7%d9%85%d9%8a%d8%b3%d9%88
https://lacuisinedebernard.com/%d8%a3%d9%85%d8%a7%d8%b1%d9%8a%d9%86%d8%a7-%d8%aa%d9%8a%d8%b1%d8%a7%d9%85%d9%8a%d8%b3%d9%88/,https://staging.lacuisinedebernard.com/%d8%a3%d9%85%d8%a7%d8%b1%d9%8a%d9%86%d8%a7-%d8%aa%d9%8a%d8%b1%d8%a7%d9%85%d9%8a%d8%b3%d9%88
https://www.lacuisinedebernard.com/%d8%a3%d9%85%d8%a7%d8%b1%d9%8a%d9%86%d8%a7-%d8%aa%d9%8a%d8%b1%d8%a7%d9%85%d9%8a%d8%b3%d9%88,https://staging.lacuisinedebernard.com/%d8%a3%d9%85%d8%a7%d8%b1%d9%8a%d9%86%d8%a7-%d8%aa%d9%8a%d8%b1%d8%a7%d9%85%d9%8a%d8%b3%d9%88
https://www.lacuisinedebernard.com/%d8%a3%d9%85%d8%a7%d8%b1%d9%8a%d9%86%d8%a7-%d8%aa%d9%8a%d8%b1%d8%a7%d9%85%d9%8a%d8%b3%d9%88/,https://staging.lacuisinedebernard.com/%d8%a3%d9%85%d8%a7%d8%b1%d9%8a%d9%86%d8%a7-%d8%aa%d9%8a%d8%b1%d8%a7%d9%85%d9%8a%d8%b3%d9%88
https://lacuisinedebernard.com/grand-prix-brillat-savarin-for-my-book-scandalously-decadent,https://staging.lacuisinedebernard.com/grand-prix-brillat-savarin-for-my-book-scandalously-decadent
https://lacuisinedebernard.com/grand-prix-brillat-savarin-for-my-book-scandalously-decadent/,https://staging.lacuisinedebernard.com/grand-prix-brillat-savarin-for-my-book-scandalously-decadent
https://www.lacuisinedebernard.com/grand-prix-brillat-savarin-for-my-book-scandalously-decadent,https://staging.lacuisinedebernard.com/grand-prix-brillat-savarin-for-my-book-scandalously-decadent
https://www.lacuisinedebernard.com/grand-prix-brillat-savarin-for-my-book-scandalously-decadent/,https://staging.lacuisinedebernard.com/grand-prix-brillat-savarin-for-my-book-scandalously-decadent
https://lacuisinedebernard.com/pao-curto-indecente-50-chocolate,https://staging.lacuisinedebernard.com/pao-curto-indecente-50-chocolate
https://lacuisinedebernard.com/pao-curto-indecente-50-chocolate/,https://staging.lacuisinedebernard.com/pao-curto-indecente-50-chocolate
https://www.lacuisinedebernard.com/pao-curto-indecente-50-chocolate,https://staging.lacuisinedebernard.com/pao-curto-indecente-50-chocolate
https://www.lacuisinedebernard.com/pao-curto-indecente-50-chocolate/,https://staging.lacuisinedebernard.com/pao-curto-indecente-50-chocolate
https://lacuisinedebernard.com/tartaletas-con-ganache-de-leche-praline-de-avellanas-y-nibs-de-cacao,https://staging.lacuisinedebernard.com/tartaletas-con-ganache-de-leche-praline-de-avellanas-y-nibs-de-cacao
https://lacuisinedebernard.com/tartaletas-con-ganache-de-leche-praline-de-avellanas-y-nibs-de-cacao/,https://staging.lacuisinedebernard.com/tartaletas-con-ganache-de-leche-praline-de-avellanas-y-nibs-de-cacao
https://www.lacuisinedebernard.com/tartaletas-con-ganache-de-leche-praline-de-avellanas-y-nibs-de-cacao,https://staging.lacuisinedebernard.com/tartaletas-con-ganache-de-leche-praline-de-avellanas-y-nibs-de-cacao
https://www.lacuisinedebernard.com/tartaletas-con-ganache-de-leche-praline-de-avellanas-y-nibs-de-cacao/,https://staging.lacuisinedebernard.com/tartaletas-con-ganache-de-leche-praline-de-avellanas-y-nibs-de-cacao
https://lacuisinedebernard.com/%d8%af%d8%a7%d9%84-%d8%a7%d9%83%d8%b3%d8%a8%d8%b1%d9%8a%d8%b3-%d9%85%d9%86-%d8%a7%d9%84%d8%b9%d8%af%d8%b3-%d8%a7%d9%84%d9%85%d8%b1%d8%ac%d8%a7%d9%86%d9%8a,https://staging.lacuisinedebernard.com/%d8%af%d8%a7%d9%84-%d8%a7%d9%83%d8%b3%d8%a8%d8%b1%d9%8a%d8%b3-%d9%85%d9%86-%d8%a7%d9%84%d8%b9%d8%af%d8%b3-%d8%a7%d9%84%d9%85%d8%b1%d8%ac%d8%a7%d9%86%d9%8a
https://lacuisinedebernard.com/%d8%af%d8%a7%d9%84-%d8%a7%d9%83%d8%b3%d8%a8%d8%b1%d9%8a%d8%b3-%d9%85%d9%86-%d8%a7%d9%84%d8%b9%d8%af%d8%b3-%d8%a7%d9%84%d9%85%d8%b1%d8%ac%d8%a7%d9%86%d9%8a/,https://staging.lacuisinedebernard.com/%d8%af%d8%a7%d9%84-%d8%a7%d9%83%d8%b3%d8%a8%d8%b1%d9%8a%d8%b3-%d9%85%d9%86-%d8%a7%d9%84%d8%b9%d8%af%d8%b3-%d8%a7%d9%84%d9%85%d8%b1%d8%ac%d8%a7%d9%86%d9%8a
https://www.lacuisinedebernard.com/%d8%af%d8%a7%d9%84-%d8%a7%d9%83%d8%b3%d8%a8%d8%b1%d9%8a%d8%b3-%d9%85%d9%86-%d8%a7%d9%84%d8%b9%d8%af%d8%b3-%d8%a7%d9%84%d9%85%d8%b1%d8%ac%d8%a7%d9%86%d9%8a,https://staging.lacuisinedebernard.com/%d8%af%d8%a7%d9%84-%d8%a7%d9%83%d8%b3%d8%a8%d8%b1%d9%8a%d8%b3-%d9%85%d9%86-%d8%a7%d9%84%d8%b9%d8%af%d8%b3-%d8%a7%d9%84%d9%85%d8%b1%d8%ac%d8%a7%d9%86%d9%8a
https://www.lacuisinedebernard.com/%d8%af%d8%a7%d9%84-%d8%a7%d9%83%d8%b3%d8%a8%d8%b1%d9%8a%d8%b3-%d9%85%d9%86-%d8%a7%d9%84%d8%b9%d8%af%d8%b3-%d8%a7%d9%84%d9%85%d8%b1%d8%ac%d8%a7%d9%86%d9%8a/,https://staging.lacuisinedebernard.com/%d8%af%d8%a7%d9%84-%d8%a7%d9%83%d8%b3%d8%a8%d8%b1%d9%8a%d8%b3-%d9%85%d9%86-%d8%a7%d9%84%d8%b9%d8%af%d8%b3-%d8%a7%d9%84%d9%85%d8%b1%d8%ac%d8%a7%d9%86%d9%8a
https://lacuisinedebernard.com/gimbap-com-omelete-e-galinha,https://staging.lacuisinedebernard.com/gimbap-com-omelete-e-galinha
https://lacuisinedebernard.com/gimbap-com-omelete-e-galinha/,https://staging.lacuisinedebernard.com/gimbap-com-omelete-e-galinha
https://www.lacuisinedebernard.com/gimbap-com-omelete-e-galinha,https://staging.lacuisinedebernard.com/gimbap-com-omelete-e-galinha
https://www.lacuisinedebernard.com/gimbap-com-omelete-e-galinha/,https://staging.lacuisinedebernard.com/gimbap-com-omelete-e-galinha
https://lacuisinedebernard.com/bolo-de-muesli,https://staging.lacuisinedebernard.com/bolo-de-muesli
https://lacuisinedebernard.com/bolo-de-muesli/,https://staging.lacuisinedebernard.com/bolo-de-muesli
https://www.lacuisinedebernard.com/bolo-de-muesli,https://staging.lacuisinedebernard.com/bolo-de-muesli
https://www.lacuisinedebernard.com/bolo-de-muesli/,https://staging.lacuisinedebernard.com/bolo-de-muesli
https://lacuisinedebernard.com/eu-faco-o-meu-proprio-chocolate-em-video,https://staging.lacuisinedebernard.com/eu-faco-o-meu-proprio-chocolate-em-video
https://lacuisinedebernard.com/eu-faco-o-meu-proprio-chocolate-em-video/,https://staging.lacuisinedebernard.com/eu-faco-o-meu-proprio-chocolate-em-video
https://www.lacuisinedebernard.com/eu-faco-o-meu-proprio-chocolate-em-video,https://staging.lacuisinedebernard.com/eu-faco-o-meu-proprio-chocolate-em-video
https://www.lacuisinedebernard.com/eu-faco-o-meu-proprio-chocolate-em-video/,https://staging.lacuisinedebernard.com/eu-faco-o-meu-proprio-chocolate-em-video
https://lacuisinedebernard.com/i-make-my-own-chocolate-in-video-roasting,https://staging.lacuisinedebernard.com/i-make-my-own-chocolate-in-video-roasting
https://lacuisinedebernard.com/i-make-my-own-chocolate-in-video-roasting/,https://staging.lacuisinedebernard.com/i-make-my-own-chocolate-in-video-roasting
https://www.lacuisinedebernard.com/i-make-my-own-chocolate-in-video-roasting,https://staging.lacuisinedebernard.com/i-make-my-own-chocolate-in-video-roasting
https://www.lacuisinedebernard.com/i-make-my-own-chocolate-in-video-roasting/,https://staging.lacuisinedebernard.com/i-make-my-own-chocolate-in-video-roasting
https://lacuisinedebernard.com/tortinhas-com-ganache-de-leite-pralina-de-avela-e-aparo-de-cacau,https://staging.lacuisinedebernard.com/tortinhas-com-ganache-de-leite-pralina-de-avela-e-aparo-de-cacau
https://lacuisinedebernard.com/tortinhas-com-ganache-de-leite-pralina-de-avela-e-aparo-de-cacau/,https://staging.lacuisinedebernard.com/tortinhas-com-ganache-de-leite-pralina-de-avela-e-aparo-de-cacau
https://www.lacuisinedebernard.com/tortinhas-com-ganache-de-leite-pralina-de-avela-e-aparo-de-cacau,https://staging.lacuisinedebernard.com/tortinhas-com-ganache-de-leite-pralina-de-avela-e-aparo-de-cacau
https://www.lacuisinedebernard.com/tortinhas-com-ganache-de-leite-pralina-de-avela-e-aparo-de-cacau/,https://staging.lacuisinedebernard.com/tortinhas-com-ganache-de-leite-pralina-de-avela-e-aparo-de-cacau
https://lacuisinedebernard.com/%d8%ac%d9%8a%d9%85%d8%a8%d8%a7%d8%a8-%d9%85%d8%b9-%d8%a7%d9%88%d9%85%d9%84%d9%8a%d8%aa-%d9%88%d8%af%d8%ac%d8%a7%d8%ac,https://staging.lacuisinedebernard.com/%d8%ac%d9%8a%d9%85%d8%a8%d8%a7%d8%a8-%d9%85%d8%b9-%d8%a7%d9%88%d9%85%d9%84%d9%8a%d8%aa-%d9%88%d8%af%d8%ac%d8%a7%d8%ac
https://lacuisinedebernard.com/%d8%ac%d9%8a%d9%85%d8%a8%d8%a7%d8%a8-%d9%85%d8%b9-%d8%a7%d9%88%d9%85%d9%84%d9%8a%d8%aa-%d9%88%d8%af%d8%ac%d8%a7%d8%ac/,https://staging.lacuisinedebernard.com/%d8%ac%d9%8a%d9%85%d8%a8%d8%a7%d8%a8-%d9%85%d8%b9-%d8%a7%d9%88%d9%85%d9%84%d9%8a%d8%aa-%d9%88%d8%af%d8%ac%d8%a7%d8%ac
https://www.lacuisinedebernard.com/%d8%ac%d9%8a%d9%85%d8%a8%d8%a7%d8%a8-%d9%85%d8%b9-%d8%a7%d9%88%d9%85%d9%84%d9%8a%d8%aa-%d9%88%d8%af%d8%ac%d8%a7%d8%ac,https://staging.lacuisinedebernard.com/%d8%ac%d9%8a%d9%85%d8%a8%d8%a7%d8%a8-%d9%85%d8%b9-%d8%a7%d9%88%d9%85%d9%84%d9%8a%d8%aa-%d9%88%d8%af%d8%ac%d8%a7%d8%ac
https://www.lacuisinedebernard.com/%d8%ac%d9%8a%d9%85%d8%a8%d8%a7%d8%a8-%d9%85%d8%b9-%d8%a7%d9%88%d9%85%d9%84%d9%8a%d8%aa-%d9%88%d8%af%d8%ac%d8%a7%d8%ac/,https://staging.lacuisinedebernard.com/%d8%ac%d9%8a%d9%85%d8%a8%d8%a7%d8%a8-%d9%85%d8%b9-%d8%a7%d9%88%d9%85%d9%84%d9%8a%d8%aa-%d9%88%d8%af%d8%ac%d8%a7%d8%ac
https://lacuisinedebernard.com/raices-de-loto-braseadas-y-caramelizadas,https://staging.lacuisinedebernard.com/raices-de-loto-braseadas-y-caramelizadas
https://lacuisinedebernard.com/raices-de-loto-braseadas-y-caramelizadas/,https://staging.lacuisinedebernard.com/raices-de-loto-braseadas-y-caramelizadas
https://www.lacuisinedebernard.com/raices-de-loto-braseadas-y-caramelizadas,https://staging.lacuisinedebernard.com/raices-de-loto-braseadas-y-caramelizadas
https://www.lacuisinedebernard.com/raices-de-loto-braseadas-y-caramelizadas/,https://staging.lacuisinedebernard.com/raices-de-loto-braseadas-y-caramelizadas
https://lacuisinedebernard.com/i-make-my-own-chocolate-on-video,https://staging.lacuisinedebernard.com/i-make-my-own-chocolate-on-video
https://lacuisinedebernard.com/i-make-my-own-chocolate-on-video/,https://staging.lacuisinedebernard.com/i-make-my-own-chocolate-on-video
https://www.lacuisinedebernard.com/i-make-my-own-chocolate-on-video,https://staging.lacuisinedebernard.com/i-make-my-own-chocolate-on-video
https://www.lacuisinedebernard.com/i-make-my-own-chocolate-on-video/,https://staging.lacuisinedebernard.com/i-make-my-own-chocolate-on-video
https://lacuisinedebernard.com/%d8%a7%d8%b3%d8%aa%d8%b1%d8%a7%d8%ad%d8%a9-%d8%a7%d9%84%d8%aa%d8%af%d9%88%d9%8a%d9%86-%d9%82%d9%84%d9%8a%d9%84%d8%a7,https://staging.lacuisinedebernard.com/%d8%a7%d8%b3%d8%aa%d8%b1%d8%a7%d8%ad%d8%a9-%d8%a7%d9%84%d8%aa%d8%af%d9%88%d9%8a%d9%86-%d9%82%d9%84%d9%8a%d9%84%d8%a7
https://lacuisinedebernard.com/%d8%a7%d8%b3%d8%aa%d8%b1%d8%a7%d8%ad%d8%a9-%d8%a7%d9%84%d8%aa%d8%af%d9%88%d9%8a%d9%86-%d9%82%d9%84%d9%8a%d9%84%d8%a7/,https://staging.lacuisinedebernard.com/%d8%a7%d8%b3%d8%aa%d8%b1%d8%a7%d8%ad%d8%a9-%d8%a7%d9%84%d8%aa%d8%af%d9%88%d9%8a%d9%86-%d9%82%d9%84%d9%8a%d9%84%d8%a7
https://www.lacuisinedebernard.com/%d8%a7%d8%b3%d8%aa%d8%b1%d8%a7%d8%ad%d8%a9-%d8%a7%d9%84%d8%aa%d8%af%d9%88%d9%8a%d9%86-%d9%82%d9%84%d9%8a%d9%84%d8%a7,https://staging.lacuisinedebernard.com/%d8%a7%d8%b3%d8%aa%d8%b1%d8%a7%d8%ad%d8%a9-%d8%a7%d9%84%d8%aa%d8%af%d9%88%d9%8a%d9%86-%d9%82%d9%84%d9%8a%d9%84%d8%a7
https://www.lacuisinedebernard.com/%d8%a7%d8%b3%d8%aa%d8%b1%d8%a7%d8%ad%d8%a9-%d8%a7%d9%84%d8%aa%d8%af%d9%88%d9%8a%d9%86-%d9%82%d9%84%d9%8a%d9%84%d8%a7/,https://staging.lacuisinedebernard.com/%d8%a7%d8%b3%d8%aa%d8%b1%d8%a7%d8%ad%d8%a9-%d8%a7%d9%84%d8%aa%d8%af%d9%88%d9%8a%d9%86-%d9%82%d9%84%d9%8a%d9%84%d8%a7
https://lacuisinedebernard.com/muesli-cake,https://staging.lacuisinedebernard.com/muesli-cake
https://lacuisinedebernard.com/muesli-cake/,https://staging.lacuisinedebernard.com/muesli-cake
https://www.lacuisinedebernard.com/muesli-cake,https://staging.lacuisinedebernard.com/muesli-cake
https://www.lacuisinedebernard.com/muesli-cake/,https://staging.lacuisinedebernard.com/muesli-cake
https://lacuisinedebernard.com/faco-o-meu-proprio-chocolate-em-video-esmagamento,https://staging.lacuisinedebernard.com/faco-o-meu-proprio-chocolate-em-video-esmagamento
https://lacuisinedebernard.com/faco-o-meu-proprio-chocolate-em-video-esmagamento/,https://staging.lacuisinedebernard.com/faco-o-meu-proprio-chocolate-em-video-esmagamento
https://www.lacuisinedebernard.com/faco-o-meu-proprio-chocolate-em-video-esmagamento,https://staging.lacuisinedebernard.com/faco-o-meu-proprio-chocolate-em-video-esmagamento
https://www.lacuisinedebernard.com/faco-o-meu-proprio-chocolate-em-video-esmagamento/,https://staging.lacuisinedebernard.com/faco-o-meu-proprio-chocolate-em-video-esmagamento
https://lacuisinedebernard.com/hago-chocolate-casero-en-video-conchado-equipo-e-ingredientes,https://staging.lacuisinedebernard.com/hago-chocolate-casero-en-video-conchado-equipo-e-ingredientes
https://lacuisinedebernard.com/hago-chocolate-casero-en-video-conchado-equipo-e-ingredientes/,https://staging.lacuisinedebernard.com/hago-chocolate-casero-en-video-conchado-equipo-e-ingredientes
https://www.lacuisinedebernard.com/hago-chocolate-casero-en-video-conchado-equipo-e-ingredientes,https://staging.lacuisinedebernard.com/hago-chocolate-casero-en-video-conchado-equipo-e-ingredientes
https://www.lacuisinedebernard.com/hago-chocolate-casero-en-video-conchado-equipo-e-ingredientes/,https://staging.lacuisinedebernard.com/hago-chocolate-casero-en-video-conchado-equipo-e-ingredientes
https://lacuisinedebernard.com/%d8%a3%d8%b5%d9%86%d8%b9-%d8%b4%d9%88%d9%83%d9%88%d9%84%d8%a7%d8%aa%d8%a9-%d9%85%d9%86%d8%b2%d9%84%d9%8a%d8%a9-%d8%a7%d9%84%d8%b5%d9%86%d8%b9-%d8%b9%d9%84%d9%89-%d8%a7%d9%84%d9%81%d9%8a%d8%af%d9%8a-5,https://staging.lacuisinedebernard.com/%d8%a3%d8%b5%d9%86%d8%b9-%d8%b4%d9%88%d9%83%d9%88%d9%84%d8%a7%d8%aa%d8%a9-%d9%85%d9%86%d8%b2%d9%84%d9%8a%d8%a9-%d8%a7%d9%84%d8%b5%d9%86%d8%b9-%d8%b9%d9%84%d9%89-%d8%a7%d9%84%d9%81%d9%8a%d8%af%d9%8a-5
https://lacuisinedebernard.com/%d8%a3%d8%b5%d9%86%d8%b9-%d8%b4%d9%88%d9%83%d9%88%d9%84%d8%a7%d8%aa%d8%a9-%d9%85%d9%86%d8%b2%d9%84%d9%8a%d8%a9-%d8%a7%d9%84%d8%b5%d9%86%d8%b9-%d8%b9%d9%84%d9%89-%d8%a7%d9%84%d9%81%d9%8a%d8%af%d9%8a-5/,https://staging.lacuisinedebernard.com/%d8%a3%d8%b5%d9%86%d8%b9-%d8%b4%d9%88%d9%83%d9%88%d9%84%d8%a7%d8%aa%d8%a9-%d9%85%d9%86%d8%b2%d9%84%d9%8a%d8%a9-%d8%a7%d9%84%d8%b5%d9%86%d8%b9-%d8%b9%d9%84%d9%89-%d8%a7%d9%84%d9%81%d9%8a%d8%af%d9%8a-5
https://www.lacuisinedebernard.com/%d8%a3%d8%b5%d9%86%d8%b9-%d8%b4%d9%88%d9%83%d9%88%d9%84%d8%a7%d8%aa%d8%a9-%d9%85%d9%86%d8%b2%d9%84%d9%8a%d8%a9-%d8%a7%d9%84%d8%b5%d9%86%d8%b9-%d8%b9%d9%84%d9%89-%d8%a7%d9%84%d9%81%d9%8a%d8%af%d9%8a-5,https://staging.lacuisinedebernard.com/%d8%a3%d8%b5%d9%86%d8%b9-%d8%b4%d9%88%d9%83%d9%88%d9%84%d8%a7%d8%aa%d8%a9-%d9%85%d9%86%d8%b2%d9%84%d9%8a%d8%a9-%d8%a7%d9%84%d8%b5%d9%86%d8%b9-%d8%b9%d9%84%d9%89-%d8%a7%d9%84%d9%81%d9%8a%d8%af%d9%8a-5
https://www.lacuisinedebernard.com/%d8%a3%d8%b5%d9%86%d8%b9-%d8%b4%d9%88%d9%83%d9%88%d9%84%d8%a7%d8%aa%d8%a9-%d9%85%d9%86%d8%b2%d9%84%d9%8a%d8%a9-%d8%a7%d9%84%d8%b5%d9%86%d8%b9-%d8%b9%d9%84%d9%89-%d8%a7%d9%84%d9%81%d9%8a%d8%af%d9%8a-5/,https://staging.lacuisinedebernard.com/%d8%a3%d8%b5%d9%86%d8%b9-%d8%b4%d9%88%d9%83%d9%88%d9%84%d8%a7%d8%aa%d8%a9-%d9%85%d9%86%d8%b2%d9%84%d9%8a%d8%a9-%d8%a7%d9%84%d8%b5%d9%86%d8%b9-%d8%b9%d9%84%d9%89-%d8%a7%d9%84%d9%81%d9%8a%d8%af%d9%8a-5
https://lacuisinedebernard.com/%d8%a3%d8%b5%d9%86%d8%b9-%d8%b4%d9%88%d9%83%d9%88%d9%84%d8%a7%d8%aa%d9%8a-%d8%b9%d9%84%d9%89-%d8%a7%d9%84%d9%81%d9%8a%d8%af%d9%8a%d9%88-%d8%aa%d8%ad%d9%85%d9%8a%d8%b5,https://staging.lacuisinedebernard.com/%d8%a3%d8%b5%d9%86%d8%b9-%d8%b4%d9%88%d9%83%d9%88%d9%84%d8%a7%d8%aa%d9%8a-%d8%b9%d9%84%d9%89-%d8%a7%d9%84%d9%81%d9%8a%d8%af%d9%8a%d9%88-%d8%aa%d8%ad%d9%85%d9%8a%d8%b5
https://lacuisinedebernard.com/%d8%a3%d8%b5%d9%86%d8%b9-%d8%b4%d9%88%d9%83%d9%88%d9%84%d8%a7%d8%aa%d9%8a-%d8%b9%d9%84%d9%89-%d8%a7%d9%84%d9%81%d9%8a%d8%af%d9%8a%d9%88-%d8%aa%d8%ad%d9%85%d9%8a%d8%b5/,https://staging.lacuisinedebernard.com/%d8%a3%d8%b5%d9%86%d8%b9-%d8%b4%d9%88%d9%83%d9%88%d9%84%d8%a7%d8%aa%d9%8a-%d8%b9%d9%84%d9%89-%d8%a7%d9%84%d9%81%d9%8a%d8%af%d9%8a%d9%88-%d8%aa%d8%ad%d9%85%d9%8a%d8%b5
https://www.lacuisinedebernard.com/%d8%a3%d8%b5%d9%86%d8%b9-%d8%b4%d9%88%d9%83%d9%88%d9%84%d8%a7%d8%aa%d9%8a-%d8%b9%d9%84%d9%89-%d8%a7%d9%84%d9%81%d9%8a%d8%af%d9%8a%d9%88-%d8%aa%d8%ad%d9%85%d9%8a%d8%b5,https://staging.lacuisinedebernard.com/%d8%a3%d8%b5%d9%86%d8%b9-%d8%b4%d9%88%d9%83%d9%88%d9%84%d8%a7%d8%aa%d9%8a-%d8%b9%d9%84%d9%89-%d8%a7%d9%84%d9%81%d9%8a%d8%af%d9%8a%d9%88-%d8%aa%d8%ad%d9%85%d9%8a%d8%b5
https://www.lacuisinedebernard.com/%d8%a3%d8%b5%d9%86%d8%b9-%d8%b4%d9%88%d9%83%d9%88%d9%84%d8%a7%d8%aa%d9%8a-%d8%b9%d9%84%d9%89-%d8%a7%d9%84%d9%81%d9%8a%d8%af%d9%8a%d9%88-%d8%aa%d8%ad%d9%85%d9%8a%d8%b5/,https://staging.lacuisinedebernard.com/%d8%a3%d8%b5%d9%86%d8%b9-%d8%b4%d9%88%d9%83%d9%88%d9%84%d8%a7%d8%aa%d9%8a-%d8%b9%d9%84%d9%89-%d8%a7%d9%84%d9%81%d9%8a%d8%af%d9%8a%d9%88-%d8%aa%d8%ad%d9%85%d9%8a%d8%b5
https://lacuisinedebernard.com/tartlets-with-milk-ganache-hazelnut-praline-and-cocoa-nibs,https://staging.lacuisinedebernard.com/tartlets-with-milk-ganache-hazelnut-praline-and-cocoa-nibs
https://lacuisinedebernard.com/tartlets-with-milk-ganache-hazelnut-praline-and-cocoa-nibs/,https://staging.lacuisinedebernard.com/tartlets-with-milk-ganache-hazelnut-praline-and-cocoa-nibs
https://www.lacuisinedebernard.com/tartlets-with-milk-ganache-hazelnut-praline-and-cocoa-nibs,https://staging.lacuisinedebernard.com/tartlets-with-milk-ganache-hazelnut-praline-and-cocoa-nibs
https://www.lacuisinedebernard.com/tartlets-with-milk-ganache-hazelnut-praline-and-cocoa-nibs/,https://staging.lacuisinedebernard.com/tartlets-with-milk-ganache-hazelnut-praline-and-cocoa-nibs
https://lacuisinedebernard.com/%d8%a3%d8%b1%d8%b2-%d9%85%d9%82%d9%84%d9%8a-%d8%a8%d8%a7%d9%84%d8%af%d8%ac%d8%a7%d8%ac-%d9%88%d8%a7%d9%84%d9%81%d9%88%d9%84-%d8%a7%d9%84%d8%b3%d9%88%d8%af%d8%a7%d9%86%d9%8a-%d9%88%d8%a7%d9%84%d9%83,https://staging.lacuisinedebernard.com/%d8%a3%d8%b1%d8%b2-%d9%85%d9%82%d9%84%d9%8a-%d8%a8%d8%a7%d9%84%d8%af%d8%ac%d8%a7%d8%ac-%d9%88%d8%a7%d9%84%d9%81%d9%88%d9%84-%d8%a7%d9%84%d8%b3%d9%88%d8%af%d8%a7%d9%86%d9%8a-%d9%88%d8%a7%d9%84%d9%83
https://lacuisinedebernard.com/%d8%a3%d8%b1%d8%b2-%d9%85%d9%82%d9%84%d9%8a-%d8%a8%d8%a7%d9%84%d8%af%d8%ac%d8%a7%d8%ac-%d9%88%d8%a7%d9%84%d9%81%d9%88%d9%84-%d8%a7%d9%84%d8%b3%d9%88%d8%af%d8%a7%d9%86%d9%8a-%d9%88%d8%a7%d9%84%d9%83/,https://staging.lacuisinedebernard.com/%d8%a3%d8%b1%d8%b2-%d9%85%d9%82%d9%84%d9%8a-%d8%a8%d8%a7%d9%84%d8%af%d8%ac%d8%a7%d8%ac-%d9%88%d8%a7%d9%84%d9%81%d9%88%d9%84-%d8%a7%d9%84%d8%b3%d9%88%d8%af%d8%a7%d9%86%d9%8a-%d9%88%d8%a7%d9%84%d9%83
https://www.lacuisinedebernard.com/%d8%a3%d8%b1%d8%b2-%d9%85%d9%82%d9%84%d9%8a-%d8%a8%d8%a7%d9%84%d8%af%d8%ac%d8%a7%d8%ac-%d9%88%d8%a7%d9%84%d9%81%d9%88%d9%84-%d8%a7%d9%84%d8%b3%d9%88%d8%af%d8%a7%d9%86%d9%8a-%d9%88%d8%a7%d9%84%d9%83,https://staging.lacuisinedebernard.com/%d8%a3%d8%b1%d8%b2-%d9%85%d9%82%d9%84%d9%8a-%d8%a8%d8%a7%d9%84%d8%af%d8%ac%d8%a7%d8%ac-%d9%88%d8%a7%d9%84%d9%81%d9%88%d9%84-%d8%a7%d9%84%d8%b3%d9%88%d8%af%d8%a7%d9%86%d9%8a-%d9%88%d8%a7%d9%84%d9%83
https://www.lacuisinedebernard.com/%d8%a3%d8%b1%d8%b2-%d9%85%d9%82%d9%84%d9%8a-%d8%a8%d8%a7%d9%84%d8%af%d8%ac%d8%a7%d8%ac-%d9%88%d8%a7%d9%84%d9%81%d9%88%d9%84-%d8%a7%d9%84%d8%b3%d9%88%d8%af%d8%a7%d9%86%d9%8a-%d9%88%d8%a7%d9%84%d9%83/,https://staging.lacuisinedebernard.com/%d8%a3%d8%b1%d8%b2-%d9%85%d9%82%d9%84%d9%8a-%d8%a8%d8%a7%d9%84%d8%af%d8%ac%d8%a7%d8%ac-%d9%88%d8%a7%d9%84%d9%81%d9%88%d9%84-%d8%a7%d9%84%d8%b3%d9%88%d8%af%d8%a7%d9%86%d9%8a-%d9%88%d8%a7%d9%84%d9%83
https://lacuisinedebernard.com/raizes-de-lotus-braseadas-e-caramelizadas,https://staging.lacuisinedebernard.com/raizes-de-lotus-braseadas-e-caramelizadas
https://lacuisinedebernard.com/raizes-de-lotus-braseadas-e-caramelizadas/,https://staging.lacuisinedebernard.com/raizes-de-lotus-braseadas-e-caramelizadas
https://www.lacuisinedebernard.com/raizes-de-lotus-braseadas-e-caramelizadas,https://staging.lacuisinedebernard.com/raizes-de-lotus-braseadas-e-caramelizadas
https://www.lacuisinedebernard.com/raizes-de-lotus-braseadas-e-caramelizadas/,https://staging.lacuisinedebernard.com/raizes-de-lotus-braseadas-e-caramelizadas
https://lacuisinedebernard.com/%d8%a3%d8%b5%d9%86%d8%b9-%d8%b4%d9%88%d9%83%d9%88%d9%84%d8%a7%d8%aa%d8%a9-%d9%85%d9%86%d8%b2%d9%84%d9%8a%d8%a9-%d8%a7%d9%84%d8%b5%d9%86%d8%b9-%d8%b9%d9%84%d9%89-%d8%a7%d9%84%d9%81%d9%8a%d8%af%d9%8a-4,https://staging.lacuisinedebernard.com/%d8%a3%d8%b5%d9%86%d8%b9-%d8%b4%d9%88%d9%83%d9%88%d9%84%d8%a7%d8%aa%d8%a9-%d9%85%d9%86%d8%b2%d9%84%d9%8a%d8%a9-%d8%a7%d9%84%d8%b5%d9%86%d8%b9-%d8%b9%d9%84%d9%89-%d8%a7%d9%84%d9%81%d9%8a%d8%af%d9%8a-4
https://lacuisinedebernard.com/%d8%a3%d8%b5%d9%86%d8%b9-%d8%b4%d9%88%d9%83%d9%88%d9%84%d8%a7%d8%aa%d8%a9-%d9%85%d9%86%d8%b2%d9%84%d9%8a%d8%a9-%d8%a7%d9%84%d8%b5%d9%86%d8%b9-%d8%b9%d9%84%d9%89-%d8%a7%d9%84%d9%81%d9%8a%d8%af%d9%8a-4/,https://staging.lacuisinedebernard.com/%d8%a3%d8%b5%d9%86%d8%b9-%d8%b4%d9%88%d9%83%d9%88%d9%84%d8%a7%d8%aa%d8%a9-%d9%85%d9%86%d8%b2%d9%84%d9%8a%d8%a9-%d8%a7%d9%84%d8%b5%d9%86%d8%b9-%d8%b9%d9%84%d9%89-%d8%a7%d9%84%d9%81%d9%8a%d8%af%d9%8a-4
https://www.lacuisinedebernard.com/%d8%a3%d8%b5%d9%86%d8%b9-%d8%b4%d9%88%d9%83%d9%88%d9%84%d8%a7%d8%aa%d8%a9-%d9%85%d9%86%d8%b2%d9%84%d9%8a%d8%a9-%d8%a7%d9%84%d8%b5%d9%86%d8%b9-%d8%b9%d9%84%d9%89-%d8%a7%d9%84%d9%81%d9%8a%d8%af%d9%8a-4,https://staging.lacuisinedebernard.com/%d8%a3%d8%b5%d9%86%d8%b9-%d8%b4%d9%88%d9%83%d9%88%d9%84%d8%a7%d8%aa%d8%a9-%d9%85%d9%86%d8%b2%d9%84%d9%8a%d8%a9-%d8%a7%d9%84%d8%b5%d9%86%d8%b9-%d8%b9%d9%84%d9%89-%d8%a7%d9%84%d9%81%d9%8a%d8%af%d9%8a-4
https://www.lacuisinedebernard.com/%d8%a3%d8%b5%d9%86%d8%b9-%d8%b4%d9%88%d9%83%d9%88%d9%84%d8%a7%d8%aa%d8%a9-%d9%85%d9%86%d8%b2%d9%84%d9%8a%d8%a9-%d8%a7%d9%84%d8%b5%d9%86%d8%b9-%d8%b9%d9%84%d9%89-%d8%a7%d9%84%d9%81%d9%8a%d8%af%d9%8a-4/,https://staging.lacuisinedebernard.com/%d8%a3%d8%b5%d9%86%d8%b9-%d8%b4%d9%88%d9%83%d9%88%d9%84%d8%a7%d8%aa%d8%a9-%d9%85%d9%86%d8%b2%d9%84%d9%8a%d8%a9-%d8%a7%d9%84%d8%b5%d9%86%d8%b9-%d8%b9%d9%84%d9%89-%d8%a7%d9%84%d9%81%d9%8a%d8%af%d9%8a-4
https://lacuisinedebernard.com/eu-faco-chocolate-caseiro-em-video-conching-equipamento-e-ingredientes,https://staging.lacuisinedebernard.com/eu-faco-chocolate-caseiro-em-video-conching-equipamento-e-ingredientes
https://lacuisinedebernard.com/eu-faco-chocolate-caseiro-em-video-conching-equipamento-e-ingredientes/,https://staging.lacuisinedebernard.com/eu-faco-chocolate-caseiro-em-video-conching-equipamento-e-ingredientes
https://www.lacuisinedebernard.com/eu-faco-chocolate-caseiro-em-video-conching-equipamento-e-ingredientes,https://staging.lacuisinedebernard.com/eu-faco-chocolate-caseiro-em-video-conching-equipamento-e-ingredientes
https://www.lacuisinedebernard.com/eu-faco-chocolate-caseiro-em-video-conching-equipamento-e-ingredientes/,https://staging.lacuisinedebernard.com/eu-faco-chocolate-caseiro-em-video-conching-equipamento-e-ingredientes
https://lacuisinedebernard.com/i-make-my-own-chocolate-in-video-crushing,https://staging.lacuisinedebernard.com/i-make-my-own-chocolate-in-video-crushing
https://lacuisinedebernard.com/i-make-my-own-chocolate-in-video-crushing/,https://staging.lacuisinedebernard.com/i-make-my-own-chocolate-in-video-crushing
https://www.lacuisinedebernard.com/i-make-my-own-chocolate-in-video-crushing,https://staging.lacuisinedebernard.com/i-make-my-own-chocolate-in-video-crushing
https://www.lacuisinedebernard.com/i-make-my-own-chocolate-in-video-crushing/,https://staging.lacuisinedebernard.com/i-make-my-own-chocolate-in-video-crushing
https://lacuisinedebernard.com/%d8%a5%d8%b6%d8%a7%d9%81%d8%a9-%d8%af%d8%ac%d8%a7%d8%ac-%d9%85%d9%82%d8%b1%d9%85%d8%b4-%d8%a8%d8%a7%d9%84%d8%b3%d9%85%d8%b3%d9%85,https://staging.lacuisinedebernard.com/%d8%a5%d8%b6%d8%a7%d9%81%d8%a9-%d8%af%d8%ac%d8%a7%d8%ac-%d9%85%d9%82%d8%b1%d9%85%d8%b4-%d8%a8%d8%a7%d9%84%d8%b3%d9%85%d8%b3%d9%85
https://lacuisinedebernard.com/%d8%a5%d8%b6%d8%a7%d9%81%d8%a9-%d8%af%d8%ac%d8%a7%d8%ac-%d9%85%d9%82%d8%b1%d9%85%d8%b4-%d8%a8%d8%a7%d9%84%d8%b3%d9%85%d8%b3%d9%85/,https://staging.lacuisinedebernard.com/%d8%a5%d8%b6%d8%a7%d9%81%d8%a9-%d8%af%d8%ac%d8%a7%d8%ac-%d9%85%d9%82%d8%b1%d9%85%d8%b4-%d8%a8%d8%a7%d9%84%d8%b3%d9%85%d8%b3%d9%85
https://www.lacuisinedebernard.com/%d8%a5%d8%b6%d8%a7%d9%81%d8%a9-%d8%af%d8%ac%d8%a7%d8%ac-%d9%85%d9%82%d8%b1%d9%85%d8%b4-%d8%a8%d8%a7%d9%84%d8%b3%d9%85%d8%b3%d9%85,https://staging.lacuisinedebernard.com/%d8%a5%d8%b6%d8%a7%d9%81%d8%a9-%d8%af%d8%ac%d8%a7%d8%ac-%d9%85%d9%82%d8%b1%d9%85%d8%b4-%d8%a8%d8%a7%d9%84%d8%b3%d9%85%d8%b3%d9%85
https://www.lacuisinedebernard.com/%d8%a5%d8%b6%d8%a7%d9%81%d8%a9-%d8%af%d8%ac%d8%a7%d8%ac-%d9%85%d9%82%d8%b1%d9%85%d8%b4-%d8%a8%d8%a7%d9%84%d8%b3%d9%85%d8%b3%d9%85/,https://staging.lacuisinedebernard.com/%d8%a5%d8%b6%d8%a7%d9%81%d8%a9-%d8%af%d8%ac%d8%a7%d8%ac-%d9%85%d9%82%d8%b1%d9%85%d8%b4-%d8%a8%d8%a7%d9%84%d8%b3%d9%85%d8%b3%d9%85
https://lacuisinedebernard.com/preparo-mi-propio-chocolate-en-video-ponlo-en-practica,https://staging.lacuisinedebernard.com/preparo-mi-propio-chocolate-en-video-ponlo-en-practica
https://lacuisinedebernard.com/preparo-mi-propio-chocolate-en-video-ponlo-en-practica/,https://staging.lacuisinedebernard.com/preparo-mi-propio-chocolate-en-video-ponlo-en-practica
https://www.lacuisinedebernard.com/preparo-mi-propio-chocolate-en-video-ponlo-en-practica,https://staging.lacuisinedebernard.com/preparo-mi-propio-chocolate-en-video-ponlo-en-practica
https://www.lacuisinedebernard.com/preparo-mi-propio-chocolate-en-video-ponlo-en-practica/,https://staging.lacuisinedebernard.com/preparo-mi-propio-chocolate-en-video-ponlo-en-practica
https://lacuisinedebernard.com/%d9%83%d8%b9%d9%83%d8%a9-%d9%85%d9%88%d8%b3%d9%84%d9%8a,https://staging.lacuisinedebernard.com/%d9%83%d8%b9%d9%83%d8%a9-%d9%85%d9%88%d8%b3%d9%84%d9%8a
https://lacuisinedebernard.com/%d9%83%d8%b9%d9%83%d8%a9-%d9%85%d9%88%d8%b3%d9%84%d9%8a/,https://staging.lacuisinedebernard.com/%d9%83%d8%b9%d9%83%d8%a9-%d9%85%d9%88%d8%b3%d9%84%d9%8a
https://www.lacuisinedebernard.com/%d9%83%d8%b9%d9%83%d8%a9-%d9%85%d9%88%d8%b3%d9%84%d9%8a,https://staging.lacuisinedebernard.com/%d9%83%d8%b9%d9%83%d8%a9-%d9%85%d9%88%d8%b3%d9%84%d9%8a
https://www.lacuisinedebernard.com/%d9%83%d8%b9%d9%83%d8%a9-%d9%85%d9%88%d8%b3%d9%84%d9%8a/,https://staging.lacuisinedebernard.com/%d9%83%d8%b9%d9%83%d8%a9-%d9%85%d9%88%d8%b3%d9%84%d9%8a
https://lacuisinedebernard.com/%d9%88%d8%b9%d8%a7%d8%a1-%d9%83%d8%b2%d8%a9,https://staging.lacuisinedebernard.com/%d9%88%d8%b9%d8%a7%d8%a1-%d9%83%d8%b2%d8%a9
https://lacuisinedebernard.com/%d9%88%d8%b9%d8%a7%d8%a1-%d9%83%d8%b2%d8%a9/,https://staging.lacuisinedebernard.com/%d9%88%d8%b9%d8%a7%d8%a1-%d9%83%d8%b2%d8%a9
https://www.lacuisinedebernard.com/%d9%88%d8%b9%d8%a7%d8%a1-%d9%83%d8%b2%d8%a9,https://staging.lacuisinedebernard.com/%d9%88%d8%b9%d8%a7%d8%a1-%d9%83%d8%b2%d8%a9
https://www.lacuisinedebernard.com/%d9%88%d8%b9%d8%a7%d8%a1-%d9%83%d8%b2%d8%a9/,https://staging.lacuisinedebernard.com/%d9%88%d8%b9%d8%a7%d8%a1-%d9%83%d8%b2%d8%a9
https://lacuisinedebernard.com/hago-mi-propio-chocolate-en-video-atemperar,https://staging.lacuisinedebernard.com/hago-mi-propio-chocolate-en-video-atemperar
https://lacuisinedebernard.com/hago-mi-propio-chocolate-en-video-atemperar/,https://staging.lacuisinedebernard.com/hago-mi-propio-chocolate-en-video-atemperar
https://www.lacuisinedebernard.com/hago-mi-propio-chocolate-en-video-atemperar,https://staging.lacuisinedebernard.com/hago-mi-propio-chocolate-en-video-atemperar
https://www.lacuisinedebernard.com/hago-mi-propio-chocolate-en-video-atemperar/,https://staging.lacuisinedebernard.com/hago-mi-propio-chocolate-en-video-atemperar
https://lacuisinedebernard.com/%d8%a3%d8%b5%d9%86%d8%b9-%d8%b4%d9%88%d9%83%d9%88%d9%84%d8%a7%d8%aa%d8%a9-%d9%85%d9%86%d8%b2%d9%84%d9%8a%d8%a9-%d8%a7%d9%84%d8%b5%d9%86%d8%b9-%d8%b9%d9%84%d9%89-%d8%a7%d9%84%d9%81%d9%8a%d8%af%d9%8a-3,https://staging.lacuisinedebernard.com/%d8%a3%d8%b5%d9%86%d8%b9-%d8%b4%d9%88%d9%83%d9%88%d9%84%d8%a7%d8%aa%d8%a9-%d9%85%d9%86%d8%b2%d9%84%d9%8a%d8%a9-%d8%a7%d9%84%d8%b5%d9%86%d8%b9-%d8%b9%d9%84%d9%89-%d8%a7%d9%84%d9%81%d9%8a%d8%af%d9%8a-3
https://lacuisinedebernard.com/%d8%a3%d8%b5%d9%86%d8%b9-%d8%b4%d9%88%d9%83%d9%88%d9%84%d8%a7%d8%aa%d8%a9-%d9%85%d9%86%d8%b2%d9%84%d9%8a%d8%a9-%d8%a7%d9%84%d8%b5%d9%86%d8%b9-%d8%b9%d9%84%d9%89-%d8%a7%d9%84%d9%81%d9%8a%d8%af%d9%8a-3/,https://staging.lacuisinedebernard.com/%d8%a3%d8%b5%d9%86%d8%b9-%d8%b4%d9%88%d9%83%d9%88%d9%84%d8%a7%d8%aa%d8%a9-%d9%85%d9%86%d8%b2%d9%84%d9%8a%d8%a9-%d8%a7%d9%84%d8%b5%d9%86%d8%b9-%d8%b9%d9%84%d9%89-%d8%a7%d9%84%d9%81%d9%8a%d8%af%d9%8a-3
https://www.lacuisinedebernard.com/%d8%a3%d8%b5%d9%86%d8%b9-%d8%b4%d9%88%d9%83%d9%88%d9%84%d8%a7%d8%aa%d8%a9-%d9%85%d9%86%d8%b2%d9%84%d9%8a%d8%a9-%d8%a7%d9%84%d8%b5%d9%86%d8%b9-%d8%b9%d9%84%d9%89-%d8%a7%d9%84%d9%81%d9%8a%d8%af%d9%8a-3,https://staging.lacuisinedebernard.com/%d8%a3%d8%b5%d9%86%d8%b9-%d8%b4%d9%88%d9%83%d9%88%d9%84%d8%a7%d8%aa%d8%a9-%d9%85%d9%86%d8%b2%d9%84%d9%8a%d8%a9-%d8%a7%d9%84%d8%b5%d9%86%d8%b9-%d8%b9%d9%84%d9%89-%d8%a7%d9%84%d9%81%d9%8a%d8%af%d9%8a-3
https://www.lacuisinedebernard.com/%d8%a3%d8%b5%d9%86%d8%b9-%d8%b4%d9%88%d9%83%d9%88%d9%84%d8%a7%d8%aa%d8%a9-%d9%85%d9%86%d8%b2%d9%84%d9%8a%d8%a9-%d8%a7%d9%84%d8%b5%d9%86%d8%b9-%d8%b9%d9%84%d9%89-%d8%a7%d9%84%d9%81%d9%8a%d8%af%d9%8a-3/,https://staging.lacuisinedebernard.com/%d8%a3%d8%b5%d9%86%d8%b9-%d8%b4%d9%88%d9%83%d9%88%d9%84%d8%a7%d8%aa%d8%a9-%d9%85%d9%86%d8%b2%d9%84%d9%8a%d8%a9-%d8%a7%d9%84%d8%b5%d9%86%d8%b9-%d8%b9%d9%84%d9%89-%d8%a7%d9%84%d9%81%d9%8a%d8%af%d9%8a-3
https://lacuisinedebernard.com/faco-o-meu-proprio-chocolate-em-video-ponha-o-em-pratica,https://staging.lacuisinedebernard.com/faco-o-meu-proprio-chocolate-em-video-ponha-o-em-pratica
https://lacuisinedebernard.com/faco-o-meu-proprio-chocolate-em-video-ponha-o-em-pratica/,https://staging.lacuisinedebernard.com/faco-o-meu-proprio-chocolate-em-video-ponha-o-em-pratica
https://www.lacuisinedebernard.com/faco-o-meu-proprio-chocolate-em-video-ponha-o-em-pratica,https://staging.lacuisinedebernard.com/faco-o-meu-proprio-chocolate-em-video-ponha-o-em-pratica
https://www.lacuisinedebernard.com/faco-o-meu-proprio-chocolate-em-video-ponha-o-em-pratica/,https://staging.lacuisinedebernard.com/faco-o-meu-proprio-chocolate-em-video-ponha-o-em-pratica
https://lacuisinedebernard.com/i-make-homemade-chocolate-in-video-conching-equipment-and-ingredients,https://staging.lacuisinedebernard.com/i-make-homemade-chocolate-in-video-conching-equipment-and-ingredients
https://lacuisinedebernard.com/i-make-homemade-chocolate-in-video-conching-equipment-and-ingredients/,https://staging.lacuisinedebernard.com/i-make-homemade-chocolate-in-video-conching-equipment-and-ingredients
https://www.lacuisinedebernard.com/i-make-homemade-chocolate-in-video-conching-equipment-and-ingredients,https://staging.lacuisinedebernard.com/i-make-homemade-chocolate-in-video-conching-equipment-and-ingredients
https://www.lacuisinedebernard.com/i-make-homemade-chocolate-in-video-conching-equipment-and-ingredients/,https://staging.lacuisinedebernard.com/i-make-homemade-chocolate-in-video-conching-equipment-and-ingredients
https://lacuisinedebernard.com/%d8%aa%d8%a7%d8%b1%d8%aa%d9%84%d9%8a%d8%aa-%d9%85%d8%b9-%d8%ad%d9%84%d9%8a%d8%a8-%d8%ac%d8%a7%d9%86%d8%a7%d8%b4-%d8%8c-%d8%a8%d8%b1%d8%a7%d9%84%d9%8a%d9%86-%d8%a8%d8%a7%d9%84%d8%a8%d9%86%d8%af%d9%82,https://staging.lacuisinedebernard.com/%d8%aa%d8%a7%d8%b1%d8%aa%d9%84%d9%8a%d8%aa-%d9%85%d8%b9-%d8%ad%d9%84%d9%8a%d8%a8-%d8%ac%d8%a7%d9%86%d8%a7%d8%b4-%d8%8c-%d8%a8%d8%b1%d8%a7%d9%84%d9%8a%d9%86-%d8%a8%d8%a7%d9%84%d8%a8%d9%86%d8%af%d9%82
https://lacuisinedebernard.com/%d8%aa%d8%a7%d8%b1%d8%aa%d9%84%d9%8a%d8%aa-%d9%85%d8%b9-%d8%ad%d9%84%d9%8a%d8%a8-%d8%ac%d8%a7%d9%86%d8%a7%d8%b4-%d8%8c-%d8%a8%d8%b1%d8%a7%d9%84%d9%8a%d9%86-%d8%a8%d8%a7%d9%84%d8%a8%d9%86%d8%af%d9%82/,https://staging.lacuisinedebernard.com/%d8%aa%d8%a7%d8%b1%d8%aa%d9%84%d9%8a%d8%aa-%d9%85%d8%b9-%d8%ad%d9%84%d9%8a%d8%a8-%d8%ac%d8%a7%d9%86%d8%a7%d8%b4-%d8%8c-%d8%a8%d8%b1%d8%a7%d9%84%d9%8a%d9%86-%d8%a8%d8%a7%d9%84%d8%a8%d9%86%d8%af%d9%82
https://www.lacuisinedebernard.com/%d8%aa%d8%a7%d8%b1%d8%aa%d9%84%d9%8a%d8%aa-%d9%85%d8%b9-%d8%ad%d9%84%d9%8a%d8%a8-%d8%ac%d8%a7%d9%86%d8%a7%d8%b4-%d8%8c-%d8%a8%d8%b1%d8%a7%d9%84%d9%8a%d9%86-%d8%a8%d8%a7%d9%84%d8%a8%d9%86%d8%af%d9%82,https://staging.lacuisinedebernard.com/%d8%aa%d8%a7%d8%b1%d8%aa%d9%84%d9%8a%d8%aa-%d9%85%d8%b9-%d8%ad%d9%84%d9%8a%d8%a8-%d8%ac%d8%a7%d9%86%d8%a7%d8%b4-%d8%8c-%d8%a8%d8%b1%d8%a7%d9%84%d9%8a%d9%86-%d8%a8%d8%a7%d9%84%d8%a8%d9%86%d8%af%d9%82
https://www.lacuisinedebernard.com/%d8%aa%d8%a7%d8%b1%d8%aa%d9%84%d9%8a%d8%aa-%d9%85%d8%b9-%d8%ad%d9%84%d9%8a%d8%a8-%d8%ac%d8%a7%d9%86%d8%a7%d8%b4-%d8%8c-%d8%a8%d8%b1%d8%a7%d9%84%d9%8a%d9%86-%d8%a8%d8%a7%d9%84%d8%a8%d9%86%d8%af%d9%82/,https://staging.lacuisinedebernard.com/%d8%aa%d8%a7%d8%b1%d8%aa%d9%84%d9%8a%d8%aa-%d9%85%d8%b9-%d8%ad%d9%84%d9%8a%d8%a8-%d8%ac%d8%a7%d9%86%d8%a7%d8%b4-%d8%8c-%d8%a8%d8%b1%d8%a7%d9%84%d9%8a%d9%86-%d8%a8%d8%a7%d9%84%d8%a8%d9%86%d8%af%d9%82
https://lacuisinedebernard.com/%d8%b3%d8%a7%d9%82-%d8%a7%d9%84%d8%ae%d8%b1%d9%88%d9%81-%d9%85%d8%b9-%d8%a7%d9%84%d9%81%d8%a7%d8%b5%d9%88%d9%84%d9%8a%d8%a7-%d9%88%d8%a7%d9%84%d8%b9%d8%b3%d9%84-%d9%88%d8%a5%d9%83%d9%84%d9%8a%d9%84,https://staging.lacuisinedebernard.com/%d8%b3%d8%a7%d9%82-%d8%a7%d9%84%d8%ae%d8%b1%d9%88%d9%81-%d9%85%d8%b9-%d8%a7%d9%84%d9%81%d8%a7%d8%b5%d9%88%d9%84%d9%8a%d8%a7-%d9%88%d8%a7%d9%84%d8%b9%d8%b3%d9%84-%d9%88%d8%a5%d9%83%d9%84%d9%8a%d9%84
https://lacuisinedebernard.com/%d8%b3%d8%a7%d9%82-%d8%a7%d9%84%d8%ae%d8%b1%d9%88%d9%81-%d9%85%d8%b9-%d8%a7%d9%84%d9%81%d8%a7%d8%b5%d9%88%d9%84%d9%8a%d8%a7-%d9%88%d8%a7%d9%84%d8%b9%d8%b3%d9%84-%d9%88%d8%a5%d9%83%d9%84%d9%8a%d9%84/,https://staging.lacuisinedebernard.com/%d8%b3%d8%a7%d9%82-%d8%a7%d9%84%d8%ae%d8%b1%d9%88%d9%81-%d9%85%d8%b9-%d8%a7%d9%84%d9%81%d8%a7%d8%b5%d9%88%d9%84%d9%8a%d8%a7-%d9%88%d8%a7%d9%84%d8%b9%d8%b3%d9%84-%d9%88%d8%a5%d9%83%d9%84%d9%8a%d9%84
https://www.lacuisinedebernard.com/%d8%b3%d8%a7%d9%82-%d8%a7%d9%84%d8%ae%d8%b1%d9%88%d9%81-%d9%85%d8%b9-%d8%a7%d9%84%d9%81%d8%a7%d8%b5%d9%88%d9%84%d9%8a%d8%a7-%d9%88%d8%a7%d9%84%d8%b9%d8%b3%d9%84-%d9%88%d8%a5%d9%83%d9%84%d9%8a%d9%84,https://staging.lacuisinedebernard.com/%d8%b3%d8%a7%d9%82-%d8%a7%d9%84%d8%ae%d8%b1%d9%88%d9%81-%d9%85%d8%b9-%d8%a7%d9%84%d9%81%d8%a7%d8%b5%d9%88%d9%84%d9%8a%d8%a7-%d9%88%d8%a7%d9%84%d8%b9%d8%b3%d9%84-%d9%88%d8%a5%d9%83%d9%84%d9%8a%d9%84
https://www.lacuisinedebernard.com/%d8%b3%d8%a7%d9%82-%d8%a7%d9%84%d8%ae%d8%b1%d9%88%d9%81-%d9%85%d8%b9-%d8%a7%d9%84%d9%81%d8%a7%d8%b5%d9%88%d9%84%d9%8a%d8%a7-%d9%88%d8%a7%d9%84%d8%b9%d8%b3%d9%84-%d9%88%d8%a5%d9%83%d9%84%d9%8a%d9%84/,https://staging.lacuisinedebernard.com/%d8%b3%d8%a7%d9%82-%d8%a7%d9%84%d8%ae%d8%b1%d9%88%d9%81-%d9%85%d8%b9-%d8%a7%d9%84%d9%81%d8%a7%d8%b5%d9%88%d9%84%d9%8a%d8%a7-%d9%88%d8%a7%d9%84%d8%b9%d8%b3%d9%84-%d9%88%d8%a5%d9%83%d9%84%d9%8a%d9%84
https://lacuisinedebernard.com/%d8%b3%d9%84%d8%b7%d8%a9-%d8%a7%d9%84%d8%a8%d8%b7%d8%a7%d8%b7%d8%b3-%d8%a7%d9%84%d9%85%d8%a8%d9%83%d8%b1%d8%a9-%d9%85%d8%b9-%d8%ac%d8%a8%d9%86-%d8%a7%d9%84%d9%85%d8%a7%d8%b9%d8%b2-%d9%88%d8%a7%d9%84,https://staging.lacuisinedebernard.com/%d8%b3%d9%84%d8%b7%d8%a9-%d8%a7%d9%84%d8%a8%d8%b7%d8%a7%d8%b7%d8%b3-%d8%a7%d9%84%d9%85%d8%a8%d9%83%d8%b1%d8%a9-%d9%85%d8%b9-%d8%ac%d8%a8%d9%86-%d8%a7%d9%84%d9%85%d8%a7%d8%b9%d8%b2-%d9%88%d8%a7%d9%84
https://lacuisinedebernard.com/%d8%b3%d9%84%d8%b7%d8%a9-%d8%a7%d9%84%d8%a8%d8%b7%d8%a7%d8%b7%d8%b3-%d8%a7%d9%84%d9%85%d8%a8%d9%83%d8%b1%d8%a9-%d9%85%d8%b9-%d8%ac%d8%a8%d9%86-%d8%a7%d9%84%d9%85%d8%a7%d8%b9%d8%b2-%d9%88%d8%a7%d9%84/,https://staging.lacuisinedebernard.com/%d8%b3%d9%84%d8%b7%d8%a9-%d8%a7%d9%84%d8%a8%d8%b7%d8%a7%d8%b7%d8%b3-%d8%a7%d9%84%d9%85%d8%a8%d9%83%d8%b1%d8%a9-%d9%85%d8%b9-%d8%ac%d8%a8%d9%86-%d8%a7%d9%84%d9%85%d8%a7%d8%b9%d8%b2-%d9%88%d8%a7%d9%84
https://www.lacuisinedebernard.com/%d8%b3%d9%84%d8%b7%d8%a9-%d8%a7%d9%84%d8%a8%d8%b7%d8%a7%d8%b7%d8%b3-%d8%a7%d9%84%d9%85%d8%a8%d9%83%d8%b1%d8%a9-%d9%85%d8%b9-%d8%ac%d8%a8%d9%86-%d8%a7%d9%84%d9%85%d8%a7%d8%b9%d8%b2-%d9%88%d8%a7%d9%84,https://staging.lacuisinedebernard.com/%d8%b3%d9%84%d8%b7%d8%a9-%d8%a7%d9%84%d8%a8%d8%b7%d8%a7%d8%b7%d8%b3-%d8%a7%d9%84%d9%85%d8%a8%d9%83%d8%b1%d8%a9-%d9%85%d8%b9-%d8%ac%d8%a8%d9%86-%d8%a7%d9%84%d9%85%d8%a7%d8%b9%d8%b2-%d9%88%d8%a7%d9%84
https://www.lacuisinedebernard.com/%d8%b3%d9%84%d8%b7%d8%a9-%d8%a7%d9%84%d8%a8%d8%b7%d8%a7%d8%b7%d8%b3-%d8%a7%d9%84%d9%85%d8%a8%d9%83%d8%b1%d8%a9-%d9%85%d8%b9-%d8%ac%d8%a8%d9%86-%d8%a7%d9%84%d9%85%d8%a7%d8%b9%d8%b2-%d9%88%d8%a7%d9%84/,https://staging.lacuisinedebernard.com/%d8%b3%d9%84%d8%b7%d8%a9-%d8%a7%d9%84%d8%a8%d8%b7%d8%a7%d8%b7%d8%b3-%d8%a7%d9%84%d9%85%d8%a8%d9%83%d8%b1%d8%a9-%d9%85%d8%b9-%d8%ac%d8%a8%d9%86-%d8%a7%d9%84%d9%85%d8%a7%d8%b9%d8%b2-%d9%88%d8%a7%d9%84
https://lacuisinedebernard.com/%d9%85%d8%a7%d9%83%d9%8a-%d8%a7%d9%84%d8%b3%d9%84%d9%85%d9%88%d9%86-%d9%88%d8%a7%d9%84%d9%81%d9%84%d9%81%d9%84-%d9%88%d8%a7%d9%84%d8%a3%d9%81%d9%88%d9%83%d8%a7%d8%af%d9%88,https://staging.lacuisinedebernard.com/%d9%85%d8%a7%d9%83%d9%8a-%d8%a7%d9%84%d8%b3%d9%84%d9%85%d9%88%d9%86-%d9%88%d8%a7%d9%84%d9%81%d9%84%d9%81%d9%84-%d9%88%d8%a7%d9%84%d8%a3%d9%81%d9%88%d9%83%d8%a7%d8%af%d9%88
https://lacuisinedebernard.com/%d9%85%d8%a7%d9%83%d9%8a-%d8%a7%d9%84%d8%b3%d9%84%d9%85%d9%88%d9%86-%d9%88%d8%a7%d9%84%d9%81%d9%84%d9%81%d9%84-%d9%88%d8%a7%d9%84%d8%a3%d9%81%d9%88%d9%83%d8%a7%d8%af%d9%88/,https://staging.lacuisinedebernard.com/%d9%85%d8%a7%d9%83%d9%8a-%d8%a7%d9%84%d8%b3%d9%84%d9%85%d9%88%d9%86-%d9%88%d8%a7%d9%84%d9%81%d9%84%d9%81%d9%84-%d9%88%d8%a7%d9%84%d8%a3%d9%81%d9%88%d9%83%d8%a7%d8%af%d9%88
https://www.lacuisinedebernard.com/%d9%85%d8%a7%d9%83%d9%8a-%d8%a7%d9%84%d8%b3%d9%84%d9%85%d9%88%d9%86-%d9%88%d8%a7%d9%84%d9%81%d9%84%d9%81%d9%84-%d9%88%d8%a7%d9%84%d8%a3%d9%81%d9%88%d9%83%d8%a7%d8%af%d9%88,https://staging.lacuisinedebernard.com/%d9%85%d8%a7%d9%83%d9%8a-%d8%a7%d9%84%d8%b3%d9%84%d9%85%d9%88%d9%86-%d9%88%d8%a7%d9%84%d9%81%d9%84%d9%81%d9%84-%d9%88%d8%a7%d9%84%d8%a3%d9%81%d9%88%d9%83%d8%a7%d8%af%d9%88
https://www.lacuisinedebernard.com/%d9%85%d8%a7%d9%83%d9%8a-%d8%a7%d9%84%d8%b3%d9%84%d9%85%d9%88%d9%86-%d9%88%d8%a7%d9%84%d9%81%d9%84%d9%81%d9%84-%d9%88%d8%a7%d9%84%d8%a3%d9%81%d9%88%d9%83%d8%a7%d8%af%d9%88/,https://staging.lacuisinedebernard.com/%d9%85%d8%a7%d9%83%d9%8a-%d8%a7%d9%84%d8%b3%d9%84%d9%85%d9%88%d9%86-%d9%88%d8%a7%d9%84%d9%81%d9%84%d9%81%d9%84-%d9%88%d8%a7%d9%84%d8%a3%d9%81%d9%88%d9%83%d8%a7%d8%af%d9%88
https://lacuisinedebernard.com/braised-and-caramelized-lotus-roots,https://staging.lacuisinedebernard.com/braised-and-caramelized-lotus-roots
https://lacuisinedebernard.com/braised-and-caramelized-lotus-roots/,https://staging.lacuisinedebernard.com/braised-and-caramelized-lotus-roots
https://www.lacuisinedebernard.com/braised-and-caramelized-lotus-roots,https://staging.lacuisinedebernard.com/braised-and-caramelized-lotus-roots
https://www.lacuisinedebernard.com/braised-and-caramelized-lotus-roots/,https://staging.lacuisinedebernard.com/braised-and-caramelized-lotus-roots
https://lacuisinedebernard.com/%d8%b1%d9%82%d8%a7%d8%a6%d9%82-%d9%83%d8%a7%d9%84%d9%8a,https://staging.lacuisinedebernard.com/%d8%b1%d9%82%d8%a7%d8%a6%d9%82-%d9%83%d8%a7%d9%84%d9%8a
https://lacuisinedebernard.com/%d8%b1%d9%82%d8%a7%d8%a6%d9%82-%d9%83%d8%a7%d9%84%d9%8a/,https://staging.lacuisinedebernard.com/%d8%b1%d9%82%d8%a7%d8%a6%d9%82-%d9%83%d8%a7%d9%84%d9%8a
https://www.lacuisinedebernard.com/%d8%b1%d9%82%d8%a7%d8%a6%d9%82-%d9%83%d8%a7%d9%84%d9%8a,https://staging.lacuisinedebernard.com/%d8%b1%d9%82%d8%a7%d8%a6%d9%82-%d9%83%d8%a7%d9%84%d9%8a
https://www.lacuisinedebernard.com/%d8%b1%d9%82%d8%a7%d8%a6%d9%82-%d9%83%d8%a7%d9%84%d9%8a/,https://staging.lacuisinedebernard.com/%d8%b1%d9%82%d8%a7%d8%a6%d9%82-%d9%83%d8%a7%d9%84%d9%8a
https://lacuisinedebernard.com/faco-o-meu-proprio-chocolate-em-video-temperar,https://staging.lacuisinedebernard.com/faco-o-meu-proprio-chocolate-em-video-temperar
https://lacuisinedebernard.com/faco-o-meu-proprio-chocolate-em-video-temperar/,https://staging.lacuisinedebernard.com/faco-o-meu-proprio-chocolate-em-video-temperar
https://www.lacuisinedebernard.com/faco-o-meu-proprio-chocolate-em-video-temperar,https://staging.lacuisinedebernard.com/faco-o-meu-proprio-chocolate-em-video-temperar
https://www.lacuisinedebernard.com/faco-o-meu-proprio-chocolate-em-video-temperar/,https://staging.lacuisinedebernard.com/faco-o-meu-proprio-chocolate-em-video-temperar
https://lacuisinedebernard.com/hago-mi-propio-chocolate-en-video-tostado,https://staging.lacuisinedebernard.com/hago-mi-propio-chocolate-en-video-tostado
https://lacuisinedebernard.com/hago-mi-propio-chocolate-en-video-tostado/,https://staging.lacuisinedebernard.com/hago-mi-propio-chocolate-en-video-tostado
https://www.lacuisinedebernard.com/hago-mi-propio-chocolate-en-video-tostado,https://staging.lacuisinedebernard.com/hago-mi-propio-chocolate-en-video-tostado
https://www.lacuisinedebernard.com/hago-mi-propio-chocolate-en-video-tostado/,https://staging.lacuisinedebernard.com/hago-mi-propio-chocolate-en-video-tostado
https://lacuisinedebernard.com/%d8%a3%d8%b5%d9%86%d8%b9-%d8%b4%d9%88%d9%83%d9%88%d9%84%d8%a7%d8%aa%d8%a9-%d9%85%d9%86%d8%b2%d9%84%d9%8a%d8%a9-%d8%a7%d9%84%d8%b5%d9%86%d8%b9-%d8%b9%d9%84%d9%89-%d8%a7%d9%84%d9%81%d9%8a%d8%af%d9%8a-2,https://staging.lacuisinedebernard.com/%d8%a3%d8%b5%d9%86%d8%b9-%d8%b4%d9%88%d9%83%d9%88%d9%84%d8%a7%d8%aa%d8%a9-%d9%85%d9%86%d8%b2%d9%84%d9%8a%d8%a9-%d8%a7%d9%84%d8%b5%d9%86%d8%b9-%d8%b9%d9%84%d9%89-%d8%a7%d9%84%d9%81%d9%8a%d8%af%d9%8a-2
https://lacuisinedebernard.com/%d8%a3%d8%b5%d9%86%d8%b9-%d8%b4%d9%88%d9%83%d9%88%d9%84%d8%a7%d8%aa%d8%a9-%d9%85%d9%86%d8%b2%d9%84%d9%8a%d8%a9-%d8%a7%d9%84%d8%b5%d9%86%d8%b9-%d8%b9%d9%84%d9%89-%d8%a7%d9%84%d9%81%d9%8a%d8%af%d9%8a-2/,https://staging.lacuisinedebernard.com/%d8%a3%d8%b5%d9%86%d8%b9-%d8%b4%d9%88%d9%83%d9%88%d9%84%d8%a7%d8%aa%d8%a9-%d9%85%d9%86%d8%b2%d9%84%d9%8a%d8%a9-%d8%a7%d9%84%d8%b5%d9%86%d8%b9-%d8%b9%d9%84%d9%89-%d8%a7%d9%84%d9%81%d9%8a%d8%af%d9%8a-2
https://www.lacuisinedebernard.com/%d8%a3%d8%b5%d9%86%d8%b9-%d8%b4%d9%88%d9%83%d9%88%d9%84%d8%a7%d8%aa%d8%a9-%d9%85%d9%86%d8%b2%d9%84%d9%8a%d8%a9-%d8%a7%d9%84%d8%b5%d9%86%d8%b9-%d8%b9%d9%84%d9%89-%d8%a7%d9%84%d9%81%d9%8a%d8%af%d9%8a-2,https://staging.lacuisinedebernard.com/%d8%a3%d8%b5%d9%86%d8%b9-%d8%b4%d9%88%d9%83%d9%88%d9%84%d8%a7%d8%aa%d8%a9-%d9%85%d9%86%d8%b2%d9%84%d9%8a%d8%a9-%d8%a7%d9%84%d8%b5%d9%86%d8%b9-%d8%b9%d9%84%d9%89-%d8%a7%d9%84%d9%81%d9%8a%d8%af%d9%8a-2
https://www.lacuisinedebernard.com/%d8%a3%d8%b5%d9%86%d8%b9-%d8%b4%d9%88%d9%83%d9%88%d9%84%d8%a7%d8%aa%d8%a9-%d9%85%d9%86%d8%b2%d9%84%d9%8a%d8%a9-%d8%a7%d9%84%d8%b5%d9%86%d8%b9-%d8%b9%d9%84%d9%89-%d8%a7%d9%84%d9%81%d9%8a%d8%af%d9%8a-2/,https://staging.lacuisinedebernard.com/%d8%a3%d8%b5%d9%86%d8%b9-%d8%b4%d9%88%d9%83%d9%88%d9%84%d8%a7%d8%aa%d8%a9-%d9%85%d9%86%d8%b2%d9%84%d9%8a%d8%a9-%d8%a7%d9%84%d8%b5%d9%86%d8%b9-%d8%b9%d9%84%d9%89-%d8%a7%d9%84%d9%81%d9%8a%d8%af%d9%8a-2
https://lacuisinedebernard.com/i-make-my-own-chocolate-on-video-put-it-into-practice,https://staging.lacuisinedebernard.com/i-make-my-own-chocolate-on-video-put-it-into-practice
https://lacuisinedebernard.com/i-make-my-own-chocolate-on-video-put-it-into-practice/,https://staging.lacuisinedebernard.com/i-make-my-own-chocolate-on-video-put-it-into-practice
https://www.lacuisinedebernard.com/i-make-my-own-chocolate-on-video-put-it-into-practice,https://staging.lacuisinedebernard.com/i-make-my-own-chocolate-on-video-put-it-into-practice
https://www.lacuisinedebernard.com/i-make-my-own-chocolate-on-video-put-it-into-practice/,https://staging.lacuisinedebernard.com/i-make-my-own-chocolate-on-video-put-it-into-practice
https://lacuisinedebernard.com/i-make-my-own-chocolate-in-video-tempering,https://staging.lacuisinedebernard.com/i-make-my-own-chocolate-in-video-tempering
https://lacuisinedebernard.com/i-make-my-own-chocolate-in-video-tempering/,https://staging.lacuisinedebernard.com/i-make-my-own-chocolate-in-video-tempering
https://www.lacuisinedebernard.com/i-make-my-own-chocolate-in-video-tempering,https://staging.lacuisinedebernard.com/i-make-my-own-chocolate-in-video-tempering
https://www.lacuisinedebernard.com/i-make-my-own-chocolate-in-video-tempering/,https://staging.lacuisinedebernard.com/i-make-my-own-chocolate-in-video-tempering
https://lacuisinedebernard.com/%d8%a8%d8%b7%d8%a7%d8%b7%d8%b3-%d9%85%d8%a8%d9%83%d8%b1%d8%a9-%d8%b9%d9%84%d9%89-%d8%a7%d9%84%d8%b7%d8%b1%d9%8a%d9%82%d8%a9-%d8%a7%d9%84%d9%83%d9%88%d8%b1%d9%8a%d8%a9-%d8%ad%d8%a7%d8%b1%d8%a9-%d9%88,https://staging.lacuisinedebernard.com/%d8%a8%d8%b7%d8%a7%d8%b7%d8%b3-%d9%85%d8%a8%d9%83%d8%b1%d8%a9-%d8%b9%d9%84%d9%89-%d8%a7%d9%84%d8%b7%d8%b1%d9%8a%d9%82%d8%a9-%d8%a7%d9%84%d9%83%d9%88%d8%b1%d9%8a%d8%a9-%d8%ad%d8%a7%d8%b1%d8%a9-%d9%88
https://lacuisinedebernard.com/%d8%a8%d8%b7%d8%a7%d8%b7%d8%b3-%d9%85%d8%a8%d9%83%d8%b1%d8%a9-%d8%b9%d9%84%d9%89-%d8%a7%d9%84%d8%b7%d8%b1%d9%8a%d9%82%d8%a9-%d8%a7%d9%84%d9%83%d9%88%d8%b1%d9%8a%d8%a9-%d8%ad%d8%a7%d8%b1%d8%a9-%d9%88/,https://staging.lacuisinedebernard.com/%d8%a8%d8%b7%d8%a7%d8%b7%d8%b3-%d9%85%d8%a8%d9%83%d8%b1%d8%a9-%d8%b9%d9%84%d9%89-%d8%a7%d9%84%d8%b7%d8%b1%d9%8a%d9%82%d8%a9-%d8%a7%d9%84%d9%83%d9%88%d8%b1%d9%8a%d8%a9-%d8%ad%d8%a7%d8%b1%d8%a9-%d9%88
https://www.lacuisinedebernard.com/%d8%a8%d8%b7%d8%a7%d8%b7%d8%b3-%d9%85%d8%a8%d9%83%d8%b1%d8%a9-%d8%b9%d9%84%d9%89-%d8%a7%d9%84%d8%b7%d8%b1%d9%8a%d9%82%d8%a9-%d8%a7%d9%84%d9%83%d9%88%d8%b1%d9%8a%d8%a9-%d8%ad%d8%a7%d8%b1%d8%a9-%d9%88,https://staging.lacuisinedebernard.com/%d8%a8%d8%b7%d8%a7%d8%b7%d8%b3-%d9%85%d8%a8%d9%83%d8%b1%d8%a9-%d8%b9%d9%84%d9%89-%d8%a7%d9%84%d8%b7%d8%b1%d9%8a%d9%82%d8%a9-%d8%a7%d9%84%d9%83%d9%88%d8%b1%d9%8a%d8%a9-%d8%ad%d8%a7%d8%b1%d8%a9-%d9%88
https://www.lacuisinedebernard.com/%d8%a8%d8%b7%d8%a7%d8%b7%d8%b3-%d9%85%d8%a8%d9%83%d8%b1%d8%a9-%d8%b9%d9%84%d9%89-%d8%a7%d9%84%d8%b7%d8%b1%d9%8a%d9%82%d8%a9-%d8%a7%d9%84%d9%83%d9%88%d8%b1%d9%8a%d8%a9-%d8%ad%d8%a7%d8%b1%d8%a9-%d9%88/,https://staging.lacuisinedebernard.com/%d8%a8%d8%b7%d8%a7%d8%b7%d8%b3-%d9%85%d8%a8%d9%83%d8%b1%d8%a9-%d8%b9%d9%84%d9%89-%d8%a7%d9%84%d8%b7%d8%b1%d9%8a%d9%82%d8%a9-%d8%a7%d9%84%d9%83%d9%88%d8%b1%d9%8a%d8%a9-%d8%ad%d8%a7%d8%b1%d8%a9-%d9%88
https://lacuisinedebernard.com/%d9%83%d8%b9%d9%83%d8%a9-%d8%a7%d9%84%d8%b4%d9%88%d9%83%d9%88%d9%84%d8%a7%d8%aa%d8%a9-%d8%a7%d9%84%d9%85%d8%b2%d8%af%d9%88%d8%ac%d8%a9,https://staging.lacuisinedebernard.com/%d9%83%d8%b9%d9%83%d8%a9-%d8%a7%d9%84%d8%b4%d9%88%d9%83%d9%88%d9%84%d8%a7%d8%aa%d8%a9-%d8%a7%d9%84%d9%85%d8%b2%d8%af%d9%88%d8%ac%d8%a9
https://lacuisinedebernard.com/%d9%83%d8%b9%d9%83%d8%a9-%d8%a7%d9%84%d8%b4%d9%88%d9%83%d9%88%d9%84%d8%a7%d8%aa%d8%a9-%d8%a7%d9%84%d9%85%d8%b2%d8%af%d9%88%d8%ac%d8%a9/,https://staging.lacuisinedebernard.com/%d9%83%d8%b9%d9%83%d8%a9-%d8%a7%d9%84%d8%b4%d9%88%d9%83%d9%88%d9%84%d8%a7%d8%aa%d8%a9-%d8%a7%d9%84%d9%85%d8%b2%d8%af%d9%88%d8%ac%d8%a9
https://www.lacuisinedebernard.com/%d9%83%d8%b9%d9%83%d8%a9-%d8%a7%d9%84%d8%b4%d9%88%d9%83%d9%88%d9%84%d8%a7%d8%aa%d8%a9-%d8%a7%d9%84%d9%85%d8%b2%d8%af%d9%88%d8%ac%d8%a9,https://staging.lacuisinedebernard.com/%d9%83%d8%b9%d9%83%d8%a9-%d8%a7%d9%84%d8%b4%d9%88%d9%83%d9%88%d9%84%d8%a7%d8%aa%d8%a9-%d8%a7%d9%84%d9%85%d8%b2%d8%af%d9%88%d8%ac%d8%a9
https://www.lacuisinedebernard.com/%d9%83%d8%b9%d9%83%d8%a9-%d8%a7%d9%84%d8%b4%d9%88%d9%83%d9%88%d9%84%d8%a7%d8%aa%d8%a9-%d8%a7%d9%84%d9%85%d8%b2%d8%af%d9%88%d8%ac%d8%a9/,https://staging.lacuisinedebernard.com/%d9%83%d8%b9%d9%83%d8%a9-%d8%a7%d9%84%d8%b4%d9%88%d9%83%d9%88%d9%84%d8%a7%d8%aa%d8%a9-%d8%a7%d9%84%d9%85%d8%b2%d8%af%d9%88%d8%ac%d8%a9
https://lacuisinedebernard.com/%d8%ac%d8%b0%d9%88%d8%b1-%d8%a7%d9%84%d9%84%d9%88%d8%aa%d8%b3-%d9%85%d8%b7%d9%87%d9%88-%d8%a8%d8%a8%d8%b7%d8%a1-%d9%88%d9%85%d9%83%d8%b1%d9%85%d9%84,https://staging.lacuisinedebernard.com/%d8%ac%d8%b0%d9%88%d8%b1-%d8%a7%d9%84%d9%84%d9%88%d8%aa%d8%b3-%d9%85%d8%b7%d9%87%d9%88-%d8%a8%d8%a8%d8%b7%d8%a1-%d9%88%d9%85%d9%83%d8%b1%d9%85%d9%84
https://lacuisinedebernard.com/%d8%ac%d8%b0%d9%88%d8%b1-%d8%a7%d9%84%d9%84%d9%88%d8%aa%d8%b3-%d9%85%d8%b7%d9%87%d9%88-%d8%a8%d8%a8%d8%b7%d8%a1-%d9%88%d9%85%d9%83%d8%b1%d9%85%d9%84/,https://staging.lacuisinedebernard.com/%d8%ac%d8%b0%d9%88%d8%b1-%d8%a7%d9%84%d9%84%d9%88%d8%aa%d8%b3-%d9%85%d8%b7%d9%87%d9%88-%d8%a8%d8%a8%d8%b7%d8%a1-%d9%88%d9%85%d9%83%d8%b1%d9%85%d9%84
https://www.lacuisinedebernard.com/%d8%ac%d8%b0%d9%88%d8%b1-%d8%a7%d9%84%d9%84%d9%88%d8%aa%d8%b3-%d9%85%d8%b7%d9%87%d9%88-%d8%a8%d8%a8%d8%b7%d8%a1-%d9%88%d9%85%d9%83%d8%b1%d9%85%d9%84,https://staging.lacuisinedebernard.com/%d8%ac%d8%b0%d9%88%d8%b1-%d8%a7%d9%84%d9%84%d9%88%d8%aa%d8%b3-%d9%85%d8%b7%d9%87%d9%88-%d8%a8%d8%a8%d8%b7%d8%a1-%d9%88%d9%85%d9%83%d8%b1%d9%85%d9%84
https://www.lacuisinedebernard.com/%d8%ac%d8%b0%d9%88%d8%b1-%d8%a7%d9%84%d9%84%d9%88%d8%aa%d8%b3-%d9%85%d8%b7%d9%87%d9%88-%d8%a8%d8%a8%d8%b7%d8%a1-%d9%88%d9%85%d9%83%d8%b1%d9%85%d9%84/,https://staging.lacuisinedebernard.com/%d8%ac%d8%b0%d9%88%d8%b1-%d8%a7%d9%84%d9%84%d9%88%d8%aa%d8%b3-%d9%85%d8%b7%d9%87%d9%88-%d8%a8%d8%a8%d8%b7%d8%a1-%d9%88%d9%85%d9%83%d8%b1%d9%85%d9%84
https://lacuisinedebernard.com/%d8%a3%d8%b5%d9%86%d8%b9-%d8%b4%d9%88%d9%83%d9%88%d9%84%d8%a7%d8%aa%d8%a9-%d9%85%d9%86%d8%b2%d9%84%d9%8a%d8%a9-%d8%a7%d9%84%d8%b5%d9%86%d8%b9-%d8%b9%d9%84%d9%89-%d8%a7%d9%84%d9%81%d9%8a%d8%af%d9%8a,https://staging.lacuisinedebernard.com/%d8%a3%d8%b5%d9%86%d8%b9-%d8%b4%d9%88%d9%83%d9%88%d9%84%d8%a7%d8%aa%d8%a9-%d9%85%d9%86%d8%b2%d9%84%d9%8a%d8%a9-%d8%a7%d9%84%d8%b5%d9%86%d8%b9-%d8%b9%d9%84%d9%89-%d8%a7%d9%84%d9%81%d9%8a%d8%af%d9%8a
https://lacuisinedebernard.com/%d8%a3%d8%b5%d9%86%d8%b9-%d8%b4%d9%88%d9%83%d9%88%d9%84%d8%a7%d8%aa%d8%a9-%d9%85%d9%86%d8%b2%d9%84%d9%8a%d8%a9-%d8%a7%d9%84%d8%b5%d9%86%d8%b9-%d8%b9%d9%84%d9%89-%d8%a7%d9%84%d9%81%d9%8a%d8%af%d9%8a/,https://staging.lacuisinedebernard.com/%d8%a3%d8%b5%d9%86%d8%b9-%d8%b4%d9%88%d9%83%d9%88%d9%84%d8%a7%d8%aa%d8%a9-%d9%85%d9%86%d8%b2%d9%84%d9%8a%d8%a9-%d8%a7%d9%84%d8%b5%d9%86%d8%b9-%d8%b9%d9%84%d9%89-%d8%a7%d9%84%d9%81%d9%8a%d8%af%d9%8a
https://www.lacuisinedebernard.com/%d8%a3%d8%b5%d9%86%d8%b9-%d8%b4%d9%88%d9%83%d9%88%d9%84%d8%a7%d8%aa%d8%a9-%d9%85%d9%86%d8%b2%d9%84%d9%8a%d8%a9-%d8%a7%d9%84%d8%b5%d9%86%d8%b9-%d8%b9%d9%84%d9%89-%d8%a7%d9%84%d9%81%d9%8a%d8%af%d9%8a,https://staging.lacuisinedebernard.com/%d8%a3%d8%b5%d9%86%d8%b9-%d8%b4%d9%88%d9%83%d9%88%d9%84%d8%a7%d8%aa%d8%a9-%d9%85%d9%86%d8%b2%d9%84%d9%8a%d8%a9-%d8%a7%d9%84%d8%b5%d9%86%d8%b9-%d8%b9%d9%84%d9%89-%d8%a7%d9%84%d9%81%d9%8a%d8%af%d9%8a
https://www.lacuisinedebernard.com/%d8%a3%d8%b5%d9%86%d8%b9-%d8%b4%d9%88%d9%83%d9%88%d9%84%d8%a7%d8%aa%d8%a9-%d9%85%d9%86%d8%b2%d9%84%d9%8a%d8%a9-%d8%a7%d9%84%d8%b5%d9%86%d8%b9-%d8%b9%d9%84%d9%89-%d8%a7%d9%84%d9%81%d9%8a%d8%af%d9%8a/,https://staging.lacuisinedebernard.com/%d8%a3%d8%b5%d9%86%d8%b9-%d8%b4%d9%88%d9%83%d9%88%d9%84%d8%a7%d8%aa%d8%a9-%d9%85%d9%86%d8%b2%d9%84%d9%8a%d8%a9-%d8%a7%d9%84%d8%b5%d9%86%d8%b9-%d8%b9%d9%84%d9%89-%d8%a7%d9%84%d9%81%d9%8a%d8%af%d9%8a
https://lacuisinedebernard.com/faco-o-meu-proprio-chocolate-em-video-assar,https://staging.lacuisinedebernard.com/faco-o-meu-proprio-chocolate-em-video-assar
https://lacuisinedebernard.com/faco-o-meu-proprio-chocolate-em-video-assar/,https://staging.lacuisinedebernard.com/faco-o-meu-proprio-chocolate-em-video-assar
https://www.lacuisinedebernard.com/faco-o-meu-proprio-chocolate-em-video-assar,https://staging.lacuisinedebernard.com/faco-o-meu-proprio-chocolate-em-video-assar
https://www.lacuisinedebernard.com/faco-o-meu-proprio-chocolate-em-video-assar/,https://staging.lacuisinedebernard.com/faco-o-meu-proprio-chocolate-em-video-assar
https://lacuisinedebernard.com/tarta-de-muesli,https://staging.lacuisinedebernard.com/tarta-de-muesli
https://lacuisinedebernard.com/tarta-de-muesli/,https://staging.lacuisinedebernard.com/tarta-de-muesli
https://www.lacuisinedebernard.com/tarta-de-muesli,https://staging.lacuisinedebernard.com/tarta-de-muesli
https://www.lacuisinedebernard.com/tarta-de-muesli/,https://staging.lacuisinedebernard.com/tarta-de-muesli
https://lacuisinedebernard.com/hago-mi-propio-chocolate-en-video-aplastante,https://staging.lacuisinedebernard.com/hago-mi-propio-chocolate-en-video-aplastante
https://lacuisinedebernard.com/hago-mi-propio-chocolate-en-video-aplastante/,https://staging.lacuisinedebernard.com/hago-mi-propio-chocolate-en-video-aplastante
https://www.lacuisinedebernard.com/hago-mi-propio-chocolate-en-video-aplastante,https://staging.lacuisinedebernard.com/hago-mi-propio-chocolate-en-video-aplastante
https://www.lacuisinedebernard.com/hago-mi-propio-chocolate-en-video-aplastante/,https://staging.lacuisinedebernard.com/hago-mi-propio-chocolate-en-video-aplastante
https://lacuisinedebernard.com/gimbap-con-tortilla-y-pollo,https://staging.lacuisinedebernard.com/gimbap-con-tortilla-y-pollo
https://lacuisinedebernard.com/gimbap-con-tortilla-y-pollo/,https://staging.lacuisinedebernard.com/gimbap-con-tortilla-y-pollo
https://www.lacuisinedebernard.com/gimbap-con-tortilla-y-pollo,https://staging.lacuisinedebernard.com/gimbap-con-tortilla-y-pollo
https://www.lacuisinedebernard.com/gimbap-con-tortilla-y-pollo/,https://staging.lacuisinedebernard.com/gimbap-con-tortilla-y-pollo
https://lacuisinedebernard.com/hago-mi-propio-chocolate-en-video,https://staging.lacuisinedebernard.com/hago-mi-propio-chocolate-en-video
https://lacuisinedebernard.com/hago-mi-propio-chocolate-en-video/,https://staging.lacuisinedebernard.com/hago-mi-propio-chocolate-en-video
https://www.lacuisinedebernard.com/hago-mi-propio-chocolate-en-video,https://staging.lacuisinedebernard.com/hago-mi-propio-chocolate-en-video
https://www.lacuisinedebernard.com/hago-mi-propio-chocolate-en-video/,https://staging.lacuisinedebernard.com/hago-mi-propio-chocolate-en-video
https://lacuisinedebernard.com/%d9%83%d9%88%d9%83%d9%8a%d8%b2-%d9%85%d8%b9-%d8%b2%d8%a8%d8%af%d8%a9-%d8%a7%d9%84%d8%a8%d9%86%d8%af%d9%82-%d9%88%d8%a7%d9%84%d9%82%d9%87%d9%88%d8%a9-%d9%88%d8%a7%d9%84%d8%a8%d9%86%d8%af%d9%82-%d9%88,https://staging.lacuisinedebernard.com/%d9%83%d9%88%d9%83%d9%8a%d8%b2-%d9%85%d8%b9-%d8%b2%d8%a8%d8%af%d8%a9-%d8%a7%d9%84%d8%a8%d9%86%d8%af%d9%82-%d9%88%d8%a7%d9%84%d9%82%d9%87%d9%88%d8%a9-%d9%88%d8%a7%d9%84%d8%a8%d9%86%d8%af%d9%82-%d9%88
https://lacuisinedebernard.com/%d9%83%d9%88%d9%83%d9%8a%d8%b2-%d9%85%d8%b9-%d8%b2%d8%a8%d8%af%d8%a9-%d8%a7%d9%84%d8%a8%d9%86%d8%af%d9%82-%d9%88%d8%a7%d9%84%d9%82%d9%87%d9%88%d8%a9-%d9%88%d8%a7%d9%84%d8%a8%d9%86%d8%af%d9%82-%d9%88/,https://staging.lacuisinedebernard.com/%d9%83%d9%88%d9%83%d9%8a%d8%b2-%d9%85%d8%b9-%d8%b2%d8%a8%d8%af%d8%a9-%d8%a7%d9%84%d8%a8%d9%86%d8%af%d9%82-%d9%88%d8%a7%d9%84%d9%82%d9%87%d9%88%d8%a9-%d9%88%d8%a7%d9%84%d8%a8%d9%86%d8%af%d9%82-%d9%88
https://www.lacuisinedebernard.com/%d9%83%d9%88%d9%83%d9%8a%d8%b2-%d9%85%d8%b9-%d8%b2%d8%a8%d8%af%d8%a9-%d8%a7%d9%84%d8%a8%d9%86%d8%af%d9%82-%d9%88%d8%a7%d9%84%d9%82%d9%87%d9%88%d8%a9-%d9%88%d8%a7%d9%84%d8%a8%d9%86%d8%af%d9%82-%d9%88,https://staging.lacuisinedebernard.com/%d9%83%d9%88%d9%83%d9%8a%d8%b2-%d9%85%d8%b9-%d8%b2%d8%a8%d8%af%d8%a9-%d8%a7%d9%84%d8%a8%d9%86%d8%af%d9%82-%d9%88%d8%a7%d9%84%d9%82%d9%87%d9%88%d8%a9-%d9%88%d8%a7%d9%84%d8%a8%d9%86%d8%af%d9%82-%d9%88
https://www.lacuisinedebernard.com/%d9%83%d9%88%d9%83%d9%8a%d8%b2-%d9%85%d8%b9-%d8%b2%d8%a8%d8%af%d8%a9-%d8%a7%d9%84%d8%a8%d9%86%d8%af%d9%82-%d9%88%d8%a7%d9%84%d9%82%d9%87%d9%88%d8%a9-%d9%88%d8%a7%d9%84%d8%a8%d9%86%d8%af%d9%82-%d9%88/,https://staging.lacuisinedebernard.com/%d9%83%d9%88%d9%83%d9%8a%d8%b2-%d9%85%d8%b9-%d8%b2%d8%a8%d8%af%d8%a9-%d8%a7%d9%84%d8%a8%d9%86%d8%af%d9%82-%d9%88%d8%a7%d9%84%d9%82%d9%87%d9%88%d8%a9-%d9%88%d8%a7%d9%84%d8%a8%d9%86%d8%af%d9%82-%d9%88
https://lacuisinedebernard.com/sbrisolona,https://staging.lacuisinedebernard.com/sbrisolona
https://lacuisinedebernard.com/sbrisolona/,https://staging.lacuisinedebernard.com/sbrisolona
https://www.lacuisinedebernard.com/sbrisolona,https://staging.lacuisinedebernard.com/sbrisolona
https://www.lacuisinedebernard.com/sbrisolona/,https://staging.lacuisinedebernard.com/sbrisolona
https://lacuisinedebernard.com/pistachio-and-orange-blossom-galette-des-rois,https://staging.lacuisinedebernard.com/pistachio-and-orange-blossom-galette-des-rois
https://lacuisinedebernard.com/pistachio-and-orange-blossom-galette-des-rois/,https://staging.lacuisinedebernard.com/pistachio-and-orange-blossom-galette-des-rois
https://www.lacuisinedebernard.com/pistachio-and-orange-blossom-galette-des-rois,https://staging.lacuisinedebernard.com/pistachio-and-orange-blossom-galette-des-rois
https://www.lacuisinedebernard.com/pistachio-and-orange-blossom-galette-des-rois/,https://staging.lacuisinedebernard.com/pistachio-and-orange-blossom-galette-des-rois
https://lacuisinedebernard.com/pao-curto-crocante-com-manteiga-de-avela,https://staging.lacuisinedebernard.com/pao-curto-crocante-com-manteiga-de-avela
https://lacuisinedebernard.com/pao-curto-crocante-com-manteiga-de-avela/,https://staging.lacuisinedebernard.com/pao-curto-crocante-com-manteiga-de-avela
https://www.lacuisinedebernard.com/pao-curto-crocante-com-manteiga-de-avela,https://staging.lacuisinedebernard.com/pao-curto-crocante-com-manteiga-de-avela
https://www.lacuisinedebernard.com/pao-curto-crocante-com-manteiga-de-avela/,https://staging.lacuisinedebernard.com/pao-curto-crocante-com-manteiga-de-avela
https://lacuisinedebernard.com/tortas-de-lentejas-coralinas,https://staging.lacuisinedebernard.com/tortas-de-lentejas-coralinas
https://lacuisinedebernard.com/tortas-de-lentejas-coralinas/,https://staging.lacuisinedebernard.com/tortas-de-lentejas-coralinas
https://www.lacuisinedebernard.com/tortas-de-lentejas-coralinas,https://staging.lacuisinedebernard.com/tortas-de-lentejas-coralinas
https://www.lacuisinedebernard.com/tortas-de-lentejas-coralinas/,https://staging.lacuisinedebernard.com/tortas-de-lentejas-coralinas
https://lacuisinedebernard.com/lasana-bolonesa,https://staging.lacuisinedebernard.com/lasana-bolonesa
https://lacuisinedebernard.com/lasana-bolonesa/,https://staging.lacuisinedebernard.com/lasana-bolonesa
https://www.lacuisinedebernard.com/lasana-bolonesa,https://staging.lacuisinedebernard.com/lasana-bolonesa
https://www.lacuisinedebernard.com/lasana-bolonesa/,https://staging.lacuisinedebernard.com/lasana-bolonesa
https://lacuisinedebernard.com/novo-tema-para-as-aulas-de-cozinha-tailandesa-no-sabado-4-e-domingo-5-de-janeiro-de-2020,https://staging.lacuisinedebernard.com/novo-tema-para-as-aulas-de-cozinha-tailandesa-no-sabado-4-e-domingo-5-de-janeiro-de-2020
https://lacuisinedebernard.com/novo-tema-para-as-aulas-de-cozinha-tailandesa-no-sabado-4-e-domingo-5-de-janeiro-de-2020/,https://staging.lacuisinedebernard.com/novo-tema-para-as-aulas-de-cozinha-tailandesa-no-sabado-4-e-domingo-5-de-janeiro-de-2020
https://www.lacuisinedebernard.com/novo-tema-para-as-aulas-de-cozinha-tailandesa-no-sabado-4-e-domingo-5-de-janeiro-de-2020,https://staging.lacuisinedebernard.com/novo-tema-para-as-aulas-de-cozinha-tailandesa-no-sabado-4-e-domingo-5-de-janeiro-de-2020
https://www.lacuisinedebernard.com/novo-tema-para-as-aulas-de-cozinha-tailandesa-no-sabado-4-e-domingo-5-de-janeiro-de-2020/,https://staging.lacuisinedebernard.com/novo-tema-para-as-aulas-de-cozinha-tailandesa-no-sabado-4-e-domingo-5-de-janeiro-de-2020
https://lacuisinedebernard.com/mi-quinto-libro-esta-en-las-librerias,https://staging.lacuisinedebernard.com/mi-quinto-libro-esta-en-las-librerias
https://lacuisinedebernard.com/mi-quinto-libro-esta-en-las-librerias/,https://staging.lacuisinedebernard.com/mi-quinto-libro-esta-en-las-librerias
https://www.lacuisinedebernard.com/mi-quinto-libro-esta-en-las-librerias,https://staging.lacuisinedebernard.com/mi-quinto-libro-esta-en-las-librerias
https://www.lacuisinedebernard.com/mi-quinto-libro-esta-en-las-librerias/,https://staging.lacuisinedebernard.com/mi-quinto-libro-esta-en-las-librerias
https://lacuisinedebernard.com/la-tienda-de-comestibles-de-quebec,https://staging.lacuisinedebernard.com/la-tienda-de-comestibles-de-quebec
https://lacuisinedebernard.com/la-tienda-de-comestibles-de-quebec/,https://staging.lacuisinedebernard.com/la-tienda-de-comestibles-de-quebec
https://www.lacuisinedebernard.com/la-tienda-de-comestibles-de-quebec,https://staging.lacuisinedebernard.com/la-tienda-de-comestibles-de-quebec
https://www.lacuisinedebernard.com/la-tienda-de-comestibles-de-quebec/,https://staging.lacuisinedebernard.com/la-tienda-de-comestibles-de-quebec
https://lacuisinedebernard.com/la-tableta-qooq,https://staging.lacuisinedebernard.com/la-tableta-qooq
https://lacuisinedebernard.com/la-tableta-qooq/,https://staging.lacuisinedebernard.com/la-tableta-qooq
https://www.lacuisinedebernard.com/la-tableta-qooq,https://staging.lacuisinedebernard.com/la-tableta-qooq
https://www.lacuisinedebernard.com/la-tableta-qooq/,https://staging.lacuisinedebernard.com/la-tableta-qooq
https://lacuisinedebernard.com/%d9%83%d8%b9%d9%83%d8%a9-%d9%85%d8%b6%d9%81%d8%b1%d8%a9,https://staging.lacuisinedebernard.com/%d9%83%d8%b9%d9%83%d8%a9-%d9%85%d8%b6%d9%81%d8%b1%d8%a9
https://lacuisinedebernard.com/%d9%83%d8%b9%d9%83%d8%a9-%d9%85%d8%b6%d9%81%d8%b1%d8%a9/,https://staging.lacuisinedebernard.com/%d9%83%d8%b9%d9%83%d8%a9-%d9%85%d8%b6%d9%81%d8%b1%d8%a9
https://www.lacuisinedebernard.com/%d9%83%d8%b9%d9%83%d8%a9-%d9%85%d8%b6%d9%81%d8%b1%d8%a9,https://staging.lacuisinedebernard.com/%d9%83%d8%b9%d9%83%d8%a9-%d9%85%d8%b6%d9%81%d8%b1%d8%a9
https://www.lacuisinedebernard.com/%d9%83%d8%b9%d9%83%d8%a9-%d9%85%d8%b6%d9%81%d8%b1%d8%a9/,https://staging.lacuisinedebernard.com/%d9%83%d8%b9%d9%83%d8%a9-%d9%85%d8%b6%d9%81%d8%b1%d8%a9
https://lacuisinedebernard.com/%d8%a8%d8%b3%d9%83%d9%88%d9%8a%d8%aa-%d8%a7%d9%84%d8%ba%d8%b1%d9%8a%d8%a8%d8%a9-%d8%a7%d9%84%d8%b0%d8%a7%d8%a6%d8%a8%d8%a9-%d8%a7%d9%84%d9%85%d9%82%d8%b1%d9%85%d8%b4%d8%a9-%d9%85%d8%b9-%d8%b2%d8%a8,https://staging.lacuisinedebernard.com/%d8%a8%d8%b3%d9%83%d9%88%d9%8a%d8%aa-%d8%a7%d9%84%d8%ba%d8%b1%d9%8a%d8%a8%d8%a9-%d8%a7%d9%84%d8%b0%d8%a7%d8%a6%d8%a8%d8%a9-%d8%a7%d9%84%d9%85%d9%82%d8%b1%d9%85%d8%b4%d8%a9-%d9%85%d8%b9-%d8%b2%d8%a8
https://lacuisinedebernard.com/%d8%a8%d8%b3%d9%83%d9%88%d9%8a%d8%aa-%d8%a7%d9%84%d8%ba%d8%b1%d9%8a%d8%a8%d8%a9-%d8%a7%d9%84%d8%b0%d8%a7%d8%a6%d8%a8%d8%a9-%d8%a7%d9%84%d9%85%d9%82%d8%b1%d9%85%d8%b4%d8%a9-%d9%85%d8%b9-%d8%b2%d8%a8/,https://staging.lacuisinedebernard.com/%d8%a8%d8%b3%d9%83%d9%88%d9%8a%d8%aa-%d8%a7%d9%84%d8%ba%d8%b1%d9%8a%d8%a8%d8%a9-%d8%a7%d9%84%d8%b0%d8%a7%d8%a6%d8%a8%d8%a9-%d8%a7%d9%84%d9%85%d9%82%d8%b1%d9%85%d8%b4%d8%a9-%d9%85%d8%b9-%d8%b2%d8%a8
https://www.lacuisinedebernard.com/%d8%a8%d8%b3%d9%83%d9%88%d9%8a%d8%aa-%d8%a7%d9%84%d8%ba%d8%b1%d9%8a%d8%a8%d8%a9-%d8%a7%d9%84%d8%b0%d8%a7%d8%a6%d8%a8%d8%a9-%d8%a7%d9%84%d9%85%d9%82%d8%b1%d9%85%d8%b4%d8%a9-%d9%85%d8%b9-%d8%b2%d8%a8,https://staging.lacuisinedebernard.com/%d8%a8%d8%b3%d9%83%d9%88%d9%8a%d8%aa-%d8%a7%d9%84%d8%ba%d8%b1%d9%8a%d8%a8%d8%a9-%d8%a7%d9%84%d8%b0%d8%a7%d8%a6%d8%a8%d8%a9-%d8%a7%d9%84%d9%85%d9%82%d8%b1%d9%85%d8%b4%d8%a9-%d9%85%d8%b9-%d8%b2%d8%a8
https://www.lacuisinedebernard.com/%d8%a8%d8%b3%d9%83%d9%88%d9%8a%d8%aa-%d8%a7%d9%84%d8%ba%d8%b1%d9%8a%d8%a8%d8%a9-%d8%a7%d9%84%d8%b0%d8%a7%d8%a6%d8%a8%d8%a9-%d8%a7%d9%84%d9%85%d9%82%d8%b1%d9%85%d8%b4%d8%a9-%d9%85%d8%b9-%d8%b2%d8%a8/,https://staging.lacuisinedebernard.com/%d8%a8%d8%b3%d9%83%d9%88%d9%8a%d8%aa-%d8%a7%d9%84%d8%ba%d8%b1%d9%8a%d8%a8%d8%a9-%d8%a7%d9%84%d8%b0%d8%a7%d8%a6%d8%a8%d8%a9-%d8%a7%d9%84%d9%85%d9%82%d8%b1%d9%85%d8%b4%d8%a9-%d9%85%d8%b9-%d8%b2%d8%a8
https://lacuisinedebernard.com/%d8%b2%d9%87%d8%b1-%d8%a7%d9%84%d8%a8%d8%b1%d8%aa%d9%82%d8%a7%d9%84-%d8%a8%d8%a7%d9%84%d9%81%d8%b3%d8%aa%d9%82-%d8%ac%d8%a7%d9%84%d9%8a%d8%aa-%d8%af%d9%8a%d8%b3-%d8%b1%d9%88%d9%8a%d8%b3,https://staging.lacuisinedebernard.com/%d8%b2%d9%87%d8%b1-%d8%a7%d9%84%d8%a8%d8%b1%d8%aa%d9%82%d8%a7%d9%84-%d8%a8%d8%a7%d9%84%d9%81%d8%b3%d8%aa%d9%82-%d8%ac%d8%a7%d9%84%d9%8a%d8%aa-%d8%af%d9%8a%d8%b3-%d8%b1%d9%88%d9%8a%d8%b3
https://lacuisinedebernard.com/%d8%b2%d9%87%d8%b1-%d8%a7%d9%84%d8%a8%d8%b1%d8%aa%d9%82%d8%a7%d9%84-%d8%a8%d8%a7%d9%84%d9%81%d8%b3%d8%aa%d9%82-%d8%ac%d8%a7%d9%84%d9%8a%d8%aa-%d8%af%d9%8a%d8%b3-%d8%b1%d9%88%d9%8a%d8%b3/,https://staging.lacuisinedebernard.com/%d8%b2%d9%87%d8%b1-%d8%a7%d9%84%d8%a8%d8%b1%d8%aa%d9%82%d8%a7%d9%84-%d8%a8%d8%a7%d9%84%d9%81%d8%b3%d8%aa%d9%82-%d8%ac%d8%a7%d9%84%d9%8a%d8%aa-%d8%af%d9%8a%d8%b3-%d8%b1%d9%88%d9%8a%d8%b3
https://www.lacuisinedebernard.com/%d8%b2%d9%87%d8%b1-%d8%a7%d9%84%d8%a8%d8%b1%d8%aa%d9%82%d8%a7%d9%84-%d8%a8%d8%a7%d9%84%d9%81%d8%b3%d8%aa%d9%82-%d8%ac%d8%a7%d9%84%d9%8a%d8%aa-%d8%af%d9%8a%d8%b3-%d8%b1%d9%88%d9%8a%d8%b3,https://staging.lacuisinedebernard.com/%d8%b2%d9%87%d8%b1-%d8%a7%d9%84%d8%a8%d8%b1%d8%aa%d9%82%d8%a7%d9%84-%d8%a8%d8%a7%d9%84%d9%81%d8%b3%d8%aa%d9%82-%d8%ac%d8%a7%d9%84%d9%8a%d8%aa-%d8%af%d9%8a%d8%b3-%d8%b1%d9%88%d9%8a%d8%b3
https://www.lacuisinedebernard.com/%d8%b2%d9%87%d8%b1-%d8%a7%d9%84%d8%a8%d8%b1%d8%aa%d9%82%d8%a7%d9%84-%d8%a8%d8%a7%d9%84%d9%81%d8%b3%d8%aa%d9%82-%d8%ac%d8%a7%d9%84%d9%8a%d8%aa-%d8%af%d9%8a%d8%b3-%d8%b1%d9%88%d9%8a%d8%b3/,https://staging.lacuisinedebernard.com/%d8%b2%d9%87%d8%b1-%d8%a7%d9%84%d8%a8%d8%b1%d8%aa%d9%82%d8%a7%d9%84-%d8%a8%d8%a7%d9%84%d9%81%d8%b3%d8%aa%d9%82-%d8%ac%d8%a7%d9%84%d9%8a%d8%aa-%d8%af%d9%8a%d8%b3-%d8%b1%d9%88%d9%8a%d8%b3
https://lacuisinedebernard.com/bolos-de-lentilhas-de-coral,https://staging.lacuisinedebernard.com/bolos-de-lentilhas-de-coral
https://lacuisinedebernard.com/bolos-de-lentilhas-de-coral/,https://staging.lacuisinedebernard.com/bolos-de-lentilhas-de-coral
https://www.lacuisinedebernard.com/bolos-de-lentilhas-de-coral,https://staging.lacuisinedebernard.com/bolos-de-lentilhas-de-coral
https://www.lacuisinedebernard.com/bolos-de-lentilhas-de-coral/,https://staging.lacuisinedebernard.com/bolos-de-lentilhas-de-coral
https://lacuisinedebernard.com/new-theme-for-thai-cooking-classes-on-saturday-january-4-and-sunday-january-5-2020,https://staging.lacuisinedebernard.com/new-theme-for-thai-cooking-classes-on-saturday-january-4-and-sunday-january-5-2020
https://lacuisinedebernard.com/new-theme-for-thai-cooking-classes-on-saturday-january-4-and-sunday-january-5-2020/,https://staging.lacuisinedebernard.com/new-theme-for-thai-cooking-classes-on-saturday-january-4-and-sunday-january-5-2020
https://www.lacuisinedebernard.com/new-theme-for-thai-cooking-classes-on-saturday-january-4-and-sunday-january-5-2020,https://staging.lacuisinedebernard.com/new-theme-for-thai-cooking-classes-on-saturday-january-4-and-sunday-january-5-2020
https://www.lacuisinedebernard.com/new-theme-for-thai-cooking-classes-on-saturday-january-4-and-sunday-january-5-2020/,https://staging.lacuisinedebernard.com/new-theme-for-thai-cooking-classes-on-saturday-january-4-and-sunday-january-5-2020
https://lacuisinedebernard.com/o-meu-5o-livro-esta-nas-livrarias,https://staging.lacuisinedebernard.com/o-meu-5o-livro-esta-nas-livrarias
https://lacuisinedebernard.com/o-meu-5o-livro-esta-nas-livrarias/,https://staging.lacuisinedebernard.com/o-meu-5o-livro-esta-nas-livrarias
https://www.lacuisinedebernard.com/o-meu-5o-livro-esta-nas-livrarias,https://staging.lacuisinedebernard.com/o-meu-5o-livro-esta-nas-livrarias
https://www.lacuisinedebernard.com/o-meu-5o-livro-esta-nas-livrarias/,https://staging.lacuisinedebernard.com/o-meu-5o-livro-esta-nas-livrarias
https://lacuisinedebernard.com/a-mercearia-de-quebec,https://staging.lacuisinedebernard.com/a-mercearia-de-quebec
https://lacuisinedebernard.com/a-mercearia-de-quebec/,https://staging.lacuisinedebernard.com/a-mercearia-de-quebec
https://www.lacuisinedebernard.com/a-mercearia-de-quebec,https://staging.lacuisinedebernard.com/a-mercearia-de-quebec
https://www.lacuisinedebernard.com/a-mercearia-de-quebec/,https://staging.lacuisinedebernard.com/a-mercearia-de-quebec
https://lacuisinedebernard.com/a-pastilha-qooq,https://staging.lacuisinedebernard.com/a-pastilha-qooq
https://lacuisinedebernard.com/a-pastilha-qooq/,https://staging.lacuisinedebernard.com/a-pastilha-qooq
https://www.lacuisinedebernard.com/a-pastilha-qooq,https://staging.lacuisinedebernard.com/a-pastilha-qooq
https://www.lacuisinedebernard.com/a-pastilha-qooq/,https://staging.lacuisinedebernard.com/a-pastilha-qooq
https://lacuisinedebernard.com/lasanha-bolonhesa,https://staging.lacuisinedebernard.com/lasanha-bolonhesa
https://lacuisinedebernard.com/lasanha-bolonhesa/,https://staging.lacuisinedebernard.com/lasanha-bolonhesa
https://www.lacuisinedebernard.com/lasanha-bolonhesa,https://staging.lacuisinedebernard.com/lasanha-bolonhesa
https://www.lacuisinedebernard.com/lasanha-bolonhesa/,https://staging.lacuisinedebernard.com/lasanha-bolonhesa
https://lacuisinedebernard.com/talleres-junio-2022,https://staging.lacuisinedebernard.com/talleres-junio-2022
https://lacuisinedebernard.com/talleres-junio-2022/,https://staging.lacuisinedebernard.com/talleres-junio-2022
https://www.lacuisinedebernard.com/talleres-junio-2022,https://staging.lacuisinedebernard.com/talleres-junio-2022
https://www.lacuisinedebernard.com/talleres-junio-2022/,https://staging.lacuisinedebernard.com/talleres-junio-2022
https://lacuisinedebernard.com/%d8%b3%d8%a8%d8%b1%d9%8a%d8%b3%d9%88%d9%84%d9%88%d9%86%d8%a7,https://staging.lacuisinedebernard.com/%d8%b3%d8%a8%d8%b1%d9%8a%d8%b3%d9%88%d9%84%d9%88%d9%86%d8%a7
https://lacuisinedebernard.com/%d8%b3%d8%a8%d8%b1%d9%8a%d8%b3%d9%88%d9%84%d9%88%d9%86%d8%a7/,https://staging.lacuisinedebernard.com/%d8%b3%d8%a8%d8%b1%d9%8a%d8%b3%d9%88%d9%84%d9%88%d9%86%d8%a7
https://www.lacuisinedebernard.com/%d8%b3%d8%a8%d8%b1%d9%8a%d8%b3%d9%88%d9%84%d9%88%d9%86%d8%a7,https://staging.lacuisinedebernard.com/%d8%b3%d8%a8%d8%b1%d9%8a%d8%b3%d9%88%d9%84%d9%88%d9%86%d8%a7
https://www.lacuisinedebernard.com/%d8%b3%d8%a8%d8%b1%d9%8a%d8%b3%d9%88%d9%84%d9%88%d9%86%d8%a7/,https://staging.lacuisinedebernard.com/%d8%b3%d8%a8%d8%b1%d9%8a%d8%b3%d9%88%d9%84%d9%88%d9%86%d8%a7
https://lacuisinedebernard.com/galletas-de-mantequilla-de-avellana-cafe-avellana-y-chocolate,https://staging.lacuisinedebernard.com/galletas-de-mantequilla-de-avellana-cafe-avellana-y-chocolate
https://lacuisinedebernard.com/galletas-de-mantequilla-de-avellana-cafe-avellana-y-chocolate/,https://staging.lacuisinedebernard.com/galletas-de-mantequilla-de-avellana-cafe-avellana-y-chocolate
https://www.lacuisinedebernard.com/galletas-de-mantequilla-de-avellana-cafe-avellana-y-chocolate,https://staging.lacuisinedebernard.com/galletas-de-mantequilla-de-avellana-cafe-avellana-y-chocolate
https://www.lacuisinedebernard.com/galletas-de-mantequilla-de-avellana-cafe-avellana-y-chocolate/,https://staging.lacuisinedebernard.com/galletas-de-mantequilla-de-avellana-cafe-avellana-y-chocolate
https://lacuisinedebernard.com/%d8%a8%d8%a7%d8%b3%d8%aa%d8%a7-%d8%a7%d9%84%d9%83%d8%b1%d9%83%d9%86%d8%af,https://staging.lacuisinedebernard.com/%d8%a8%d8%a7%d8%b3%d8%aa%d8%a7-%d8%a7%d9%84%d9%83%d8%b1%d9%83%d9%86%d8%af
https://lacuisinedebernard.com/%d8%a8%d8%a7%d8%b3%d8%aa%d8%a7-%d8%a7%d9%84%d9%83%d8%b1%d9%83%d9%86%d8%af/,https://staging.lacuisinedebernard.com/%d8%a8%d8%a7%d8%b3%d8%aa%d8%a7-%d8%a7%d9%84%d9%83%d8%b1%d9%83%d9%86%d8%af
https://www.lacuisinedebernard.com/%d8%a8%d8%a7%d8%b3%d8%aa%d8%a7-%d8%a7%d9%84%d9%83%d8%b1%d9%83%d9%86%d8%af,https://staging.lacuisinedebernard.com/%d8%a8%d8%a7%d8%b3%d8%aa%d8%a7-%d8%a7%d9%84%d9%83%d8%b1%d9%83%d9%86%d8%af
https://www.lacuisinedebernard.com/%d8%a8%d8%a7%d8%b3%d8%aa%d8%a7-%d8%a7%d9%84%d9%83%d8%b1%d9%83%d9%86%d8%af/,https://staging.lacuisinedebernard.com/%d8%a8%d8%a7%d8%b3%d8%aa%d8%a7-%d8%a7%d9%84%d9%83%d8%b1%d9%83%d9%86%d8%af
https://lacuisinedebernard.com/%d9%85%d9%88%d8%b6%d9%88%d8%b9-%d8%ac%d8%af%d9%8a%d8%af-%d9%84%d9%81%d8%b5%d9%84-%d8%a7%d9%84%d8%b7%d8%a8%d8%ae-%d8%a7%d9%84%d8%aa%d8%a7%d9%8a%d9%84%d8%a7%d9%86%d8%af%d9%8a-%d9%8a%d9%88%d9%85-%d8%a7,https://staging.lacuisinedebernard.com/%d9%85%d9%88%d8%b6%d9%88%d8%b9-%d8%ac%d8%af%d9%8a%d8%af-%d9%84%d9%81%d8%b5%d9%84-%d8%a7%d9%84%d8%b7%d8%a8%d8%ae-%d8%a7%d9%84%d8%aa%d8%a7%d9%8a%d9%84%d8%a7%d9%86%d8%af%d9%8a-%d9%8a%d9%88%d9%85-%d8%a7
https://lacuisinedebernard.com/%d9%85%d9%88%d8%b6%d9%88%d8%b9-%d8%ac%d8%af%d9%8a%d8%af-%d9%84%d9%81%d8%b5%d9%84-%d8%a7%d9%84%d8%b7%d8%a8%d8%ae-%d8%a7%d9%84%d8%aa%d8%a7%d9%8a%d9%84%d8%a7%d9%86%d8%af%d9%8a-%d9%8a%d9%88%d9%85-%d8%a7/,https://staging.lacuisinedebernard.com/%d9%85%d9%88%d8%b6%d9%88%d8%b9-%d8%ac%d8%af%d9%8a%d8%af-%d9%84%d9%81%d8%b5%d9%84-%d8%a7%d9%84%d8%b7%d8%a8%d8%ae-%d8%a7%d9%84%d8%aa%d8%a7%d9%8a%d9%84%d8%a7%d9%86%d8%af%d9%8a-%d9%8a%d9%88%d9%85-%d8%a7
https://www.lacuisinedebernard.com/%d9%85%d9%88%d8%b6%d9%88%d8%b9-%d8%ac%d8%af%d9%8a%d8%af-%d9%84%d9%81%d8%b5%d9%84-%d8%a7%d9%84%d8%b7%d8%a8%d8%ae-%d8%a7%d9%84%d8%aa%d8%a7%d9%8a%d9%84%d8%a7%d9%86%d8%af%d9%8a-%d9%8a%d9%88%d9%85-%d8%a7,https://staging.lacuisinedebernard.com/%d9%85%d9%88%d8%b6%d9%88%d8%b9-%d8%ac%d8%af%d9%8a%d8%af-%d9%84%d9%81%d8%b5%d9%84-%d8%a7%d9%84%d8%b7%d8%a8%d8%ae-%d8%a7%d9%84%d8%aa%d8%a7%d9%8a%d9%84%d8%a7%d9%86%d8%af%d9%8a-%d9%8a%d9%88%d9%85-%d8%a7
https://www.lacuisinedebernard.com/%d9%85%d9%88%d8%b6%d9%88%d8%b9-%d8%ac%d8%af%d9%8a%d8%af-%d9%84%d9%81%d8%b5%d9%84-%d8%a7%d9%84%d8%b7%d8%a8%d8%ae-%d8%a7%d9%84%d8%aa%d8%a7%d9%8a%d9%84%d8%a7%d9%86%d8%af%d9%8a-%d9%8a%d9%88%d9%85-%d8%a7/,https://staging.lacuisinedebernard.com/%d9%85%d9%88%d8%b6%d9%88%d8%b9-%d8%ac%d8%af%d9%8a%d8%af-%d9%84%d9%81%d8%b5%d9%84-%d8%a7%d9%84%d8%b7%d8%a8%d8%ae-%d8%a7%d9%84%d8%aa%d8%a7%d9%8a%d9%84%d8%a7%d9%86%d8%af%d9%8a-%d9%8a%d9%88%d9%85-%d8%a7
https://lacuisinedebernard.com/coral-lentil-patties,https://staging.lacuisinedebernard.com/coral-lentil-patties
https://lacuisinedebernard.com/coral-lentil-patties/,https://staging.lacuisinedebernard.com/coral-lentil-patties
https://www.lacuisinedebernard.com/coral-lentil-patties,https://staging.lacuisinedebernard.com/coral-lentil-patties
https://www.lacuisinedebernard.com/coral-lentil-patties/,https://staging.lacuisinedebernard.com/coral-lentil-patties
https://lacuisinedebernard.com/my-5th-book-is-in-bookstores,https://staging.lacuisinedebernard.com/my-5th-book-is-in-bookstores
https://lacuisinedebernard.com/my-5th-book-is-in-bookstores/,https://staging.lacuisinedebernard.com/my-5th-book-is-in-bookstores
https://www.lacuisinedebernard.com/my-5th-book-is-in-bookstores,https://staging.lacuisinedebernard.com/my-5th-book-is-in-bookstores
https://www.lacuisinedebernard.com/my-5th-book-is-in-bookstores/,https://staging.lacuisinedebernard.com/my-5th-book-is-in-bookstores
https://lacuisinedebernard.com/the-quebec-grocery-store,https://staging.lacuisinedebernard.com/the-quebec-grocery-store
https://lacuisinedebernard.com/the-quebec-grocery-store/,https://staging.lacuisinedebernard.com/the-quebec-grocery-store
https://www.lacuisinedebernard.com/the-quebec-grocery-store,https://staging.lacuisinedebernard.com/the-quebec-grocery-store
https://www.lacuisinedebernard.com/the-quebec-grocery-store/,https://staging.lacuisinedebernard.com/the-quebec-grocery-store
https://lacuisinedebernard.com/workshops-junho-2022,https://staging.lacuisinedebernard.com/workshops-junho-2022
https://lacuisinedebernard.com/workshops-junho-2022/,https://staging.lacuisinedebernard.com/workshops-junho-2022
https://www.lacuisinedebernard.com/workshops-junho-2022,https://staging.lacuisinedebernard.com/workshops-junho-2022
https://www.lacuisinedebernard.com/workshops-junho-2022/,https://staging.lacuisinedebernard.com/workshops-junho-2022
https://lacuisinedebernard.com/the-qooq-tablet,https://staging.lacuisinedebernard.com/the-qooq-tablet
https://lacuisinedebernard.com/the-qooq-tablet/,https://staging.lacuisinedebernard.com/the-qooq-tablet
https://www.lacuisinedebernard.com/the-qooq-tablet,https://staging.lacuisinedebernard.com/the-qooq-tablet
https://www.lacuisinedebernard.com/the-qooq-tablet/,https://staging.lacuisinedebernard.com/the-qooq-tablet
https://lacuisinedebernard.com/lasagna-bolognese,https://staging.lacuisinedebernard.com/lasagna-bolognese
https://lacuisinedebernard.com/lasagna-bolognese/,https://staging.lacuisinedebernard.com/lasagna-bolognese
https://www.lacuisinedebernard.com/lasagna-bolognese,https://staging.lacuisinedebernard.com/lasagna-bolognese
https://www.lacuisinedebernard.com/lasagna-bolognese/,https://staging.lacuisinedebernard.com/lasagna-bolognese
https://lacuisinedebernard.com/pastel-de-rey-de-pistacho-y-azahar,https://staging.lacuisinedebernard.com/pastel-de-rey-de-pistacho-y-azahar
https://lacuisinedebernard.com/pastel-de-rey-de-pistacho-y-azahar/,https://staging.lacuisinedebernard.com/pastel-de-rey-de-pistacho-y-azahar
https://www.lacuisinedebernard.com/pastel-de-rey-de-pistacho-y-azahar,https://staging.lacuisinedebernard.com/pastel-de-rey-de-pistacho-y-azahar
https://www.lacuisinedebernard.com/pastel-de-rey-de-pistacho-y-azahar/,https://staging.lacuisinedebernard.com/pastel-de-rey-de-pistacho-y-azahar
https://lacuisinedebernard.com/manteiga-de-avela-cafe-avela-e-biscoitos-de-chocolate,https://staging.lacuisinedebernard.com/manteiga-de-avela-cafe-avela-e-biscoitos-de-chocolate
https://lacuisinedebernard.com/manteiga-de-avela-cafe-avela-e-biscoitos-de-chocolate/,https://staging.lacuisinedebernard.com/manteiga-de-avela-cafe-avela-e-biscoitos-de-chocolate
https://www.lacuisinedebernard.com/manteiga-de-avela-cafe-avela-e-biscoitos-de-chocolate,https://staging.lacuisinedebernard.com/manteiga-de-avela-cafe-avela-e-biscoitos-de-chocolate
https://www.lacuisinedebernard.com/manteiga-de-avela-cafe-avela-e-biscoitos-de-chocolate/,https://staging.lacuisinedebernard.com/manteiga-de-avela-cafe-avela-e-biscoitos-de-chocolate
https://lacuisinedebernard.com/%d9%81%d8%b7%d8%a7%d8%a6%d8%b1-%d8%a7%d9%84%d8%b9%d8%af%d8%b3-%d8%a7%d9%84%d9%85%d8%b1%d8%ac%d8%a7%d9%86%d9%8a,https://staging.lacuisinedebernard.com/%d9%81%d8%b7%d8%a7%d8%a6%d8%b1-%d8%a7%d9%84%d8%b9%d8%af%d8%b3-%d8%a7%d9%84%d9%85%d8%b1%d8%ac%d8%a7%d9%86%d9%8a
https://lacuisinedebernard.com/%d9%81%d8%b7%d8%a7%d8%a6%d8%b1-%d8%a7%d9%84%d8%b9%d8%af%d8%b3-%d8%a7%d9%84%d9%85%d8%b1%d8%ac%d8%a7%d9%86%d9%8a/,https://staging.lacuisinedebernard.com/%d9%81%d8%b7%d8%a7%d8%a6%d8%b1-%d8%a7%d9%84%d8%b9%d8%af%d8%b3-%d8%a7%d9%84%d9%85%d8%b1%d8%ac%d8%a7%d9%86%d9%8a
https://www.lacuisinedebernard.com/%d9%81%d8%b7%d8%a7%d8%a6%d8%b1-%d8%a7%d9%84%d8%b9%d8%af%d8%b3-%d8%a7%d9%84%d9%85%d8%b1%d8%ac%d8%a7%d9%86%d9%8a,https://staging.lacuisinedebernard.com/%d9%81%d8%b7%d8%a7%d8%a6%d8%b1-%d8%a7%d9%84%d8%b9%d8%af%d8%b3-%d8%a7%d9%84%d9%85%d8%b1%d8%ac%d8%a7%d9%86%d9%8a
https://www.lacuisinedebernard.com/%d9%81%d8%b7%d8%a7%d8%a6%d8%b1-%d8%a7%d9%84%d8%b9%d8%af%d8%b3-%d8%a7%d9%84%d9%85%d8%b1%d8%ac%d8%a7%d9%86%d9%8a/,https://staging.lacuisinedebernard.com/%d9%81%d8%b7%d8%a7%d8%a6%d8%b1-%d8%a7%d9%84%d8%b9%d8%af%d8%b3-%d8%a7%d9%84%d9%85%d8%b1%d8%ac%d8%a7%d9%86%d9%8a
https://lacuisinedebernard.com/%d8%a8%d9%88%d8%af%d9%86%d8%ba-%d8%a7%d9%84%d8%ae%d8%a8%d8%b2,https://staging.lacuisinedebernard.com/%d8%a8%d9%88%d8%af%d9%86%d8%ba-%d8%a7%d9%84%d8%ae%d8%a8%d8%b2
https://lacuisinedebernard.com/%d8%a8%d9%88%d8%af%d9%86%d8%ba-%d8%a7%d9%84%d8%ae%d8%a8%d8%b2/,https://staging.lacuisinedebernard.com/%d8%a8%d9%88%d8%af%d9%86%d8%ba-%d8%a7%d9%84%d8%ae%d8%a8%d8%b2
https://www.lacuisinedebernard.com/%d8%a8%d9%88%d8%af%d9%86%d8%ba-%d8%a7%d9%84%d8%ae%d8%a8%d8%b2,https://staging.lacuisinedebernard.com/%d8%a8%d9%88%d8%af%d9%86%d8%ba-%d8%a7%d9%84%d8%ae%d8%a8%d8%b2
https://www.lacuisinedebernard.com/%d8%a8%d9%88%d8%af%d9%86%d8%ba-%d8%a7%d9%84%d8%ae%d8%a8%d8%b2/,https://staging.lacuisinedebernard.com/%d8%a8%d9%88%d8%af%d9%86%d8%ba-%d8%a7%d9%84%d8%ae%d8%a8%d8%b2
https://lacuisinedebernard.com/workshops-june-2022,https://staging.lacuisinedebernard.com/workshops-june-2022
https://lacuisinedebernard.com/workshops-june-2022/,https://staging.lacuisinedebernard.com/workshops-june-2022
https://www.lacuisinedebernard.com/workshops-june-2022,https://staging.lacuisinedebernard.com/workshops-june-2022
https://www.lacuisinedebernard.com/workshops-june-2022/,https://staging.lacuisinedebernard.com/workshops-june-2022
https://lacuisinedebernard.com/%d9%83%d8%aa%d8%a7%d8%a8%d9%8a-%d8%a7%d9%84%d8%ae%d8%a7%d9%85%d8%b3-%d9%81%d9%8a-%d8%a7%d9%84%d9%85%d9%83%d8%aa%d8%a8%d8%a7%d8%aa,https://staging.lacuisinedebernard.com/%d9%83%d8%aa%d8%a7%d8%a8%d9%8a-%d8%a7%d9%84%d8%ae%d8%a7%d9%85%d8%b3-%d9%81%d9%8a-%d8%a7%d9%84%d9%85%d9%83%d8%aa%d8%a8%d8%a7%d8%aa
https://lacuisinedebernard.com/%d9%83%d8%aa%d8%a7%d8%a8%d9%8a-%d8%a7%d9%84%d8%ae%d8%a7%d9%85%d8%b3-%d9%81%d9%8a-%d8%a7%d9%84%d9%85%d9%83%d8%aa%d8%a8%d8%a7%d8%aa/,https://staging.lacuisinedebernard.com/%d9%83%d8%aa%d8%a7%d8%a8%d9%8a-%d8%a7%d9%84%d8%ae%d8%a7%d9%85%d8%b3-%d9%81%d9%8a-%d8%a7%d9%84%d9%85%d9%83%d8%aa%d8%a8%d8%a7%d8%aa
https://www.lacuisinedebernard.com/%d9%83%d8%aa%d8%a7%d8%a8%d9%8a-%d8%a7%d9%84%d8%ae%d8%a7%d9%85%d8%b3-%d9%81%d9%8a-%d8%a7%d9%84%d9%85%d9%83%d8%aa%d8%a8%d8%a7%d8%aa,https://staging.lacuisinedebernard.com/%d9%83%d8%aa%d8%a7%d8%a8%d9%8a-%d8%a7%d9%84%d8%ae%d8%a7%d9%85%d8%b3-%d9%81%d9%8a-%d8%a7%d9%84%d9%85%d9%83%d8%aa%d8%a8%d8%a7%d8%aa
https://www.lacuisinedebernard.com/%d9%83%d8%aa%d8%a7%d8%a8%d9%8a-%d8%a7%d9%84%d8%ae%d8%a7%d9%85%d8%b3-%d9%81%d9%8a-%d8%a7%d9%84%d9%85%d9%83%d8%aa%d8%a8%d8%a7%d8%aa/,https://staging.lacuisinedebernard.com/%d9%83%d8%aa%d8%a7%d8%a8%d9%8a-%d8%a7%d9%84%d8%ae%d8%a7%d9%85%d8%b3-%d9%81%d9%8a-%d8%a7%d9%84%d9%85%d9%83%d8%aa%d8%a8%d8%a7%d8%aa
https://lacuisinedebernard.com/%d9%85%d8%aa%d8%ac%d8%b1-%d8%a8%d9%82%d8%a7%d9%84%d8%a9-%d9%83%d9%8a%d8%a8%d9%8a%d9%83,https://staging.lacuisinedebernard.com/%d9%85%d8%aa%d8%ac%d8%b1-%d8%a8%d9%82%d8%a7%d9%84%d8%a9-%d9%83%d9%8a%d8%a8%d9%8a%d9%83
https://lacuisinedebernard.com/%d9%85%d8%aa%d8%ac%d8%b1-%d8%a8%d9%82%d8%a7%d9%84%d8%a9-%d9%83%d9%8a%d8%a8%d9%8a%d9%83/,https://staging.lacuisinedebernard.com/%d9%85%d8%aa%d8%ac%d8%b1-%d8%a8%d9%82%d8%a7%d9%84%d8%a9-%d9%83%d9%8a%d8%a8%d9%8a%d9%83
https://www.lacuisinedebernard.com/%d9%85%d8%aa%d8%ac%d8%b1-%d8%a8%d9%82%d8%a7%d9%84%d8%a9-%d9%83%d9%8a%d8%a8%d9%8a%d9%83,https://staging.lacuisinedebernard.com/%d9%85%d8%aa%d8%ac%d8%b1-%d8%a8%d9%82%d8%a7%d9%84%d8%a9-%d9%83%d9%8a%d8%a8%d9%8a%d9%83
https://www.lacuisinedebernard.com/%d9%85%d8%aa%d8%ac%d8%b1-%d8%a8%d9%82%d8%a7%d9%84%d8%a9-%d9%83%d9%8a%d8%a8%d9%8a%d9%83/,https://staging.lacuisinedebernard.com/%d9%85%d8%aa%d8%ac%d8%b1-%d8%a8%d9%82%d8%a7%d9%84%d8%a9-%d9%83%d9%8a%d8%a8%d9%8a%d9%83
https://lacuisinedebernard.com/%d8%ad%d8%b3%d8%a7%d8%a1-%d8%a7%d9%84%d9%8a%d9%82%d8%b7%d9%8a%d9%86-%d9%88%d8%a7%d9%84%d9%81%d8%a7%d8%b5%d9%88%d9%84%d9%8a%d8%a7-%d8%a7%d9%84%d8%a8%d9%8a%d8%b6%d8%a7%d8%a1-%d9%88%d8%a7%d9%84%d9%84,https://staging.lacuisinedebernard.com/%d8%ad%d8%b3%d8%a7%d8%a1-%d8%a7%d9%84%d9%8a%d9%82%d8%b7%d9%8a%d9%86-%d9%88%d8%a7%d9%84%d9%81%d8%a7%d8%b5%d9%88%d9%84%d9%8a%d8%a7-%d8%a7%d9%84%d8%a8%d9%8a%d8%b6%d8%a7%d8%a1-%d9%88%d8%a7%d9%84%d9%84
https://lacuisinedebernard.com/%d8%ad%d8%b3%d8%a7%d8%a1-%d8%a7%d9%84%d9%8a%d9%82%d8%b7%d9%8a%d9%86-%d9%88%d8%a7%d9%84%d9%81%d8%a7%d8%b5%d9%88%d9%84%d9%8a%d8%a7-%d8%a7%d9%84%d8%a8%d9%8a%d8%b6%d8%a7%d8%a1-%d9%88%d8%a7%d9%84%d9%84/,https://staging.lacuisinedebernard.com/%d8%ad%d8%b3%d8%a7%d8%a1-%d8%a7%d9%84%d9%8a%d9%82%d8%b7%d9%8a%d9%86-%d9%88%d8%a7%d9%84%d9%81%d8%a7%d8%b5%d9%88%d9%84%d9%8a%d8%a7-%d8%a7%d9%84%d8%a8%d9%8a%d8%b6%d8%a7%d8%a1-%d9%88%d8%a7%d9%84%d9%84
https://www.lacuisinedebernard.com/%d8%ad%d8%b3%d8%a7%d8%a1-%d8%a7%d9%84%d9%8a%d9%82%d8%b7%d9%8a%d9%86-%d9%88%d8%a7%d9%84%d9%81%d8%a7%d8%b5%d9%88%d9%84%d9%8a%d8%a7-%d8%a7%d9%84%d8%a8%d9%8a%d8%b6%d8%a7%d8%a1-%d9%88%d8%a7%d9%84%d9%84,https://staging.lacuisinedebernard.com/%d8%ad%d8%b3%d8%a7%d8%a1-%d8%a7%d9%84%d9%8a%d9%82%d8%b7%d9%8a%d9%86-%d9%88%d8%a7%d9%84%d9%81%d8%a7%d8%b5%d9%88%d9%84%d9%8a%d8%a7-%d8%a7%d9%84%d8%a8%d9%8a%d8%b6%d8%a7%d8%a1-%d9%88%d8%a7%d9%84%d9%84
https://www.lacuisinedebernard.com/%d8%ad%d8%b3%d8%a7%d8%a1-%d8%a7%d9%84%d9%8a%d9%82%d8%b7%d9%8a%d9%86-%d9%88%d8%a7%d9%84%d9%81%d8%a7%d8%b5%d9%88%d9%84%d9%8a%d8%a7-%d8%a7%d9%84%d8%a8%d9%8a%d8%b6%d8%a7%d8%a1-%d9%88%d8%a7%d9%84%d9%84/,https://staging.lacuisinedebernard.com/%d8%ad%d8%b3%d8%a7%d8%a1-%d8%a7%d9%84%d9%8a%d9%82%d8%b7%d9%8a%d9%86-%d9%88%d8%a7%d9%84%d9%81%d8%a7%d8%b5%d9%88%d9%84%d9%8a%d8%a7-%d8%a7%d9%84%d8%a8%d9%8a%d8%b6%d8%a7%d8%a1-%d9%88%d8%a7%d9%84%d9%84
https://lacuisinedebernard.com/%d8%a7%d9%84%d9%83%d9%85%d8%a8%d9%8a%d9%88%d8%aa%d8%b1-%d8%a7%d9%84%d9%84%d9%88%d8%ad%d9%8a-qooq,https://staging.lacuisinedebernard.com/%d8%a7%d9%84%d9%83%d9%85%d8%a8%d9%8a%d9%88%d8%aa%d8%b1-%d8%a7%d9%84%d9%84%d9%88%d8%ad%d9%8a-qooq
https://lacuisinedebernard.com/%d8%a7%d9%84%d9%83%d9%85%d8%a8%d9%8a%d9%88%d8%aa%d8%b1-%d8%a7%d9%84%d9%84%d9%88%d8%ad%d9%8a-qooq/,https://staging.lacuisinedebernard.com/%d8%a7%d9%84%d9%83%d9%85%d8%a8%d9%8a%d9%88%d8%aa%d8%b1-%d8%a7%d9%84%d9%84%d9%88%d8%ad%d9%8a-qooq
https://www.lacuisinedebernard.com/%d8%a7%d9%84%d9%83%d9%85%d8%a8%d9%8a%d9%88%d8%aa%d8%b1-%d8%a7%d9%84%d9%84%d9%88%d8%ad%d9%8a-qooq,https://staging.lacuisinedebernard.com/%d8%a7%d9%84%d9%83%d9%85%d8%a8%d9%8a%d9%88%d8%aa%d8%b1-%d8%a7%d9%84%d9%84%d9%88%d8%ad%d9%8a-qooq
https://www.lacuisinedebernard.com/%d8%a7%d9%84%d9%83%d9%85%d8%a8%d9%8a%d9%88%d8%aa%d8%b1-%d8%a7%d9%84%d9%84%d9%88%d8%ad%d9%8a-qooq/,https://staging.lacuisinedebernard.com/%d8%a7%d9%84%d9%83%d9%85%d8%a8%d9%8a%d9%88%d8%aa%d8%b1-%d8%a7%d9%84%d9%84%d9%88%d8%ad%d9%8a-qooq
https://lacuisinedebernard.com/hazelnut-butter-cookies-coffee-hazelnut-and-chocolate,https://staging.lacuisinedebernard.com/hazelnut-butter-cookies-coffee-hazelnut-and-chocolate
https://lacuisinedebernard.com/hazelnut-butter-cookies-coffee-hazelnut-and-chocolate/,https://staging.lacuisinedebernard.com/hazelnut-butter-cookies-coffee-hazelnut-and-chocolate
https://www.lacuisinedebernard.com/hazelnut-butter-cookies-coffee-hazelnut-and-chocolate,https://staging.lacuisinedebernard.com/hazelnut-butter-cookies-coffee-hazelnut-and-chocolate
https://www.lacuisinedebernard.com/hazelnut-butter-cookies-coffee-hazelnut-and-chocolate/,https://staging.lacuisinedebernard.com/hazelnut-butter-cookies-coffee-hazelnut-and-chocolate
https://lacuisinedebernard.com/%d9%84%d8%a7%d8%b2%d8%a7%d9%86%d9%8a%d8%a7-%d8%a8%d9%88%d9%84%d9%88%d9%86%d9%8a%d8%b2,https://staging.lacuisinedebernard.com/%d9%84%d8%a7%d8%b2%d8%a7%d9%86%d9%8a%d8%a7-%d8%a8%d9%88%d9%84%d9%88%d9%86%d9%8a%d8%b2
https://lacuisinedebernard.com/%d9%84%d8%a7%d8%b2%d8%a7%d9%86%d9%8a%d8%a7-%d8%a8%d9%88%d9%84%d9%88%d9%86%d9%8a%d8%b2/,https://staging.lacuisinedebernard.com/%d9%84%d8%a7%d8%b2%d8%a7%d9%86%d9%8a%d8%a7-%d8%a8%d9%88%d9%84%d9%88%d9%86%d9%8a%d8%b2
https://www.lacuisinedebernard.com/%d9%84%d8%a7%d8%b2%d8%a7%d9%86%d9%8a%d8%a7-%d8%a8%d9%88%d9%84%d9%88%d9%86%d9%8a%d8%b2,https://staging.lacuisinedebernard.com/%d9%84%d8%a7%d8%b2%d8%a7%d9%86%d9%8a%d8%a7-%d8%a8%d9%88%d9%84%d9%88%d9%86%d9%8a%d8%b2
https://www.lacuisinedebernard.com/%d9%84%d8%a7%d8%b2%d8%a7%d9%86%d9%8a%d8%a7-%d8%a8%d9%88%d9%84%d9%88%d9%86%d9%8a%d8%b2/,https://staging.lacuisinedebernard.com/%d9%84%d8%a7%d8%b2%d8%a7%d9%86%d9%8a%d8%a7-%d8%a8%d9%88%d9%84%d9%88%d9%86%d9%8a%d8%b2
https://lacuisinedebernard.com/pistacio-e-bolo-rei-de-flor-de-laranjeira,https://staging.lacuisinedebernard.com/pistacio-e-bolo-rei-de-flor-de-laranjeira
https://lacuisinedebernard.com/pistacio-e-bolo-rei-de-flor-de-laranjeira/,https://staging.lacuisinedebernard.com/pistacio-e-bolo-rei-de-flor-de-laranjeira
https://www.lacuisinedebernard.com/pistacio-e-bolo-rei-de-flor-de-laranjeira,https://staging.lacuisinedebernard.com/pistacio-e-bolo-rei-de-flor-de-laranjeira
https://www.lacuisinedebernard.com/pistacio-e-bolo-rei-de-flor-de-laranjeira/,https://staging.lacuisinedebernard.com/pistacio-e-bolo-rei-de-flor-de-laranjeira
https://lacuisinedebernard.com/pan-de-molde-crujiente-con-mantequilla-de-avellana,https://staging.lacuisinedebernard.com/pan-de-molde-crujiente-con-mantequilla-de-avellana
https://lacuisinedebernard.com/pan-de-molde-crujiente-con-mantequilla-de-avellana/,https://staging.lacuisinedebernard.com/pan-de-molde-crujiente-con-mantequilla-de-avellana
https://www.lacuisinedebernard.com/pan-de-molde-crujiente-con-mantequilla-de-avellana,https://staging.lacuisinedebernard.com/pan-de-molde-crujiente-con-mantequilla-de-avellana
https://www.lacuisinedebernard.com/pan-de-molde-crujiente-con-mantequilla-de-avellana/,https://staging.lacuisinedebernard.com/pan-de-molde-crujiente-con-mantequilla-de-avellana
https://lacuisinedebernard.com/nuevo-tema-para-las-clases-de-cocina-tailandesa-del-sabado-4-y-domingo-5-de-enero-de-2020,https://staging.lacuisinedebernard.com/nuevo-tema-para-las-clases-de-cocina-tailandesa-del-sabado-4-y-domingo-5-de-enero-de-2020
https://lacuisinedebernard.com/nuevo-tema-para-las-clases-de-cocina-tailandesa-del-sabado-4-y-domingo-5-de-enero-de-2020/,https://staging.lacuisinedebernard.com/nuevo-tema-para-las-clases-de-cocina-tailandesa-del-sabado-4-y-domingo-5-de-enero-de-2020
https://www.lacuisinedebernard.com/nuevo-tema-para-las-clases-de-cocina-tailandesa-del-sabado-4-y-domingo-5-de-enero-de-2020,https://staging.lacuisinedebernard.com/nuevo-tema-para-las-clases-de-cocina-tailandesa-del-sabado-4-y-domingo-5-de-enero-de-2020
https://www.lacuisinedebernard.com/nuevo-tema-para-las-clases-de-cocina-tailandesa-del-sabado-4-y-domingo-5-de-enero-de-2020/,https://staging.lacuisinedebernard.com/nuevo-tema-para-las-clases-de-cocina-tailandesa-del-sabado-4-y-domingo-5-de-enero-de-2020
https://lacuisinedebernard.com/%d8%a7%d9%84%d9%83%d8%b3%d8%aa%d9%86%d8%a7%d8%a1-%d8%a7%d9%84%d9%83%d8%b1%d9%81%d8%b3-veloute,https://staging.lacuisinedebernard.com/%d8%a7%d9%84%d9%83%d8%b3%d8%aa%d9%86%d8%a7%d8%a1-%d8%a7%d9%84%d9%83%d8%b1%d9%81%d8%b3-veloute
https://lacuisinedebernard.com/%d8%a7%d9%84%d9%83%d8%b3%d8%aa%d9%86%d8%a7%d8%a1-%d8%a7%d9%84%d9%83%d8%b1%d9%81%d8%b3-veloute/,https://staging.lacuisinedebernard.com/%d8%a7%d9%84%d9%83%d8%b3%d8%aa%d9%86%d8%a7%d8%a1-%d8%a7%d9%84%d9%83%d8%b1%d9%81%d8%b3-veloute
https://www.lacuisinedebernard.com/%d8%a7%d9%84%d9%83%d8%b3%d8%aa%d9%86%d8%a7%d8%a1-%d8%a7%d9%84%d9%83%d8%b1%d9%81%d8%b3-veloute,https://staging.lacuisinedebernard.com/%d8%a7%d9%84%d9%83%d8%b3%d8%aa%d9%86%d8%a7%d8%a1-%d8%a7%d9%84%d9%83%d8%b1%d9%81%d8%b3-veloute
https://www.lacuisinedebernard.com/%d8%a7%d9%84%d9%83%d8%b3%d8%aa%d9%86%d8%a7%d8%a1-%d8%a7%d9%84%d9%83%d8%b1%d9%81%d8%b3-veloute/,https://staging.lacuisinedebernard.com/%d8%a7%d9%84%d9%83%d8%b3%d8%aa%d9%86%d8%a7%d8%a1-%d8%a7%d9%84%d9%83%d8%b1%d9%81%d8%b3-veloute
https://lacuisinedebernard.com/%d9%83%d8%a7%d8%b1%d9%8a-%d8%a7%d9%84%d8%b3%d9%84%d8%b7%d8%b9%d9%88%d9%86-%d8%a7%d9%84%d8%a3%d8%b5%d9%81%d8%b1-%d8%a7%d9%84%d9%85%d8%b7%d8%a7%d8%b7%d9%8a,https://staging.lacuisinedebernard.com/%d9%83%d8%a7%d8%b1%d9%8a-%d8%a7%d9%84%d8%b3%d9%84%d8%b7%d8%b9%d9%88%d9%86-%d8%a7%d9%84%d8%a3%d8%b5%d9%81%d8%b1-%d8%a7%d9%84%d9%85%d8%b7%d8%a7%d8%b7%d9%8a
https://lacuisinedebernard.com/%d9%83%d8%a7%d8%b1%d9%8a-%d8%a7%d9%84%d8%b3%d9%84%d8%b7%d8%b9%d9%88%d9%86-%d8%a7%d9%84%d8%a3%d8%b5%d9%81%d8%b1-%d8%a7%d9%84%d9%85%d8%b7%d8%a7%d8%b7%d9%8a/,https://staging.lacuisinedebernard.com/%d9%83%d8%a7%d8%b1%d9%8a-%d8%a7%d9%84%d8%b3%d9%84%d8%b7%d8%b9%d9%88%d9%86-%d8%a7%d9%84%d8%a3%d8%b5%d9%81%d8%b1-%d8%a7%d9%84%d9%85%d8%b7%d8%a7%d8%b7%d9%8a
https://www.lacuisinedebernard.com/%d9%83%d8%a7%d8%b1%d9%8a-%d8%a7%d9%84%d8%b3%d9%84%d8%b7%d8%b9%d9%88%d9%86-%d8%a7%d9%84%d8%a3%d8%b5%d9%81%d8%b1-%d8%a7%d9%84%d9%85%d8%b7%d8%a7%d8%b7%d9%8a,https://staging.lacuisinedebernard.com/%d9%83%d8%a7%d8%b1%d9%8a-%d8%a7%d9%84%d8%b3%d9%84%d8%b7%d8%b9%d9%88%d9%86-%d8%a7%d9%84%d8%a3%d8%b5%d9%81%d8%b1-%d8%a7%d9%84%d9%85%d8%b7%d8%a7%d8%b7%d9%8a
https://www.lacuisinedebernard.com/%d9%83%d8%a7%d8%b1%d9%8a-%d8%a7%d9%84%d8%b3%d9%84%d8%b7%d8%b9%d9%88%d9%86-%d8%a7%d9%84%d8%a3%d8%b5%d9%81%d8%b1-%d8%a7%d9%84%d9%85%d8%b7%d8%a7%d8%b7%d9%8a/,https://staging.lacuisinedebernard.com/%d9%83%d8%a7%d8%b1%d9%8a-%d8%a7%d9%84%d8%b3%d9%84%d8%b7%d8%b9%d9%88%d9%86-%d8%a7%d9%84%d8%a3%d8%b5%d9%81%d8%b1-%d8%a7%d9%84%d9%85%d8%b7%d8%a7%d8%b7%d9%8a
https://lacuisinedebernard.com/%d8%a8%d8%b1%d9%88%d9%83%d9%84%d9%8a-%d8%b3%d8%a8%d8%a7%d9%86%d8%ae-%d9%81%d9%8a%d9%84%d9%88%d8%aa%d9%8a%d9%87,https://staging.lacuisinedebernard.com/%d8%a8%d8%b1%d9%88%d9%83%d9%84%d9%8a-%d8%b3%d8%a8%d8%a7%d9%86%d8%ae-%d9%81%d9%8a%d9%84%d9%88%d8%aa%d9%8a%d9%87
https://lacuisinedebernard.com/%d8%a8%d8%b1%d9%88%d9%83%d9%84%d9%8a-%d8%b3%d8%a8%d8%a7%d9%86%d8%ae-%d9%81%d9%8a%d9%84%d9%88%d8%aa%d9%8a%d9%87/,https://staging.lacuisinedebernard.com/%d8%a8%d8%b1%d9%88%d9%83%d9%84%d9%8a-%d8%b3%d8%a8%d8%a7%d9%86%d8%ae-%d9%81%d9%8a%d9%84%d9%88%d8%aa%d9%8a%d9%87
https://www.lacuisinedebernard.com/%d8%a8%d8%b1%d9%88%d9%83%d9%84%d9%8a-%d8%b3%d8%a8%d8%a7%d9%86%d8%ae-%d9%81%d9%8a%d9%84%d9%88%d8%aa%d9%8a%d9%87,https://staging.lacuisinedebernard.com/%d8%a8%d8%b1%d9%88%d9%83%d9%84%d9%8a-%d8%b3%d8%a8%d8%a7%d9%86%d8%ae-%d9%81%d9%8a%d9%84%d9%88%d8%aa%d9%8a%d9%87
https://www.lacuisinedebernard.com/%d8%a8%d8%b1%d9%88%d9%83%d9%84%d9%8a-%d8%b3%d8%a8%d8%a7%d9%86%d8%ae-%d9%81%d9%8a%d9%84%d9%88%d8%aa%d9%8a%d9%87/,https://staging.lacuisinedebernard.com/%d8%a8%d8%b1%d9%88%d9%83%d9%84%d9%8a-%d8%b3%d8%a8%d8%a7%d9%86%d8%ae-%d9%81%d9%8a%d9%84%d9%88%d8%aa%d9%8a%d9%87
https://lacuisinedebernard.com/%d9%88%d8%b1%d8%b4-%d8%b9%d9%85%d9%84-%d9%8a%d9%88%d9%86%d9%8a%d9%88-2022,https://staging.lacuisinedebernard.com/%d9%88%d8%b1%d8%b4-%d8%b9%d9%85%d9%84-%d9%8a%d9%88%d9%86%d9%8a%d9%88-2022
https://lacuisinedebernard.com/%d9%88%d8%b1%d8%b4-%d8%b9%d9%85%d9%84-%d9%8a%d9%88%d9%86%d9%8a%d9%88-2022/,https://staging.lacuisinedebernard.com/%d9%88%d8%b1%d8%b4-%d8%b9%d9%85%d9%84-%d9%8a%d9%88%d9%86%d9%8a%d9%88-2022
https://www.lacuisinedebernard.com/%d9%88%d8%b1%d8%b4-%d8%b9%d9%85%d9%84-%d9%8a%d9%88%d9%86%d9%8a%d9%88-2022,https://staging.lacuisinedebernard.com/%d9%88%d8%b1%d8%b4-%d8%b9%d9%85%d9%84-%d9%8a%d9%88%d9%86%d9%8a%d9%88-2022
https://www.lacuisinedebernard.com/%d9%88%d8%b1%d8%b4-%d8%b9%d9%85%d9%84-%d9%8a%d9%88%d9%86%d9%8a%d9%88-2022/,https://staging.lacuisinedebernard.com/%d9%88%d8%b1%d8%b4-%d8%b9%d9%85%d9%84-%d9%8a%d9%88%d9%86%d9%8a%d9%88-2022
https://lacuisinedebernard.com/sopa-de-lentejas-amarillas,https://staging.lacuisinedebernard.com/sopa-de-lentejas-amarillas
https://lacuisinedebernard.com/sopa-de-lentejas-amarillas/,https://staging.lacuisinedebernard.com/sopa-de-lentejas-amarillas
https://www.lacuisinedebernard.com/sopa-de-lentejas-amarillas,https://staging.lacuisinedebernard.com/sopa-de-lentejas-amarillas
https://www.lacuisinedebernard.com/sopa-de-lentejas-amarillas/,https://staging.lacuisinedebernard.com/sopa-de-lentejas-amarillas
https://lacuisinedebernard.com/%d8%a7%d9%84%d8%b2%d9%86%d8%ac%d8%a8%d9%8a%d9%84-%d9%88%d8%a7%d9%84%d9%84%d9%8a%d9%85%d9%88%d9%86-%d9%84%d8%ad%d9%85-%d8%a7%d9%84%d8%ae%d9%86%d8%b2%d9%8a%d8%b1-%d8%a8%d8%a7%d9%84%d9%83%d8%b1%d8%a7,https://staging.lacuisinedebernard.com/%d8%a7%d9%84%d8%b2%d9%86%d8%ac%d8%a8%d9%8a%d9%84-%d9%88%d8%a7%d9%84%d9%84%d9%8a%d9%85%d9%88%d9%86-%d9%84%d8%ad%d9%85-%d8%a7%d9%84%d8%ae%d9%86%d8%b2%d9%8a%d8%b1-%d8%a8%d8%a7%d9%84%d9%83%d8%b1%d8%a7
https://lacuisinedebernard.com/%d8%a7%d9%84%d8%b2%d9%86%d8%ac%d8%a8%d9%8a%d9%84-%d9%88%d8%a7%d9%84%d9%84%d9%8a%d9%85%d9%88%d9%86-%d9%84%d8%ad%d9%85-%d8%a7%d9%84%d8%ae%d9%86%d8%b2%d9%8a%d8%b1-%d8%a8%d8%a7%d9%84%d9%83%d8%b1%d8%a7/,https://staging.lacuisinedebernard.com/%d8%a7%d9%84%d8%b2%d9%86%d8%ac%d8%a8%d9%8a%d9%84-%d9%88%d8%a7%d9%84%d9%84%d9%8a%d9%85%d9%88%d9%86-%d9%84%d8%ad%d9%85-%d8%a7%d9%84%d8%ae%d9%86%d8%b2%d9%8a%d8%b1-%d8%a8%d8%a7%d9%84%d9%83%d8%b1%d8%a7
https://www.lacuisinedebernard.com/%d8%a7%d9%84%d8%b2%d9%86%d8%ac%d8%a8%d9%8a%d9%84-%d9%88%d8%a7%d9%84%d9%84%d9%8a%d9%85%d9%88%d9%86-%d9%84%d8%ad%d9%85-%d8%a7%d9%84%d8%ae%d9%86%d8%b2%d9%8a%d8%b1-%d8%a8%d8%a7%d9%84%d9%83%d8%b1%d8%a7,https://staging.lacuisinedebernard.com/%d8%a7%d9%84%d8%b2%d9%86%d8%ac%d8%a8%d9%8a%d9%84-%d9%88%d8%a7%d9%84%d9%84%d9%8a%d9%85%d9%88%d9%86-%d9%84%d8%ad%d9%85-%d8%a7%d9%84%d8%ae%d9%86%d8%b2%d9%8a%d8%b1-%d8%a8%d8%a7%d9%84%d9%83%d8%b1%d8%a7
https://www.lacuisinedebernard.com/%d8%a7%d9%84%d8%b2%d9%86%d8%ac%d8%a8%d9%8a%d9%84-%d9%88%d8%a7%d9%84%d9%84%d9%8a%d9%85%d9%88%d9%86-%d9%84%d8%ad%d9%85-%d8%a7%d9%84%d8%ae%d9%86%d8%b2%d9%8a%d8%b1-%d8%a8%d8%a7%d9%84%d9%83%d8%b1%d8%a7/,https://staging.lacuisinedebernard.com/%d8%a7%d9%84%d8%b2%d9%86%d8%ac%d8%a8%d9%8a%d9%84-%d9%88%d8%a7%d9%84%d9%84%d9%8a%d9%85%d9%88%d9%86-%d9%84%d8%ad%d9%85-%d8%a7%d9%84%d8%ae%d9%86%d8%b2%d9%8a%d8%b1-%d8%a8%d8%a7%d9%84%d9%83%d8%b1%d8%a7
https://lacuisinedebernard.com/sopa-de-lentilhas-amarelas,https://staging.lacuisinedebernard.com/sopa-de-lentilhas-amarelas
https://lacuisinedebernard.com/sopa-de-lentilhas-amarelas/,https://staging.lacuisinedebernard.com/sopa-de-lentilhas-amarelas
https://www.lacuisinedebernard.com/sopa-de-lentilhas-amarelas,https://staging.lacuisinedebernard.com/sopa-de-lentilhas-amarelas
https://www.lacuisinedebernard.com/sopa-de-lentilhas-amarelas/,https://staging.lacuisinedebernard.com/sopa-de-lentilhas-amarelas
https://lacuisinedebernard.com/dutch-baby-brocoli-cheddar-y-bacon,https://staging.lacuisinedebernard.com/dutch-baby-brocoli-cheddar-y-bacon
https://lacuisinedebernard.com/dutch-baby-brocoli-cheddar-y-bacon/,https://staging.lacuisinedebernard.com/dutch-baby-brocoli-cheddar-y-bacon
https://www.lacuisinedebernard.com/dutch-baby-brocoli-cheddar-y-bacon,https://staging.lacuisinedebernard.com/dutch-baby-brocoli-cheddar-y-bacon
https://www.lacuisinedebernard.com/dutch-baby-brocoli-cheddar-y-bacon/,https://staging.lacuisinedebernard.com/dutch-baby-brocoli-cheddar-y-bacon
https://lacuisinedebernard.com/yellow-lentil-soup,https://staging.lacuisinedebernard.com/yellow-lentil-soup
https://lacuisinedebernard.com/yellow-lentil-soup/,https://staging.lacuisinedebernard.com/yellow-lentil-soup
https://www.lacuisinedebernard.com/yellow-lentil-soup,https://staging.lacuisinedebernard.com/yellow-lentil-soup
https://www.lacuisinedebernard.com/yellow-lentil-soup/,https://staging.lacuisinedebernard.com/yellow-lentil-soup
https://lacuisinedebernard.com/brocolos-holandeses-para-bebe-cheddar-e-bacon,https://staging.lacuisinedebernard.com/brocolos-holandeses-para-bebe-cheddar-e-bacon
https://lacuisinedebernard.com/brocolos-holandeses-para-bebe-cheddar-e-bacon/,https://staging.lacuisinedebernard.com/brocolos-holandeses-para-bebe-cheddar-e-bacon
https://www.lacuisinedebernard.com/brocolos-holandeses-para-bebe-cheddar-e-bacon,https://staging.lacuisinedebernard.com/brocolos-holandeses-para-bebe-cheddar-e-bacon
https://www.lacuisinedebernard.com/brocolos-holandeses-para-bebe-cheddar-e-bacon/,https://staging.lacuisinedebernard.com/brocolos-holandeses-para-bebe-cheddar-e-bacon
https://lacuisinedebernard.com/%d8%aa%d8%b4%d9%88%d9%83%d9%84%d8%a7%d8%af%d8%a8%d9%88%d9%84%d8%a7%d8%b1,https://staging.lacuisinedebernard.com/%d8%aa%d8%b4%d9%88%d9%83%d9%84%d8%a7%d8%af%d8%a8%d9%88%d9%84%d8%a7%d8%b1
https://lacuisinedebernard.com/%d8%aa%d8%b4%d9%88%d9%83%d9%84%d8%a7%d8%af%d8%a8%d9%88%d9%84%d8%a7%d8%b1/,https://staging.lacuisinedebernard.com/%d8%aa%d8%b4%d9%88%d9%83%d9%84%d8%a7%d8%af%d8%a8%d9%88%d9%84%d8%a7%d8%b1
https://www.lacuisinedebernard.com/%d8%aa%d8%b4%d9%88%d9%83%d9%84%d8%a7%d8%af%d8%a8%d9%88%d9%84%d8%a7%d8%b1,https://staging.lacuisinedebernard.com/%d8%aa%d8%b4%d9%88%d9%83%d9%84%d8%a7%d8%af%d8%a8%d9%88%d9%84%d8%a7%d8%b1
https://www.lacuisinedebernard.com/%d8%aa%d8%b4%d9%88%d9%83%d9%84%d8%a7%d8%af%d8%a8%d9%88%d9%84%d8%a7%d8%b1/,https://staging.lacuisinedebernard.com/%d8%aa%d8%b4%d9%88%d9%83%d9%84%d8%a7%d8%af%d8%a8%d9%88%d9%84%d8%a7%d8%b1
https://lacuisinedebernard.com/galletas-de-praline-de-trigo-sarraceno,https://staging.lacuisinedebernard.com/galletas-de-praline-de-trigo-sarraceno
https://lacuisinedebernard.com/galletas-de-praline-de-trigo-sarraceno/,https://staging.lacuisinedebernard.com/galletas-de-praline-de-trigo-sarraceno
https://www.lacuisinedebernard.com/galletas-de-praline-de-trigo-sarraceno,https://staging.lacuisinedebernard.com/galletas-de-praline-de-trigo-sarraceno
https://www.lacuisinedebernard.com/galletas-de-praline-de-trigo-sarraceno/,https://staging.lacuisinedebernard.com/galletas-de-praline-de-trigo-sarraceno
https://lacuisinedebernard.com/grilled-and-flambeed-lobsters,https://staging.lacuisinedebernard.com/grilled-and-flambeed-lobsters
https://lacuisinedebernard.com/grilled-and-flambeed-lobsters/,https://staging.lacuisinedebernard.com/grilled-and-flambeed-lobsters
https://www.lacuisinedebernard.com/grilled-and-flambeed-lobsters,https://staging.lacuisinedebernard.com/grilled-and-flambeed-lobsters
https://www.lacuisinedebernard.com/grilled-and-flambeed-lobsters/,https://staging.lacuisinedebernard.com/grilled-and-flambeed-lobsters
https://lacuisinedebernard.com/praga,https://staging.lacuisinedebernard.com/praga
https://lacuisinedebernard.com/praga/,https://staging.lacuisinedebernard.com/praga
https://www.lacuisinedebernard.com/praga,https://staging.lacuisinedebernard.com/praga
https://www.lacuisinedebernard.com/praga/,https://staging.lacuisinedebernard.com/praga
https://lacuisinedebernard.com/%d8%aa%d9%8a%d9%86%d9%88%d8%b3,https://staging.lacuisinedebernard.com/%d8%aa%d9%8a%d9%86%d9%88%d8%b3
https://lacuisinedebernard.com/%d8%aa%d9%8a%d9%86%d9%88%d8%b3/,https://staging.lacuisinedebernard.com/%d8%aa%d9%8a%d9%86%d9%88%d8%b3
https://www.lacuisinedebernard.com/%d8%aa%d9%8a%d9%86%d9%88%d8%b3,https://staging.lacuisinedebernard.com/%d8%aa%d9%8a%d9%86%d9%88%d8%b3
https://www.lacuisinedebernard.com/%d8%aa%d9%8a%d9%86%d9%88%d8%b3/,https://staging.lacuisinedebernard.com/%d8%aa%d9%8a%d9%86%d9%88%d8%b3
https://lacuisinedebernard.com/greek-salad,https://staging.lacuisinedebernard.com/greek-salad
https://lacuisinedebernard.com/greek-salad/,https://staging.lacuisinedebernard.com/greek-salad
https://www.lacuisinedebernard.com/greek-salad,https://staging.lacuisinedebernard.com/greek-salad
https://www.lacuisinedebernard.com/greek-salad/,https://staging.lacuisinedebernard.com/greek-salad
https://lacuisinedebernard.com/goulash-checo,https://staging.lacuisinedebernard.com/goulash-checo
https://lacuisinedebernard.com/goulash-checo/,https://staging.lacuisinedebernard.com/goulash-checo
https://www.lacuisinedebernard.com/goulash-checo,https://staging.lacuisinedebernard.com/goulash-checo
https://www.lacuisinedebernard.com/goulash-checo/,https://staging.lacuisinedebernard.com/goulash-checo
https://lacuisinedebernard.com/gaspacho-verde,https://staging.lacuisinedebernard.com/gaspacho-verde
https://lacuisinedebernard.com/gaspacho-verde/,https://staging.lacuisinedebernard.com/gaspacho-verde
https://www.lacuisinedebernard.com/gaspacho-verde,https://staging.lacuisinedebernard.com/gaspacho-verde
https://www.lacuisinedebernard.com/gaspacho-verde/,https://staging.lacuisinedebernard.com/gaspacho-verde
https://lacuisinedebernard.com/ensalada-vietnamita-con-cerdo-caramelizado,https://staging.lacuisinedebernard.com/ensalada-vietnamita-con-cerdo-caramelizado
https://lacuisinedebernard.com/ensalada-vietnamita-con-cerdo-caramelizado/,https://staging.lacuisinedebernard.com/ensalada-vietnamita-con-cerdo-caramelizado
https://www.lacuisinedebernard.com/ensalada-vietnamita-con-cerdo-caramelizado,https://staging.lacuisinedebernard.com/ensalada-vietnamita-con-cerdo-caramelizado
https://www.lacuisinedebernard.com/ensalada-vietnamita-con-cerdo-caramelizado/,https://staging.lacuisinedebernard.com/ensalada-vietnamita-con-cerdo-caramelizado
https://lacuisinedebernard.com/%d8%a7%d9%84%d9%83%d8%b1%d9%83%d9%86%d8%af-%d8%a7%d9%84%d9%85%d8%b4%d9%88%d9%8a-%d9%88%d8%a7%d9%84%d9%85%d8%ad%d9%85%d8%b5,https://staging.lacuisinedebernard.com/%d8%a7%d9%84%d9%83%d8%b1%d9%83%d9%86%d8%af-%d8%a7%d9%84%d9%85%d8%b4%d9%88%d9%8a-%d9%88%d8%a7%d9%84%d9%85%d8%ad%d9%85%d8%b5
https://lacuisinedebernard.com/%d8%a7%d9%84%d9%83%d8%b1%d9%83%d9%86%d8%af-%d8%a7%d9%84%d9%85%d8%b4%d9%88%d9%8a-%d9%88%d8%a7%d9%84%d9%85%d8%ad%d9%85%d8%b5/,https://staging.lacuisinedebernard.com/%d8%a7%d9%84%d9%83%d8%b1%d9%83%d9%86%d8%af-%d8%a7%d9%84%d9%85%d8%b4%d9%88%d9%8a-%d9%88%d8%a7%d9%84%d9%85%d8%ad%d9%85%d8%b5
https://www.lacuisinedebernard.com/%d8%a7%d9%84%d9%83%d8%b1%d9%83%d9%86%d8%af-%d8%a7%d9%84%d9%85%d8%b4%d9%88%d9%8a-%d9%88%d8%a7%d9%84%d9%85%d8%ad%d9%85%d8%b5,https://staging.lacuisinedebernard.com/%d8%a7%d9%84%d9%83%d8%b1%d9%83%d9%86%d8%af-%d8%a7%d9%84%d9%85%d8%b4%d9%88%d9%8a-%d9%88%d8%a7%d9%84%d9%85%d8%ad%d9%85%d8%b5
https://www.lacuisinedebernard.com/%d8%a7%d9%84%d9%83%d8%b1%d9%83%d9%86%d8%af-%d8%a7%d9%84%d9%85%d8%b4%d9%88%d9%8a-%d9%88%d8%a7%d9%84%d9%85%d8%ad%d9%85%d8%b5/,https://staging.lacuisinedebernard.com/%d8%a7%d9%84%d9%83%d8%b1%d9%83%d9%86%d8%af-%d8%a7%d9%84%d9%85%d8%b4%d9%88%d9%8a-%d9%88%d8%a7%d9%84%d9%85%d8%ad%d9%85%d8%b5
https://lacuisinedebernard.com/green-gaspacho,https://staging.lacuisinedebernard.com/green-gaspacho
https://lacuisinedebernard.com/green-gaspacho/,https://staging.lacuisinedebernard.com/green-gaspacho
https://www.lacuisinedebernard.com/green-gaspacho,https://staging.lacuisinedebernard.com/green-gaspacho
https://www.lacuisinedebernard.com/green-gaspacho/,https://staging.lacuisinedebernard.com/green-gaspacho
https://lacuisinedebernard.com/biscoitos-praline-buckwheat,https://staging.lacuisinedebernard.com/biscoitos-praline-buckwheat
https://lacuisinedebernard.com/biscoitos-praline-buckwheat/,https://staging.lacuisinedebernard.com/biscoitos-praline-buckwheat
https://www.lacuisinedebernard.com/biscoitos-praline-buckwheat,https://staging.lacuisinedebernard.com/biscoitos-praline-buckwheat
https://www.lacuisinedebernard.com/biscoitos-praline-buckwheat/,https://staging.lacuisinedebernard.com/biscoitos-praline-buckwheat
https://lacuisinedebernard.com/mi-taller-escuela-asociada-a-kitchenaid-2018-2019,https://staging.lacuisinedebernard.com/mi-taller-escuela-asociada-a-kitchenaid-2018-2019
https://lacuisinedebernard.com/mi-taller-escuela-asociada-a-kitchenaid-2018-2019/,https://staging.lacuisinedebernard.com/mi-taller-escuela-asociada-a-kitchenaid-2018-2019
https://www.lacuisinedebernard.com/mi-taller-escuela-asociada-a-kitchenaid-2018-2019,https://staging.lacuisinedebernard.com/mi-taller-escuela-asociada-a-kitchenaid-2018-2019
https://www.lacuisinedebernard.com/mi-taller-escuela-asociada-a-kitchenaid-2018-2019/,https://staging.lacuisinedebernard.com/mi-taller-escuela-asociada-a-kitchenaid-2018-2019
https://lacuisinedebernard.com/%d8%b3%d9%84%d8%b7%d8%a9-%d9%8a%d9%88%d9%86%d8%a7%d9%86%d9%8a%d8%a9,https://staging.lacuisinedebernard.com/%d8%b3%d9%84%d8%b7%d8%a9-%d9%8a%d9%88%d9%86%d8%a7%d9%86%d9%8a%d8%a9
https://lacuisinedebernard.com/%d8%b3%d9%84%d8%b7%d8%a9-%d9%8a%d9%88%d9%86%d8%a7%d9%86%d9%8a%d8%a9/,https://staging.lacuisinedebernard.com/%d8%b3%d9%84%d8%b7%d8%a9-%d9%8a%d9%88%d9%86%d8%a7%d9%86%d9%8a%d8%a9
https://www.lacuisinedebernard.com/%d8%b3%d9%84%d8%b7%d8%a9-%d9%8a%d9%88%d9%86%d8%a7%d9%86%d9%8a%d8%a9,https://staging.lacuisinedebernard.com/%d8%b3%d9%84%d8%b7%d8%a9-%d9%8a%d9%88%d9%86%d8%a7%d9%86%d9%8a%d8%a9
https://www.lacuisinedebernard.com/%d8%b3%d9%84%d8%b7%d8%a9-%d9%8a%d9%88%d9%86%d8%a7%d9%86%d9%8a%d8%a9/,https://staging.lacuisinedebernard.com/%d8%b3%d9%84%d8%b7%d8%a9-%d9%8a%d9%88%d9%86%d8%a7%d9%86%d9%8a%d8%a9
https://lacuisinedebernard.com/czech-goulash,https://staging.lacuisinedebernard.com/czech-goulash
https://lacuisinedebernard.com/czech-goulash/,https://staging.lacuisinedebernard.com/czech-goulash
https://www.lacuisinedebernard.com/czech-goulash,https://staging.lacuisinedebernard.com/czech-goulash
https://www.lacuisinedebernard.com/czech-goulash/,https://staging.lacuisinedebernard.com/czech-goulash
https://lacuisinedebernard.com/tinos,https://staging.lacuisinedebernard.com/tinos
https://lacuisinedebernard.com/tinos/,https://staging.lacuisinedebernard.com/tinos
https://www.lacuisinedebernard.com/tinos,https://staging.lacuisinedebernard.com/tinos
https://www.lacuisinedebernard.com/tinos/,https://staging.lacuisinedebernard.com/tinos
https://lacuisinedebernard.com/prague,https://staging.lacuisinedebernard.com/prague
https://lacuisinedebernard.com/prague/,https://staging.lacuisinedebernard.com/prague
https://www.lacuisinedebernard.com/prague,https://staging.lacuisinedebernard.com/prague
https://www.lacuisinedebernard.com/prague/,https://staging.lacuisinedebernard.com/prague
https://lacuisinedebernard.com/buckwheat-praline-cookies,https://staging.lacuisinedebernard.com/buckwheat-praline-cookies
https://lacuisinedebernard.com/buckwheat-praline-cookies/,https://staging.lacuisinedebernard.com/buckwheat-praline-cookies
https://www.lacuisinedebernard.com/buckwheat-praline-cookies,https://staging.lacuisinedebernard.com/buckwheat-praline-cookies
https://www.lacuisinedebernard.com/buckwheat-praline-cookies/,https://staging.lacuisinedebernard.com/buckwheat-praline-cookies
https://lacuisinedebernard.com/salada-vietnamita-com-carne-de-porco-caramelizada,https://staging.lacuisinedebernard.com/salada-vietnamita-com-carne-de-porco-caramelizada
https://lacuisinedebernard.com/salada-vietnamita-com-carne-de-porco-caramelizada/,https://staging.lacuisinedebernard.com/salada-vietnamita-com-carne-de-porco-caramelizada
https://www.lacuisinedebernard.com/salada-vietnamita-com-carne-de-porco-caramelizada,https://staging.lacuisinedebernard.com/salada-vietnamita-com-carne-de-porco-caramelizada
https://www.lacuisinedebernard.com/salada-vietnamita-com-carne-de-porco-caramelizada/,https://staging.lacuisinedebernard.com/salada-vietnamita-com-carne-de-porco-caramelizada
https://lacuisinedebernard.com/a-minha-oficina-kitchenaid-escola-parceira-2018-2019,https://staging.lacuisinedebernard.com/a-minha-oficina-kitchenaid-escola-parceira-2018-2019
https://lacuisinedebernard.com/a-minha-oficina-kitchenaid-escola-parceira-2018-2019/,https://staging.lacuisinedebernard.com/a-minha-oficina-kitchenaid-escola-parceira-2018-2019
https://www.lacuisinedebernard.com/a-minha-oficina-kitchenaid-escola-parceira-2018-2019,https://staging.lacuisinedebernard.com/a-minha-oficina-kitchenaid-escola-parceira-2018-2019
https://www.lacuisinedebernard.com/a-minha-oficina-kitchenaid-escola-parceira-2018-2019/,https://staging.lacuisinedebernard.com/a-minha-oficina-kitchenaid-escola-parceira-2018-2019
https://lacuisinedebernard.com/chokladbollar,https://staging.lacuisinedebernard.com/chokladbollar
https://lacuisinedebernard.com/chokladbollar/,https://staging.lacuisinedebernard.com/chokladbollar
https://www.lacuisinedebernard.com/chokladbollar,https://staging.lacuisinedebernard.com/chokladbollar
https://www.lacuisinedebernard.com/chokladbollar/,https://staging.lacuisinedebernard.com/chokladbollar
https://lacuisinedebernard.com/%d8%ac%d9%88%d9%84%d8%a7%d8%b4-%d8%aa%d8%b4%d9%8a%d9%83%d9%8a,https://staging.lacuisinedebernard.com/%d8%ac%d9%88%d9%84%d8%a7%d8%b4-%d8%aa%d8%b4%d9%8a%d9%83%d9%8a
https://lacuisinedebernard.com/%d8%ac%d9%88%d9%84%d8%a7%d8%b4-%d8%aa%d8%b4%d9%8a%d9%83%d9%8a/,https://staging.lacuisinedebernard.com/%d8%ac%d9%88%d9%84%d8%a7%d8%b4-%d8%aa%d8%b4%d9%8a%d9%83%d9%8a
https://www.lacuisinedebernard.com/%d8%ac%d9%88%d9%84%d8%a7%d8%b4-%d8%aa%d8%b4%d9%8a%d9%83%d9%8a,https://staging.lacuisinedebernard.com/%d8%ac%d9%88%d9%84%d8%a7%d8%b4-%d8%aa%d8%b4%d9%8a%d9%83%d9%8a
https://www.lacuisinedebernard.com/%d8%ac%d9%88%d9%84%d8%a7%d8%b4-%d8%aa%d8%b4%d9%8a%d9%83%d9%8a/,https://staging.lacuisinedebernard.com/%d8%ac%d9%88%d9%84%d8%a7%d8%b4-%d8%aa%d8%b4%d9%8a%d9%83%d9%8a
https://lacuisinedebernard.com/%d8%a7%d9%84%d8%ac%d8%a7%d8%b2%d8%a8%d8%a7%d8%aa%d8%b4%d9%88-%d8%a7%d9%84%d8%a3%d8%ae%d8%b6%d8%b1,https://staging.lacuisinedebernard.com/%d8%a7%d9%84%d8%ac%d8%a7%d8%b2%d8%a8%d8%a7%d8%aa%d8%b4%d9%88-%d8%a7%d9%84%d8%a3%d8%ae%d8%b6%d8%b1
https://lacuisinedebernard.com/%d8%a7%d9%84%d8%ac%d8%a7%d8%b2%d8%a8%d8%a7%d8%aa%d8%b4%d9%88-%d8%a7%d9%84%d8%a3%d8%ae%d8%b6%d8%b1/,https://staging.lacuisinedebernard.com/%d8%a7%d9%84%d8%ac%d8%a7%d8%b2%d8%a8%d8%a7%d8%aa%d8%b4%d9%88-%d8%a7%d9%84%d8%a3%d8%ae%d8%b6%d8%b1
https://www.lacuisinedebernard.com/%d8%a7%d9%84%d8%ac%d8%a7%d8%b2%d8%a8%d8%a7%d8%aa%d8%b4%d9%88-%d8%a7%d9%84%d8%a3%d8%ae%d8%b6%d8%b1,https://staging.lacuisinedebernard.com/%d8%a7%d9%84%d8%ac%d8%a7%d8%b2%d8%a8%d8%a7%d8%aa%d8%b4%d9%88-%d8%a7%d9%84%d8%a3%d8%ae%d8%b6%d8%b1
https://www.lacuisinedebernard.com/%d8%a7%d9%84%d8%ac%d8%a7%d8%b2%d8%a8%d8%a7%d8%aa%d8%b4%d9%88-%d8%a7%d9%84%d8%a3%d8%ae%d8%b6%d8%b1/,https://staging.lacuisinedebernard.com/%d8%a7%d9%84%d8%ac%d8%a7%d8%b2%d8%a8%d8%a7%d8%aa%d8%b4%d9%88-%d8%a7%d9%84%d8%a3%d8%ae%d8%b6%d8%b1
https://lacuisinedebernard.com/dutch-baby-broccoli-cheddar-and-bacon,https://staging.lacuisinedebernard.com/dutch-baby-broccoli-cheddar-and-bacon
https://lacuisinedebernard.com/dutch-baby-broccoli-cheddar-and-bacon/,https://staging.lacuisinedebernard.com/dutch-baby-broccoli-cheddar-and-bacon
https://www.lacuisinedebernard.com/dutch-baby-broccoli-cheddar-and-bacon,https://staging.lacuisinedebernard.com/dutch-baby-broccoli-cheddar-and-bacon
https://www.lacuisinedebernard.com/dutch-baby-broccoli-cheddar-and-bacon/,https://staging.lacuisinedebernard.com/dutch-baby-broccoli-cheddar-and-bacon
https://lacuisinedebernard.com/%d8%b4%d9%88%d8%b1%d8%a8%d8%a9-%d8%b9%d8%af%d8%b3-%d8%a3%d8%b5%d9%81%d8%b1,https://staging.lacuisinedebernard.com/%d8%b4%d9%88%d8%b1%d8%a8%d8%a9-%d8%b9%d8%af%d8%b3-%d8%a3%d8%b5%d9%81%d8%b1
https://lacuisinedebernard.com/%d8%b4%d9%88%d8%b1%d8%a8%d8%a9-%d8%b9%d8%af%d8%b3-%d8%a3%d8%b5%d9%81%d8%b1/,https://staging.lacuisinedebernard.com/%d8%b4%d9%88%d8%b1%d8%a8%d8%a9-%d8%b9%d8%af%d8%b3-%d8%a3%d8%b5%d9%81%d8%b1
https://www.lacuisinedebernard.com/%d8%b4%d9%88%d8%b1%d8%a8%d8%a9-%d8%b9%d8%af%d8%b3-%d8%a3%d8%b5%d9%81%d8%b1,https://staging.lacuisinedebernard.com/%d8%b4%d9%88%d8%b1%d8%a8%d8%a9-%d8%b9%d8%af%d8%b3-%d8%a3%d8%b5%d9%81%d8%b1
https://www.lacuisinedebernard.com/%d8%b4%d9%88%d8%b1%d8%a8%d8%a9-%d8%b9%d8%af%d8%b3-%d8%a3%d8%b5%d9%81%d8%b1/,https://staging.lacuisinedebernard.com/%d8%b4%d9%88%d8%b1%d8%a8%d8%a9-%d8%b9%d8%af%d8%b3-%d8%a3%d8%b5%d9%81%d8%b1
https://lacuisinedebernard.com/%d8%a8%d8%b1%d8%a7%d8%ba,https://staging.lacuisinedebernard.com/%d8%a8%d8%b1%d8%a7%d8%ba
https://lacuisinedebernard.com/%d8%a8%d8%b1%d8%a7%d8%ba/,https://staging.lacuisinedebernard.com/%d8%a8%d8%b1%d8%a7%d8%ba
https://www.lacuisinedebernard.com/%d8%a8%d8%b1%d8%a7%d8%ba,https://staging.lacuisinedebernard.com/%d8%a8%d8%b1%d8%a7%d8%ba
https://www.lacuisinedebernard.com/%d8%a8%d8%b1%d8%a7%d8%ba/,https://staging.lacuisinedebernard.com/%d8%a8%d8%b1%d8%a7%d8%ba
https://lacuisinedebernard.com/my-workshop-2018-2019-kitchenaid-partner-school,https://staging.lacuisinedebernard.com/my-workshop-2018-2019-kitchenaid-partner-school
https://lacuisinedebernard.com/my-workshop-2018-2019-kitchenaid-partner-school/,https://staging.lacuisinedebernard.com/my-workshop-2018-2019-kitchenaid-partner-school
https://www.lacuisinedebernard.com/my-workshop-2018-2019-kitchenaid-partner-school,https://staging.lacuisinedebernard.com/my-workshop-2018-2019-kitchenaid-partner-school
https://www.lacuisinedebernard.com/my-workshop-2018-2019-kitchenaid-partner-school/,https://staging.lacuisinedebernard.com/my-workshop-2018-2019-kitchenaid-partner-school
https://lacuisinedebernard.com/%d9%85%d9%84%d9%81%d8%a7%d8%aa-%d8%aa%d8%b9%d8%b1%d9%8a%d9%81-%d8%a7%d9%84%d8%a7%d8%b1%d8%aa%d8%a8%d8%a7%d8%b7-%d8%a8%d8%b1%d8%a7%d9%84%d9%8a%d9%86-%d8%a7%d9%84%d8%ad%d9%86%d8%b7%d8%a9-%d8%a7%d9%84,https://staging.lacuisinedebernard.com/%d9%85%d9%84%d9%81%d8%a7%d8%aa-%d8%aa%d8%b9%d8%b1%d9%8a%d9%81-%d8%a7%d9%84%d8%a7%d8%b1%d8%aa%d8%a8%d8%a7%d8%b7-%d8%a8%d8%b1%d8%a7%d9%84%d9%8a%d9%86-%d8%a7%d9%84%d8%ad%d9%86%d8%b7%d8%a9-%d8%a7%d9%84
https://lacuisinedebernard.com/%d9%85%d9%84%d9%81%d8%a7%d8%aa-%d8%aa%d8%b9%d8%b1%d9%8a%d9%81-%d8%a7%d9%84%d8%a7%d8%b1%d8%aa%d8%a8%d8%a7%d8%b7-%d8%a8%d8%b1%d8%a7%d9%84%d9%8a%d9%86-%d8%a7%d9%84%d8%ad%d9%86%d8%b7%d8%a9-%d8%a7%d9%84/,https://staging.lacuisinedebernard.com/%d9%85%d9%84%d9%81%d8%a7%d8%aa-%d8%aa%d8%b9%d8%b1%d9%8a%d9%81-%d8%a7%d9%84%d8%a7%d8%b1%d8%aa%d8%a8%d8%a7%d8%b7-%d8%a8%d8%b1%d8%a7%d9%84%d9%8a%d9%86-%d8%a7%d9%84%d8%ad%d9%86%d8%b7%d8%a9-%d8%a7%d9%84
https://www.lacuisinedebernard.com/%d9%85%d9%84%d9%81%d8%a7%d8%aa-%d8%aa%d8%b9%d8%b1%d9%8a%d9%81-%d8%a7%d9%84%d8%a7%d8%b1%d8%aa%d8%a8%d8%a7%d8%b7-%d8%a8%d8%b1%d8%a7%d9%84%d9%8a%d9%86-%d8%a7%d9%84%d8%ad%d9%86%d8%b7%d8%a9-%d8%a7%d9%84,https://staging.lacuisinedebernard.com/%d9%85%d9%84%d9%81%d8%a7%d8%aa-%d8%aa%d8%b9%d8%b1%d9%8a%d9%81-%d8%a7%d9%84%d8%a7%d8%b1%d8%aa%d8%a8%d8%a7%d8%b7-%d8%a8%d8%b1%d8%a7%d9%84%d9%8a%d9%86-%d8%a7%d9%84%d8%ad%d9%86%d8%b7%d8%a9-%d8%a7%d9%84
https://www.lacuisinedebernard.com/%d9%85%d9%84%d9%81%d8%a7%d8%aa-%d8%aa%d8%b9%d8%b1%d9%8a%d9%81-%d8%a7%d9%84%d8%a7%d8%b1%d8%aa%d8%a8%d8%a7%d8%b7-%d8%a8%d8%b1%d8%a7%d9%84%d9%8a%d9%86-%d8%a7%d9%84%d8%ad%d9%86%d8%b7%d8%a9-%d8%a7%d9%84/,https://staging.lacuisinedebernard.com/%d9%85%d9%84%d9%81%d8%a7%d8%aa-%d8%aa%d8%b9%d8%b1%d9%8a%d9%81-%d8%a7%d9%84%d8%a7%d8%b1%d8%aa%d8%a8%d8%a7%d8%b7-%d8%a8%d8%b1%d8%a7%d9%84%d9%8a%d9%86-%d8%a7%d9%84%d8%ad%d9%86%d8%b7%d8%a9-%d8%a7%d9%84
https://lacuisinedebernard.com/vietnamese-salad-with-caramelized-pork,https://staging.lacuisinedebernard.com/vietnamese-salad-with-caramelized-pork
https://lacuisinedebernard.com/vietnamese-salad-with-caramelized-pork/,https://staging.lacuisinedebernard.com/vietnamese-salad-with-caramelized-pork
https://www.lacuisinedebernard.com/vietnamese-salad-with-caramelized-pork,https://staging.lacuisinedebernard.com/vietnamese-salad-with-caramelized-pork
https://www.lacuisinedebernard.com/vietnamese-salad-with-caramelized-pork/,https://staging.lacuisinedebernard.com/vietnamese-salad-with-caramelized-pork
https://lacuisinedebernard.com/ensalada-griega,https://staging.lacuisinedebernard.com/ensalada-griega
https://lacuisinedebernard.com/ensalada-griega/,https://staging.lacuisinedebernard.com/ensalada-griega
https://www.lacuisinedebernard.com/ensalada-griega,https://staging.lacuisinedebernard.com/ensalada-griega
https://www.lacuisinedebernard.com/ensalada-griega/,https://staging.lacuisinedebernard.com/ensalada-griega
https://lacuisinedebernard.com/langostas-a-la-parrilla-y-flambeadas,https://staging.lacuisinedebernard.com/langostas-a-la-parrilla-y-flambeadas
https://lacuisinedebernard.com/langostas-a-la-parrilla-y-flambeadas/,https://staging.lacuisinedebernard.com/langostas-a-la-parrilla-y-flambeadas
https://www.lacuisinedebernard.com/langostas-a-la-parrilla-y-flambeadas,https://staging.lacuisinedebernard.com/langostas-a-la-parrilla-y-flambeadas
https://www.lacuisinedebernard.com/langostas-a-la-parrilla-y-flambeadas/,https://staging.lacuisinedebernard.com/langostas-a-la-parrilla-y-flambeadas
https://lacuisinedebernard.com/gazpacho-verde,https://staging.lacuisinedebernard.com/gazpacho-verde
https://lacuisinedebernard.com/gazpacho-verde/,https://staging.lacuisinedebernard.com/gazpacho-verde
https://www.lacuisinedebernard.com/gazpacho-verde,https://staging.lacuisinedebernard.com/gazpacho-verde
https://www.lacuisinedebernard.com/gazpacho-verde/,https://staging.lacuisinedebernard.com/gazpacho-verde
https://lacuisinedebernard.com/lagostas-grelhadas-e-flambadas,https://staging.lacuisinedebernard.com/lagostas-grelhadas-e-flambadas
https://lacuisinedebernard.com/lagostas-grelhadas-e-flambadas/,https://staging.lacuisinedebernard.com/lagostas-grelhadas-e-flambadas
https://www.lacuisinedebernard.com/lagostas-grelhadas-e-flambadas,https://staging.lacuisinedebernard.com/lagostas-grelhadas-e-flambadas
https://www.lacuisinedebernard.com/lagostas-grelhadas-e-flambadas/,https://staging.lacuisinedebernard.com/lagostas-grelhadas-e-flambadas
https://lacuisinedebernard.com/%d8%ad%d8%a8%d8%a7%d8%aa-%d9%83%d9%88%d9%83%d9%88,https://staging.lacuisinedebernard.com/%d8%ad%d8%a8%d8%a7%d8%aa-%d9%83%d9%88%d9%83%d9%88
https://lacuisinedebernard.com/%d8%ad%d8%a8%d8%a7%d8%aa-%d9%83%d9%88%d9%83%d9%88/,https://staging.lacuisinedebernard.com/%d8%ad%d8%a8%d8%a7%d8%aa-%d9%83%d9%88%d9%83%d9%88
https://www.lacuisinedebernard.com/%d8%ad%d8%a8%d8%a7%d8%aa-%d9%83%d9%88%d9%83%d9%88,https://staging.lacuisinedebernard.com/%d8%ad%d8%a8%d8%a7%d8%aa-%d9%83%d9%88%d9%83%d9%88
https://www.lacuisinedebernard.com/%d8%ad%d8%a8%d8%a7%d8%aa-%d9%83%d9%88%d9%83%d9%88/,https://staging.lacuisinedebernard.com/%d8%ad%d8%a8%d8%a7%d8%aa-%d9%83%d9%88%d9%83%d9%88
https://lacuisinedebernard.com/%d8%b3%d9%84%d8%b7%d8%a9-%d9%81%d9%8a%d8%aa%d9%86%d8%a7%d9%85%d9%8a%d8%a9-%d9%85%d8%b9-%d9%84%d8%ad%d9%85-%d8%a7%d9%84%d8%ae%d9%86%d8%b2%d9%8a%d8%b1-%d8%a8%d8%a7%d9%84%d9%83%d8%b1%d8%a7%d9%85%d9%8a,https://staging.lacuisinedebernard.com/%d8%b3%d9%84%d8%b7%d8%a9-%d9%81%d9%8a%d8%aa%d9%86%d8%a7%d9%85%d9%8a%d8%a9-%d9%85%d8%b9-%d9%84%d8%ad%d9%85-%d8%a7%d9%84%d8%ae%d9%86%d8%b2%d9%8a%d8%b1-%d8%a8%d8%a7%d9%84%d9%83%d8%b1%d8%a7%d9%85%d9%8a
https://lacuisinedebernard.com/%d8%b3%d9%84%d8%b7%d8%a9-%d9%81%d9%8a%d8%aa%d9%86%d8%a7%d9%85%d9%8a%d8%a9-%d9%85%d8%b9-%d9%84%d8%ad%d9%85-%d8%a7%d9%84%d8%ae%d9%86%d8%b2%d9%8a%d8%b1-%d8%a8%d8%a7%d9%84%d9%83%d8%b1%d8%a7%d9%85%d9%8a/,https://staging.lacuisinedebernard.com/%d8%b3%d9%84%d8%b7%d8%a9-%d9%81%d9%8a%d8%aa%d9%86%d8%a7%d9%85%d9%8a%d8%a9-%d9%85%d8%b9-%d9%84%d8%ad%d9%85-%d8%a7%d9%84%d8%ae%d9%86%d8%b2%d9%8a%d8%b1-%d8%a8%d8%a7%d9%84%d9%83%d8%b1%d8%a7%d9%85%d9%8a
https://www.lacuisinedebernard.com/%d8%b3%d9%84%d8%b7%d8%a9-%d9%81%d9%8a%d8%aa%d9%86%d8%a7%d9%85%d9%8a%d8%a9-%d9%85%d8%b9-%d9%84%d8%ad%d9%85-%d8%a7%d9%84%d8%ae%d9%86%d8%b2%d9%8a%d8%b1-%d8%a8%d8%a7%d9%84%d9%83%d8%b1%d8%a7%d9%85%d9%8a,https://staging.lacuisinedebernard.com/%d8%b3%d9%84%d8%b7%d8%a9-%d9%81%d9%8a%d8%aa%d9%86%d8%a7%d9%85%d9%8a%d8%a9-%d9%85%d8%b9-%d9%84%d8%ad%d9%85-%d8%a7%d9%84%d8%ae%d9%86%d8%b2%d9%8a%d8%b1-%d8%a8%d8%a7%d9%84%d9%83%d8%b1%d8%a7%d9%85%d9%8a
https://www.lacuisinedebernard.com/%d8%b3%d9%84%d8%b7%d8%a9-%d9%81%d9%8a%d8%aa%d9%86%d8%a7%d9%85%d9%8a%d8%a9-%d9%85%d8%b9-%d9%84%d8%ad%d9%85-%d8%a7%d9%84%d8%ae%d9%86%d8%b2%d9%8a%d8%b1-%d8%a8%d8%a7%d9%84%d9%83%d8%b1%d8%a7%d9%85%d9%8a/,https://staging.lacuisinedebernard.com/%d8%b3%d9%84%d8%b7%d8%a9-%d9%81%d9%8a%d8%aa%d9%86%d8%a7%d9%85%d9%8a%d8%a9-%d9%85%d8%b9-%d9%84%d8%ad%d9%85-%d8%a7%d9%84%d8%ae%d9%86%d8%b2%d9%8a%d8%b1-%d8%a8%d8%a7%d9%84%d9%83%d8%b1%d8%a7%d9%85%d9%8a
https://lacuisinedebernard.com/%d9%88%d8%b1%d8%b4%d8%a9-%d8%a7%d9%84%d8%b9%d9%85%d9%84-%d8%a7%d9%84%d8%ae%d8%a7%d8%b5%d8%a9-%d8%a8%d9%8a-%d9%85%d8%af%d8%b1%d8%b3%d8%a9-%d8%b4%d8%b1%d9%8a%d9%83%d8%a9-%d9%83%d9%8a%d8%aa%d8%b4%d9%86,https://staging.lacuisinedebernard.com/%d9%88%d8%b1%d8%b4%d8%a9-%d8%a7%d9%84%d8%b9%d9%85%d9%84-%d8%a7%d9%84%d8%ae%d8%a7%d8%b5%d8%a9-%d8%a8%d9%8a-%d9%85%d8%af%d8%b1%d8%b3%d8%a9-%d8%b4%d8%b1%d9%8a%d9%83%d8%a9-%d9%83%d9%8a%d8%aa%d8%b4%d9%86
https://lacuisinedebernard.com/%d9%88%d8%b1%d8%b4%d8%a9-%d8%a7%d9%84%d8%b9%d9%85%d9%84-%d8%a7%d9%84%d8%ae%d8%a7%d8%b5%d8%a9-%d8%a8%d9%8a-%d9%85%d8%af%d8%b1%d8%b3%d8%a9-%d8%b4%d8%b1%d9%8a%d9%83%d8%a9-%d9%83%d9%8a%d8%aa%d8%b4%d9%86/,https://staging.lacuisinedebernard.com/%d9%88%d8%b1%d8%b4%d8%a9-%d8%a7%d9%84%d8%b9%d9%85%d9%84-%d8%a7%d9%84%d8%ae%d8%a7%d8%b5%d8%a9-%d8%a8%d9%8a-%d9%85%d8%af%d8%b1%d8%b3%d8%a9-%d8%b4%d8%b1%d9%8a%d9%83%d8%a9-%d9%83%d9%8a%d8%aa%d8%b4%d9%86
https://www.lacuisinedebernard.com/%d9%88%d8%b1%d8%b4%d8%a9-%d8%a7%d9%84%d8%b9%d9%85%d9%84-%d8%a7%d9%84%d8%ae%d8%a7%d8%b5%d8%a9-%d8%a8%d9%8a-%d9%85%d8%af%d8%b1%d8%b3%d8%a9-%d8%b4%d8%b1%d9%8a%d9%83%d8%a9-%d9%83%d9%8a%d8%aa%d8%b4%d9%86,https://staging.lacuisinedebernard.com/%d9%88%d8%b1%d8%b4%d8%a9-%d8%a7%d9%84%d8%b9%d9%85%d9%84-%d8%a7%d9%84%d8%ae%d8%a7%d8%b5%d8%a9-%d8%a8%d9%8a-%d9%85%d8%af%d8%b1%d8%b3%d8%a9-%d8%b4%d8%b1%d9%8a%d9%83%d8%a9-%d9%83%d9%8a%d8%aa%d8%b4%d9%86
https://www.lacuisinedebernard.com/%d9%88%d8%b1%d8%b4%d8%a9-%d8%a7%d9%84%d8%b9%d9%85%d9%84-%d8%a7%d9%84%d8%ae%d8%a7%d8%b5%d8%a9-%d8%a8%d9%8a-%d9%85%d8%af%d8%b1%d8%b3%d8%a9-%d8%b4%d8%b1%d9%8a%d9%83%d8%a9-%d9%83%d9%8a%d8%aa%d8%b4%d9%86/,https://staging.lacuisinedebernard.com/%d9%88%d8%b1%d8%b4%d8%a9-%d8%a7%d9%84%d8%b9%d9%85%d9%84-%d8%a7%d9%84%d8%ae%d8%a7%d8%b5%d8%a9-%d8%a8%d9%8a-%d9%85%d8%af%d8%b1%d8%b3%d8%a9-%d8%b4%d8%b1%d9%8a%d9%83%d8%a9-%d9%83%d9%8a%d8%aa%d8%b4%d9%86
https://lacuisinedebernard.com/%d8%ac%d8%a8%d9%86-%d8%b4%d9%8a%d8%af%d8%b1-%d9%88%d8%a8%d8%b1%d9%88%d9%83%d9%84%d9%8a-%d9%87%d9%88%d9%84%d9%86%d8%af%d9%8a-%d9%88%d9%84%d8%ad%d9%85-%d9%85%d9%82%d8%af%d8%af,https://staging.lacuisinedebernard.com/%d8%ac%d8%a8%d9%86-%d8%b4%d9%8a%d8%af%d8%b1-%d9%88%d8%a8%d8%b1%d9%88%d9%83%d9%84%d9%8a-%d9%87%d9%88%d9%84%d9%86%d8%af%d9%8a-%d9%88%d9%84%d8%ad%d9%85-%d9%85%d9%82%d8%af%d8%af
https://lacuisinedebernard.com/%d8%ac%d8%a8%d9%86-%d8%b4%d9%8a%d8%af%d8%b1-%d9%88%d8%a8%d8%b1%d9%88%d9%83%d9%84%d9%8a-%d9%87%d9%88%d9%84%d9%86%d8%af%d9%8a-%d9%88%d9%84%d8%ad%d9%85-%d9%85%d9%82%d8%af%d8%af/,https://staging.lacuisinedebernard.com/%d8%ac%d8%a8%d9%86-%d8%b4%d9%8a%d8%af%d8%b1-%d9%88%d8%a8%d8%b1%d9%88%d9%83%d9%84%d9%8a-%d9%87%d9%88%d9%84%d9%86%d8%af%d9%8a-%d9%88%d9%84%d8%ad%d9%85-%d9%85%d9%82%d8%af%d8%af
https://www.lacuisinedebernard.com/%d8%ac%d8%a8%d9%86-%d8%b4%d9%8a%d8%af%d8%b1-%d9%88%d8%a8%d8%b1%d9%88%d9%83%d9%84%d9%8a-%d9%87%d9%88%d9%84%d9%86%d8%af%d9%8a-%d9%88%d9%84%d8%ad%d9%85-%d9%85%d9%82%d8%af%d8%af,https://staging.lacuisinedebernard.com/%d8%ac%d8%a8%d9%86-%d8%b4%d9%8a%d8%af%d8%b1-%d9%88%d8%a8%d8%b1%d9%88%d9%83%d9%84%d9%8a-%d9%87%d9%88%d9%84%d9%86%d8%af%d9%8a-%d9%88%d9%84%d8%ad%d9%85-%d9%85%d9%82%d8%af%d8%af
https://www.lacuisinedebernard.com/%d8%ac%d8%a8%d9%86-%d8%b4%d9%8a%d8%af%d8%b1-%d9%88%d8%a8%d8%b1%d9%88%d9%83%d9%84%d9%8a-%d9%87%d9%88%d9%84%d9%86%d8%af%d9%8a-%d9%88%d9%84%d8%ad%d9%85-%d9%85%d9%82%d8%af%d8%af/,https://staging.lacuisinedebernard.com/%d8%ac%d8%a8%d9%86-%d8%b4%d9%8a%d8%af%d8%b1-%d9%88%d8%a8%d8%b1%d9%88%d9%83%d9%84%d9%8a-%d9%87%d9%88%d9%84%d9%86%d8%af%d9%8a-%d9%88%d9%84%d8%ad%d9%85-%d9%85%d9%82%d8%af%d8%af
https://lacuisinedebernard.com/salada-grega,https://staging.lacuisinedebernard.com/salada-grega
https://lacuisinedebernard.com/salada-grega/,https://staging.lacuisinedebernard.com/salada-grega
https://www.lacuisinedebernard.com/salada-grega,https://staging.lacuisinedebernard.com/salada-grega
https://www.lacuisinedebernard.com/salada-grega/,https://staging.lacuisinedebernard.com/salada-grega
https://lacuisinedebernard.com/%d9%83%d8%b9%d9%83%d8%a9-%d8%a7%d9%84%d9%84%d9%8a%d9%85%d9%88%d9%86,https://staging.lacuisinedebernard.com/%d9%83%d8%b9%d9%83%d8%a9-%d8%a7%d9%84%d9%84%d9%8a%d9%85%d9%88%d9%86
https://lacuisinedebernard.com/%d9%83%d8%b9%d9%83%d8%a9-%d8%a7%d9%84%d9%84%d9%8a%d9%85%d9%88%d9%86/,https://staging.lacuisinedebernard.com/%d9%83%d8%b9%d9%83%d8%a9-%d8%a7%d9%84%d9%84%d9%8a%d9%85%d9%88%d9%86
https://www.lacuisinedebernard.com/%d9%83%d8%b9%d9%83%d8%a9-%d8%a7%d9%84%d9%84%d9%8a%d9%85%d9%88%d9%86,https://staging.lacuisinedebernard.com/%d9%83%d8%b9%d9%83%d8%a9-%d8%a7%d9%84%d9%84%d9%8a%d9%85%d9%88%d9%86
https://www.lacuisinedebernard.com/%d9%83%d8%b9%d9%83%d8%a9-%d8%a7%d9%84%d9%84%d9%8a%d9%85%d9%88%d9%86/,https://staging.lacuisinedebernard.com/%d9%83%d8%b9%d9%83%d8%a9-%d8%a7%d9%84%d9%84%d9%8a%d9%85%d9%88%d9%86
https://lacuisinedebernard.com/silikomart-new-partner-of-the-blog-and-the-workshop,https://staging.lacuisinedebernard.com/silikomart-new-partner-of-the-blog-and-the-workshop
https://lacuisinedebernard.com/silikomart-new-partner-of-the-blog-and-the-workshop/,https://staging.lacuisinedebernard.com/silikomart-new-partner-of-the-blog-and-the-workshop
https://www.lacuisinedebernard.com/silikomart-new-partner-of-the-blog-and-the-workshop,https://staging.lacuisinedebernard.com/silikomart-new-partner-of-the-blog-and-the-workshop
https://www.lacuisinedebernard.com/silikomart-new-partner-of-the-blog-and-the-workshop/,https://staging.lacuisinedebernard.com/silikomart-new-partner-of-the-blog-and-the-workshop
https://lacuisinedebernard.com/%d8%b4%d9%88%d8%b1%d8%a8%d8%a9-%d8%a7%d9%84%d9%83%d9%88%d8%b3%d8%a9-%d9%88%d8%a7%d9%84%d9%85%d8%a7%d9%86%d8%ac%d9%88-%d9%88%d8%a7%d9%84%d9%83%d8%a7%d8%b1%d9%8a-%d8%a7%d9%84%d8%a8%d8%a7%d8%b1%d8%af,https://staging.lacuisinedebernard.com/%d8%b4%d9%88%d8%b1%d8%a8%d8%a9-%d8%a7%d9%84%d9%83%d9%88%d8%b3%d8%a9-%d9%88%d8%a7%d9%84%d9%85%d8%a7%d9%86%d8%ac%d9%88-%d9%88%d8%a7%d9%84%d9%83%d8%a7%d8%b1%d9%8a-%d8%a7%d9%84%d8%a8%d8%a7%d8%b1%d8%af
https://lacuisinedebernard.com/%d8%b4%d9%88%d8%b1%d8%a8%d8%a9-%d8%a7%d9%84%d9%83%d9%88%d8%b3%d8%a9-%d9%88%d8%a7%d9%84%d9%85%d8%a7%d9%86%d8%ac%d9%88-%d9%88%d8%a7%d9%84%d9%83%d8%a7%d8%b1%d9%8a-%d8%a7%d9%84%d8%a8%d8%a7%d8%b1%d8%af/,https://staging.lacuisinedebernard.com/%d8%b4%d9%88%d8%b1%d8%a8%d8%a9-%d8%a7%d9%84%d9%83%d9%88%d8%b3%d8%a9-%d9%88%d8%a7%d9%84%d9%85%d8%a7%d9%86%d8%ac%d9%88-%d9%88%d8%a7%d9%84%d9%83%d8%a7%d8%b1%d9%8a-%d8%a7%d9%84%d8%a8%d8%a7%d8%b1%d8%af
https://www.lacuisinedebernard.com/%d8%b4%d9%88%d8%b1%d8%a8%d8%a9-%d8%a7%d9%84%d9%83%d9%88%d8%b3%d8%a9-%d9%88%d8%a7%d9%84%d9%85%d8%a7%d9%86%d8%ac%d9%88-%d9%88%d8%a7%d9%84%d9%83%d8%a7%d8%b1%d9%8a-%d8%a7%d9%84%d8%a8%d8%a7%d8%b1%d8%af,https://staging.lacuisinedebernard.com/%d8%b4%d9%88%d8%b1%d8%a8%d8%a9-%d8%a7%d9%84%d9%83%d9%88%d8%b3%d8%a9-%d9%88%d8%a7%d9%84%d9%85%d8%a7%d9%86%d8%ac%d9%88-%d9%88%d8%a7%d9%84%d9%83%d8%a7%d8%b1%d9%8a-%d8%a7%d9%84%d8%a8%d8%a7%d8%b1%d8%af
https://www.lacuisinedebernard.com/%d8%b4%d9%88%d8%b1%d8%a8%d8%a9-%d8%a7%d9%84%d9%83%d9%88%d8%b3%d8%a9-%d9%88%d8%a7%d9%84%d9%85%d8%a7%d9%86%d8%ac%d9%88-%d9%88%d8%a7%d9%84%d9%83%d8%a7%d8%b1%d9%8a-%d8%a7%d9%84%d8%a8%d8%a7%d8%b1%d8%af/,https://staging.lacuisinedebernard.com/%d8%b4%d9%88%d8%b1%d8%a8%d8%a9-%d8%a7%d9%84%d9%83%d9%88%d8%b3%d8%a9-%d9%88%d8%a7%d9%84%d9%85%d8%a7%d9%86%d8%ac%d9%88-%d9%88%d8%a7%d9%84%d9%83%d8%a7%d8%b1%d9%8a-%d8%a7%d9%84%d8%a8%d8%a7%d8%b1%d8%af
https://lacuisinedebernard.com/bolo-de-pessego-de-cabeca-para-baixo,https://staging.lacuisinedebernard.com/bolo-de-pessego-de-cabeca-para-baixo
https://lacuisinedebernard.com/bolo-de-pessego-de-cabeca-para-baixo/,https://staging.lacuisinedebernard.com/bolo-de-pessego-de-cabeca-para-baixo
https://www.lacuisinedebernard.com/bolo-de-pessego-de-cabeca-para-baixo,https://staging.lacuisinedebernard.com/bolo-de-pessego-de-cabeca-para-baixo
https://www.lacuisinedebernard.com/bolo-de-pessego-de-cabeca-para-baixo/,https://staging.lacuisinedebernard.com/bolo-de-pessego-de-cabeca-para-baixo
https://lacuisinedebernard.com/%d9%83%d8%b9%d9%83%d8%a9-%d8%a7%d9%84%d8%ba%d8%b1%d9%8a%d8%a8%d8%a9-%d8%a7%d9%84%d9%84%d9%8a%d9%85%d9%88%d9%86-%d9%88%d8%af%d9%82%d9%8a%d9%82-%d8%a7%d9%84%d8%b0%d8%b1%d8%a9,https://staging.lacuisinedebernard.com/%d9%83%d8%b9%d9%83%d8%a9-%d8%a7%d9%84%d8%ba%d8%b1%d9%8a%d8%a8%d8%a9-%d8%a7%d9%84%d9%84%d9%8a%d9%85%d9%88%d9%86-%d9%88%d8%af%d9%82%d9%8a%d9%82-%d8%a7%d9%84%d8%b0%d8%b1%d8%a9
https://lacuisinedebernard.com/%d9%83%d8%b9%d9%83%d8%a9-%d8%a7%d9%84%d8%ba%d8%b1%d9%8a%d8%a8%d8%a9-%d8%a7%d9%84%d9%84%d9%8a%d9%85%d9%88%d9%86-%d9%88%d8%af%d9%82%d9%8a%d9%82-%d8%a7%d9%84%d8%b0%d8%b1%d8%a9/,https://staging.lacuisinedebernard.com/%d9%83%d8%b9%d9%83%d8%a9-%d8%a7%d9%84%d8%ba%d8%b1%d9%8a%d8%a8%d8%a9-%d8%a7%d9%84%d9%84%d9%8a%d9%85%d9%88%d9%86-%d9%88%d8%af%d9%82%d9%8a%d9%82-%d8%a7%d9%84%d8%b0%d8%b1%d8%a9
https://www.lacuisinedebernard.com/%d9%83%d8%b9%d9%83%d8%a9-%d8%a7%d9%84%d8%ba%d8%b1%d9%8a%d8%a8%d8%a9-%d8%a7%d9%84%d9%84%d9%8a%d9%85%d9%88%d9%86-%d9%88%d8%af%d9%82%d9%8a%d9%82-%d8%a7%d9%84%d8%b0%d8%b1%d8%a9,https://staging.lacuisinedebernard.com/%d9%83%d8%b9%d9%83%d8%a9-%d8%a7%d9%84%d8%ba%d8%b1%d9%8a%d8%a8%d8%a9-%d8%a7%d9%84%d9%84%d9%8a%d9%85%d9%88%d9%86-%d9%88%d8%af%d9%82%d9%8a%d9%82-%d8%a7%d9%84%d8%b0%d8%b1%d8%a9
https://www.lacuisinedebernard.com/%d9%83%d8%b9%d9%83%d8%a9-%d8%a7%d9%84%d8%ba%d8%b1%d9%8a%d8%a8%d8%a9-%d8%a7%d9%84%d9%84%d9%8a%d9%85%d9%88%d9%86-%d9%88%d8%af%d9%82%d9%8a%d9%82-%d8%a7%d9%84%d8%b0%d8%b1%d8%a9/,https://staging.lacuisinedebernard.com/%d9%83%d8%b9%d9%83%d8%a9-%d8%a7%d9%84%d8%ba%d8%b1%d9%8a%d8%a8%d8%a9-%d8%a7%d9%84%d9%84%d9%8a%d9%85%d9%88%d9%86-%d9%88%d8%af%d9%82%d9%8a%d9%82-%d8%a7%d9%84%d8%b0%d8%b1%d8%a9
https://lacuisinedebernard.com/vietnamese-crispy-fritters-with-glutinous-rice-pork-and-shrimps,https://staging.lacuisinedebernard.com/vietnamese-crispy-fritters-with-glutinous-rice-pork-and-shrimps
https://lacuisinedebernard.com/vietnamese-crispy-fritters-with-glutinous-rice-pork-and-shrimps/,https://staging.lacuisinedebernard.com/vietnamese-crispy-fritters-with-glutinous-rice-pork-and-shrimps
https://www.lacuisinedebernard.com/vietnamese-crispy-fritters-with-glutinous-rice-pork-and-shrimps,https://staging.lacuisinedebernard.com/vietnamese-crispy-fritters-with-glutinous-rice-pork-and-shrimps
https://www.lacuisinedebernard.com/vietnamese-crispy-fritters-with-glutinous-rice-pork-and-shrimps/,https://staging.lacuisinedebernard.com/vietnamese-crispy-fritters-with-glutinous-rice-pork-and-shrimps
https://lacuisinedebernard.com/salada-de-quinoa-e-hummus-de-beterraba,https://staging.lacuisinedebernard.com/salada-de-quinoa-e-hummus-de-beterraba
https://lacuisinedebernard.com/salada-de-quinoa-e-hummus-de-beterraba/,https://staging.lacuisinedebernard.com/salada-de-quinoa-e-hummus-de-beterraba
https://www.lacuisinedebernard.com/salada-de-quinoa-e-hummus-de-beterraba,https://staging.lacuisinedebernard.com/salada-de-quinoa-e-hummus-de-beterraba
https://www.lacuisinedebernard.com/salada-de-quinoa-e-hummus-de-beterraba/,https://staging.lacuisinedebernard.com/salada-de-quinoa-e-hummus-de-beterraba
https://lacuisinedebernard.com/blueberry-and-cream-cheese-cake,https://staging.lacuisinedebernard.com/blueberry-and-cream-cheese-cake
https://lacuisinedebernard.com/blueberry-and-cream-cheese-cake/,https://staging.lacuisinedebernard.com/blueberry-and-cream-cheese-cake
https://www.lacuisinedebernard.com/blueberry-and-cream-cheese-cake,https://staging.lacuisinedebernard.com/blueberry-and-cream-cheese-cake
https://www.lacuisinedebernard.com/blueberry-and-cream-cheese-cake/,https://staging.lacuisinedebernard.com/blueberry-and-cream-cheese-cake
https://lacuisinedebernard.com/pollo-con-chile-albahaca-tailandesa-y-cacahuetes,https://staging.lacuisinedebernard.com/pollo-con-chile-albahaca-tailandesa-y-cacahuetes
https://lacuisinedebernard.com/pollo-con-chile-albahaca-tailandesa-y-cacahuetes/,https://staging.lacuisinedebernard.com/pollo-con-chile-albahaca-tailandesa-y-cacahuetes
https://www.lacuisinedebernard.com/pollo-con-chile-albahaca-tailandesa-y-cacahuetes,https://staging.lacuisinedebernard.com/pollo-con-chile-albahaca-tailandesa-y-cacahuetes
https://www.lacuisinedebernard.com/pollo-con-chile-albahaca-tailandesa-y-cacahuetes/,https://staging.lacuisinedebernard.com/pollo-con-chile-albahaca-tailandesa-y-cacahuetes
https://lacuisinedebernard.com/quiche-de-queso-de-cabra-y-tomates-cherry,https://staging.lacuisinedebernard.com/quiche-de-queso-de-cabra-y-tomates-cherry
https://lacuisinedebernard.com/quiche-de-queso-de-cabra-y-tomates-cherry/,https://staging.lacuisinedebernard.com/quiche-de-queso-de-cabra-y-tomates-cherry
https://www.lacuisinedebernard.com/quiche-de-queso-de-cabra-y-tomates-cherry,https://staging.lacuisinedebernard.com/quiche-de-queso-de-cabra-y-tomates-cherry
https://www.lacuisinedebernard.com/quiche-de-queso-de-cabra-y-tomates-cherry/,https://staging.lacuisinedebernard.com/quiche-de-queso-de-cabra-y-tomates-cherry
https://lacuisinedebernard.com/silikomart-%d8%8c-%d9%85%d8%af%d9%88%d9%86%d8%a9-%d8%ac%d8%af%d9%8a%d8%af%d8%a9-%d9%88%d8%b4%d8%b1%d9%8a%d9%83-%d9%88%d8%b1%d8%b4%d8%a9-%d8%b9%d9%85%d9%84,https://staging.lacuisinedebernard.com/silikomart-%d8%8c-%d9%85%d8%af%d9%88%d9%86%d8%a9-%d8%ac%d8%af%d9%8a%d8%af%d8%a9-%d9%88%d8%b4%d8%b1%d9%8a%d9%83-%d9%88%d8%b1%d8%b4%d8%a9-%d8%b9%d9%85%d9%84
https://lacuisinedebernard.com/silikomart-%d8%8c-%d9%85%d8%af%d9%88%d9%86%d8%a9-%d8%ac%d8%af%d9%8a%d8%af%d8%a9-%d9%88%d8%b4%d8%b1%d9%8a%d9%83-%d9%88%d8%b1%d8%b4%d8%a9-%d8%b9%d9%85%d9%84/,https://staging.lacuisinedebernard.com/silikomart-%d8%8c-%d9%85%d8%af%d9%88%d9%86%d8%a9-%d8%ac%d8%af%d9%8a%d8%af%d8%a9-%d9%88%d8%b4%d8%b1%d9%8a%d9%83-%d9%88%d8%b1%d8%b4%d8%a9-%d8%b9%d9%85%d9%84
https://www.lacuisinedebernard.com/silikomart-%d8%8c-%d9%85%d8%af%d9%88%d9%86%d8%a9-%d8%ac%d8%af%d9%8a%d8%af%d8%a9-%d9%88%d8%b4%d8%b1%d9%8a%d9%83-%d9%88%d8%b1%d8%b4%d8%a9-%d8%b9%d9%85%d9%84,https://staging.lacuisinedebernard.com/silikomart-%d8%8c-%d9%85%d8%af%d9%88%d9%86%d8%a9-%d8%ac%d8%af%d9%8a%d8%af%d8%a9-%d9%88%d8%b4%d8%b1%d9%8a%d9%83-%d9%88%d8%b1%d8%b4%d8%a9-%d8%b9%d9%85%d9%84
https://www.lacuisinedebernard.com/silikomart-%d8%8c-%d9%85%d8%af%d9%88%d9%86%d8%a9-%d8%ac%d8%af%d9%8a%d8%af%d8%a9-%d9%88%d8%b4%d8%b1%d9%8a%d9%83-%d9%88%d8%b1%d8%b4%d8%a9-%d8%b9%d9%85%d9%84/,https://staging.lacuisinedebernard.com/silikomart-%d8%8c-%d9%85%d8%af%d9%88%d9%86%d8%a9-%d8%ac%d8%af%d9%8a%d8%af%d8%a9-%d9%88%d8%b4%d8%b1%d9%8a%d9%83-%d9%88%d8%b1%d8%b4%d8%a9-%d8%b9%d9%85%d9%84
https://lacuisinedebernard.com/pesto-de-berenjena,https://staging.lacuisinedebernard.com/pesto-de-berenjena
https://lacuisinedebernard.com/pesto-de-berenjena/,https://staging.lacuisinedebernard.com/pesto-de-berenjena
https://www.lacuisinedebernard.com/pesto-de-berenjena,https://staging.lacuisinedebernard.com/pesto-de-berenjena
https://www.lacuisinedebernard.com/pesto-de-berenjena/,https://staging.lacuisinedebernard.com/pesto-de-berenjena
https://lacuisinedebernard.com/quinoa-and-beet-hummus-salad,https://staging.lacuisinedebernard.com/quinoa-and-beet-hummus-salad
https://lacuisinedebernard.com/quinoa-and-beet-hummus-salad/,https://staging.lacuisinedebernard.com/quinoa-and-beet-hummus-salad
https://www.lacuisinedebernard.com/quinoa-and-beet-hummus-salad,https://staging.lacuisinedebernard.com/quinoa-and-beet-hummus-salad
https://www.lacuisinedebernard.com/quinoa-and-beet-hummus-salad/,https://staging.lacuisinedebernard.com/quinoa-and-beet-hummus-salad
https://lacuisinedebernard.com/arroz-pegajoso-de-manga,https://staging.lacuisinedebernard.com/arroz-pegajoso-de-manga
https://lacuisinedebernard.com/arroz-pegajoso-de-manga/,https://staging.lacuisinedebernard.com/arroz-pegajoso-de-manga
https://www.lacuisinedebernard.com/arroz-pegajoso-de-manga,https://staging.lacuisinedebernard.com/arroz-pegajoso-de-manga
https://www.lacuisinedebernard.com/arroz-pegajoso-de-manga/,https://staging.lacuisinedebernard.com/arroz-pegajoso-de-manga
https://lacuisinedebernard.com/queijo-de-cabra-e-quiche-de-tomate-cereja,https://staging.lacuisinedebernard.com/queijo-de-cabra-e-quiche-de-tomate-cereja
https://lacuisinedebernard.com/queijo-de-cabra-e-quiche-de-tomate-cereja/,https://staging.lacuisinedebernard.com/queijo-de-cabra-e-quiche-de-tomate-cereja
https://www.lacuisinedebernard.com/queijo-de-cabra-e-quiche-de-tomate-cereja,https://staging.lacuisinedebernard.com/queijo-de-cabra-e-quiche-de-tomate-cereja
https://www.lacuisinedebernard.com/queijo-de-cabra-e-quiche-de-tomate-cereja/,https://staging.lacuisinedebernard.com/queijo-de-cabra-e-quiche-de-tomate-cereja
https://lacuisinedebernard.com/reikiavik-y-sus-alrededores,https://staging.lacuisinedebernard.com/reikiavik-y-sus-alrededores
https://lacuisinedebernard.com/reikiavik-y-sus-alrededores/,https://staging.lacuisinedebernard.com/reikiavik-y-sus-alrededores
https://www.lacuisinedebernard.com/reikiavik-y-sus-alrededores,https://staging.lacuisinedebernard.com/reikiavik-y-sus-alrededores
https://www.lacuisinedebernard.com/reikiavik-y-sus-alrededores/,https://staging.lacuisinedebernard.com/reikiavik-y-sus-alrededores
https://lacuisinedebernard.com/%d8%af%d9%88%d9%86%d8%a7%d8%aa-%d9%81%d9%8a%d8%aa%d9%86%d8%a7%d9%85%d9%8a%d8%a9-%d9%85%d9%82%d8%b1%d9%85%d8%b4%d8%a9-%d9%85%d8%b9-%d8%a3%d8%b1%d8%b2-%d9%84%d8%b2%d8%ac-%d9%88%d9%84%d8%ad%d9%85-%d8%ae,https://staging.lacuisinedebernard.com/%d8%af%d9%88%d9%86%d8%a7%d8%aa-%d9%81%d9%8a%d8%aa%d9%86%d8%a7%d9%85%d9%8a%d8%a9-%d9%85%d9%82%d8%b1%d9%85%d8%b4%d8%a9-%d9%85%d8%b9-%d8%a3%d8%b1%d8%b2-%d9%84%d8%b2%d8%ac-%d9%88%d9%84%d8%ad%d9%85-%d8%ae
https://lacuisinedebernard.com/%d8%af%d9%88%d9%86%d8%a7%d8%aa-%d9%81%d9%8a%d8%aa%d9%86%d8%a7%d9%85%d9%8a%d8%a9-%d9%85%d9%82%d8%b1%d9%85%d8%b4%d8%a9-%d9%85%d8%b9-%d8%a3%d8%b1%d8%b2-%d9%84%d8%b2%d8%ac-%d9%88%d9%84%d8%ad%d9%85-%d8%ae/,https://staging.lacuisinedebernard.com/%d8%af%d9%88%d9%86%d8%a7%d8%aa-%d9%81%d9%8a%d8%aa%d9%86%d8%a7%d9%85%d9%8a%d8%a9-%d9%85%d9%82%d8%b1%d9%85%d8%b4%d8%a9-%d9%85%d8%b9-%d8%a3%d8%b1%d8%b2-%d9%84%d8%b2%d8%ac-%d9%88%d9%84%d8%ad%d9%85-%d8%ae
https://www.lacuisinedebernard.com/%d8%af%d9%88%d9%86%d8%a7%d8%aa-%d9%81%d9%8a%d8%aa%d9%86%d8%a7%d9%85%d9%8a%d8%a9-%d9%85%d9%82%d8%b1%d9%85%d8%b4%d8%a9-%d9%85%d8%b9-%d8%a3%d8%b1%d8%b2-%d9%84%d8%b2%d8%ac-%d9%88%d9%84%d8%ad%d9%85-%d8%ae,https://staging.lacuisinedebernard.com/%d8%af%d9%88%d9%86%d8%a7%d8%aa-%d9%81%d9%8a%d8%aa%d9%86%d8%a7%d9%85%d9%8a%d8%a9-%d9%85%d9%82%d8%b1%d9%85%d8%b4%d8%a9-%d9%85%d8%b9-%d8%a3%d8%b1%d8%b2-%d9%84%d8%b2%d8%ac-%d9%88%d9%84%d8%ad%d9%85-%d8%ae
https://www.lacuisinedebernard.com/%d8%af%d9%88%d9%86%d8%a7%d8%aa-%d9%81%d9%8a%d8%aa%d9%86%d8%a7%d9%85%d9%8a%d8%a9-%d9%85%d9%82%d8%b1%d9%85%d8%b4%d8%a9-%d9%85%d8%b9-%d8%a3%d8%b1%d8%b2-%d9%84%d8%b2%d8%ac-%d9%88%d9%84%d8%ad%d9%85-%d8%ae/,https://staging.lacuisinedebernard.com/%d8%af%d9%88%d9%86%d8%a7%d8%aa-%d9%81%d9%8a%d8%aa%d9%86%d8%a7%d9%85%d9%8a%d8%a9-%d9%85%d9%82%d8%b1%d9%85%d8%b4%d8%a9-%d9%85%d8%b9-%d8%a3%d8%b1%d8%b2-%d9%84%d8%b2%d8%ac-%d9%88%d9%84%d8%ad%d9%85-%d8%ae
https://lacuisinedebernard.com/%d9%83%d8%b9%d9%83%d8%a9-%d8%a7%d9%84%d8%aa%d9%88%d8%aa-%d8%a7%d9%84%d8%a3%d8%b2%d8%b1%d9%82-%d9%88%d8%a7%d9%84%d8%ac%d8%a8%d9%86-%d8%a7%d9%84%d9%83%d8%b1%d9%8a%d9%85%d9%8a,https://staging.lacuisinedebernard.com/%d9%83%d8%b9%d9%83%d8%a9-%d8%a7%d9%84%d8%aa%d9%88%d8%aa-%d8%a7%d9%84%d8%a3%d8%b2%d8%b1%d9%82-%d9%88%d8%a7%d9%84%d8%ac%d8%a8%d9%86-%d8%a7%d9%84%d9%83%d8%b1%d9%8a%d9%85%d9%8a
https://lacuisinedebernard.com/%d9%83%d8%b9%d9%83%d8%a9-%d8%a7%d9%84%d8%aa%d9%88%d8%aa-%d8%a7%d9%84%d8%a3%d8%b2%d8%b1%d9%82-%d9%88%d8%a7%d9%84%d8%ac%d8%a8%d9%86-%d8%a7%d9%84%d9%83%d8%b1%d9%8a%d9%85%d9%8a/,https://staging.lacuisinedebernard.com/%d9%83%d8%b9%d9%83%d8%a9-%d8%a7%d9%84%d8%aa%d9%88%d8%aa-%d8%a7%d9%84%d8%a3%d8%b2%d8%b1%d9%82-%d9%88%d8%a7%d9%84%d8%ac%d8%a8%d9%86-%d8%a7%d9%84%d9%83%d8%b1%d9%8a%d9%85%d9%8a
https://www.lacuisinedebernard.com/%d9%83%d8%b9%d9%83%d8%a9-%d8%a7%d9%84%d8%aa%d9%88%d8%aa-%d8%a7%d9%84%d8%a3%d8%b2%d8%b1%d9%82-%d9%88%d8%a7%d9%84%d8%ac%d8%a8%d9%86-%d8%a7%d9%84%d9%83%d8%b1%d9%8a%d9%85%d9%8a,https://staging.lacuisinedebernard.com/%d9%83%d8%b9%d9%83%d8%a9-%d8%a7%d9%84%d8%aa%d9%88%d8%aa-%d8%a7%d9%84%d8%a3%d8%b2%d8%b1%d9%82-%d9%88%d8%a7%d9%84%d8%ac%d8%a8%d9%86-%d8%a7%d9%84%d9%83%d8%b1%d9%8a%d9%85%d9%8a
https://www.lacuisinedebernard.com/%d9%83%d8%b9%d9%83%d8%a9-%d8%a7%d9%84%d8%aa%d9%88%d8%aa-%d8%a7%d9%84%d8%a3%d8%b2%d8%b1%d9%82-%d9%88%d8%a7%d9%84%d8%ac%d8%a8%d9%86-%d8%a7%d9%84%d9%83%d8%b1%d9%8a%d9%85%d9%8a/,https://staging.lacuisinedebernard.com/%d9%83%d8%b9%d9%83%d8%a9-%d8%a7%d9%84%d8%aa%d9%88%d8%aa-%d8%a7%d9%84%d8%a3%d8%b2%d8%b1%d9%82-%d9%88%d8%a7%d9%84%d8%ac%d8%a8%d9%86-%d8%a7%d9%84%d9%83%d8%b1%d9%8a%d9%85%d9%8a
https://lacuisinedebernard.com/upside-down-peach-cake,https://staging.lacuisinedebernard.com/upside-down-peach-cake
https://lacuisinedebernard.com/upside-down-peach-cake/,https://staging.lacuisinedebernard.com/upside-down-peach-cake
https://www.lacuisinedebernard.com/upside-down-peach-cake,https://staging.lacuisinedebernard.com/upside-down-peach-cake
https://www.lacuisinedebernard.com/upside-down-peach-cake/,https://staging.lacuisinedebernard.com/upside-down-peach-cake
https://lacuisinedebernard.com/frango-com-piripiri-manjericao-tailandes-e-amendoins,https://staging.lacuisinedebernard.com/frango-com-piripiri-manjericao-tailandes-e-amendoins
https://lacuisinedebernard.com/frango-com-piripiri-manjericao-tailandes-e-amendoins/,https://staging.lacuisinedebernard.com/frango-com-piripiri-manjericao-tailandes-e-amendoins
https://www.lacuisinedebernard.com/frango-com-piripiri-manjericao-tailandes-e-amendoins,https://staging.lacuisinedebernard.com/frango-com-piripiri-manjericao-tailandes-e-amendoins
https://www.lacuisinedebernard.com/frango-com-piripiri-manjericao-tailandes-e-amendoins/,https://staging.lacuisinedebernard.com/frango-com-piripiri-manjericao-tailandes-e-amendoins
https://lacuisinedebernard.com/%d9%83%d8%b9%d9%83%d8%a9-%d8%a8%d8%a7%d9%84%d8%ae%d9%88%d8%ae-%d9%85%d9%82%d9%84%d9%88%d8%a8%d8%a9,https://staging.lacuisinedebernard.com/%d9%83%d8%b9%d9%83%d8%a9-%d8%a8%d8%a7%d9%84%d8%ae%d9%88%d8%ae-%d9%85%d9%82%d9%84%d9%88%d8%a8%d8%a9
https://lacuisinedebernard.com/%d9%83%d8%b9%d9%83%d8%a9-%d8%a8%d8%a7%d9%84%d8%ae%d9%88%d8%ae-%d9%85%d9%82%d9%84%d9%88%d8%a8%d8%a9/,https://staging.lacuisinedebernard.com/%d9%83%d8%b9%d9%83%d8%a9-%d8%a8%d8%a7%d9%84%d8%ae%d9%88%d8%ae-%d9%85%d9%82%d9%84%d9%88%d8%a8%d8%a9
https://www.lacuisinedebernard.com/%d9%83%d8%b9%d9%83%d8%a9-%d8%a8%d8%a7%d9%84%d8%ae%d9%88%d8%ae-%d9%85%d9%82%d9%84%d9%88%d8%a8%d8%a9,https://staging.lacuisinedebernard.com/%d9%83%d8%b9%d9%83%d8%a9-%d8%a8%d8%a7%d9%84%d8%ae%d9%88%d8%ae-%d9%85%d9%82%d9%84%d9%88%d8%a8%d8%a9
https://www.lacuisinedebernard.com/%d9%83%d8%b9%d9%83%d8%a9-%d8%a8%d8%a7%d9%84%d8%ae%d9%88%d8%ae-%d9%85%d9%82%d9%84%d9%88%d8%a8%d8%a9/,https://staging.lacuisinedebernard.com/%d9%83%d8%b9%d9%83%d8%a9-%d8%a8%d8%a7%d9%84%d8%ae%d9%88%d8%ae-%d9%85%d9%82%d9%84%d9%88%d8%a8%d8%a9
https://lacuisinedebernard.com/pesto-de-beringela,https://staging.lacuisinedebernard.com/pesto-de-beringela
https://lacuisinedebernard.com/pesto-de-beringela/,https://staging.lacuisinedebernard.com/pesto-de-beringela
https://www.lacuisinedebernard.com/pesto-de-beringela,https://staging.lacuisinedebernard.com/pesto-de-beringela
https://www.lacuisinedebernard.com/pesto-de-beringela/,https://staging.lacuisinedebernard.com/pesto-de-beringela
https://lacuisinedebernard.com/reykjavik-e-arredores,https://staging.lacuisinedebernard.com/reykjavik-e-arredores
https://lacuisinedebernard.com/reykjavik-e-arredores/,https://staging.lacuisinedebernard.com/reykjavik-e-arredores
https://www.lacuisinedebernard.com/reykjavik-e-arredores,https://staging.lacuisinedebernard.com/reykjavik-e-arredores
https://www.lacuisinedebernard.com/reykjavik-e-arredores/,https://staging.lacuisinedebernard.com/reykjavik-e-arredores
https://lacuisinedebernard.com/tarta-de-limon,https://staging.lacuisinedebernard.com/tarta-de-limon
https://lacuisinedebernard.com/tarta-de-limon/,https://staging.lacuisinedebernard.com/tarta-de-limon
https://www.lacuisinedebernard.com/tarta-de-limon,https://staging.lacuisinedebernard.com/tarta-de-limon
https://www.lacuisinedebernard.com/tarta-de-limon/,https://staging.lacuisinedebernard.com/tarta-de-limon
https://lacuisinedebernard.com/%d8%b3%d9%84%d8%b7%d8%a9-%d8%a7%d9%84%d9%83%d9%8a%d9%86%d9%88%d8%a7-%d9%88%d8%a7%d9%84%d8%a8%d9%86%d8%ac%d8%b1-%d9%88%d8%a7%d9%84%d8%ad%d9%85%d8%b5,https://staging.lacuisinedebernard.com/%d8%b3%d9%84%d8%b7%d8%a9-%d8%a7%d9%84%d9%83%d9%8a%d9%86%d9%88%d8%a7-%d9%88%d8%a7%d9%84%d8%a8%d9%86%d8%ac%d8%b1-%d9%88%d8%a7%d9%84%d8%ad%d9%85%d8%b5
https://lacuisinedebernard.com/%d8%b3%d9%84%d8%b7%d8%a9-%d8%a7%d9%84%d9%83%d9%8a%d9%86%d9%88%d8%a7-%d9%88%d8%a7%d9%84%d8%a8%d9%86%d8%ac%d8%b1-%d9%88%d8%a7%d9%84%d8%ad%d9%85%d8%b5/,https://staging.lacuisinedebernard.com/%d8%b3%d9%84%d8%b7%d8%a9-%d8%a7%d9%84%d9%83%d9%8a%d9%86%d9%88%d8%a7-%d9%88%d8%a7%d9%84%d8%a8%d9%86%d8%ac%d8%b1-%d9%88%d8%a7%d9%84%d8%ad%d9%85%d8%b5
https://www.lacuisinedebernard.com/%d8%b3%d9%84%d8%b7%d8%a9-%d8%a7%d9%84%d9%83%d9%8a%d9%86%d9%88%d8%a7-%d9%88%d8%a7%d9%84%d8%a8%d9%86%d8%ac%d8%b1-%d9%88%d8%a7%d9%84%d8%ad%d9%85%d8%b5,https://staging.lacuisinedebernard.com/%d8%b3%d9%84%d8%b7%d8%a9-%d8%a7%d9%84%d9%83%d9%8a%d9%86%d9%88%d8%a7-%d9%88%d8%a7%d9%84%d8%a8%d9%86%d8%ac%d8%b1-%d9%88%d8%a7%d9%84%d8%ad%d9%85%d8%b5
https://www.lacuisinedebernard.com/%d8%b3%d9%84%d8%b7%d8%a9-%d8%a7%d9%84%d9%83%d9%8a%d9%86%d9%88%d8%a7-%d9%88%d8%a7%d9%84%d8%a8%d9%86%d8%ac%d8%b1-%d9%88%d8%a7%d9%84%d8%ad%d9%85%d8%b5/,https://staging.lacuisinedebernard.com/%d8%b3%d9%84%d8%b7%d8%a9-%d8%a7%d9%84%d9%83%d9%8a%d9%86%d9%88%d8%a7-%d9%88%d8%a7%d9%84%d8%a8%d9%86%d8%ac%d8%b1-%d9%88%d8%a7%d9%84%d8%ad%d9%85%d8%b5
https://lacuisinedebernard.com/%d8%a3%d8%b1%d8%b2-%d9%85%d8%a7%d9%86%d8%ac%d9%88-%d9%84%d8%b2%d8%ac,https://staging.lacuisinedebernard.com/%d8%a3%d8%b1%d8%b2-%d9%85%d8%a7%d9%86%d8%ac%d9%88-%d9%84%d8%b2%d8%ac
https://lacuisinedebernard.com/%d8%a3%d8%b1%d8%b2-%d9%85%d8%a7%d9%86%d8%ac%d9%88-%d9%84%d8%b2%d8%ac/,https://staging.lacuisinedebernard.com/%d8%a3%d8%b1%d8%b2-%d9%85%d8%a7%d9%86%d8%ac%d9%88-%d9%84%d8%b2%d8%ac
https://www.lacuisinedebernard.com/%d8%a3%d8%b1%d8%b2-%d9%85%d8%a7%d9%86%d8%ac%d9%88-%d9%84%d8%b2%d8%ac,https://staging.lacuisinedebernard.com/%d8%a3%d8%b1%d8%b2-%d9%85%d8%a7%d9%86%d8%ac%d9%88-%d9%84%d8%b2%d8%ac
https://www.lacuisinedebernard.com/%d8%a3%d8%b1%d8%b2-%d9%85%d8%a7%d9%86%d8%ac%d9%88-%d9%84%d8%b2%d8%ac/,https://staging.lacuisinedebernard.com/%d8%a3%d8%b1%d8%b2-%d9%85%d8%a7%d9%86%d8%ac%d9%88-%d9%84%d8%b2%d8%ac
https://lacuisinedebernard.com/goat-cheese-and-cherry-tomato-quiche,https://staging.lacuisinedebernard.com/goat-cheese-and-cherry-tomato-quiche
https://lacuisinedebernard.com/goat-cheese-and-cherry-tomato-quiche/,https://staging.lacuisinedebernard.com/goat-cheese-and-cherry-tomato-quiche
https://www.lacuisinedebernard.com/goat-cheese-and-cherry-tomato-quiche,https://staging.lacuisinedebernard.com/goat-cheese-and-cherry-tomato-quiche
https://www.lacuisinedebernard.com/goat-cheese-and-cherry-tomato-quiche/,https://staging.lacuisinedebernard.com/goat-cheese-and-cherry-tomato-quiche
https://lacuisinedebernard.com/sopa-fria-de-calabacin-mango-y-curry,https://staging.lacuisinedebernard.com/sopa-fria-de-calabacin-mango-y-curry
https://lacuisinedebernard.com/sopa-fria-de-calabacin-mango-y-curry/,https://staging.lacuisinedebernard.com/sopa-fria-de-calabacin-mango-y-curry
https://www.lacuisinedebernard.com/sopa-fria-de-calabacin-mango-y-curry,https://staging.lacuisinedebernard.com/sopa-fria-de-calabacin-mango-y-curry
https://www.lacuisinedebernard.com/sopa-fria-de-calabacin-mango-y-curry/,https://staging.lacuisinedebernard.com/sopa-fria-de-calabacin-mango-y-curry
https://lacuisinedebernard.com/chicken-with-chilli-thai-basil-and-peanuts,https://staging.lacuisinedebernard.com/chicken-with-chilli-thai-basil-and-peanuts
https://lacuisinedebernard.com/chicken-with-chilli-thai-basil-and-peanuts/,https://staging.lacuisinedebernard.com/chicken-with-chilli-thai-basil-and-peanuts
https://www.lacuisinedebernard.com/chicken-with-chilli-thai-basil-and-peanuts,https://staging.lacuisinedebernard.com/chicken-with-chilli-thai-basil-and-peanuts
https://www.lacuisinedebernard.com/chicken-with-chilli-thai-basil-and-peanuts/,https://staging.lacuisinedebernard.com/chicken-with-chilli-thai-basil-and-peanuts
https://lacuisinedebernard.com/pan-dulce-de-limon-y-harina-de-maiz,https://staging.lacuisinedebernard.com/pan-dulce-de-limon-y-harina-de-maiz
https://lacuisinedebernard.com/pan-dulce-de-limon-y-harina-de-maiz/,https://staging.lacuisinedebernard.com/pan-dulce-de-limon-y-harina-de-maiz
https://www.lacuisinedebernard.com/pan-dulce-de-limon-y-harina-de-maiz,https://staging.lacuisinedebernard.com/pan-dulce-de-limon-y-harina-de-maiz
https://www.lacuisinedebernard.com/pan-dulce-de-limon-y-harina-de-maiz/,https://staging.lacuisinedebernard.com/pan-dulce-de-limon-y-harina-de-maiz
https://lacuisinedebernard.com/silikomart-nuevo-socio-del-blog-y-del-taller,https://staging.lacuisinedebernard.com/silikomart-nuevo-socio-del-blog-y-del-taller
https://lacuisinedebernard.com/silikomart-nuevo-socio-del-blog-y-del-taller/,https://staging.lacuisinedebernard.com/silikomart-nuevo-socio-del-blog-y-del-taller
https://www.lacuisinedebernard.com/silikomart-nuevo-socio-del-blog-y-del-taller,https://staging.lacuisinedebernard.com/silikomart-nuevo-socio-del-blog-y-del-taller
https://www.lacuisinedebernard.com/silikomart-nuevo-socio-del-blog-y-del-taller/,https://staging.lacuisinedebernard.com/silikomart-nuevo-socio-del-blog-y-del-taller
https://lacuisinedebernard.com/%d8%af%d8%ac%d8%a7%d8%ac-%d8%a8%d8%a7%d9%84%d9%81%d9%84%d9%81%d9%84-%d8%a7%d9%84%d8%ad%d8%a7%d8%b1-%d8%8c-%d8%b1%d9%8a%d8%ad%d8%a7%d9%86-%d8%aa%d8%a7%d9%8a%d9%84%d8%a7%d9%86%d8%af%d9%8a-%d9%88%d9%81,https://staging.lacuisinedebernard.com/%d8%af%d8%ac%d8%a7%d8%ac-%d8%a8%d8%a7%d9%84%d9%81%d9%84%d9%81%d9%84-%d8%a7%d9%84%d8%ad%d8%a7%d8%b1-%d8%8c-%d8%b1%d9%8a%d8%ad%d8%a7%d9%86-%d8%aa%d8%a7%d9%8a%d9%84%d8%a7%d9%86%d8%af%d9%8a-%d9%88%d9%81
https://lacuisinedebernard.com/%d8%af%d8%ac%d8%a7%d8%ac-%d8%a8%d8%a7%d9%84%d9%81%d9%84%d9%81%d9%84-%d8%a7%d9%84%d8%ad%d8%a7%d8%b1-%d8%8c-%d8%b1%d9%8a%d8%ad%d8%a7%d9%86-%d8%aa%d8%a7%d9%8a%d9%84%d8%a7%d9%86%d8%af%d9%8a-%d9%88%d9%81/,https://staging.lacuisinedebernard.com/%d8%af%d8%ac%d8%a7%d8%ac-%d8%a8%d8%a7%d9%84%d9%81%d9%84%d9%81%d9%84-%d8%a7%d9%84%d8%ad%d8%a7%d8%b1-%d8%8c-%d8%b1%d9%8a%d8%ad%d8%a7%d9%86-%d8%aa%d8%a7%d9%8a%d9%84%d8%a7%d9%86%d8%af%d9%8a-%d9%88%d9%81
https://www.lacuisinedebernard.com/%d8%af%d8%ac%d8%a7%d8%ac-%d8%a8%d8%a7%d9%84%d9%81%d9%84%d9%81%d9%84-%d8%a7%d9%84%d8%ad%d8%a7%d8%b1-%d8%8c-%d8%b1%d9%8a%d8%ad%d8%a7%d9%86-%d8%aa%d8%a7%d9%8a%d9%84%d8%a7%d9%86%d8%af%d9%8a-%d9%88%d9%81,https://staging.lacuisinedebernard.com/%d8%af%d8%ac%d8%a7%d8%ac-%d8%a8%d8%a7%d9%84%d9%81%d9%84%d9%81%d9%84-%d8%a7%d9%84%d8%ad%d8%a7%d8%b1-%d8%8c-%d8%b1%d9%8a%d8%ad%d8%a7%d9%86-%d8%aa%d8%a7%d9%8a%d9%84%d8%a7%d9%86%d8%af%d9%8a-%d9%88%d9%81
https://www.lacuisinedebernard.com/%d8%af%d8%ac%d8%a7%d8%ac-%d8%a8%d8%a7%d9%84%d9%81%d9%84%d9%81%d9%84-%d8%a7%d9%84%d8%ad%d8%a7%d8%b1-%d8%8c-%d8%b1%d9%8a%d8%ad%d8%a7%d9%86-%d8%aa%d8%a7%d9%8a%d9%84%d8%a7%d9%86%d8%af%d9%8a-%d9%88%d9%81/,https://staging.lacuisinedebernard.com/%d8%af%d8%ac%d8%a7%d8%ac-%d8%a8%d8%a7%d9%84%d9%81%d9%84%d9%81%d9%84-%d8%a7%d9%84%d8%ad%d8%a7%d8%b1-%d8%8c-%d8%b1%d9%8a%d8%ad%d8%a7%d9%86-%d8%aa%d8%a7%d9%8a%d9%84%d8%a7%d9%86%d8%af%d9%8a-%d9%88%d9%81
https://lacuisinedebernard.com/bunuelos-crujientes-vietnamitas-con-arroz-glutinoso-cerdo-y-gambas,https://staging.lacuisinedebernard.com/bunuelos-crujientes-vietnamitas-con-arroz-glutinoso-cerdo-y-gambas
https://lacuisinedebernard.com/bunuelos-crujientes-vietnamitas-con-arroz-glutinoso-cerdo-y-gambas/,https://staging.lacuisinedebernard.com/bunuelos-crujientes-vietnamitas-con-arroz-glutinoso-cerdo-y-gambas
https://www.lacuisinedebernard.com/bunuelos-crujientes-vietnamitas-con-arroz-glutinoso-cerdo-y-gambas,https://staging.lacuisinedebernard.com/bunuelos-crujientes-vietnamitas-con-arroz-glutinoso-cerdo-y-gambas
https://www.lacuisinedebernard.com/bunuelos-crujientes-vietnamitas-con-arroz-glutinoso-cerdo-y-gambas/,https://staging.lacuisinedebernard.com/bunuelos-crujientes-vietnamitas-con-arroz-glutinoso-cerdo-y-gambas
https://lacuisinedebernard.com/reykjavik-and-its-surroundings,https://staging.lacuisinedebernard.com/reykjavik-and-its-surroundings
https://lacuisinedebernard.com/reykjavik-and-its-surroundings/,https://staging.lacuisinedebernard.com/reykjavik-and-its-surroundings
https://www.lacuisinedebernard.com/reykjavik-and-its-surroundings,https://staging.lacuisinedebernard.com/reykjavik-and-its-surroundings
https://www.lacuisinedebernard.com/reykjavik-and-its-surroundings/,https://staging.lacuisinedebernard.com/reykjavik-and-its-surroundings
https://lacuisinedebernard.com/bolo-de-limao,https://staging.lacuisinedebernard.com/bolo-de-limao
https://lacuisinedebernard.com/bolo-de-limao/,https://staging.lacuisinedebernard.com/bolo-de-limao
https://www.lacuisinedebernard.com/bolo-de-limao,https://staging.lacuisinedebernard.com/bolo-de-limao
https://www.lacuisinedebernard.com/bolo-de-limao/,https://staging.lacuisinedebernard.com/bolo-de-limao
https://lacuisinedebernard.com/eggplant-pesto,https://staging.lacuisinedebernard.com/eggplant-pesto
https://lacuisinedebernard.com/eggplant-pesto/,https://staging.lacuisinedebernard.com/eggplant-pesto
https://www.lacuisinedebernard.com/eggplant-pesto,https://staging.lacuisinedebernard.com/eggplant-pesto
https://www.lacuisinedebernard.com/eggplant-pesto/,https://staging.lacuisinedebernard.com/eggplant-pesto
https://lacuisinedebernard.com/tarta-de-arandanos-y-queso-crema,https://staging.lacuisinedebernard.com/tarta-de-arandanos-y-queso-crema
https://lacuisinedebernard.com/tarta-de-arandanos-y-queso-crema/,https://staging.lacuisinedebernard.com/tarta-de-arandanos-y-queso-crema
https://www.lacuisinedebernard.com/tarta-de-arandanos-y-queso-crema,https://staging.lacuisinedebernard.com/tarta-de-arandanos-y-queso-crema
https://www.lacuisinedebernard.com/tarta-de-arandanos-y-queso-crema/,https://staging.lacuisinedebernard.com/tarta-de-arandanos-y-queso-crema
https://lacuisinedebernard.com/%d9%83%d9%8a%d8%b4%d9%8a-%d8%ac%d8%a8%d9%86-%d8%a7%d9%84%d9%85%d8%a7%d8%b9%d8%b2-%d8%a7%d9%84%d8%b7%d9%85%d8%a7%d8%b7%d9%85-%d8%a7%d9%84%d9%83%d8%b1%d8%b2,https://staging.lacuisinedebernard.com/%d9%83%d9%8a%d8%b4%d9%8a-%d8%ac%d8%a8%d9%86-%d8%a7%d9%84%d9%85%d8%a7%d8%b9%d8%b2-%d8%a7%d9%84%d8%b7%d9%85%d8%a7%d8%b7%d9%85-%d8%a7%d9%84%d9%83%d8%b1%d8%b2
https://lacuisinedebernard.com/%d9%83%d9%8a%d8%b4%d9%8a-%d8%ac%d8%a8%d9%86-%d8%a7%d9%84%d9%85%d8%a7%d8%b9%d8%b2-%d8%a7%d9%84%d8%b7%d9%85%d8%a7%d8%b7%d9%85-%d8%a7%d9%84%d9%83%d8%b1%d8%b2/,https://staging.lacuisinedebernard.com/%d9%83%d9%8a%d8%b4%d9%8a-%d8%ac%d8%a8%d9%86-%d8%a7%d9%84%d9%85%d8%a7%d8%b9%d8%b2-%d8%a7%d9%84%d8%b7%d9%85%d8%a7%d8%b7%d9%85-%d8%a7%d9%84%d9%83%d8%b1%d8%b2
https://www.lacuisinedebernard.com/%d9%83%d9%8a%d8%b4%d9%8a-%d8%ac%d8%a8%d9%86-%d8%a7%d9%84%d9%85%d8%a7%d8%b9%d8%b2-%d8%a7%d9%84%d8%b7%d9%85%d8%a7%d8%b7%d9%85-%d8%a7%d9%84%d9%83%d8%b1%d8%b2,https://staging.lacuisinedebernard.com/%d9%83%d9%8a%d8%b4%d9%8a-%d8%ac%d8%a8%d9%86-%d8%a7%d9%84%d9%85%d8%a7%d8%b9%d8%b2-%d8%a7%d9%84%d8%b7%d9%85%d8%a7%d8%b7%d9%85-%d8%a7%d9%84%d9%83%d8%b1%d8%b2
https://www.lacuisinedebernard.com/%d9%83%d9%8a%d8%b4%d9%8a-%d8%ac%d8%a8%d9%86-%d8%a7%d9%84%d9%85%d8%a7%d8%b9%d8%b2-%d8%a7%d9%84%d8%b7%d9%85%d8%a7%d8%b7%d9%85-%d8%a7%d9%84%d9%83%d8%b1%d8%b2/,https://staging.lacuisinedebernard.com/%d9%83%d9%8a%d8%b4%d9%8a-%d8%ac%d8%a8%d9%86-%d8%a7%d9%84%d9%85%d8%a7%d8%b9%d8%b2-%d8%a7%d9%84%d8%b7%d9%85%d8%a7%d8%b7%d9%85-%d8%a7%d9%84%d9%83%d8%b1%d8%b2
https://lacuisinedebernard.com/pao-curto-de-limao-e-farinha-de-milho,https://staging.lacuisinedebernard.com/pao-curto-de-limao-e-farinha-de-milho
https://lacuisinedebernard.com/pao-curto-de-limao-e-farinha-de-milho/,https://staging.lacuisinedebernard.com/pao-curto-de-limao-e-farinha-de-milho
https://www.lacuisinedebernard.com/pao-curto-de-limao-e-farinha-de-milho,https://staging.lacuisinedebernard.com/pao-curto-de-limao-e-farinha-de-milho
https://www.lacuisinedebernard.com/pao-curto-de-limao-e-farinha-de-milho/,https://staging.lacuisinedebernard.com/pao-curto-de-limao-e-farinha-de-milho
https://lacuisinedebernard.com/courgette-fria-sopa-de-manga-e-caril,https://staging.lacuisinedebernard.com/courgette-fria-sopa-de-manga-e-caril
https://lacuisinedebernard.com/courgette-fria-sopa-de-manga-e-caril/,https://staging.lacuisinedebernard.com/courgette-fria-sopa-de-manga-e-caril
https://www.lacuisinedebernard.com/courgette-fria-sopa-de-manga-e-caril,https://staging.lacuisinedebernard.com/courgette-fria-sopa-de-manga-e-caril
https://www.lacuisinedebernard.com/courgette-fria-sopa-de-manga-e-caril/,https://staging.lacuisinedebernard.com/courgette-fria-sopa-de-manga-e-caril
https://lacuisinedebernard.com/ensalada-de-quinoa-y-hummus-de-remolacha,https://staging.lacuisinedebernard.com/ensalada-de-quinoa-y-hummus-de-remolacha
https://lacuisinedebernard.com/ensalada-de-quinoa-y-hummus-de-remolacha/,https://staging.lacuisinedebernard.com/ensalada-de-quinoa-y-hummus-de-remolacha
https://www.lacuisinedebernard.com/ensalada-de-quinoa-y-hummus-de-remolacha,https://staging.lacuisinedebernard.com/ensalada-de-quinoa-y-hummus-de-remolacha
https://www.lacuisinedebernard.com/ensalada-de-quinoa-y-hummus-de-remolacha/,https://staging.lacuisinedebernard.com/ensalada-de-quinoa-y-hummus-de-remolacha
https://lacuisinedebernard.com/lemon-cake,https://staging.lacuisinedebernard.com/lemon-cake
https://lacuisinedebernard.com/lemon-cake/,https://staging.lacuisinedebernard.com/lemon-cake
https://www.lacuisinedebernard.com/lemon-cake,https://staging.lacuisinedebernard.com/lemon-cake
https://www.lacuisinedebernard.com/lemon-cake/,https://staging.lacuisinedebernard.com/lemon-cake
https://lacuisinedebernard.com/%d8%b1%d9%8a%d9%83%d9%8a%d8%a7%d9%81%d9%8a%d9%83-%d9%88%d9%85%d8%ad%d9%8a%d8%b7%d9%87%d8%a7,https://staging.lacuisinedebernard.com/%d8%b1%d9%8a%d9%83%d9%8a%d8%a7%d9%81%d9%8a%d9%83-%d9%88%d9%85%d8%ad%d9%8a%d8%b7%d9%87%d8%a7
https://lacuisinedebernard.com/%d8%b1%d9%8a%d9%83%d9%8a%d8%a7%d9%81%d9%8a%d9%83-%d9%88%d9%85%d8%ad%d9%8a%d8%b7%d9%87%d8%a7/,https://staging.lacuisinedebernard.com/%d8%b1%d9%8a%d9%83%d9%8a%d8%a7%d9%81%d9%8a%d9%83-%d9%88%d9%85%d8%ad%d9%8a%d8%b7%d9%87%d8%a7
https://www.lacuisinedebernard.com/%d8%b1%d9%8a%d9%83%d9%8a%d8%a7%d9%81%d9%8a%d9%83-%d9%88%d9%85%d8%ad%d9%8a%d8%b7%d9%87%d8%a7,https://staging.lacuisinedebernard.com/%d8%b1%d9%8a%d9%83%d9%8a%d8%a7%d9%81%d9%8a%d9%83-%d9%88%d9%85%d8%ad%d9%8a%d8%b7%d9%87%d8%a7
https://www.lacuisinedebernard.com/%d8%b1%d9%8a%d9%83%d9%8a%d8%a7%d9%81%d9%8a%d9%83-%d9%88%d9%85%d8%ad%d9%8a%d8%b7%d9%87%d8%a7/,https://staging.lacuisinedebernard.com/%d8%b1%d9%8a%d9%83%d9%8a%d8%a7%d9%81%d9%8a%d9%83-%d9%88%d9%85%d8%ad%d9%8a%d8%b7%d9%87%d8%a7
https://lacuisinedebernard.com/cold-zucchini-mango-and-curry-soup,https://staging.lacuisinedebernard.com/cold-zucchini-mango-and-curry-soup
https://lacuisinedebernard.com/cold-zucchini-mango-and-curry-soup/,https://staging.lacuisinedebernard.com/cold-zucchini-mango-and-curry-soup
https://www.lacuisinedebernard.com/cold-zucchini-mango-and-curry-soup,https://staging.lacuisinedebernard.com/cold-zucchini-mango-and-curry-soup
https://www.lacuisinedebernard.com/cold-zucchini-mango-and-curry-soup/,https://staging.lacuisinedebernard.com/cold-zucchini-mango-and-curry-soup
https://lacuisinedebernard.com/fritas-crocantes-vietnamitas-com-arroz-glutinoso-carne-de-porco-e-camarao,https://staging.lacuisinedebernard.com/fritas-crocantes-vietnamitas-com-arroz-glutinoso-carne-de-porco-e-camarao
https://lacuisinedebernard.com/fritas-crocantes-vietnamitas-com-arroz-glutinoso-carne-de-porco-e-camarao/,https://staging.lacuisinedebernard.com/fritas-crocantes-vietnamitas-com-arroz-glutinoso-carne-de-porco-e-camarao
https://www.lacuisinedebernard.com/fritas-crocantes-vietnamitas-com-arroz-glutinoso-carne-de-porco-e-camarao,https://staging.lacuisinedebernard.com/fritas-crocantes-vietnamitas-com-arroz-glutinoso-carne-de-porco-e-camarao
https://www.lacuisinedebernard.com/fritas-crocantes-vietnamitas-com-arroz-glutinoso-carne-de-porco-e-camarao/,https://staging.lacuisinedebernard.com/fritas-crocantes-vietnamitas-com-arroz-glutinoso-carne-de-porco-e-camarao
https://lacuisinedebernard.com/bolo-de-mirtilo-e-creme-de-queijo,https://staging.lacuisinedebernard.com/bolo-de-mirtilo-e-creme-de-queijo
https://lacuisinedebernard.com/bolo-de-mirtilo-e-creme-de-queijo/,https://staging.lacuisinedebernard.com/bolo-de-mirtilo-e-creme-de-queijo
https://www.lacuisinedebernard.com/bolo-de-mirtilo-e-creme-de-queijo,https://staging.lacuisinedebernard.com/bolo-de-mirtilo-e-creme-de-queijo
https://www.lacuisinedebernard.com/bolo-de-mirtilo-e-creme-de-queijo/,https://staging.lacuisinedebernard.com/bolo-de-mirtilo-e-creme-de-queijo
https://lacuisinedebernard.com/tarta-de-melocoton-al-reves,https://staging.lacuisinedebernard.com/tarta-de-melocoton-al-reves
https://lacuisinedebernard.com/tarta-de-melocoton-al-reves/,https://staging.lacuisinedebernard.com/tarta-de-melocoton-al-reves
https://www.lacuisinedebernard.com/tarta-de-melocoton-al-reves,https://staging.lacuisinedebernard.com/tarta-de-melocoton-al-reves
https://www.lacuisinedebernard.com/tarta-de-melocoton-al-reves/,https://staging.lacuisinedebernard.com/tarta-de-melocoton-al-reves
https://lacuisinedebernard.com/%d8%a8%d9%8a%d8%b3%d8%aa%d9%88-%d8%a7%d9%84%d8%a8%d8%a7%d8%b0%d9%86%d8%ac%d8%a7%d9%86,https://staging.lacuisinedebernard.com/%d8%a8%d9%8a%d8%b3%d8%aa%d9%88-%d8%a7%d9%84%d8%a8%d8%a7%d8%b0%d9%86%d8%ac%d8%a7%d9%86
https://lacuisinedebernard.com/%d8%a8%d9%8a%d8%b3%d8%aa%d9%88-%d8%a7%d9%84%d8%a8%d8%a7%d8%b0%d9%86%d8%ac%d8%a7%d9%86/,https://staging.lacuisinedebernard.com/%d8%a8%d9%8a%d8%b3%d8%aa%d9%88-%d8%a7%d9%84%d8%a8%d8%a7%d8%b0%d9%86%d8%ac%d8%a7%d9%86
https://www.lacuisinedebernard.com/%d8%a8%d9%8a%d8%b3%d8%aa%d9%88-%d8%a7%d9%84%d8%a8%d8%a7%d8%b0%d9%86%d8%ac%d8%a7%d9%86,https://staging.lacuisinedebernard.com/%d8%a8%d9%8a%d8%b3%d8%aa%d9%88-%d8%a7%d9%84%d8%a8%d8%a7%d8%b0%d9%86%d8%ac%d8%a7%d9%86
https://www.lacuisinedebernard.com/%d8%a8%d9%8a%d8%b3%d8%aa%d9%88-%d8%a7%d9%84%d8%a8%d8%a7%d8%b0%d9%86%d8%ac%d8%a7%d9%86/,https://staging.lacuisinedebernard.com/%d8%a8%d9%8a%d8%b3%d8%aa%d9%88-%d8%a7%d9%84%d8%a8%d8%a7%d8%b0%d9%86%d8%ac%d8%a7%d9%86
https://lacuisinedebernard.com/lemon-and-corn-flour-shortbread,https://staging.lacuisinedebernard.com/lemon-and-corn-flour-shortbread
https://lacuisinedebernard.com/lemon-and-corn-flour-shortbread/,https://staging.lacuisinedebernard.com/lemon-and-corn-flour-shortbread
https://www.lacuisinedebernard.com/lemon-and-corn-flour-shortbread,https://staging.lacuisinedebernard.com/lemon-and-corn-flour-shortbread
https://www.lacuisinedebernard.com/lemon-and-corn-flour-shortbread/,https://staging.lacuisinedebernard.com/lemon-and-corn-flour-shortbread
https://lacuisinedebernard.com/silikomart-novo-parceiro-do-blogue-e-da-oficina,https://staging.lacuisinedebernard.com/silikomart-novo-parceiro-do-blogue-e-da-oficina
https://lacuisinedebernard.com/silikomart-novo-parceiro-do-blogue-e-da-oficina/,https://staging.lacuisinedebernard.com/silikomart-novo-parceiro-do-blogue-e-da-oficina
https://www.lacuisinedebernard.com/silikomart-novo-parceiro-do-blogue-e-da-oficina,https://staging.lacuisinedebernard.com/silikomart-novo-parceiro-do-blogue-e-da-oficina
https://www.lacuisinedebernard.com/silikomart-novo-parceiro-do-blogue-e-da-oficina/,https://staging.lacuisinedebernard.com/silikomart-novo-parceiro-do-blogue-e-da-oficina
https://lacuisinedebernard.com/%d9%83%d8%b1%d9%8a%d8%a8-%d9%85%d9%86-%d8%a7%d9%84%d8%b9%d8%af%d8%b3-%d8%a7%d9%84%d9%85%d8%b1%d8%ac%d8%a7%d9%86%d9%8a-%d9%88%d8%a7%d9%84%d8%a8%d8%b5%d9%84-%d9%88%d8%a7%d9%84%d8%b3%d9%84%d9%82-%d8%a7,https://staging.lacuisinedebernard.com/%d9%83%d8%b1%d9%8a%d8%a8-%d9%85%d9%86-%d8%a7%d9%84%d8%b9%d8%af%d8%b3-%d8%a7%d9%84%d9%85%d8%b1%d8%ac%d8%a7%d9%86%d9%8a-%d9%88%d8%a7%d9%84%d8%a8%d8%b5%d9%84-%d9%88%d8%a7%d9%84%d8%b3%d9%84%d9%82-%d8%a7
https://lacuisinedebernard.com/%d9%83%d8%b1%d9%8a%d8%a8-%d9%85%d9%86-%d8%a7%d9%84%d8%b9%d8%af%d8%b3-%d8%a7%d9%84%d9%85%d8%b1%d8%ac%d8%a7%d9%86%d9%8a-%d9%88%d8%a7%d9%84%d8%a8%d8%b5%d9%84-%d9%88%d8%a7%d9%84%d8%b3%d9%84%d9%82-%d8%a7/,https://staging.lacuisinedebernard.com/%d9%83%d8%b1%d9%8a%d8%a8-%d9%85%d9%86-%d8%a7%d9%84%d8%b9%d8%af%d8%b3-%d8%a7%d9%84%d9%85%d8%b1%d8%ac%d8%a7%d9%86%d9%8a-%d9%88%d8%a7%d9%84%d8%a8%d8%b5%d9%84-%d9%88%d8%a7%d9%84%d8%b3%d9%84%d9%82-%d8%a7
https://www.lacuisinedebernard.com/%d9%83%d8%b1%d9%8a%d8%a8-%d9%85%d9%86-%d8%a7%d9%84%d8%b9%d8%af%d8%b3-%d8%a7%d9%84%d9%85%d8%b1%d8%ac%d8%a7%d9%86%d9%8a-%d9%88%d8%a7%d9%84%d8%a8%d8%b5%d9%84-%d9%88%d8%a7%d9%84%d8%b3%d9%84%d9%82-%d8%a7,https://staging.lacuisinedebernard.com/%d9%83%d8%b1%d9%8a%d8%a8-%d9%85%d9%86-%d8%a7%d9%84%d8%b9%d8%af%d8%b3-%d8%a7%d9%84%d9%85%d8%b1%d8%ac%d8%a7%d9%86%d9%8a-%d9%88%d8%a7%d9%84%d8%a8%d8%b5%d9%84-%d9%88%d8%a7%d9%84%d8%b3%d9%84%d9%82-%d8%a7
https://www.lacuisinedebernard.com/%d9%83%d8%b1%d9%8a%d8%a8-%d9%85%d9%86-%d8%a7%d9%84%d8%b9%d8%af%d8%b3-%d8%a7%d9%84%d9%85%d8%b1%d8%ac%d8%a7%d9%86%d9%8a-%d9%88%d8%a7%d9%84%d8%a8%d8%b5%d9%84-%d9%88%d8%a7%d9%84%d8%b3%d9%84%d9%82-%d8%a7/,https://staging.lacuisinedebernard.com/%d9%83%d8%b1%d9%8a%d8%a8-%d9%85%d9%86-%d8%a7%d9%84%d8%b9%d8%af%d8%b3-%d8%a7%d9%84%d9%85%d8%b1%d8%ac%d8%a7%d9%86%d9%8a-%d9%88%d8%a7%d9%84%d8%a8%d8%b5%d9%84-%d9%88%d8%a7%d9%84%d8%b3%d9%84%d9%82-%d8%a7
https://lacuisinedebernard.com/risotto-con-boursin-y-calabacines,https://staging.lacuisinedebernard.com/risotto-con-boursin-y-calabacines
https://lacuisinedebernard.com/risotto-con-boursin-y-calabacines/,https://staging.lacuisinedebernard.com/risotto-con-boursin-y-calabacines
https://www.lacuisinedebernard.com/risotto-con-boursin-y-calabacines,https://staging.lacuisinedebernard.com/risotto-con-boursin-y-calabacines
https://www.lacuisinedebernard.com/risotto-con-boursin-y-calabacines/,https://staging.lacuisinedebernard.com/risotto-con-boursin-y-calabacines
https://lacuisinedebernard.com/risotto-com-boursin-e-courgettes,https://staging.lacuisinedebernard.com/risotto-com-boursin-e-courgettes
https://lacuisinedebernard.com/risotto-com-boursin-e-courgettes/,https://staging.lacuisinedebernard.com/risotto-com-boursin-e-courgettes
https://www.lacuisinedebernard.com/risotto-com-boursin-e-courgettes,https://staging.lacuisinedebernard.com/risotto-com-boursin-e-courgettes
https://www.lacuisinedebernard.com/risotto-com-boursin-e-courgettes/,https://staging.lacuisinedebernard.com/risotto-com-boursin-e-courgettes
https://lacuisinedebernard.com/risotto-with-boursin-and-zucchini,https://staging.lacuisinedebernard.com/risotto-with-boursin-and-zucchini
https://lacuisinedebernard.com/risotto-with-boursin-and-zucchini/,https://staging.lacuisinedebernard.com/risotto-with-boursin-and-zucchini
https://www.lacuisinedebernard.com/risotto-with-boursin-and-zucchini,https://staging.lacuisinedebernard.com/risotto-with-boursin-and-zucchini
https://www.lacuisinedebernard.com/risotto-with-boursin-and-zucchini/,https://staging.lacuisinedebernard.com/risotto-with-boursin-and-zucchini
https://lacuisinedebernard.com/%d8%b1%d9%8a%d8%b2%d9%88%d8%aa%d9%88-%d8%a8%d8%a7%d9%84%d8%a8%d9%88%d8%b1%d8%b3%d9%8a%d9%86-%d9%88%d8%a7%d9%84%d9%83%d9%88%d8%b3%d8%a7,https://staging.lacuisinedebernard.com/%d8%b1%d9%8a%d8%b2%d9%88%d8%aa%d9%88-%d8%a8%d8%a7%d9%84%d8%a8%d9%88%d8%b1%d8%b3%d9%8a%d9%86-%d9%88%d8%a7%d9%84%d9%83%d9%88%d8%b3%d8%a7
https://lacuisinedebernard.com/%d8%b1%d9%8a%d8%b2%d9%88%d8%aa%d9%88-%d8%a8%d8%a7%d9%84%d8%a8%d9%88%d8%b1%d8%b3%d9%8a%d9%86-%d9%88%d8%a7%d9%84%d9%83%d9%88%d8%b3%d8%a7/,https://staging.lacuisinedebernard.com/%d8%b1%d9%8a%d8%b2%d9%88%d8%aa%d9%88-%d8%a8%d8%a7%d9%84%d8%a8%d9%88%d8%b1%d8%b3%d9%8a%d9%86-%d9%88%d8%a7%d9%84%d9%83%d9%88%d8%b3%d8%a7
https://www.lacuisinedebernard.com/%d8%b1%d9%8a%d8%b2%d9%88%d8%aa%d9%88-%d8%a8%d8%a7%d9%84%d8%a8%d9%88%d8%b1%d8%b3%d9%8a%d9%86-%d9%88%d8%a7%d9%84%d9%83%d9%88%d8%b3%d8%a7,https://staging.lacuisinedebernard.com/%d8%b1%d9%8a%d8%b2%d9%88%d8%aa%d9%88-%d8%a8%d8%a7%d9%84%d8%a8%d9%88%d8%b1%d8%b3%d9%8a%d9%86-%d9%88%d8%a7%d9%84%d9%83%d9%88%d8%b3%d8%a7
https://www.lacuisinedebernard.com/%d8%b1%d9%8a%d8%b2%d9%88%d8%aa%d9%88-%d8%a8%d8%a7%d9%84%d8%a8%d9%88%d8%b1%d8%b3%d9%8a%d9%86-%d9%88%d8%a7%d9%84%d9%83%d9%88%d8%b3%d8%a7/,https://staging.lacuisinedebernard.com/%d8%b1%d9%8a%d8%b2%d9%88%d8%aa%d9%88-%d8%a8%d8%a7%d9%84%d8%a8%d9%88%d8%b1%d8%b3%d9%8a%d9%86-%d9%88%d8%a7%d9%84%d9%83%d9%88%d8%b3%d8%a7
https://lacuisinedebernard.com/canelones-de-chocolate,https://staging.lacuisinedebernard.com/canelones-de-chocolate
https://lacuisinedebernard.com/canelones-de-chocolate/,https://staging.lacuisinedebernard.com/canelones-de-chocolate
https://www.lacuisinedebernard.com/canelones-de-chocolate,https://staging.lacuisinedebernard.com/canelones-de-chocolate
https://www.lacuisinedebernard.com/canelones-de-chocolate/,https://staging.lacuisinedebernard.com/canelones-de-chocolate
https://lacuisinedebernard.com/pumpkin-and-pecan-cake,https://staging.lacuisinedebernard.com/pumpkin-and-pecan-cake
https://lacuisinedebernard.com/pumpkin-and-pecan-cake/,https://staging.lacuisinedebernard.com/pumpkin-and-pecan-cake
https://www.lacuisinedebernard.com/pumpkin-and-pecan-cake,https://staging.lacuisinedebernard.com/pumpkin-and-pecan-cake
https://www.lacuisinedebernard.com/pumpkin-and-pecan-cake/,https://staging.lacuisinedebernard.com/pumpkin-and-pecan-cake
https://lacuisinedebernard.com/%d8%a7%d8%b3%d9%83%d8%a7%d9%84%d9%88%d8%a8-%d9%85%d8%b9-%d8%a8%d8%b7%d8%a7%d8%b7%d8%a7-%d8%ad%d9%84%d9%88%d8%a9-%d9%85%d8%b4%d9%88%d9%8a%d8%a9-%d8%8c-%d9%83%d8%b1%d8%a7%d8%ab-%d9%83%d8%b1%d9%8a%d9%85,https://staging.lacuisinedebernard.com/%d8%a7%d8%b3%d9%83%d8%a7%d9%84%d9%88%d8%a8-%d9%85%d8%b9-%d8%a8%d8%b7%d8%a7%d8%b7%d8%a7-%d8%ad%d9%84%d9%88%d8%a9-%d9%85%d8%b4%d9%88%d9%8a%d8%a9-%d8%8c-%d9%83%d8%b1%d8%a7%d8%ab-%d9%83%d8%b1%d9%8a%d9%85
https://lacuisinedebernard.com/%d8%a7%d8%b3%d9%83%d8%a7%d9%84%d9%88%d8%a8-%d9%85%d8%b9-%d8%a8%d8%b7%d8%a7%d8%b7%d8%a7-%d8%ad%d9%84%d9%88%d8%a9-%d9%85%d8%b4%d9%88%d9%8a%d8%a9-%d8%8c-%d9%83%d8%b1%d8%a7%d8%ab-%d9%83%d8%b1%d9%8a%d9%85/,https://staging.lacuisinedebernard.com/%d8%a7%d8%b3%d9%83%d8%a7%d9%84%d9%88%d8%a8-%d9%85%d8%b9-%d8%a8%d8%b7%d8%a7%d8%b7%d8%a7-%d8%ad%d9%84%d9%88%d8%a9-%d9%85%d8%b4%d9%88%d9%8a%d8%a9-%d8%8c-%d9%83%d8%b1%d8%a7%d8%ab-%d9%83%d8%b1%d9%8a%d9%85
https://www.lacuisinedebernard.com/%d8%a7%d8%b3%d9%83%d8%a7%d9%84%d9%88%d8%a8-%d9%85%d8%b9-%d8%a8%d8%b7%d8%a7%d8%b7%d8%a7-%d8%ad%d9%84%d9%88%d8%a9-%d9%85%d8%b4%d9%88%d9%8a%d8%a9-%d8%8c-%d9%83%d8%b1%d8%a7%d8%ab-%d9%83%d8%b1%d9%8a%d9%85,https://staging.lacuisinedebernard.com/%d8%a7%d8%b3%d9%83%d8%a7%d9%84%d9%88%d8%a8-%d9%85%d8%b9-%d8%a8%d8%b7%d8%a7%d8%b7%d8%a7-%d8%ad%d9%84%d9%88%d8%a9-%d9%85%d8%b4%d9%88%d9%8a%d8%a9-%d8%8c-%d9%83%d8%b1%d8%a7%d8%ab-%d9%83%d8%b1%d9%8a%d9%85
https://www.lacuisinedebernard.com/%d8%a7%d8%b3%d9%83%d8%a7%d9%84%d9%88%d8%a8-%d9%85%d8%b9-%d8%a8%d8%b7%d8%a7%d8%b7%d8%a7-%d8%ad%d9%84%d9%88%d8%a9-%d9%85%d8%b4%d9%88%d9%8a%d8%a9-%d8%8c-%d9%83%d8%b1%d8%a7%d8%ab-%d9%83%d8%b1%d9%8a%d9%85/,https://staging.lacuisinedebernard.com/%d8%a7%d8%b3%d9%83%d8%a7%d9%84%d9%88%d8%a8-%d9%85%d8%b9-%d8%a8%d8%b7%d8%a7%d8%b7%d8%a7-%d8%ad%d9%84%d9%88%d8%a9-%d9%85%d8%b4%d9%88%d9%8a%d8%a9-%d8%8c-%d9%83%d8%b1%d8%a7%d8%ab-%d9%83%d8%b1%d9%8a%d9%85
https://lacuisinedebernard.com/tarte-de-abobora,https://staging.lacuisinedebernard.com/tarte-de-abobora
https://lacuisinedebernard.com/tarte-de-abobora/,https://staging.lacuisinedebernard.com/tarte-de-abobora
https://www.lacuisinedebernard.com/tarte-de-abobora,https://staging.lacuisinedebernard.com/tarte-de-abobora
https://www.lacuisinedebernard.com/tarte-de-abobora/,https://staging.lacuisinedebernard.com/tarte-de-abobora
https://lacuisinedebernard.com/pandan-leaf-pancakes,https://staging.lacuisinedebernard.com/pandan-leaf-pancakes
https://lacuisinedebernard.com/pandan-leaf-pancakes/,https://staging.lacuisinedebernard.com/pandan-leaf-pancakes
https://www.lacuisinedebernard.com/pandan-leaf-pancakes,https://staging.lacuisinedebernard.com/pandan-leaf-pancakes
https://www.lacuisinedebernard.com/pandan-leaf-pancakes/,https://staging.lacuisinedebernard.com/pandan-leaf-pancakes
https://lacuisinedebernard.com/tarte-de-nogueira,https://staging.lacuisinedebernard.com/tarte-de-nogueira
https://lacuisinedebernard.com/tarte-de-nogueira/,https://staging.lacuisinedebernard.com/tarte-de-nogueira
https://www.lacuisinedebernard.com/tarte-de-nogueira,https://staging.lacuisinedebernard.com/tarte-de-nogueira
https://www.lacuisinedebernard.com/tarte-de-nogueira/,https://staging.lacuisinedebernard.com/tarte-de-nogueira
https://lacuisinedebernard.com/tubos-de-hojaldre-con-praline-fluido,https://staging.lacuisinedebernard.com/tubos-de-hojaldre-con-praline-fluido
https://lacuisinedebernard.com/tubos-de-hojaldre-con-praline-fluido/,https://staging.lacuisinedebernard.com/tubos-de-hojaldre-con-praline-fluido
https://www.lacuisinedebernard.com/tubos-de-hojaldre-con-praline-fluido,https://staging.lacuisinedebernard.com/tubos-de-hojaldre-con-praline-fluido
https://www.lacuisinedebernard.com/tubos-de-hojaldre-con-praline-fluido/,https://staging.lacuisinedebernard.com/tubos-de-hojaldre-con-praline-fluido
https://lacuisinedebernard.com/arroz-frito-con-cerdo-y-verduras,https://staging.lacuisinedebernard.com/arroz-frito-con-cerdo-y-verduras
https://lacuisinedebernard.com/arroz-frito-con-cerdo-y-verduras/,https://staging.lacuisinedebernard.com/arroz-frito-con-cerdo-y-verduras
https://www.lacuisinedebernard.com/arroz-frito-con-cerdo-y-verduras,https://staging.lacuisinedebernard.com/arroz-frito-con-cerdo-y-verduras
https://www.lacuisinedebernard.com/arroz-frito-con-cerdo-y-verduras/,https://staging.lacuisinedebernard.com/arroz-frito-con-cerdo-y-verduras
https://lacuisinedebernard.com/caneles-de-chocolate,https://staging.lacuisinedebernard.com/caneles-de-chocolate
https://lacuisinedebernard.com/caneles-de-chocolate/,https://staging.lacuisinedebernard.com/caneles-de-chocolate
https://www.lacuisinedebernard.com/caneles-de-chocolate,https://staging.lacuisinedebernard.com/caneles-de-chocolate
https://www.lacuisinedebernard.com/caneles-de-chocolate/,https://staging.lacuisinedebernard.com/caneles-de-chocolate
https://lacuisinedebernard.com/%d9%83%d8%b9%d9%83%d8%a9-%d8%a7%d9%84%d9%8a%d9%82%d8%b7%d9%8a%d9%86-%d9%88%d8%a7%d9%84%d8%ac%d9%88%d8%b2-%d8%a7%d9%84%d8%a8%d9%82%d8%a7%d9%86,https://staging.lacuisinedebernard.com/%d9%83%d8%b9%d9%83%d8%a9-%d8%a7%d9%84%d9%8a%d9%82%d8%b7%d9%8a%d9%86-%d9%88%d8%a7%d9%84%d8%ac%d9%88%d8%b2-%d8%a7%d9%84%d8%a8%d9%82%d8%a7%d9%86
https://lacuisinedebernard.com/%d9%83%d8%b9%d9%83%d8%a9-%d8%a7%d9%84%d9%8a%d9%82%d8%b7%d9%8a%d9%86-%d9%88%d8%a7%d9%84%d8%ac%d9%88%d8%b2-%d8%a7%d9%84%d8%a8%d9%82%d8%a7%d9%86/,https://staging.lacuisinedebernard.com/%d9%83%d8%b9%d9%83%d8%a9-%d8%a7%d9%84%d9%8a%d9%82%d8%b7%d9%8a%d9%86-%d9%88%d8%a7%d9%84%d8%ac%d9%88%d8%b2-%d8%a7%d9%84%d8%a8%d9%82%d8%a7%d9%86
https://www.lacuisinedebernard.com/%d9%83%d8%b9%d9%83%d8%a9-%d8%a7%d9%84%d9%8a%d9%82%d8%b7%d9%8a%d9%86-%d9%88%d8%a7%d9%84%d8%ac%d9%88%d8%b2-%d8%a7%d9%84%d8%a8%d9%82%d8%a7%d9%86,https://staging.lacuisinedebernard.com/%d9%83%d8%b9%d9%83%d8%a9-%d8%a7%d9%84%d9%8a%d9%82%d8%b7%d9%8a%d9%86-%d9%88%d8%a7%d9%84%d8%ac%d9%88%d8%b2-%d8%a7%d9%84%d8%a8%d9%82%d8%a7%d9%86
https://www.lacuisinedebernard.com/%d9%83%d8%b9%d9%83%d8%a9-%d8%a7%d9%84%d9%8a%d9%82%d8%b7%d9%8a%d9%86-%d9%88%d8%a7%d9%84%d8%ac%d9%88%d8%b2-%d8%a7%d9%84%d8%a8%d9%82%d8%a7%d9%86/,https://staging.lacuisinedebernard.com/%d9%83%d8%b9%d9%83%d8%a9-%d8%a7%d9%84%d9%8a%d9%82%d8%b7%d9%8a%d9%86-%d9%88%d8%a7%d9%84%d8%ac%d9%88%d8%b2-%d8%a7%d9%84%d8%a8%d9%82%d8%a7%d9%86
https://lacuisinedebernard.com/%d9%83%d8%a7%d8%a8%d9%88%d8%aa%d8%b4%d8%a7-%d9%85%d8%ad%d8%b4%d9%88%d8%a9-%d8%a8%d8%a7%d9%84%d8%af%d8%ac%d8%a7%d8%ac-%d9%88%d8%a7%d9%84%d9%83%d8%b3%d8%aa%d9%86%d8%a7%d8%a1-%d9%88%d8%a7%d9%84%d8%ac,https://staging.lacuisinedebernard.com/%d9%83%d8%a7%d8%a8%d9%88%d8%aa%d8%b4%d8%a7-%d9%85%d8%ad%d8%b4%d9%88%d8%a9-%d8%a8%d8%a7%d9%84%d8%af%d8%ac%d8%a7%d8%ac-%d9%88%d8%a7%d9%84%d9%83%d8%b3%d8%aa%d9%86%d8%a7%d8%a1-%d9%88%d8%a7%d9%84%d8%ac
https://lacuisinedebernard.com/%d9%83%d8%a7%d8%a8%d9%88%d8%aa%d8%b4%d8%a7-%d9%85%d8%ad%d8%b4%d9%88%d8%a9-%d8%a8%d8%a7%d9%84%d8%af%d8%ac%d8%a7%d8%ac-%d9%88%d8%a7%d9%84%d9%83%d8%b3%d8%aa%d9%86%d8%a7%d8%a1-%d9%88%d8%a7%d9%84%d8%ac/,https://staging.lacuisinedebernard.com/%d9%83%d8%a7%d8%a8%d9%88%d8%aa%d8%b4%d8%a7-%d9%85%d8%ad%d8%b4%d9%88%d8%a9-%d8%a8%d8%a7%d9%84%d8%af%d8%ac%d8%a7%d8%ac-%d9%88%d8%a7%d9%84%d9%83%d8%b3%d8%aa%d9%86%d8%a7%d8%a1-%d9%88%d8%a7%d9%84%d8%ac
https://www.lacuisinedebernard.com/%d9%83%d8%a7%d8%a8%d9%88%d8%aa%d8%b4%d8%a7-%d9%85%d8%ad%d8%b4%d9%88%d8%a9-%d8%a8%d8%a7%d9%84%d8%af%d8%ac%d8%a7%d8%ac-%d9%88%d8%a7%d9%84%d9%83%d8%b3%d8%aa%d9%86%d8%a7%d8%a1-%d9%88%d8%a7%d9%84%d8%ac,https://staging.lacuisinedebernard.com/%d9%83%d8%a7%d8%a8%d9%88%d8%aa%d8%b4%d8%a7-%d9%85%d8%ad%d8%b4%d9%88%d8%a9-%d8%a8%d8%a7%d9%84%d8%af%d8%ac%d8%a7%d8%ac-%d9%88%d8%a7%d9%84%d9%83%d8%b3%d8%aa%d9%86%d8%a7%d8%a1-%d9%88%d8%a7%d9%84%d8%ac
https://www.lacuisinedebernard.com/%d9%83%d8%a7%d8%a8%d9%88%d8%aa%d8%b4%d8%a7-%d9%85%d8%ad%d8%b4%d9%88%d8%a9-%d8%a8%d8%a7%d9%84%d8%af%d8%ac%d8%a7%d8%ac-%d9%88%d8%a7%d9%84%d9%83%d8%b3%d8%aa%d9%86%d8%a7%d8%a1-%d9%88%d8%a7%d9%84%d8%ac/,https://staging.lacuisinedebernard.com/%d9%83%d8%a7%d8%a8%d9%88%d8%aa%d8%b4%d8%a7-%d9%85%d8%ad%d8%b4%d9%88%d8%a9-%d8%a8%d8%a7%d9%84%d8%af%d8%ac%d8%a7%d8%ac-%d9%88%d8%a7%d9%84%d9%83%d8%b3%d8%aa%d9%86%d8%a7%d8%a1-%d9%88%d8%a7%d9%84%d8%ac
https://lacuisinedebernard.com/tente-ganhar-um-kitchenaid-heritage-em-azul-vintage,https://staging.lacuisinedebernard.com/tente-ganhar-um-kitchenaid-heritage-em-azul-vintage
https://lacuisinedebernard.com/tente-ganhar-um-kitchenaid-heritage-em-azul-vintage/,https://staging.lacuisinedebernard.com/tente-ganhar-um-kitchenaid-heritage-em-azul-vintage
https://www.lacuisinedebernard.com/tente-ganhar-um-kitchenaid-heritage-em-azul-vintage,https://staging.lacuisinedebernard.com/tente-ganhar-um-kitchenaid-heritage-em-azul-vintage
https://www.lacuisinedebernard.com/tente-ganhar-um-kitchenaid-heritage-em-azul-vintage/,https://staging.lacuisinedebernard.com/tente-ganhar-um-kitchenaid-heritage-em-azul-vintage
https://lacuisinedebernard.com/pumpkin-pie,https://staging.lacuisinedebernard.com/pumpkin-pie
https://lacuisinedebernard.com/pumpkin-pie/,https://staging.lacuisinedebernard.com/pumpkin-pie
https://www.lacuisinedebernard.com/pumpkin-pie,https://staging.lacuisinedebernard.com/pumpkin-pie
https://www.lacuisinedebernard.com/pumpkin-pie/,https://staging.lacuisinedebernard.com/pumpkin-pie
https://lacuisinedebernard.com/tubos-de-massa-folhada-com-pralina-fluida,https://staging.lacuisinedebernard.com/tubos-de-massa-folhada-com-pralina-fluida
https://lacuisinedebernard.com/tubos-de-massa-folhada-com-pralina-fluida/,https://staging.lacuisinedebernard.com/tubos-de-massa-folhada-com-pralina-fluida
https://www.lacuisinedebernard.com/tubos-de-massa-folhada-com-pralina-fluida,https://staging.lacuisinedebernard.com/tubos-de-massa-folhada-com-pralina-fluida
https://www.lacuisinedebernard.com/tubos-de-massa-folhada-com-pralina-fluida/,https://staging.lacuisinedebernard.com/tubos-de-massa-folhada-com-pralina-fluida
https://lacuisinedebernard.com/leche-de-coco-fresca-con-bolas-de-tapioca-y-platanos,https://staging.lacuisinedebernard.com/leche-de-coco-fresca-con-bolas-de-tapioca-y-platanos
https://lacuisinedebernard.com/leche-de-coco-fresca-con-bolas-de-tapioca-y-platanos/,https://staging.lacuisinedebernard.com/leche-de-coco-fresca-con-bolas-de-tapioca-y-platanos
https://www.lacuisinedebernard.com/leche-de-coco-fresca-con-bolas-de-tapioca-y-platanos,https://staging.lacuisinedebernard.com/leche-de-coco-fresca-con-bolas-de-tapioca-y-platanos
https://www.lacuisinedebernard.com/leche-de-coco-fresca-con-bolas-de-tapioca-y-platanos/,https://staging.lacuisinedebernard.com/leche-de-coco-fresca-con-bolas-de-tapioca-y-platanos
https://lacuisinedebernard.com/walnut-pie,https://staging.lacuisinedebernard.com/walnut-pie
https://lacuisinedebernard.com/walnut-pie/,https://staging.lacuisinedebernard.com/walnut-pie
https://www.lacuisinedebernard.com/walnut-pie,https://staging.lacuisinedebernard.com/walnut-pie
https://www.lacuisinedebernard.com/walnut-pie/,https://staging.lacuisinedebernard.com/walnut-pie
https://lacuisinedebernard.com/%d8%a7%d9%84%d9%81%d8%b7%d8%a7%d8%a6%d8%b1-%d9%85%d8%b9-%d8%a3%d9%88%d8%b1%d8%a7%d9%82-%d8%a7%d9%84%d8%a8%d8%a7%d9%86%d8%af%d8%a7%d9%86,https://staging.lacuisinedebernard.com/%d8%a7%d9%84%d9%81%d8%b7%d8%a7%d8%a6%d8%b1-%d9%85%d8%b9-%d8%a3%d9%88%d8%b1%d8%a7%d9%82-%d8%a7%d9%84%d8%a8%d8%a7%d9%86%d8%af%d8%a7%d9%86
https://lacuisinedebernard.com/%d8%a7%d9%84%d9%81%d8%b7%d8%a7%d8%a6%d8%b1-%d9%85%d8%b9-%d8%a3%d9%88%d8%b1%d8%a7%d9%82-%d8%a7%d9%84%d8%a8%d8%a7%d9%86%d8%af%d8%a7%d9%86/,https://staging.lacuisinedebernard.com/%d8%a7%d9%84%d9%81%d8%b7%d8%a7%d8%a6%d8%b1-%d9%85%d8%b9-%d8%a3%d9%88%d8%b1%d8%a7%d9%82-%d8%a7%d9%84%d8%a8%d8%a7%d9%86%d8%af%d8%a7%d9%86
https://www.lacuisinedebernard.com/%d8%a7%d9%84%d9%81%d8%b7%d8%a7%d8%a6%d8%b1-%d9%85%d8%b9-%d8%a3%d9%88%d8%b1%d8%a7%d9%82-%d8%a7%d9%84%d8%a8%d8%a7%d9%86%d8%af%d8%a7%d9%86,https://staging.lacuisinedebernard.com/%d8%a7%d9%84%d9%81%d8%b7%d8%a7%d8%a6%d8%b1-%d9%85%d8%b9-%d8%a3%d9%88%d8%b1%d8%a7%d9%82-%d8%a7%d9%84%d8%a8%d8%a7%d9%86%d8%af%d8%a7%d9%86
https://www.lacuisinedebernard.com/%d8%a7%d9%84%d9%81%d8%b7%d8%a7%d8%a6%d8%b1-%d9%85%d8%b9-%d8%a3%d9%88%d8%b1%d8%a7%d9%82-%d8%a7%d9%84%d8%a8%d8%a7%d9%86%d8%af%d8%a7%d9%86/,https://staging.lacuisinedebernard.com/%d8%a7%d9%84%d9%81%d8%b7%d8%a7%d8%a6%d8%b1-%d9%85%d8%b9-%d8%a3%d9%88%d8%b1%d8%a7%d9%82-%d8%a7%d9%84%d8%a8%d8%a7%d9%86%d8%af%d8%a7%d9%86
https://lacuisinedebernard.com/galletas-para-untar,https://staging.lacuisinedebernard.com/galletas-para-untar
https://lacuisinedebernard.com/galletas-para-untar/,https://staging.lacuisinedebernard.com/galletas-para-untar
https://www.lacuisinedebernard.com/galletas-para-untar,https://staging.lacuisinedebernard.com/galletas-para-untar
https://www.lacuisinedebernard.com/galletas-para-untar/,https://staging.lacuisinedebernard.com/galletas-para-untar
https://lacuisinedebernard.com/arroz-frito-com-carne-de-porco-e-legumes,https://staging.lacuisinedebernard.com/arroz-frito-com-carne-de-porco-e-legumes
https://lacuisinedebernard.com/arroz-frito-com-carne-de-porco-e-legumes/,https://staging.lacuisinedebernard.com/arroz-frito-com-carne-de-porco-e-legumes
https://www.lacuisinedebernard.com/arroz-frito-com-carne-de-porco-e-legumes,https://staging.lacuisinedebernard.com/arroz-frito-com-carne-de-porco-e-legumes
https://www.lacuisinedebernard.com/arroz-frito-com-carne-de-porco-e-legumes/,https://staging.lacuisinedebernard.com/arroz-frito-com-carne-de-porco-e-legumes
https://lacuisinedebernard.com/chocolate-caneles,https://staging.lacuisinedebernard.com/chocolate-caneles
https://lacuisinedebernard.com/chocolate-caneles/,https://staging.lacuisinedebernard.com/chocolate-caneles
https://www.lacuisinedebernard.com/chocolate-caneles,https://staging.lacuisinedebernard.com/chocolate-caneles
https://www.lacuisinedebernard.com/chocolate-caneles/,https://staging.lacuisinedebernard.com/chocolate-caneles
https://lacuisinedebernard.com/vieiras-con-batatas-a-la-parrilla-puerros-cremosos-y-beurre-blanc-de-naranja,https://staging.lacuisinedebernard.com/vieiras-con-batatas-a-la-parrilla-puerros-cremosos-y-beurre-blanc-de-naranja
https://lacuisinedebernard.com/vieiras-con-batatas-a-la-parrilla-puerros-cremosos-y-beurre-blanc-de-naranja/,https://staging.lacuisinedebernard.com/vieiras-con-batatas-a-la-parrilla-puerros-cremosos-y-beurre-blanc-de-naranja
https://www.lacuisinedebernard.com/vieiras-con-batatas-a-la-parrilla-puerros-cremosos-y-beurre-blanc-de-naranja,https://staging.lacuisinedebernard.com/vieiras-con-batatas-a-la-parrilla-puerros-cremosos-y-beurre-blanc-de-naranja
https://www.lacuisinedebernard.com/vieiras-con-batatas-a-la-parrilla-puerros-cremosos-y-beurre-blanc-de-naranja/,https://staging.lacuisinedebernard.com/vieiras-con-batatas-a-la-parrilla-puerros-cremosos-y-beurre-blanc-de-naranja
https://lacuisinedebernard.com/try-to-win-a-kitchenaid-heritage-in-vintage-blue,https://staging.lacuisinedebernard.com/try-to-win-a-kitchenaid-heritage-in-vintage-blue
https://lacuisinedebernard.com/try-to-win-a-kitchenaid-heritage-in-vintage-blue/,https://staging.lacuisinedebernard.com/try-to-win-a-kitchenaid-heritage-in-vintage-blue
https://www.lacuisinedebernard.com/try-to-win-a-kitchenaid-heritage-in-vintage-blue,https://staging.lacuisinedebernard.com/try-to-win-a-kitchenaid-heritage-in-vintage-blue
https://www.lacuisinedebernard.com/try-to-win-a-kitchenaid-heritage-in-vintage-blue/,https://staging.lacuisinedebernard.com/try-to-win-a-kitchenaid-heritage-in-vintage-blue
https://lacuisinedebernard.com/%d8%ad%d8%a7%d9%88%d9%84-%d8%a7%d9%84%d9%81%d9%88%d8%b2-%d8%a8%d8%aa%d8%b1%d8%a7%d8%ab-%d9%83%d9%8a%d8%aa%d8%b4%d9%86-%d8%a5%d9%8a%d8%af-%d8%a7%d9%84%d8%a3%d8%b2%d8%b1%d9%82-%d8%a7%d9%84%d8%b9%d8%aa,https://staging.lacuisinedebernard.com/%d8%ad%d8%a7%d9%88%d9%84-%d8%a7%d9%84%d9%81%d9%88%d8%b2-%d8%a8%d8%aa%d8%b1%d8%a7%d8%ab-%d9%83%d9%8a%d8%aa%d8%b4%d9%86-%d8%a5%d9%8a%d8%af-%d8%a7%d9%84%d8%a3%d8%b2%d8%b1%d9%82-%d8%a7%d9%84%d8%b9%d8%aa
https://lacuisinedebernard.com/%d8%ad%d8%a7%d9%88%d9%84-%d8%a7%d9%84%d9%81%d9%88%d8%b2-%d8%a8%d8%aa%d8%b1%d8%a7%d8%ab-%d9%83%d9%8a%d8%aa%d8%b4%d9%86-%d8%a5%d9%8a%d8%af-%d8%a7%d9%84%d8%a3%d8%b2%d8%b1%d9%82-%d8%a7%d9%84%d8%b9%d8%aa/,https://staging.lacuisinedebernard.com/%d8%ad%d8%a7%d9%88%d9%84-%d8%a7%d9%84%d9%81%d9%88%d8%b2-%d8%a8%d8%aa%d8%b1%d8%a7%d8%ab-%d9%83%d9%8a%d8%aa%d8%b4%d9%86-%d8%a5%d9%8a%d8%af-%d8%a7%d9%84%d8%a3%d8%b2%d8%b1%d9%82-%d8%a7%d9%84%d8%b9%d8%aa
https://www.lacuisinedebernard.com/%d8%ad%d8%a7%d9%88%d9%84-%d8%a7%d9%84%d9%81%d9%88%d8%b2-%d8%a8%d8%aa%d8%b1%d8%a7%d8%ab-%d9%83%d9%8a%d8%aa%d8%b4%d9%86-%d8%a5%d9%8a%d8%af-%d8%a7%d9%84%d8%a3%d8%b2%d8%b1%d9%82-%d8%a7%d9%84%d8%b9%d8%aa,https://staging.lacuisinedebernard.com/%d8%ad%d8%a7%d9%88%d9%84-%d8%a7%d9%84%d9%81%d9%88%d8%b2-%d8%a8%d8%aa%d8%b1%d8%a7%d8%ab-%d9%83%d9%8a%d8%aa%d8%b4%d9%86-%d8%a5%d9%8a%d8%af-%d8%a7%d9%84%d8%a3%d8%b2%d8%b1%d9%82-%d8%a7%d9%84%d8%b9%d8%aa
https://www.lacuisinedebernard.com/%d8%ad%d8%a7%d9%88%d9%84-%d8%a7%d9%84%d9%81%d9%88%d8%b2-%d8%a8%d8%aa%d8%b1%d8%a7%d8%ab-%d9%83%d9%8a%d8%aa%d8%b4%d9%86-%d8%a5%d9%8a%d8%af-%d8%a7%d9%84%d8%a3%d8%b2%d8%b1%d9%82-%d8%a7%d9%84%d8%b9%d8%aa/,https://staging.lacuisinedebernard.com/%d8%ad%d8%a7%d9%88%d9%84-%d8%a7%d9%84%d9%81%d9%88%d8%b2-%d8%a8%d8%aa%d8%b1%d8%a7%d8%ab-%d9%83%d9%8a%d8%aa%d8%b4%d9%86-%d8%a5%d9%8a%d8%af-%d8%a7%d9%84%d8%a3%d8%b2%d8%b1%d9%82-%d8%a7%d9%84%d8%b9%d8%aa
https://lacuisinedebernard.com/kabocha-rellena-de-pollo-castanas-nueces-y-quinoa,https://staging.lacuisinedebernard.com/kabocha-rellena-de-pollo-castanas-nueces-y-quinoa
https://lacuisinedebernard.com/kabocha-rellena-de-pollo-castanas-nueces-y-quinoa/,https://staging.lacuisinedebernard.com/kabocha-rellena-de-pollo-castanas-nueces-y-quinoa
https://www.lacuisinedebernard.com/kabocha-rellena-de-pollo-castanas-nueces-y-quinoa,https://staging.lacuisinedebernard.com/kabocha-rellena-de-pollo-castanas-nueces-y-quinoa
https://www.lacuisinedebernard.com/kabocha-rellena-de-pollo-castanas-nueces-y-quinoa/,https://staging.lacuisinedebernard.com/kabocha-rellena-de-pollo-castanas-nueces-y-quinoa
https://lacuisinedebernard.com/%d9%81%d8%b7%d9%8a%d8%b1%d8%a9-%d8%a7%d9%84%d9%8a%d9%82%d8%b7%d9%8a%d9%86-%d8%8c-%d9%81%d8%b7%d9%8a%d8%b1%d8%a9-%d8%a7%d9%84%d9%8a%d9%82%d8%b7%d9%8a%d9%86,https://staging.lacuisinedebernard.com/%d9%81%d8%b7%d9%8a%d8%b1%d8%a9-%d8%a7%d9%84%d9%8a%d9%82%d8%b7%d9%8a%d9%86-%d8%8c-%d9%81%d8%b7%d9%8a%d8%b1%d8%a9-%d8%a7%d9%84%d9%8a%d9%82%d8%b7%d9%8a%d9%86
https://lacuisinedebernard.com/%d9%81%d8%b7%d9%8a%d8%b1%d8%a9-%d8%a7%d9%84%d9%8a%d9%82%d8%b7%d9%8a%d9%86-%d8%8c-%d9%81%d8%b7%d9%8a%d8%b1%d8%a9-%d8%a7%d9%84%d9%8a%d9%82%d8%b7%d9%8a%d9%86/,https://staging.lacuisinedebernard.com/%d9%81%d8%b7%d9%8a%d8%b1%d8%a9-%d8%a7%d9%84%d9%8a%d9%82%d8%b7%d9%8a%d9%86-%d8%8c-%d9%81%d8%b7%d9%8a%d8%b1%d8%a9-%d8%a7%d9%84%d9%8a%d9%82%d8%b7%d9%8a%d9%86
https://www.lacuisinedebernard.com/%d9%81%d8%b7%d9%8a%d8%b1%d8%a9-%d8%a7%d9%84%d9%8a%d9%82%d8%b7%d9%8a%d9%86-%d8%8c-%d9%81%d8%b7%d9%8a%d8%b1%d8%a9-%d8%a7%d9%84%d9%8a%d9%82%d8%b7%d9%8a%d9%86,https://staging.lacuisinedebernard.com/%d9%81%d8%b7%d9%8a%d8%b1%d8%a9-%d8%a7%d9%84%d9%8a%d9%82%d8%b7%d9%8a%d9%86-%d8%8c-%d9%81%d8%b7%d9%8a%d8%b1%d8%a9-%d8%a7%d9%84%d9%8a%d9%82%d8%b7%d9%8a%d9%86
https://www.lacuisinedebernard.com/%d9%81%d8%b7%d9%8a%d8%b1%d8%a9-%d8%a7%d9%84%d9%8a%d9%82%d8%b7%d9%8a%d9%86-%d8%8c-%d9%81%d8%b7%d9%8a%d8%b1%d8%a9-%d8%a7%d9%84%d9%8a%d9%82%d8%b7%d9%8a%d9%86/,https://staging.lacuisinedebernard.com/%d9%81%d8%b7%d9%8a%d8%b1%d8%a9-%d8%a7%d9%84%d9%8a%d9%82%d8%b7%d9%8a%d9%86-%d8%8c-%d9%81%d8%b7%d9%8a%d8%b1%d8%a9-%d8%a7%d9%84%d9%8a%d9%82%d8%b7%d9%8a%d9%86
https://lacuisinedebernard.com/leite-de-coco-fresco-com-bolas-de-tapioca-e-bananas,https://staging.lacuisinedebernard.com/leite-de-coco-fresco-com-bolas-de-tapioca-e-bananas
https://lacuisinedebernard.com/leite-de-coco-fresco-com-bolas-de-tapioca-e-bananas/,https://staging.lacuisinedebernard.com/leite-de-coco-fresco-com-bolas-de-tapioca-e-bananas
https://www.lacuisinedebernard.com/leite-de-coco-fresco-com-bolas-de-tapioca-e-bananas,https://staging.lacuisinedebernard.com/leite-de-coco-fresco-com-bolas-de-tapioca-e-bananas
https://www.lacuisinedebernard.com/leite-de-coco-fresco-com-bolas-de-tapioca-e-bananas/,https://staging.lacuisinedebernard.com/leite-de-coco-fresco-com-bolas-de-tapioca-e-bananas
https://lacuisinedebernard.com/puff-pastry-tubes-with-flowing-praline,https://staging.lacuisinedebernard.com/puff-pastry-tubes-with-flowing-praline
https://lacuisinedebernard.com/puff-pastry-tubes-with-flowing-praline/,https://staging.lacuisinedebernard.com/puff-pastry-tubes-with-flowing-praline
https://www.lacuisinedebernard.com/puff-pastry-tubes-with-flowing-praline,https://staging.lacuisinedebernard.com/puff-pastry-tubes-with-flowing-praline
https://www.lacuisinedebernard.com/puff-pastry-tubes-with-flowing-praline/,https://staging.lacuisinedebernard.com/puff-pastry-tubes-with-flowing-praline
https://lacuisinedebernard.com/%d9%81%d8%b7%d9%8a%d8%b1%d8%a9-%d8%a7%d9%84%d8%ac%d9%88%d8%b2,https://staging.lacuisinedebernard.com/%d9%81%d8%b7%d9%8a%d8%b1%d8%a9-%d8%a7%d9%84%d8%ac%d9%88%d8%b2
https://lacuisinedebernard.com/%d9%81%d8%b7%d9%8a%d8%b1%d8%a9-%d8%a7%d9%84%d8%ac%d9%88%d8%b2/,https://staging.lacuisinedebernard.com/%d9%81%d8%b7%d9%8a%d8%b1%d8%a9-%d8%a7%d9%84%d8%ac%d9%88%d8%b2
https://www.lacuisinedebernard.com/%d9%81%d8%b7%d9%8a%d8%b1%d8%a9-%d8%a7%d9%84%d8%ac%d9%88%d8%b2,https://staging.lacuisinedebernard.com/%d9%81%d8%b7%d9%8a%d8%b1%d8%a9-%d8%a7%d9%84%d8%ac%d9%88%d8%b2
https://www.lacuisinedebernard.com/%d9%81%d8%b7%d9%8a%d8%b1%d8%a9-%d8%a7%d9%84%d8%ac%d9%88%d8%b2/,https://staging.lacuisinedebernard.com/%d9%81%d8%b7%d9%8a%d8%b1%d8%a9-%d8%a7%d9%84%d8%ac%d9%88%d8%b2
https://lacuisinedebernard.com/espalhar-cookies,https://staging.lacuisinedebernard.com/espalhar-cookies
https://lacuisinedebernard.com/espalhar-cookies/,https://staging.lacuisinedebernard.com/espalhar-cookies
https://www.lacuisinedebernard.com/espalhar-cookies,https://staging.lacuisinedebernard.com/espalhar-cookies
https://www.lacuisinedebernard.com/espalhar-cookies/,https://staging.lacuisinedebernard.com/espalhar-cookies
https://lacuisinedebernard.com/fried-rice-with-pork-and-vegetables,https://staging.lacuisinedebernard.com/fried-rice-with-pork-and-vegetables
https://lacuisinedebernard.com/fried-rice-with-pork-and-vegetables/,https://staging.lacuisinedebernard.com/fried-rice-with-pork-and-vegetables
https://www.lacuisinedebernard.com/fried-rice-with-pork-and-vegetables,https://staging.lacuisinedebernard.com/fried-rice-with-pork-and-vegetables
https://www.lacuisinedebernard.com/fried-rice-with-pork-and-vegetables/,https://staging.lacuisinedebernard.com/fried-rice-with-pork-and-vegetables
https://lacuisinedebernard.com/vieiras-com-batata-doce-grelhada-alho-porro-cremoso-e-beurre-blanc-de-laranja,https://staging.lacuisinedebernard.com/vieiras-com-batata-doce-grelhada-alho-porro-cremoso-e-beurre-blanc-de-laranja
https://lacuisinedebernard.com/vieiras-com-batata-doce-grelhada-alho-porro-cremoso-e-beurre-blanc-de-laranja/,https://staging.lacuisinedebernard.com/vieiras-com-batata-doce-grelhada-alho-porro-cremoso-e-beurre-blanc-de-laranja
https://www.lacuisinedebernard.com/vieiras-com-batata-doce-grelhada-alho-porro-cremoso-e-beurre-blanc-de-laranja,https://staging.lacuisinedebernard.com/vieiras-com-batata-doce-grelhada-alho-porro-cremoso-e-beurre-blanc-de-laranja
https://www.lacuisinedebernard.com/vieiras-com-batata-doce-grelhada-alho-porro-cremoso-e-beurre-blanc-de-laranja/,https://staging.lacuisinedebernard.com/vieiras-com-batata-doce-grelhada-alho-porro-cremoso-e-beurre-blanc-de-laranja
https://lacuisinedebernard.com/%d9%83%d8%a7%d9%86%d9%8a%d9%84%d8%b2-%d8%a7%d9%84%d8%b4%d9%88%d9%83%d9%88%d9%84%d8%a7%d8%aa%d9%87,https://staging.lacuisinedebernard.com/%d9%83%d8%a7%d9%86%d9%8a%d9%84%d8%b2-%d8%a7%d9%84%d8%b4%d9%88%d9%83%d9%88%d9%84%d8%a7%d8%aa%d9%87
https://lacuisinedebernard.com/%d9%83%d8%a7%d9%86%d9%8a%d9%84%d8%b2-%d8%a7%d9%84%d8%b4%d9%88%d9%83%d9%88%d9%84%d8%a7%d8%aa%d9%87/,https://staging.lacuisinedebernard.com/%d9%83%d8%a7%d9%86%d9%8a%d9%84%d8%b2-%d8%a7%d9%84%d8%b4%d9%88%d9%83%d9%88%d9%84%d8%a7%d8%aa%d9%87
https://www.lacuisinedebernard.com/%d9%83%d8%a7%d9%86%d9%8a%d9%84%d8%b2-%d8%a7%d9%84%d8%b4%d9%88%d9%83%d9%88%d9%84%d8%a7%d8%aa%d9%87,https://staging.lacuisinedebernard.com/%d9%83%d8%a7%d9%86%d9%8a%d9%84%d8%b2-%d8%a7%d9%84%d8%b4%d9%88%d9%83%d9%88%d9%84%d8%a7%d8%aa%d9%87
https://www.lacuisinedebernard.com/%d9%83%d8%a7%d9%86%d9%8a%d9%84%d8%b2-%d8%a7%d9%84%d8%b4%d9%88%d9%83%d9%88%d9%84%d8%a7%d8%aa%d9%87/,https://staging.lacuisinedebernard.com/%d9%83%d8%a7%d9%86%d9%8a%d9%84%d8%b2-%d8%a7%d9%84%d8%b4%d9%88%d9%83%d9%88%d9%84%d8%a7%d8%aa%d9%87
https://lacuisinedebernard.com/kabocha-recheada-com-frango-castanhas-nozes-e-quinoa,https://staging.lacuisinedebernard.com/kabocha-recheada-com-frango-castanhas-nozes-e-quinoa
https://lacuisinedebernard.com/kabocha-recheada-com-frango-castanhas-nozes-e-quinoa/,https://staging.lacuisinedebernard.com/kabocha-recheada-com-frango-castanhas-nozes-e-quinoa
https://www.lacuisinedebernard.com/kabocha-recheada-com-frango-castanhas-nozes-e-quinoa,https://staging.lacuisinedebernard.com/kabocha-recheada-com-frango-castanhas-nozes-e-quinoa
https://www.lacuisinedebernard.com/kabocha-recheada-com-frango-castanhas-nozes-e-quinoa/,https://staging.lacuisinedebernard.com/kabocha-recheada-com-frango-castanhas-nozes-e-quinoa
https://lacuisinedebernard.com/tortitas-de-hoja-de-pandan,https://staging.lacuisinedebernard.com/tortitas-de-hoja-de-pandan
https://lacuisinedebernard.com/tortitas-de-hoja-de-pandan/,https://staging.lacuisinedebernard.com/tortitas-de-hoja-de-pandan
https://www.lacuisinedebernard.com/tortitas-de-hoja-de-pandan,https://staging.lacuisinedebernard.com/tortitas-de-hoja-de-pandan
https://www.lacuisinedebernard.com/tortitas-de-hoja-de-pandan/,https://staging.lacuisinedebernard.com/tortitas-de-hoja-de-pandan
https://lacuisinedebernard.com/%d8%a3%d9%86%d8%a7%d8%a8%d9%8a%d8%a8-%d8%a7%d9%84%d9%85%d8%b9%d8%ac%d9%86%d8%a7%d8%aa-%d9%86%d9%81%d8%ae%d8%a9-%d9%85%d8%b9-%d8%aa%d8%af%d9%81%d9%82-%d8%ad%d9%84%d9%88%d9%89-%d8%a7%d9%84%d8%a8%d8%b1,https://staging.lacuisinedebernard.com/%d8%a3%d9%86%d8%a7%d8%a8%d9%8a%d8%a8-%d8%a7%d9%84%d9%85%d8%b9%d8%ac%d9%86%d8%a7%d8%aa-%d9%86%d9%81%d8%ae%d8%a9-%d9%85%d8%b9-%d8%aa%d8%af%d9%81%d9%82-%d8%ad%d9%84%d9%88%d9%89-%d8%a7%d9%84%d8%a8%d8%b1
https://lacuisinedebernard.com/%d8%a3%d9%86%d8%a7%d8%a8%d9%8a%d8%a8-%d8%a7%d9%84%d9%85%d8%b9%d8%ac%d9%86%d8%a7%d8%aa-%d9%86%d9%81%d8%ae%d8%a9-%d9%85%d8%b9-%d8%aa%d8%af%d9%81%d9%82-%d8%ad%d9%84%d9%88%d9%89-%d8%a7%d9%84%d8%a8%d8%b1/,https://staging.lacuisinedebernard.com/%d8%a3%d9%86%d8%a7%d8%a8%d9%8a%d8%a8-%d8%a7%d9%84%d9%85%d8%b9%d8%ac%d9%86%d8%a7%d8%aa-%d9%86%d9%81%d8%ae%d8%a9-%d9%85%d8%b9-%d8%aa%d8%af%d9%81%d9%82-%d8%ad%d9%84%d9%88%d9%89-%d8%a7%d9%84%d8%a8%d8%b1
https://www.lacuisinedebernard.com/%d8%a3%d9%86%d8%a7%d8%a8%d9%8a%d8%a8-%d8%a7%d9%84%d9%85%d8%b9%d8%ac%d9%86%d8%a7%d8%aa-%d9%86%d9%81%d8%ae%d8%a9-%d9%85%d8%b9-%d8%aa%d8%af%d9%81%d9%82-%d8%ad%d9%84%d9%88%d9%89-%d8%a7%d9%84%d8%a8%d8%b1,https://staging.lacuisinedebernard.com/%d8%a3%d9%86%d8%a7%d8%a8%d9%8a%d8%a8-%d8%a7%d9%84%d9%85%d8%b9%d8%ac%d9%86%d8%a7%d8%aa-%d9%86%d9%81%d8%ae%d8%a9-%d9%85%d8%b9-%d8%aa%d8%af%d9%81%d9%82-%d8%ad%d9%84%d9%88%d9%89-%d8%a7%d9%84%d8%a8%d8%b1
https://www.lacuisinedebernard.com/%d8%a3%d9%86%d8%a7%d8%a8%d9%8a%d8%a8-%d8%a7%d9%84%d9%85%d8%b9%d8%ac%d9%86%d8%a7%d8%aa-%d9%86%d9%81%d8%ae%d8%a9-%d9%85%d8%b9-%d8%aa%d8%af%d9%81%d9%82-%d8%ad%d9%84%d9%88%d9%89-%d8%a7%d9%84%d8%a8%d8%b1/,https://staging.lacuisinedebernard.com/%d8%a3%d9%86%d8%a7%d8%a8%d9%8a%d8%a8-%d8%a7%d9%84%d9%85%d8%b9%d8%ac%d9%86%d8%a7%d8%aa-%d9%86%d9%81%d8%ae%d8%a9-%d9%85%d8%b9-%d8%aa%d8%af%d9%81%d9%82-%d8%ad%d9%84%d9%88%d9%89-%d8%a7%d9%84%d8%a8%d8%b1
https://lacuisinedebernard.com/fresh-coconut-milk-with-tapioca-balls-and-bananas,https://staging.lacuisinedebernard.com/fresh-coconut-milk-with-tapioca-balls-and-bananas
https://lacuisinedebernard.com/fresh-coconut-milk-with-tapioca-balls-and-bananas/,https://staging.lacuisinedebernard.com/fresh-coconut-milk-with-tapioca-balls-and-bananas
https://www.lacuisinedebernard.com/fresh-coconut-milk-with-tapioca-balls-and-bananas,https://staging.lacuisinedebernard.com/fresh-coconut-milk-with-tapioca-balls-and-bananas
https://www.lacuisinedebernard.com/fresh-coconut-milk-with-tapioca-balls-and-bananas/,https://staging.lacuisinedebernard.com/fresh-coconut-milk-with-tapioca-balls-and-bananas
https://lacuisinedebernard.com/tarta-de-calabaza-y-nueces,https://staging.lacuisinedebernard.com/tarta-de-calabaza-y-nueces
https://lacuisinedebernard.com/tarta-de-calabaza-y-nueces/,https://staging.lacuisinedebernard.com/tarta-de-calabaza-y-nueces
https://www.lacuisinedebernard.com/tarta-de-calabaza-y-nueces,https://staging.lacuisinedebernard.com/tarta-de-calabaza-y-nueces
https://www.lacuisinedebernard.com/tarta-de-calabaza-y-nueces/,https://staging.lacuisinedebernard.com/tarta-de-calabaza-y-nueces
https://lacuisinedebernard.com/%d8%a3%d8%b1%d8%b2-%d9%85%d9%82%d9%84%d9%8a-%d9%85%d8%b9-%d9%84%d8%ad%d9%85-%d8%a7%d9%84%d8%ae%d9%86%d8%b2%d9%8a%d8%b1-%d9%88%d8%a7%d9%84%d8%ae%d8%b6%d8%b1%d9%88%d8%a7%d8%aa,https://staging.lacuisinedebernard.com/%d8%a3%d8%b1%d8%b2-%d9%85%d9%82%d9%84%d9%8a-%d9%85%d8%b9-%d9%84%d8%ad%d9%85-%d8%a7%d9%84%d8%ae%d9%86%d8%b2%d9%8a%d8%b1-%d9%88%d8%a7%d9%84%d8%ae%d8%b6%d8%b1%d9%88%d8%a7%d8%aa
https://lacuisinedebernard.com/%d8%a3%d8%b1%d8%b2-%d9%85%d9%82%d9%84%d9%8a-%d9%85%d8%b9-%d9%84%d8%ad%d9%85-%d8%a7%d9%84%d8%ae%d9%86%d8%b2%d9%8a%d8%b1-%d9%88%d8%a7%d9%84%d8%ae%d8%b6%d8%b1%d9%88%d8%a7%d8%aa/,https://staging.lacuisinedebernard.com/%d8%a3%d8%b1%d8%b2-%d9%85%d9%82%d9%84%d9%8a-%d9%85%d8%b9-%d9%84%d8%ad%d9%85-%d8%a7%d9%84%d8%ae%d9%86%d8%b2%d9%8a%d8%b1-%d9%88%d8%a7%d9%84%d8%ae%d8%b6%d8%b1%d9%88%d8%a7%d8%aa
https://www.lacuisinedebernard.com/%d8%a3%d8%b1%d8%b2-%d9%85%d9%82%d9%84%d9%8a-%d9%85%d8%b9-%d9%84%d8%ad%d9%85-%d8%a7%d9%84%d8%ae%d9%86%d8%b2%d9%8a%d8%b1-%d9%88%d8%a7%d9%84%d8%ae%d8%b6%d8%b1%d9%88%d8%a7%d8%aa,https://staging.lacuisinedebernard.com/%d8%a3%d8%b1%d8%b2-%d9%85%d9%82%d9%84%d9%8a-%d9%85%d8%b9-%d9%84%d8%ad%d9%85-%d8%a7%d9%84%d8%ae%d9%86%d8%b2%d9%8a%d8%b1-%d9%88%d8%a7%d9%84%d8%ae%d8%b6%d8%b1%d9%88%d8%a7%d8%aa
https://www.lacuisinedebernard.com/%d8%a3%d8%b1%d8%b2-%d9%85%d9%82%d9%84%d9%8a-%d9%85%d8%b9-%d9%84%d8%ad%d9%85-%d8%a7%d9%84%d8%ae%d9%86%d8%b2%d9%8a%d8%b1-%d9%88%d8%a7%d9%84%d8%ae%d8%b6%d8%b1%d9%88%d8%a7%d8%aa/,https://staging.lacuisinedebernard.com/%d8%a3%d8%b1%d8%b2-%d9%85%d9%82%d9%84%d9%8a-%d9%85%d8%b9-%d9%84%d8%ad%d9%85-%d8%a7%d9%84%d8%ae%d9%86%d8%b2%d9%8a%d8%b1-%d9%88%d8%a7%d9%84%d8%ae%d8%b6%d8%b1%d9%88%d8%a7%d8%aa
https://lacuisinedebernard.com/spread-cookies,https://staging.lacuisinedebernard.com/spread-cookies
https://lacuisinedebernard.com/spread-cookies/,https://staging.lacuisinedebernard.com/spread-cookies
https://www.lacuisinedebernard.com/spread-cookies,https://staging.lacuisinedebernard.com/spread-cookies
https://www.lacuisinedebernard.com/spread-cookies/,https://staging.lacuisinedebernard.com/spread-cookies
https://lacuisinedebernard.com/tartiflette,https://staging.lacuisinedebernard.com/tartiflette
https://lacuisinedebernard.com/tartiflette/,https://staging.lacuisinedebernard.com/tartiflette
https://www.lacuisinedebernard.com/tartiflette,https://staging.lacuisinedebernard.com/tartiflette
https://www.lacuisinedebernard.com/tartiflette/,https://staging.lacuisinedebernard.com/tartiflette
https://lacuisinedebernard.com/kabocha-stuffed-with-chicken-chestnuts-nuts-and-quinoa,https://staging.lacuisinedebernard.com/kabocha-stuffed-with-chicken-chestnuts-nuts-and-quinoa
https://lacuisinedebernard.com/kabocha-stuffed-with-chicken-chestnuts-nuts-and-quinoa/,https://staging.lacuisinedebernard.com/kabocha-stuffed-with-chicken-chestnuts-nuts-and-quinoa
https://www.lacuisinedebernard.com/kabocha-stuffed-with-chicken-chestnuts-nuts-and-quinoa,https://staging.lacuisinedebernard.com/kabocha-stuffed-with-chicken-chestnuts-nuts-and-quinoa
https://www.lacuisinedebernard.com/kabocha-stuffed-with-chicken-chestnuts-nuts-and-quinoa/,https://staging.lacuisinedebernard.com/kabocha-stuffed-with-chicken-chestnuts-nuts-and-quinoa
https://lacuisinedebernard.com/tarta-de-calabaza,https://staging.lacuisinedebernard.com/tarta-de-calabaza
https://lacuisinedebernard.com/tarta-de-calabaza/,https://staging.lacuisinedebernard.com/tarta-de-calabaza
https://www.lacuisinedebernard.com/tarta-de-calabaza,https://staging.lacuisinedebernard.com/tarta-de-calabaza
https://www.lacuisinedebernard.com/tarta-de-calabaza/,https://staging.lacuisinedebernard.com/tarta-de-calabaza
https://lacuisinedebernard.com/scallops-with-grilled-sweet-potatoes-creamy-leeks-and-orange-beurre-blanc,https://staging.lacuisinedebernard.com/scallops-with-grilled-sweet-potatoes-creamy-leeks-and-orange-beurre-blanc
https://lacuisinedebernard.com/scallops-with-grilled-sweet-potatoes-creamy-leeks-and-orange-beurre-blanc/,https://staging.lacuisinedebernard.com/scallops-with-grilled-sweet-potatoes-creamy-leeks-and-orange-beurre-blanc
https://www.lacuisinedebernard.com/scallops-with-grilled-sweet-potatoes-creamy-leeks-and-orange-beurre-blanc,https://staging.lacuisinedebernard.com/scallops-with-grilled-sweet-potatoes-creamy-leeks-and-orange-beurre-blanc
https://www.lacuisinedebernard.com/scallops-with-grilled-sweet-potatoes-creamy-leeks-and-orange-beurre-blanc/,https://staging.lacuisinedebernard.com/scallops-with-grilled-sweet-potatoes-creamy-leeks-and-orange-beurre-blanc
https://lacuisinedebernard.com/intente-ganar-una-kitchenaid-heritage-en-azul-vintage,https://staging.lacuisinedebernard.com/intente-ganar-una-kitchenaid-heritage-en-azul-vintage
https://lacuisinedebernard.com/intente-ganar-una-kitchenaid-heritage-en-azul-vintage/,https://staging.lacuisinedebernard.com/intente-ganar-una-kitchenaid-heritage-en-azul-vintage
https://www.lacuisinedebernard.com/intente-ganar-una-kitchenaid-heritage-en-azul-vintage,https://staging.lacuisinedebernard.com/intente-ganar-una-kitchenaid-heritage-en-azul-vintage
https://www.lacuisinedebernard.com/intente-ganar-una-kitchenaid-heritage-en-azul-vintage/,https://staging.lacuisinedebernard.com/intente-ganar-una-kitchenaid-heritage-en-azul-vintage
https://lacuisinedebernard.com/%d8%ad%d9%84%d9%8a%d8%a8-%d8%ac%d9%88%d8%b2-%d8%a7%d9%84%d9%87%d9%86%d8%af-%d8%a7%d9%84%d8%b7%d8%a7%d8%b2%d8%ac-%d9%85%d8%b9-%d9%83%d8%b1%d8%a7%d8%aa-%d8%a7%d9%84%d8%aa%d8%a7%d8%a8%d9%8a%d9%88%d9%83,https://staging.lacuisinedebernard.com/%d8%ad%d9%84%d9%8a%d8%a8-%d8%ac%d9%88%d8%b2-%d8%a7%d9%84%d9%87%d9%86%d8%af-%d8%a7%d9%84%d8%b7%d8%a7%d8%b2%d8%ac-%d9%85%d8%b9-%d9%83%d8%b1%d8%a7%d8%aa-%d8%a7%d9%84%d8%aa%d8%a7%d8%a8%d9%8a%d9%88%d9%83
https://lacuisinedebernard.com/%d8%ad%d9%84%d9%8a%d8%a8-%d8%ac%d9%88%d8%b2-%d8%a7%d9%84%d9%87%d9%86%d8%af-%d8%a7%d9%84%d8%b7%d8%a7%d8%b2%d8%ac-%d9%85%d8%b9-%d9%83%d8%b1%d8%a7%d8%aa-%d8%a7%d9%84%d8%aa%d8%a7%d8%a8%d9%8a%d9%88%d9%83/,https://staging.lacuisinedebernard.com/%d8%ad%d9%84%d9%8a%d8%a8-%d8%ac%d9%88%d8%b2-%d8%a7%d9%84%d9%87%d9%86%d8%af-%d8%a7%d9%84%d8%b7%d8%a7%d8%b2%d8%ac-%d9%85%d8%b9-%d9%83%d8%b1%d8%a7%d8%aa-%d8%a7%d9%84%d8%aa%d8%a7%d8%a8%d9%8a%d9%88%d9%83
https://www.lacuisinedebernard.com/%d8%ad%d9%84%d9%8a%d8%a8-%d8%ac%d9%88%d8%b2-%d8%a7%d9%84%d9%87%d9%86%d8%af-%d8%a7%d9%84%d8%b7%d8%a7%d8%b2%d8%ac-%d9%85%d8%b9-%d9%83%d8%b1%d8%a7%d8%aa-%d8%a7%d9%84%d8%aa%d8%a7%d8%a8%d9%8a%d9%88%d9%83,https://staging.lacuisinedebernard.com/%d8%ad%d9%84%d9%8a%d8%a8-%d8%ac%d9%88%d8%b2-%d8%a7%d9%84%d9%87%d9%86%d8%af-%d8%a7%d9%84%d8%b7%d8%a7%d8%b2%d8%ac-%d9%85%d8%b9-%d9%83%d8%b1%d8%a7%d8%aa-%d8%a7%d9%84%d8%aa%d8%a7%d8%a8%d9%8a%d9%88%d9%83
https://www.lacuisinedebernard.com/%d8%ad%d9%84%d9%8a%d8%a8-%d8%ac%d9%88%d8%b2-%d8%a7%d9%84%d9%87%d9%86%d8%af-%d8%a7%d9%84%d8%b7%d8%a7%d8%b2%d8%ac-%d9%85%d8%b9-%d9%83%d8%b1%d8%a7%d8%aa-%d8%a7%d9%84%d8%aa%d8%a7%d8%a8%d9%8a%d9%88%d9%83/,https://staging.lacuisinedebernard.com/%d8%ad%d9%84%d9%8a%d8%a8-%d8%ac%d9%88%d8%b2-%d8%a7%d9%84%d9%87%d9%86%d8%af-%d8%a7%d9%84%d8%b7%d8%a7%d8%b2%d8%ac-%d9%85%d8%b9-%d9%83%d8%b1%d8%a7%d8%aa-%d8%a7%d9%84%d8%aa%d8%a7%d8%a8%d9%8a%d9%88%d9%83
https://lacuisinedebernard.com/tarta-de-nueces,https://staging.lacuisinedebernard.com/tarta-de-nueces
https://lacuisinedebernard.com/tarta-de-nueces/,https://staging.lacuisinedebernard.com/tarta-de-nueces
https://www.lacuisinedebernard.com/tarta-de-nueces,https://staging.lacuisinedebernard.com/tarta-de-nueces
https://www.lacuisinedebernard.com/tarta-de-nueces/,https://staging.lacuisinedebernard.com/tarta-de-nueces
https://lacuisinedebernard.com/panquecas-de-folhas-de-pandan,https://staging.lacuisinedebernard.com/panquecas-de-folhas-de-pandan
https://lacuisinedebernard.com/panquecas-de-folhas-de-pandan/,https://staging.lacuisinedebernard.com/panquecas-de-folhas-de-pandan
https://www.lacuisinedebernard.com/panquecas-de-folhas-de-pandan,https://staging.lacuisinedebernard.com/panquecas-de-folhas-de-pandan
https://www.lacuisinedebernard.com/panquecas-de-folhas-de-pandan/,https://staging.lacuisinedebernard.com/panquecas-de-folhas-de-pandan
https://lacuisinedebernard.com/%d8%a7%d9%86%d8%aa%d8%b4%d8%a7%d8%b1-%d9%85%d9%84%d9%81%d8%a7%d8%aa-%d8%aa%d8%b9%d8%b1%d9%8a%d9%81-%d8%a7%d9%84%d8%a7%d8%b1%d8%aa%d8%a8%d8%a7%d8%b7,https://staging.lacuisinedebernard.com/%d8%a7%d9%86%d8%aa%d8%b4%d8%a7%d8%b1-%d9%85%d9%84%d9%81%d8%a7%d8%aa-%d8%aa%d8%b9%d8%b1%d9%8a%d9%81-%d8%a7%d9%84%d8%a7%d8%b1%d8%aa%d8%a8%d8%a7%d8%b7
https://lacuisinedebernard.com/%d8%a7%d9%86%d8%aa%d8%b4%d8%a7%d8%b1-%d9%85%d9%84%d9%81%d8%a7%d8%aa-%d8%aa%d8%b9%d8%b1%d9%8a%d9%81-%d8%a7%d9%84%d8%a7%d8%b1%d8%aa%d8%a8%d8%a7%d8%b7/,https://staging.lacuisinedebernard.com/%d8%a7%d9%86%d8%aa%d8%b4%d8%a7%d8%b1-%d9%85%d9%84%d9%81%d8%a7%d8%aa-%d8%aa%d8%b9%d8%b1%d9%8a%d9%81-%d8%a7%d9%84%d8%a7%d8%b1%d8%aa%d8%a8%d8%a7%d8%b7
https://www.lacuisinedebernard.com/%d8%a7%d9%86%d8%aa%d8%b4%d8%a7%d8%b1-%d9%85%d9%84%d9%81%d8%a7%d8%aa-%d8%aa%d8%b9%d8%b1%d9%8a%d9%81-%d8%a7%d9%84%d8%a7%d8%b1%d8%aa%d8%a8%d8%a7%d8%b7,https://staging.lacuisinedebernard.com/%d8%a7%d9%86%d8%aa%d8%b4%d8%a7%d8%b1-%d9%85%d9%84%d9%81%d8%a7%d8%aa-%d8%aa%d8%b9%d8%b1%d9%8a%d9%81-%d8%a7%d9%84%d8%a7%d8%b1%d8%aa%d8%a8%d8%a7%d8%b7
https://www.lacuisinedebernard.com/%d8%a7%d9%86%d8%aa%d8%b4%d8%a7%d8%b1-%d9%85%d9%84%d9%81%d8%a7%d8%aa-%d8%aa%d8%b9%d8%b1%d9%8a%d9%81-%d8%a7%d9%84%d8%a7%d8%b1%d8%aa%d8%a8%d8%a7%d8%b7/,https://staging.lacuisinedebernard.com/%d8%a7%d9%86%d8%aa%d8%b4%d8%a7%d8%b1-%d9%85%d9%84%d9%81%d8%a7%d8%aa-%d8%aa%d8%b9%d8%b1%d9%8a%d9%81-%d8%a7%d9%84%d8%a7%d8%b1%d8%aa%d8%a8%d8%a7%d8%b7
https://lacuisinedebernard.com/bolo-de-abobora-e-de-nozes-pecan,https://staging.lacuisinedebernard.com/bolo-de-abobora-e-de-nozes-pecan
https://lacuisinedebernard.com/bolo-de-abobora-e-de-nozes-pecan/,https://staging.lacuisinedebernard.com/bolo-de-abobora-e-de-nozes-pecan
https://www.lacuisinedebernard.com/bolo-de-abobora-e-de-nozes-pecan,https://staging.lacuisinedebernard.com/bolo-de-abobora-e-de-nozes-pecan
https://www.lacuisinedebernard.com/bolo-de-abobora-e-de-nozes-pecan/,https://staging.lacuisinedebernard.com/bolo-de-abobora-e-de-nozes-pecan
https://lacuisinedebernard.com/%d9%83%d8%a7%d9%81%d9%8a%d8%a7%d8%b1-%d8%a7%d9%84%d8%ae%d8%b1%d8%b4%d9%88%d9%81,https://staging.lacuisinedebernard.com/%d9%83%d8%a7%d9%81%d9%8a%d8%a7%d8%b1-%d8%a7%d9%84%d8%ae%d8%b1%d8%b4%d9%88%d9%81
https://lacuisinedebernard.com/%d9%83%d8%a7%d9%81%d9%8a%d8%a7%d8%b1-%d8%a7%d9%84%d8%ae%d8%b1%d8%b4%d9%88%d9%81/,https://staging.lacuisinedebernard.com/%d9%83%d8%a7%d9%81%d9%8a%d8%a7%d8%b1-%d8%a7%d9%84%d8%ae%d8%b1%d8%b4%d9%88%d9%81
https://www.lacuisinedebernard.com/%d9%83%d8%a7%d9%81%d9%8a%d8%a7%d8%b1-%d8%a7%d9%84%d8%ae%d8%b1%d8%b4%d9%88%d9%81,https://staging.lacuisinedebernard.com/%d9%83%d8%a7%d9%81%d9%8a%d8%a7%d8%b1-%d8%a7%d9%84%d8%ae%d8%b1%d8%b4%d9%88%d9%81
https://www.lacuisinedebernard.com/%d9%83%d8%a7%d9%81%d9%8a%d8%a7%d8%b1-%d8%a7%d9%84%d8%ae%d8%b1%d8%b4%d9%88%d9%81/,https://staging.lacuisinedebernard.com/%d9%83%d8%a7%d9%81%d9%8a%d8%a7%d8%b1-%d8%a7%d9%84%d8%ae%d8%b1%d8%b4%d9%88%d9%81
https://lacuisinedebernard.com/%d9%83%d8%b9%d9%83%d8%a7%d8%aa-%d8%ac%d8%a8%d9%86%d8%a9-%d9%81%d9%8a%d8%aa%d8%a7-%d8%a8%d8%a7%d9%84%d8%a8%d9%8a%d8%b3%d8%aa%d9%88-%d9%88%d8%a7%d9%84%d8%b2%d9%8a%d8%aa%d9%88%d9%86-%d8%a7%d9%84%d8%a3,https://staging.lacuisinedebernard.com/%d9%83%d8%b9%d9%83%d8%a7%d8%aa-%d8%ac%d8%a8%d9%86%d8%a9-%d9%81%d9%8a%d8%aa%d8%a7-%d8%a8%d8%a7%d9%84%d8%a8%d9%8a%d8%b3%d8%aa%d9%88-%d9%88%d8%a7%d9%84%d8%b2%d9%8a%d8%aa%d9%88%d9%86-%d8%a7%d9%84%d8%a3
https://lacuisinedebernard.com/%d9%83%d8%b9%d9%83%d8%a7%d8%aa-%d8%ac%d8%a8%d9%86%d8%a9-%d9%81%d9%8a%d8%aa%d8%a7-%d8%a8%d8%a7%d9%84%d8%a8%d9%8a%d8%b3%d8%aa%d9%88-%d9%88%d8%a7%d9%84%d8%b2%d9%8a%d8%aa%d9%88%d9%86-%d8%a7%d9%84%d8%a3/,https://staging.lacuisinedebernard.com/%d9%83%d8%b9%d9%83%d8%a7%d8%aa-%d8%ac%d8%a8%d9%86%d8%a9-%d9%81%d9%8a%d8%aa%d8%a7-%d8%a8%d8%a7%d9%84%d8%a8%d9%8a%d8%b3%d8%aa%d9%88-%d9%88%d8%a7%d9%84%d8%b2%d9%8a%d8%aa%d9%88%d9%86-%d8%a7%d9%84%d8%a3
https://www.lacuisinedebernard.com/%d9%83%d8%b9%d9%83%d8%a7%d8%aa-%d8%ac%d8%a8%d9%86%d8%a9-%d9%81%d9%8a%d8%aa%d8%a7-%d8%a8%d8%a7%d9%84%d8%a8%d9%8a%d8%b3%d8%aa%d9%88-%d9%88%d8%a7%d9%84%d8%b2%d9%8a%d8%aa%d9%88%d9%86-%d8%a7%d9%84%d8%a3,https://staging.lacuisinedebernard.com/%d9%83%d8%b9%d9%83%d8%a7%d8%aa-%d8%ac%d8%a8%d9%86%d8%a9-%d9%81%d9%8a%d8%aa%d8%a7-%d8%a8%d8%a7%d9%84%d8%a8%d9%8a%d8%b3%d8%aa%d9%88-%d9%88%d8%a7%d9%84%d8%b2%d9%8a%d8%aa%d9%88%d9%86-%d8%a7%d9%84%d8%a3
https://www.lacuisinedebernard.com/%d9%83%d8%b9%d9%83%d8%a7%d8%aa-%d8%ac%d8%a8%d9%86%d8%a9-%d9%81%d9%8a%d8%aa%d8%a7-%d8%a8%d8%a7%d9%84%d8%a8%d9%8a%d8%b3%d8%aa%d9%88-%d9%88%d8%a7%d9%84%d8%b2%d9%8a%d8%aa%d9%88%d9%86-%d8%a7%d9%84%d8%a3/,https://staging.lacuisinedebernard.com/%d9%83%d8%b9%d9%83%d8%a7%d8%aa-%d8%ac%d8%a8%d9%86%d8%a9-%d9%81%d9%8a%d8%aa%d8%a7-%d8%a8%d8%a7%d9%84%d8%a8%d9%8a%d8%b3%d8%aa%d9%88-%d9%88%d8%a7%d9%84%d8%b2%d9%8a%d8%aa%d9%88%d9%86-%d8%a7%d9%84%d8%a3
https://lacuisinedebernard.com/%d9%85%d9%88%d9%82%d8%b9-%d8%ac%d8%af%d9%8a%d8%af-%d9%85%d8%ae%d8%b5%d8%b5-%d9%84%d9%88%d8%b1%d8%b4%d8%a9-%d8%a7%d9%84%d8%b9%d9%85%d9%84,https://staging.lacuisinedebernard.com/%d9%85%d9%88%d9%82%d8%b9-%d8%ac%d8%af%d9%8a%d8%af-%d9%85%d8%ae%d8%b5%d8%b5-%d9%84%d9%88%d8%b1%d8%b4%d8%a9-%d8%a7%d9%84%d8%b9%d9%85%d9%84
https://lacuisinedebernard.com/%d9%85%d9%88%d9%82%d8%b9-%d8%ac%d8%af%d9%8a%d8%af-%d9%85%d8%ae%d8%b5%d8%b5-%d9%84%d9%88%d8%b1%d8%b4%d8%a9-%d8%a7%d9%84%d8%b9%d9%85%d9%84/,https://staging.lacuisinedebernard.com/%d9%85%d9%88%d9%82%d8%b9-%d8%ac%d8%af%d9%8a%d8%af-%d9%85%d8%ae%d8%b5%d8%b5-%d9%84%d9%88%d8%b1%d8%b4%d8%a9-%d8%a7%d9%84%d8%b9%d9%85%d9%84
https://www.lacuisinedebernard.com/%d9%85%d9%88%d9%82%d8%b9-%d8%ac%d8%af%d9%8a%d8%af-%d9%85%d8%ae%d8%b5%d8%b5-%d9%84%d9%88%d8%b1%d8%b4%d8%a9-%d8%a7%d9%84%d8%b9%d9%85%d9%84,https://staging.lacuisinedebernard.com/%d9%85%d9%88%d9%82%d8%b9-%d8%ac%d8%af%d9%8a%d8%af-%d9%85%d8%ae%d8%b5%d8%b5-%d9%84%d9%88%d8%b1%d8%b4%d8%a9-%d8%a7%d9%84%d8%b9%d9%85%d9%84
https://www.lacuisinedebernard.com/%d9%85%d9%88%d9%82%d8%b9-%d8%ac%d8%af%d9%8a%d8%af-%d9%85%d8%ae%d8%b5%d8%b5-%d9%84%d9%88%d8%b1%d8%b4%d8%a9-%d8%a7%d9%84%d8%b9%d9%85%d9%84/,https://staging.lacuisinedebernard.com/%d9%85%d9%88%d9%82%d8%b9-%d8%ac%d8%af%d9%8a%d8%af-%d9%85%d8%ae%d8%b5%d8%b5-%d9%84%d9%88%d8%b1%d8%b4%d8%a9-%d8%a7%d9%84%d8%b9%d9%85%d9%84
https://lacuisinedebernard.com/magret-kabocha-e-pure-de-batata-doce-shiitake-batatas-salteadas-e-trigo-sarraceno-desintegrado,https://staging.lacuisinedebernard.com/magret-kabocha-e-pure-de-batata-doce-shiitake-batatas-salteadas-e-trigo-sarraceno-desintegrado
https://lacuisinedebernard.com/magret-kabocha-e-pure-de-batata-doce-shiitake-batatas-salteadas-e-trigo-sarraceno-desintegrado/,https://staging.lacuisinedebernard.com/magret-kabocha-e-pure-de-batata-doce-shiitake-batatas-salteadas-e-trigo-sarraceno-desintegrado
https://www.lacuisinedebernard.com/magret-kabocha-e-pure-de-batata-doce-shiitake-batatas-salteadas-e-trigo-sarraceno-desintegrado,https://staging.lacuisinedebernard.com/magret-kabocha-e-pure-de-batata-doce-shiitake-batatas-salteadas-e-trigo-sarraceno-desintegrado
https://www.lacuisinedebernard.com/magret-kabocha-e-pure-de-batata-doce-shiitake-batatas-salteadas-e-trigo-sarraceno-desintegrado/,https://staging.lacuisinedebernard.com/magret-kabocha-e-pure-de-batata-doce-shiitake-batatas-salteadas-e-trigo-sarraceno-desintegrado
https://lacuisinedebernard.com/millefeuille-com-dois-salmoes-e-tarama,https://staging.lacuisinedebernard.com/millefeuille-com-dois-salmoes-e-tarama
https://lacuisinedebernard.com/millefeuille-com-dois-salmoes-e-tarama/,https://staging.lacuisinedebernard.com/millefeuille-com-dois-salmoes-e-tarama
https://www.lacuisinedebernard.com/millefeuille-com-dois-salmoes-e-tarama,https://staging.lacuisinedebernard.com/millefeuille-com-dois-salmoes-e-tarama
https://www.lacuisinedebernard.com/millefeuille-com-dois-salmoes-e-tarama/,https://staging.lacuisinedebernard.com/millefeuille-com-dois-salmoes-e-tarama
https://lacuisinedebernard.com/kale-fourme-dambert-cheese-pears-and-pecans-pastry,https://staging.lacuisinedebernard.com/kale-fourme-dambert-cheese-pears-and-pecans-pastry
https://lacuisinedebernard.com/kale-fourme-dambert-cheese-pears-and-pecans-pastry/,https://staging.lacuisinedebernard.com/kale-fourme-dambert-cheese-pears-and-pecans-pastry
https://www.lacuisinedebernard.com/kale-fourme-dambert-cheese-pears-and-pecans-pastry,https://staging.lacuisinedebernard.com/kale-fourme-dambert-cheese-pears-and-pecans-pastry
https://www.lacuisinedebernard.com/kale-fourme-dambert-cheese-pears-and-pecans-pastry/,https://staging.lacuisinedebernard.com/kale-fourme-dambert-cheese-pears-and-pecans-pastry
https://lacuisinedebernard.com/soft-white-chocolate-and-matcha-green-tea-cookies,https://staging.lacuisinedebernard.com/soft-white-chocolate-and-matcha-green-tea-cookies
https://lacuisinedebernard.com/soft-white-chocolate-and-matcha-green-tea-cookies/,https://staging.lacuisinedebernard.com/soft-white-chocolate-and-matcha-green-tea-cookies
https://www.lacuisinedebernard.com/soft-white-chocolate-and-matcha-green-tea-cookies,https://staging.lacuisinedebernard.com/soft-white-chocolate-and-matcha-green-tea-cookies
https://www.lacuisinedebernard.com/soft-white-chocolate-and-matcha-green-tea-cookies/,https://staging.lacuisinedebernard.com/soft-white-chocolate-and-matcha-green-tea-cookies
https://lacuisinedebernard.com/%d8%ad%d9%84%d9%88%d9%89-%d8%a7%d9%84%d8%a8%d9%86%d8%af%d9%82-%d8%a7%d9%84%d9%85%d9%82%d8%b1%d9%85%d8%b4%d8%a9,https://staging.lacuisinedebernard.com/%d8%ad%d9%84%d9%88%d9%89-%d8%a7%d9%84%d8%a8%d9%86%d8%af%d9%82-%d8%a7%d9%84%d9%85%d9%82%d8%b1%d9%85%d8%b4%d8%a9
https://lacuisinedebernard.com/%d8%ad%d9%84%d9%88%d9%89-%d8%a7%d9%84%d8%a8%d9%86%d8%af%d9%82-%d8%a7%d9%84%d9%85%d9%82%d8%b1%d9%85%d8%b4%d8%a9/,https://staging.lacuisinedebernard.com/%d8%ad%d9%84%d9%88%d9%89-%d8%a7%d9%84%d8%a8%d9%86%d8%af%d9%82-%d8%a7%d9%84%d9%85%d9%82%d8%b1%d9%85%d8%b4%d8%a9
https://www.lacuisinedebernard.com/%d8%ad%d9%84%d9%88%d9%89-%d8%a7%d9%84%d8%a8%d9%86%d8%af%d9%82-%d8%a7%d9%84%d9%85%d9%82%d8%b1%d9%85%d8%b4%d8%a9,https://staging.lacuisinedebernard.com/%d8%ad%d9%84%d9%88%d9%89-%d8%a7%d9%84%d8%a8%d9%86%d8%af%d9%82-%d8%a7%d9%84%d9%85%d9%82%d8%b1%d9%85%d8%b4%d8%a9
https://www.lacuisinedebernard.com/%d8%ad%d9%84%d9%88%d9%89-%d8%a7%d9%84%d8%a8%d9%86%d8%af%d9%82-%d8%a7%d9%84%d9%85%d9%82%d8%b1%d9%85%d8%b4%d8%a9/,https://staging.lacuisinedebernard.com/%d8%ad%d9%84%d9%88%d9%89-%d8%a7%d9%84%d8%a8%d9%86%d8%af%d9%82-%d8%a7%d9%84%d9%85%d9%82%d8%b1%d9%85%d8%b4%d8%a9
https://lacuisinedebernard.com/%d8%aa%d8%a7%d8%b1%d8%aa-%d9%83%d9%88%d8%b3%d8%a9-%d8%b1%d9%8a%d9%83%d9%88%d8%aa%d8%a7-%d8%a8%d8%a7%d9%84%d8%b4%d8%a8%d8%aa,https://staging.lacuisinedebernard.com/%d8%aa%d8%a7%d8%b1%d8%aa-%d9%83%d9%88%d8%b3%d8%a9-%d8%b1%d9%8a%d9%83%d9%88%d8%aa%d8%a7-%d8%a8%d8%a7%d9%84%d8%b4%d8%a8%d8%aa
https://lacuisinedebernard.com/%d8%aa%d8%a7%d8%b1%d8%aa-%d9%83%d9%88%d8%b3%d8%a9-%d8%b1%d9%8a%d9%83%d9%88%d8%aa%d8%a7-%d8%a8%d8%a7%d9%84%d8%b4%d8%a8%d8%aa/,https://staging.lacuisinedebernard.com/%d8%aa%d8%a7%d8%b1%d8%aa-%d9%83%d9%88%d8%b3%d8%a9-%d8%b1%d9%8a%d9%83%d9%88%d8%aa%d8%a7-%d8%a8%d8%a7%d9%84%d8%b4%d8%a8%d8%aa
https://www.lacuisinedebernard.com/%d8%aa%d8%a7%d8%b1%d8%aa-%d9%83%d9%88%d8%b3%d8%a9-%d8%b1%d9%8a%d9%83%d9%88%d8%aa%d8%a7-%d8%a8%d8%a7%d9%84%d8%b4%d8%a8%d8%aa,https://staging.lacuisinedebernard.com/%d8%aa%d8%a7%d8%b1%d8%aa-%d9%83%d9%88%d8%b3%d8%a9-%d8%b1%d9%8a%d9%83%d9%88%d8%aa%d8%a7-%d8%a8%d8%a7%d9%84%d8%b4%d8%a8%d8%aa
https://www.lacuisinedebernard.com/%d8%aa%d8%a7%d8%b1%d8%aa-%d9%83%d9%88%d8%b3%d8%a9-%d8%b1%d9%8a%d9%83%d9%88%d8%aa%d8%a7-%d8%a8%d8%a7%d9%84%d8%b4%d8%a8%d8%aa/,https://staging.lacuisinedebernard.com/%d8%aa%d8%a7%d8%b1%d8%aa-%d9%83%d9%88%d8%b3%d8%a9-%d8%b1%d9%8a%d9%83%d9%88%d8%aa%d8%a7-%d8%a8%d8%a7%d9%84%d8%b4%d8%a8%d8%aa
https://lacuisinedebernard.com/foie-gras-envasado-al-vacio-metodo-6,https://staging.lacuisinedebernard.com/foie-gras-envasado-al-vacio-metodo-6
https://lacuisinedebernard.com/foie-gras-envasado-al-vacio-metodo-6/,https://staging.lacuisinedebernard.com/foie-gras-envasado-al-vacio-metodo-6
https://www.lacuisinedebernard.com/foie-gras-envasado-al-vacio-metodo-6,https://staging.lacuisinedebernard.com/foie-gras-envasado-al-vacio-metodo-6
https://www.lacuisinedebernard.com/foie-gras-envasado-al-vacio-metodo-6/,https://staging.lacuisinedebernard.com/foie-gras-envasado-al-vacio-metodo-6
https://lacuisinedebernard.com/%d8%ad%d9%84%d8%b2%d9%88%d9%86-%d8%a7%d9%84%d8%b4%d9%88%d9%83%d9%88%d9%84%d8%a7%d8%aa%d8%a9-%d8%a8%d8%a7%d9%84%d9%81%d8%b3%d8%aa%d9%82,https://staging.lacuisinedebernard.com/%d8%ad%d9%84%d8%b2%d9%88%d9%86-%d8%a7%d9%84%d8%b4%d9%88%d9%83%d9%88%d9%84%d8%a7%d8%aa%d8%a9-%d8%a8%d8%a7%d9%84%d9%81%d8%b3%d8%aa%d9%82
https://lacuisinedebernard.com/%d8%ad%d9%84%d8%b2%d9%88%d9%86-%d8%a7%d9%84%d8%b4%d9%88%d9%83%d9%88%d9%84%d8%a7%d8%aa%d8%a9-%d8%a8%d8%a7%d9%84%d9%81%d8%b3%d8%aa%d9%82/,https://staging.lacuisinedebernard.com/%d8%ad%d9%84%d8%b2%d9%88%d9%86-%d8%a7%d9%84%d8%b4%d9%88%d9%83%d9%88%d9%84%d8%a7%d8%aa%d8%a9-%d8%a8%d8%a7%d9%84%d9%81%d8%b3%d8%aa%d9%82
https://www.lacuisinedebernard.com/%d8%ad%d9%84%d8%b2%d9%88%d9%86-%d8%a7%d9%84%d8%b4%d9%88%d9%83%d9%88%d9%84%d8%a7%d8%aa%d8%a9-%d8%a8%d8%a7%d9%84%d9%81%d8%b3%d8%aa%d9%82,https://staging.lacuisinedebernard.com/%d8%ad%d9%84%d8%b2%d9%88%d9%86-%d8%a7%d9%84%d8%b4%d9%88%d9%83%d9%88%d9%84%d8%a7%d8%aa%d8%a9-%d8%a8%d8%a7%d9%84%d9%81%d8%b3%d8%aa%d9%82
https://www.lacuisinedebernard.com/%d8%ad%d9%84%d8%b2%d9%88%d9%86-%d8%a7%d9%84%d8%b4%d9%88%d9%83%d9%88%d9%84%d8%a7%d8%aa%d8%a9-%d8%a8%d8%a7%d9%84%d9%81%d8%b3%d8%aa%d9%82/,https://staging.lacuisinedebernard.com/%d8%ad%d9%84%d8%b2%d9%88%d9%86-%d8%a7%d9%84%d8%b4%d9%88%d9%83%d9%88%d9%84%d8%a7%d8%aa%d8%a9-%d8%a8%d8%a7%d9%84%d9%81%d8%b3%d8%aa%d9%82
https://lacuisinedebernard.com/pulpo-a-la-parrilla,https://staging.lacuisinedebernard.com/pulpo-a-la-parrilla
https://lacuisinedebernard.com/pulpo-a-la-parrilla/,https://staging.lacuisinedebernard.com/pulpo-a-la-parrilla
https://www.lacuisinedebernard.com/pulpo-a-la-parrilla,https://staging.lacuisinedebernard.com/pulpo-a-la-parrilla
https://www.lacuisinedebernard.com/pulpo-a-la-parrilla/,https://staging.lacuisinedebernard.com/pulpo-a-la-parrilla
https://lacuisinedebernard.com/%d8%aa%d8%a7%d8%b1%d8%aa%d9%8a%d9%81%d9%84%d9%8a%d8%aa,https://staging.lacuisinedebernard.com/%d8%aa%d8%a7%d8%b1%d8%aa%d9%8a%d9%81%d9%84%d9%8a%d8%aa
https://lacuisinedebernard.com/%d8%aa%d8%a7%d8%b1%d8%aa%d9%8a%d9%81%d9%84%d9%8a%d8%aa/,https://staging.lacuisinedebernard.com/%d8%aa%d8%a7%d8%b1%d8%aa%d9%8a%d9%81%d9%84%d9%8a%d8%aa
https://www.lacuisinedebernard.com/%d8%aa%d8%a7%d8%b1%d8%aa%d9%8a%d9%81%d9%84%d9%8a%d8%aa,https://staging.lacuisinedebernard.com/%d8%aa%d8%a7%d8%b1%d8%aa%d9%8a%d9%81%d9%84%d9%8a%d8%aa
https://www.lacuisinedebernard.com/%d8%aa%d8%a7%d8%b1%d8%aa%d9%8a%d9%81%d9%84%d9%8a%d8%aa/,https://staging.lacuisinedebernard.com/%d8%aa%d8%a7%d8%b1%d8%aa%d9%8a%d9%81%d9%84%d9%8a%d8%aa
https://lacuisinedebernard.com/magret-kabocha-and-sweet-potato-puree-shiitake-sauteed-potatoes-and-buckwheat-crumble,https://staging.lacuisinedebernard.com/magret-kabocha-and-sweet-potato-puree-shiitake-sauteed-potatoes-and-buckwheat-crumble
https://lacuisinedebernard.com/magret-kabocha-and-sweet-potato-puree-shiitake-sauteed-potatoes-and-buckwheat-crumble/,https://staging.lacuisinedebernard.com/magret-kabocha-and-sweet-potato-puree-shiitake-sauteed-potatoes-and-buckwheat-crumble
https://www.lacuisinedebernard.com/magret-kabocha-and-sweet-potato-puree-shiitake-sauteed-potatoes-and-buckwheat-crumble,https://staging.lacuisinedebernard.com/magret-kabocha-and-sweet-potato-puree-shiitake-sauteed-potatoes-and-buckwheat-crumble
https://www.lacuisinedebernard.com/magret-kabocha-and-sweet-potato-puree-shiitake-sauteed-potatoes-and-buckwheat-crumble/,https://staging.lacuisinedebernard.com/magret-kabocha-and-sweet-potato-puree-shiitake-sauteed-potatoes-and-buckwheat-crumble
https://lacuisinedebernard.com/%d8%a8%d8%a7%d8%b3%d8%aa%d8%a7-%d9%85%d8%b9-%d8%a7%d9%84%d9%84%d9%81%d8%aa-%d8%8c-%d9%81%d9%88%d8%b1%d9%85%d9%8a-%d8%af%d8%a7%d9%85%d8%a8%d8%b1%d8%aa-%d8%8c-%d8%a7%d9%84%d9%83%d9%85%d8%ab%d8%b1%d9%89,https://staging.lacuisinedebernard.com/%d8%a8%d8%a7%d8%b3%d8%aa%d8%a7-%d9%85%d8%b9-%d8%a7%d9%84%d9%84%d9%81%d8%aa-%d8%8c-%d9%81%d9%88%d8%b1%d9%85%d9%8a-%d8%af%d8%a7%d9%85%d8%a8%d8%b1%d8%aa-%d8%8c-%d8%a7%d9%84%d9%83%d9%85%d8%ab%d8%b1%d9%89
https://lacuisinedebernard.com/%d8%a8%d8%a7%d8%b3%d8%aa%d8%a7-%d9%85%d8%b9-%d8%a7%d9%84%d9%84%d9%81%d8%aa-%d8%8c-%d9%81%d9%88%d8%b1%d9%85%d9%8a-%d8%af%d8%a7%d9%85%d8%a8%d8%b1%d8%aa-%d8%8c-%d8%a7%d9%84%d9%83%d9%85%d8%ab%d8%b1%d9%89/,https://staging.lacuisinedebernard.com/%d8%a8%d8%a7%d8%b3%d8%aa%d8%a7-%d9%85%d8%b9-%d8%a7%d9%84%d9%84%d9%81%d8%aa-%d8%8c-%d9%81%d9%88%d8%b1%d9%85%d9%8a-%d8%af%d8%a7%d9%85%d8%a8%d8%b1%d8%aa-%d8%8c-%d8%a7%d9%84%d9%83%d9%85%d8%ab%d8%b1%d9%89
https://www.lacuisinedebernard.com/%d8%a8%d8%a7%d8%b3%d8%aa%d8%a7-%d9%85%d8%b9-%d8%a7%d9%84%d9%84%d9%81%d8%aa-%d8%8c-%d9%81%d9%88%d8%b1%d9%85%d9%8a-%d8%af%d8%a7%d9%85%d8%a8%d8%b1%d8%aa-%d8%8c-%d8%a7%d9%84%d9%83%d9%85%d8%ab%d8%b1%d9%89,https://staging.lacuisinedebernard.com/%d8%a8%d8%a7%d8%b3%d8%aa%d8%a7-%d9%85%d8%b9-%d8%a7%d9%84%d9%84%d9%81%d8%aa-%d8%8c-%d9%81%d9%88%d8%b1%d9%85%d9%8a-%d8%af%d8%a7%d9%85%d8%a8%d8%b1%d8%aa-%d8%8c-%d8%a7%d9%84%d9%83%d9%85%d8%ab%d8%b1%d9%89
https://www.lacuisinedebernard.com/%d8%a8%d8%a7%d8%b3%d8%aa%d8%a7-%d9%85%d8%b9-%d8%a7%d9%84%d9%84%d9%81%d8%aa-%d8%8c-%d9%81%d9%88%d8%b1%d9%85%d9%8a-%d8%af%d8%a7%d9%85%d8%a8%d8%b1%d8%aa-%d8%8c-%d8%a7%d9%84%d9%83%d9%85%d8%ab%d8%b1%d9%89/,https://staging.lacuisinedebernard.com/%d8%a8%d8%a7%d8%b3%d8%aa%d8%a7-%d9%85%d8%b9-%d8%a7%d9%84%d9%84%d9%81%d8%aa-%d8%8c-%d9%81%d9%88%d8%b1%d9%85%d9%8a-%d8%af%d8%a7%d9%85%d8%a8%d8%b1%d8%aa-%d8%8c-%d8%a7%d9%84%d9%83%d9%85%d8%ab%d8%b1%d9%89
https://lacuisinedebernard.com/millefeuille-with-two-salmon-and-tarama,https://staging.lacuisinedebernard.com/millefeuille-with-two-salmon-and-tarama
https://lacuisinedebernard.com/millefeuille-with-two-salmon-and-tarama/,https://staging.lacuisinedebernard.com/millefeuille-with-two-salmon-and-tarama
https://www.lacuisinedebernard.com/millefeuille-with-two-salmon-and-tarama,https://staging.lacuisinedebernard.com/millefeuille-with-two-salmon-and-tarama
https://www.lacuisinedebernard.com/millefeuille-with-two-salmon-and-tarama/,https://staging.lacuisinedebernard.com/millefeuille-with-two-salmon-and-tarama
https://lacuisinedebernard.com/%d8%b4%d9%88%d9%83%d9%88%d9%84%d8%a7%d8%aa%d8%a9-%d8%a8%d9%8a%d8%b6%d8%a7%d8%a1-%d9%85%d8%b7%d8%a7%d8%b7%d9%8a%d8%a9-%d9%88%d9%83%d9%88%d9%83%d9%8a%d8%b2-%d8%b4%d8%a7%d9%8a-%d9%85%d8%a7%d8%aa%d8%b4,https://staging.lacuisinedebernard.com/%d8%b4%d9%88%d9%83%d9%88%d9%84%d8%a7%d8%aa%d8%a9-%d8%a8%d9%8a%d8%b6%d8%a7%d8%a1-%d9%85%d8%b7%d8%a7%d8%b7%d9%8a%d8%a9-%d9%88%d9%83%d9%88%d9%83%d9%8a%d8%b2-%d8%b4%d8%a7%d9%8a-%d9%85%d8%a7%d8%aa%d8%b4
https://lacuisinedebernard.com/%d8%b4%d9%88%d9%83%d9%88%d9%84%d8%a7%d8%aa%d8%a9-%d8%a8%d9%8a%d8%b6%d8%a7%d8%a1-%d9%85%d8%b7%d8%a7%d8%b7%d9%8a%d8%a9-%d9%88%d9%83%d9%88%d9%83%d9%8a%d8%b2-%d8%b4%d8%a7%d9%8a-%d9%85%d8%a7%d8%aa%d8%b4/,https://staging.lacuisinedebernard.com/%d8%b4%d9%88%d9%83%d9%88%d9%84%d8%a7%d8%aa%d8%a9-%d8%a8%d9%8a%d8%b6%d8%a7%d8%a1-%d9%85%d8%b7%d8%a7%d8%b7%d9%8a%d8%a9-%d9%88%d9%83%d9%88%d9%83%d9%8a%d8%b2-%d8%b4%d8%a7%d9%8a-%d9%85%d8%a7%d8%aa%d8%b4
https://www.lacuisinedebernard.com/%d8%b4%d9%88%d9%83%d9%88%d9%84%d8%a7%d8%aa%d8%a9-%d8%a8%d9%8a%d8%b6%d8%a7%d8%a1-%d9%85%d8%b7%d8%a7%d8%b7%d9%8a%d8%a9-%d9%88%d9%83%d9%88%d9%83%d9%8a%d8%b2-%d8%b4%d8%a7%d9%8a-%d9%85%d8%a7%d8%aa%d8%b4,https://staging.lacuisinedebernard.com/%d8%b4%d9%88%d9%83%d9%88%d9%84%d8%a7%d8%aa%d8%a9-%d8%a8%d9%8a%d8%b6%d8%a7%d8%a1-%d9%85%d8%b7%d8%a7%d8%b7%d9%8a%d8%a9-%d9%88%d9%83%d9%88%d9%83%d9%8a%d8%b2-%d8%b4%d8%a7%d9%8a-%d9%85%d8%a7%d8%aa%d8%b4
https://www.lacuisinedebernard.com/%d8%b4%d9%88%d9%83%d9%88%d9%84%d8%a7%d8%aa%d8%a9-%d8%a8%d9%8a%d8%b6%d8%a7%d8%a1-%d9%85%d8%b7%d8%a7%d8%b7%d9%8a%d8%a9-%d9%88%d9%83%d9%88%d9%83%d9%8a%d8%b2-%d8%b4%d8%a7%d9%8a-%d9%85%d8%a7%d8%aa%d8%b4/,https://staging.lacuisinedebernard.com/%d8%b4%d9%88%d9%83%d9%88%d9%84%d8%a7%d8%aa%d8%a9-%d8%a8%d9%8a%d8%b6%d8%a7%d8%a1-%d9%85%d8%b7%d8%a7%d8%b7%d9%8a%d8%a9-%d9%88%d9%83%d9%88%d9%83%d9%8a%d8%b2-%d8%b4%d8%a7%d9%8a-%d9%85%d8%a7%d8%aa%d8%b4
https://lacuisinedebernard.com/pastel-de-chocolate-con-coco,https://staging.lacuisinedebernard.com/pastel-de-chocolate-con-coco
https://lacuisinedebernard.com/pastel-de-chocolate-con-coco/,https://staging.lacuisinedebernard.com/pastel-de-chocolate-con-coco
https://www.lacuisinedebernard.com/pastel-de-chocolate-con-coco,https://staging.lacuisinedebernard.com/pastel-de-chocolate-con-coco
https://www.lacuisinedebernard.com/pastel-de-chocolate-con-coco/,https://staging.lacuisinedebernard.com/pastel-de-chocolate-con-coco
https://lacuisinedebernard.com/foie-gras-embalado-a-vacuo-metodo-6,https://staging.lacuisinedebernard.com/foie-gras-embalado-a-vacuo-metodo-6
https://lacuisinedebernard.com/foie-gras-embalado-a-vacuo-metodo-6/,https://staging.lacuisinedebernard.com/foie-gras-embalado-a-vacuo-metodo-6
https://www.lacuisinedebernard.com/foie-gras-embalado-a-vacuo-metodo-6,https://staging.lacuisinedebernard.com/foie-gras-embalado-a-vacuo-metodo-6
https://www.lacuisinedebernard.com/foie-gras-embalado-a-vacuo-metodo-6/,https://staging.lacuisinedebernard.com/foie-gras-embalado-a-vacuo-metodo-6
https://lacuisinedebernard.com/%d8%a8%d8%a7%d8%a8%d9%83%d8%a7-%d8%a7%d9%84%d9%82%d8%b1%d9%81%d8%a9,https://staging.lacuisinedebernard.com/%d8%a8%d8%a7%d8%a8%d9%83%d8%a7-%d8%a7%d9%84%d9%82%d8%b1%d9%81%d8%a9
https://lacuisinedebernard.com/%d8%a8%d8%a7%d8%a8%d9%83%d8%a7-%d8%a7%d9%84%d9%82%d8%b1%d9%81%d8%a9/,https://staging.lacuisinedebernard.com/%d8%a8%d8%a7%d8%a8%d9%83%d8%a7-%d8%a7%d9%84%d9%82%d8%b1%d9%81%d8%a9
https://www.lacuisinedebernard.com/%d8%a8%d8%a7%d8%a8%d9%83%d8%a7-%d8%a7%d9%84%d9%82%d8%b1%d9%81%d8%a9,https://staging.lacuisinedebernard.com/%d8%a8%d8%a7%d8%a8%d9%83%d8%a7-%d8%a7%d9%84%d9%82%d8%b1%d9%81%d8%a9
https://www.lacuisinedebernard.com/%d8%a8%d8%a7%d8%a8%d9%83%d8%a7-%d8%a7%d9%84%d9%82%d8%b1%d9%81%d8%a9/,https://staging.lacuisinedebernard.com/%d8%a8%d8%a7%d8%a8%d9%83%d8%a7-%d8%a7%d9%84%d9%82%d8%b1%d9%81%d8%a9
https://lacuisinedebernard.com/caviar-de-alcachofa,https://staging.lacuisinedebernard.com/caviar-de-alcachofa
https://lacuisinedebernard.com/caviar-de-alcachofa/,https://staging.lacuisinedebernard.com/caviar-de-alcachofa
https://www.lacuisinedebernard.com/caviar-de-alcachofa,https://staging.lacuisinedebernard.com/caviar-de-alcachofa
https://www.lacuisinedebernard.com/caviar-de-alcachofa/,https://staging.lacuisinedebernard.com/caviar-de-alcachofa
https://lacuisinedebernard.com/%d9%85%d8%a7%d8%ac%d8%b1%d9%8a%d8%aa-%d8%8c-%d9%83%d8%a7%d8%a8%d9%88%d8%aa%d8%b4%d8%a7-%d9%85%d9%87%d8%b1%d9%88%d8%b3%d8%a9-%d8%8c-%d8%a8%d8%b7%d8%a7%d8%b7%d8%a7-%d8%ad%d9%84%d9%88%d8%a9-%d8%8c-%d9%81,https://staging.lacuisinedebernard.com/%d9%85%d8%a7%d8%ac%d8%b1%d9%8a%d8%aa-%d8%8c-%d9%83%d8%a7%d8%a8%d9%88%d8%aa%d8%b4%d8%a7-%d9%85%d9%87%d8%b1%d9%88%d8%b3%d8%a9-%d8%8c-%d8%a8%d8%b7%d8%a7%d8%b7%d8%a7-%d8%ad%d9%84%d9%88%d8%a9-%d8%8c-%d9%81
https://lacuisinedebernard.com/%d9%85%d8%a7%d8%ac%d8%b1%d9%8a%d8%aa-%d8%8c-%d9%83%d8%a7%d8%a8%d9%88%d8%aa%d8%b4%d8%a7-%d9%85%d9%87%d8%b1%d9%88%d8%b3%d8%a9-%d8%8c-%d8%a8%d8%b7%d8%a7%d8%b7%d8%a7-%d8%ad%d9%84%d9%88%d8%a9-%d8%8c-%d9%81/,https://staging.lacuisinedebernard.com/%d9%85%d8%a7%d8%ac%d8%b1%d9%8a%d8%aa-%d8%8c-%d9%83%d8%a7%d8%a8%d9%88%d8%aa%d8%b4%d8%a7-%d9%85%d9%87%d8%b1%d9%88%d8%b3%d8%a9-%d8%8c-%d8%a8%d8%b7%d8%a7%d8%b7%d8%a7-%d8%ad%d9%84%d9%88%d8%a9-%d8%8c-%d9%81
https://www.lacuisinedebernard.com/%d9%85%d8%a7%d8%ac%d8%b1%d9%8a%d8%aa-%d8%8c-%d9%83%d8%a7%d8%a8%d9%88%d8%aa%d8%b4%d8%a7-%d9%85%d9%87%d8%b1%d9%88%d8%b3%d8%a9-%d8%8c-%d8%a8%d8%b7%d8%a7%d8%b7%d8%a7-%d8%ad%d9%84%d9%88%d8%a9-%d8%8c-%d9%81,https://staging.lacuisinedebernard.com/%d9%85%d8%a7%d8%ac%d8%b1%d9%8a%d8%aa-%d8%8c-%d9%83%d8%a7%d8%a8%d9%88%d8%aa%d8%b4%d8%a7-%d9%85%d9%87%d8%b1%d9%88%d8%b3%d8%a9-%d8%8c-%d8%a8%d8%b7%d8%a7%d8%b7%d8%a7-%d8%ad%d9%84%d9%88%d8%a9-%d8%8c-%d9%81
https://www.lacuisinedebernard.com/%d9%85%d8%a7%d8%ac%d8%b1%d9%8a%d8%aa-%d8%8c-%d9%83%d8%a7%d8%a8%d9%88%d8%aa%d8%b4%d8%a7-%d9%85%d9%87%d8%b1%d9%88%d8%b3%d8%a9-%d8%8c-%d8%a8%d8%b7%d8%a7%d8%b7%d8%a7-%d8%ad%d9%84%d9%88%d8%a9-%d8%8c-%d9%81/,https://staging.lacuisinedebernard.com/%d9%85%d8%a7%d8%ac%d8%b1%d9%8a%d8%aa-%d8%8c-%d9%83%d8%a7%d8%a8%d9%88%d8%aa%d8%b4%d8%a7-%d9%85%d9%87%d8%b1%d9%88%d8%b3%d8%a9-%d8%8c-%d8%a8%d8%b7%d8%a7%d8%b7%d8%a7-%d8%ad%d9%84%d9%88%d8%a9-%d8%8c-%d9%81
https://lacuisinedebernard.com/polvo-grelhado,https://staging.lacuisinedebernard.com/polvo-grelhado
https://lacuisinedebernard.com/polvo-grelhado/,https://staging.lacuisinedebernard.com/polvo-grelhado
https://www.lacuisinedebernard.com/polvo-grelhado,https://staging.lacuisinedebernard.com/polvo-grelhado
https://www.lacuisinedebernard.com/polvo-grelhado/,https://staging.lacuisinedebernard.com/polvo-grelhado
https://lacuisinedebernard.com/%d9%85%d9%8a%d9%84%d9%81%d9%8a-%d9%85%d8%b9-%d9%82%d8%b7%d8%b9%d8%aa%d9%8a%d9%86-%d8%b3%d9%84%d9%85%d9%88%d9%86-%d9%88-%d8%aa%d8%a7%d8%b1%d8%a7%d9%85%d8%a7%d8%b3%d8%a7%d9%84%d8%a7%d8%aa%d8%a7,https://staging.lacuisinedebernard.com/%d9%85%d9%8a%d9%84%d9%81%d9%8a-%d9%85%d8%b9-%d9%82%d8%b7%d8%b9%d8%aa%d9%8a%d9%86-%d8%b3%d9%84%d9%85%d9%88%d9%86-%d9%88-%d8%aa%d8%a7%d8%b1%d8%a7%d9%85%d8%a7%d8%b3%d8%a7%d9%84%d8%a7%d8%aa%d8%a7
https://lacuisinedebernard.com/%d9%85%d9%8a%d9%84%d9%81%d9%8a-%d9%85%d8%b9-%d9%82%d8%b7%d8%b9%d8%aa%d9%8a%d9%86-%d8%b3%d9%84%d9%85%d9%88%d9%86-%d9%88-%d8%aa%d8%a7%d8%b1%d8%a7%d9%85%d8%a7%d8%b3%d8%a7%d9%84%d8%a7%d8%aa%d8%a7/,https://staging.lacuisinedebernard.com/%d9%85%d9%8a%d9%84%d9%81%d9%8a-%d9%85%d8%b9-%d9%82%d8%b7%d8%b9%d8%aa%d9%8a%d9%86-%d8%b3%d9%84%d9%85%d9%88%d9%86-%d9%88-%d8%aa%d8%a7%d8%b1%d8%a7%d9%85%d8%a7%d8%b3%d8%a7%d9%84%d8%a7%d8%aa%d8%a7
https://www.lacuisinedebernard.com/%d9%85%d9%8a%d9%84%d9%81%d9%8a-%d9%85%d8%b9-%d9%82%d8%b7%d8%b9%d8%aa%d9%8a%d9%86-%d8%b3%d9%84%d9%85%d9%88%d9%86-%d9%88-%d8%aa%d8%a7%d8%b1%d8%a7%d9%85%d8%a7%d8%b3%d8%a7%d9%84%d8%a7%d8%aa%d8%a7,https://staging.lacuisinedebernard.com/%d9%85%d9%8a%d9%84%d9%81%d9%8a-%d9%85%d8%b9-%d9%82%d8%b7%d8%b9%d8%aa%d9%8a%d9%86-%d8%b3%d9%84%d9%85%d9%88%d9%86-%d9%88-%d8%aa%d8%a7%d8%b1%d8%a7%d9%85%d8%a7%d8%b3%d8%a7%d9%84%d8%a7%d8%aa%d8%a7
https://www.lacuisinedebernard.com/%d9%85%d9%8a%d9%84%d9%81%d9%8a-%d9%85%d8%b9-%d9%82%d8%b7%d8%b9%d8%aa%d9%8a%d9%86-%d8%b3%d9%84%d9%85%d9%88%d9%86-%d9%88-%d8%aa%d8%a7%d8%b1%d8%a7%d9%85%d8%a7%d8%b3%d8%a7%d9%84%d8%a7%d8%aa%d8%a7/,https://staging.lacuisinedebernard.com/%d9%85%d9%8a%d9%84%d9%81%d9%8a-%d9%85%d8%b9-%d9%82%d8%b7%d8%b9%d8%aa%d9%8a%d9%86-%d8%b3%d9%84%d9%85%d9%88%d9%86-%d9%88-%d8%aa%d8%a7%d8%b1%d8%a7%d9%85%d8%a7%d8%b3%d8%a7%d9%84%d8%a7%d8%aa%d8%a7
https://lacuisinedebernard.com/crujientes-de-praline-de-avellana,https://staging.lacuisinedebernard.com/crujientes-de-praline-de-avellana
https://lacuisinedebernard.com/crujientes-de-praline-de-avellana/,https://staging.lacuisinedebernard.com/crujientes-de-praline-de-avellana
https://www.lacuisinedebernard.com/crujientes-de-praline-de-avellana,https://staging.lacuisinedebernard.com/crujientes-de-praline-de-avellana
https://www.lacuisinedebernard.com/crujientes-de-praline-de-avellana/,https://staging.lacuisinedebernard.com/crujientes-de-praline-de-avellana
https://lacuisinedebernard.com/stollen,https://staging.lacuisinedebernard.com/stollen
https://lacuisinedebernard.com/stollen/,https://staging.lacuisinedebernard.com/stollen
https://www.lacuisinedebernard.com/stollen,https://staging.lacuisinedebernard.com/stollen
https://www.lacuisinedebernard.com/stollen/,https://staging.lacuisinedebernard.com/stollen
https://lacuisinedebernard.com/bolo-de-chocolate-de-coco,https://staging.lacuisinedebernard.com/bolo-de-chocolate-de-coco
https://lacuisinedebernard.com/bolo-de-chocolate-de-coco/,https://staging.lacuisinedebernard.com/bolo-de-chocolate-de-coco
https://www.lacuisinedebernard.com/bolo-de-chocolate-de-coco,https://staging.lacuisinedebernard.com/bolo-de-chocolate-de-coco
https://www.lacuisinedebernard.com/bolo-de-chocolate-de-coco/,https://staging.lacuisinedebernard.com/bolo-de-chocolate-de-coco
https://lacuisinedebernard.com/vacuum-packed-foie-gras-method-6,https://staging.lacuisinedebernard.com/vacuum-packed-foie-gras-method-6
https://lacuisinedebernard.com/vacuum-packed-foie-gras-method-6/,https://staging.lacuisinedebernard.com/vacuum-packed-foie-gras-method-6
https://www.lacuisinedebernard.com/vacuum-packed-foie-gras-method-6,https://staging.lacuisinedebernard.com/vacuum-packed-foie-gras-method-6
https://www.lacuisinedebernard.com/vacuum-packed-foie-gras-method-6/,https://staging.lacuisinedebernard.com/vacuum-packed-foie-gras-method-6
https://lacuisinedebernard.com/nueva-pagina-web-dedicada-al-taller,https://staging.lacuisinedebernard.com/nueva-pagina-web-dedicada-al-taller
https://lacuisinedebernard.com/nueva-pagina-web-dedicada-al-taller/,https://staging.lacuisinedebernard.com/nueva-pagina-web-dedicada-al-taller
https://www.lacuisinedebernard.com/nueva-pagina-web-dedicada-al-taller,https://staging.lacuisinedebernard.com/nueva-pagina-web-dedicada-al-taller
https://www.lacuisinedebernard.com/nueva-pagina-web-dedicada-al-taller/,https://staging.lacuisinedebernard.com/nueva-pagina-web-dedicada-al-taller
https://lacuisinedebernard.com/%d8%ae%d8%b1%d8%b4%d9%88%d9%81-%d9%85%d8%ad%d9%85%d8%b5-%d9%85%d8%b9-%d8%ac%d8%a8%d9%86%d8%a9-%d8%a7%d9%84%d9%81%d9%8a%d8%aa%d8%a7-%d9%88%d8%a7%d9%84%d8%b4%d8%a8%d8%aa,https://staging.lacuisinedebernard.com/%d8%ae%d8%b1%d8%b4%d9%88%d9%81-%d9%85%d8%ad%d9%85%d8%b5-%d9%85%d8%b9-%d8%ac%d8%a8%d9%86%d8%a9-%d8%a7%d9%84%d9%81%d9%8a%d8%aa%d8%a7-%d9%88%d8%a7%d9%84%d8%b4%d8%a8%d8%aa
https://lacuisinedebernard.com/%d8%ae%d8%b1%d8%b4%d9%88%d9%81-%d9%85%d8%ad%d9%85%d8%b5-%d9%85%d8%b9-%d8%ac%d8%a8%d9%86%d8%a9-%d8%a7%d9%84%d9%81%d9%8a%d8%aa%d8%a7-%d9%88%d8%a7%d9%84%d8%b4%d8%a8%d8%aa/,https://staging.lacuisinedebernard.com/%d8%ae%d8%b1%d8%b4%d9%88%d9%81-%d9%85%d8%ad%d9%85%d8%b5-%d9%85%d8%b9-%d8%ac%d8%a8%d9%86%d8%a9-%d8%a7%d9%84%d9%81%d9%8a%d8%aa%d8%a7-%d9%88%d8%a7%d9%84%d8%b4%d8%a8%d8%aa
https://www.lacuisinedebernard.com/%d8%ae%d8%b1%d8%b4%d9%88%d9%81-%d9%85%d8%ad%d9%85%d8%b5-%d9%85%d8%b9-%d8%ac%d8%a8%d9%86%d8%a9-%d8%a7%d9%84%d9%81%d9%8a%d8%aa%d8%a7-%d9%88%d8%a7%d9%84%d8%b4%d8%a8%d8%aa,https://staging.lacuisinedebernard.com/%d8%ae%d8%b1%d8%b4%d9%88%d9%81-%d9%85%d8%ad%d9%85%d8%b5-%d9%85%d8%b9-%d8%ac%d8%a8%d9%86%d8%a9-%d8%a7%d9%84%d9%81%d9%8a%d8%aa%d8%a7-%d9%88%d8%a7%d9%84%d8%b4%d8%a8%d8%aa
https://www.lacuisinedebernard.com/%d8%ae%d8%b1%d8%b4%d9%88%d9%81-%d9%85%d8%ad%d9%85%d8%b5-%d9%85%d8%b9-%d8%ac%d8%a8%d9%86%d8%a9-%d8%a7%d9%84%d9%81%d9%8a%d8%aa%d8%a7-%d9%88%d8%a7%d9%84%d8%b4%d8%a8%d8%aa/,https://staging.lacuisinedebernard.com/%d8%ae%d8%b1%d8%b4%d9%88%d9%81-%d9%85%d8%ad%d9%85%d8%b5-%d9%85%d8%b9-%d8%ac%d8%a8%d9%86%d8%a9-%d8%a7%d9%84%d9%81%d9%8a%d8%aa%d8%a7-%d9%88%d8%a7%d9%84%d8%b4%d8%a8%d8%aa
https://lacuisinedebernard.com/caviar-de-alcachofra,https://staging.lacuisinedebernard.com/caviar-de-alcachofra
https://lacuisinedebernard.com/caviar-de-alcachofra/,https://staging.lacuisinedebernard.com/caviar-de-alcachofra
https://www.lacuisinedebernard.com/caviar-de-alcachofra,https://staging.lacuisinedebernard.com/caviar-de-alcachofra
https://www.lacuisinedebernard.com/caviar-de-alcachofra/,https://staging.lacuisinedebernard.com/caviar-de-alcachofra
https://lacuisinedebernard.com/batatas-fritas-de-avela-pralina,https://staging.lacuisinedebernard.com/batatas-fritas-de-avela-pralina
https://lacuisinedebernard.com/batatas-fritas-de-avela-pralina/,https://staging.lacuisinedebernard.com/batatas-fritas-de-avela-pralina
https://www.lacuisinedebernard.com/batatas-fritas-de-avela-pralina,https://staging.lacuisinedebernard.com/batatas-fritas-de-avela-pralina
https://www.lacuisinedebernard.com/batatas-fritas-de-avela-pralina/,https://staging.lacuisinedebernard.com/batatas-fritas-de-avela-pralina
https://lacuisinedebernard.com/grilled-octopus,https://staging.lacuisinedebernard.com/grilled-octopus
https://lacuisinedebernard.com/grilled-octopus/,https://staging.lacuisinedebernard.com/grilled-octopus
https://www.lacuisinedebernard.com/grilled-octopus,https://staging.lacuisinedebernard.com/grilled-octopus
https://www.lacuisinedebernard.com/grilled-octopus/,https://staging.lacuisinedebernard.com/grilled-octopus
https://lacuisinedebernard.com/%d9%83%d8%a8%d8%af-%d9%81%d9%88%d8%a7-%d9%85%d8%b9%d8%a8%d8%a3-%d8%a8%d8%a7%d9%84%d8%aa%d9%81%d8%b1%d9%8a%d8%ba-%d8%a7%d9%84%d8%b7%d8%b1%d9%8a%d9%82%d8%a9-6,https://staging.lacuisinedebernard.com/%d9%83%d8%a8%d8%af-%d9%81%d9%88%d8%a7-%d9%85%d8%b9%d8%a8%d8%a3-%d8%a8%d8%a7%d9%84%d8%aa%d9%81%d8%b1%d9%8a%d8%ba-%d8%a7%d9%84%d8%b7%d8%b1%d9%8a%d9%82%d8%a9-6
https://lacuisinedebernard.com/%d9%83%d8%a8%d8%af-%d9%81%d9%88%d8%a7-%d9%85%d8%b9%d8%a8%d8%a3-%d8%a8%d8%a7%d9%84%d8%aa%d9%81%d8%b1%d9%8a%d8%ba-%d8%a7%d9%84%d8%b7%d8%b1%d9%8a%d9%82%d8%a9-6/,https://staging.lacuisinedebernard.com/%d9%83%d8%a8%d8%af-%d9%81%d9%88%d8%a7-%d9%85%d8%b9%d8%a8%d8%a3-%d8%a8%d8%a7%d9%84%d8%aa%d9%81%d8%b1%d9%8a%d8%ba-%d8%a7%d9%84%d8%b7%d8%b1%d9%8a%d9%82%d8%a9-6
https://www.lacuisinedebernard.com/%d9%83%d8%a8%d8%af-%d9%81%d9%88%d8%a7-%d9%85%d8%b9%d8%a8%d8%a3-%d8%a8%d8%a7%d9%84%d8%aa%d9%81%d8%b1%d9%8a%d8%ba-%d8%a7%d9%84%d8%b7%d8%b1%d9%8a%d9%82%d8%a9-6,https://staging.lacuisinedebernard.com/%d9%83%d8%a8%d8%af-%d9%81%d9%88%d8%a7-%d9%85%d8%b9%d8%a8%d8%a3-%d8%a8%d8%a7%d9%84%d8%aa%d9%81%d8%b1%d9%8a%d8%ba-%d8%a7%d9%84%d8%b7%d8%b1%d9%8a%d9%82%d8%a9-6
https://www.lacuisinedebernard.com/%d9%83%d8%a8%d8%af-%d9%81%d9%88%d8%a7-%d9%85%d8%b9%d8%a8%d8%a3-%d8%a8%d8%a7%d9%84%d8%aa%d9%81%d8%b1%d9%8a%d8%ba-%d8%a7%d9%84%d8%b7%d8%b1%d9%8a%d9%82%d8%a9-6/,https://staging.lacuisinedebernard.com/%d9%83%d8%a8%d8%af-%d9%81%d9%88%d8%a7-%d9%85%d8%b9%d8%a8%d8%a3-%d8%a8%d8%a7%d9%84%d8%aa%d9%81%d8%b1%d9%8a%d8%ba-%d8%a7%d9%84%d8%b7%d8%b1%d9%8a%d9%82%d8%a9-6
https://lacuisinedebernard.com/col-rizada-queso-fourme-dambert-peras-y-nueces,https://staging.lacuisinedebernard.com/col-rizada-queso-fourme-dambert-peras-y-nueces
https://lacuisinedebernard.com/col-rizada-queso-fourme-dambert-peras-y-nueces/,https://staging.lacuisinedebernard.com/col-rizada-queso-fourme-dambert-peras-y-nueces
https://www.lacuisinedebernard.com/col-rizada-queso-fourme-dambert-peras-y-nueces,https://staging.lacuisinedebernard.com/col-rizada-queso-fourme-dambert-peras-y-nueces
https://www.lacuisinedebernard.com/col-rizada-queso-fourme-dambert-peras-y-nueces/,https://staging.lacuisinedebernard.com/col-rizada-queso-fourme-dambert-peras-y-nueces
https://lacuisinedebernard.com/galletas-suaves-de-chocolate-blanco-y-te-verde-matcha,https://staging.lacuisinedebernard.com/galletas-suaves-de-chocolate-blanco-y-te-verde-matcha
https://lacuisinedebernard.com/galletas-suaves-de-chocolate-blanco-y-te-verde-matcha/,https://staging.lacuisinedebernard.com/galletas-suaves-de-chocolate-blanco-y-te-verde-matcha
https://www.lacuisinedebernard.com/galletas-suaves-de-chocolate-blanco-y-te-verde-matcha,https://staging.lacuisinedebernard.com/galletas-suaves-de-chocolate-blanco-y-te-verde-matcha
https://www.lacuisinedebernard.com/galletas-suaves-de-chocolate-blanco-y-te-verde-matcha/,https://staging.lacuisinedebernard.com/galletas-suaves-de-chocolate-blanco-y-te-verde-matcha
https://lacuisinedebernard.com/coconut-chocolate-cake,https://staging.lacuisinedebernard.com/coconut-chocolate-cake
https://lacuisinedebernard.com/coconut-chocolate-cake/,https://staging.lacuisinedebernard.com/coconut-chocolate-cake
https://www.lacuisinedebernard.com/coconut-chocolate-cake,https://staging.lacuisinedebernard.com/coconut-chocolate-cake
https://www.lacuisinedebernard.com/coconut-chocolate-cake/,https://staging.lacuisinedebernard.com/coconut-chocolate-cake
https://lacuisinedebernard.com/novo-website-dedicado-ao-workshop,https://staging.lacuisinedebernard.com/novo-website-dedicado-ao-workshop
https://lacuisinedebernard.com/novo-website-dedicado-ao-workshop/,https://staging.lacuisinedebernard.com/novo-website-dedicado-ao-workshop
https://www.lacuisinedebernard.com/novo-website-dedicado-ao-workshop,https://staging.lacuisinedebernard.com/novo-website-dedicado-ao-workshop
https://www.lacuisinedebernard.com/novo-website-dedicado-ao-workshop/,https://staging.lacuisinedebernard.com/novo-website-dedicado-ao-workshop
https://lacuisinedebernard.com/hazelnut-praline-crisps,https://staging.lacuisinedebernard.com/hazelnut-praline-crisps
https://lacuisinedebernard.com/hazelnut-praline-crisps/,https://staging.lacuisinedebernard.com/hazelnut-praline-crisps
https://www.lacuisinedebernard.com/hazelnut-praline-crisps,https://staging.lacuisinedebernard.com/hazelnut-praline-crisps
https://www.lacuisinedebernard.com/hazelnut-praline-crisps/,https://staging.lacuisinedebernard.com/hazelnut-praline-crisps
https://lacuisinedebernard.com/chocolate-branco-suave-e-biscoitos-de-cha-verde-matcha,https://staging.lacuisinedebernard.com/chocolate-branco-suave-e-biscoitos-de-cha-verde-matcha
https://lacuisinedebernard.com/chocolate-branco-suave-e-biscoitos-de-cha-verde-matcha/,https://staging.lacuisinedebernard.com/chocolate-branco-suave-e-biscoitos-de-cha-verde-matcha
https://www.lacuisinedebernard.com/chocolate-branco-suave-e-biscoitos-de-cha-verde-matcha,https://staging.lacuisinedebernard.com/chocolate-branco-suave-e-biscoitos-de-cha-verde-matcha
https://www.lacuisinedebernard.com/chocolate-branco-suave-e-biscoitos-de-cha-verde-matcha/,https://staging.lacuisinedebernard.com/chocolate-branco-suave-e-biscoitos-de-cha-verde-matcha
https://lacuisinedebernard.com/%d8%b3%d9%84%d8%b7%d8%a9-%d8%a7%d9%84%d8%b9%d8%af%d8%b3-%d8%a7%d9%84%d9%85%d8%b1%d8%ac%d8%a7%d9%86%d9%8a-%d8%a7%d9%84%d8%b7%d8%a7%d8%b2%d8%ac,https://staging.lacuisinedebernard.com/%d8%b3%d9%84%d8%b7%d8%a9-%d8%a7%d9%84%d8%b9%d8%af%d8%b3-%d8%a7%d9%84%d9%85%d8%b1%d8%ac%d8%a7%d9%86%d9%8a-%d8%a7%d9%84%d8%b7%d8%a7%d8%b2%d8%ac
https://lacuisinedebernard.com/%d8%b3%d9%84%d8%b7%d8%a9-%d8%a7%d9%84%d8%b9%d8%af%d8%b3-%d8%a7%d9%84%d9%85%d8%b1%d8%ac%d8%a7%d9%86%d9%8a-%d8%a7%d9%84%d8%b7%d8%a7%d8%b2%d8%ac/,https://staging.lacuisinedebernard.com/%d8%b3%d9%84%d8%b7%d8%a9-%d8%a7%d9%84%d8%b9%d8%af%d8%b3-%d8%a7%d9%84%d9%85%d8%b1%d8%ac%d8%a7%d9%86%d9%8a-%d8%a7%d9%84%d8%b7%d8%a7%d8%b2%d8%ac
https://www.lacuisinedebernard.com/%d8%b3%d9%84%d8%b7%d8%a9-%d8%a7%d9%84%d8%b9%d8%af%d8%b3-%d8%a7%d9%84%d9%85%d8%b1%d8%ac%d8%a7%d9%86%d9%8a-%d8%a7%d9%84%d8%b7%d8%a7%d8%b2%d8%ac,https://staging.lacuisinedebernard.com/%d8%b3%d9%84%d8%b7%d8%a9-%d8%a7%d9%84%d8%b9%d8%af%d8%b3-%d8%a7%d9%84%d9%85%d8%b1%d8%ac%d8%a7%d9%86%d9%8a-%d8%a7%d9%84%d8%b7%d8%a7%d8%b2%d8%ac
https://www.lacuisinedebernard.com/%d8%b3%d9%84%d8%b7%d8%a9-%d8%a7%d9%84%d8%b9%d8%af%d8%b3-%d8%a7%d9%84%d9%85%d8%b1%d8%ac%d8%a7%d9%86%d9%8a-%d8%a7%d9%84%d8%b7%d8%a7%d8%b2%d8%ac/,https://staging.lacuisinedebernard.com/%d8%b3%d9%84%d8%b7%d8%a9-%d8%a7%d9%84%d8%b9%d8%af%d8%b3-%d8%a7%d9%84%d9%85%d8%b1%d8%ac%d8%a7%d9%86%d9%8a-%d8%a7%d9%84%d8%b7%d8%a7%d8%b2%d8%ac
https://lacuisinedebernard.com/milhojas-con-dos-salmones-y-tarama,https://staging.lacuisinedebernard.com/milhojas-con-dos-salmones-y-tarama
https://lacuisinedebernard.com/milhojas-con-dos-salmones-y-tarama/,https://staging.lacuisinedebernard.com/milhojas-con-dos-salmones-y-tarama
https://www.lacuisinedebernard.com/milhojas-con-dos-salmones-y-tarama,https://staging.lacuisinedebernard.com/milhojas-con-dos-salmones-y-tarama
https://www.lacuisinedebernard.com/milhojas-con-dos-salmones-y-tarama/,https://staging.lacuisinedebernard.com/milhojas-con-dos-salmones-y-tarama
https://lacuisinedebernard.com/%d8%a3%d8%ae%d8%b7%d8%a8%d9%88%d8%b7-%d9%85%d8%b4%d9%88%d9%8a,https://staging.lacuisinedebernard.com/%d8%a3%d8%ae%d8%b7%d8%a8%d9%88%d8%b7-%d9%85%d8%b4%d9%88%d9%8a
https://lacuisinedebernard.com/%d8%a3%d8%ae%d8%b7%d8%a8%d9%88%d8%b7-%d9%85%d8%b4%d9%88%d9%8a/,https://staging.lacuisinedebernard.com/%d8%a3%d8%ae%d8%b7%d8%a8%d9%88%d8%b7-%d9%85%d8%b4%d9%88%d9%8a
https://www.lacuisinedebernard.com/%d8%a3%d8%ae%d8%b7%d8%a8%d9%88%d8%b7-%d9%85%d8%b4%d9%88%d9%8a,https://staging.lacuisinedebernard.com/%d8%a3%d8%ae%d8%b7%d8%a8%d9%88%d8%b7-%d9%85%d8%b4%d9%88%d9%8a
https://www.lacuisinedebernard.com/%d8%a3%d8%ae%d8%b7%d8%a8%d9%88%d8%b7-%d9%85%d8%b4%d9%88%d9%8a/,https://staging.lacuisinedebernard.com/%d8%a3%d8%ae%d8%b7%d8%a8%d9%88%d8%b7-%d9%85%d8%b4%d9%88%d9%8a
https://lacuisinedebernard.com/%d9%83%d8%b9%d9%83%d8%a9-%d8%a7%d9%84%d8%b4%d9%88%d9%83%d9%88%d9%84%d8%a7%d8%aa%d8%a9-%d8%a8%d8%ac%d9%88%d8%b2-%d8%a7%d9%84%d9%87%d9%86%d8%af,https://staging.lacuisinedebernard.com/%d9%83%d8%b9%d9%83%d8%a9-%d8%a7%d9%84%d8%b4%d9%88%d9%83%d9%88%d9%84%d8%a7%d8%aa%d8%a9-%d8%a8%d8%ac%d9%88%d8%b2-%d8%a7%d9%84%d9%87%d9%86%d8%af
https://lacuisinedebernard.com/%d9%83%d8%b9%d9%83%d8%a9-%d8%a7%d9%84%d8%b4%d9%88%d9%83%d9%88%d9%84%d8%a7%d8%aa%d8%a9-%d8%a8%d8%ac%d9%88%d8%b2-%d8%a7%d9%84%d9%87%d9%86%d8%af/,https://staging.lacuisinedebernard.com/%d9%83%d8%b9%d9%83%d8%a9-%d8%a7%d9%84%d8%b4%d9%88%d9%83%d9%88%d9%84%d8%a7%d8%aa%d8%a9-%d8%a8%d8%ac%d9%88%d8%b2-%d8%a7%d9%84%d9%87%d9%86%d8%af
https://www.lacuisinedebernard.com/%d9%83%d8%b9%d9%83%d8%a9-%d8%a7%d9%84%d8%b4%d9%88%d9%83%d9%88%d9%84%d8%a7%d8%aa%d8%a9-%d8%a8%d8%ac%d9%88%d8%b2-%d8%a7%d9%84%d9%87%d9%86%d8%af,https://staging.lacuisinedebernard.com/%d9%83%d8%b9%d9%83%d8%a9-%d8%a7%d9%84%d8%b4%d9%88%d9%83%d9%88%d9%84%d8%a7%d8%aa%d8%a9-%d8%a8%d8%ac%d9%88%d8%b2-%d8%a7%d9%84%d9%87%d9%86%d8%af
https://www.lacuisinedebernard.com/%d9%83%d8%b9%d9%83%d8%a9-%d8%a7%d9%84%d8%b4%d9%88%d9%83%d9%88%d9%84%d8%a7%d8%aa%d8%a9-%d8%a8%d8%ac%d9%88%d8%b2-%d8%a7%d9%84%d9%87%d9%86%d8%af/,https://staging.lacuisinedebernard.com/%d9%83%d8%b9%d9%83%d8%a9-%d8%a7%d9%84%d8%b4%d9%88%d9%83%d9%88%d9%84%d8%a7%d8%aa%d8%a9-%d8%a8%d8%ac%d9%88%d8%b2-%d8%a7%d9%84%d9%87%d9%86%d8%af
https://lacuisinedebernard.com/new-website-dedicated-to-the-workshop,https://staging.lacuisinedebernard.com/new-website-dedicated-to-the-workshop
https://lacuisinedebernard.com/new-website-dedicated-to-the-workshop/,https://staging.lacuisinedebernard.com/new-website-dedicated-to-the-workshop
https://www.lacuisinedebernard.com/new-website-dedicated-to-the-workshop,https://staging.lacuisinedebernard.com/new-website-dedicated-to-the-workshop
https://www.lacuisinedebernard.com/new-website-dedicated-to-the-workshop/,https://staging.lacuisinedebernard.com/new-website-dedicated-to-the-workshop
https://lacuisinedebernard.com/artichoke-caviar,https://staging.lacuisinedebernard.com/artichoke-caviar
https://lacuisinedebernard.com/artichoke-caviar/,https://staging.lacuisinedebernard.com/artichoke-caviar
https://www.lacuisinedebernard.com/artichoke-caviar,https://staging.lacuisinedebernard.com/artichoke-caviar
https://www.lacuisinedebernard.com/artichoke-caviar/,https://staging.lacuisinedebernard.com/artichoke-caviar
https://lacuisinedebernard.com/magret-pure-de-kabocha-y-boniato-shiitake-patatas-salteadas-y-crumble-de-trigo-sarraceno,https://staging.lacuisinedebernard.com/magret-pure-de-kabocha-y-boniato-shiitake-patatas-salteadas-y-crumble-de-trigo-sarraceno
https://lacuisinedebernard.com/magret-pure-de-kabocha-y-boniato-shiitake-patatas-salteadas-y-crumble-de-trigo-sarraceno/,https://staging.lacuisinedebernard.com/magret-pure-de-kabocha-y-boniato-shiitake-patatas-salteadas-y-crumble-de-trigo-sarraceno
https://www.lacuisinedebernard.com/magret-pure-de-kabocha-y-boniato-shiitake-patatas-salteadas-y-crumble-de-trigo-sarraceno,https://staging.lacuisinedebernard.com/magret-pure-de-kabocha-y-boniato-shiitake-patatas-salteadas-y-crumble-de-trigo-sarraceno
https://www.lacuisinedebernard.com/magret-pure-de-kabocha-y-boniato-shiitake-patatas-salteadas-y-crumble-de-trigo-sarraceno/,https://staging.lacuisinedebernard.com/magret-pure-de-kabocha-y-boniato-shiitake-patatas-salteadas-y-crumble-de-trigo-sarraceno
https://lacuisinedebernard.com/couve-queijo-fourme-dambert-peras-e-nozes-peca,https://staging.lacuisinedebernard.com/couve-queijo-fourme-dambert-peras-e-nozes-peca
https://lacuisinedebernard.com/couve-queijo-fourme-dambert-peras-e-nozes-peca/,https://staging.lacuisinedebernard.com/couve-queijo-fourme-dambert-peras-e-nozes-peca
https://www.lacuisinedebernard.com/couve-queijo-fourme-dambert-peras-e-nozes-peca,https://staging.lacuisinedebernard.com/couve-queijo-fourme-dambert-peras-e-nozes-peca
https://www.lacuisinedebernard.com/couve-queijo-fourme-dambert-peras-e-nozes-peca/,https://staging.lacuisinedebernard.com/couve-queijo-fourme-dambert-peras-e-nozes-peca
https://lacuisinedebernard.com/%d8%a8%d8%a7%d9%88-%d8%af%d9%8a-%d8%a8%d9%8a%d8%ac%d9%88,https://staging.lacuisinedebernard.com/%d8%a8%d8%a7%d9%88-%d8%af%d9%8a-%d8%a8%d9%8a%d8%ac%d9%88
https://lacuisinedebernard.com/%d8%a8%d8%a7%d9%88-%d8%af%d9%8a-%d8%a8%d9%8a%d8%ac%d9%88/,https://staging.lacuisinedebernard.com/%d8%a8%d8%a7%d9%88-%d8%af%d9%8a-%d8%a8%d9%8a%d8%ac%d9%88
https://www.lacuisinedebernard.com/%d8%a8%d8%a7%d9%88-%d8%af%d9%8a-%d8%a8%d9%8a%d8%ac%d9%88,https://staging.lacuisinedebernard.com/%d8%a8%d8%a7%d9%88-%d8%af%d9%8a-%d8%a8%d9%8a%d8%ac%d9%88
https://www.lacuisinedebernard.com/%d8%a8%d8%a7%d9%88-%d8%af%d9%8a-%d8%a8%d9%8a%d8%ac%d9%88/,https://staging.lacuisinedebernard.com/%d8%a8%d8%a7%d9%88-%d8%af%d9%8a-%d8%a8%d9%8a%d8%ac%d9%88
https://lacuisinedebernard.com/panna-cotta-com-leite-de-coco-granola-e-frutos-vermelhos,https://staging.lacuisinedebernard.com/panna-cotta-com-leite-de-coco-granola-e-frutos-vermelhos
https://lacuisinedebernard.com/panna-cotta-com-leite-de-coco-granola-e-frutos-vermelhos/,https://staging.lacuisinedebernard.com/panna-cotta-com-leite-de-coco-granola-e-frutos-vermelhos
https://www.lacuisinedebernard.com/panna-cotta-com-leite-de-coco-granola-e-frutos-vermelhos,https://staging.lacuisinedebernard.com/panna-cotta-com-leite-de-coco-granola-e-frutos-vermelhos
https://www.lacuisinedebernard.com/panna-cotta-com-leite-de-coco-granola-e-frutos-vermelhos/,https://staging.lacuisinedebernard.com/panna-cotta-com-leite-de-coco-granola-e-frutos-vermelhos
https://lacuisinedebernard.com/breaded-shrimp-pankoco-tartar-sauce,https://staging.lacuisinedebernard.com/breaded-shrimp-pankoco-tartar-sauce
https://lacuisinedebernard.com/breaded-shrimp-pankoco-tartar-sauce/,https://staging.lacuisinedebernard.com/breaded-shrimp-pankoco-tartar-sauce
https://www.lacuisinedebernard.com/breaded-shrimp-pankoco-tartar-sauce,https://staging.lacuisinedebernard.com/breaded-shrimp-pankoco-tartar-sauce
https://www.lacuisinedebernard.com/breaded-shrimp-pankoco-tartar-sauce/,https://staging.lacuisinedebernard.com/breaded-shrimp-pankoco-tartar-sauce
https://lacuisinedebernard.com/no-bake-cheesecake,https://staging.lacuisinedebernard.com/no-bake-cheesecake
https://lacuisinedebernard.com/no-bake-cheesecake/,https://staging.lacuisinedebernard.com/no-bake-cheesecake
https://www.lacuisinedebernard.com/no-bake-cheesecake,https://staging.lacuisinedebernard.com/no-bake-cheesecake
https://www.lacuisinedebernard.com/no-bake-cheesecake/,https://staging.lacuisinedebernard.com/no-bake-cheesecake
https://lacuisinedebernard.com/%d9%83%d8%b9%d9%83%d8%a9-%d8%a7%d9%84%d9%85%d9%88%d8%b2-%d8%a7%d9%84%d9%86%d8%a8%d8%a7%d8%aa%d9%8a%d8%a9-%d8%a7%d9%84%d9%86%d8%a8%d8%a7%d8%aa%d9%8a%d8%a9,https://staging.lacuisinedebernard.com/%d9%83%d8%b9%d9%83%d8%a9-%d8%a7%d9%84%d9%85%d9%88%d8%b2-%d8%a7%d9%84%d9%86%d8%a8%d8%a7%d8%aa%d9%8a%d8%a9-%d8%a7%d9%84%d9%86%d8%a8%d8%a7%d8%aa%d9%8a%d8%a9
https://lacuisinedebernard.com/%d9%83%d8%b9%d9%83%d8%a9-%d8%a7%d9%84%d9%85%d9%88%d8%b2-%d8%a7%d9%84%d9%86%d8%a8%d8%a7%d8%aa%d9%8a%d8%a9-%d8%a7%d9%84%d9%86%d8%a8%d8%a7%d8%aa%d9%8a%d8%a9/,https://staging.lacuisinedebernard.com/%d9%83%d8%b9%d9%83%d8%a9-%d8%a7%d9%84%d9%85%d9%88%d8%b2-%d8%a7%d9%84%d9%86%d8%a8%d8%a7%d8%aa%d9%8a%d8%a9-%d8%a7%d9%84%d9%86%d8%a8%d8%a7%d8%aa%d9%8a%d8%a9
https://www.lacuisinedebernard.com/%d9%83%d8%b9%d9%83%d8%a9-%d8%a7%d9%84%d9%85%d9%88%d8%b2-%d8%a7%d9%84%d9%86%d8%a8%d8%a7%d8%aa%d9%8a%d8%a9-%d8%a7%d9%84%d9%86%d8%a8%d8%a7%d8%aa%d9%8a%d8%a9,https://staging.lacuisinedebernard.com/%d9%83%d8%b9%d9%83%d8%a9-%d8%a7%d9%84%d9%85%d9%88%d8%b2-%d8%a7%d9%84%d9%86%d8%a8%d8%a7%d8%aa%d9%8a%d8%a9-%d8%a7%d9%84%d9%86%d8%a8%d8%a7%d8%aa%d9%8a%d8%a9
https://www.lacuisinedebernard.com/%d9%83%d8%b9%d9%83%d8%a9-%d8%a7%d9%84%d9%85%d9%88%d8%b2-%d8%a7%d9%84%d9%86%d8%a8%d8%a7%d8%aa%d9%8a%d8%a9-%d8%a7%d9%84%d9%86%d8%a8%d8%a7%d8%aa%d9%8a%d8%a9/,https://staging.lacuisinedebernard.com/%d9%83%d8%b9%d9%83%d8%a9-%d8%a7%d9%84%d9%85%d9%88%d8%b2-%d8%a7%d9%84%d9%86%d8%a8%d8%a7%d8%aa%d9%8a%d8%a9-%d8%a7%d9%84%d9%86%d8%a8%d8%a7%d8%aa%d9%8a%d8%a9
https://lacuisinedebernard.com/mi-experiencia-con-la-belle-assiette,https://staging.lacuisinedebernard.com/mi-experiencia-con-la-belle-assiette
https://lacuisinedebernard.com/mi-experiencia-con-la-belle-assiette/,https://staging.lacuisinedebernard.com/mi-experiencia-con-la-belle-assiette
https://www.lacuisinedebernard.com/mi-experiencia-con-la-belle-assiette,https://staging.lacuisinedebernard.com/mi-experiencia-con-la-belle-assiette
https://www.lacuisinedebernard.com/mi-experiencia-con-la-belle-assiette/,https://staging.lacuisinedebernard.com/mi-experiencia-con-la-belle-assiette
https://lacuisinedebernard.com/hummus-de-lentejas-coralinas-y-boniato,https://staging.lacuisinedebernard.com/hummus-de-lentejas-coralinas-y-boniato
https://lacuisinedebernard.com/hummus-de-lentejas-coralinas-y-boniato/,https://staging.lacuisinedebernard.com/hummus-de-lentejas-coralinas-y-boniato
https://www.lacuisinedebernard.com/hummus-de-lentejas-coralinas-y-boniato,https://staging.lacuisinedebernard.com/hummus-de-lentejas-coralinas-y-boniato
https://www.lacuisinedebernard.com/hummus-de-lentejas-coralinas-y-boniato/,https://staging.lacuisinedebernard.com/hummus-de-lentejas-coralinas-y-boniato
https://lacuisinedebernard.com/les-cuistots-migrateurs-lancam-o-seu-primeiro-livro,https://staging.lacuisinedebernard.com/les-cuistots-migrateurs-lancam-o-seu-primeiro-livro
https://lacuisinedebernard.com/les-cuistots-migrateurs-lancam-o-seu-primeiro-livro/,https://staging.lacuisinedebernard.com/les-cuistots-migrateurs-lancam-o-seu-primeiro-livro
https://www.lacuisinedebernard.com/les-cuistots-migrateurs-lancam-o-seu-primeiro-livro,https://staging.lacuisinedebernard.com/les-cuistots-migrateurs-lancam-o-seu-primeiro-livro
https://www.lacuisinedebernard.com/les-cuistots-migrateurs-lancam-o-seu-primeiro-livro/,https://staging.lacuisinedebernard.com/les-cuistots-migrateurs-lancam-o-seu-primeiro-livro
https://lacuisinedebernard.com/tarta-de-frambuesa-vainilla-y-limon,https://staging.lacuisinedebernard.com/tarta-de-frambuesa-vainilla-y-limon
https://lacuisinedebernard.com/tarta-de-frambuesa-vainilla-y-limon/,https://staging.lacuisinedebernard.com/tarta-de-frambuesa-vainilla-y-limon
https://www.lacuisinedebernard.com/tarta-de-frambuesa-vainilla-y-limon,https://staging.lacuisinedebernard.com/tarta-de-frambuesa-vainilla-y-limon
https://www.lacuisinedebernard.com/tarta-de-frambuesa-vainilla-y-limon/,https://staging.lacuisinedebernard.com/tarta-de-frambuesa-vainilla-y-limon
https://lacuisinedebernard.com/coconut-milk-panna-cotta-granola-and-red-fruits,https://staging.lacuisinedebernard.com/coconut-milk-panna-cotta-granola-and-red-fruits
https://lacuisinedebernard.com/coconut-milk-panna-cotta-granola-and-red-fruits/,https://staging.lacuisinedebernard.com/coconut-milk-panna-cotta-granola-and-red-fruits
https://www.lacuisinedebernard.com/coconut-milk-panna-cotta-granola-and-red-fruits,https://staging.lacuisinedebernard.com/coconut-milk-panna-cotta-granola-and-red-fruits
https://www.lacuisinedebernard.com/coconut-milk-panna-cotta-granola-and-red-fruits/,https://staging.lacuisinedebernard.com/coconut-milk-panna-cotta-granola-and-red-fruits
https://lacuisinedebernard.com/%d8%a7%d9%84%d8%ae%d9%88%d8%ae-%d8%b4%d8%b1%d8%a8%d8%a7%d8%aa,https://staging.lacuisinedebernard.com/%d8%a7%d9%84%d8%ae%d9%88%d8%ae-%d8%b4%d8%b1%d8%a8%d8%a7%d8%aa
https://lacuisinedebernard.com/%d8%a7%d9%84%d8%ae%d9%88%d8%ae-%d8%b4%d8%b1%d8%a8%d8%a7%d8%aa/,https://staging.lacuisinedebernard.com/%d8%a7%d9%84%d8%ae%d9%88%d8%ae-%d8%b4%d8%b1%d8%a8%d8%a7%d8%aa
https://www.lacuisinedebernard.com/%d8%a7%d9%84%d8%ae%d9%88%d8%ae-%d8%b4%d8%b1%d8%a8%d8%a7%d8%aa,https://staging.lacuisinedebernard.com/%d8%a7%d9%84%d8%ae%d9%88%d8%ae-%d8%b4%d8%b1%d8%a8%d8%a7%d8%aa
https://www.lacuisinedebernard.com/%d8%a7%d9%84%d8%ae%d9%88%d8%ae-%d8%b4%d8%b1%d8%a8%d8%a7%d8%aa/,https://staging.lacuisinedebernard.com/%d8%a7%d9%84%d8%ae%d9%88%d8%ae-%d8%b4%d8%b1%d8%a8%d8%a7%d8%aa
https://lacuisinedebernard.com/%d9%83%d8%b9%d9%83%d8%a9-%d8%a7%d9%84%d8%ac%d8%a8%d9%86-%d8%a8%d8%af%d9%88%d9%86-%d8%b7%d9%87%d9%8a,https://staging.lacuisinedebernard.com/%d9%83%d8%b9%d9%83%d8%a9-%d8%a7%d9%84%d8%ac%d8%a8%d9%86-%d8%a8%d8%af%d9%88%d9%86-%d8%b7%d9%87%d9%8a
https://lacuisinedebernard.com/%d9%83%d8%b9%d9%83%d8%a9-%d8%a7%d9%84%d8%ac%d8%a8%d9%86-%d8%a8%d8%af%d9%88%d9%86-%d8%b7%d9%87%d9%8a/,https://staging.lacuisinedebernard.com/%d9%83%d8%b9%d9%83%d8%a9-%d8%a7%d9%84%d8%ac%d8%a8%d9%86-%d8%a8%d8%af%d9%88%d9%86-%d8%b7%d9%87%d9%8a
https://www.lacuisinedebernard.com/%d9%83%d8%b9%d9%83%d8%a9-%d8%a7%d9%84%d8%ac%d8%a8%d9%86-%d8%a8%d8%af%d9%88%d9%86-%d8%b7%d9%87%d9%8a,https://staging.lacuisinedebernard.com/%d9%83%d8%b9%d9%83%d8%a9-%d8%a7%d9%84%d8%ac%d8%a8%d9%86-%d8%a8%d8%af%d9%88%d9%86-%d8%b7%d9%87%d9%8a
https://www.lacuisinedebernard.com/%d9%83%d8%b9%d9%83%d8%a9-%d8%a7%d9%84%d8%ac%d8%a8%d9%86-%d8%a8%d8%af%d9%88%d9%86-%d8%b7%d9%87%d9%8a/,https://staging.lacuisinedebernard.com/%d9%83%d8%b9%d9%83%d8%a9-%d8%a7%d9%84%d8%ac%d8%a8%d9%86-%d8%a8%d8%af%d9%88%d9%86-%d8%b7%d9%87%d9%8a
https://lacuisinedebernard.com/%d8%b1%d9%88%d8%a8%d9%8a%d8%a7%d9%86-%d8%a8%d8%a7%d9%84%d8%a8%d9%82%d8%b3%d9%85%d8%a7%d8%b7-%d8%a8%d8%a7%d9%86%d9%83%d9%88%d9%83%d9%88-%d9%85%d8%b9-%d8%b5%d9%84%d8%b5%d8%a9-%d8%a7%d9%84%d8%aa%d8%a7,https://staging.lacuisinedebernard.com/%d8%b1%d9%88%d8%a8%d9%8a%d8%a7%d9%86-%d8%a8%d8%a7%d9%84%d8%a8%d9%82%d8%b3%d9%85%d8%a7%d8%b7-%d8%a8%d8%a7%d9%86%d9%83%d9%88%d9%83%d9%88-%d9%85%d8%b9-%d8%b5%d9%84%d8%b5%d8%a9-%d8%a7%d9%84%d8%aa%d8%a7
https://lacuisinedebernard.com/%d8%b1%d9%88%d8%a8%d9%8a%d8%a7%d9%86-%d8%a8%d8%a7%d9%84%d8%a8%d9%82%d8%b3%d9%85%d8%a7%d8%b7-%d8%a8%d8%a7%d9%86%d9%83%d9%88%d9%83%d9%88-%d9%85%d8%b9-%d8%b5%d9%84%d8%b5%d8%a9-%d8%a7%d9%84%d8%aa%d8%a7/,https://staging.lacuisinedebernard.com/%d8%b1%d9%88%d8%a8%d9%8a%d8%a7%d9%86-%d8%a8%d8%a7%d9%84%d8%a8%d9%82%d8%b3%d9%85%d8%a7%d8%b7-%d8%a8%d8%a7%d9%86%d9%83%d9%88%d9%83%d9%88-%d9%85%d8%b9-%d8%b5%d9%84%d8%b5%d8%a9-%d8%a7%d9%84%d8%aa%d8%a7
https://www.lacuisinedebernard.com/%d8%b1%d9%88%d8%a8%d9%8a%d8%a7%d9%86-%d8%a8%d8%a7%d9%84%d8%a8%d9%82%d8%b3%d9%85%d8%a7%d8%b7-%d8%a8%d8%a7%d9%86%d9%83%d9%88%d9%83%d9%88-%d9%85%d8%b9-%d8%b5%d9%84%d8%b5%d8%a9-%d8%a7%d9%84%d8%aa%d8%a7,https://staging.lacuisinedebernard.com/%d8%b1%d9%88%d8%a8%d9%8a%d8%a7%d9%86-%d8%a8%d8%a7%d9%84%d8%a8%d9%82%d8%b3%d9%85%d8%a7%d8%b7-%d8%a8%d8%a7%d9%86%d9%83%d9%88%d9%83%d9%88-%d9%85%d8%b9-%d8%b5%d9%84%d8%b5%d8%a9-%d8%a7%d9%84%d8%aa%d8%a7
https://www.lacuisinedebernard.com/%d8%b1%d9%88%d8%a8%d9%8a%d8%a7%d9%86-%d8%a8%d8%a7%d9%84%d8%a8%d9%82%d8%b3%d9%85%d8%a7%d8%b7-%d8%a8%d8%a7%d9%86%d9%83%d9%88%d9%83%d9%88-%d9%85%d8%b9-%d8%b5%d9%84%d8%b5%d8%a9-%d8%a7%d9%84%d8%aa%d8%a7/,https://staging.lacuisinedebernard.com/%d8%b1%d9%88%d8%a8%d9%8a%d8%a7%d9%86-%d8%a8%d8%a7%d9%84%d8%a8%d9%82%d8%b3%d9%85%d8%a7%d8%b7-%d8%a8%d8%a7%d9%86%d9%83%d9%88%d9%83%d9%88-%d9%85%d8%b9-%d8%b5%d9%84%d8%b5%d8%a9-%d8%a7%d9%84%d8%aa%d8%a7
https://lacuisinedebernard.com/les-cuistots-migrateurs-release-their-first-book,https://staging.lacuisinedebernard.com/les-cuistots-migrateurs-release-their-first-book
https://lacuisinedebernard.com/les-cuistots-migrateurs-release-their-first-book/,https://staging.lacuisinedebernard.com/les-cuistots-migrateurs-release-their-first-book
https://www.lacuisinedebernard.com/les-cuistots-migrateurs-release-their-first-book,https://staging.lacuisinedebernard.com/les-cuistots-migrateurs-release-their-first-book
https://www.lacuisinedebernard.com/les-cuistots-migrateurs-release-their-first-book/,https://staging.lacuisinedebernard.com/les-cuistots-migrateurs-release-their-first-book
https://lacuisinedebernard.com/lentilhas-de-coral-e-hummus-de-batata-doce,https://staging.lacuisinedebernard.com/lentilhas-de-coral-e-hummus-de-batata-doce
https://lacuisinedebernard.com/lentilhas-de-coral-e-hummus-de-batata-doce/,https://staging.lacuisinedebernard.com/lentilhas-de-coral-e-hummus-de-batata-doce
https://www.lacuisinedebernard.com/lentilhas-de-coral-e-hummus-de-batata-doce,https://staging.lacuisinedebernard.com/lentilhas-de-coral-e-hummus-de-batata-doce
https://www.lacuisinedebernard.com/lentilhas-de-coral-e-hummus-de-batata-doce/,https://staging.lacuisinedebernard.com/lentilhas-de-coral-e-hummus-de-batata-doce
https://lacuisinedebernard.com/a-minha-experiencia-la-belle-assiette,https://staging.lacuisinedebernard.com/a-minha-experiencia-la-belle-assiette
https://lacuisinedebernard.com/a-minha-experiencia-la-belle-assiette/,https://staging.lacuisinedebernard.com/a-minha-experiencia-la-belle-assiette
https://www.lacuisinedebernard.com/a-minha-experiencia-la-belle-assiette,https://staging.lacuisinedebernard.com/a-minha-experiencia-la-belle-assiette
https://www.lacuisinedebernard.com/a-minha-experiencia-la-belle-assiette/,https://staging.lacuisinedebernard.com/a-minha-experiencia-la-belle-assiette
https://lacuisinedebernard.com/torta-de-baunilha-de-framboesa-e-limao,https://staging.lacuisinedebernard.com/torta-de-baunilha-de-framboesa-e-limao
https://lacuisinedebernard.com/torta-de-baunilha-de-framboesa-e-limao/,https://staging.lacuisinedebernard.com/torta-de-baunilha-de-framboesa-e-limao
https://www.lacuisinedebernard.com/torta-de-baunilha-de-framboesa-e-limao,https://staging.lacuisinedebernard.com/torta-de-baunilha-de-framboesa-e-limao
https://www.lacuisinedebernard.com/torta-de-baunilha-de-framboesa-e-limao/,https://staging.lacuisinedebernard.com/torta-de-baunilha-de-framboesa-e-limao
https://lacuisinedebernard.com/%d8%b7%d9%81%d9%84-%d9%87%d9%88%d9%84%d9%86%d8%af%d9%8a-%d9%85%d8%b9-%d8%a7%d9%84%d8%b9%d9%86%d8%a8-%d8%a7%d9%84%d8%a8%d8%b1%d9%8a-%d9%88%d9%84%d9%8a%d9%85%d9%88%d9%86-%d8%b1%d9%8a%d9%83%d9%88%d8%aa,https://staging.lacuisinedebernard.com/%d8%b7%d9%81%d9%84-%d9%87%d9%88%d9%84%d9%86%d8%af%d9%8a-%d9%85%d8%b9-%d8%a7%d9%84%d8%b9%d9%86%d8%a8-%d8%a7%d9%84%d8%a8%d8%b1%d9%8a-%d9%88%d9%84%d9%8a%d9%85%d9%88%d9%86-%d8%b1%d9%8a%d9%83%d9%88%d8%aa
https://lacuisinedebernard.com/%d8%b7%d9%81%d9%84-%d9%87%d9%88%d9%84%d9%86%d8%af%d9%8a-%d9%85%d8%b9-%d8%a7%d9%84%d8%b9%d9%86%d8%a8-%d8%a7%d9%84%d8%a8%d8%b1%d9%8a-%d9%88%d9%84%d9%8a%d9%85%d9%88%d9%86-%d8%b1%d9%8a%d9%83%d9%88%d8%aa/,https://staging.lacuisinedebernard.com/%d8%b7%d9%81%d9%84-%d9%87%d9%88%d9%84%d9%86%d8%af%d9%8a-%d9%85%d8%b9-%d8%a7%d9%84%d8%b9%d9%86%d8%a8-%d8%a7%d9%84%d8%a8%d8%b1%d9%8a-%d9%88%d9%84%d9%8a%d9%85%d9%88%d9%86-%d8%b1%d9%8a%d9%83%d9%88%d8%aa
https://www.lacuisinedebernard.com/%d8%b7%d9%81%d9%84-%d9%87%d9%88%d9%84%d9%86%d8%af%d9%8a-%d9%85%d8%b9-%d8%a7%d9%84%d8%b9%d9%86%d8%a8-%d8%a7%d9%84%d8%a8%d8%b1%d9%8a-%d9%88%d9%84%d9%8a%d9%85%d9%88%d9%86-%d8%b1%d9%8a%d9%83%d9%88%d8%aa,https://staging.lacuisinedebernard.com/%d8%b7%d9%81%d9%84-%d9%87%d9%88%d9%84%d9%86%d8%af%d9%8a-%d9%85%d8%b9-%d8%a7%d9%84%d8%b9%d9%86%d8%a8-%d8%a7%d9%84%d8%a8%d8%b1%d9%8a-%d9%88%d9%84%d9%8a%d9%85%d9%88%d9%86-%d8%b1%d9%8a%d9%83%d9%88%d8%aa
https://www.lacuisinedebernard.com/%d8%b7%d9%81%d9%84-%d9%87%d9%88%d9%84%d9%86%d8%af%d9%8a-%d9%85%d8%b9-%d8%a7%d9%84%d8%b9%d9%86%d8%a8-%d8%a7%d9%84%d8%a8%d8%b1%d9%8a-%d9%88%d9%84%d9%8a%d9%85%d9%88%d9%86-%d8%b1%d9%8a%d9%83%d9%88%d8%aa/,https://staging.lacuisinedebernard.com/%d8%b7%d9%81%d9%84-%d9%87%d9%88%d9%84%d9%86%d8%af%d9%8a-%d9%85%d8%b9-%d8%a7%d9%84%d8%b9%d9%86%d8%a8-%d8%a7%d9%84%d8%a8%d8%b1%d9%8a-%d9%88%d9%84%d9%8a%d9%85%d9%88%d9%86-%d8%b1%d9%8a%d9%83%d9%88%d8%aa
https://lacuisinedebernard.com/%d8%a7%d9%84%d8%b7%d9%87%d8%a7%d8%a9-%d8%a7%d9%84%d9%85%d9%87%d8%a7%d8%ac%d8%b1%d9%88%d9%86-%d9%8a%d8%b7%d9%84%d9%82%d9%88%d9%86-%d9%83%d8%aa%d8%a7%d8%a8%d9%87%d9%85-%d8%a7%d9%84%d8%a3%d9%88%d9%84,https://staging.lacuisinedebernard.com/%d8%a7%d9%84%d8%b7%d9%87%d8%a7%d8%a9-%d8%a7%d9%84%d9%85%d9%87%d8%a7%d8%ac%d8%b1%d9%88%d9%86-%d9%8a%d8%b7%d9%84%d9%82%d9%88%d9%86-%d9%83%d8%aa%d8%a7%d8%a8%d9%87%d9%85-%d8%a7%d9%84%d8%a3%d9%88%d9%84
https://lacuisinedebernard.com/%d8%a7%d9%84%d8%b7%d9%87%d8%a7%d8%a9-%d8%a7%d9%84%d9%85%d9%87%d8%a7%d8%ac%d8%b1%d9%88%d9%86-%d9%8a%d8%b7%d9%84%d9%82%d9%88%d9%86-%d9%83%d8%aa%d8%a7%d8%a8%d9%87%d9%85-%d8%a7%d9%84%d8%a3%d9%88%d9%84/,https://staging.lacuisinedebernard.com/%d8%a7%d9%84%d8%b7%d9%87%d8%a7%d8%a9-%d8%a7%d9%84%d9%85%d9%87%d8%a7%d8%ac%d8%b1%d9%88%d9%86-%d9%8a%d8%b7%d9%84%d9%82%d9%88%d9%86-%d9%83%d8%aa%d8%a7%d8%a8%d9%87%d9%85-%d8%a7%d9%84%d8%a3%d9%88%d9%84
https://www.lacuisinedebernard.com/%d8%a7%d9%84%d8%b7%d9%87%d8%a7%d8%a9-%d8%a7%d9%84%d9%85%d9%87%d8%a7%d8%ac%d8%b1%d9%88%d9%86-%d9%8a%d8%b7%d9%84%d9%82%d9%88%d9%86-%d9%83%d8%aa%d8%a7%d8%a8%d9%87%d9%85-%d8%a7%d9%84%d8%a3%d9%88%d9%84,https://staging.lacuisinedebernard.com/%d8%a7%d9%84%d8%b7%d9%87%d8%a7%d8%a9-%d8%a7%d9%84%d9%85%d9%87%d8%a7%d8%ac%d8%b1%d9%88%d9%86-%d9%8a%d8%b7%d9%84%d9%82%d9%88%d9%86-%d9%83%d8%aa%d8%a7%d8%a8%d9%87%d9%85-%d8%a7%d9%84%d8%a3%d9%88%d9%84
https://www.lacuisinedebernard.com/%d8%a7%d9%84%d8%b7%d9%87%d8%a7%d8%a9-%d8%a7%d9%84%d9%85%d9%87%d8%a7%d8%ac%d8%b1%d9%88%d9%86-%d9%8a%d8%b7%d9%84%d9%82%d9%88%d9%86-%d9%83%d8%aa%d8%a7%d8%a8%d9%87%d9%85-%d8%a7%d9%84%d8%a3%d9%88%d9%84/,https://staging.lacuisinedebernard.com/%d8%a7%d9%84%d8%b7%d9%87%d8%a7%d8%a9-%d8%a7%d9%84%d9%85%d9%87%d8%a7%d8%ac%d8%b1%d9%88%d9%86-%d9%8a%d8%b7%d9%84%d9%82%d9%88%d9%86-%d9%83%d8%aa%d8%a7%d8%a8%d9%87%d9%85-%d8%a7%d9%84%d8%a3%d9%88%d9%84
https://lacuisinedebernard.com/%d8%a8%d8%a7%d9%86%d8%a7-%d9%83%d9%88%d8%aa%d8%a7-%d9%85%d8%b9-%d8%ad%d9%84%d9%8a%d8%a8-%d8%ac%d9%88%d8%b2-%d8%a7%d9%84%d9%87%d9%86%d8%af-%d8%8c-%d8%ac%d8%b1%d8%a7%d9%86%d9%88%d9%84%d8%a7-%d9%88%d9%81,https://staging.lacuisinedebernard.com/%d8%a8%d8%a7%d9%86%d8%a7-%d9%83%d9%88%d8%aa%d8%a7-%d9%85%d8%b9-%d8%ad%d9%84%d9%8a%d8%a8-%d8%ac%d9%88%d8%b2-%d8%a7%d9%84%d9%87%d9%86%d8%af-%d8%8c-%d8%ac%d8%b1%d8%a7%d9%86%d9%88%d9%84%d8%a7-%d9%88%d9%81
https://lacuisinedebernard.com/%d8%a8%d8%a7%d9%86%d8%a7-%d9%83%d9%88%d8%aa%d8%a7-%d9%85%d8%b9-%d8%ad%d9%84%d9%8a%d8%a8-%d8%ac%d9%88%d8%b2-%d8%a7%d9%84%d9%87%d9%86%d8%af-%d8%8c-%d8%ac%d8%b1%d8%a7%d9%86%d9%88%d9%84%d8%a7-%d9%88%d9%81/,https://staging.lacuisinedebernard.com/%d8%a8%d8%a7%d9%86%d8%a7-%d9%83%d9%88%d8%aa%d8%a7-%d9%85%d8%b9-%d8%ad%d9%84%d9%8a%d8%a8-%d8%ac%d9%88%d8%b2-%d8%a7%d9%84%d9%87%d9%86%d8%af-%d8%8c-%d8%ac%d8%b1%d8%a7%d9%86%d9%88%d9%84%d8%a7-%d9%88%d9%81
https://www.lacuisinedebernard.com/%d8%a8%d8%a7%d9%86%d8%a7-%d9%83%d9%88%d8%aa%d8%a7-%d9%85%d8%b9-%d8%ad%d9%84%d9%8a%d8%a8-%d8%ac%d9%88%d8%b2-%d8%a7%d9%84%d9%87%d9%86%d8%af-%d8%8c-%d8%ac%d8%b1%d8%a7%d9%86%d9%88%d9%84%d8%a7-%d9%88%d9%81,https://staging.lacuisinedebernard.com/%d8%a8%d8%a7%d9%86%d8%a7-%d9%83%d9%88%d8%aa%d8%a7-%d9%85%d8%b9-%d8%ad%d9%84%d9%8a%d8%a8-%d8%ac%d9%88%d8%b2-%d8%a7%d9%84%d9%87%d9%86%d8%af-%d8%8c-%d8%ac%d8%b1%d8%a7%d9%86%d9%88%d9%84%d8%a7-%d9%88%d9%81
https://www.lacuisinedebernard.com/%d8%a8%d8%a7%d9%86%d8%a7-%d9%83%d9%88%d8%aa%d8%a7-%d9%85%d8%b9-%d8%ad%d9%84%d9%8a%d8%a8-%d8%ac%d9%88%d8%b2-%d8%a7%d9%84%d9%87%d9%86%d8%af-%d8%8c-%d8%ac%d8%b1%d8%a7%d9%86%d9%88%d9%84%d8%a7-%d9%88%d9%81/,https://staging.lacuisinedebernard.com/%d8%a8%d8%a7%d9%86%d8%a7-%d9%83%d9%88%d8%aa%d8%a7-%d9%85%d8%b9-%d8%ad%d9%84%d9%8a%d8%a8-%d8%ac%d9%88%d8%b2-%d8%a7%d9%84%d9%87%d9%86%d8%af-%d8%8c-%d8%ac%d8%b1%d8%a7%d9%86%d9%88%d9%84%d8%a7-%d9%88%d9%81
https://lacuisinedebernard.com/coral-lentil-and-sweet-potato-hummus,https://staging.lacuisinedebernard.com/coral-lentil-and-sweet-potato-hummus
https://lacuisinedebernard.com/coral-lentil-and-sweet-potato-hummus/,https://staging.lacuisinedebernard.com/coral-lentil-and-sweet-potato-hummus
https://www.lacuisinedebernard.com/coral-lentil-and-sweet-potato-hummus,https://staging.lacuisinedebernard.com/coral-lentil-and-sweet-potato-hummus
https://www.lacuisinedebernard.com/coral-lentil-and-sweet-potato-hummus/,https://staging.lacuisinedebernard.com/coral-lentil-and-sweet-potato-hummus
https://lacuisinedebernard.com/tarta-vegana-de-platano-y-especulo,https://staging.lacuisinedebernard.com/tarta-vegana-de-platano-y-especulo
https://lacuisinedebernard.com/tarta-vegana-de-platano-y-especulo/,https://staging.lacuisinedebernard.com/tarta-vegana-de-platano-y-especulo
https://www.lacuisinedebernard.com/tarta-vegana-de-platano-y-especulo,https://staging.lacuisinedebernard.com/tarta-vegana-de-platano-y-especulo
https://www.lacuisinedebernard.com/tarta-vegana-de-platano-y-especulo/,https://staging.lacuisinedebernard.com/tarta-vegana-de-platano-y-especulo
https://lacuisinedebernard.com/my-la-belle-assiette-experience,https://staging.lacuisinedebernard.com/my-la-belle-assiette-experience
https://lacuisinedebernard.com/my-la-belle-assiette-experience/,https://staging.lacuisinedebernard.com/my-la-belle-assiette-experience
https://www.lacuisinedebernard.com/my-la-belle-assiette-experience,https://staging.lacuisinedebernard.com/my-la-belle-assiette-experience
https://www.lacuisinedebernard.com/my-la-belle-assiette-experience/,https://staging.lacuisinedebernard.com/my-la-belle-assiette-experience
https://lacuisinedebernard.com/pao-de-beijo,https://staging.lacuisinedebernard.com/pao-de-beijo
https://lacuisinedebernard.com/pao-de-beijo/,https://staging.lacuisinedebernard.com/pao-de-beijo
https://www.lacuisinedebernard.com/pao-de-beijo,https://staging.lacuisinedebernard.com/pao-de-beijo
https://www.lacuisinedebernard.com/pao-de-beijo/,https://staging.lacuisinedebernard.com/pao-de-beijo
https://lacuisinedebernard.com/%d8%aa%d8%ac%d8%b1%d8%a8%d8%aa%d9%8a-%d9%81%d9%8a-la-belle-assiette,https://staging.lacuisinedebernard.com/%d8%aa%d8%ac%d8%b1%d8%a8%d8%aa%d9%8a-%d9%81%d9%8a-la-belle-assiette
https://lacuisinedebernard.com/%d8%aa%d8%ac%d8%b1%d8%a8%d8%aa%d9%8a-%d9%81%d9%8a-la-belle-assiette/,https://staging.lacuisinedebernard.com/%d8%aa%d8%ac%d8%b1%d8%a8%d8%aa%d9%8a-%d9%81%d9%8a-la-belle-assiette
https://www.lacuisinedebernard.com/%d8%aa%d8%ac%d8%b1%d8%a8%d8%aa%d9%8a-%d9%81%d9%8a-la-belle-assiette,https://staging.lacuisinedebernard.com/%d8%aa%d8%ac%d8%b1%d8%a8%d8%aa%d9%8a-%d9%81%d9%8a-la-belle-assiette
https://www.lacuisinedebernard.com/%d8%aa%d8%ac%d8%b1%d8%a8%d8%aa%d9%8a-%d9%81%d9%8a-la-belle-assiette/,https://staging.lacuisinedebernard.com/%d8%aa%d8%ac%d8%b1%d8%a8%d8%aa%d9%8a-%d9%81%d9%8a-la-belle-assiette
https://lacuisinedebernard.com/raspberry-vanilla-lemon-tart,https://staging.lacuisinedebernard.com/raspberry-vanilla-lemon-tart
https://lacuisinedebernard.com/raspberry-vanilla-lemon-tart/,https://staging.lacuisinedebernard.com/raspberry-vanilla-lemon-tart
https://www.lacuisinedebernard.com/raspberry-vanilla-lemon-tart,https://staging.lacuisinedebernard.com/raspberry-vanilla-lemon-tart
https://www.lacuisinedebernard.com/raspberry-vanilla-lemon-tart/,https://staging.lacuisinedebernard.com/raspberry-vanilla-lemon-tart
https://lacuisinedebernard.com/%d8%b9%d8%af%d8%b3-%d8%a7%d9%84%d9%85%d8%b1%d8%ac%d8%a7%d9%86-%d9%88%d8%ad%d9%85%d8%b5-%d8%a7%d9%84%d8%a8%d8%b7%d8%a7%d8%b7%d8%a7-%d8%a7%d9%84%d8%ad%d9%84%d9%88%d8%a9,https://staging.lacuisinedebernard.com/%d8%b9%d8%af%d8%b3-%d8%a7%d9%84%d9%85%d8%b1%d8%ac%d8%a7%d9%86-%d9%88%d8%ad%d9%85%d8%b5-%d8%a7%d9%84%d8%a8%d8%b7%d8%a7%d8%b7%d8%a7-%d8%a7%d9%84%d8%ad%d9%84%d9%88%d8%a9
https://lacuisinedebernard.com/%d8%b9%d8%af%d8%b3-%d8%a7%d9%84%d9%85%d8%b1%d8%ac%d8%a7%d9%86-%d9%88%d8%ad%d9%85%d8%b5-%d8%a7%d9%84%d8%a8%d8%b7%d8%a7%d8%b7%d8%a7-%d8%a7%d9%84%d8%ad%d9%84%d9%88%d8%a9/,https://staging.lacuisinedebernard.com/%d8%b9%d8%af%d8%b3-%d8%a7%d9%84%d9%85%d8%b1%d8%ac%d8%a7%d9%86-%d9%88%d8%ad%d9%85%d8%b5-%d8%a7%d9%84%d8%a8%d8%b7%d8%a7%d8%b7%d8%a7-%d8%a7%d9%84%d8%ad%d9%84%d9%88%d8%a9
https://www.lacuisinedebernard.com/%d8%b9%d8%af%d8%b3-%d8%a7%d9%84%d9%85%d8%b1%d8%ac%d8%a7%d9%86-%d9%88%d8%ad%d9%85%d8%b5-%d8%a7%d9%84%d8%a8%d8%b7%d8%a7%d8%b7%d8%a7-%d8%a7%d9%84%d8%ad%d9%84%d9%88%d8%a9,https://staging.lacuisinedebernard.com/%d8%b9%d8%af%d8%b3-%d8%a7%d9%84%d9%85%d8%b1%d8%ac%d8%a7%d9%86-%d9%88%d8%ad%d9%85%d8%b5-%d8%a7%d9%84%d8%a8%d8%b7%d8%a7%d8%b7%d8%a7-%d8%a7%d9%84%d8%ad%d9%84%d9%88%d8%a9
https://www.lacuisinedebernard.com/%d8%b9%d8%af%d8%b3-%d8%a7%d9%84%d9%85%d8%b1%d8%ac%d8%a7%d9%86-%d9%88%d8%ad%d9%85%d8%b5-%d8%a7%d9%84%d8%a8%d8%b7%d8%a7%d8%b7%d8%a7-%d8%a7%d9%84%d8%ad%d9%84%d9%88%d8%a9/,https://staging.lacuisinedebernard.com/%d8%b9%d8%af%d8%b3-%d8%a7%d9%84%d9%85%d8%b1%d8%ac%d8%a7%d9%86-%d9%88%d8%ad%d9%85%d8%b5-%d8%a7%d9%84%d8%a8%d8%b7%d8%a7%d8%b7%d8%a7-%d8%a7%d9%84%d8%ad%d9%84%d9%88%d8%a9
https://lacuisinedebernard.com/camarones-empanados-salsa-tartara-de-pankoco,https://staging.lacuisinedebernard.com/camarones-empanados-salsa-tartara-de-pankoco
https://lacuisinedebernard.com/camarones-empanados-salsa-tartara-de-pankoco/,https://staging.lacuisinedebernard.com/camarones-empanados-salsa-tartara-de-pankoco
https://www.lacuisinedebernard.com/camarones-empanados-salsa-tartara-de-pankoco,https://staging.lacuisinedebernard.com/camarones-empanados-salsa-tartara-de-pankoco
https://www.lacuisinedebernard.com/camarones-empanados-salsa-tartara-de-pankoco/,https://staging.lacuisinedebernard.com/camarones-empanados-salsa-tartara-de-pankoco
https://lacuisinedebernard.com/bolo-de-banana-vegan-speculo,https://staging.lacuisinedebernard.com/bolo-de-banana-vegan-speculo
https://lacuisinedebernard.com/bolo-de-banana-vegan-speculo/,https://staging.lacuisinedebernard.com/bolo-de-banana-vegan-speculo
https://www.lacuisinedebernard.com/bolo-de-banana-vegan-speculo,https://staging.lacuisinedebernard.com/bolo-de-banana-vegan-speculo
https://www.lacuisinedebernard.com/bolo-de-banana-vegan-speculo/,https://staging.lacuisinedebernard.com/bolo-de-banana-vegan-speculo
https://lacuisinedebernard.com/pastel-de-queso-sin-hornear,https://staging.lacuisinedebernard.com/pastel-de-queso-sin-hornear
https://lacuisinedebernard.com/pastel-de-queso-sin-hornear/,https://staging.lacuisinedebernard.com/pastel-de-queso-sin-hornear
https://www.lacuisinedebernard.com/pastel-de-queso-sin-hornear,https://staging.lacuisinedebernard.com/pastel-de-queso-sin-hornear
https://www.lacuisinedebernard.com/pastel-de-queso-sin-hornear/,https://staging.lacuisinedebernard.com/pastel-de-queso-sin-hornear
https://lacuisinedebernard.com/panna-cotta-con-leche-de-coco-granola-y-frutos-rojos,https://staging.lacuisinedebernard.com/panna-cotta-con-leche-de-coco-granola-y-frutos-rojos
https://lacuisinedebernard.com/panna-cotta-con-leche-de-coco-granola-y-frutos-rojos/,https://staging.lacuisinedebernard.com/panna-cotta-con-leche-de-coco-granola-y-frutos-rojos
https://www.lacuisinedebernard.com/panna-cotta-con-leche-de-coco-granola-y-frutos-rojos,https://staging.lacuisinedebernard.com/panna-cotta-con-leche-de-coco-granola-y-frutos-rojos
https://www.lacuisinedebernard.com/panna-cotta-con-leche-de-coco-granola-y-frutos-rojos/,https://staging.lacuisinedebernard.com/panna-cotta-con-leche-de-coco-granola-y-frutos-rojos
https://lacuisinedebernard.com/vegan-banana-speculo-cake,https://staging.lacuisinedebernard.com/vegan-banana-speculo-cake
https://lacuisinedebernard.com/vegan-banana-speculo-cake/,https://staging.lacuisinedebernard.com/vegan-banana-speculo-cake
https://www.lacuisinedebernard.com/vegan-banana-speculo-cake,https://staging.lacuisinedebernard.com/vegan-banana-speculo-cake
https://www.lacuisinedebernard.com/vegan-banana-speculo-cake/,https://staging.lacuisinedebernard.com/vegan-banana-speculo-cake
https://lacuisinedebernard.com/les-cuistots-migrateurs-publican-su-primer-libro,https://staging.lacuisinedebernard.com/les-cuistots-migrateurs-publican-su-primer-libro
https://lacuisinedebernard.com/les-cuistots-migrateurs-publican-su-primer-libro/,https://staging.lacuisinedebernard.com/les-cuistots-migrateurs-publican-su-primer-libro
https://www.lacuisinedebernard.com/les-cuistots-migrateurs-publican-su-primer-libro,https://staging.lacuisinedebernard.com/les-cuistots-migrateurs-publican-su-primer-libro
https://www.lacuisinedebernard.com/les-cuistots-migrateurs-publican-su-primer-libro/,https://staging.lacuisinedebernard.com/les-cuistots-migrateurs-publican-su-primer-libro
https://lacuisinedebernard.com/%d8%aa%d8%a7%d8%b1%d8%aa-%d8%a7%d9%84%d9%84%d9%8a%d9%85%d9%88%d9%86-%d9%88%d8%a7%d9%84%d9%81%d8%a7%d9%86%d9%8a%d9%84%d9%8a%d8%a7-%d9%88%d8%a7%d9%84%d8%aa%d9%88%d8%aa,https://staging.lacuisinedebernard.com/%d8%aa%d8%a7%d8%b1%d8%aa-%d8%a7%d9%84%d9%84%d9%8a%d9%85%d9%88%d9%86-%d9%88%d8%a7%d9%84%d9%81%d8%a7%d9%86%d9%8a%d9%84%d9%8a%d8%a7-%d9%88%d8%a7%d9%84%d8%aa%d9%88%d8%aa
https://lacuisinedebernard.com/%d8%aa%d8%a7%d8%b1%d8%aa-%d8%a7%d9%84%d9%84%d9%8a%d9%85%d9%88%d9%86-%d9%88%d8%a7%d9%84%d9%81%d8%a7%d9%86%d9%8a%d9%84%d9%8a%d8%a7-%d9%88%d8%a7%d9%84%d8%aa%d9%88%d8%aa/,https://staging.lacuisinedebernard.com/%d8%aa%d8%a7%d8%b1%d8%aa-%d8%a7%d9%84%d9%84%d9%8a%d9%85%d9%88%d9%86-%d9%88%d8%a7%d9%84%d9%81%d8%a7%d9%86%d9%8a%d9%84%d9%8a%d8%a7-%d9%88%d8%a7%d9%84%d8%aa%d9%88%d8%aa
https://www.lacuisinedebernard.com/%d8%aa%d8%a7%d8%b1%d8%aa-%d8%a7%d9%84%d9%84%d9%8a%d9%85%d9%88%d9%86-%d9%88%d8%a7%d9%84%d9%81%d8%a7%d9%86%d9%8a%d9%84%d9%8a%d8%a7-%d9%88%d8%a7%d9%84%d8%aa%d9%88%d8%aa,https://staging.lacuisinedebernard.com/%d8%aa%d8%a7%d8%b1%d8%aa-%d8%a7%d9%84%d9%84%d9%8a%d9%85%d9%88%d9%86-%d9%88%d8%a7%d9%84%d9%81%d8%a7%d9%86%d9%8a%d9%84%d9%8a%d8%a7-%d9%88%d8%a7%d9%84%d8%aa%d9%88%d8%aa
https://www.lacuisinedebernard.com/%d8%aa%d8%a7%d8%b1%d8%aa-%d8%a7%d9%84%d9%84%d9%8a%d9%85%d9%88%d9%86-%d9%88%d8%a7%d9%84%d9%81%d8%a7%d9%86%d9%8a%d9%84%d9%8a%d8%a7-%d9%88%d8%a7%d9%84%d8%aa%d9%88%d8%aa/,https://staging.lacuisinedebernard.com/%d8%aa%d8%a7%d8%b1%d8%aa-%d8%a7%d9%84%d9%84%d9%8a%d9%85%d9%88%d9%86-%d9%88%d8%a7%d9%84%d9%81%d8%a7%d9%86%d9%8a%d9%84%d9%8a%d8%a7-%d9%88%d8%a7%d9%84%d8%aa%d9%88%d8%aa
https://lacuisinedebernard.com/pankoco-de-camarao-pankoco-molho-tartaro,https://staging.lacuisinedebernard.com/pankoco-de-camarao-pankoco-molho-tartaro
https://lacuisinedebernard.com/pankoco-de-camarao-pankoco-molho-tartaro/,https://staging.lacuisinedebernard.com/pankoco-de-camarao-pankoco-molho-tartaro
https://www.lacuisinedebernard.com/pankoco-de-camarao-pankoco-molho-tartaro,https://staging.lacuisinedebernard.com/pankoco-de-camarao-pankoco-molho-tartaro
https://www.lacuisinedebernard.com/pankoco-de-camarao-pankoco-molho-tartaro/,https://staging.lacuisinedebernard.com/pankoco-de-camarao-pankoco-molho-tartaro
https://lacuisinedebernard.com/cheesecake-nao-cozido,https://staging.lacuisinedebernard.com/cheesecake-nao-cozido
https://lacuisinedebernard.com/cheesecake-nao-cozido/,https://staging.lacuisinedebernard.com/cheesecake-nao-cozido
https://www.lacuisinedebernard.com/cheesecake-nao-cozido,https://staging.lacuisinedebernard.com/cheesecake-nao-cozido
https://www.lacuisinedebernard.com/cheesecake-nao-cozido/,https://staging.lacuisinedebernard.com/cheesecake-nao-cozido
https://lacuisinedebernard.com/helado-de-pistacho,https://staging.lacuisinedebernard.com/helado-de-pistacho
https://lacuisinedebernard.com/helado-de-pistacho/,https://staging.lacuisinedebernard.com/helado-de-pistacho
https://www.lacuisinedebernard.com/helado-de-pistacho,https://staging.lacuisinedebernard.com/helado-de-pistacho
https://www.lacuisinedebernard.com/helado-de-pistacho/,https://staging.lacuisinedebernard.com/helado-de-pistacho
https://lacuisinedebernard.com/%d9%81%d8%b7%d9%8a%d8%b1%d8%a9-%d8%a7%d9%84%d8%aa%d9%81%d8%a7%d8%ad-%d8%a7%d9%84%d9%81%d9%84%d9%88%d8%b1%d9%86%d8%b3%d9%8a%d8%a9,https://staging.lacuisinedebernard.com/%d9%81%d8%b7%d9%8a%d8%b1%d8%a9-%d8%a7%d9%84%d8%aa%d9%81%d8%a7%d8%ad-%d8%a7%d9%84%d9%81%d9%84%d9%88%d8%b1%d9%86%d8%b3%d9%8a%d8%a9
https://lacuisinedebernard.com/%d9%81%d8%b7%d9%8a%d8%b1%d8%a9-%d8%a7%d9%84%d8%aa%d9%81%d8%a7%d8%ad-%d8%a7%d9%84%d9%81%d9%84%d9%88%d8%b1%d9%86%d8%b3%d9%8a%d8%a9/,https://staging.lacuisinedebernard.com/%d9%81%d8%b7%d9%8a%d8%b1%d8%a9-%d8%a7%d9%84%d8%aa%d9%81%d8%a7%d8%ad-%d8%a7%d9%84%d9%81%d9%84%d9%88%d8%b1%d9%86%d8%b3%d9%8a%d8%a9
https://www.lacuisinedebernard.com/%d9%81%d8%b7%d9%8a%d8%b1%d8%a9-%d8%a7%d9%84%d8%aa%d9%81%d8%a7%d8%ad-%d8%a7%d9%84%d9%81%d9%84%d9%88%d8%b1%d9%86%d8%b3%d9%8a%d8%a9,https://staging.lacuisinedebernard.com/%d9%81%d8%b7%d9%8a%d8%b1%d8%a9-%d8%a7%d9%84%d8%aa%d9%81%d8%a7%d8%ad-%d8%a7%d9%84%d9%81%d9%84%d9%88%d8%b1%d9%86%d8%b3%d9%8a%d8%a9
https://www.lacuisinedebernard.com/%d9%81%d8%b7%d9%8a%d8%b1%d8%a9-%d8%a7%d9%84%d8%aa%d9%81%d8%a7%d8%ad-%d8%a7%d9%84%d9%81%d9%84%d9%88%d8%b1%d9%86%d8%b3%d9%8a%d8%a9/,https://staging.lacuisinedebernard.com/%d9%81%d8%b7%d9%8a%d8%b1%d8%a9-%d8%a7%d9%84%d8%aa%d9%81%d8%a7%d8%ad-%d8%a7%d9%84%d9%81%d9%84%d9%88%d8%b1%d9%86%d8%b3%d9%8a%d8%a9
https://lacuisinedebernard.com/profiteroles,https://staging.lacuisinedebernard.com/profiteroles
https://lacuisinedebernard.com/profiteroles/,https://staging.lacuisinedebernard.com/profiteroles
https://www.lacuisinedebernard.com/profiteroles,https://staging.lacuisinedebernard.com/profiteroles
https://www.lacuisinedebernard.com/profiteroles/,https://staging.lacuisinedebernard.com/profiteroles
https://lacuisinedebernard.com/pistachio-ice-cream,https://staging.lacuisinedebernard.com/pistachio-ice-cream
https://lacuisinedebernard.com/pistachio-ice-cream/,https://staging.lacuisinedebernard.com/pistachio-ice-cream
https://www.lacuisinedebernard.com/pistachio-ice-cream,https://staging.lacuisinedebernard.com/pistachio-ice-cream
https://www.lacuisinedebernard.com/pistachio-ice-cream/,https://staging.lacuisinedebernard.com/pistachio-ice-cream
https://lacuisinedebernard.com/%d8%a8%d9%88%d8%b8%d8%a9-%d8%a7%d9%84%d9%82%d9%87%d9%88%d8%a9,https://staging.lacuisinedebernard.com/%d8%a8%d9%88%d8%b8%d8%a9-%d8%a7%d9%84%d9%82%d9%87%d9%88%d8%a9
https://lacuisinedebernard.com/%d8%a8%d9%88%d8%b8%d8%a9-%d8%a7%d9%84%d9%82%d9%87%d9%88%d8%a9/,https://staging.lacuisinedebernard.com/%d8%a8%d9%88%d8%b8%d8%a9-%d8%a7%d9%84%d9%82%d9%87%d9%88%d8%a9
https://www.lacuisinedebernard.com/%d8%a8%d9%88%d8%b8%d8%a9-%d8%a7%d9%84%d9%82%d9%87%d9%88%d8%a9,https://staging.lacuisinedebernard.com/%d8%a8%d9%88%d8%b8%d8%a9-%d8%a7%d9%84%d9%82%d9%87%d9%88%d8%a9
https://www.lacuisinedebernard.com/%d8%a8%d9%88%d8%b8%d8%a9-%d8%a7%d9%84%d9%82%d9%87%d9%88%d8%a9/,https://staging.lacuisinedebernard.com/%d8%a8%d9%88%d8%b8%d8%a9-%d8%a7%d9%84%d9%82%d9%87%d9%88%d8%a9
https://lacuisinedebernard.com/gatonoix,https://staging.lacuisinedebernard.com/gatonoix
https://lacuisinedebernard.com/gatonoix/,https://staging.lacuisinedebernard.com/gatonoix
https://www.lacuisinedebernard.com/gatonoix,https://staging.lacuisinedebernard.com/gatonoix
https://www.lacuisinedebernard.com/gatonoix/,https://staging.lacuisinedebernard.com/gatonoix
https://lacuisinedebernard.com/apple-florentine-pie,https://staging.lacuisinedebernard.com/apple-florentine-pie
https://lacuisinedebernard.com/apple-florentine-pie/,https://staging.lacuisinedebernard.com/apple-florentine-pie
https://www.lacuisinedebernard.com/apple-florentine-pie,https://staging.lacuisinedebernard.com/apple-florentine-pie
https://www.lacuisinedebernard.com/apple-florentine-pie/,https://staging.lacuisinedebernard.com/apple-florentine-pie
https://lacuisinedebernard.com/creme-de-chocolate-cremoso,https://staging.lacuisinedebernard.com/creme-de-chocolate-cremoso
https://lacuisinedebernard.com/creme-de-chocolate-cremoso/,https://staging.lacuisinedebernard.com/creme-de-chocolate-cremoso
https://www.lacuisinedebernard.com/creme-de-chocolate-cremoso,https://staging.lacuisinedebernard.com/creme-de-chocolate-cremoso
https://www.lacuisinedebernard.com/creme-de-chocolate-cremoso/,https://staging.lacuisinedebernard.com/creme-de-chocolate-cremoso
https://lacuisinedebernard.com/%d8%a7%d9%84%d8%a2%d9%8a%d8%b3-%d9%83%d8%b1%d9%8a%d9%85-%d8%a7%d9%84%d9%81%d8%b3%d8%aa%d9%82,https://staging.lacuisinedebernard.com/%d8%a7%d9%84%d8%a2%d9%8a%d8%b3-%d9%83%d8%b1%d9%8a%d9%85-%d8%a7%d9%84%d9%81%d8%b3%d8%aa%d9%82
https://lacuisinedebernard.com/%d8%a7%d9%84%d8%a2%d9%8a%d8%b3-%d9%83%d8%b1%d9%8a%d9%85-%d8%a7%d9%84%d9%81%d8%b3%d8%aa%d9%82/,https://staging.lacuisinedebernard.com/%d8%a7%d9%84%d8%a2%d9%8a%d8%b3-%d9%83%d8%b1%d9%8a%d9%85-%d8%a7%d9%84%d9%81%d8%b3%d8%aa%d9%82
https://www.lacuisinedebernard.com/%d8%a7%d9%84%d8%a2%d9%8a%d8%b3-%d9%83%d8%b1%d9%8a%d9%85-%d8%a7%d9%84%d9%81%d8%b3%d8%aa%d9%82,https://staging.lacuisinedebernard.com/%d8%a7%d9%84%d8%a2%d9%8a%d8%b3-%d9%83%d8%b1%d9%8a%d9%85-%d8%a7%d9%84%d9%81%d8%b3%d8%aa%d9%82
https://www.lacuisinedebernard.com/%d8%a7%d9%84%d8%a2%d9%8a%d8%b3-%d9%83%d8%b1%d9%8a%d9%85-%d8%a7%d9%84%d9%81%d8%b3%d8%aa%d9%82/,https://staging.lacuisinedebernard.com/%d8%a7%d9%84%d8%a2%d9%8a%d8%b3-%d9%83%d8%b1%d9%8a%d9%85-%d8%a7%d9%84%d9%81%d8%b3%d8%aa%d9%82
https://lacuisinedebernard.com/sorbete-de-mango,https://staging.lacuisinedebernard.com/sorbete-de-mango
https://lacuisinedebernard.com/sorbete-de-mango/,https://staging.lacuisinedebernard.com/sorbete-de-mango
https://www.lacuisinedebernard.com/sorbete-de-mango,https://staging.lacuisinedebernard.com/sorbete-de-mango
https://www.lacuisinedebernard.com/sorbete-de-mango/,https://staging.lacuisinedebernard.com/sorbete-de-mango
https://lacuisinedebernard.com/%d9%85%d8%a7%d9%86%d8%ac%d9%88-%d8%b3%d9%88%d8%b1%d8%a8%d9%8a%d9%87,https://staging.lacuisinedebernard.com/%d9%85%d8%a7%d9%86%d8%ac%d9%88-%d8%b3%d9%88%d8%b1%d8%a8%d9%8a%d9%87
https://lacuisinedebernard.com/%d9%85%d8%a7%d9%86%d8%ac%d9%88-%d8%b3%d9%88%d8%b1%d8%a8%d9%8a%d9%87/,https://staging.lacuisinedebernard.com/%d9%85%d8%a7%d9%86%d8%ac%d9%88-%d8%b3%d9%88%d8%b1%d8%a8%d9%8a%d9%87
https://www.lacuisinedebernard.com/%d9%85%d8%a7%d9%86%d8%ac%d9%88-%d8%b3%d9%88%d8%b1%d8%a8%d9%8a%d9%87,https://staging.lacuisinedebernard.com/%d9%85%d8%a7%d9%86%d8%ac%d9%88-%d8%b3%d9%88%d8%b1%d8%a8%d9%8a%d9%87
https://www.lacuisinedebernard.com/%d9%85%d8%a7%d9%86%d8%ac%d9%88-%d8%b3%d9%88%d8%b1%d8%a8%d9%8a%d9%87/,https://staging.lacuisinedebernard.com/%d9%85%d8%a7%d9%86%d8%ac%d9%88-%d8%b3%d9%88%d8%b1%d8%a8%d9%8a%d9%87
https://lacuisinedebernard.com/sorbet-de-manga,https://staging.lacuisinedebernard.com/sorbet-de-manga
https://lacuisinedebernard.com/sorbet-de-manga/,https://staging.lacuisinedebernard.com/sorbet-de-manga
https://www.lacuisinedebernard.com/sorbet-de-manga,https://staging.lacuisinedebernard.com/sorbet-de-manga
https://www.lacuisinedebernard.com/sorbet-de-manga/,https://staging.lacuisinedebernard.com/sorbet-de-manga
https://lacuisinedebernard.com/gelado-de-coco,https://staging.lacuisinedebernard.com/gelado-de-coco
https://lacuisinedebernard.com/gelado-de-coco/,https://staging.lacuisinedebernard.com/gelado-de-coco
https://www.lacuisinedebernard.com/gelado-de-coco,https://staging.lacuisinedebernard.com/gelado-de-coco
https://www.lacuisinedebernard.com/gelado-de-coco/,https://staging.lacuisinedebernard.com/gelado-de-coco
https://lacuisinedebernard.com/%d8%a2%d9%8a%d8%b3-%d9%83%d8%b1%d9%8a%d9%85-%d8%ac%d9%88%d8%b2-%d8%a7%d9%84%d9%87%d9%86%d8%af,https://staging.lacuisinedebernard.com/%d8%a2%d9%8a%d8%b3-%d9%83%d8%b1%d9%8a%d9%85-%d8%ac%d9%88%d8%b2-%d8%a7%d9%84%d9%87%d9%86%d8%af
https://lacuisinedebernard.com/%d8%a2%d9%8a%d8%b3-%d9%83%d8%b1%d9%8a%d9%85-%d8%ac%d9%88%d8%b2-%d8%a7%d9%84%d9%87%d9%86%d8%af/,https://staging.lacuisinedebernard.com/%d8%a2%d9%8a%d8%b3-%d9%83%d8%b1%d9%8a%d9%85-%d8%ac%d9%88%d8%b2-%d8%a7%d9%84%d9%87%d9%86%d8%af
https://www.lacuisinedebernard.com/%d8%a2%d9%8a%d8%b3-%d9%83%d8%b1%d9%8a%d9%85-%d8%ac%d9%88%d8%b2-%d8%a7%d9%84%d9%87%d9%86%d8%af,https://staging.lacuisinedebernard.com/%d8%a2%d9%8a%d8%b3-%d9%83%d8%b1%d9%8a%d9%85-%d8%ac%d9%88%d8%b2-%d8%a7%d9%84%d9%87%d9%86%d8%af
https://www.lacuisinedebernard.com/%d8%a2%d9%8a%d8%b3-%d9%83%d8%b1%d9%8a%d9%85-%d8%ac%d9%88%d8%b2-%d8%a7%d9%84%d9%87%d9%86%d8%af/,https://staging.lacuisinedebernard.com/%d8%a2%d9%8a%d8%b3-%d9%83%d8%b1%d9%8a%d9%85-%d8%ac%d9%88%d8%b2-%d8%a7%d9%84%d9%87%d9%86%d8%af
https://lacuisinedebernard.com/%d9%86%d9%88%d8%ac%d8%a7-%d8%a7%d9%8a%d8%b3-%d9%83%d8%b1%d9%8a%d9%85,https://staging.lacuisinedebernard.com/%d9%86%d9%88%d8%ac%d8%a7-%d8%a7%d9%8a%d8%b3-%d9%83%d8%b1%d9%8a%d9%85
https://lacuisinedebernard.com/%d9%86%d9%88%d8%ac%d8%a7-%d8%a7%d9%8a%d8%b3-%d9%83%d8%b1%d9%8a%d9%85/,https://staging.lacuisinedebernard.com/%d9%86%d9%88%d8%ac%d8%a7-%d8%a7%d9%8a%d8%b3-%d9%83%d8%b1%d9%8a%d9%85
https://www.lacuisinedebernard.com/%d9%86%d9%88%d8%ac%d8%a7-%d8%a7%d9%8a%d8%b3-%d9%83%d8%b1%d9%8a%d9%85,https://staging.lacuisinedebernard.com/%d9%86%d9%88%d8%ac%d8%a7-%d8%a7%d9%8a%d8%b3-%d9%83%d8%b1%d9%8a%d9%85
https://www.lacuisinedebernard.com/%d9%86%d9%88%d8%ac%d8%a7-%d8%a7%d9%8a%d8%b3-%d9%83%d8%b1%d9%8a%d9%85/,https://staging.lacuisinedebernard.com/%d9%86%d9%88%d8%ac%d8%a7-%d8%a7%d9%8a%d8%b3-%d9%83%d8%b1%d9%8a%d9%85
https://lacuisinedebernard.com/%d8%a8%d8%b1%d9%88%d9%81%d9%8a%d8%aa%d9%8a%d8%b1%d9%88%d9%84%d9%8a%d8%b3,https://staging.lacuisinedebernard.com/%d8%a8%d8%b1%d9%88%d9%81%d9%8a%d8%aa%d9%8a%d8%b1%d9%88%d9%84%d9%8a%d8%b3
https://lacuisinedebernard.com/%d8%a8%d8%b1%d9%88%d9%81%d9%8a%d8%aa%d9%8a%d8%b1%d9%88%d9%84%d9%8a%d8%b3/,https://staging.lacuisinedebernard.com/%d8%a8%d8%b1%d9%88%d9%81%d9%8a%d8%aa%d9%8a%d8%b1%d9%88%d9%84%d9%8a%d8%b3
https://www.lacuisinedebernard.com/%d8%a8%d8%b1%d9%88%d9%81%d9%8a%d8%aa%d9%8a%d8%b1%d9%88%d9%84%d9%8a%d8%b3,https://staging.lacuisinedebernard.com/%d8%a8%d8%b1%d9%88%d9%81%d9%8a%d8%aa%d9%8a%d8%b1%d9%88%d9%84%d9%8a%d8%b3
https://www.lacuisinedebernard.com/%d8%a8%d8%b1%d9%88%d9%81%d9%8a%d8%aa%d9%8a%d8%b1%d9%88%d9%84%d9%8a%d8%b3/,https://staging.lacuisinedebernard.com/%d8%a8%d8%b1%d9%88%d9%81%d9%8a%d8%aa%d9%8a%d8%b1%d9%88%d9%84%d9%8a%d8%b3
https://lacuisinedebernard.com/%d8%a2%d9%8a%d8%b3-%d9%83%d8%b1%d9%8a%d9%85-%d9%83%d8%b1%d8%a7%d9%85%d9%8a%d9%84-%d9%85%d9%85%d9%84%d8%ad,https://staging.lacuisinedebernard.com/%d8%a2%d9%8a%d8%b3-%d9%83%d8%b1%d9%8a%d9%85-%d9%83%d8%b1%d8%a7%d9%85%d9%8a%d9%84-%d9%85%d9%85%d9%84%d8%ad
https://lacuisinedebernard.com/%d8%a2%d9%8a%d8%b3-%d9%83%d8%b1%d9%8a%d9%85-%d9%83%d8%b1%d8%a7%d9%85%d9%8a%d9%84-%d9%85%d9%85%d9%84%d8%ad/,https://staging.lacuisinedebernard.com/%d8%a2%d9%8a%d8%b3-%d9%83%d8%b1%d9%8a%d9%85-%d9%83%d8%b1%d8%a7%d9%85%d9%8a%d9%84-%d9%85%d9%85%d9%84%d8%ad
https://www.lacuisinedebernard.com/%d8%a2%d9%8a%d8%b3-%d9%83%d8%b1%d9%8a%d9%85-%d9%83%d8%b1%d8%a7%d9%85%d9%8a%d9%84-%d9%85%d9%85%d9%84%d8%ad,https://staging.lacuisinedebernard.com/%d8%a2%d9%8a%d8%b3-%d9%83%d8%b1%d9%8a%d9%85-%d9%83%d8%b1%d8%a7%d9%85%d9%8a%d9%84-%d9%85%d9%85%d9%84%d8%ad
https://www.lacuisinedebernard.com/%d8%a2%d9%8a%d8%b3-%d9%83%d8%b1%d9%8a%d9%85-%d9%83%d8%b1%d8%a7%d9%85%d9%8a%d9%84-%d9%85%d9%85%d9%84%d8%ad/,https://staging.lacuisinedebernard.com/%d8%a2%d9%8a%d8%b3-%d9%83%d8%b1%d9%8a%d9%85-%d9%83%d8%b1%d8%a7%d9%85%d9%8a%d9%84-%d9%85%d9%85%d9%84%d8%ad
https://lacuisinedebernard.com/tarta-florentina-de-manzana,https://staging.lacuisinedebernard.com/tarta-florentina-de-manzana
https://lacuisinedebernard.com/tarta-florentina-de-manzana/,https://staging.lacuisinedebernard.com/tarta-florentina-de-manzana
https://www.lacuisinedebernard.com/tarta-florentina-de-manzana,https://staging.lacuisinedebernard.com/tarta-florentina-de-manzana
https://www.lacuisinedebernard.com/tarta-florentina-de-manzana/,https://staging.lacuisinedebernard.com/tarta-florentina-de-manzana
https://lacuisinedebernard.com/%d8%ae%d8%a8%d8%b2-%d8%a7%d9%84%d8%b2%d9%86%d8%ac%d8%a8%d9%8a%d9%84-%d8%a8%d8%a7%d9%84%d9%83%d8%b1%d8%a7%d9%85%d9%8a%d9%84-%d9%88%d8%a7%d9%84%d8%a2%d9%8a%d8%b3-%d9%83%d8%b1%d9%8a%d9%85-%d8%a7%d9%84,https://staging.lacuisinedebernard.com/%d8%ae%d8%a8%d8%b2-%d8%a7%d9%84%d8%b2%d9%86%d8%ac%d8%a8%d9%8a%d9%84-%d8%a8%d8%a7%d9%84%d9%83%d8%b1%d8%a7%d9%85%d9%8a%d9%84-%d9%88%d8%a7%d9%84%d8%a2%d9%8a%d8%b3-%d9%83%d8%b1%d9%8a%d9%85-%d8%a7%d9%84
https://lacuisinedebernard.com/%d8%ae%d8%a8%d8%b2-%d8%a7%d9%84%d8%b2%d9%86%d8%ac%d8%a8%d9%8a%d9%84-%d8%a8%d8%a7%d9%84%d9%83%d8%b1%d8%a7%d9%85%d9%8a%d9%84-%d9%88%d8%a7%d9%84%d8%a2%d9%8a%d8%b3-%d9%83%d8%b1%d9%8a%d9%85-%d8%a7%d9%84/,https://staging.lacuisinedebernard.com/%d8%ae%d8%a8%d8%b2-%d8%a7%d9%84%d8%b2%d9%86%d8%ac%d8%a8%d9%8a%d9%84-%d8%a8%d8%a7%d9%84%d9%83%d8%b1%d8%a7%d9%85%d9%8a%d9%84-%d9%88%d8%a7%d9%84%d8%a2%d9%8a%d8%b3-%d9%83%d8%b1%d9%8a%d9%85-%d8%a7%d9%84
https://www.lacuisinedebernard.com/%d8%ae%d8%a8%d8%b2-%d8%a7%d9%84%d8%b2%d9%86%d8%ac%d8%a8%d9%8a%d9%84-%d8%a8%d8%a7%d9%84%d9%83%d8%b1%d8%a7%d9%85%d9%8a%d9%84-%d9%88%d8%a7%d9%84%d8%a2%d9%8a%d8%b3-%d9%83%d8%b1%d9%8a%d9%85-%d8%a7%d9%84,https://staging.lacuisinedebernard.com/%d8%ae%d8%a8%d8%b2-%d8%a7%d9%84%d8%b2%d9%86%d8%ac%d8%a8%d9%8a%d9%84-%d8%a8%d8%a7%d9%84%d9%83%d8%b1%d8%a7%d9%85%d9%8a%d9%84-%d9%88%d8%a7%d9%84%d8%a2%d9%8a%d8%b3-%d9%83%d8%b1%d9%8a%d9%85-%d8%a7%d9%84
https://www.lacuisinedebernard.com/%d8%ae%d8%a8%d8%b2-%d8%a7%d9%84%d8%b2%d9%86%d8%ac%d8%a8%d9%8a%d9%84-%d8%a8%d8%a7%d9%84%d9%83%d8%b1%d8%a7%d9%85%d9%8a%d9%84-%d9%88%d8%a7%d9%84%d8%a2%d9%8a%d8%b3-%d9%83%d8%b1%d9%8a%d9%85-%d8%a7%d9%84/,https://staging.lacuisinedebernard.com/%d8%ae%d8%a8%d8%b2-%d8%a7%d9%84%d8%b2%d9%86%d8%ac%d8%a8%d9%8a%d9%84-%d8%a8%d8%a7%d9%84%d9%83%d8%b1%d8%a7%d9%85%d9%8a%d9%84-%d9%88%d8%a7%d9%84%d8%a2%d9%8a%d8%b3-%d9%83%d8%b1%d9%8a%d9%85-%d8%a7%d9%84
https://lacuisinedebernard.com/mango-sorbet,https://staging.lacuisinedebernard.com/mango-sorbet
https://lacuisinedebernard.com/mango-sorbet/,https://staging.lacuisinedebernard.com/mango-sorbet
https://www.lacuisinedebernard.com/mango-sorbet,https://staging.lacuisinedebernard.com/mango-sorbet
https://www.lacuisinedebernard.com/mango-sorbet/,https://staging.lacuisinedebernard.com/mango-sorbet
https://lacuisinedebernard.com/quadrados-de-datas,https://staging.lacuisinedebernard.com/quadrados-de-datas
https://lacuisinedebernard.com/quadrados-de-datas/,https://staging.lacuisinedebernard.com/quadrados-de-datas
https://www.lacuisinedebernard.com/quadrados-de-datas,https://staging.lacuisinedebernard.com/quadrados-de-datas
https://www.lacuisinedebernard.com/quadrados-de-datas/,https://staging.lacuisinedebernard.com/quadrados-de-datas
https://lacuisinedebernard.com/pan-de-molde-grevin,https://staging.lacuisinedebernard.com/pan-de-molde-grevin
https://lacuisinedebernard.com/pan-de-molde-grevin/,https://staging.lacuisinedebernard.com/pan-de-molde-grevin
https://www.lacuisinedebernard.com/pan-de-molde-grevin,https://staging.lacuisinedebernard.com/pan-de-molde-grevin
https://www.lacuisinedebernard.com/pan-de-molde-grevin/,https://staging.lacuisinedebernard.com/pan-de-molde-grevin
https://lacuisinedebernard.com/coconut-ice-cream,https://staging.lacuisinedebernard.com/coconut-ice-cream
https://lacuisinedebernard.com/coconut-ice-cream/,https://staging.lacuisinedebernard.com/coconut-ice-cream
https://www.lacuisinedebernard.com/coconut-ice-cream,https://staging.lacuisinedebernard.com/coconut-ice-cream
https://www.lacuisinedebernard.com/coconut-ice-cream/,https://staging.lacuisinedebernard.com/coconut-ice-cream
https://lacuisinedebernard.com/torta-florentine-de-maca,https://staging.lacuisinedebernard.com/torta-florentine-de-maca
https://lacuisinedebernard.com/torta-florentine-de-maca/,https://staging.lacuisinedebernard.com/torta-florentine-de-maca
https://www.lacuisinedebernard.com/torta-florentine-de-maca,https://staging.lacuisinedebernard.com/torta-florentine-de-maca
https://www.lacuisinedebernard.com/torta-florentine-de-maca/,https://staging.lacuisinedebernard.com/torta-florentine-de-maca
https://lacuisinedebernard.com/helado-de-coco,https://staging.lacuisinedebernard.com/helado-de-coco
https://lacuisinedebernard.com/helado-de-coco/,https://staging.lacuisinedebernard.com/helado-de-coco
https://www.lacuisinedebernard.com/helado-de-coco,https://staging.lacuisinedebernard.com/helado-de-coco
https://www.lacuisinedebernard.com/helado-de-coco/,https://staging.lacuisinedebernard.com/helado-de-coco
https://lacuisinedebernard.com/gelado-pistachio,https://staging.lacuisinedebernard.com/gelado-pistachio
https://lacuisinedebernard.com/gelado-pistachio/,https://staging.lacuisinedebernard.com/gelado-pistachio
https://www.lacuisinedebernard.com/gelado-pistachio,https://staging.lacuisinedebernard.com/gelado-pistachio
https://www.lacuisinedebernard.com/gelado-pistachio/,https://staging.lacuisinedebernard.com/gelado-pistachio
https://lacuisinedebernard.com/%d8%aa%d8%a7%d8%b1%d9%8a%d8%ae-%d8%a7%d9%84%d8%b3%d8%a7%d8%ad%d8%a7%d8%aa,https://staging.lacuisinedebernard.com/%d8%aa%d8%a7%d8%b1%d9%8a%d8%ae-%d8%a7%d9%84%d8%b3%d8%a7%d8%ad%d8%a7%d8%aa
https://lacuisinedebernard.com/%d8%aa%d8%a7%d8%b1%d9%8a%d8%ae-%d8%a7%d9%84%d8%b3%d8%a7%d8%ad%d8%a7%d8%aa/,https://staging.lacuisinedebernard.com/%d8%aa%d8%a7%d8%b1%d9%8a%d8%ae-%d8%a7%d9%84%d8%b3%d8%a7%d8%ad%d8%a7%d8%aa
https://www.lacuisinedebernard.com/%d8%aa%d8%a7%d8%b1%d9%8a%d8%ae-%d8%a7%d9%84%d8%b3%d8%a7%d8%ad%d8%a7%d8%aa,https://staging.lacuisinedebernard.com/%d8%aa%d8%a7%d8%b1%d9%8a%d8%ae-%d8%a7%d9%84%d8%b3%d8%a7%d8%ad%d8%a7%d8%aa
https://www.lacuisinedebernard.com/%d8%aa%d8%a7%d8%b1%d9%8a%d8%ae-%d8%a7%d9%84%d8%b3%d8%a7%d8%ad%d8%a7%d8%aa/,https://staging.lacuisinedebernard.com/%d8%aa%d8%a7%d8%b1%d9%8a%d8%ae-%d8%a7%d9%84%d8%b3%d8%a7%d8%ad%d8%a7%d8%aa
https://lacuisinedebernard.com/%d8%ba%d8%b1%d9%8a%d9%81%d9%8a%d9%86-%d8%b4%d9%88%d8%b1%d8%aa%d8%a8%d8%b1%d9%8a%d8%af,https://staging.lacuisinedebernard.com/%d8%ba%d8%b1%d9%8a%d9%81%d9%8a%d9%86-%d8%b4%d9%88%d8%b1%d8%aa%d8%a8%d8%b1%d9%8a%d8%af
https://lacuisinedebernard.com/%d8%ba%d8%b1%d9%8a%d9%81%d9%8a%d9%86-%d8%b4%d9%88%d8%b1%d8%aa%d8%a8%d8%b1%d9%8a%d8%af/,https://staging.lacuisinedebernard.com/%d8%ba%d8%b1%d9%8a%d9%81%d9%8a%d9%86-%d8%b4%d9%88%d8%b1%d8%aa%d8%a8%d8%b1%d9%8a%d8%af
https://www.lacuisinedebernard.com/%d8%ba%d8%b1%d9%8a%d9%81%d9%8a%d9%86-%d8%b4%d9%88%d8%b1%d8%aa%d8%a8%d8%b1%d9%8a%d8%af,https://staging.lacuisinedebernard.com/%d8%ba%d8%b1%d9%8a%d9%81%d9%8a%d9%86-%d8%b4%d9%88%d8%b1%d8%aa%d8%a8%d8%b1%d9%8a%d8%af
https://www.lacuisinedebernard.com/%d8%ba%d8%b1%d9%8a%d9%81%d9%8a%d9%86-%d8%b4%d9%88%d8%b1%d8%aa%d8%a8%d8%b1%d9%8a%d8%af/,https://staging.lacuisinedebernard.com/%d8%ba%d8%b1%d9%8a%d9%81%d9%8a%d9%86-%d8%b4%d9%88%d8%b1%d8%aa%d8%a8%d8%b1%d9%8a%d8%af
https://lacuisinedebernard.com/pao-curto-grevin,https://staging.lacuisinedebernard.com/pao-curto-grevin
https://lacuisinedebernard.com/pao-curto-grevin/,https://staging.lacuisinedebernard.com/pao-curto-grevin
https://www.lacuisinedebernard.com/pao-curto-grevin,https://staging.lacuisinedebernard.com/pao-curto-grevin
https://www.lacuisinedebernard.com/pao-curto-grevin/,https://staging.lacuisinedebernard.com/pao-curto-grevin
https://lacuisinedebernard.com/grevin-shortbread,https://staging.lacuisinedebernard.com/grevin-shortbread
https://lacuisinedebernard.com/grevin-shortbread/,https://staging.lacuisinedebernard.com/grevin-shortbread
https://www.lacuisinedebernard.com/grevin-shortbread,https://staging.lacuisinedebernard.com/grevin-shortbread
https://www.lacuisinedebernard.com/grevin-shortbread/,https://staging.lacuisinedebernard.com/grevin-shortbread
https://lacuisinedebernard.com/cuadros-de-fechas,https://staging.lacuisinedebernard.com/cuadros-de-fechas
https://lacuisinedebernard.com/cuadros-de-fechas/,https://staging.lacuisinedebernard.com/cuadros-de-fechas
https://www.lacuisinedebernard.com/cuadros-de-fechas,https://staging.lacuisinedebernard.com/cuadros-de-fechas
https://www.lacuisinedebernard.com/cuadros-de-fechas/,https://staging.lacuisinedebernard.com/cuadros-de-fechas
https://lacuisinedebernard.com/%d8%a2%d9%8a%d8%b3-%d9%83%d8%b1%d9%8a%d9%85-%d8%a7%d9%84%d8%ad%d9%86%d8%b7%d8%a9-%d8%a7%d9%84%d8%b3%d9%88%d8%af%d8%a7%d8%a1-%d8%8c-%d8%ac%d8%a7%d9%84%d9%8a%d8%aa-%d8%a7%d9%84%d8%ad%d9%86%d8%b7%d8%a9,https://staging.lacuisinedebernard.com/%d8%a2%d9%8a%d8%b3-%d9%83%d8%b1%d9%8a%d9%85-%d8%a7%d9%84%d8%ad%d9%86%d8%b7%d8%a9-%d8%a7%d9%84%d8%b3%d9%88%d8%af%d8%a7%d8%a1-%d8%8c-%d8%ac%d8%a7%d9%84%d9%8a%d8%aa-%d8%a7%d9%84%d8%ad%d9%86%d8%b7%d8%a9
https://lacuisinedebernard.com/%d8%a2%d9%8a%d8%b3-%d9%83%d8%b1%d9%8a%d9%85-%d8%a7%d9%84%d8%ad%d9%86%d8%b7%d8%a9-%d8%a7%d9%84%d8%b3%d9%88%d8%af%d8%a7%d8%a1-%d8%8c-%d8%ac%d8%a7%d9%84%d9%8a%d8%aa-%d8%a7%d9%84%d8%ad%d9%86%d8%b7%d8%a9/,https://staging.lacuisinedebernard.com/%d8%a2%d9%8a%d8%b3-%d9%83%d8%b1%d9%8a%d9%85-%d8%a7%d9%84%d8%ad%d9%86%d8%b7%d8%a9-%d8%a7%d9%84%d8%b3%d9%88%d8%af%d8%a7%d8%a1-%d8%8c-%d8%ac%d8%a7%d9%84%d9%8a%d8%aa-%d8%a7%d9%84%d8%ad%d9%86%d8%b7%d8%a9
https://www.lacuisinedebernard.com/%d8%a2%d9%8a%d8%b3-%d9%83%d8%b1%d9%8a%d9%85-%d8%a7%d9%84%d8%ad%d9%86%d8%b7%d8%a9-%d8%a7%d9%84%d8%b3%d9%88%d8%af%d8%a7%d8%a1-%d8%8c-%d8%ac%d8%a7%d9%84%d9%8a%d8%aa-%d8%a7%d9%84%d8%ad%d9%86%d8%b7%d8%a9,https://staging.lacuisinedebernard.com/%d8%a2%d9%8a%d8%b3-%d9%83%d8%b1%d9%8a%d9%85-%d8%a7%d9%84%d8%ad%d9%86%d8%b7%d8%a9-%d8%a7%d9%84%d8%b3%d9%88%d8%af%d8%a7%d8%a1-%d8%8c-%d8%ac%d8%a7%d9%84%d9%8a%d8%aa-%d8%a7%d9%84%d8%ad%d9%86%d8%b7%d8%a9
https://www.lacuisinedebernard.com/%d8%a2%d9%8a%d8%b3-%d9%83%d8%b1%d9%8a%d9%85-%d8%a7%d9%84%d8%ad%d9%86%d8%b7%d8%a9-%d8%a7%d9%84%d8%b3%d9%88%d8%af%d8%a7%d8%a1-%d8%8c-%d8%ac%d8%a7%d9%84%d9%8a%d8%aa-%d8%a7%d9%84%d8%ad%d9%86%d8%b7%d8%a9/,https://staging.lacuisinedebernard.com/%d8%a2%d9%8a%d8%b3-%d9%83%d8%b1%d9%8a%d9%85-%d8%a7%d9%84%d8%ad%d9%86%d8%b7%d8%a9-%d8%a7%d9%84%d8%b3%d9%88%d8%af%d8%a7%d8%a1-%d8%8c-%d8%ac%d8%a7%d9%84%d9%8a%d8%aa-%d8%a7%d9%84%d8%ad%d9%86%d8%b7%d8%a9
https://lacuisinedebernard.com/date-squares,https://staging.lacuisinedebernard.com/date-squares
https://lacuisinedebernard.com/date-squares/,https://staging.lacuisinedebernard.com/date-squares
https://www.lacuisinedebernard.com/date-squares,https://staging.lacuisinedebernard.com/date-squares
https://www.lacuisinedebernard.com/date-squares/,https://staging.lacuisinedebernard.com/date-squares
https://lacuisinedebernard.com/veal-meatballs-with-smoked-scarmoza,https://staging.lacuisinedebernard.com/veal-meatballs-with-smoked-scarmoza
https://lacuisinedebernard.com/veal-meatballs-with-smoked-scarmoza/,https://staging.lacuisinedebernard.com/veal-meatballs-with-smoked-scarmoza
https://www.lacuisinedebernard.com/veal-meatballs-with-smoked-scarmoza,https://staging.lacuisinedebernard.com/veal-meatballs-with-smoked-scarmoza
https://www.lacuisinedebernard.com/veal-meatballs-with-smoked-scarmoza/,https://staging.lacuisinedebernard.com/veal-meatballs-with-smoked-scarmoza
https://lacuisinedebernard.com/gimbap-with-omelette-and-chicken,https://staging.lacuisinedebernard.com/gimbap-with-omelette-and-chicken
https://lacuisinedebernard.com/gimbap-with-omelette-and-chicken/,https://staging.lacuisinedebernard.com/gimbap-with-omelette-and-chicken
https://www.lacuisinedebernard.com/gimbap-with-omelette-and-chicken,https://staging.lacuisinedebernard.com/gimbap-with-omelette-and-chicken
https://www.lacuisinedebernard.com/gimbap-with-omelette-and-chicken/,https://staging.lacuisinedebernard.com/gimbap-with-omelette-and-chicken
https://lacuisinedebernard.com/biscoitos-de-limao-azeite-e-amendoas-torradas,https://staging.lacuisinedebernard.com/biscoitos-de-limao-azeite-e-amendoas-torradas
https://lacuisinedebernard.com/biscoitos-de-limao-azeite-e-amendoas-torradas/,https://staging.lacuisinedebernard.com/biscoitos-de-limao-azeite-e-amendoas-torradas
https://www.lacuisinedebernard.com/biscoitos-de-limao-azeite-e-amendoas-torradas,https://staging.lacuisinedebernard.com/biscoitos-de-limao-azeite-e-amendoas-torradas
https://www.lacuisinedebernard.com/biscoitos-de-limao-azeite-e-amendoas-torradas/,https://staging.lacuisinedebernard.com/biscoitos-de-limao-azeite-e-amendoas-torradas
https://lacuisinedebernard.com/brocolis-a-la-parrilla-salsa-de-tahini-con-pimienta-de-espelette,https://staging.lacuisinedebernard.com/brocolis-a-la-parrilla-salsa-de-tahini-con-pimienta-de-espelette
https://lacuisinedebernard.com/brocolis-a-la-parrilla-salsa-de-tahini-con-pimienta-de-espelette/,https://staging.lacuisinedebernard.com/brocolis-a-la-parrilla-salsa-de-tahini-con-pimienta-de-espelette
https://www.lacuisinedebernard.com/brocolis-a-la-parrilla-salsa-de-tahini-con-pimienta-de-espelette,https://staging.lacuisinedebernard.com/brocolis-a-la-parrilla-salsa-de-tahini-con-pimienta-de-espelette
https://www.lacuisinedebernard.com/brocolis-a-la-parrilla-salsa-de-tahini-con-pimienta-de-espelette/,https://staging.lacuisinedebernard.com/brocolis-a-la-parrilla-salsa-de-tahini-con-pimienta-de-espelette
https://lacuisinedebernard.com/grilled-broccolinis-tahini-sauce-with-espelette-pepper,https://staging.lacuisinedebernard.com/grilled-broccolinis-tahini-sauce-with-espelette-pepper
https://lacuisinedebernard.com/grilled-broccolinis-tahini-sauce-with-espelette-pepper/,https://staging.lacuisinedebernard.com/grilled-broccolinis-tahini-sauce-with-espelette-pepper
https://www.lacuisinedebernard.com/grilled-broccolinis-tahini-sauce-with-espelette-pepper,https://staging.lacuisinedebernard.com/grilled-broccolinis-tahini-sauce-with-espelette-pepper
https://www.lacuisinedebernard.com/grilled-broccolinis-tahini-sauce-with-espelette-pepper/,https://staging.lacuisinedebernard.com/grilled-broccolinis-tahini-sauce-with-espelette-pepper
https://lacuisinedebernard.com/%d9%85%d8%b3%d8%b1%d9%88%d9%82,https://staging.lacuisinedebernard.com/%d9%85%d8%b3%d8%b1%d9%88%d9%82
https://lacuisinedebernard.com/%d9%85%d8%b3%d8%b1%d9%88%d9%82/,https://staging.lacuisinedebernard.com/%d9%85%d8%b3%d8%b1%d9%88%d9%82
https://www.lacuisinedebernard.com/%d9%85%d8%b3%d8%b1%d9%88%d9%82,https://staging.lacuisinedebernard.com/%d9%85%d8%b3%d8%b1%d9%88%d9%82
https://www.lacuisinedebernard.com/%d9%85%d8%b3%d8%b1%d9%88%d9%82/,https://staging.lacuisinedebernard.com/%d9%85%d8%b3%d8%b1%d9%88%d9%82
https://lacuisinedebernard.com/terrine-crise-de-foie,https://staging.lacuisinedebernard.com/terrine-crise-de-foie
https://lacuisinedebernard.com/terrine-crise-de-foie/,https://staging.lacuisinedebernard.com/terrine-crise-de-foie
https://www.lacuisinedebernard.com/terrine-crise-de-foie,https://staging.lacuisinedebernard.com/terrine-crise-de-foie
https://www.lacuisinedebernard.com/terrine-crise-de-foie/,https://staging.lacuisinedebernard.com/terrine-crise-de-foie
https://lacuisinedebernard.com/galette-des-rois,https://staging.lacuisinedebernard.com/galette-des-rois
https://lacuisinedebernard.com/galette-des-rois/,https://staging.lacuisinedebernard.com/galette-des-rois
https://www.lacuisinedebernard.com/galette-des-rois,https://staging.lacuisinedebernard.com/galette-des-rois
https://www.lacuisinedebernard.com/galette-des-rois/,https://staging.lacuisinedebernard.com/galette-des-rois
https://lacuisinedebernard.com/galette-des-rois-noix-de-pecan-et-sirop,https://staging.lacuisinedebernard.com/galette-des-rois-noix-de-pecan-et-sirop
https://lacuisinedebernard.com/galette-des-rois-noix-de-pecan-et-sirop/,https://staging.lacuisinedebernard.com/galette-des-rois-noix-de-pecan-et-sirop
https://www.lacuisinedebernard.com/galette-des-rois-noix-de-pecan-et-sirop,https://staging.lacuisinedebernard.com/galette-des-rois-noix-de-pecan-et-sirop
https://www.lacuisinedebernard.com/galette-des-rois-noix-de-pecan-et-sirop/,https://staging.lacuisinedebernard.com/galette-des-rois-noix-de-pecan-et-sirop
https://lacuisinedebernard.com/pate-feuilletee-inversee-au-cacao,https://staging.lacuisinedebernard.com/pate-feuilletee-inversee-au-cacao
https://lacuisinedebernard.com/pate-feuilletee-inversee-au-cacao/,https://staging.lacuisinedebernard.com/pate-feuilletee-inversee-au-cacao
https://www.lacuisinedebernard.com/pate-feuilletee-inversee-au-cacao,https://staging.lacuisinedebernard.com/pate-feuilletee-inversee-au-cacao
https://www.lacuisinedebernard.com/pate-feuilletee-inversee-au-cacao/,https://staging.lacuisinedebernard.com/pate-feuilletee-inversee-au-cacao
https://lacuisinedebernard.com/buns-moelleux,https://staging.lacuisinedebernard.com/buns-moelleux
https://lacuisinedebernard.com/buns-moelleux/,https://staging.lacuisinedebernard.com/buns-moelleux
https://www.lacuisinedebernard.com/buns-moelleux,https://staging.lacuisinedebernard.com/buns-moelleux
https://www.lacuisinedebernard.com/buns-moelleux/,https://staging.lacuisinedebernard.com/buns-moelleux
https://lacuisinedebernard.com/ragout-la-joue-de-buf-et-lard-paysan,https://staging.lacuisinedebernard.com/ragout-la-joue-de-buf-et-lard-paysan
https://lacuisinedebernard.com/ragout-la-joue-de-buf-et-lard-paysan/,https://staging.lacuisinedebernard.com/ragout-la-joue-de-buf-et-lard-paysan
https://www.lacuisinedebernard.com/ragout-la-joue-de-buf-et-lard-paysan,https://staging.lacuisinedebernard.com/ragout-la-joue-de-buf-et-lard-paysan
https://www.lacuisinedebernard.com/ragout-la-joue-de-buf-et-lard-paysan/,https://staging.lacuisinedebernard.com/ragout-la-joue-de-buf-et-lard-paysan
https://lacuisinedebernard.com/%d8%ac%d8%a7%d8%aa%d9%88%d9%86%d9%88%d9%8a%d9%83%d8%b3,https://staging.lacuisinedebernard.com/%d8%ac%d8%a7%d8%aa%d9%88%d9%86%d9%88%d9%8a%d9%83%d8%b3
https://lacuisinedebernard.com/%d8%ac%d8%a7%d8%aa%d9%88%d9%86%d9%88%d9%8a%d9%83%d8%b3/,https://staging.lacuisinedebernard.com/%d8%ac%d8%a7%d8%aa%d9%88%d9%86%d9%88%d9%8a%d9%83%d8%b3
https://www.lacuisinedebernard.com/%d8%ac%d8%a7%d8%aa%d9%88%d9%86%d9%88%d9%8a%d9%83%d8%b3,https://staging.lacuisinedebernard.com/%d8%ac%d8%a7%d8%aa%d9%88%d9%86%d9%88%d9%8a%d9%83%d8%b3
https://www.lacuisinedebernard.com/%d8%ac%d8%a7%d8%aa%d9%88%d9%86%d9%88%d9%8a%d9%83%d8%b3/,https://staging.lacuisinedebernard.com/%d8%ac%d8%a7%d8%aa%d9%88%d9%86%d9%88%d9%8a%d9%83%d8%b3
https://lacuisinedebernard.com/torta-de-morango-limao-e-manjericao,https://staging.lacuisinedebernard.com/torta-de-morango-limao-e-manjericao
https://lacuisinedebernard.com/torta-de-morango-limao-e-manjericao/,https://staging.lacuisinedebernard.com/torta-de-morango-limao-e-manjericao
https://www.lacuisinedebernard.com/torta-de-morango-limao-e-manjericao,https://staging.lacuisinedebernard.com/torta-de-morango-limao-e-manjericao
https://www.lacuisinedebernard.com/torta-de-morango-limao-e-manjericao/,https://staging.lacuisinedebernard.com/torta-de-morango-limao-e-manjericao
https://lacuisinedebernard.com/tarta-de-fresas-limon-y-albahaca,https://staging.lacuisinedebernard.com/tarta-de-fresas-limon-y-albahaca
https://lacuisinedebernard.com/tarta-de-fresas-limon-y-albahaca/,https://staging.lacuisinedebernard.com/tarta-de-fresas-limon-y-albahaca
https://www.lacuisinedebernard.com/tarta-de-fresas-limon-y-albahaca,https://staging.lacuisinedebernard.com/tarta-de-fresas-limon-y-albahaca
https://www.lacuisinedebernard.com/tarta-de-fresas-limon-y-albahaca/,https://staging.lacuisinedebernard.com/tarta-de-fresas-limon-y-albahaca
https://lacuisinedebernard.com/strawberry-lemon-and-basil-pie,https://staging.lacuisinedebernard.com/strawberry-lemon-and-basil-pie
https://lacuisinedebernard.com/strawberry-lemon-and-basil-pie/,https://staging.lacuisinedebernard.com/strawberry-lemon-and-basil-pie
https://www.lacuisinedebernard.com/strawberry-lemon-and-basil-pie,https://staging.lacuisinedebernard.com/strawberry-lemon-and-basil-pie
https://www.lacuisinedebernard.com/strawberry-lemon-and-basil-pie/,https://staging.lacuisinedebernard.com/strawberry-lemon-and-basil-pie
https://lacuisinedebernard.com/%d8%aa%d8%a7%d8%b1%d8%aa-%d8%a7%d9%84%d9%81%d8%b1%d8%a7%d9%88%d9%84%d8%a9-%d9%88%d8%a7%d9%84%d9%84%d9%8a%d9%85%d9%88%d9%86-%d9%88%d8%a7%d9%84%d8%b1%d9%8a%d8%ad%d8%a7%d9%86,https://staging.lacuisinedebernard.com/%d8%aa%d8%a7%d8%b1%d8%aa-%d8%a7%d9%84%d9%81%d8%b1%d8%a7%d9%88%d9%84%d8%a9-%d9%88%d8%a7%d9%84%d9%84%d9%8a%d9%85%d9%88%d9%86-%d9%88%d8%a7%d9%84%d8%b1%d9%8a%d8%ad%d8%a7%d9%86
https://lacuisinedebernard.com/%d8%aa%d8%a7%d8%b1%d8%aa-%d8%a7%d9%84%d9%81%d8%b1%d8%a7%d9%88%d9%84%d8%a9-%d9%88%d8%a7%d9%84%d9%84%d9%8a%d9%85%d9%88%d9%86-%d9%88%d8%a7%d9%84%d8%b1%d9%8a%d8%ad%d8%a7%d9%86/,https://staging.lacuisinedebernard.com/%d8%aa%d8%a7%d8%b1%d8%aa-%d8%a7%d9%84%d9%81%d8%b1%d8%a7%d9%88%d9%84%d8%a9-%d9%88%d8%a7%d9%84%d9%84%d9%8a%d9%85%d9%88%d9%86-%d9%88%d8%a7%d9%84%d8%b1%d9%8a%d8%ad%d8%a7%d9%86
https://www.lacuisinedebernard.com/%d8%aa%d8%a7%d8%b1%d8%aa-%d8%a7%d9%84%d9%81%d8%b1%d8%a7%d9%88%d9%84%d8%a9-%d9%88%d8%a7%d9%84%d9%84%d9%8a%d9%85%d9%88%d9%86-%d9%88%d8%a7%d9%84%d8%b1%d9%8a%d8%ad%d8%a7%d9%86,https://staging.lacuisinedebernard.com/%d8%aa%d8%a7%d8%b1%d8%aa-%d8%a7%d9%84%d9%81%d8%b1%d8%a7%d9%88%d9%84%d8%a9-%d9%88%d8%a7%d9%84%d9%84%d9%8a%d9%85%d9%88%d9%86-%d9%88%d8%a7%d9%84%d8%b1%d9%8a%d8%ad%d8%a7%d9%86
https://www.lacuisinedebernard.com/%d8%aa%d8%a7%d8%b1%d8%aa-%d8%a7%d9%84%d9%81%d8%b1%d8%a7%d9%88%d9%84%d8%a9-%d9%88%d8%a7%d9%84%d9%84%d9%8a%d9%85%d9%88%d9%86-%d9%88%d8%a7%d9%84%d8%b1%d9%8a%d8%ad%d8%a7%d9%86/,https://staging.lacuisinedebernard.com/%d8%aa%d8%a7%d8%b1%d8%aa-%d8%a7%d9%84%d9%81%d8%b1%d8%a7%d9%88%d9%84%d8%a9-%d9%88%d8%a7%d9%84%d9%84%d9%8a%d9%85%d9%88%d9%86-%d9%88%d8%a7%d9%84%d8%b1%d9%8a%d8%ad%d8%a7%d9%86
https://lacuisinedebernard.com/tarte-aux-champignons-pesto-de,https://staging.lacuisinedebernard.com/tarte-aux-champignons-pesto-de
https://lacuisinedebernard.com/tarte-aux-champignons-pesto-de/,https://staging.lacuisinedebernard.com/tarte-aux-champignons-pesto-de
https://www.lacuisinedebernard.com/tarte-aux-champignons-pesto-de,https://staging.lacuisinedebernard.com/tarte-aux-champignons-pesto-de
https://www.lacuisinedebernard.com/tarte-aux-champignons-pesto-de/,https://staging.lacuisinedebernard.com/tarte-aux-champignons-pesto-de
https://lacuisinedebernard.com/buf-croustillant-au-caramel-et-au-poivre,https://staging.lacuisinedebernard.com/buf-croustillant-au-caramel-et-au-poivre
https://lacuisinedebernard.com/buf-croustillant-au-caramel-et-au-poivre/,https://staging.lacuisinedebernard.com/buf-croustillant-au-caramel-et-au-poivre
https://www.lacuisinedebernard.com/buf-croustillant-au-caramel-et-au-poivre,https://staging.lacuisinedebernard.com/buf-croustillant-au-caramel-et-au-poivre
https://www.lacuisinedebernard.com/buf-croustillant-au-caramel-et-au-poivre/,https://staging.lacuisinedebernard.com/buf-croustillant-au-caramel-et-au-poivre
https://lacuisinedebernard.com/cake-sale-bleu-raisins-et-noix,https://staging.lacuisinedebernard.com/cake-sale-bleu-raisins-et-noix
https://lacuisinedebernard.com/cake-sale-bleu-raisins-et-noix/,https://staging.lacuisinedebernard.com/cake-sale-bleu-raisins-et-noix
https://www.lacuisinedebernard.com/cake-sale-bleu-raisins-et-noix,https://staging.lacuisinedebernard.com/cake-sale-bleu-raisins-et-noix
https://www.lacuisinedebernard.com/cake-sale-bleu-raisins-et-noix/,https://staging.lacuisinedebernard.com/cake-sale-bleu-raisins-et-noix
https://lacuisinedebernard.com/blue-raisin-and-walnut-cake,https://staging.lacuisinedebernard.com/blue-raisin-and-walnut-cake
https://lacuisinedebernard.com/blue-raisin-and-walnut-cake/,https://staging.lacuisinedebernard.com/blue-raisin-and-walnut-cake
https://www.lacuisinedebernard.com/blue-raisin-and-walnut-cake,https://staging.lacuisinedebernard.com/blue-raisin-and-walnut-cake
https://www.lacuisinedebernard.com/blue-raisin-and-walnut-cake/,https://staging.lacuisinedebernard.com/blue-raisin-and-walnut-cake
https://lacuisinedebernard.com/hamburger-au-foie-gras-creme-de-cepes,https://staging.lacuisinedebernard.com/hamburger-au-foie-gras-creme-de-cepes
https://lacuisinedebernard.com/hamburger-au-foie-gras-creme-de-cepes/,https://staging.lacuisinedebernard.com/hamburger-au-foie-gras-creme-de-cepes
https://www.lacuisinedebernard.com/hamburger-au-foie-gras-creme-de-cepes,https://staging.lacuisinedebernard.com/hamburger-au-foie-gras-creme-de-cepes
https://www.lacuisinedebernard.com/hamburger-au-foie-gras-creme-de-cepes/,https://staging.lacuisinedebernard.com/hamburger-au-foie-gras-creme-de-cepes
https://lacuisinedebernard.com/risotto-aux-truffes-noires,https://staging.lacuisinedebernard.com/risotto-aux-truffes-noires
https://lacuisinedebernard.com/risotto-aux-truffes-noires/,https://staging.lacuisinedebernard.com/risotto-aux-truffes-noires
https://www.lacuisinedebernard.com/risotto-aux-truffes-noires,https://staging.lacuisinedebernard.com/risotto-aux-truffes-noires
https://www.lacuisinedebernard.com/risotto-aux-truffes-noires/,https://staging.lacuisinedebernard.com/risotto-aux-truffes-noires
https://lacuisinedebernard.com/trofie-au-pesto-de-pistache-pecorino-e,https://staging.lacuisinedebernard.com/trofie-au-pesto-de-pistache-pecorino-e
https://lacuisinedebernard.com/trofie-au-pesto-de-pistache-pecorino-e/,https://staging.lacuisinedebernard.com/trofie-au-pesto-de-pistache-pecorino-e
https://www.lacuisinedebernard.com/trofie-au-pesto-de-pistache-pecorino-e,https://staging.lacuisinedebernard.com/trofie-au-pesto-de-pistache-pecorino-e
https://www.lacuisinedebernard.com/trofie-au-pesto-de-pistache-pecorino-e/,https://staging.lacuisinedebernard.com/trofie-au-pesto-de-pistache-pecorino-e
https://lacuisinedebernard.com/caracoles-de-chocolate-y-pistacho,https://staging.lacuisinedebernard.com/caracoles-de-chocolate-y-pistacho
https://lacuisinedebernard.com/caracoles-de-chocolate-y-pistacho/,https://staging.lacuisinedebernard.com/caracoles-de-chocolate-y-pistacho
https://www.lacuisinedebernard.com/caracoles-de-chocolate-y-pistacho,https://staging.lacuisinedebernard.com/caracoles-de-chocolate-y-pistacho
https://www.lacuisinedebernard.com/caracoles-de-chocolate-y-pistacho/,https://staging.lacuisinedebernard.com/caracoles-de-chocolate-y-pistacho
https://lacuisinedebernard.com/caracois-de-pistachio-de-chocolate,https://staging.lacuisinedebernard.com/caracois-de-pistachio-de-chocolate
https://lacuisinedebernard.com/caracois-de-pistachio-de-chocolate/,https://staging.lacuisinedebernard.com/caracois-de-pistachio-de-chocolate
https://www.lacuisinedebernard.com/caracois-de-pistachio-de-chocolate,https://staging.lacuisinedebernard.com/caracois-de-pistachio-de-chocolate
https://www.lacuisinedebernard.com/caracois-de-pistachio-de-chocolate/,https://staging.lacuisinedebernard.com/caracois-de-pistachio-de-chocolate
https://lacuisinedebernard.com/chocolate-pistachio-snails,https://staging.lacuisinedebernard.com/chocolate-pistachio-snails
https://lacuisinedebernard.com/chocolate-pistachio-snails/,https://staging.lacuisinedebernard.com/chocolate-pistachio-snails
https://www.lacuisinedebernard.com/chocolate-pistachio-snails,https://staging.lacuisinedebernard.com/chocolate-pistachio-snails
https://www.lacuisinedebernard.com/chocolate-pistachio-snails/,https://staging.lacuisinedebernard.com/chocolate-pistachio-snails
https://lacuisinedebernard.com/tarta-de-calabacin-con-ricotta-y-eneldo,https://staging.lacuisinedebernard.com/tarta-de-calabacin-con-ricotta-y-eneldo
https://lacuisinedebernard.com/tarta-de-calabacin-con-ricotta-y-eneldo/,https://staging.lacuisinedebernard.com/tarta-de-calabacin-con-ricotta-y-eneldo
https://www.lacuisinedebernard.com/tarta-de-calabacin-con-ricotta-y-eneldo,https://staging.lacuisinedebernard.com/tarta-de-calabacin-con-ricotta-y-eneldo
https://www.lacuisinedebernard.com/tarta-de-calabacin-con-ricotta-y-eneldo/,https://staging.lacuisinedebernard.com/tarta-de-calabacin-con-ricotta-y-eneldo
https://lacuisinedebernard.com/tarte-de-aboborinha-com-ricota-e-endro,https://staging.lacuisinedebernard.com/tarte-de-aboborinha-com-ricota-e-endro
https://lacuisinedebernard.com/tarte-de-aboborinha-com-ricota-e-endro/,https://staging.lacuisinedebernard.com/tarte-de-aboborinha-com-ricota-e-endro
https://www.lacuisinedebernard.com/tarte-de-aboborinha-com-ricota-e-endro,https://staging.lacuisinedebernard.com/tarte-de-aboborinha-com-ricota-e-endro
https://www.lacuisinedebernard.com/tarte-de-aboborinha-com-ricota-e-endro/,https://staging.lacuisinedebernard.com/tarte-de-aboborinha-com-ricota-e-endro
https://lacuisinedebernard.com/zucchini-pie-with-ricotta-and-dill,https://staging.lacuisinedebernard.com/zucchini-pie-with-ricotta-and-dill
https://lacuisinedebernard.com/zucchini-pie-with-ricotta-and-dill/,https://staging.lacuisinedebernard.com/zucchini-pie-with-ricotta-and-dill
https://www.lacuisinedebernard.com/zucchini-pie-with-ricotta-and-dill,https://staging.lacuisinedebernard.com/zucchini-pie-with-ricotta-and-dill
https://www.lacuisinedebernard.com/zucchini-pie-with-ricotta-and-dill/,https://staging.lacuisinedebernard.com/zucchini-pie-with-ricotta-and-dill
https://lacuisinedebernard.com/%d9%85%d8%ab%d9%84%d8%ac%d8%a7%d8%aa-%d8%a7%d9%84%d9%81%d8%a7%d9%86%d9%8a%d9%84%d9%8a%d8%a7,https://staging.lacuisinedebernard.com/%d9%85%d8%ab%d9%84%d8%ac%d8%a7%d8%aa-%d8%a7%d9%84%d9%81%d8%a7%d9%86%d9%8a%d9%84%d9%8a%d8%a7
https://lacuisinedebernard.com/%d9%85%d8%ab%d9%84%d8%ac%d8%a7%d8%aa-%d8%a7%d9%84%d9%81%d8%a7%d9%86%d9%8a%d9%84%d9%8a%d8%a7/,https://staging.lacuisinedebernard.com/%d9%85%d8%ab%d9%84%d8%ac%d8%a7%d8%aa-%d8%a7%d9%84%d9%81%d8%a7%d9%86%d9%8a%d9%84%d9%8a%d8%a7
https://www.lacuisinedebernard.com/%d9%85%d8%ab%d9%84%d8%ac%d8%a7%d8%aa-%d8%a7%d9%84%d9%81%d8%a7%d9%86%d9%8a%d9%84%d9%8a%d8%a7,https://staging.lacuisinedebernard.com/%d9%85%d8%ab%d9%84%d8%ac%d8%a7%d8%aa-%d8%a7%d9%84%d9%81%d8%a7%d9%86%d9%8a%d9%84%d9%8a%d8%a7
https://www.lacuisinedebernard.com/%d9%85%d8%ab%d9%84%d8%ac%d8%a7%d8%aa-%d8%a7%d9%84%d9%81%d8%a7%d9%86%d9%8a%d9%84%d9%8a%d8%a7/,https://staging.lacuisinedebernard.com/%d9%85%d8%ab%d9%84%d8%ac%d8%a7%d8%aa-%d8%a7%d9%84%d9%81%d8%a7%d9%86%d9%8a%d9%84%d9%8a%d8%a7
https://lacuisinedebernard.com/%d8%a2%d9%8a%d8%b3-%d9%83%d8%b1%d9%8a%d9%85-%d8%a8%d8%b1%d8%a7%d9%84%d9%8a%d9%86,https://staging.lacuisinedebernard.com/%d8%a2%d9%8a%d8%b3-%d9%83%d8%b1%d9%8a%d9%85-%d8%a8%d8%b1%d8%a7%d9%84%d9%8a%d9%86
https://lacuisinedebernard.com/%d8%a2%d9%8a%d8%b3-%d9%83%d8%b1%d9%8a%d9%85-%d8%a8%d8%b1%d8%a7%d9%84%d9%8a%d9%86/,https://staging.lacuisinedebernard.com/%d8%a2%d9%8a%d8%b3-%d9%83%d8%b1%d9%8a%d9%85-%d8%a8%d8%b1%d8%a7%d9%84%d9%8a%d9%86
https://www.lacuisinedebernard.com/%d8%a2%d9%8a%d8%b3-%d9%83%d8%b1%d9%8a%d9%85-%d8%a8%d8%b1%d8%a7%d9%84%d9%8a%d9%86,https://staging.lacuisinedebernard.com/%d8%a2%d9%8a%d8%b3-%d9%83%d8%b1%d9%8a%d9%85-%d8%a8%d8%b1%d8%a7%d9%84%d9%8a%d9%86
https://www.lacuisinedebernard.com/%d8%a2%d9%8a%d8%b3-%d9%83%d8%b1%d9%8a%d9%85-%d8%a8%d8%b1%d8%a7%d9%84%d9%8a%d9%86/,https://staging.lacuisinedebernard.com/%d8%a2%d9%8a%d8%b3-%d9%83%d8%b1%d9%8a%d9%85-%d8%a8%d8%b1%d8%a7%d9%84%d9%8a%d9%86
https://lacuisinedebernard.com/%d9%81%d8%b4%d8%a7%d8%b1-%d9%85%d9%82%d8%b1%d9%85%d8%b4-%d9%85%d8%b9-%d9%83%d8%b1%d8%a7%d9%85%d9%8a%d9%84-%d9%88%d9%81%d9%88%d9%84-%d8%b3%d9%88%d8%af%d8%a7%d9%86%d9%8a,https://staging.lacuisinedebernard.com/%d9%81%d8%b4%d8%a7%d8%b1-%d9%85%d9%82%d8%b1%d9%85%d8%b4-%d9%85%d8%b9-%d9%83%d8%b1%d8%a7%d9%85%d9%8a%d9%84-%d9%88%d9%81%d9%88%d9%84-%d8%b3%d9%88%d8%af%d8%a7%d9%86%d9%8a
https://lacuisinedebernard.com/%d9%81%d8%b4%d8%a7%d8%b1-%d9%85%d9%82%d8%b1%d9%85%d8%b4-%d9%85%d8%b9-%d9%83%d8%b1%d8%a7%d9%85%d9%8a%d9%84-%d9%88%d9%81%d9%88%d9%84-%d8%b3%d9%88%d8%af%d8%a7%d9%86%d9%8a/,https://staging.lacuisinedebernard.com/%d9%81%d8%b4%d8%a7%d8%b1-%d9%85%d9%82%d8%b1%d9%85%d8%b4-%d9%85%d8%b9-%d9%83%d8%b1%d8%a7%d9%85%d9%8a%d9%84-%d9%88%d9%81%d9%88%d9%84-%d8%b3%d9%88%d8%af%d8%a7%d9%86%d9%8a
https://www.lacuisinedebernard.com/%d9%81%d8%b4%d8%a7%d8%b1-%d9%85%d9%82%d8%b1%d9%85%d8%b4-%d9%85%d8%b9-%d9%83%d8%b1%d8%a7%d9%85%d9%8a%d9%84-%d9%88%d9%81%d9%88%d9%84-%d8%b3%d9%88%d8%af%d8%a7%d9%86%d9%8a,https://staging.lacuisinedebernard.com/%d9%81%d8%b4%d8%a7%d8%b1-%d9%85%d9%82%d8%b1%d9%85%d8%b4-%d9%85%d8%b9-%d9%83%d8%b1%d8%a7%d9%85%d9%8a%d9%84-%d9%88%d9%81%d9%88%d9%84-%d8%b3%d9%88%d8%af%d8%a7%d9%86%d9%8a
https://www.lacuisinedebernard.com/%d9%81%d8%b4%d8%a7%d8%b1-%d9%85%d9%82%d8%b1%d9%85%d8%b4-%d9%85%d8%b9-%d9%83%d8%b1%d8%a7%d9%85%d9%8a%d9%84-%d9%88%d9%81%d9%88%d9%84-%d8%b3%d9%88%d8%af%d8%a7%d9%86%d9%8a/,https://staging.lacuisinedebernard.com/%d9%81%d8%b4%d8%a7%d8%b1-%d9%85%d9%82%d8%b1%d9%85%d8%b4-%d9%85%d8%b9-%d9%83%d8%b1%d8%a7%d9%85%d9%8a%d9%84-%d9%88%d9%81%d9%88%d9%84-%d8%b3%d9%88%d8%af%d8%a7%d9%86%d9%8a
https://lacuisinedebernard.com/%d9%81%d8%b7%d8%a7%d8%a6%d8%b1-%d8%a7%d9%84%d8%aa%d9%81%d8%a7%d8%ad-%d8%a7%d9%84%d8%b1%d9%82%d9%8a%d9%82%d8%a9,https://staging.lacuisinedebernard.com/%d9%81%d8%b7%d8%a7%d8%a6%d8%b1-%d8%a7%d9%84%d8%aa%d9%81%d8%a7%d8%ad-%d8%a7%d9%84%d8%b1%d9%82%d9%8a%d9%82%d8%a9
https://lacuisinedebernard.com/%d9%81%d8%b7%d8%a7%d8%a6%d8%b1-%d8%a7%d9%84%d8%aa%d9%81%d8%a7%d8%ad-%d8%a7%d9%84%d8%b1%d9%82%d9%8a%d9%82%d8%a9/,https://staging.lacuisinedebernard.com/%d9%81%d8%b7%d8%a7%d8%a6%d8%b1-%d8%a7%d9%84%d8%aa%d9%81%d8%a7%d8%ad-%d8%a7%d9%84%d8%b1%d9%82%d9%8a%d9%82%d8%a9
https://www.lacuisinedebernard.com/%d9%81%d8%b7%d8%a7%d8%a6%d8%b1-%d8%a7%d9%84%d8%aa%d9%81%d8%a7%d8%ad-%d8%a7%d9%84%d8%b1%d9%82%d9%8a%d9%82%d8%a9,https://staging.lacuisinedebernard.com/%d9%81%d8%b7%d8%a7%d8%a6%d8%b1-%d8%a7%d9%84%d8%aa%d9%81%d8%a7%d8%ad-%d8%a7%d9%84%d8%b1%d9%82%d9%8a%d9%82%d8%a9
https://www.lacuisinedebernard.com/%d9%81%d8%b7%d8%a7%d8%a6%d8%b1-%d8%a7%d9%84%d8%aa%d9%81%d8%a7%d8%ad-%d8%a7%d9%84%d8%b1%d9%82%d9%8a%d9%82%d8%a9/,https://staging.lacuisinedebernard.com/%d9%81%d8%b7%d8%a7%d8%a6%d8%b1-%d8%a7%d9%84%d8%aa%d9%81%d8%a7%d8%ad-%d8%a7%d9%84%d8%b1%d9%82%d9%8a%d9%82%d8%a9
https://lacuisinedebernard.com/%d9%81%d8%b7%d9%8a%d8%b1%d8%a9-%d8%a7%d9%84%d8%aa%d9%81%d8%a7%d8%ad-%d9%88%d8%a7%d9%84%d8%a8%d9%86%d8%af%d9%82-%d8%aa%d9%86%d9%87%d8%a7%d8%b1,https://staging.lacuisinedebernard.com/%d9%81%d8%b7%d9%8a%d8%b1%d8%a9-%d8%a7%d9%84%d8%aa%d9%81%d8%a7%d8%ad-%d9%88%d8%a7%d9%84%d8%a8%d9%86%d8%af%d9%82-%d8%aa%d9%86%d9%87%d8%a7%d8%b1
https://lacuisinedebernard.com/%d9%81%d8%b7%d9%8a%d8%b1%d8%a9-%d8%a7%d9%84%d8%aa%d9%81%d8%a7%d8%ad-%d9%88%d8%a7%d9%84%d8%a8%d9%86%d8%af%d9%82-%d8%aa%d9%86%d9%87%d8%a7%d8%b1/,https://staging.lacuisinedebernard.com/%d9%81%d8%b7%d9%8a%d8%b1%d8%a9-%d8%a7%d9%84%d8%aa%d9%81%d8%a7%d8%ad-%d9%88%d8%a7%d9%84%d8%a8%d9%86%d8%af%d9%82-%d8%aa%d9%86%d9%87%d8%a7%d8%b1
https://www.lacuisinedebernard.com/%d9%81%d8%b7%d9%8a%d8%b1%d8%a9-%d8%a7%d9%84%d8%aa%d9%81%d8%a7%d8%ad-%d9%88%d8%a7%d9%84%d8%a8%d9%86%d8%af%d9%82-%d8%aa%d9%86%d9%87%d8%a7%d8%b1,https://staging.lacuisinedebernard.com/%d9%81%d8%b7%d9%8a%d8%b1%d8%a9-%d8%a7%d9%84%d8%aa%d9%81%d8%a7%d8%ad-%d9%88%d8%a7%d9%84%d8%a8%d9%86%d8%af%d9%82-%d8%aa%d9%86%d9%87%d8%a7%d8%b1
https://www.lacuisinedebernard.com/%d9%81%d8%b7%d9%8a%d8%b1%d8%a9-%d8%a7%d9%84%d8%aa%d9%81%d8%a7%d8%ad-%d9%88%d8%a7%d9%84%d8%a8%d9%86%d8%af%d9%82-%d8%aa%d9%86%d9%87%d8%a7%d8%b1/,https://staging.lacuisinedebernard.com/%d9%81%d8%b7%d9%8a%d8%b1%d8%a9-%d8%a7%d9%84%d8%aa%d9%81%d8%a7%d8%ad-%d9%88%d8%a7%d9%84%d8%a8%d9%86%d8%af%d9%82-%d8%aa%d9%86%d9%87%d8%a7%d8%b1
https://lacuisinedebernard.com/%d9%83%d8%b9%d9%83%d8%a9-%d8%a7%d9%84%d8%ba%d8%b1%d9%8a%d8%a8%d8%a9-%d8%a7%d9%84%d8%b1%d8%ae%d8%a7%d9%85%d9%8a%d8%a9-%d8%a7%d9%84%d8%ad%d9%84%d8%b2%d9%88%d9%86%d9%8a%d8%a9,https://staging.lacuisinedebernard.com/%d9%83%d8%b9%d9%83%d8%a9-%d8%a7%d9%84%d8%ba%d8%b1%d9%8a%d8%a8%d8%a9-%d8%a7%d9%84%d8%b1%d8%ae%d8%a7%d9%85%d9%8a%d8%a9-%d8%a7%d9%84%d8%ad%d9%84%d8%b2%d9%88%d9%86%d9%8a%d8%a9
https://lacuisinedebernard.com/%d9%83%d8%b9%d9%83%d8%a9-%d8%a7%d9%84%d8%ba%d8%b1%d9%8a%d8%a8%d8%a9-%d8%a7%d9%84%d8%b1%d8%ae%d8%a7%d9%85%d9%8a%d8%a9-%d8%a7%d9%84%d8%ad%d9%84%d8%b2%d9%88%d9%86%d9%8a%d8%a9/,https://staging.lacuisinedebernard.com/%d9%83%d8%b9%d9%83%d8%a9-%d8%a7%d9%84%d8%ba%d8%b1%d9%8a%d8%a8%d8%a9-%d8%a7%d9%84%d8%b1%d8%ae%d8%a7%d9%85%d9%8a%d8%a9-%d8%a7%d9%84%d8%ad%d9%84%d8%b2%d9%88%d9%86%d9%8a%d8%a9
https://www.lacuisinedebernard.com/%d9%83%d8%b9%d9%83%d8%a9-%d8%a7%d9%84%d8%ba%d8%b1%d9%8a%d8%a8%d8%a9-%d8%a7%d9%84%d8%b1%d8%ae%d8%a7%d9%85%d9%8a%d8%a9-%d8%a7%d9%84%d8%ad%d9%84%d8%b2%d9%88%d9%86%d9%8a%d8%a9,https://staging.lacuisinedebernard.com/%d9%83%d8%b9%d9%83%d8%a9-%d8%a7%d9%84%d8%ba%d8%b1%d9%8a%d8%a8%d8%a9-%d8%a7%d9%84%d8%b1%d8%ae%d8%a7%d9%85%d9%8a%d8%a9-%d8%a7%d9%84%d8%ad%d9%84%d8%b2%d9%88%d9%86%d9%8a%d8%a9
https://www.lacuisinedebernard.com/%d9%83%d8%b9%d9%83%d8%a9-%d8%a7%d9%84%d8%ba%d8%b1%d9%8a%d8%a8%d8%a9-%d8%a7%d9%84%d8%b1%d8%ae%d8%a7%d9%85%d9%8a%d8%a9-%d8%a7%d9%84%d8%ad%d9%84%d8%b2%d9%88%d9%86%d9%8a%d8%a9/,https://staging.lacuisinedebernard.com/%d9%83%d8%b9%d9%83%d8%a9-%d8%a7%d9%84%d8%ba%d8%b1%d9%8a%d8%a8%d8%a9-%d8%a7%d9%84%d8%b1%d8%ae%d8%a7%d9%85%d9%8a%d8%a9-%d8%a7%d9%84%d8%ad%d9%84%d8%b2%d9%88%d9%86%d9%8a%d8%a9
https://lacuisinedebernard.com/%d9%81%d8%b7%d9%8a%d8%b1%d8%a9-%d8%b3%d8%a7%d8%a8%d8%a7%d9%8a%d9%88%d9%86-%d9%85%d8%b9-%d9%85%d8%a7%d8%b1%d8%b3%d8%a7%d9%84%d8%a7,https://staging.lacuisinedebernard.com/%d9%81%d8%b7%d9%8a%d8%b1%d8%a9-%d8%b3%d8%a7%d8%a8%d8%a7%d9%8a%d9%88%d9%86-%d9%85%d8%b9-%d9%85%d8%a7%d8%b1%d8%b3%d8%a7%d9%84%d8%a7
https://lacuisinedebernard.com/%d9%81%d8%b7%d9%8a%d8%b1%d8%a9-%d8%b3%d8%a7%d8%a8%d8%a7%d9%8a%d9%88%d9%86-%d9%85%d8%b9-%d9%85%d8%a7%d8%b1%d8%b3%d8%a7%d9%84%d8%a7/,https://staging.lacuisinedebernard.com/%d9%81%d8%b7%d9%8a%d8%b1%d8%a9-%d8%b3%d8%a7%d8%a8%d8%a7%d9%8a%d9%88%d9%86-%d9%85%d8%b9-%d9%85%d8%a7%d8%b1%d8%b3%d8%a7%d9%84%d8%a7
https://www.lacuisinedebernard.com/%d9%81%d8%b7%d9%8a%d8%b1%d8%a9-%d8%b3%d8%a7%d8%a8%d8%a7%d9%8a%d9%88%d9%86-%d9%85%d8%b9-%d9%85%d8%a7%d8%b1%d8%b3%d8%a7%d9%84%d8%a7,https://staging.lacuisinedebernard.com/%d9%81%d8%b7%d9%8a%d8%b1%d8%a9-%d8%b3%d8%a7%d8%a8%d8%a7%d9%8a%d9%88%d9%86-%d9%85%d8%b9-%d9%85%d8%a7%d8%b1%d8%b3%d8%a7%d9%84%d8%a7
https://www.lacuisinedebernard.com/%d9%81%d8%b7%d9%8a%d8%b1%d8%a9-%d8%b3%d8%a7%d8%a8%d8%a7%d9%8a%d9%88%d9%86-%d9%85%d8%b9-%d9%85%d8%a7%d8%b1%d8%b3%d8%a7%d9%84%d8%a7/,https://staging.lacuisinedebernard.com/%d9%81%d8%b7%d9%8a%d8%b1%d8%a9-%d8%b3%d8%a7%d8%a8%d8%a7%d9%8a%d9%88%d9%86-%d9%85%d8%b9-%d9%85%d8%a7%d8%b1%d8%b3%d8%a7%d9%84%d8%a7
https://lacuisinedebernard.com/%d9%83%d8%b9%d9%83%d8%a9-%d8%b9%d9%8a%d8%af-%d8%a7%d9%84%d9%85%d9%8a%d9%84%d8%a7%d8%af-%d8%a7%d9%84%d8%aa%d8%b4%d9%8a%d9%83%d9%8a%d8%a9,https://staging.lacuisinedebernard.com/%d9%83%d8%b9%d9%83%d8%a9-%d8%b9%d9%8a%d8%af-%d8%a7%d9%84%d9%85%d9%8a%d9%84%d8%a7%d8%af-%d8%a7%d9%84%d8%aa%d8%b4%d9%8a%d9%83%d9%8a%d8%a9
https://lacuisinedebernard.com/%d9%83%d8%b9%d9%83%d8%a9-%d8%b9%d9%8a%d8%af-%d8%a7%d9%84%d9%85%d9%8a%d9%84%d8%a7%d8%af-%d8%a7%d9%84%d8%aa%d8%b4%d9%8a%d9%83%d9%8a%d8%a9/,https://staging.lacuisinedebernard.com/%d9%83%d8%b9%d9%83%d8%a9-%d8%b9%d9%8a%d8%af-%d8%a7%d9%84%d9%85%d9%8a%d9%84%d8%a7%d8%af-%d8%a7%d9%84%d8%aa%d8%b4%d9%8a%d9%83%d9%8a%d8%a9
https://www.lacuisinedebernard.com/%d9%83%d8%b9%d9%83%d8%a9-%d8%b9%d9%8a%d8%af-%d8%a7%d9%84%d9%85%d9%8a%d9%84%d8%a7%d8%af-%d8%a7%d9%84%d8%aa%d8%b4%d9%8a%d9%83%d9%8a%d8%a9,https://staging.lacuisinedebernard.com/%d9%83%d8%b9%d9%83%d8%a9-%d8%b9%d9%8a%d8%af-%d8%a7%d9%84%d9%85%d9%8a%d9%84%d8%a7%d8%af-%d8%a7%d9%84%d8%aa%d8%b4%d9%8a%d9%83%d9%8a%d8%a9
https://www.lacuisinedebernard.com/%d9%83%d8%b9%d9%83%d8%a9-%d8%b9%d9%8a%d8%af-%d8%a7%d9%84%d9%85%d9%8a%d9%84%d8%a7%d8%af-%d8%a7%d9%84%d8%aa%d8%b4%d9%8a%d9%83%d9%8a%d8%a9/,https://staging.lacuisinedebernard.com/%d9%83%d8%b9%d9%83%d8%a9-%d8%b9%d9%8a%d8%af-%d8%a7%d9%84%d9%85%d9%8a%d9%84%d8%a7%d8%af-%d8%a7%d9%84%d8%aa%d8%b4%d9%8a%d9%83%d9%8a%d8%a9
https://lacuisinedebernard.com/%d9%83%d8%b9%d9%83%d8%a9-%d8%a7%d9%84%d8%ba%d8%b1%d9%8a%d8%a8%d8%a9-%d8%a7%d9%84%d8%ac%d9%88%d8%b2-%d9%88%d8%a7%d9%84%d9%82%d8%b1%d9%81%d8%a9,https://staging.lacuisinedebernard.com/%d9%83%d8%b9%d9%83%d8%a9-%d8%a7%d9%84%d8%ba%d8%b1%d9%8a%d8%a8%d8%a9-%d8%a7%d9%84%d8%ac%d9%88%d8%b2-%d9%88%d8%a7%d9%84%d9%82%d8%b1%d9%81%d8%a9
https://lacuisinedebernard.com/%d9%83%d8%b9%d9%83%d8%a9-%d8%a7%d9%84%d8%ba%d8%b1%d9%8a%d8%a8%d8%a9-%d8%a7%d9%84%d8%ac%d9%88%d8%b2-%d9%88%d8%a7%d9%84%d9%82%d8%b1%d9%81%d8%a9/,https://staging.lacuisinedebernard.com/%d9%83%d8%b9%d9%83%d8%a9-%d8%a7%d9%84%d8%ba%d8%b1%d9%8a%d8%a8%d8%a9-%d8%a7%d9%84%d8%ac%d9%88%d8%b2-%d9%88%d8%a7%d9%84%d9%82%d8%b1%d9%81%d8%a9
https://www.lacuisinedebernard.com/%d9%83%d8%b9%d9%83%d8%a9-%d8%a7%d9%84%d8%ba%d8%b1%d9%8a%d8%a8%d8%a9-%d8%a7%d9%84%d8%ac%d9%88%d8%b2-%d9%88%d8%a7%d9%84%d9%82%d8%b1%d9%81%d8%a9,https://staging.lacuisinedebernard.com/%d9%83%d8%b9%d9%83%d8%a9-%d8%a7%d9%84%d8%ba%d8%b1%d9%8a%d8%a8%d8%a9-%d8%a7%d9%84%d8%ac%d9%88%d8%b2-%d9%88%d8%a7%d9%84%d9%82%d8%b1%d9%81%d8%a9
https://www.lacuisinedebernard.com/%d9%83%d8%b9%d9%83%d8%a9-%d8%a7%d9%84%d8%ba%d8%b1%d9%8a%d8%a8%d8%a9-%d8%a7%d9%84%d8%ac%d9%88%d8%b2-%d9%88%d8%a7%d9%84%d9%82%d8%b1%d9%81%d8%a9/,https://staging.lacuisinedebernard.com/%d9%83%d8%b9%d9%83%d8%a9-%d8%a7%d9%84%d8%ba%d8%b1%d9%8a%d8%a8%d8%a9-%d8%a7%d9%84%d8%ac%d9%88%d8%b2-%d9%88%d8%a7%d9%84%d9%82%d8%b1%d9%81%d8%a9
https://lacuisinedebernard.com/%d8%a8%d9%88%d8%a7%d8%aa%d9%88-%d9%85%d8%b7%d8%ad%d9%88%d9%86-%d8%a8%d8%a7%d9%84%d8%ac%d9%88%d8%b2,https://staging.lacuisinedebernard.com/%d8%a8%d9%88%d8%a7%d8%aa%d9%88-%d9%85%d8%b7%d8%ad%d9%88%d9%86-%d8%a8%d8%a7%d9%84%d8%ac%d9%88%d8%b2
https://lacuisinedebernard.com/%d8%a8%d9%88%d8%a7%d8%aa%d9%88-%d9%85%d8%b7%d8%ad%d9%88%d9%86-%d8%a8%d8%a7%d9%84%d8%ac%d9%88%d8%b2/,https://staging.lacuisinedebernard.com/%d8%a8%d9%88%d8%a7%d8%aa%d9%88-%d9%85%d8%b7%d8%ad%d9%88%d9%86-%d8%a8%d8%a7%d9%84%d8%ac%d9%88%d8%b2
https://www.lacuisinedebernard.com/%d8%a8%d9%88%d8%a7%d8%aa%d9%88-%d9%85%d8%b7%d8%ad%d9%88%d9%86-%d8%a8%d8%a7%d9%84%d8%ac%d9%88%d8%b2,https://staging.lacuisinedebernard.com/%d8%a8%d9%88%d8%a7%d8%aa%d9%88-%d9%85%d8%b7%d8%ad%d9%88%d9%86-%d8%a8%d8%a7%d9%84%d8%ac%d9%88%d8%b2
https://www.lacuisinedebernard.com/%d8%a8%d9%88%d8%a7%d8%aa%d9%88-%d9%85%d8%b7%d8%ad%d9%88%d9%86-%d8%a8%d8%a7%d9%84%d8%ac%d9%88%d8%b2/,https://staging.lacuisinedebernard.com/%d8%a8%d9%88%d8%a7%d8%aa%d9%88-%d9%85%d8%b7%d8%ad%d9%88%d9%86-%d8%a8%d8%a7%d9%84%d8%ac%d9%88%d8%b2
https://lacuisinedebernard.com/%d9%83%d8%b1%d9%88%d8%a7%d8%b3%d9%88%d9%86-%d8%a7%d9%84%d9%81%d8%a7%d9%86%d9%8a%d9%84%d9%8a%d8%a7-%d9%88%d8%a7%d9%84%d8%ac%d9%88%d8%b2-%d8%8c-%d9%81%d8%a7%d9%86%d9%8a%d9%84%d9%83%d9%88%d9%81-%d8%b1,https://staging.lacuisinedebernard.com/%d9%83%d8%b1%d9%88%d8%a7%d8%b3%d9%88%d9%86-%d8%a7%d9%84%d9%81%d8%a7%d9%86%d9%8a%d9%84%d9%8a%d8%a7-%d9%88%d8%a7%d9%84%d8%ac%d9%88%d8%b2-%d8%8c-%d9%81%d8%a7%d9%86%d9%8a%d9%84%d9%83%d9%88%d9%81-%d8%b1
https://lacuisinedebernard.com/%d9%83%d8%b1%d9%88%d8%a7%d8%b3%d9%88%d9%86-%d8%a7%d9%84%d9%81%d8%a7%d9%86%d9%8a%d9%84%d9%8a%d8%a7-%d9%88%d8%a7%d9%84%d8%ac%d9%88%d8%b2-%d8%8c-%d9%81%d8%a7%d9%86%d9%8a%d9%84%d9%83%d9%88%d9%81-%d8%b1/,https://staging.lacuisinedebernard.com/%d9%83%d8%b1%d9%88%d8%a7%d8%b3%d9%88%d9%86-%d8%a7%d9%84%d9%81%d8%a7%d9%86%d9%8a%d9%84%d9%8a%d8%a7-%d9%88%d8%a7%d9%84%d8%ac%d9%88%d8%b2-%d8%8c-%d9%81%d8%a7%d9%86%d9%8a%d9%84%d9%83%d9%88%d9%81-%d8%b1
https://www.lacuisinedebernard.com/%d9%83%d8%b1%d9%88%d8%a7%d8%b3%d9%88%d9%86-%d8%a7%d9%84%d9%81%d8%a7%d9%86%d9%8a%d9%84%d9%8a%d8%a7-%d9%88%d8%a7%d9%84%d8%ac%d9%88%d8%b2-%d8%8c-%d9%81%d8%a7%d9%86%d9%8a%d9%84%d9%83%d9%88%d9%81-%d8%b1,https://staging.lacuisinedebernard.com/%d9%83%d8%b1%d9%88%d8%a7%d8%b3%d9%88%d9%86-%d8%a7%d9%84%d9%81%d8%a7%d9%86%d9%8a%d9%84%d9%8a%d8%a7-%d9%88%d8%a7%d9%84%d8%ac%d9%88%d8%b2-%d8%8c-%d9%81%d8%a7%d9%86%d9%8a%d9%84%d9%83%d9%88%d9%81-%d8%b1
https://www.lacuisinedebernard.com/%d9%83%d8%b1%d9%88%d8%a7%d8%b3%d9%88%d9%86-%d8%a7%d9%84%d9%81%d8%a7%d9%86%d9%8a%d9%84%d9%8a%d8%a7-%d9%88%d8%a7%d9%84%d8%ac%d9%88%d8%b2-%d8%8c-%d9%81%d8%a7%d9%86%d9%8a%d9%84%d9%83%d9%88%d9%81-%d8%b1/,https://staging.lacuisinedebernard.com/%d9%83%d8%b1%d9%88%d8%a7%d8%b3%d9%88%d9%86-%d8%a7%d9%84%d9%81%d8%a7%d9%86%d9%8a%d9%84%d9%8a%d8%a7-%d9%88%d8%a7%d9%84%d8%ac%d9%88%d8%b2-%d8%8c-%d9%81%d8%a7%d9%86%d9%8a%d9%84%d9%83%d9%88%d9%81-%d8%b1
https://lacuisinedebernard.com/%d8%aa%d8%b4%d9%8a%d8%b2-%d9%83%d9%8a%d9%83-%d8%b4%d8%a7%d9%81%d8%b1%d9%88-%d8%8c-%d8%a7%d9%84%d8%aa%d9%8a%d9%86-%d9%88%d8%a7%d9%84%d8%ac%d9%88%d8%b2-%d8%a7%d9%84%d8%a8%d9%82%d8%b1%d9%8a,https://staging.lacuisinedebernard.com/%d8%aa%d8%b4%d9%8a%d8%b2-%d9%83%d9%8a%d9%83-%d8%b4%d8%a7%d9%81%d8%b1%d9%88-%d8%8c-%d8%a7%d9%84%d8%aa%d9%8a%d9%86-%d9%88%d8%a7%d9%84%d8%ac%d9%88%d8%b2-%d8%a7%d9%84%d8%a8%d9%82%d8%b1%d9%8a
https://lacuisinedebernard.com/%d8%aa%d8%b4%d9%8a%d8%b2-%d9%83%d9%8a%d9%83-%d8%b4%d8%a7%d9%81%d8%b1%d9%88-%d8%8c-%d8%a7%d9%84%d8%aa%d9%8a%d9%86-%d9%88%d8%a7%d9%84%d8%ac%d9%88%d8%b2-%d8%a7%d9%84%d8%a8%d9%82%d8%b1%d9%8a/,https://staging.lacuisinedebernard.com/%d8%aa%d8%b4%d9%8a%d8%b2-%d9%83%d9%8a%d9%83-%d8%b4%d8%a7%d9%81%d8%b1%d9%88-%d8%8c-%d8%a7%d9%84%d8%aa%d9%8a%d9%86-%d9%88%d8%a7%d9%84%d8%ac%d9%88%d8%b2-%d8%a7%d9%84%d8%a8%d9%82%d8%b1%d9%8a
https://www.lacuisinedebernard.com/%d8%aa%d8%b4%d9%8a%d8%b2-%d9%83%d9%8a%d9%83-%d8%b4%d8%a7%d9%81%d8%b1%d9%88-%d8%8c-%d8%a7%d9%84%d8%aa%d9%8a%d9%86-%d9%88%d8%a7%d9%84%d8%ac%d9%88%d8%b2-%d8%a7%d9%84%d8%a8%d9%82%d8%b1%d9%8a,https://staging.lacuisinedebernard.com/%d8%aa%d8%b4%d9%8a%d8%b2-%d9%83%d9%8a%d9%83-%d8%b4%d8%a7%d9%81%d8%b1%d9%88-%d8%8c-%d8%a7%d9%84%d8%aa%d9%8a%d9%86-%d9%88%d8%a7%d9%84%d8%ac%d9%88%d8%b2-%d8%a7%d9%84%d8%a8%d9%82%d8%b1%d9%8a
https://www.lacuisinedebernard.com/%d8%aa%d8%b4%d9%8a%d8%b2-%d9%83%d9%8a%d9%83-%d8%b4%d8%a7%d9%81%d8%b1%d9%88-%d8%8c-%d8%a7%d9%84%d8%aa%d9%8a%d9%86-%d9%88%d8%a7%d9%84%d8%ac%d9%88%d8%b2-%d8%a7%d9%84%d8%a8%d9%82%d8%b1%d9%8a/,https://staging.lacuisinedebernard.com/%d8%aa%d8%b4%d9%8a%d8%b2-%d9%83%d9%8a%d9%83-%d8%b4%d8%a7%d9%81%d8%b1%d9%88-%d8%8c-%d8%a7%d9%84%d8%aa%d9%8a%d9%86-%d9%88%d8%a7%d9%84%d8%ac%d9%88%d8%b2-%d8%a7%d9%84%d8%a8%d9%82%d8%b1%d9%8a
https://lacuisinedebernard.com/%d8%aa%d8%a7%d8%b1%d8%aa-%d8%a7%d9%84%d8%af%d9%85-%d8%a8%d8%a7%d9%84%d8%a8%d8%b1%d8%aa%d9%82%d8%a7%d9%84,https://staging.lacuisinedebernard.com/%d8%aa%d8%a7%d8%b1%d8%aa-%d8%a7%d9%84%d8%af%d9%85-%d8%a8%d8%a7%d9%84%d8%a8%d8%b1%d8%aa%d9%82%d8%a7%d9%84
https://lacuisinedebernard.com/%d8%aa%d8%a7%d8%b1%d8%aa-%d8%a7%d9%84%d8%af%d9%85-%d8%a8%d8%a7%d9%84%d8%a8%d8%b1%d8%aa%d9%82%d8%a7%d9%84/,https://staging.lacuisinedebernard.com/%d8%aa%d8%a7%d8%b1%d8%aa-%d8%a7%d9%84%d8%af%d9%85-%d8%a8%d8%a7%d9%84%d8%a8%d8%b1%d8%aa%d9%82%d8%a7%d9%84
https://www.lacuisinedebernard.com/%d8%aa%d8%a7%d8%b1%d8%aa-%d8%a7%d9%84%d8%af%d9%85-%d8%a8%d8%a7%d9%84%d8%a8%d8%b1%d8%aa%d9%82%d8%a7%d9%84,https://staging.lacuisinedebernard.com/%d8%aa%d8%a7%d8%b1%d8%aa-%d8%a7%d9%84%d8%af%d9%85-%d8%a8%d8%a7%d9%84%d8%a8%d8%b1%d8%aa%d9%82%d8%a7%d9%84
https://www.lacuisinedebernard.com/%d8%aa%d8%a7%d8%b1%d8%aa-%d8%a7%d9%84%d8%af%d9%85-%d8%a8%d8%a7%d9%84%d8%a8%d8%b1%d8%aa%d9%82%d8%a7%d9%84/,https://staging.lacuisinedebernard.com/%d8%aa%d8%a7%d8%b1%d8%aa-%d8%a7%d9%84%d8%af%d9%85-%d8%a8%d8%a7%d9%84%d8%a8%d8%b1%d8%aa%d9%82%d8%a7%d9%84
https://lacuisinedebernard.com/%d8%ae%d8%a8%d8%b2-%d8%b4%d9%88%d9%83%d9%88%d9%84%d8%a7%d8%aa%d8%a9-%d8%a8%d8%a7%d9%84%d8%ad%d9%84%d9%8a%d8%a8-%d8%8c-%d8%a8%d9%86%d8%af%d9%82-%d9%88-%d8%b5%d9%86%d9%88%d8%a8%d8%b1,https://staging.lacuisinedebernard.com/%d8%ae%d8%a8%d8%b2-%d8%b4%d9%88%d9%83%d9%88%d9%84%d8%a7%d8%aa%d8%a9-%d8%a8%d8%a7%d9%84%d8%ad%d9%84%d9%8a%d8%a8-%d8%8c-%d8%a8%d9%86%d8%af%d9%82-%d9%88-%d8%b5%d9%86%d9%88%d8%a8%d8%b1
https://lacuisinedebernard.com/%d8%ae%d8%a8%d8%b2-%d8%b4%d9%88%d9%83%d9%88%d9%84%d8%a7%d8%aa%d8%a9-%d8%a8%d8%a7%d9%84%d8%ad%d9%84%d9%8a%d8%a8-%d8%8c-%d8%a8%d9%86%d8%af%d9%82-%d9%88-%d8%b5%d9%86%d9%88%d8%a8%d8%b1/,https://staging.lacuisinedebernard.com/%d8%ae%d8%a8%d8%b2-%d8%b4%d9%88%d9%83%d9%88%d9%84%d8%a7%d8%aa%d8%a9-%d8%a8%d8%a7%d9%84%d8%ad%d9%84%d9%8a%d8%a8-%d8%8c-%d8%a8%d9%86%d8%af%d9%82-%d9%88-%d8%b5%d9%86%d9%88%d8%a8%d8%b1
https://www.lacuisinedebernard.com/%d8%ae%d8%a8%d8%b2-%d8%b4%d9%88%d9%83%d9%88%d9%84%d8%a7%d8%aa%d8%a9-%d8%a8%d8%a7%d9%84%d8%ad%d9%84%d9%8a%d8%a8-%d8%8c-%d8%a8%d9%86%d8%af%d9%82-%d9%88-%d8%b5%d9%86%d9%88%d8%a8%d8%b1,https://staging.lacuisinedebernard.com/%d8%ae%d8%a8%d8%b2-%d8%b4%d9%88%d9%83%d9%88%d9%84%d8%a7%d8%aa%d8%a9-%d8%a8%d8%a7%d9%84%d8%ad%d9%84%d9%8a%d8%a8-%d8%8c-%d8%a8%d9%86%d8%af%d9%82-%d9%88-%d8%b5%d9%86%d9%88%d8%a8%d8%b1
https://www.lacuisinedebernard.com/%d8%ae%d8%a8%d8%b2-%d8%b4%d9%88%d9%83%d9%88%d9%84%d8%a7%d8%aa%d8%a9-%d8%a8%d8%a7%d9%84%d8%ad%d9%84%d9%8a%d8%a8-%d8%8c-%d8%a8%d9%86%d8%af%d9%82-%d9%88-%d8%b5%d9%86%d9%88%d8%a8%d8%b1/,https://staging.lacuisinedebernard.com/%d8%ae%d8%a8%d8%b2-%d8%b4%d9%88%d9%83%d9%88%d9%84%d8%a7%d8%aa%d8%a9-%d8%a8%d8%a7%d9%84%d8%ad%d9%84%d9%8a%d8%a8-%d8%8c-%d8%a8%d9%86%d8%af%d9%82-%d9%88-%d8%b5%d9%86%d9%88%d8%a8%d8%b1
https://lacuisinedebernard.com/%d8%b9%d8%ac%d9%8a%d9%86%d8%a9-%d8%a7%d9%84%d8%a8%d9%81-%d8%a7%d9%84%d9%84%d8%a8%d9%86%d8%a7%d9%86%d9%8a%d8%a9-%d9%85%d8%b9-%d8%a7%d9%84%d9%83%d8%a7%d8%ac%d9%88,https://staging.lacuisinedebernard.com/%d8%b9%d8%ac%d9%8a%d9%86%d8%a9-%d8%a7%d9%84%d8%a8%d9%81-%d8%a7%d9%84%d9%84%d8%a8%d9%86%d8%a7%d9%86%d9%8a%d8%a9-%d9%85%d8%b9-%d8%a7%d9%84%d9%83%d8%a7%d8%ac%d9%88
https://lacuisinedebernard.com/%d8%b9%d8%ac%d9%8a%d9%86%d8%a9-%d8%a7%d9%84%d8%a8%d9%81-%d8%a7%d9%84%d9%84%d8%a8%d9%86%d8%a7%d9%86%d9%8a%d8%a9-%d9%85%d8%b9-%d8%a7%d9%84%d9%83%d8%a7%d8%ac%d9%88/,https://staging.lacuisinedebernard.com/%d8%b9%d8%ac%d9%8a%d9%86%d8%a9-%d8%a7%d9%84%d8%a8%d9%81-%d8%a7%d9%84%d9%84%d8%a8%d9%86%d8%a7%d9%86%d9%8a%d8%a9-%d9%85%d8%b9-%d8%a7%d9%84%d9%83%d8%a7%d8%ac%d9%88
https://www.lacuisinedebernard.com/%d8%b9%d8%ac%d9%8a%d9%86%d8%a9-%d8%a7%d9%84%d8%a8%d9%81-%d8%a7%d9%84%d9%84%d8%a8%d9%86%d8%a7%d9%86%d9%8a%d8%a9-%d9%85%d8%b9-%d8%a7%d9%84%d9%83%d8%a7%d8%ac%d9%88,https://staging.lacuisinedebernard.com/%d8%b9%d8%ac%d9%8a%d9%86%d8%a9-%d8%a7%d9%84%d8%a8%d9%81-%d8%a7%d9%84%d9%84%d8%a8%d9%86%d8%a7%d9%86%d9%8a%d8%a9-%d9%85%d8%b9-%d8%a7%d9%84%d9%83%d8%a7%d8%ac%d9%88
https://www.lacuisinedebernard.com/%d8%b9%d8%ac%d9%8a%d9%86%d8%a9-%d8%a7%d9%84%d8%a8%d9%81-%d8%a7%d9%84%d9%84%d8%a8%d9%86%d8%a7%d9%86%d9%8a%d8%a9-%d9%85%d8%b9-%d8%a7%d9%84%d9%83%d8%a7%d8%ac%d9%88/,https://staging.lacuisinedebernard.com/%d8%b9%d8%ac%d9%8a%d9%86%d8%a9-%d8%a7%d9%84%d8%a8%d9%81-%d8%a7%d9%84%d9%84%d8%a8%d9%86%d8%a7%d9%86%d9%8a%d8%a9-%d9%85%d8%b9-%d8%a7%d9%84%d9%83%d8%a7%d8%ac%d9%88
https://lacuisinedebernard.com/%d8%a8%d8%b3%d9%83%d9%88%d9%8a%d8%aa-%d8%a7%d9%84%d8%b4%d9%88%d9%81%d8%a7%d9%86-%d8%a8%d8%a7%d9%84%d8%b4%d9%88%d9%83%d9%88%d9%84%d8%a7%d8%aa%d8%a9-%d8%a7%d9%84%d8%af%d8%a7%d9%83%d9%86%d8%a9,https://staging.lacuisinedebernard.com/%d8%a8%d8%b3%d9%83%d9%88%d9%8a%d8%aa-%d8%a7%d9%84%d8%b4%d9%88%d9%81%d8%a7%d9%86-%d8%a8%d8%a7%d9%84%d8%b4%d9%88%d9%83%d9%88%d9%84%d8%a7%d8%aa%d8%a9-%d8%a7%d9%84%d8%af%d8%a7%d9%83%d9%86%d8%a9
https://lacuisinedebernard.com/%d8%a8%d8%b3%d9%83%d9%88%d9%8a%d8%aa-%d8%a7%d9%84%d8%b4%d9%88%d9%81%d8%a7%d9%86-%d8%a8%d8%a7%d9%84%d8%b4%d9%88%d9%83%d9%88%d9%84%d8%a7%d8%aa%d8%a9-%d8%a7%d9%84%d8%af%d8%a7%d9%83%d9%86%d8%a9/,https://staging.lacuisinedebernard.com/%d8%a8%d8%b3%d9%83%d9%88%d9%8a%d8%aa-%d8%a7%d9%84%d8%b4%d9%88%d9%81%d8%a7%d9%86-%d8%a8%d8%a7%d9%84%d8%b4%d9%88%d9%83%d9%88%d9%84%d8%a7%d8%aa%d8%a9-%d8%a7%d9%84%d8%af%d8%a7%d9%83%d9%86%d8%a9
https://www.lacuisinedebernard.com/%d8%a8%d8%b3%d9%83%d9%88%d9%8a%d8%aa-%d8%a7%d9%84%d8%b4%d9%88%d9%81%d8%a7%d9%86-%d8%a8%d8%a7%d9%84%d8%b4%d9%88%d9%83%d9%88%d9%84%d8%a7%d8%aa%d8%a9-%d8%a7%d9%84%d8%af%d8%a7%d9%83%d9%86%d8%a9,https://staging.lacuisinedebernard.com/%d8%a8%d8%b3%d9%83%d9%88%d9%8a%d8%aa-%d8%a7%d9%84%d8%b4%d9%88%d9%81%d8%a7%d9%86-%d8%a8%d8%a7%d9%84%d8%b4%d9%88%d9%83%d9%88%d9%84%d8%a7%d8%aa%d8%a9-%d8%a7%d9%84%d8%af%d8%a7%d9%83%d9%86%d8%a9
https://www.lacuisinedebernard.com/%d8%a8%d8%b3%d9%83%d9%88%d9%8a%d8%aa-%d8%a7%d9%84%d8%b4%d9%88%d9%81%d8%a7%d9%86-%d8%a8%d8%a7%d9%84%d8%b4%d9%88%d9%83%d9%88%d9%84%d8%a7%d8%aa%d8%a9-%d8%a7%d9%84%d8%af%d8%a7%d9%83%d9%86%d8%a9/,https://staging.lacuisinedebernard.com/%d8%a8%d8%b3%d9%83%d9%88%d9%8a%d8%aa-%d8%a7%d9%84%d8%b4%d9%88%d9%81%d8%a7%d9%86-%d8%a8%d8%a7%d9%84%d8%b4%d9%88%d9%83%d9%88%d9%84%d8%a7%d8%aa%d8%a9-%d8%a7%d9%84%d8%af%d8%a7%d9%83%d9%86%d8%a9
https://lacuisinedebernard.com/%d8%aa%d8%a7%d8%b1%d8%aa%d9%84%d9%8a%d8%aa-%d8%a7%d9%84%d8%ac%d8%a8%d9%86-%d8%a7%d9%84%d8%b7%d8%a7%d8%b2%d8%ac-%d9%88%d8%a7%d9%84%d9%8a%d9%88%d8%b3%d9%81%d9%8a,https://staging.lacuisinedebernard.com/%d8%aa%d8%a7%d8%b1%d8%aa%d9%84%d9%8a%d8%aa-%d8%a7%d9%84%d8%ac%d8%a8%d9%86-%d8%a7%d9%84%d8%b7%d8%a7%d8%b2%d8%ac-%d9%88%d8%a7%d9%84%d9%8a%d9%88%d8%b3%d9%81%d9%8a
https://lacuisinedebernard.com/%d8%aa%d8%a7%d8%b1%d8%aa%d9%84%d9%8a%d8%aa-%d8%a7%d9%84%d8%ac%d8%a8%d9%86-%d8%a7%d9%84%d8%b7%d8%a7%d8%b2%d8%ac-%d9%88%d8%a7%d9%84%d9%8a%d9%88%d8%b3%d9%81%d9%8a/,https://staging.lacuisinedebernard.com/%d8%aa%d8%a7%d8%b1%d8%aa%d9%84%d9%8a%d8%aa-%d8%a7%d9%84%d8%ac%d8%a8%d9%86-%d8%a7%d9%84%d8%b7%d8%a7%d8%b2%d8%ac-%d9%88%d8%a7%d9%84%d9%8a%d9%88%d8%b3%d9%81%d9%8a
https://www.lacuisinedebernard.com/%d8%aa%d8%a7%d8%b1%d8%aa%d9%84%d9%8a%d8%aa-%d8%a7%d9%84%d8%ac%d8%a8%d9%86-%d8%a7%d9%84%d8%b7%d8%a7%d8%b2%d8%ac-%d9%88%d8%a7%d9%84%d9%8a%d9%88%d8%b3%d9%81%d9%8a,https://staging.lacuisinedebernard.com/%d8%aa%d8%a7%d8%b1%d8%aa%d9%84%d9%8a%d8%aa-%d8%a7%d9%84%d8%ac%d8%a8%d9%86-%d8%a7%d9%84%d8%b7%d8%a7%d8%b2%d8%ac-%d9%88%d8%a7%d9%84%d9%8a%d9%88%d8%b3%d9%81%d9%8a
https://www.lacuisinedebernard.com/%d8%aa%d8%a7%d8%b1%d8%aa%d9%84%d9%8a%d8%aa-%d8%a7%d9%84%d8%ac%d8%a8%d9%86-%d8%a7%d9%84%d8%b7%d8%a7%d8%b2%d8%ac-%d9%88%d8%a7%d9%84%d9%8a%d9%88%d8%b3%d9%81%d9%8a/,https://staging.lacuisinedebernard.com/%d8%aa%d8%a7%d8%b1%d8%aa%d9%84%d9%8a%d8%aa-%d8%a7%d9%84%d8%ac%d8%a8%d9%86-%d8%a7%d9%84%d8%b7%d8%a7%d8%b2%d8%ac-%d9%88%d8%a7%d9%84%d9%8a%d9%88%d8%b3%d9%81%d9%8a
https://lacuisinedebernard.com/%d8%b4%d9%88%d9%83%d9%88%d9%84%d8%a7%d8%aa%d8%a9-%d8%8c-%d9%82%d9%87%d9%88%d8%a9-%d8%8c-%d8%ac%d9%88%d8%b2-%d9%88-%d9%81%d9%88%d9%86%d8%af%d8%a7%d9%86-%d8%a8%d8%b1%d8%aa%d9%82%d8%a7%d9%84-%d9%85%d8%b3,https://staging.lacuisinedebernard.com/%d8%b4%d9%88%d9%83%d9%88%d9%84%d8%a7%d8%aa%d8%a9-%d8%8c-%d9%82%d9%87%d9%88%d8%a9-%d8%8c-%d8%ac%d9%88%d8%b2-%d9%88-%d9%81%d9%88%d9%86%d8%af%d8%a7%d9%86-%d8%a8%d8%b1%d8%aa%d9%82%d8%a7%d9%84-%d9%85%d8%b3
https://lacuisinedebernard.com/%d8%b4%d9%88%d9%83%d9%88%d9%84%d8%a7%d8%aa%d8%a9-%d8%8c-%d9%82%d9%87%d9%88%d8%a9-%d8%8c-%d8%ac%d9%88%d8%b2-%d9%88-%d9%81%d9%88%d9%86%d8%af%d8%a7%d9%86-%d8%a8%d8%b1%d8%aa%d9%82%d8%a7%d9%84-%d9%85%d8%b3/,https://staging.lacuisinedebernard.com/%d8%b4%d9%88%d9%83%d9%88%d9%84%d8%a7%d8%aa%d8%a9-%d8%8c-%d9%82%d9%87%d9%88%d8%a9-%d8%8c-%d8%ac%d9%88%d8%b2-%d9%88-%d9%81%d9%88%d9%86%d8%af%d8%a7%d9%86-%d8%a8%d8%b1%d8%aa%d9%82%d8%a7%d9%84-%d9%85%d8%b3
https://www.lacuisinedebernard.com/%d8%b4%d9%88%d9%83%d9%88%d9%84%d8%a7%d8%aa%d8%a9-%d8%8c-%d9%82%d9%87%d9%88%d8%a9-%d8%8c-%d8%ac%d9%88%d8%b2-%d9%88-%d9%81%d9%88%d9%86%d8%af%d8%a7%d9%86-%d8%a8%d8%b1%d8%aa%d9%82%d8%a7%d9%84-%d9%85%d8%b3,https://staging.lacuisinedebernard.com/%d8%b4%d9%88%d9%83%d9%88%d9%84%d8%a7%d8%aa%d8%a9-%d8%8c-%d9%82%d9%87%d9%88%d8%a9-%d8%8c-%d8%ac%d9%88%d8%b2-%d9%88-%d9%81%d9%88%d9%86%d8%af%d8%a7%d9%86-%d8%a8%d8%b1%d8%aa%d9%82%d8%a7%d9%84-%d9%85%d8%b3
https://www.lacuisinedebernard.com/%d8%b4%d9%88%d9%83%d9%88%d9%84%d8%a7%d8%aa%d8%a9-%d8%8c-%d9%82%d9%87%d9%88%d8%a9-%d8%8c-%d8%ac%d9%88%d8%b2-%d9%88-%d9%81%d9%88%d9%86%d8%af%d8%a7%d9%86-%d8%a8%d8%b1%d8%aa%d9%82%d8%a7%d9%84-%d9%85%d8%b3/,https://staging.lacuisinedebernard.com/%d8%b4%d9%88%d9%83%d9%88%d9%84%d8%a7%d8%aa%d8%a9-%d8%8c-%d9%82%d9%87%d9%88%d8%a9-%d8%8c-%d8%ac%d9%88%d8%b2-%d9%88-%d9%81%d9%88%d9%86%d8%af%d8%a7%d9%86-%d8%a8%d8%b1%d8%aa%d9%82%d8%a7%d9%84-%d9%85%d8%b3
https://lacuisinedebernard.com/%d8%a7%d9%84%d8%ba%d8%b1%d9%8a%d8%a8%d8%a9-%d8%a7%d9%84%d9%83%d8%b1%d8%a7%d9%85%d9%8a%d9%84-%d9%88%d8%a7%d9%84%d8%b5%d9%86%d9%88%d8%a8%d8%b1,https://staging.lacuisinedebernard.com/%d8%a7%d9%84%d8%ba%d8%b1%d9%8a%d8%a8%d8%a9-%d8%a7%d9%84%d9%83%d8%b1%d8%a7%d9%85%d9%8a%d9%84-%d9%88%d8%a7%d9%84%d8%b5%d9%86%d9%88%d8%a8%d8%b1
https://lacuisinedebernard.com/%d8%a7%d9%84%d8%ba%d8%b1%d9%8a%d8%a8%d8%a9-%d8%a7%d9%84%d9%83%d8%b1%d8%a7%d9%85%d9%8a%d9%84-%d9%88%d8%a7%d9%84%d8%b5%d9%86%d9%88%d8%a8%d8%b1/,https://staging.lacuisinedebernard.com/%d8%a7%d9%84%d8%ba%d8%b1%d9%8a%d8%a8%d8%a9-%d8%a7%d9%84%d9%83%d8%b1%d8%a7%d9%85%d9%8a%d9%84-%d9%88%d8%a7%d9%84%d8%b5%d9%86%d9%88%d8%a8%d8%b1
https://www.lacuisinedebernard.com/%d8%a7%d9%84%d8%ba%d8%b1%d9%8a%d8%a8%d8%a9-%d8%a7%d9%84%d9%83%d8%b1%d8%a7%d9%85%d9%8a%d9%84-%d9%88%d8%a7%d9%84%d8%b5%d9%86%d9%88%d8%a8%d8%b1,https://staging.lacuisinedebernard.com/%d8%a7%d9%84%d8%ba%d8%b1%d9%8a%d8%a8%d8%a9-%d8%a7%d9%84%d9%83%d8%b1%d8%a7%d9%85%d9%8a%d9%84-%d9%88%d8%a7%d9%84%d8%b5%d9%86%d9%88%d8%a8%d8%b1
https://www.lacuisinedebernard.com/%d8%a7%d9%84%d8%ba%d8%b1%d9%8a%d8%a8%d8%a9-%d8%a7%d9%84%d9%83%d8%b1%d8%a7%d9%85%d9%8a%d9%84-%d9%88%d8%a7%d9%84%d8%b5%d9%86%d9%88%d8%a8%d8%b1/,https://staging.lacuisinedebernard.com/%d8%a7%d9%84%d8%ba%d8%b1%d9%8a%d8%a8%d8%a9-%d8%a7%d9%84%d9%83%d8%b1%d8%a7%d9%85%d9%8a%d9%84-%d9%88%d8%a7%d9%84%d8%b5%d9%86%d9%88%d8%a8%d8%b1
https://lacuisinedebernard.com/%d9%85%d9%84%d9%81%d8%a7%d8%aa-%d8%aa%d8%b9%d8%b1%d9%8a%d9%81-%d8%a7%d9%84%d8%a7%d8%b1%d8%aa%d8%a8%d8%a7%d8%b7-%d8%a7%d9%84%d8%aa%d9%88%d8%a7%d8%a8%d9%84-%d9%88%d8%a7%d9%84%d8%ac%d9%88%d8%b2-%d8%a7,https://staging.lacuisinedebernard.com/%d9%85%d9%84%d9%81%d8%a7%d8%aa-%d8%aa%d8%b9%d8%b1%d9%8a%d9%81-%d8%a7%d9%84%d8%a7%d8%b1%d8%aa%d8%a8%d8%a7%d8%b7-%d8%a7%d9%84%d8%aa%d9%88%d8%a7%d8%a8%d9%84-%d9%88%d8%a7%d9%84%d8%ac%d9%88%d8%b2-%d8%a7
https://lacuisinedebernard.com/%d9%85%d9%84%d9%81%d8%a7%d8%aa-%d8%aa%d8%b9%d8%b1%d9%8a%d9%81-%d8%a7%d9%84%d8%a7%d8%b1%d8%aa%d8%a8%d8%a7%d8%b7-%d8%a7%d9%84%d8%aa%d9%88%d8%a7%d8%a8%d9%84-%d9%88%d8%a7%d9%84%d8%ac%d9%88%d8%b2-%d8%a7/,https://staging.lacuisinedebernard.com/%d9%85%d9%84%d9%81%d8%a7%d8%aa-%d8%aa%d8%b9%d8%b1%d9%8a%d9%81-%d8%a7%d9%84%d8%a7%d8%b1%d8%aa%d8%a8%d8%a7%d8%b7-%d8%a7%d9%84%d8%aa%d9%88%d8%a7%d8%a8%d9%84-%d9%88%d8%a7%d9%84%d8%ac%d9%88%d8%b2-%d8%a7
https://www.lacuisinedebernard.com/%d9%85%d9%84%d9%81%d8%a7%d8%aa-%d8%aa%d8%b9%d8%b1%d9%8a%d9%81-%d8%a7%d9%84%d8%a7%d8%b1%d8%aa%d8%a8%d8%a7%d8%b7-%d8%a7%d9%84%d8%aa%d9%88%d8%a7%d8%a8%d9%84-%d9%88%d8%a7%d9%84%d8%ac%d9%88%d8%b2-%d8%a7,https://staging.lacuisinedebernard.com/%d9%85%d9%84%d9%81%d8%a7%d8%aa-%d8%aa%d8%b9%d8%b1%d9%8a%d9%81-%d8%a7%d9%84%d8%a7%d8%b1%d8%aa%d8%a8%d8%a7%d8%b7-%d8%a7%d9%84%d8%aa%d9%88%d8%a7%d8%a8%d9%84-%d9%88%d8%a7%d9%84%d8%ac%d9%88%d8%b2-%d8%a7
https://www.lacuisinedebernard.com/%d9%85%d9%84%d9%81%d8%a7%d8%aa-%d8%aa%d8%b9%d8%b1%d9%8a%d9%81-%d8%a7%d9%84%d8%a7%d8%b1%d8%aa%d8%a8%d8%a7%d8%b7-%d8%a7%d9%84%d8%aa%d9%88%d8%a7%d8%a8%d9%84-%d9%88%d8%a7%d9%84%d8%ac%d9%88%d8%b2-%d8%a7/,https://staging.lacuisinedebernard.com/%d9%85%d9%84%d9%81%d8%a7%d8%aa-%d8%aa%d8%b9%d8%b1%d9%8a%d9%81-%d8%a7%d9%84%d8%a7%d8%b1%d8%aa%d8%a8%d8%a7%d8%b7-%d8%a7%d9%84%d8%aa%d9%88%d8%a7%d8%a8%d9%84-%d9%88%d8%a7%d9%84%d8%ac%d9%88%d8%b2-%d8%a7
https://lacuisinedebernard.com/%d9%83%d8%b9%d9%83-%d9%86%d8%a7%d8%b9%d9%85-%d9%84%d9%84%d9%87%d9%88%d8%aa-%d8%af%d9%88%d8%ac-%d8%a8%d8%b7%d8%b1%d9%8a%d9%82%d8%a9-%d9%8a%d9%88%d8%af%d8%a7%d9%86,https://staging.lacuisinedebernard.com/%d9%83%d8%b9%d9%83-%d9%86%d8%a7%d8%b9%d9%85-%d9%84%d9%84%d9%87%d9%88%d8%aa-%d8%af%d9%88%d8%ac-%d8%a8%d8%b7%d8%b1%d9%8a%d9%82%d8%a9-%d9%8a%d9%88%d8%af%d8%a7%d9%86
https://lacuisinedebernard.com/%d9%83%d8%b9%d9%83-%d9%86%d8%a7%d8%b9%d9%85-%d9%84%d9%84%d9%87%d9%88%d8%aa-%d8%af%d9%88%d8%ac-%d8%a8%d8%b7%d8%b1%d9%8a%d9%82%d8%a9-%d9%8a%d9%88%d8%af%d8%a7%d9%86/,https://staging.lacuisinedebernard.com/%d9%83%d8%b9%d9%83-%d9%86%d8%a7%d8%b9%d9%85-%d9%84%d9%84%d9%87%d9%88%d8%aa-%d8%af%d9%88%d8%ac-%d8%a8%d8%b7%d8%b1%d9%8a%d9%82%d8%a9-%d9%8a%d9%88%d8%af%d8%a7%d9%86
https://www.lacuisinedebernard.com/%d9%83%d8%b9%d9%83-%d9%86%d8%a7%d8%b9%d9%85-%d9%84%d9%84%d9%87%d9%88%d8%aa-%d8%af%d9%88%d8%ac-%d8%a8%d8%b7%d8%b1%d9%8a%d9%82%d8%a9-%d9%8a%d9%88%d8%af%d8%a7%d9%86,https://staging.lacuisinedebernard.com/%d9%83%d8%b9%d9%83-%d9%86%d8%a7%d8%b9%d9%85-%d9%84%d9%84%d9%87%d9%88%d8%aa-%d8%af%d9%88%d8%ac-%d8%a8%d8%b7%d8%b1%d9%8a%d9%82%d8%a9-%d9%8a%d9%88%d8%af%d8%a7%d9%86
https://www.lacuisinedebernard.com/%d9%83%d8%b9%d9%83-%d9%86%d8%a7%d8%b9%d9%85-%d9%84%d9%84%d9%87%d9%88%d8%aa-%d8%af%d9%88%d8%ac-%d8%a8%d8%b7%d8%b1%d9%8a%d9%82%d8%a9-%d9%8a%d9%88%d8%af%d8%a7%d9%86/,https://staging.lacuisinedebernard.com/%d9%83%d8%b9%d9%83-%d9%86%d8%a7%d8%b9%d9%85-%d9%84%d9%84%d9%87%d9%88%d8%aa-%d8%af%d9%88%d8%ac-%d8%a8%d8%b7%d8%b1%d9%8a%d9%82%d8%a9-%d9%8a%d9%88%d8%af%d8%a7%d9%86
https://lacuisinedebernard.com/%d9%82%d8%a7%d9%84%d8%a8-%d9%82%d8%b1%d8%b5-%d8%a7%d9%84%d8%b9%d8%b3%d9%84-%d9%85%d8%ad%d9%84%d9%8a-%d8%a7%d9%84%d8%b5%d9%86%d8%b9-%d9%85%d9%86-%d8%a7%d9%84%d8%b3%d9%8a%d9%84%d9%8a%d9%83%d9%88%d9%86,https://staging.lacuisinedebernard.com/%d9%82%d8%a7%d9%84%d8%a8-%d9%82%d8%b1%d8%b5-%d8%a7%d9%84%d8%b9%d8%b3%d9%84-%d9%85%d8%ad%d9%84%d9%8a-%d8%a7%d9%84%d8%b5%d9%86%d8%b9-%d9%85%d9%86-%d8%a7%d9%84%d8%b3%d9%8a%d9%84%d9%8a%d9%83%d9%88%d9%86
https://lacuisinedebernard.com/%d9%82%d8%a7%d9%84%d8%a8-%d9%82%d8%b1%d8%b5-%d8%a7%d9%84%d8%b9%d8%b3%d9%84-%d9%85%d8%ad%d9%84%d9%8a-%d8%a7%d9%84%d8%b5%d9%86%d8%b9-%d9%85%d9%86-%d8%a7%d9%84%d8%b3%d9%8a%d9%84%d9%8a%d9%83%d9%88%d9%86/,https://staging.lacuisinedebernard.com/%d9%82%d8%a7%d9%84%d8%a8-%d9%82%d8%b1%d8%b5-%d8%a7%d9%84%d8%b9%d8%b3%d9%84-%d9%85%d8%ad%d9%84%d9%8a-%d8%a7%d9%84%d8%b5%d9%86%d8%b9-%d9%85%d9%86-%d8%a7%d9%84%d8%b3%d9%8a%d9%84%d9%8a%d9%83%d9%88%d9%86
https://www.lacuisinedebernard.com/%d9%82%d8%a7%d9%84%d8%a8-%d9%82%d8%b1%d8%b5-%d8%a7%d9%84%d8%b9%d8%b3%d9%84-%d9%85%d8%ad%d9%84%d9%8a-%d8%a7%d9%84%d8%b5%d9%86%d8%b9-%d9%85%d9%86-%d8%a7%d9%84%d8%b3%d9%8a%d9%84%d9%8a%d9%83%d9%88%d9%86,https://staging.lacuisinedebernard.com/%d9%82%d8%a7%d9%84%d8%a8-%d9%82%d8%b1%d8%b5-%d8%a7%d9%84%d8%b9%d8%b3%d9%84-%d9%85%d8%ad%d9%84%d9%8a-%d8%a7%d9%84%d8%b5%d9%86%d8%b9-%d9%85%d9%86-%d8%a7%d9%84%d8%b3%d9%8a%d9%84%d9%8a%d9%83%d9%88%d9%86
https://www.lacuisinedebernard.com/%d9%82%d8%a7%d9%84%d8%a8-%d9%82%d8%b1%d8%b5-%d8%a7%d9%84%d8%b9%d8%b3%d9%84-%d9%85%d8%ad%d9%84%d9%8a-%d8%a7%d9%84%d8%b5%d9%86%d8%b9-%d9%85%d9%86-%d8%a7%d9%84%d8%b3%d9%8a%d9%84%d9%8a%d9%83%d9%88%d9%86/,https://staging.lacuisinedebernard.com/%d9%82%d8%a7%d9%84%d8%a8-%d9%82%d8%b1%d8%b5-%d8%a7%d9%84%d8%b9%d8%b3%d9%84-%d9%85%d8%ad%d9%84%d9%8a-%d8%a7%d9%84%d8%b5%d9%86%d8%b9-%d9%85%d9%86-%d8%a7%d9%84%d8%b3%d9%8a%d9%84%d9%8a%d9%83%d9%88%d9%86
https://lacuisinedebernard.com/%d9%83%d8%b1%d9%8a%d9%85%d8%a9-%d8%a7%d9%84%d8%a8%d9%8a%d8%b6,https://staging.lacuisinedebernard.com/%d9%83%d8%b1%d9%8a%d9%85%d8%a9-%d8%a7%d9%84%d8%a8%d9%8a%d8%b6
https://lacuisinedebernard.com/%d9%83%d8%b1%d9%8a%d9%85%d8%a9-%d8%a7%d9%84%d8%a8%d9%8a%d8%b6/,https://staging.lacuisinedebernard.com/%d9%83%d8%b1%d9%8a%d9%85%d8%a9-%d8%a7%d9%84%d8%a8%d9%8a%d8%b6
https://www.lacuisinedebernard.com/%d9%83%d8%b1%d9%8a%d9%85%d8%a9-%d8%a7%d9%84%d8%a8%d9%8a%d8%b6,https://staging.lacuisinedebernard.com/%d9%83%d8%b1%d9%8a%d9%85%d8%a9-%d8%a7%d9%84%d8%a8%d9%8a%d8%b6
https://www.lacuisinedebernard.com/%d9%83%d8%b1%d9%8a%d9%85%d8%a9-%d8%a7%d9%84%d8%a8%d9%8a%d8%b6/,https://staging.lacuisinedebernard.com/%d9%83%d8%b1%d9%8a%d9%85%d8%a9-%d8%a7%d9%84%d8%a8%d9%8a%d8%b6
https://lacuisinedebernard.com/atayef-assafiri,https://staging.lacuisinedebernard.com/atayef-assafiri
https://lacuisinedebernard.com/atayef-assafiri/,https://staging.lacuisinedebernard.com/atayef-assafiri
https://www.lacuisinedebernard.com/atayef-assafiri,https://staging.lacuisinedebernard.com/atayef-assafiri
https://www.lacuisinedebernard.com/atayef-assafiri/,https://staging.lacuisinedebernard.com/atayef-assafiri
https://lacuisinedebernard.com/ensalada-de-garbanzos,https://staging.lacuisinedebernard.com/ensalada-de-garbanzos
https://lacuisinedebernard.com/ensalada-de-garbanzos/,https://staging.lacuisinedebernard.com/ensalada-de-garbanzos
https://www.lacuisinedebernard.com/ensalada-de-garbanzos,https://staging.lacuisinedebernard.com/ensalada-de-garbanzos
https://www.lacuisinedebernard.com/ensalada-de-garbanzos/,https://staging.lacuisinedebernard.com/ensalada-de-garbanzos
https://lacuisinedebernard.com/beirute,https://staging.lacuisinedebernard.com/beirute
https://lacuisinedebernard.com/beirute/,https://staging.lacuisinedebernard.com/beirute
https://www.lacuisinedebernard.com/beirute,https://staging.lacuisinedebernard.com/beirute
https://www.lacuisinedebernard.com/beirute/,https://staging.lacuisinedebernard.com/beirute
https://lacuisinedebernard.com/salada-de-grao-de-bico,https://staging.lacuisinedebernard.com/salada-de-grao-de-bico
https://lacuisinedebernard.com/salada-de-grao-de-bico/,https://staging.lacuisinedebernard.com/salada-de-grao-de-bico
https://www.lacuisinedebernard.com/salada-de-grao-de-bico,https://staging.lacuisinedebernard.com/salada-de-grao-de-bico
https://www.lacuisinedebernard.com/salada-de-grao-de-bico/,https://staging.lacuisinedebernard.com/salada-de-grao-de-bico
https://lacuisinedebernard.com/chickpea-salad,https://staging.lacuisinedebernard.com/chickpea-salad
https://lacuisinedebernard.com/chickpea-salad/,https://staging.lacuisinedebernard.com/chickpea-salad
https://www.lacuisinedebernard.com/chickpea-salad,https://staging.lacuisinedebernard.com/chickpea-salad
https://www.lacuisinedebernard.com/chickpea-salad/,https://staging.lacuisinedebernard.com/chickpea-salad
https://lacuisinedebernard.com/%d8%a8%d9%8a%d8%b1%d9%88%d8%aa,https://staging.lacuisinedebernard.com/%d8%a8%d9%8a%d8%b1%d9%88%d8%aa
https://lacuisinedebernard.com/%d8%a8%d9%8a%d8%b1%d9%88%d8%aa/,https://staging.lacuisinedebernard.com/%d8%a8%d9%8a%d8%b1%d9%88%d8%aa
https://www.lacuisinedebernard.com/%d8%a8%d9%8a%d8%b1%d9%88%d8%aa,https://staging.lacuisinedebernard.com/%d8%a8%d9%8a%d8%b1%d9%88%d8%aa
https://www.lacuisinedebernard.com/%d8%a8%d9%8a%d8%b1%d9%88%d8%aa/,https://staging.lacuisinedebernard.com/%d8%a8%d9%8a%d8%b1%d9%88%d8%aa
https://lacuisinedebernard.com/%d8%b3%d9%84%d8%b7%d8%a9-%d8%a7%d9%84%d8%ad%d9%85%d8%b5,https://staging.lacuisinedebernard.com/%d8%b3%d9%84%d8%b7%d8%a9-%d8%a7%d9%84%d8%ad%d9%85%d8%b5
https://lacuisinedebernard.com/%d8%b3%d9%84%d8%b7%d8%a9-%d8%a7%d9%84%d8%ad%d9%85%d8%b5/,https://staging.lacuisinedebernard.com/%d8%b3%d9%84%d8%b7%d8%a9-%d8%a7%d9%84%d8%ad%d9%85%d8%b5
https://www.lacuisinedebernard.com/%d8%b3%d9%84%d8%b7%d8%a9-%d8%a7%d9%84%d8%ad%d9%85%d8%b5,https://staging.lacuisinedebernard.com/%d8%b3%d9%84%d8%b7%d8%a9-%d8%a7%d9%84%d8%ad%d9%85%d8%b5
https://www.lacuisinedebernard.com/%d8%b3%d9%84%d8%b7%d8%a9-%d8%a7%d9%84%d8%ad%d9%85%d8%b5/,https://staging.lacuisinedebernard.com/%d8%b3%d9%84%d8%b7%d8%a9-%d8%a7%d9%84%d8%ad%d9%85%d8%b5
https://lacuisinedebernard.com/%d8%b4%d9%8a%d8%af%d8%b1-%d8%b4%d9%8a%d8%af%d8%b1-%d9%81%d8%b3%d8%aa%d9%82-%d8%b4%d9%88%d8%b1%d8%aa%d8%a8%d8%b1%d9%8a%d8%af-%d9%85%d8%a7%d9%84%d8%ad,https://staging.lacuisinedebernard.com/%d8%b4%d9%8a%d8%af%d8%b1-%d8%b4%d9%8a%d8%af%d8%b1-%d9%81%d8%b3%d8%aa%d9%82-%d8%b4%d9%88%d8%b1%d8%aa%d8%a8%d8%b1%d9%8a%d8%af-%d9%85%d8%a7%d9%84%d8%ad
https://lacuisinedebernard.com/%d8%b4%d9%8a%d8%af%d8%b1-%d8%b4%d9%8a%d8%af%d8%b1-%d9%81%d8%b3%d8%aa%d9%82-%d8%b4%d9%88%d8%b1%d8%aa%d8%a8%d8%b1%d9%8a%d8%af-%d9%85%d8%a7%d9%84%d8%ad/,https://staging.lacuisinedebernard.com/%d8%b4%d9%8a%d8%af%d8%b1-%d8%b4%d9%8a%d8%af%d8%b1-%d9%81%d8%b3%d8%aa%d9%82-%d8%b4%d9%88%d8%b1%d8%aa%d8%a8%d8%b1%d9%8a%d8%af-%d9%85%d8%a7%d9%84%d8%ad
https://www.lacuisinedebernard.com/%d8%b4%d9%8a%d8%af%d8%b1-%d8%b4%d9%8a%d8%af%d8%b1-%d9%81%d8%b3%d8%aa%d9%82-%d8%b4%d9%88%d8%b1%d8%aa%d8%a8%d8%b1%d9%8a%d8%af-%d9%85%d8%a7%d9%84%d8%ad,https://staging.lacuisinedebernard.com/%d8%b4%d9%8a%d8%af%d8%b1-%d8%b4%d9%8a%d8%af%d8%b1-%d9%81%d8%b3%d8%aa%d9%82-%d8%b4%d9%88%d8%b1%d8%aa%d8%a8%d8%b1%d9%8a%d8%af-%d9%85%d8%a7%d9%84%d8%ad
https://www.lacuisinedebernard.com/%d8%b4%d9%8a%d8%af%d8%b1-%d8%b4%d9%8a%d8%af%d8%b1-%d9%81%d8%b3%d8%aa%d9%82-%d8%b4%d9%88%d8%b1%d8%aa%d8%a8%d8%b1%d9%8a%d8%af-%d9%85%d8%a7%d9%84%d8%ad/,https://staging.lacuisinedebernard.com/%d8%b4%d9%8a%d8%af%d8%b1-%d8%b4%d9%8a%d8%af%d8%b1-%d9%81%d8%b3%d8%aa%d9%82-%d8%b4%d9%88%d8%b1%d8%aa%d8%a8%d8%b1%d9%8a%d8%af-%d9%85%d8%a7%d9%84%d8%ad
https://lacuisinedebernard.com/arlettes,https://staging.lacuisinedebernard.com/arlettes
https://lacuisinedebernard.com/arlettes/,https://staging.lacuisinedebernard.com/arlettes
https://www.lacuisinedebernard.com/arlettes,https://staging.lacuisinedebernard.com/arlettes
https://www.lacuisinedebernard.com/arlettes/,https://staging.lacuisinedebernard.com/arlettes
https://lacuisinedebernard.com/%d8%a3%d8%b1%d9%84%d9%8a%d8%aa%d8%b3,https://staging.lacuisinedebernard.com/%d8%a3%d8%b1%d9%84%d9%8a%d8%aa%d8%b3
https://lacuisinedebernard.com/%d8%a3%d8%b1%d9%84%d9%8a%d8%aa%d8%b3/,https://staging.lacuisinedebernard.com/%d8%a3%d8%b1%d9%84%d9%8a%d8%aa%d8%b3
https://www.lacuisinedebernard.com/%d8%a3%d8%b1%d9%84%d9%8a%d8%aa%d8%b3,https://staging.lacuisinedebernard.com/%d8%a3%d8%b1%d9%84%d9%8a%d8%aa%d8%b3
https://www.lacuisinedebernard.com/%d8%a3%d8%b1%d9%84%d9%8a%d8%aa%d8%b3/,https://staging.lacuisinedebernard.com/%d8%a3%d8%b1%d9%84%d9%8a%d8%aa%d8%b3
https://lacuisinedebernard.com/alcachofa-asada-con-feta-y-eneldo,https://staging.lacuisinedebernard.com/alcachofa-asada-con-feta-y-eneldo
https://lacuisinedebernard.com/alcachofa-asada-con-feta-y-eneldo/,https://staging.lacuisinedebernard.com/alcachofa-asada-con-feta-y-eneldo
https://www.lacuisinedebernard.com/alcachofa-asada-con-feta-y-eneldo,https://staging.lacuisinedebernard.com/alcachofa-asada-con-feta-y-eneldo
https://www.lacuisinedebernard.com/alcachofa-asada-con-feta-y-eneldo/,https://staging.lacuisinedebernard.com/alcachofa-asada-con-feta-y-eneldo
https://lacuisinedebernard.com/alcachofra-assada-com-feta-e-aneto,https://staging.lacuisinedebernard.com/alcachofra-assada-com-feta-e-aneto
https://lacuisinedebernard.com/alcachofra-assada-com-feta-e-aneto/,https://staging.lacuisinedebernard.com/alcachofra-assada-com-feta-e-aneto
https://www.lacuisinedebernard.com/alcachofra-assada-com-feta-e-aneto,https://staging.lacuisinedebernard.com/alcachofra-assada-com-feta-e-aneto
https://www.lacuisinedebernard.com/alcachofra-assada-com-feta-e-aneto/,https://staging.lacuisinedebernard.com/alcachofra-assada-com-feta-e-aneto
https://lacuisinedebernard.com/roasted-artichoke-with-feta-and-dill,https://staging.lacuisinedebernard.com/roasted-artichoke-with-feta-and-dill
https://lacuisinedebernard.com/roasted-artichoke-with-feta-and-dill/,https://staging.lacuisinedebernard.com/roasted-artichoke-with-feta-and-dill
https://www.lacuisinedebernard.com/roasted-artichoke-with-feta-and-dill,https://staging.lacuisinedebernard.com/roasted-artichoke-with-feta-and-dill
https://www.lacuisinedebernard.com/roasted-artichoke-with-feta-and-dill/,https://staging.lacuisinedebernard.com/roasted-artichoke-with-feta-and-dill
https://lacuisinedebernard.com/babka-de-canela,https://staging.lacuisinedebernard.com/babka-de-canela
https://lacuisinedebernard.com/babka-de-canela/,https://staging.lacuisinedebernard.com/babka-de-canela
https://www.lacuisinedebernard.com/babka-de-canela,https://staging.lacuisinedebernard.com/babka-de-canela
https://www.lacuisinedebernard.com/babka-de-canela/,https://staging.lacuisinedebernard.com/babka-de-canela
https://lacuisinedebernard.com/canela-babka,https://staging.lacuisinedebernard.com/canela-babka
https://lacuisinedebernard.com/canela-babka/,https://staging.lacuisinedebernard.com/canela-babka
https://www.lacuisinedebernard.com/canela-babka,https://staging.lacuisinedebernard.com/canela-babka
https://www.lacuisinedebernard.com/canela-babka/,https://staging.lacuisinedebernard.com/canela-babka
https://lacuisinedebernard.com/cinnamon-babka,https://staging.lacuisinedebernard.com/cinnamon-babka
https://lacuisinedebernard.com/cinnamon-babka/,https://staging.lacuisinedebernard.com/cinnamon-babka
https://www.lacuisinedebernard.com/cinnamon-babka,https://staging.lacuisinedebernard.com/cinnamon-babka
https://www.lacuisinedebernard.com/cinnamon-babka/,https://staging.lacuisinedebernard.com/cinnamon-babka
https://lacuisinedebernard.com/pao-curto-salgado-do-sul,https://staging.lacuisinedebernard.com/pao-curto-salgado-do-sul
https://lacuisinedebernard.com/pao-curto-salgado-do-sul/,https://staging.lacuisinedebernard.com/pao-curto-salgado-do-sul
https://www.lacuisinedebernard.com/pao-curto-salgado-do-sul,https://staging.lacuisinedebernard.com/pao-curto-salgado-do-sul
https://www.lacuisinedebernard.com/pao-curto-salgado-do-sul/,https://staging.lacuisinedebernard.com/pao-curto-salgado-do-sul
https://lacuisinedebernard.com/%d8%b4%d9%88%d8%b1%d8%aa%d8%a8%d8%b1%d9%8a%d8%af%d8%b3-%d9%84%d8%b0%d9%8a%d8%b0-%d9%85%d9%86-%d8%a7%d9%84%d8%ac%d9%86%d9%88%d8%a8,https://staging.lacuisinedebernard.com/%d8%b4%d9%88%d8%b1%d8%aa%d8%a8%d8%b1%d9%8a%d8%af%d8%b3-%d9%84%d8%b0%d9%8a%d8%b0-%d9%85%d9%86-%d8%a7%d9%84%d8%ac%d9%86%d9%88%d8%a8
https://lacuisinedebernard.com/%d8%b4%d9%88%d8%b1%d8%aa%d8%a8%d8%b1%d9%8a%d8%af%d8%b3-%d9%84%d8%b0%d9%8a%d8%b0-%d9%85%d9%86-%d8%a7%d9%84%d8%ac%d9%86%d9%88%d8%a8/,https://staging.lacuisinedebernard.com/%d8%b4%d9%88%d8%b1%d8%aa%d8%a8%d8%b1%d9%8a%d8%af%d8%b3-%d9%84%d8%b0%d9%8a%d8%b0-%d9%85%d9%86-%d8%a7%d9%84%d8%ac%d9%86%d9%88%d8%a8
https://www.lacuisinedebernard.com/%d8%b4%d9%88%d8%b1%d8%aa%d8%a8%d8%b1%d9%8a%d8%af%d8%b3-%d9%84%d8%b0%d9%8a%d8%b0-%d9%85%d9%86-%d8%a7%d9%84%d8%ac%d9%86%d9%88%d8%a8,https://staging.lacuisinedebernard.com/%d8%b4%d9%88%d8%b1%d8%aa%d8%a8%d8%b1%d9%8a%d8%af%d8%b3-%d9%84%d8%b0%d9%8a%d8%b0-%d9%85%d9%86-%d8%a7%d9%84%d8%ac%d9%86%d9%88%d8%a8
https://www.lacuisinedebernard.com/%d8%b4%d9%88%d8%b1%d8%aa%d8%a8%d8%b1%d9%8a%d8%af%d8%b3-%d9%84%d8%b0%d9%8a%d8%b0-%d9%85%d9%86-%d8%a7%d9%84%d8%ac%d9%86%d9%88%d8%a8/,https://staging.lacuisinedebernard.com/%d8%b4%d9%88%d8%b1%d8%aa%d8%a8%d8%b1%d9%8a%d8%af%d8%b3-%d9%84%d8%b0%d9%8a%d8%b0-%d9%85%d9%86-%d8%a7%d9%84%d8%ac%d9%86%d9%88%d8%a8
https://lacuisinedebernard.com/pan-dulce-salado-del-sur,https://staging.lacuisinedebernard.com/pan-dulce-salado-del-sur
https://lacuisinedebernard.com/pan-dulce-salado-del-sur/,https://staging.lacuisinedebernard.com/pan-dulce-salado-del-sur
https://www.lacuisinedebernard.com/pan-dulce-salado-del-sur,https://staging.lacuisinedebernard.com/pan-dulce-salado-del-sur
https://www.lacuisinedebernard.com/pan-dulce-salado-del-sur/,https://staging.lacuisinedebernard.com/pan-dulce-salado-del-sur
https://lacuisinedebernard.com/southern-salted-shortbread,https://staging.lacuisinedebernard.com/southern-salted-shortbread
https://lacuisinedebernard.com/southern-salted-shortbread/,https://staging.lacuisinedebernard.com/southern-salted-shortbread
https://www.lacuisinedebernard.com/southern-salted-shortbread,https://staging.lacuisinedebernard.com/southern-salted-shortbread
https://www.lacuisinedebernard.com/southern-salted-shortbread/,https://staging.lacuisinedebernard.com/southern-salted-shortbread
https://lacuisinedebernard.com/clafoutis-de-cereja-a-verdadeira-e-a-minha-versao,https://staging.lacuisinedebernard.com/clafoutis-de-cereja-a-verdadeira-e-a-minha-versao
https://lacuisinedebernard.com/clafoutis-de-cereja-a-verdadeira-e-a-minha-versao/,https://staging.lacuisinedebernard.com/clafoutis-de-cereja-a-verdadeira-e-a-minha-versao
https://www.lacuisinedebernard.com/clafoutis-de-cereja-a-verdadeira-e-a-minha-versao,https://staging.lacuisinedebernard.com/clafoutis-de-cereja-a-verdadeira-e-a-minha-versao
https://www.lacuisinedebernard.com/clafoutis-de-cereja-a-verdadeira-e-a-minha-versao/,https://staging.lacuisinedebernard.com/clafoutis-de-cereja-a-verdadeira-e-a-minha-versao
https://lacuisinedebernard.com/clafoutis-de-cereza-el-verdadero-y-mi-version,https://staging.lacuisinedebernard.com/clafoutis-de-cereza-el-verdadero-y-mi-version
https://lacuisinedebernard.com/clafoutis-de-cereza-el-verdadero-y-mi-version/,https://staging.lacuisinedebernard.com/clafoutis-de-cereza-el-verdadero-y-mi-version
https://www.lacuisinedebernard.com/clafoutis-de-cereza-el-verdadero-y-mi-version,https://staging.lacuisinedebernard.com/clafoutis-de-cereza-el-verdadero-y-mi-version
https://www.lacuisinedebernard.com/clafoutis-de-cereza-el-verdadero-y-mi-version/,https://staging.lacuisinedebernard.com/clafoutis-de-cereza-el-verdadero-y-mi-version
https://lacuisinedebernard.com/%d9%83%d9%84%d8%a7%d9%81%d9%88%d8%aa%d9%8a%d8%b3-%d8%a7%d9%84%d9%83%d8%b1%d8%b2-%d8%a7%d9%84%d8%ad%d9%82%d9%8a%d9%82%d9%8a-%d9%88%d9%86%d8%b3%d8%ae%d8%aa%d9%8a,https://staging.lacuisinedebernard.com/%d9%83%d9%84%d8%a7%d9%81%d9%88%d8%aa%d9%8a%d8%b3-%d8%a7%d9%84%d9%83%d8%b1%d8%b2-%d8%a7%d9%84%d8%ad%d9%82%d9%8a%d9%82%d9%8a-%d9%88%d9%86%d8%b3%d8%ae%d8%aa%d9%8a
https://lacuisinedebernard.com/%d9%83%d9%84%d8%a7%d9%81%d9%88%d8%aa%d9%8a%d8%b3-%d8%a7%d9%84%d9%83%d8%b1%d8%b2-%d8%a7%d9%84%d8%ad%d9%82%d9%8a%d9%82%d9%8a-%d9%88%d9%86%d8%b3%d8%ae%d8%aa%d9%8a/,https://staging.lacuisinedebernard.com/%d9%83%d9%84%d8%a7%d9%81%d9%88%d8%aa%d9%8a%d8%b3-%d8%a7%d9%84%d9%83%d8%b1%d8%b2-%d8%a7%d9%84%d8%ad%d9%82%d9%8a%d9%82%d9%8a-%d9%88%d9%86%d8%b3%d8%ae%d8%aa%d9%8a
https://www.lacuisinedebernard.com/%d9%83%d9%84%d8%a7%d9%81%d9%88%d8%aa%d9%8a%d8%b3-%d8%a7%d9%84%d9%83%d8%b1%d8%b2-%d8%a7%d9%84%d8%ad%d9%82%d9%8a%d9%82%d9%8a-%d9%88%d9%86%d8%b3%d8%ae%d8%aa%d9%8a,https://staging.lacuisinedebernard.com/%d9%83%d9%84%d8%a7%d9%81%d9%88%d8%aa%d9%8a%d8%b3-%d8%a7%d9%84%d9%83%d8%b1%d8%b2-%d8%a7%d9%84%d8%ad%d9%82%d9%8a%d9%82%d9%8a-%d9%88%d9%86%d8%b3%d8%ae%d8%aa%d9%8a
https://www.lacuisinedebernard.com/%d9%83%d9%84%d8%a7%d9%81%d9%88%d8%aa%d9%8a%d8%b3-%d8%a7%d9%84%d9%83%d8%b1%d8%b2-%d8%a7%d9%84%d8%ad%d9%82%d9%8a%d9%82%d9%8a-%d9%88%d9%86%d8%b3%d8%ae%d8%aa%d9%8a/,https://staging.lacuisinedebernard.com/%d9%83%d9%84%d8%a7%d9%81%d9%88%d8%aa%d9%8a%d8%b3-%d8%a7%d9%84%d9%83%d8%b1%d8%b2-%d8%a7%d9%84%d8%ad%d9%82%d9%8a%d9%82%d9%8a-%d9%88%d9%86%d8%b3%d8%ae%d8%aa%d9%8a
https://lacuisinedebernard.com/carres-au-citron,https://staging.lacuisinedebernard.com/carres-au-citron
https://lacuisinedebernard.com/carres-au-citron/,https://staging.lacuisinedebernard.com/carres-au-citron
https://www.lacuisinedebernard.com/carres-au-citron,https://staging.lacuisinedebernard.com/carres-au-citron
https://www.lacuisinedebernard.com/carres-au-citron/,https://staging.lacuisinedebernard.com/carres-au-citron
https://lacuisinedebernard.com/camarao-e-ervilhas-doces-com-molho-de-piripiri,https://staging.lacuisinedebernard.com/camarao-e-ervilhas-doces-com-molho-de-piripiri
https://lacuisinedebernard.com/camarao-e-ervilhas-doces-com-molho-de-piripiri/,https://staging.lacuisinedebernard.com/camarao-e-ervilhas-doces-com-molho-de-piripiri
https://www.lacuisinedebernard.com/camarao-e-ervilhas-doces-com-molho-de-piripiri,https://staging.lacuisinedebernard.com/camarao-e-ervilhas-doces-com-molho-de-piripiri
https://www.lacuisinedebernard.com/camarao-e-ervilhas-doces-com-molho-de-piripiri/,https://staging.lacuisinedebernard.com/camarao-e-ervilhas-doces-com-molho-de-piripiri
https://lacuisinedebernard.com/%d8%b1%d9%88%d8%a8%d9%8a%d8%a7%d9%86-%d9%88%d8%b3%d9%83%d8%b1-%d8%b3%d9%86%d8%a7%d8%a8-%d8%a8%d8%a7%d8%b2%d9%84%d8%a7%d8%a1-%d9%88%d8%b5%d9%88%d8%b5-%d8%ad%d8%a7%d8%b1,https://staging.lacuisinedebernard.com/%d8%b1%d9%88%d8%a8%d9%8a%d8%a7%d9%86-%d9%88%d8%b3%d9%83%d8%b1-%d8%b3%d9%86%d8%a7%d8%a8-%d8%a8%d8%a7%d8%b2%d9%84%d8%a7%d8%a1-%d9%88%d8%b5%d9%88%d8%b5-%d8%ad%d8%a7%d8%b1
https://lacuisinedebernard.com/%d8%b1%d9%88%d8%a8%d9%8a%d8%a7%d9%86-%d9%88%d8%b3%d9%83%d8%b1-%d8%b3%d9%86%d8%a7%d8%a8-%d8%a8%d8%a7%d8%b2%d9%84%d8%a7%d8%a1-%d9%88%d8%b5%d9%88%d8%b5-%d8%ad%d8%a7%d8%b1/,https://staging.lacuisinedebernard.com/%d8%b1%d9%88%d8%a8%d9%8a%d8%a7%d9%86-%d9%88%d8%b3%d9%83%d8%b1-%d8%b3%d9%86%d8%a7%d8%a8-%d8%a8%d8%a7%d8%b2%d9%84%d8%a7%d8%a1-%d9%88%d8%b5%d9%88%d8%b5-%d8%ad%d8%a7%d8%b1
https://www.lacuisinedebernard.com/%d8%b1%d9%88%d8%a8%d9%8a%d8%a7%d9%86-%d9%88%d8%b3%d9%83%d8%b1-%d8%b3%d9%86%d8%a7%d8%a8-%d8%a8%d8%a7%d8%b2%d9%84%d8%a7%d8%a1-%d9%88%d8%b5%d9%88%d8%b5-%d8%ad%d8%a7%d8%b1,https://staging.lacuisinedebernard.com/%d8%b1%d9%88%d8%a8%d9%8a%d8%a7%d9%86-%d9%88%d8%b3%d9%83%d8%b1-%d8%b3%d9%86%d8%a7%d8%a8-%d8%a8%d8%a7%d8%b2%d9%84%d8%a7%d8%a1-%d9%88%d8%b5%d9%88%d8%b5-%d8%ad%d8%a7%d8%b1
https://www.lacuisinedebernard.com/%d8%b1%d9%88%d8%a8%d9%8a%d8%a7%d9%86-%d9%88%d8%b3%d9%83%d8%b1-%d8%b3%d9%86%d8%a7%d8%a8-%d8%a8%d8%a7%d8%b2%d9%84%d8%a7%d8%a1-%d9%88%d8%b5%d9%88%d8%b5-%d8%ad%d8%a7%d8%b1/,https://staging.lacuisinedebernard.com/%d8%b1%d9%88%d8%a8%d9%8a%d8%a7%d9%86-%d9%88%d8%b3%d9%83%d8%b1-%d8%b3%d9%86%d8%a7%d8%a8-%d8%a8%d8%a7%d8%b2%d9%84%d8%a7%d8%a1-%d9%88%d8%b5%d9%88%d8%b5-%d8%ad%d8%a7%d8%b1
https://lacuisinedebernard.com/cacio-e-pepe,https://staging.lacuisinedebernard.com/cacio-e-pepe
https://lacuisinedebernard.com/cacio-e-pepe/,https://staging.lacuisinedebernard.com/cacio-e-pepe
https://www.lacuisinedebernard.com/cacio-e-pepe,https://staging.lacuisinedebernard.com/cacio-e-pepe
https://www.lacuisinedebernard.com/cacio-e-pepe/,https://staging.lacuisinedebernard.com/cacio-e-pepe
https://lacuisinedebernard.com/%d9%83%d8%a7%d8%b3%d9%8a%d9%88-%d8%a5%d9%8a-%d8%a8%d9%8a%d8%a8%d9%8a,https://staging.lacuisinedebernard.com/%d9%83%d8%a7%d8%b3%d9%8a%d9%88-%d8%a5%d9%8a-%d8%a8%d9%8a%d8%a8%d9%8a
https://lacuisinedebernard.com/%d9%83%d8%a7%d8%b3%d9%8a%d9%88-%d8%a5%d9%8a-%d8%a8%d9%8a%d8%a8%d9%8a/,https://staging.lacuisinedebernard.com/%d9%83%d8%a7%d8%b3%d9%8a%d9%88-%d8%a5%d9%8a-%d8%a8%d9%8a%d8%a8%d9%8a
https://www.lacuisinedebernard.com/%d9%83%d8%a7%d8%b3%d9%8a%d9%88-%d8%a5%d9%8a-%d8%a8%d9%8a%d8%a8%d9%8a,https://staging.lacuisinedebernard.com/%d9%83%d8%a7%d8%b3%d9%8a%d9%88-%d8%a5%d9%8a-%d8%a8%d9%8a%d8%a8%d9%8a
https://www.lacuisinedebernard.com/%d9%83%d8%a7%d8%b3%d9%8a%d9%88-%d8%a5%d9%8a-%d8%a8%d9%8a%d8%a8%d9%8a/,https://staging.lacuisinedebernard.com/%d9%83%d8%a7%d8%b3%d9%8a%d9%88-%d8%a5%d9%8a-%d8%a8%d9%8a%d8%a8%d9%8a
https://lacuisinedebernard.com/salade-de-chou-kale-edamame-et-avoca,https://staging.lacuisinedebernard.com/salade-de-chou-kale-edamame-et-avoca
https://lacuisinedebernard.com/salade-de-chou-kale-edamame-et-avoca/,https://staging.lacuisinedebernard.com/salade-de-chou-kale-edamame-et-avoca
https://www.lacuisinedebernard.com/salade-de-chou-kale-edamame-et-avoca,https://staging.lacuisinedebernard.com/salade-de-chou-kale-edamame-et-avoca
https://www.lacuisinedebernard.com/salade-de-chou-kale-edamame-et-avoca/,https://staging.lacuisinedebernard.com/salade-de-chou-kale-edamame-et-avoca
https://lacuisinedebernard.com/scones-au-cheddar-et-brocoli,https://staging.lacuisinedebernard.com/scones-au-cheddar-et-brocoli
https://lacuisinedebernard.com/scones-au-cheddar-et-brocoli/,https://staging.lacuisinedebernard.com/scones-au-cheddar-et-brocoli
https://www.lacuisinedebernard.com/scones-au-cheddar-et-brocoli,https://staging.lacuisinedebernard.com/scones-au-cheddar-et-brocoli
https://www.lacuisinedebernard.com/scones-au-cheddar-et-brocoli/,https://staging.lacuisinedebernard.com/scones-au-cheddar-et-brocoli
https://lacuisinedebernard.com/tartelettes-noisettes-sauge-myrtilles,https://staging.lacuisinedebernard.com/tartelettes-noisettes-sauge-myrtilles
https://lacuisinedebernard.com/tartelettes-noisettes-sauge-myrtilles/,https://staging.lacuisinedebernard.com/tartelettes-noisettes-sauge-myrtilles
https://www.lacuisinedebernard.com/tartelettes-noisettes-sauge-myrtilles,https://staging.lacuisinedebernard.com/tartelettes-noisettes-sauge-myrtilles
https://www.lacuisinedebernard.com/tartelettes-noisettes-sauge-myrtilles/,https://staging.lacuisinedebernard.com/tartelettes-noisettes-sauge-myrtilles
https://lacuisinedebernard.com/cake-au-vert-matcha-et-cerises-fraiches,https://staging.lacuisinedebernard.com/cake-au-vert-matcha-et-cerises-fraiches
https://lacuisinedebernard.com/cake-au-vert-matcha-et-cerises-fraiches/,https://staging.lacuisinedebernard.com/cake-au-vert-matcha-et-cerises-fraiches
https://www.lacuisinedebernard.com/cake-au-vert-matcha-et-cerises-fraiches,https://staging.lacuisinedebernard.com/cake-au-vert-matcha-et-cerises-fraiches
https://www.lacuisinedebernard.com/cake-au-vert-matcha-et-cerises-fraiches/,https://staging.lacuisinedebernard.com/cake-au-vert-matcha-et-cerises-fraiches
https://lacuisinedebernard.com/salade-de-pate-froide-aux-legumes,https://staging.lacuisinedebernard.com/salade-de-pate-froide-aux-legumes
https://lacuisinedebernard.com/salade-de-pate-froide-aux-legumes/,https://staging.lacuisinedebernard.com/salade-de-pate-froide-aux-legumes
https://www.lacuisinedebernard.com/salade-de-pate-froide-aux-legumes,https://staging.lacuisinedebernard.com/salade-de-pate-froide-aux-legumes
https://www.lacuisinedebernard.com/salade-de-pate-froide-aux-legumes/,https://staging.lacuisinedebernard.com/salade-de-pate-froide-aux-legumes
https://lacuisinedebernard.com/%d9%82%d8%b0%d8%a7%d8%a6%d9%81-%d8%aa%d8%a7%d8%b1%d8%aa%d9%88%d9%81%d8%a7%d8%aa%d8%a7-%d9%87%d8%a7%d9%85,https://staging.lacuisinedebernard.com/%d9%82%d8%b0%d8%a7%d8%a6%d9%81-%d8%aa%d8%a7%d8%b1%d8%aa%d9%88%d9%81%d8%a7%d8%aa%d8%a7-%d9%87%d8%a7%d9%85
https://lacuisinedebernard.com/%d9%82%d8%b0%d8%a7%d8%a6%d9%81-%d8%aa%d8%a7%d8%b1%d8%aa%d9%88%d9%81%d8%a7%d8%aa%d8%a7-%d9%87%d8%a7%d9%85/,https://staging.lacuisinedebernard.com/%d9%82%d8%b0%d8%a7%d8%a6%d9%81-%d8%aa%d8%a7%d8%b1%d8%aa%d9%88%d9%81%d8%a7%d8%aa%d8%a7-%d9%87%d8%a7%d9%85
https://www.lacuisinedebernard.com/%d9%82%d8%b0%d8%a7%d8%a6%d9%81-%d8%aa%d8%a7%d8%b1%d8%aa%d9%88%d9%81%d8%a7%d8%aa%d8%a7-%d9%87%d8%a7%d9%85,https://staging.lacuisinedebernard.com/%d9%82%d8%b0%d8%a7%d8%a6%d9%81-%d8%aa%d8%a7%d8%b1%d8%aa%d9%88%d9%81%d8%a7%d8%aa%d8%a7-%d9%87%d8%a7%d9%85
https://www.lacuisinedebernard.com/%d9%82%d8%b0%d8%a7%d8%a6%d9%81-%d8%aa%d8%a7%d8%b1%d8%aa%d9%88%d9%81%d8%a7%d8%aa%d8%a7-%d9%87%d8%a7%d9%85/,https://staging.lacuisinedebernard.com/%d9%82%d8%b0%d8%a7%d8%a6%d9%81-%d8%aa%d8%a7%d8%b1%d8%aa%d9%88%d9%81%d8%a7%d8%aa%d8%a7-%d9%87%d8%a7%d9%85
https://lacuisinedebernard.com/risotto-au-curry-vert-gambas-et-creme-de-coco,https://staging.lacuisinedebernard.com/risotto-au-curry-vert-gambas-et-creme-de-coco
https://lacuisinedebernard.com/risotto-au-curry-vert-gambas-et-creme-de-coco/,https://staging.lacuisinedebernard.com/risotto-au-curry-vert-gambas-et-creme-de-coco
https://www.lacuisinedebernard.com/risotto-au-curry-vert-gambas-et-creme-de-coco,https://staging.lacuisinedebernard.com/risotto-au-curry-vert-gambas-et-creme-de-coco
https://www.lacuisinedebernard.com/risotto-au-curry-vert-gambas-et-creme-de-coco/,https://staging.lacuisinedebernard.com/risotto-au-curry-vert-gambas-et-creme-de-coco
https://lacuisinedebernard.com/riz-saute-au-poulet-piment-et-cacahuetes,https://staging.lacuisinedebernard.com/riz-saute-au-poulet-piment-et-cacahuetes
https://lacuisinedebernard.com/riz-saute-au-poulet-piment-et-cacahuetes/,https://staging.lacuisinedebernard.com/riz-saute-au-poulet-piment-et-cacahuetes
https://www.lacuisinedebernard.com/riz-saute-au-poulet-piment-et-cacahuetes,https://staging.lacuisinedebernard.com/riz-saute-au-poulet-piment-et-cacahuetes
https://www.lacuisinedebernard.com/riz-saute-au-poulet-piment-et-cacahuetes/,https://staging.lacuisinedebernard.com/riz-saute-au-poulet-piment-et-cacahuetes
https://lacuisinedebernard.com/soupe-pho-au-sate-et-crevettes,https://staging.lacuisinedebernard.com/soupe-pho-au-sate-et-crevettes
https://lacuisinedebernard.com/soupe-pho-au-sate-et-crevettes/,https://staging.lacuisinedebernard.com/soupe-pho-au-sate-et-crevettes
https://www.lacuisinedebernard.com/soupe-pho-au-sate-et-crevettes,https://staging.lacuisinedebernard.com/soupe-pho-au-sate-et-crevettes
https://www.lacuisinedebernard.com/soupe-pho-au-sate-et-crevettes/,https://staging.lacuisinedebernard.com/soupe-pho-au-sate-et-crevettes
https://lacuisinedebernard.com/tartufata-de-presunto-de-coquillettes,https://staging.lacuisinedebernard.com/tartufata-de-presunto-de-coquillettes
https://lacuisinedebernard.com/tartufata-de-presunto-de-coquillettes/,https://staging.lacuisinedebernard.com/tartufata-de-presunto-de-coquillettes
https://www.lacuisinedebernard.com/tartufata-de-presunto-de-coquillettes,https://staging.lacuisinedebernard.com/tartufata-de-presunto-de-coquillettes
https://www.lacuisinedebernard.com/tartufata-de-presunto-de-coquillettes/,https://staging.lacuisinedebernard.com/tartufata-de-presunto-de-coquillettes
https://lacuisinedebernard.com/coquillettes-jamon-tartufata,https://staging.lacuisinedebernard.com/coquillettes-jamon-tartufata
https://lacuisinedebernard.com/coquillettes-jamon-tartufata/,https://staging.lacuisinedebernard.com/coquillettes-jamon-tartufata
https://www.lacuisinedebernard.com/coquillettes-jamon-tartufata,https://staging.lacuisinedebernard.com/coquillettes-jamon-tartufata
https://www.lacuisinedebernard.com/coquillettes-jamon-tartufata/,https://staging.lacuisinedebernard.com/coquillettes-jamon-tartufata
https://lacuisinedebernard.com/coquillettes-ham-tartufata,https://staging.lacuisinedebernard.com/coquillettes-ham-tartufata
https://lacuisinedebernard.com/coquillettes-ham-tartufata/,https://staging.lacuisinedebernard.com/coquillettes-ham-tartufata
https://www.lacuisinedebernard.com/coquillettes-ham-tartufata,https://staging.lacuisinedebernard.com/coquillettes-ham-tartufata
https://www.lacuisinedebernard.com/coquillettes-ham-tartufata/,https://staging.lacuisinedebernard.com/coquillettes-ham-tartufata
https://lacuisinedebernard.com/tarte-aux-poires-chocolat-et-amandes,https://staging.lacuisinedebernard.com/tarte-aux-poires-chocolat-et-amandes
https://lacuisinedebernard.com/tarte-aux-poires-chocolat-et-amandes/,https://staging.lacuisinedebernard.com/tarte-aux-poires-chocolat-et-amandes
https://www.lacuisinedebernard.com/tarte-aux-poires-chocolat-et-amandes,https://staging.lacuisinedebernard.com/tarte-aux-poires-chocolat-et-amandes
https://www.lacuisinedebernard.com/tarte-aux-poires-chocolat-et-amandes/,https://staging.lacuisinedebernard.com/tarte-aux-poires-chocolat-et-amandes
https://lacuisinedebernard.com/pear-chocolate-and-almond-tart,https://staging.lacuisinedebernard.com/pear-chocolate-and-almond-tart
https://lacuisinedebernard.com/pear-chocolate-and-almond-tart/,https://staging.lacuisinedebernard.com/pear-chocolate-and-almond-tart
https://www.lacuisinedebernard.com/pear-chocolate-and-almond-tart,https://staging.lacuisinedebernard.com/pear-chocolate-and-almond-tart
https://www.lacuisinedebernard.com/pear-chocolate-and-almond-tart/,https://staging.lacuisinedebernard.com/pear-chocolate-and-almond-tart
https://lacuisinedebernard.com/%d8%b9%d8%b7%d9%8a%d9%81-%d8%a7%d9%84%d8%b9%d8%b5%d9%81%d9%8a%d8%b1%d9%8a,https://staging.lacuisinedebernard.com/%d8%b9%d8%b7%d9%8a%d9%81-%d8%a7%d9%84%d8%b9%d8%b5%d9%81%d9%8a%d8%b1%d9%8a
https://lacuisinedebernard.com/%d8%b9%d8%b7%d9%8a%d9%81-%d8%a7%d9%84%d8%b9%d8%b5%d9%81%d9%8a%d8%b1%d9%8a/,https://staging.lacuisinedebernard.com/%d8%b9%d8%b7%d9%8a%d9%81-%d8%a7%d9%84%d8%b9%d8%b5%d9%81%d9%8a%d8%b1%d9%8a
https://www.lacuisinedebernard.com/%d8%b9%d8%b7%d9%8a%d9%81-%d8%a7%d9%84%d8%b9%d8%b5%d9%81%d9%8a%d8%b1%d9%8a,https://staging.lacuisinedebernard.com/%d8%b9%d8%b7%d9%8a%d9%81-%d8%a7%d9%84%d8%b9%d8%b5%d9%81%d9%8a%d8%b1%d9%8a
https://www.lacuisinedebernard.com/%d8%b9%d8%b7%d9%8a%d9%81-%d8%a7%d9%84%d8%b9%d8%b5%d9%81%d9%8a%d8%b1%d9%8a/,https://staging.lacuisinedebernard.com/%d8%b9%d8%b7%d9%8a%d9%81-%d8%a7%d9%84%d8%b9%d8%b5%d9%81%d9%8a%d8%b1%d9%8a
https://lacuisinedebernard.com/%d9%83%d8%b1%d9%8a%d9%85%d8%a9-%d8%a7%d9%84%d8%b4%d9%88%d9%83%d9%88%d9%84%d8%a7%d8%aa%d8%a9-%d8%a7%d9%84%d9%83%d8%b1%d9%8a%d9%85%d9%8a%d8%a9,https://staging.lacuisinedebernard.com/%d9%83%d8%b1%d9%8a%d9%85%d8%a9-%d8%a7%d9%84%d8%b4%d9%88%d9%83%d9%88%d9%84%d8%a7%d8%aa%d8%a9-%d8%a7%d9%84%d9%83%d8%b1%d9%8a%d9%85%d9%8a%d8%a9
https://lacuisinedebernard.com/%d9%83%d8%b1%d9%8a%d9%85%d8%a9-%d8%a7%d9%84%d8%b4%d9%88%d9%83%d9%88%d9%84%d8%a7%d8%aa%d8%a9-%d8%a7%d9%84%d9%83%d8%b1%d9%8a%d9%85%d9%8a%d8%a9/,https://staging.lacuisinedebernard.com/%d9%83%d8%b1%d9%8a%d9%85%d8%a9-%d8%a7%d9%84%d8%b4%d9%88%d9%83%d9%88%d9%84%d8%a7%d8%aa%d8%a9-%d8%a7%d9%84%d9%83%d8%b1%d9%8a%d9%85%d9%8a%d8%a9
https://www.lacuisinedebernard.com/%d9%83%d8%b1%d9%8a%d9%85%d8%a9-%d8%a7%d9%84%d8%b4%d9%88%d9%83%d9%88%d9%84%d8%a7%d8%aa%d8%a9-%d8%a7%d9%84%d9%83%d8%b1%d9%8a%d9%85%d9%8a%d8%a9,https://staging.lacuisinedebernard.com/%d9%83%d8%b1%d9%8a%d9%85%d8%a9-%d8%a7%d9%84%d8%b4%d9%88%d9%83%d9%88%d9%84%d8%a7%d8%aa%d8%a9-%d8%a7%d9%84%d9%83%d8%b1%d9%8a%d9%85%d9%8a%d8%a9
https://www.lacuisinedebernard.com/%d9%83%d8%b1%d9%8a%d9%85%d8%a9-%d8%a7%d9%84%d8%b4%d9%88%d9%83%d9%88%d9%84%d8%a7%d8%aa%d8%a9-%d8%a7%d9%84%d9%83%d8%b1%d9%8a%d9%85%d9%8a%d8%a9/,https://staging.lacuisinedebernard.com/%d9%83%d8%b1%d9%8a%d9%85%d8%a9-%d8%a7%d9%84%d8%b4%d9%88%d9%83%d9%88%d9%84%d8%a7%d8%aa%d8%a9-%d8%a7%d9%84%d9%83%d8%b1%d9%8a%d9%85%d9%8a%d8%a9
https://lacuisinedebernard.com/%d8%aa%d9%8a%d9%85%d8%a7%d9%83%d9%8a,https://staging.lacuisinedebernard.com/%d8%aa%d9%8a%d9%85%d8%a7%d9%83%d9%8a
https://lacuisinedebernard.com/%d8%aa%d9%8a%d9%85%d8%a7%d9%83%d9%8a/,https://staging.lacuisinedebernard.com/%d8%aa%d9%8a%d9%85%d8%a7%d9%83%d9%8a
https://www.lacuisinedebernard.com/%d8%aa%d9%8a%d9%85%d8%a7%d9%83%d9%8a,https://staging.lacuisinedebernard.com/%d8%aa%d9%8a%d9%85%d8%a7%d9%83%d9%8a
https://www.lacuisinedebernard.com/%d8%aa%d9%8a%d9%85%d8%a7%d9%83%d9%8a/,https://staging.lacuisinedebernard.com/%d8%aa%d9%8a%d9%85%d8%a7%d9%83%d9%8a
https://lacuisinedebernard.com/temaki,https://staging.lacuisinedebernard.com/temaki
https://lacuisinedebernard.com/temaki/,https://staging.lacuisinedebernard.com/temaki
https://www.lacuisinedebernard.com/temaki,https://staging.lacuisinedebernard.com/temaki
https://www.lacuisinedebernard.com/temaki/,https://staging.lacuisinedebernard.com/temaki
https://lacuisinedebernard.com/%d8%a3%d9%84%d8%aa%d9%8a%d9%85%d9%8a%d8%aa-%d9%84%d9%8a%d9%85%d9%88%d9%86-%d9%83%d9%8a%d9%83,https://staging.lacuisinedebernard.com/%d8%a3%d9%84%d8%aa%d9%8a%d9%85%d9%8a%d8%aa-%d9%84%d9%8a%d9%85%d9%88%d9%86-%d9%83%d9%8a%d9%83
https://lacuisinedebernard.com/%d8%a3%d9%84%d8%aa%d9%8a%d9%85%d9%8a%d8%aa-%d9%84%d9%8a%d9%85%d9%88%d9%86-%d9%83%d9%8a%d9%83/,https://staging.lacuisinedebernard.com/%d8%a3%d9%84%d8%aa%d9%8a%d9%85%d9%8a%d8%aa-%d9%84%d9%8a%d9%85%d9%88%d9%86-%d9%83%d9%8a%d9%83
https://www.lacuisinedebernard.com/%d8%a3%d9%84%d8%aa%d9%8a%d9%85%d9%8a%d8%aa-%d9%84%d9%8a%d9%85%d9%88%d9%86-%d9%83%d9%8a%d9%83,https://staging.lacuisinedebernard.com/%d8%a3%d9%84%d8%aa%d9%8a%d9%85%d9%8a%d8%aa-%d9%84%d9%8a%d9%85%d9%88%d9%86-%d9%83%d9%8a%d9%83
https://www.lacuisinedebernard.com/%d8%a3%d9%84%d8%aa%d9%8a%d9%85%d9%8a%d8%aa-%d9%84%d9%8a%d9%85%d9%88%d9%86-%d9%83%d9%8a%d9%83/,https://staging.lacuisinedebernard.com/%d8%a3%d9%84%d8%aa%d9%8a%d9%85%d9%8a%d8%aa-%d9%84%d9%8a%d9%85%d9%88%d9%86-%d9%83%d9%8a%d9%83
https://lacuisinedebernard.com/tiramisu,https://staging.lacuisinedebernard.com/tiramisu
https://lacuisinedebernard.com/tiramisu/,https://staging.lacuisinedebernard.com/tiramisu
https://www.lacuisinedebernard.com/tiramisu,https://staging.lacuisinedebernard.com/tiramisu
https://www.lacuisinedebernard.com/tiramisu/,https://staging.lacuisinedebernard.com/tiramisu
https://lacuisinedebernard.com/%d8%aa%d9%8a%d8%b1%d8%a7%d9%85%d9%8a%d8%b3%d9%88,https://staging.lacuisinedebernard.com/%d8%aa%d9%8a%d8%b1%d8%a7%d9%85%d9%8a%d8%b3%d9%88
https://lacuisinedebernard.com/%d8%aa%d9%8a%d8%b1%d8%a7%d9%85%d9%8a%d8%b3%d9%88/,https://staging.lacuisinedebernard.com/%d8%aa%d9%8a%d8%b1%d8%a7%d9%85%d9%8a%d8%b3%d9%88
https://www.lacuisinedebernard.com/%d8%aa%d9%8a%d8%b1%d8%a7%d9%85%d9%8a%d8%b3%d9%88,https://staging.lacuisinedebernard.com/%d8%aa%d9%8a%d8%b1%d8%a7%d9%85%d9%8a%d8%b3%d9%88
https://www.lacuisinedebernard.com/%d8%aa%d9%8a%d8%b1%d8%a7%d9%85%d9%8a%d8%b3%d9%88/,https://staging.lacuisinedebernard.com/%d8%aa%d9%8a%d8%b1%d8%a7%d9%85%d9%8a%d8%b3%d9%88
https://lacuisinedebernard.com/brocolos-grelhados-molho-tahini-com-pimenta-de-espelette,https://staging.lacuisinedebernard.com/brocolos-grelhados-molho-tahini-com-pimenta-de-espelette
https://lacuisinedebernard.com/brocolos-grelhados-molho-tahini-com-pimenta-de-espelette/,https://staging.lacuisinedebernard.com/brocolos-grelhados-molho-tahini-com-pimenta-de-espelette
https://www.lacuisinedebernard.com/brocolos-grelhados-molho-tahini-com-pimenta-de-espelette,https://staging.lacuisinedebernard.com/brocolos-grelhados-molho-tahini-com-pimenta-de-espelette
https://www.lacuisinedebernard.com/brocolos-grelhados-molho-tahini-com-pimenta-de-espelette/,https://staging.lacuisinedebernard.com/brocolos-grelhados-molho-tahini-com-pimenta-de-espelette
https://lacuisinedebernard.com/%d8%a8%d8%b1%d9%88%d9%83%d9%88%d9%84%d9%8a%d9%86-%d9%85%d8%b4%d9%88%d9%8a-%d8%8c-%d8%b5%d9%84%d8%b5%d8%a9-%d8%b7%d8%ad%d9%8a%d9%86%d8%a9-%d9%85%d8%b9-%d9%81%d9%84%d9%81%d9%84-%d8%a5%d8%b3%d8%a8%d9%84,https://staging.lacuisinedebernard.com/%d8%a8%d8%b1%d9%88%d9%83%d9%88%d9%84%d9%8a%d9%86-%d9%85%d8%b4%d9%88%d9%8a-%d8%8c-%d8%b5%d9%84%d8%b5%d8%a9-%d8%b7%d8%ad%d9%8a%d9%86%d8%a9-%d9%85%d8%b9-%d9%81%d9%84%d9%81%d9%84-%d8%a5%d8%b3%d8%a8%d9%84
https://lacuisinedebernard.com/%d8%a8%d8%b1%d9%88%d9%83%d9%88%d9%84%d9%8a%d9%86-%d9%85%d8%b4%d9%88%d9%8a-%d8%8c-%d8%b5%d9%84%d8%b5%d8%a9-%d8%b7%d8%ad%d9%8a%d9%86%d8%a9-%d9%85%d8%b9-%d9%81%d9%84%d9%81%d9%84-%d8%a5%d8%b3%d8%a8%d9%84/,https://staging.lacuisinedebernard.com/%d8%a8%d8%b1%d9%88%d9%83%d9%88%d9%84%d9%8a%d9%86-%d9%85%d8%b4%d9%88%d9%8a-%d8%8c-%d8%b5%d9%84%d8%b5%d8%a9-%d8%b7%d8%ad%d9%8a%d9%86%d8%a9-%d9%85%d8%b9-%d9%81%d9%84%d9%81%d9%84-%d8%a5%d8%b3%d8%a8%d9%84
https://www.lacuisinedebernard.com/%d8%a8%d8%b1%d9%88%d9%83%d9%88%d9%84%d9%8a%d9%86-%d9%85%d8%b4%d9%88%d9%8a-%d8%8c-%d8%b5%d9%84%d8%b5%d8%a9-%d8%b7%d8%ad%d9%8a%d9%86%d8%a9-%d9%85%d8%b9-%d9%81%d9%84%d9%81%d9%84-%d8%a5%d8%b3%d8%a8%d9%84,https://staging.lacuisinedebernard.com/%d8%a8%d8%b1%d9%88%d9%83%d9%88%d9%84%d9%8a%d9%86-%d9%85%d8%b4%d9%88%d9%8a-%d8%8c-%d8%b5%d9%84%d8%b5%d8%a9-%d8%b7%d8%ad%d9%8a%d9%86%d8%a9-%d9%85%d8%b9-%d9%81%d9%84%d9%81%d9%84-%d8%a5%d8%b3%d8%a8%d9%84
https://www.lacuisinedebernard.com/%d8%a8%d8%b1%d9%88%d9%83%d9%88%d9%84%d9%8a%d9%86-%d9%85%d8%b4%d9%88%d9%8a-%d8%8c-%d8%b5%d9%84%d8%b5%d8%a9-%d8%b7%d8%ad%d9%8a%d9%86%d8%a9-%d9%85%d8%b9-%d9%81%d9%84%d9%81%d9%84-%d8%a5%d8%b3%d8%a8%d9%84/,https://staging.lacuisinedebernard.com/%d8%a8%d8%b1%d9%88%d9%83%d9%88%d9%84%d9%8a%d9%86-%d9%85%d8%b4%d9%88%d9%8a-%d8%8c-%d8%b5%d9%84%d8%b5%d8%a9-%d8%b7%d8%ad%d9%8a%d9%86%d8%a9-%d9%85%d8%b9-%d9%81%d9%84%d9%81%d9%84-%d8%a5%d8%b3%d8%a8%d9%84
https://lacuisinedebernard.com/%d8%b3%d8%a7%d9%84%d8%aa%d9%8a%d9%85%d8%a8%d9%88%d9%83%d9%83%d8%a7,https://staging.lacuisinedebernard.com/%d8%b3%d8%a7%d9%84%d8%aa%d9%8a%d9%85%d8%a8%d9%88%d9%83%d9%83%d8%a7
https://lacuisinedebernard.com/%d8%b3%d8%a7%d9%84%d8%aa%d9%8a%d9%85%d8%a8%d9%88%d9%83%d9%83%d8%a7/,https://staging.lacuisinedebernard.com/%d8%b3%d8%a7%d9%84%d8%aa%d9%8a%d9%85%d8%a8%d9%88%d9%83%d9%83%d8%a7
https://www.lacuisinedebernard.com/%d8%b3%d8%a7%d9%84%d8%aa%d9%8a%d9%85%d8%a8%d9%88%d9%83%d9%83%d8%a7,https://staging.lacuisinedebernard.com/%d8%b3%d8%a7%d9%84%d8%aa%d9%8a%d9%85%d8%a8%d9%88%d9%83%d9%83%d8%a7
https://www.lacuisinedebernard.com/%d8%b3%d8%a7%d9%84%d8%aa%d9%8a%d9%85%d8%a8%d9%88%d9%83%d9%83%d8%a7/,https://staging.lacuisinedebernard.com/%d8%b3%d8%a7%d9%84%d8%aa%d9%8a%d9%85%d8%a8%d9%88%d9%83%d9%83%d8%a7
https://lacuisinedebernard.com/%d9%86%d8%b5%d9%81-%d9%85%d8%b7%d8%a8%d9%88%d8%ae-%d9%85%d8%b9-%d8%b4%d9%88%d9%83%d9%88%d9%84%d8%a7%d8%aa%d8%a9-%d8%a8%d8%b1%d8%aa%d9%82%d8%a7%d9%84-%d9%88%d8%ac%d9%88%d8%b2,https://staging.lacuisinedebernard.com/%d9%86%d8%b5%d9%81-%d9%85%d8%b7%d8%a8%d9%88%d8%ae-%d9%85%d8%b9-%d8%b4%d9%88%d9%83%d9%88%d9%84%d8%a7%d8%aa%d8%a9-%d8%a8%d8%b1%d8%aa%d9%82%d8%a7%d9%84-%d9%88%d8%ac%d9%88%d8%b2
https://lacuisinedebernard.com/%d9%86%d8%b5%d9%81-%d9%85%d8%b7%d8%a8%d9%88%d8%ae-%d9%85%d8%b9-%d8%b4%d9%88%d9%83%d9%88%d9%84%d8%a7%d8%aa%d8%a9-%d8%a8%d8%b1%d8%aa%d9%82%d8%a7%d9%84-%d9%88%d8%ac%d9%88%d8%b2/,https://staging.lacuisinedebernard.com/%d9%86%d8%b5%d9%81-%d9%85%d8%b7%d8%a8%d9%88%d8%ae-%d9%85%d8%b9-%d8%b4%d9%88%d9%83%d9%88%d9%84%d8%a7%d8%aa%d8%a9-%d8%a8%d8%b1%d8%aa%d9%82%d8%a7%d9%84-%d9%88%d8%ac%d9%88%d8%b2
https://www.lacuisinedebernard.com/%d9%86%d8%b5%d9%81-%d9%85%d8%b7%d8%a8%d9%88%d8%ae-%d9%85%d8%b9-%d8%b4%d9%88%d9%83%d9%88%d9%84%d8%a7%d8%aa%d8%a9-%d8%a8%d8%b1%d8%aa%d9%82%d8%a7%d9%84-%d9%88%d8%ac%d9%88%d8%b2,https://staging.lacuisinedebernard.com/%d9%86%d8%b5%d9%81-%d9%85%d8%b7%d8%a8%d9%88%d8%ae-%d9%85%d8%b9-%d8%b4%d9%88%d9%83%d9%88%d9%84%d8%a7%d8%aa%d8%a9-%d8%a8%d8%b1%d8%aa%d9%82%d8%a7%d9%84-%d9%88%d8%ac%d9%88%d8%b2
https://www.lacuisinedebernard.com/%d9%86%d8%b5%d9%81-%d9%85%d8%b7%d8%a8%d9%88%d8%ae-%d9%85%d8%b9-%d8%b4%d9%88%d9%83%d9%88%d9%84%d8%a7%d8%aa%d8%a9-%d8%a8%d8%b1%d8%aa%d9%82%d8%a7%d9%84-%d9%88%d8%ac%d9%88%d8%b2/,https://staging.lacuisinedebernard.com/%d9%86%d8%b5%d9%81-%d9%85%d8%b7%d8%a8%d9%88%d8%ae-%d9%85%d8%b9-%d8%b4%d9%88%d9%83%d9%88%d9%84%d8%a7%d8%aa%d8%a9-%d8%a8%d8%b1%d8%aa%d9%82%d8%a7%d9%84-%d9%88%d8%ac%d9%88%d8%b2
https://lacuisinedebernard.com/mi-cuit-de-chocolate-laranja-e-nogueira,https://staging.lacuisinedebernard.com/mi-cuit-de-chocolate-laranja-e-nogueira
https://lacuisinedebernard.com/mi-cuit-de-chocolate-laranja-e-nogueira/,https://staging.lacuisinedebernard.com/mi-cuit-de-chocolate-laranja-e-nogueira
https://www.lacuisinedebernard.com/mi-cuit-de-chocolate-laranja-e-nogueira,https://staging.lacuisinedebernard.com/mi-cuit-de-chocolate-laranja-e-nogueira
https://www.lacuisinedebernard.com/mi-cuit-de-chocolate-laranja-e-nogueira/,https://staging.lacuisinedebernard.com/mi-cuit-de-chocolate-laranja-e-nogueira
https://lacuisinedebernard.com/bollos-de-naranja-y-arandanos,https://staging.lacuisinedebernard.com/bollos-de-naranja-y-arandanos
https://lacuisinedebernard.com/bollos-de-naranja-y-arandanos/,https://staging.lacuisinedebernard.com/bollos-de-naranja-y-arandanos
https://www.lacuisinedebernard.com/bollos-de-naranja-y-arandanos,https://staging.lacuisinedebernard.com/bollos-de-naranja-y-arandanos
https://www.lacuisinedebernard.com/bollos-de-naranja-y-arandanos/,https://staging.lacuisinedebernard.com/bollos-de-naranja-y-arandanos
https://lacuisinedebernard.com/scones-de-laranja-e-arando,https://staging.lacuisinedebernard.com/scones-de-laranja-e-arando
https://lacuisinedebernard.com/scones-de-laranja-e-arando/,https://staging.lacuisinedebernard.com/scones-de-laranja-e-arando
https://www.lacuisinedebernard.com/scones-de-laranja-e-arando,https://staging.lacuisinedebernard.com/scones-de-laranja-e-arando
https://www.lacuisinedebernard.com/scones-de-laranja-e-arando/,https://staging.lacuisinedebernard.com/scones-de-laranja-e-arando
https://lacuisinedebernard.com/%d8%a8%d8%b3%d9%83%d9%88%d9%8a%d8%aa-%d8%a7%d9%84%d9%84%d9%8a%d9%85%d9%88%d9%86-%d9%88%d8%b2%d9%8a%d8%aa-%d8%a7%d9%84%d8%b2%d9%8a%d8%aa%d9%88%d9%86-%d9%88%d8%a7%d9%84%d9%84%d9%88%d8%b2-%d8%a7%d9%84,https://staging.lacuisinedebernard.com/%d8%a8%d8%b3%d9%83%d9%88%d9%8a%d8%aa-%d8%a7%d9%84%d9%84%d9%8a%d9%85%d9%88%d9%86-%d9%88%d8%b2%d9%8a%d8%aa-%d8%a7%d9%84%d8%b2%d9%8a%d8%aa%d9%88%d9%86-%d9%88%d8%a7%d9%84%d9%84%d9%88%d8%b2-%d8%a7%d9%84
https://lacuisinedebernard.com/%d8%a8%d8%b3%d9%83%d9%88%d9%8a%d8%aa-%d8%a7%d9%84%d9%84%d9%8a%d9%85%d9%88%d9%86-%d9%88%d8%b2%d9%8a%d8%aa-%d8%a7%d9%84%d8%b2%d9%8a%d8%aa%d9%88%d9%86-%d9%88%d8%a7%d9%84%d9%84%d9%88%d8%b2-%d8%a7%d9%84/,https://staging.lacuisinedebernard.com/%d8%a8%d8%b3%d9%83%d9%88%d9%8a%d8%aa-%d8%a7%d9%84%d9%84%d9%8a%d9%85%d9%88%d9%86-%d9%88%d8%b2%d9%8a%d8%aa-%d8%a7%d9%84%d8%b2%d9%8a%d8%aa%d9%88%d9%86-%d9%88%d8%a7%d9%84%d9%84%d9%88%d8%b2-%d8%a7%d9%84
https://www.lacuisinedebernard.com/%d8%a8%d8%b3%d9%83%d9%88%d9%8a%d8%aa-%d8%a7%d9%84%d9%84%d9%8a%d9%85%d9%88%d9%86-%d9%88%d8%b2%d9%8a%d8%aa-%d8%a7%d9%84%d8%b2%d9%8a%d8%aa%d9%88%d9%86-%d9%88%d8%a7%d9%84%d9%84%d9%88%d8%b2-%d8%a7%d9%84,https://staging.lacuisinedebernard.com/%d8%a8%d8%b3%d9%83%d9%88%d9%8a%d8%aa-%d8%a7%d9%84%d9%84%d9%8a%d9%85%d9%88%d9%86-%d9%88%d8%b2%d9%8a%d8%aa-%d8%a7%d9%84%d8%b2%d9%8a%d8%aa%d9%88%d9%86-%d9%88%d8%a7%d9%84%d9%84%d9%88%d8%b2-%d8%a7%d9%84
https://www.lacuisinedebernard.com/%d8%a8%d8%b3%d9%83%d9%88%d9%8a%d8%aa-%d8%a7%d9%84%d9%84%d9%8a%d9%85%d9%88%d9%86-%d9%88%d8%b2%d9%8a%d8%aa-%d8%a7%d9%84%d8%b2%d9%8a%d8%aa%d9%88%d9%86-%d9%88%d8%a7%d9%84%d9%84%d9%88%d8%b2-%d8%a7%d9%84/,https://staging.lacuisinedebernard.com/%d8%a8%d8%b3%d9%83%d9%88%d9%8a%d8%aa-%d8%a7%d9%84%d9%84%d9%8a%d9%85%d9%88%d9%86-%d9%88%d8%b2%d9%8a%d8%aa-%d8%a7%d9%84%d8%b2%d9%8a%d8%aa%d9%88%d9%86-%d9%88%d8%a7%d9%84%d9%84%d9%88%d8%b2-%d8%a7%d9%84
https://lacuisinedebernard.com/%d9%83%d8%b9%d9%83%d8%a7%d8%aa-%d8%a7%d9%84%d8%a8%d8%b1%d8%aa%d9%82%d8%a7%d9%84-%d9%88%d8%a7%d9%84%d8%aa%d9%88%d8%aa-%d8%a7%d9%84%d8%a8%d8%b1%d9%8a,https://staging.lacuisinedebernard.com/%d9%83%d8%b9%d9%83%d8%a7%d8%aa-%d8%a7%d9%84%d8%a8%d8%b1%d8%aa%d9%82%d8%a7%d9%84-%d9%88%d8%a7%d9%84%d8%aa%d9%88%d8%aa-%d8%a7%d9%84%d8%a8%d8%b1%d9%8a
https://lacuisinedebernard.com/%d9%83%d8%b9%d9%83%d8%a7%d8%aa-%d8%a7%d9%84%d8%a8%d8%b1%d8%aa%d9%82%d8%a7%d9%84-%d9%88%d8%a7%d9%84%d8%aa%d9%88%d8%aa-%d8%a7%d9%84%d8%a8%d8%b1%d9%8a/,https://staging.lacuisinedebernard.com/%d9%83%d8%b9%d9%83%d8%a7%d8%aa-%d8%a7%d9%84%d8%a8%d8%b1%d8%aa%d9%82%d8%a7%d9%84-%d9%88%d8%a7%d9%84%d8%aa%d9%88%d8%aa-%d8%a7%d9%84%d8%a8%d8%b1%d9%8a
https://www.lacuisinedebernard.com/%d9%83%d8%b9%d9%83%d8%a7%d8%aa-%d8%a7%d9%84%d8%a8%d8%b1%d8%aa%d9%82%d8%a7%d9%84-%d9%88%d8%a7%d9%84%d8%aa%d9%88%d8%aa-%d8%a7%d9%84%d8%a8%d8%b1%d9%8a,https://staging.lacuisinedebernard.com/%d9%83%d8%b9%d9%83%d8%a7%d8%aa-%d8%a7%d9%84%d8%a8%d8%b1%d8%aa%d9%82%d8%a7%d9%84-%d9%88%d8%a7%d9%84%d8%aa%d9%88%d8%aa-%d8%a7%d9%84%d8%a8%d8%b1%d9%8a
https://www.lacuisinedebernard.com/%d9%83%d8%b9%d9%83%d8%a7%d8%aa-%d8%a7%d9%84%d8%a8%d8%b1%d8%aa%d9%82%d8%a7%d9%84-%d9%88%d8%a7%d9%84%d8%aa%d9%88%d8%aa-%d8%a7%d9%84%d8%a8%d8%b1%d9%8a/,https://staging.lacuisinedebernard.com/%d9%83%d8%b9%d9%83%d8%a7%d8%aa-%d8%a7%d9%84%d8%a8%d8%b1%d8%aa%d9%82%d8%a7%d9%84-%d9%88%d8%a7%d9%84%d8%aa%d9%88%d8%aa-%d8%a7%d9%84%d8%a8%d8%b1%d9%8a
https://lacuisinedebernard.com/%d8%a8%d9%88%d8%b1%d8%aa%d9%88%d9%83%d8%a7%d9%84%d9%88%d8%a8%d9%8a%d8%aa%d8%a7,https://staging.lacuisinedebernard.com/%d8%a8%d9%88%d8%b1%d8%aa%d9%88%d9%83%d8%a7%d9%84%d9%88%d8%a8%d9%8a%d8%aa%d8%a7
https://lacuisinedebernard.com/%d8%a8%d9%88%d8%b1%d8%aa%d9%88%d9%83%d8%a7%d9%84%d9%88%d8%a8%d9%8a%d8%aa%d8%a7/,https://staging.lacuisinedebernard.com/%d8%a8%d9%88%d8%b1%d8%aa%d9%88%d9%83%d8%a7%d9%84%d9%88%d8%a8%d9%8a%d8%aa%d8%a7
https://www.lacuisinedebernard.com/%d8%a8%d9%88%d8%b1%d8%aa%d9%88%d9%83%d8%a7%d9%84%d9%88%d8%a8%d9%8a%d8%aa%d8%a7,https://staging.lacuisinedebernard.com/%d8%a8%d9%88%d8%b1%d8%aa%d9%88%d9%83%d8%a7%d9%84%d9%88%d8%a8%d9%8a%d8%aa%d8%a7
https://www.lacuisinedebernard.com/%d8%a8%d9%88%d8%b1%d8%aa%d9%88%d9%83%d8%a7%d9%84%d9%88%d8%a8%d9%8a%d8%aa%d8%a7/,https://staging.lacuisinedebernard.com/%d8%a8%d9%88%d8%b1%d8%aa%d9%88%d9%83%d8%a7%d9%84%d9%88%d8%a8%d9%8a%d8%aa%d8%a7
https://lacuisinedebernard.com/ensalada-de-lentejas-frescas-de-coral,https://staging.lacuisinedebernard.com/ensalada-de-lentejas-frescas-de-coral
https://lacuisinedebernard.com/ensalada-de-lentejas-frescas-de-coral/,https://staging.lacuisinedebernard.com/ensalada-de-lentejas-frescas-de-coral
https://www.lacuisinedebernard.com/ensalada-de-lentejas-frescas-de-coral,https://staging.lacuisinedebernard.com/ensalada-de-lentejas-frescas-de-coral
https://www.lacuisinedebernard.com/ensalada-de-lentejas-frescas-de-coral/,https://staging.lacuisinedebernard.com/ensalada-de-lentejas-frescas-de-coral
https://lacuisinedebernard.com/salada-de-lentilha-de-coral-fresca,https://staging.lacuisinedebernard.com/salada-de-lentilha-de-coral-fresca
https://lacuisinedebernard.com/salada-de-lentilha-de-coral-fresca/,https://staging.lacuisinedebernard.com/salada-de-lentilha-de-coral-fresca
https://www.lacuisinedebernard.com/salada-de-lentilha-de-coral-fresca,https://staging.lacuisinedebernard.com/salada-de-lentilha-de-coral-fresca
https://www.lacuisinedebernard.com/salada-de-lentilha-de-coral-fresca/,https://staging.lacuisinedebernard.com/salada-de-lentilha-de-coral-fresca
https://lacuisinedebernard.com/fresh-coral-lentil-salad,https://staging.lacuisinedebernard.com/fresh-coral-lentil-salad
https://lacuisinedebernard.com/fresh-coral-lentil-salad/,https://staging.lacuisinedebernard.com/fresh-coral-lentil-salad
https://www.lacuisinedebernard.com/fresh-coral-lentil-salad,https://staging.lacuisinedebernard.com/fresh-coral-lentil-salad
https://www.lacuisinedebernard.com/fresh-coral-lentil-salad/,https://staging.lacuisinedebernard.com/fresh-coral-lentil-salad
https://lacuisinedebernard.com/bollos-con-pesto-de-espinacas-y-aceitunas-negras,https://staging.lacuisinedebernard.com/bollos-con-pesto-de-espinacas-y-aceitunas-negras
https://lacuisinedebernard.com/bollos-con-pesto-de-espinacas-y-aceitunas-negras/,https://staging.lacuisinedebernard.com/bollos-con-pesto-de-espinacas-y-aceitunas-negras
https://www.lacuisinedebernard.com/bollos-con-pesto-de-espinacas-y-aceitunas-negras,https://staging.lacuisinedebernard.com/bollos-con-pesto-de-espinacas-y-aceitunas-negras
https://www.lacuisinedebernard.com/bollos-con-pesto-de-espinacas-y-aceitunas-negras/,https://staging.lacuisinedebernard.com/bollos-con-pesto-de-espinacas-y-aceitunas-negras
https://lacuisinedebernard.com/scones-feta-espinafres-pesto-e-azeitonas-pretas,https://staging.lacuisinedebernard.com/scones-feta-espinafres-pesto-e-azeitonas-pretas
https://lacuisinedebernard.com/scones-feta-espinafres-pesto-e-azeitonas-pretas/,https://staging.lacuisinedebernard.com/scones-feta-espinafres-pesto-e-azeitonas-pretas
https://www.lacuisinedebernard.com/scones-feta-espinafres-pesto-e-azeitonas-pretas,https://staging.lacuisinedebernard.com/scones-feta-espinafres-pesto-e-azeitonas-pretas
https://www.lacuisinedebernard.com/scones-feta-espinafres-pesto-e-azeitonas-pretas/,https://staging.lacuisinedebernard.com/scones-feta-espinafres-pesto-e-azeitonas-pretas
https://lacuisinedebernard.com/scones-feta-spinach-pesto-and-black-olives,https://staging.lacuisinedebernard.com/scones-feta-spinach-pesto-and-black-olives
https://lacuisinedebernard.com/scones-feta-spinach-pesto-and-black-olives/,https://staging.lacuisinedebernard.com/scones-feta-spinach-pesto-and-black-olives
https://www.lacuisinedebernard.com/scones-feta-spinach-pesto-and-black-olives,https://staging.lacuisinedebernard.com/scones-feta-spinach-pesto-and-black-olives
https://www.lacuisinedebernard.com/scones-feta-spinach-pesto-and-black-olives/,https://staging.lacuisinedebernard.com/scones-feta-spinach-pesto-and-black-olives
https://lacuisinedebernard.com/maki-de-primavera-con-hoja-de-arroz,https://staging.lacuisinedebernard.com/maki-de-primavera-con-hoja-de-arroz
https://lacuisinedebernard.com/maki-de-primavera-con-hoja-de-arroz/,https://staging.lacuisinedebernard.com/maki-de-primavera-con-hoja-de-arroz
https://www.lacuisinedebernard.com/maki-de-primavera-con-hoja-de-arroz,https://staging.lacuisinedebernard.com/maki-de-primavera-con-hoja-de-arroz
https://www.lacuisinedebernard.com/maki-de-primavera-con-hoja-de-arroz/,https://staging.lacuisinedebernard.com/maki-de-primavera-con-hoja-de-arroz
https://lacuisinedebernard.com/maki-de-primavera-com-folha-de-arroz,https://staging.lacuisinedebernard.com/maki-de-primavera-com-folha-de-arroz
https://lacuisinedebernard.com/maki-de-primavera-com-folha-de-arroz/,https://staging.lacuisinedebernard.com/maki-de-primavera-com-folha-de-arroz
https://www.lacuisinedebernard.com/maki-de-primavera-com-folha-de-arroz,https://staging.lacuisinedebernard.com/maki-de-primavera-com-folha-de-arroz
https://www.lacuisinedebernard.com/maki-de-primavera-com-folha-de-arroz/,https://staging.lacuisinedebernard.com/maki-de-primavera-com-folha-de-arroz
https://lacuisinedebernard.com/spring-maki-with-rice-leaf,https://staging.lacuisinedebernard.com/spring-maki-with-rice-leaf
https://lacuisinedebernard.com/spring-maki-with-rice-leaf/,https://staging.lacuisinedebernard.com/spring-maki-with-rice-leaf
https://www.lacuisinedebernard.com/spring-maki-with-rice-leaf,https://staging.lacuisinedebernard.com/spring-maki-with-rice-leaf
https://www.lacuisinedebernard.com/spring-maki-with-rice-leaf/,https://staging.lacuisinedebernard.com/spring-maki-with-rice-leaf
https://lacuisinedebernard.com/tarama,https://staging.lacuisinedebernard.com/tarama
https://lacuisinedebernard.com/tarama/,https://staging.lacuisinedebernard.com/tarama
https://www.lacuisinedebernard.com/tarama,https://staging.lacuisinedebernard.com/tarama
https://www.lacuisinedebernard.com/tarama/,https://staging.lacuisinedebernard.com/tarama
https://lacuisinedebernard.com/tarte-aux-pommes-et-crumble-noisettes,https://staging.lacuisinedebernard.com/tarte-aux-pommes-et-crumble-noisettes
https://lacuisinedebernard.com/tarte-aux-pommes-et-crumble-noisettes/,https://staging.lacuisinedebernard.com/tarte-aux-pommes-et-crumble-noisettes
https://www.lacuisinedebernard.com/tarte-aux-pommes-et-crumble-noisettes,https://staging.lacuisinedebernard.com/tarte-aux-pommes-et-crumble-noisettes
https://www.lacuisinedebernard.com/tarte-aux-pommes-et-crumble-noisettes/,https://staging.lacuisinedebernard.com/tarte-aux-pommes-et-crumble-noisettes
https://lacuisinedebernard.com/apple-pie-and-hazelnut-crumble,https://staging.lacuisinedebernard.com/apple-pie-and-hazelnut-crumble
https://lacuisinedebernard.com/apple-pie-and-hazelnut-crumble/,https://staging.lacuisinedebernard.com/apple-pie-and-hazelnut-crumble
https://www.lacuisinedebernard.com/apple-pie-and-hazelnut-crumble,https://staging.lacuisinedebernard.com/apple-pie-and-hazelnut-crumble
https://www.lacuisinedebernard.com/apple-pie-and-hazelnut-crumble/,https://staging.lacuisinedebernard.com/apple-pie-and-hazelnut-crumble
https://lacuisinedebernard.com/bread-pudding,https://staging.lacuisinedebernard.com/bread-pudding
https://lacuisinedebernard.com/bread-pudding/,https://staging.lacuisinedebernard.com/bread-pudding
https://www.lacuisinedebernard.com/bread-pudding,https://staging.lacuisinedebernard.com/bread-pudding
https://www.lacuisinedebernard.com/bread-pudding/,https://staging.lacuisinedebernard.com/bread-pudding
https://lacuisinedebernard.com/hojaldre-invertido,https://staging.lacuisinedebernard.com/hojaldre-invertido
https://lacuisinedebernard.com/hojaldre-invertido/,https://staging.lacuisinedebernard.com/hojaldre-invertido
https://www.lacuisinedebernard.com/hojaldre-invertido,https://staging.lacuisinedebernard.com/hojaldre-invertido
https://www.lacuisinedebernard.com/hojaldre-invertido/,https://staging.lacuisinedebernard.com/hojaldre-invertido
https://lacuisinedebernard.com/massa-folhada-invertida,https://staging.lacuisinedebernard.com/massa-folhada-invertida
https://lacuisinedebernard.com/massa-folhada-invertida/,https://staging.lacuisinedebernard.com/massa-folhada-invertida
https://www.lacuisinedebernard.com/massa-folhada-invertida,https://staging.lacuisinedebernard.com/massa-folhada-invertida
https://www.lacuisinedebernard.com/massa-folhada-invertida/,https://staging.lacuisinedebernard.com/massa-folhada-invertida
https://lacuisinedebernard.com/reverse-puff-pastry,https://staging.lacuisinedebernard.com/reverse-puff-pastry
https://lacuisinedebernard.com/reverse-puff-pastry/,https://staging.lacuisinedebernard.com/reverse-puff-pastry
https://www.lacuisinedebernard.com/reverse-puff-pastry,https://staging.lacuisinedebernard.com/reverse-puff-pastry
https://www.lacuisinedebernard.com/reverse-puff-pastry/,https://staging.lacuisinedebernard.com/reverse-puff-pastry
https://lacuisinedebernard.com/cuentas-de-coco,https://staging.lacuisinedebernard.com/cuentas-de-coco
https://lacuisinedebernard.com/cuentas-de-coco/,https://staging.lacuisinedebernard.com/cuentas-de-coco
https://www.lacuisinedebernard.com/cuentas-de-coco,https://staging.lacuisinedebernard.com/cuentas-de-coco
https://www.lacuisinedebernard.com/cuentas-de-coco/,https://staging.lacuisinedebernard.com/cuentas-de-coco
https://lacuisinedebernard.com/contas-de-coco,https://staging.lacuisinedebernard.com/contas-de-coco
https://lacuisinedebernard.com/contas-de-coco/,https://staging.lacuisinedebernard.com/contas-de-coco
https://www.lacuisinedebernard.com/contas-de-coco,https://staging.lacuisinedebernard.com/contas-de-coco
https://www.lacuisinedebernard.com/contas-de-coco/,https://staging.lacuisinedebernard.com/contas-de-coco
https://lacuisinedebernard.com/bolachas-de-amendoim-de-cacau,https://staging.lacuisinedebernard.com/bolachas-de-amendoim-de-cacau
https://lacuisinedebernard.com/bolachas-de-amendoim-de-cacau/,https://staging.lacuisinedebernard.com/bolachas-de-amendoim-de-cacau
https://www.lacuisinedebernard.com/bolachas-de-amendoim-de-cacau,https://staging.lacuisinedebernard.com/bolachas-de-amendoim-de-cacau
https://www.lacuisinedebernard.com/bolachas-de-amendoim-de-cacau/,https://staging.lacuisinedebernard.com/bolachas-de-amendoim-de-cacau
https://lacuisinedebernard.com/massa-com-cogumelos-e-couve,https://staging.lacuisinedebernard.com/massa-com-cogumelos-e-couve
https://lacuisinedebernard.com/massa-com-cogumelos-e-couve/,https://staging.lacuisinedebernard.com/massa-com-cogumelos-e-couve
https://www.lacuisinedebernard.com/massa-com-cogumelos-e-couve,https://staging.lacuisinedebernard.com/massa-com-cogumelos-e-couve
https://www.lacuisinedebernard.com/massa-com-cogumelos-e-couve/,https://staging.lacuisinedebernard.com/massa-com-cogumelos-e-couve
https://lacuisinedebernard.com/panquecas-de-avela,https://staging.lacuisinedebernard.com/panquecas-de-avela
https://lacuisinedebernard.com/panquecas-de-avela/,https://staging.lacuisinedebernard.com/panquecas-de-avela
https://www.lacuisinedebernard.com/panquecas-de-avela,https://staging.lacuisinedebernard.com/panquecas-de-avela
https://www.lacuisinedebernard.com/panquecas-de-avela/,https://staging.lacuisinedebernard.com/panquecas-de-avela
https://lacuisinedebernard.com/portokalopita,https://staging.lacuisinedebernard.com/portokalopita
https://lacuisinedebernard.com/portokalopita/,https://staging.lacuisinedebernard.com/portokalopita
https://www.lacuisinedebernard.com/portokalopita,https://staging.lacuisinedebernard.com/portokalopita
https://www.lacuisinedebernard.com/portokalopita/,https://staging.lacuisinedebernard.com/portokalopita
https://lacuisinedebernard.com/pollo-a-la-sarten-acelgas-champinones-tomates-secos-y-salsa-de-crema-boursin,https://staging.lacuisinedebernard.com/pollo-a-la-sarten-acelgas-champinones-tomates-secos-y-salsa-de-crema-boursin
https://lacuisinedebernard.com/pollo-a-la-sarten-acelgas-champinones-tomates-secos-y-salsa-de-crema-boursin/,https://staging.lacuisinedebernard.com/pollo-a-la-sarten-acelgas-champinones-tomates-secos-y-salsa-de-crema-boursin
https://www.lacuisinedebernard.com/pollo-a-la-sarten-acelgas-champinones-tomates-secos-y-salsa-de-crema-boursin,https://staging.lacuisinedebernard.com/pollo-a-la-sarten-acelgas-champinones-tomates-secos-y-salsa-de-crema-boursin
https://www.lacuisinedebernard.com/pollo-a-la-sarten-acelgas-champinones-tomates-secos-y-salsa-de-crema-boursin/,https://staging.lacuisinedebernard.com/pollo-a-la-sarten-acelgas-champinones-tomates-secos-y-salsa-de-crema-boursin
https://lacuisinedebernard.com/lime-and-ginger-sorbet,https://staging.lacuisinedebernard.com/lime-and-ginger-sorbet
https://lacuisinedebernard.com/lime-and-ginger-sorbet/,https://staging.lacuisinedebernard.com/lime-and-ginger-sorbet
https://www.lacuisinedebernard.com/lime-and-ginger-sorbet,https://staging.lacuisinedebernard.com/lime-and-ginger-sorbet
https://www.lacuisinedebernard.com/lime-and-ginger-sorbet/,https://staging.lacuisinedebernard.com/lime-and-ginger-sorbet
https://lacuisinedebernard.com/lu-rou-fan-carne-de-porco-brasada-taiwanesa,https://staging.lacuisinedebernard.com/lu-rou-fan-carne-de-porco-brasada-taiwanesa
https://lacuisinedebernard.com/lu-rou-fan-carne-de-porco-brasada-taiwanesa/,https://staging.lacuisinedebernard.com/lu-rou-fan-carne-de-porco-brasada-taiwanesa
https://www.lacuisinedebernard.com/lu-rou-fan-carne-de-porco-brasada-taiwanesa,https://staging.lacuisinedebernard.com/lu-rou-fan-carne-de-porco-brasada-taiwanesa
https://www.lacuisinedebernard.com/lu-rou-fan-carne-de-porco-brasada-taiwanesa/,https://staging.lacuisinedebernard.com/lu-rou-fan-carne-de-porco-brasada-taiwanesa
https://lacuisinedebernard.com/lu-rou-fan-taiwanese-braised-pork,https://staging.lacuisinedebernard.com/lu-rou-fan-taiwanese-braised-pork
https://lacuisinedebernard.com/lu-rou-fan-taiwanese-braised-pork/,https://staging.lacuisinedebernard.com/lu-rou-fan-taiwanese-braised-pork
https://www.lacuisinedebernard.com/lu-rou-fan-taiwanese-braised-pork,https://staging.lacuisinedebernard.com/lu-rou-fan-taiwanese-braised-pork
https://www.lacuisinedebernard.com/lu-rou-fan-taiwanese-braised-pork/,https://staging.lacuisinedebernard.com/lu-rou-fan-taiwanese-braised-pork
https://lacuisinedebernard.com/lobster-rolls-and-shrimp-rolls,https://staging.lacuisinedebernard.com/lobster-rolls-and-shrimp-rolls
https://lacuisinedebernard.com/lobster-rolls-and-shrimp-rolls/,https://staging.lacuisinedebernard.com/lobster-rolls-and-shrimp-rolls
https://www.lacuisinedebernard.com/lobster-rolls-and-shrimp-rolls,https://staging.lacuisinedebernard.com/lobster-rolls-and-shrimp-rolls
https://www.lacuisinedebernard.com/lobster-rolls-and-shrimp-rolls/,https://staging.lacuisinedebernard.com/lobster-rolls-and-shrimp-rolls
https://lacuisinedebernard.com/frango-frito-acelga-cogumelos-tomate-seco-ao-sol-e-molho-de-creme-boursin,https://staging.lacuisinedebernard.com/frango-frito-acelga-cogumelos-tomate-seco-ao-sol-e-molho-de-creme-boursin
https://lacuisinedebernard.com/frango-frito-acelga-cogumelos-tomate-seco-ao-sol-e-molho-de-creme-boursin/,https://staging.lacuisinedebernard.com/frango-frito-acelga-cogumelos-tomate-seco-ao-sol-e-molho-de-creme-boursin
https://www.lacuisinedebernard.com/frango-frito-acelga-cogumelos-tomate-seco-ao-sol-e-molho-de-creme-boursin,https://staging.lacuisinedebernard.com/frango-frito-acelga-cogumelos-tomate-seco-ao-sol-e-molho-de-creme-boursin
https://www.lacuisinedebernard.com/frango-frito-acelga-cogumelos-tomate-seco-ao-sol-e-molho-de-creme-boursin/,https://staging.lacuisinedebernard.com/frango-frito-acelga-cogumelos-tomate-seco-ao-sol-e-molho-de-creme-boursin
https://lacuisinedebernard.com/pho-em-ingles,https://staging.lacuisinedebernard.com/pho-em-ingles
https://lacuisinedebernard.com/pho-em-ingles/,https://staging.lacuisinedebernard.com/pho-em-ingles
https://www.lacuisinedebernard.com/pho-em-ingles,https://staging.lacuisinedebernard.com/pho-em-ingles
https://www.lacuisinedebernard.com/pho-em-ingles/,https://staging.lacuisinedebernard.com/pho-em-ingles
https://lacuisinedebernard.com/pan-fried-chicken-chard-mushrooms-sun-dried-tomatoes-and-boursin-cream-sauce,https://staging.lacuisinedebernard.com/pan-fried-chicken-chard-mushrooms-sun-dried-tomatoes-and-boursin-cream-sauce
https://lacuisinedebernard.com/pan-fried-chicken-chard-mushrooms-sun-dried-tomatoes-and-boursin-cream-sauce/,https://staging.lacuisinedebernard.com/pan-fried-chicken-chard-mushrooms-sun-dried-tomatoes-and-boursin-cream-sauce
https://www.lacuisinedebernard.com/pan-fried-chicken-chard-mushrooms-sun-dried-tomatoes-and-boursin-cream-sauce,https://staging.lacuisinedebernard.com/pan-fried-chicken-chard-mushrooms-sun-dried-tomatoes-and-boursin-cream-sauce
https://www.lacuisinedebernard.com/pan-fried-chicken-chard-mushrooms-sun-dried-tomatoes-and-boursin-cream-sauce/,https://staging.lacuisinedebernard.com/pan-fried-chicken-chard-mushrooms-sun-dried-tomatoes-and-boursin-cream-sauce
https://lacuisinedebernard.com/contas-de-amendoim-de-sesamo-de-coco,https://staging.lacuisinedebernard.com/contas-de-amendoim-de-sesamo-de-coco
https://lacuisinedebernard.com/contas-de-amendoim-de-sesamo-de-coco/,https://staging.lacuisinedebernard.com/contas-de-amendoim-de-sesamo-de-coco
https://www.lacuisinedebernard.com/contas-de-amendoim-de-sesamo-de-coco,https://staging.lacuisinedebernard.com/contas-de-amendoim-de-sesamo-de-coco
https://www.lacuisinedebernard.com/contas-de-amendoim-de-sesamo-de-coco/,https://staging.lacuisinedebernard.com/contas-de-amendoim-de-sesamo-de-coco
https://lacuisinedebernard.com/poppers-de-jalapeno,https://staging.lacuisinedebernard.com/poppers-de-jalapeno
https://lacuisinedebernard.com/poppers-de-jalapeno/,https://staging.lacuisinedebernard.com/poppers-de-jalapeno
https://www.lacuisinedebernard.com/poppers-de-jalapeno,https://staging.lacuisinedebernard.com/poppers-de-jalapeno
https://www.lacuisinedebernard.com/poppers-de-jalapeno/,https://staging.lacuisinedebernard.com/poppers-de-jalapeno
https://lacuisinedebernard.com/sorbete-de-albaricoque,https://staging.lacuisinedebernard.com/sorbete-de-albaricoque
https://lacuisinedebernard.com/sorbete-de-albaricoque/,https://staging.lacuisinedebernard.com/sorbete-de-albaricoque
https://www.lacuisinedebernard.com/sorbete-de-albaricoque,https://staging.lacuisinedebernard.com/sorbete-de-albaricoque
https://www.lacuisinedebernard.com/sorbete-de-albaricoque/,https://staging.lacuisinedebernard.com/sorbete-de-albaricoque
https://lacuisinedebernard.com/sorbet-de-damasco,https://staging.lacuisinedebernard.com/sorbet-de-damasco
https://lacuisinedebernard.com/sorbet-de-damasco/,https://staging.lacuisinedebernard.com/sorbet-de-damasco
https://www.lacuisinedebernard.com/sorbet-de-damasco,https://staging.lacuisinedebernard.com/sorbet-de-damasco
https://www.lacuisinedebernard.com/sorbet-de-damasco/,https://staging.lacuisinedebernard.com/sorbet-de-damasco
https://lacuisinedebernard.com/sorbete-de-melocoton,https://staging.lacuisinedebernard.com/sorbete-de-melocoton
https://lacuisinedebernard.com/sorbete-de-melocoton/,https://staging.lacuisinedebernard.com/sorbete-de-melocoton
https://www.lacuisinedebernard.com/sorbete-de-melocoton,https://staging.lacuisinedebernard.com/sorbete-de-melocoton
https://www.lacuisinedebernard.com/sorbete-de-melocoton/,https://staging.lacuisinedebernard.com/sorbete-de-melocoton
https://lacuisinedebernard.com/apricot-sorbet,https://staging.lacuisinedebernard.com/apricot-sorbet
https://lacuisinedebernard.com/apricot-sorbet/,https://staging.lacuisinedebernard.com/apricot-sorbet
https://www.lacuisinedebernard.com/apricot-sorbet,https://staging.lacuisinedebernard.com/apricot-sorbet
https://www.lacuisinedebernard.com/apricot-sorbet/,https://staging.lacuisinedebernard.com/apricot-sorbet
https://lacuisinedebernard.com/sorbet-de-pessego,https://staging.lacuisinedebernard.com/sorbet-de-pessego
https://lacuisinedebernard.com/sorbet-de-pessego/,https://staging.lacuisinedebernard.com/sorbet-de-pessego
https://www.lacuisinedebernard.com/sorbet-de-pessego,https://staging.lacuisinedebernard.com/sorbet-de-pessego
https://www.lacuisinedebernard.com/sorbet-de-pessego/,https://staging.lacuisinedebernard.com/sorbet-de-pessego
https://lacuisinedebernard.com/perlas-de-cacahuete-con-sesamo-y-coco,https://staging.lacuisinedebernard.com/perlas-de-cacahuete-con-sesamo-y-coco
https://lacuisinedebernard.com/perlas-de-cacahuete-con-sesamo-y-coco/,https://staging.lacuisinedebernard.com/perlas-de-cacahuete-con-sesamo-y-coco
https://www.lacuisinedebernard.com/perlas-de-cacahuete-con-sesamo-y-coco,https://staging.lacuisinedebernard.com/perlas-de-cacahuete-con-sesamo-y-coco
https://www.lacuisinedebernard.com/perlas-de-cacahuete-con-sesamo-y-coco/,https://staging.lacuisinedebernard.com/perlas-de-cacahuete-con-sesamo-y-coco
https://lacuisinedebernard.com/poppers-jalapeno,https://staging.lacuisinedebernard.com/poppers-jalapeno
https://lacuisinedebernard.com/poppers-jalapeno/,https://staging.lacuisinedebernard.com/poppers-jalapeno
https://www.lacuisinedebernard.com/poppers-jalapeno,https://staging.lacuisinedebernard.com/poppers-jalapeno
https://www.lacuisinedebernard.com/poppers-jalapeno/,https://staging.lacuisinedebernard.com/poppers-jalapeno
https://lacuisinedebernard.com/sorbete-de-platano,https://staging.lacuisinedebernard.com/sorbete-de-platano
https://lacuisinedebernard.com/sorbete-de-platano/,https://staging.lacuisinedebernard.com/sorbete-de-platano
https://www.lacuisinedebernard.com/sorbete-de-platano,https://staging.lacuisinedebernard.com/sorbete-de-platano
https://www.lacuisinedebernard.com/sorbete-de-platano/,https://staging.lacuisinedebernard.com/sorbete-de-platano
https://lacuisinedebernard.com/peach-sorbet,https://staging.lacuisinedebernard.com/peach-sorbet
https://lacuisinedebernard.com/peach-sorbet/,https://staging.lacuisinedebernard.com/peach-sorbet
https://www.lacuisinedebernard.com/peach-sorbet,https://staging.lacuisinedebernard.com/peach-sorbet
https://www.lacuisinedebernard.com/peach-sorbet/,https://staging.lacuisinedebernard.com/peach-sorbet
https://lacuisinedebernard.com/sorbete-de-lima-y-jengibre,https://staging.lacuisinedebernard.com/sorbete-de-lima-y-jengibre
https://lacuisinedebernard.com/sorbete-de-lima-y-jengibre/,https://staging.lacuisinedebernard.com/sorbete-de-lima-y-jengibre
https://www.lacuisinedebernard.com/sorbete-de-lima-y-jengibre,https://staging.lacuisinedebernard.com/sorbete-de-lima-y-jengibre
https://www.lacuisinedebernard.com/sorbete-de-lima-y-jengibre/,https://staging.lacuisinedebernard.com/sorbete-de-lima-y-jengibre
https://lacuisinedebernard.com/lu-rou-fan-estofado-de-cerdo-taiwanes,https://staging.lacuisinedebernard.com/lu-rou-fan-estofado-de-cerdo-taiwanes
https://lacuisinedebernard.com/lu-rou-fan-estofado-de-cerdo-taiwanes/,https://staging.lacuisinedebernard.com/lu-rou-fan-estofado-de-cerdo-taiwanes
https://www.lacuisinedebernard.com/lu-rou-fan-estofado-de-cerdo-taiwanes,https://staging.lacuisinedebernard.com/lu-rou-fan-estofado-de-cerdo-taiwanes
https://www.lacuisinedebernard.com/lu-rou-fan-estofado-de-cerdo-taiwanes/,https://staging.lacuisinedebernard.com/lu-rou-fan-estofado-de-cerdo-taiwanes
https://lacuisinedebernard.com/coconut-sesame-peanut-beads,https://staging.lacuisinedebernard.com/coconut-sesame-peanut-beads
https://lacuisinedebernard.com/coconut-sesame-peanut-beads/,https://staging.lacuisinedebernard.com/coconut-sesame-peanut-beads
https://www.lacuisinedebernard.com/coconut-sesame-peanut-beads,https://staging.lacuisinedebernard.com/coconut-sesame-peanut-beads
https://www.lacuisinedebernard.com/coconut-sesame-peanut-beads/,https://staging.lacuisinedebernard.com/coconut-sesame-peanut-beads
https://lacuisinedebernard.com/sorbet-de-tilia-e-gengibre,https://staging.lacuisinedebernard.com/sorbet-de-tilia-e-gengibre
https://lacuisinedebernard.com/sorbet-de-tilia-e-gengibre/,https://staging.lacuisinedebernard.com/sorbet-de-tilia-e-gengibre
https://www.lacuisinedebernard.com/sorbet-de-tilia-e-gengibre,https://staging.lacuisinedebernard.com/sorbet-de-tilia-e-gengibre
https://www.lacuisinedebernard.com/sorbet-de-tilia-e-gengibre/,https://staging.lacuisinedebernard.com/sorbet-de-tilia-e-gengibre
https://lacuisinedebernard.com/crunchy-shortbread-with-hazelnut-butter,https://staging.lacuisinedebernard.com/crunchy-shortbread-with-hazelnut-butter
https://lacuisinedebernard.com/crunchy-shortbread-with-hazelnut-butter/,https://staging.lacuisinedebernard.com/crunchy-shortbread-with-hazelnut-butter
https://www.lacuisinedebernard.com/crunchy-shortbread-with-hazelnut-butter,https://staging.lacuisinedebernard.com/crunchy-shortbread-with-hazelnut-butter
https://www.lacuisinedebernard.com/crunchy-shortbread-with-hazelnut-butter/,https://staging.lacuisinedebernard.com/crunchy-shortbread-with-hazelnut-butter
https://lacuisinedebernard.com/jalapeno-poppers,https://staging.lacuisinedebernard.com/jalapeno-poppers
https://lacuisinedebernard.com/jalapeno-poppers/,https://staging.lacuisinedebernard.com/jalapeno-poppers
https://www.lacuisinedebernard.com/jalapeno-poppers,https://staging.lacuisinedebernard.com/jalapeno-poppers
https://www.lacuisinedebernard.com/jalapeno-poppers/,https://staging.lacuisinedebernard.com/jalapeno-poppers
https://lacuisinedebernard.com/brioche-tressee,https://staging.lacuisinedebernard.com/brioche-tressee
https://lacuisinedebernard.com/brioche-tressee/,https://staging.lacuisinedebernard.com/brioche-tressee
https://www.lacuisinedebernard.com/brioche-tressee,https://staging.lacuisinedebernard.com/brioche-tressee
https://www.lacuisinedebernard.com/brioche-tressee/,https://staging.lacuisinedebernard.com/brioche-tressee
https://lacuisinedebernard.com/cheesecake-au-chavroux-figues-et-noix-de-pecan,https://staging.lacuisinedebernard.com/cheesecake-au-chavroux-figues-et-noix-de-pecan
https://lacuisinedebernard.com/cheesecake-au-chavroux-figues-et-noix-de-pecan/,https://staging.lacuisinedebernard.com/cheesecake-au-chavroux-figues-et-noix-de-pecan
https://www.lacuisinedebernard.com/cheesecake-au-chavroux-figues-et-noix-de-pecan,https://staging.lacuisinedebernard.com/cheesecake-au-chavroux-figues-et-noix-de-pecan
https://www.lacuisinedebernard.com/cheesecake-au-chavroux-figues-et-noix-de-pecan/,https://staging.lacuisinedebernard.com/cheesecake-au-chavroux-figues-et-noix-de-pecan
https://lacuisinedebernard.com/sables-noix-et-cannelle,https://staging.lacuisinedebernard.com/sables-noix-et-cannelle
https://lacuisinedebernard.com/sables-noix-et-cannelle/,https://staging.lacuisinedebernard.com/sables-noix-et-cannelle
https://www.lacuisinedebernard.com/sables-noix-et-cannelle,https://staging.lacuisinedebernard.com/sables-noix-et-cannelle
https://www.lacuisinedebernard.com/sables-noix-et-cannelle/,https://staging.lacuisinedebernard.com/sables-noix-et-cannelle
https://lacuisinedebernard.com/veloute-brocoli-epinards,https://staging.lacuisinedebernard.com/veloute-brocoli-epinards
https://lacuisinedebernard.com/veloute-brocoli-epinards/,https://staging.lacuisinedebernard.com/veloute-brocoli-epinards
https://www.lacuisinedebernard.com/veloute-brocoli-epinards,https://staging.lacuisinedebernard.com/veloute-brocoli-epinards
https://www.lacuisinedebernard.com/veloute-brocoli-epinards/,https://staging.lacuisinedebernard.com/veloute-brocoli-epinards
https://lacuisinedebernard.com/cookies-aux-epices-et-noix-de-pecan,https://staging.lacuisinedebernard.com/cookies-aux-epices-et-noix-de-pecan
https://lacuisinedebernard.com/cookies-aux-epices-et-noix-de-pecan/,https://staging.lacuisinedebernard.com/cookies-aux-epices-et-noix-de-pecan
https://www.lacuisinedebernard.com/cookies-aux-epices-et-noix-de-pecan,https://staging.lacuisinedebernard.com/cookies-aux-epices-et-noix-de-pecan
https://www.lacuisinedebernard.com/cookies-aux-epices-et-noix-de-pecan/,https://staging.lacuisinedebernard.com/cookies-aux-epices-et-noix-de-pecan
https://lacuisinedebernard.com/pecan-spice-cookies,https://staging.lacuisinedebernard.com/pecan-spice-cookies
https://lacuisinedebernard.com/pecan-spice-cookies/,https://staging.lacuisinedebernard.com/pecan-spice-cookies
https://www.lacuisinedebernard.com/pecan-spice-cookies,https://staging.lacuisinedebernard.com/pecan-spice-cookies
https://www.lacuisinedebernard.com/pecan-spice-cookies/,https://staging.lacuisinedebernard.com/pecan-spice-cookies
https://lacuisinedebernard.com/dutch-baby-con-arandanos-y-ricotta-al-limon,https://staging.lacuisinedebernard.com/dutch-baby-con-arandanos-y-ricotta-al-limon
https://lacuisinedebernard.com/dutch-baby-con-arandanos-y-ricotta-al-limon/,https://staging.lacuisinedebernard.com/dutch-baby-con-arandanos-y-ricotta-al-limon
https://www.lacuisinedebernard.com/dutch-baby-con-arandanos-y-ricotta-al-limon,https://staging.lacuisinedebernard.com/dutch-baby-con-arandanos-y-ricotta-al-limon
https://www.lacuisinedebernard.com/dutch-baby-con-arandanos-y-ricotta-al-limon/,https://staging.lacuisinedebernard.com/dutch-baby-con-arandanos-y-ricotta-al-limon
https://lacuisinedebernard.com/bebe-holandes-com-mirtilos-e-ricotta-de-limao,https://staging.lacuisinedebernard.com/bebe-holandes-com-mirtilos-e-ricotta-de-limao
https://lacuisinedebernard.com/bebe-holandes-com-mirtilos-e-ricotta-de-limao/,https://staging.lacuisinedebernard.com/bebe-holandes-com-mirtilos-e-ricotta-de-limao
https://www.lacuisinedebernard.com/bebe-holandes-com-mirtilos-e-ricotta-de-limao,https://staging.lacuisinedebernard.com/bebe-holandes-com-mirtilos-e-ricotta-de-limao
https://www.lacuisinedebernard.com/bebe-holandes-com-mirtilos-e-ricotta-de-limao/,https://staging.lacuisinedebernard.com/bebe-holandes-com-mirtilos-e-ricotta-de-limao
https://lacuisinedebernard.com/dutch-baby-with-blueberries-and-lemon-ricotta,https://staging.lacuisinedebernard.com/dutch-baby-with-blueberries-and-lemon-ricotta
https://lacuisinedebernard.com/dutch-baby-with-blueberries-and-lemon-ricotta/,https://staging.lacuisinedebernard.com/dutch-baby-with-blueberries-and-lemon-ricotta
https://www.lacuisinedebernard.com/dutch-baby-with-blueberries-and-lemon-ricotta,https://staging.lacuisinedebernard.com/dutch-baby-with-blueberries-and-lemon-ricotta
https://www.lacuisinedebernard.com/dutch-baby-with-blueberries-and-lemon-ricotta/,https://staging.lacuisinedebernard.com/dutch-baby-with-blueberries-and-lemon-ricotta
https://lacuisinedebernard.com/cerdo-caramelizado-con-jengibre-y-hierba-de-limon,https://staging.lacuisinedebernard.com/cerdo-caramelizado-con-jengibre-y-hierba-de-limon
https://lacuisinedebernard.com/cerdo-caramelizado-con-jengibre-y-hierba-de-limon/,https://staging.lacuisinedebernard.com/cerdo-caramelizado-con-jengibre-y-hierba-de-limon
https://www.lacuisinedebernard.com/cerdo-caramelizado-con-jengibre-y-hierba-de-limon,https://staging.lacuisinedebernard.com/cerdo-caramelizado-con-jengibre-y-hierba-de-limon
https://www.lacuisinedebernard.com/cerdo-caramelizado-con-jengibre-y-hierba-de-limon/,https://staging.lacuisinedebernard.com/cerdo-caramelizado-con-jengibre-y-hierba-de-limon
https://lacuisinedebernard.com/carne-de-porco-caramelizada-com-gengibre-e-erva-limao,https://staging.lacuisinedebernard.com/carne-de-porco-caramelizada-com-gengibre-e-erva-limao
https://lacuisinedebernard.com/carne-de-porco-caramelizada-com-gengibre-e-erva-limao/,https://staging.lacuisinedebernard.com/carne-de-porco-caramelizada-com-gengibre-e-erva-limao
https://www.lacuisinedebernard.com/carne-de-porco-caramelizada-com-gengibre-e-erva-limao,https://staging.lacuisinedebernard.com/carne-de-porco-caramelizada-com-gengibre-e-erva-limao
https://www.lacuisinedebernard.com/carne-de-porco-caramelizada-com-gengibre-e-erva-limao/,https://staging.lacuisinedebernard.com/carne-de-porco-caramelizada-com-gengibre-e-erva-limao
https://lacuisinedebernard.com/caramelized-pork-with-ginger-and-lemongrass,https://staging.lacuisinedebernard.com/caramelized-pork-with-ginger-and-lemongrass
https://lacuisinedebernard.com/caramelized-pork-with-ginger-and-lemongrass/,https://staging.lacuisinedebernard.com/caramelized-pork-with-ginger-and-lemongrass
https://www.lacuisinedebernard.com/caramelized-pork-with-ginger-and-lemongrass,https://staging.lacuisinedebernard.com/caramelized-pork-with-ginger-and-lemongrass
https://www.lacuisinedebernard.com/caramelized-pork-with-ginger-and-lemongrass/,https://staging.lacuisinedebernard.com/caramelized-pork-with-ginger-and-lemongrass
https://lacuisinedebernard.com/pates-au-homard,https://staging.lacuisinedebernard.com/pates-au-homard
https://lacuisinedebernard.com/pates-au-homard/,https://staging.lacuisinedebernard.com/pates-au-homard
https://www.lacuisinedebernard.com/pates-au-homard,https://staging.lacuisinedebernard.com/pates-au-homard
https://www.lacuisinedebernard.com/pates-au-homard/,https://staging.lacuisinedebernard.com/pates-au-homard
https://lacuisinedebernard.com/pop-corn-croustillant-au-caramel-et-cacahuetes,https://staging.lacuisinedebernard.com/pop-corn-croustillant-au-caramel-et-cacahuetes
https://lacuisinedebernard.com/pop-corn-croustillant-au-caramel-et-cacahuetes/,https://staging.lacuisinedebernard.com/pop-corn-croustillant-au-caramel-et-cacahuetes
https://www.lacuisinedebernard.com/pop-corn-croustillant-au-caramel-et-cacahuetes,https://staging.lacuisinedebernard.com/pop-corn-croustillant-au-caramel-et-cacahuetes
https://www.lacuisinedebernard.com/pop-corn-croustillant-au-caramel-et-cacahuetes/,https://staging.lacuisinedebernard.com/pop-corn-croustillant-au-caramel-et-cacahuetes
https://lacuisinedebernard.com/tartelettes-au-fromage-frais-et-mandarine,https://staging.lacuisinedebernard.com/tartelettes-au-fromage-frais-et-mandarine
https://lacuisinedebernard.com/tartelettes-au-fromage-frais-et-mandarine/,https://staging.lacuisinedebernard.com/tartelettes-au-fromage-frais-et-mandarine
https://www.lacuisinedebernard.com/tartelettes-au-fromage-frais-et-mandarine,https://staging.lacuisinedebernard.com/tartelettes-au-fromage-frais-et-mandarine
https://www.lacuisinedebernard.com/tartelettes-au-fromage-frais-et-mandarine/,https://staging.lacuisinedebernard.com/tartelettes-au-fromage-frais-et-mandarine
https://lacuisinedebernard.com/veloute-celeri-chataignes,https://staging.lacuisinedebernard.com/veloute-celeri-chataignes
https://lacuisinedebernard.com/veloute-celeri-chataignes/,https://staging.lacuisinedebernard.com/veloute-celeri-chataignes
https://www.lacuisinedebernard.com/veloute-celeri-chataignes,https://staging.lacuisinedebernard.com/veloute-celeri-chataignes
https://www.lacuisinedebernard.com/veloute-celeri-chataignes/,https://staging.lacuisinedebernard.com/veloute-celeri-chataignes
https://lacuisinedebernard.com/cream-of-celery-and-chestnut-soup,https://staging.lacuisinedebernard.com/cream-of-celery-and-chestnut-soup
https://lacuisinedebernard.com/cream-of-celery-and-chestnut-soup/,https://staging.lacuisinedebernard.com/cream-of-celery-and-chestnut-soup
https://www.lacuisinedebernard.com/cream-of-celery-and-chestnut-soup,https://staging.lacuisinedebernard.com/cream-of-celery-and-chestnut-soup
https://www.lacuisinedebernard.com/cream-of-celery-and-chestnut-soup/,https://staging.lacuisinedebernard.com/cream-of-celery-and-chestnut-soup
https://lacuisinedebernard.com/veloute-de-potimarron-haricots-blancs-et-citron-confit,https://staging.lacuisinedebernard.com/veloute-de-potimarron-haricots-blancs-et-citron-confit
https://lacuisinedebernard.com/veloute-de-potimarron-haricots-blancs-et-citron-confit/,https://staging.lacuisinedebernard.com/veloute-de-potimarron-haricots-blancs-et-citron-confit
https://www.lacuisinedebernard.com/veloute-de-potimarron-haricots-blancs-et-citron-confit,https://staging.lacuisinedebernard.com/veloute-de-potimarron-haricots-blancs-et-citron-confit
https://www.lacuisinedebernard.com/veloute-de-potimarron-haricots-blancs-et-citron-confit/,https://staging.lacuisinedebernard.com/veloute-de-potimarron-haricots-blancs-et-citron-confit
https://lacuisinedebernard.com/frittelle-au-sabayon-au-marsala,https://staging.lacuisinedebernard.com/frittelle-au-sabayon-au-marsala
https://lacuisinedebernard.com/frittelle-au-sabayon-au-marsala/,https://staging.lacuisinedebernard.com/frittelle-au-sabayon-au-marsala
https://www.lacuisinedebernard.com/frittelle-au-sabayon-au-marsala,https://staging.lacuisinedebernard.com/frittelle-au-sabayon-au-marsala
https://www.lacuisinedebernard.com/frittelle-au-sabayon-au-marsala/,https://staging.lacuisinedebernard.com/frittelle-au-sabayon-au-marsala
https://lacuisinedebernard.com/tarte-a-lorange-sanguine,https://staging.lacuisinedebernard.com/tarte-a-lorange-sanguine
https://lacuisinedebernard.com/tarte-a-lorange-sanguine/,https://staging.lacuisinedebernard.com/tarte-a-lorange-sanguine
https://www.lacuisinedebernard.com/tarte-a-lorange-sanguine,https://staging.lacuisinedebernard.com/tarte-a-lorange-sanguine
https://www.lacuisinedebernard.com/tarte-a-lorange-sanguine/,https://staging.lacuisinedebernard.com/tarte-a-lorange-sanguine
https://lacuisinedebernard.com/cake-double-chocolat,https://staging.lacuisinedebernard.com/cake-double-chocolat
https://lacuisinedebernard.com/cake-double-chocolat/,https://staging.lacuisinedebernard.com/cake-double-chocolat
https://www.lacuisinedebernard.com/cake-double-chocolat,https://staging.lacuisinedebernard.com/cake-double-chocolat
https://www.lacuisinedebernard.com/cake-double-chocolat/,https://staging.lacuisinedebernard.com/cake-double-chocolat
https://lacuisinedebernard.com/curry-moelleux-jaune-au-crabe,https://staging.lacuisinedebernard.com/curry-moelleux-jaune-au-crabe
https://lacuisinedebernard.com/curry-moelleux-jaune-au-crabe/,https://staging.lacuisinedebernard.com/curry-moelleux-jaune-au-crabe
https://www.lacuisinedebernard.com/curry-moelleux-jaune-au-crabe,https://staging.lacuisinedebernard.com/curry-moelleux-jaune-au-crabe
https://www.lacuisinedebernard.com/curry-moelleux-jaune-au-crabe/,https://staging.lacuisinedebernard.com/curry-moelleux-jaune-au-crabe
https://lacuisinedebernard.com/dal-express-de-lentilles-corail,https://staging.lacuisinedebernard.com/dal-express-de-lentilles-corail
https://lacuisinedebernard.com/dal-express-de-lentilles-corail/,https://staging.lacuisinedebernard.com/dal-express-de-lentilles-corail
https://www.lacuisinedebernard.com/dal-express-de-lentilles-corail,https://staging.lacuisinedebernard.com/dal-express-de-lentilles-corail
https://www.lacuisinedebernard.com/dal-express-de-lentilles-corail/,https://staging.lacuisinedebernard.com/dal-express-de-lentilles-corail
https://lacuisinedebernard.com/riz-saute-au-poulet-cacahuetes-et-coriandre,https://staging.lacuisinedebernard.com/riz-saute-au-poulet-cacahuetes-et-coriandre
https://lacuisinedebernard.com/riz-saute-au-poulet-cacahuetes-et-coriandre/,https://staging.lacuisinedebernard.com/riz-saute-au-poulet-cacahuetes-et-coriandre
https://www.lacuisinedebernard.com/riz-saute-au-poulet-cacahuetes-et-coriandre,https://staging.lacuisinedebernard.com/riz-saute-au-poulet-cacahuetes-et-coriandre
https://www.lacuisinedebernard.com/riz-saute-au-poulet-cacahuetes-et-coriandre/,https://staging.lacuisinedebernard.com/riz-saute-au-poulet-cacahuetes-et-coriandre
https://lacuisinedebernard.com/crepes-de-lentilles-corail-oignons-et-blettes,https://staging.lacuisinedebernard.com/crepes-de-lentilles-corail-oignons-et-blettes
https://lacuisinedebernard.com/crepes-de-lentilles-corail-oignons-et-blettes/,https://staging.lacuisinedebernard.com/crepes-de-lentilles-corail-oignons-et-blettes
https://www.lacuisinedebernard.com/crepes-de-lentilles-corail-oignons-et-blettes,https://staging.lacuisinedebernard.com/crepes-de-lentilles-corail-oignons-et-blettes
https://www.lacuisinedebernard.com/crepes-de-lentilles-corail-oignons-et-blettes/,https://staging.lacuisinedebernard.com/crepes-de-lentilles-corail-oignons-et-blettes
https://lacuisinedebernard.com/souris-dagneau-aux-feves-miel-et-romarin,https://staging.lacuisinedebernard.com/souris-dagneau-aux-feves-miel-et-romarin
https://lacuisinedebernard.com/souris-dagneau-aux-feves-miel-et-romarin/,https://staging.lacuisinedebernard.com/souris-dagneau-aux-feves-miel-et-romarin
https://www.lacuisinedebernard.com/souris-dagneau-aux-feves-miel-et-romarin,https://staging.lacuisinedebernard.com/souris-dagneau-aux-feves-miel-et-romarin
https://www.lacuisinedebernard.com/souris-dagneau-aux-feves-miel-et-romarin/,https://staging.lacuisinedebernard.com/souris-dagneau-aux-feves-miel-et-romarin
https://lacuisinedebernard.com/chips-de-chou-kale,https://staging.lacuisinedebernard.com/chips-de-chou-kale
https://lacuisinedebernard.com/chips-de-chou-kale/,https://staging.lacuisinedebernard.com/chips-de-chou-kale
https://www.lacuisinedebernard.com/chips-de-chou-kale,https://staging.lacuisinedebernard.com/chips-de-chou-kale
https://www.lacuisinedebernard.com/chips-de-chou-kale/,https://staging.lacuisinedebernard.com/chips-de-chou-kale
https://lacuisinedebernard.com/maki-piment-saumon,https://staging.lacuisinedebernard.com/maki-piment-saumon
https://lacuisinedebernard.com/maki-piment-saumon/,https://staging.lacuisinedebernard.com/maki-piment-saumon
https://www.lacuisinedebernard.com/maki-piment-saumon,https://staging.lacuisinedebernard.com/maki-piment-saumon
https://www.lacuisinedebernard.com/maki-piment-saumon/,https://staging.lacuisinedebernard.com/maki-piment-saumon
https://lacuisinedebernard.com/pommes-de-terre-primeur-coreennes,https://staging.lacuisinedebernard.com/pommes-de-terre-primeur-coreennes
https://lacuisinedebernard.com/pommes-de-terre-primeur-coreennes/,https://staging.lacuisinedebernard.com/pommes-de-terre-primeur-coreennes
https://www.lacuisinedebernard.com/pommes-de-terre-primeur-coreennes,https://staging.lacuisinedebernard.com/pommes-de-terre-primeur-coreennes
https://www.lacuisinedebernard.com/pommes-de-terre-primeur-coreennes/,https://staging.lacuisinedebernard.com/pommes-de-terre-primeur-coreennes
https://lacuisinedebernard.com/potato-primer-coreen,https://staging.lacuisinedebernard.com/potato-primer-coreen
https://lacuisinedebernard.com/potato-primer-coreen/,https://staging.lacuisinedebernard.com/potato-primer-coreen
https://www.lacuisinedebernard.com/potato-primer-coreen,https://staging.lacuisinedebernard.com/potato-primer-coreen
https://www.lacuisinedebernard.com/potato-primer-coreen/,https://staging.lacuisinedebernard.com/potato-primer-coreen
https://lacuisinedebernard.com/salade-de-pommes-de-terre-de-primeur-au-chevre-grenade-menthe-et-citron,https://staging.lacuisinedebernard.com/salade-de-pommes-de-terre-de-primeur-au-chevre-grenade-menthe-et-citron
https://lacuisinedebernard.com/salade-de-pommes-de-terre-de-primeur-au-chevre-grenade-menthe-et-citron/,https://staging.lacuisinedebernard.com/salade-de-pommes-de-terre-de-primeur-au-chevre-grenade-menthe-et-citron
https://www.lacuisinedebernard.com/salade-de-pommes-de-terre-de-primeur-au-chevre-grenade-menthe-et-citron,https://staging.lacuisinedebernard.com/salade-de-pommes-de-terre-de-primeur-au-chevre-grenade-menthe-et-citron
https://www.lacuisinedebernard.com/salade-de-pommes-de-terre-de-primeur-au-chevre-grenade-menthe-et-citron/,https://staging.lacuisinedebernard.com/salade-de-pommes-de-terre-de-primeur-au-chevre-grenade-menthe-et-citron
https://lacuisinedebernard.com/poke-bowl,https://staging.lacuisinedebernard.com/poke-bowl
https://lacuisinedebernard.com/poke-bowl/,https://staging.lacuisinedebernard.com/poke-bowl
https://www.lacuisinedebernard.com/poke-bowl,https://staging.lacuisinedebernard.com/poke-bowl
https://www.lacuisinedebernard.com/poke-bowl/,https://staging.lacuisinedebernard.com/poke-bowl
https://lacuisinedebernard.com/poulet-extra-croustillant-au-sesame,https://staging.lacuisinedebernard.com/poulet-extra-croustillant-au-sesame
https://lacuisinedebernard.com/poulet-extra-croustillant-au-sesame/,https://staging.lacuisinedebernard.com/poulet-extra-croustillant-au-sesame
https://www.lacuisinedebernard.com/poulet-extra-croustillant-au-sesame,https://staging.lacuisinedebernard.com/poulet-extra-croustillant-au-sesame
https://www.lacuisinedebernard.com/poulet-extra-croustillant-au-sesame/,https://staging.lacuisinedebernard.com/poulet-extra-croustillant-au-sesame
https://lacuisinedebernard.com/beignets-de-fleurs-de-courgettes,https://staging.lacuisinedebernard.com/beignets-de-fleurs-de-courgettes
https://lacuisinedebernard.com/beignets-de-fleurs-de-courgettes/,https://staging.lacuisinedebernard.com/beignets-de-fleurs-de-courgettes
https://www.lacuisinedebernard.com/beignets-de-fleurs-de-courgettes,https://staging.lacuisinedebernard.com/beignets-de-fleurs-de-courgettes
https://www.lacuisinedebernard.com/beignets-de-fleurs-de-courgettes/,https://staging.lacuisinedebernard.com/beignets-de-fleurs-de-courgettes
https://lacuisinedebernard.com/power-cookies,https://staging.lacuisinedebernard.com/power-cookies
https://lacuisinedebernard.com/power-cookies/,https://staging.lacuisinedebernard.com/power-cookies
https://www.lacuisinedebernard.com/power-cookies,https://staging.lacuisinedebernard.com/power-cookies
https://www.lacuisinedebernard.com/power-cookies/,https://staging.lacuisinedebernard.com/power-cookies
https://lacuisinedebernard.com/50-000-mercis-sur-instagram,https://staging.lacuisinedebernard.com/50-000-mercis-sur-instagram
https://lacuisinedebernard.com/50-000-mercis-sur-instagram/,https://staging.lacuisinedebernard.com/50-000-mercis-sur-instagram
https://www.lacuisinedebernard.com/50-000-mercis-sur-instagram,https://staging.lacuisinedebernard.com/50-000-mercis-sur-instagram
https://www.lacuisinedebernard.com/50-000-mercis-sur-instagram/,https://staging.lacuisinedebernard.com/50-000-mercis-sur-instagram
https://lacuisinedebernard.com/babka-salee-au-pesto-basilic-noix-de-pecan,https://staging.lacuisinedebernard.com/babka-salee-au-pesto-basilic-noix-de-pecan
https://lacuisinedebernard.com/babka-salee-au-pesto-basilic-noix-de-pecan/,https://staging.lacuisinedebernard.com/babka-salee-au-pesto-basilic-noix-de-pecan
https://www.lacuisinedebernard.com/babka-salee-au-pesto-basilic-noix-de-pecan,https://staging.lacuisinedebernard.com/babka-salee-au-pesto-basilic-noix-de-pecan
https://www.lacuisinedebernard.com/babka-salee-au-pesto-basilic-noix-de-pecan/,https://staging.lacuisinedebernard.com/babka-salee-au-pesto-basilic-noix-de-pecan
https://lacuisinedebernard.com/brioche-feuilletee,https://staging.lacuisinedebernard.com/brioche-feuilletee
https://lacuisinedebernard.com/brioche-feuilletee/,https://staging.lacuisinedebernard.com/brioche-feuilletee
https://www.lacuisinedebernard.com/brioche-feuilletee,https://staging.lacuisinedebernard.com/brioche-feuilletee
https://www.lacuisinedebernard.com/brioche-feuilletee/,https://staging.lacuisinedebernard.com/brioche-feuilletee
https://lacuisinedebernard.com/cookies-avoine-chocolat-noir,https://staging.lacuisinedebernard.com/cookies-avoine-chocolat-noir
https://lacuisinedebernard.com/cookies-avoine-chocolat-noir/,https://staging.lacuisinedebernard.com/cookies-avoine-chocolat-noir
https://www.lacuisinedebernard.com/cookies-avoine-chocolat-noir,https://staging.lacuisinedebernard.com/cookies-avoine-chocolat-noir
https://www.lacuisinedebernard.com/cookies-avoine-chocolat-noir/,https://staging.lacuisinedebernard.com/cookies-avoine-chocolat-noir
https://lacuisinedebernard.com/plat-de-cote-de-boeuf-sauce-barbecue,https://staging.lacuisinedebernard.com/plat-de-cote-de-boeuf-sauce-barbecue
https://lacuisinedebernard.com/plat-de-cote-de-boeuf-sauce-barbecue/,https://staging.lacuisinedebernard.com/plat-de-cote-de-boeuf-sauce-barbecue
https://www.lacuisinedebernard.com/plat-de-cote-de-boeuf-sauce-barbecue,https://staging.lacuisinedebernard.com/plat-de-cote-de-boeuf-sauce-barbecue
https://www.lacuisinedebernard.com/plat-de-cote-de-boeuf-sauce-barbecue/,https://staging.lacuisinedebernard.com/plat-de-cote-de-boeuf-sauce-barbecue
https://lacuisinedebernard.com/puree-de-pommes-de-terre-a-lail-roti-beurre-noisette-et-thym,https://staging.lacuisinedebernard.com/puree-de-pommes-de-terre-a-lail-roti-beurre-noisette-et-thym
https://lacuisinedebernard.com/puree-de-pommes-de-terre-a-lail-roti-beurre-noisette-et-thym/,https://staging.lacuisinedebernard.com/puree-de-pommes-de-terre-a-lail-roti-beurre-noisette-et-thym
https://www.lacuisinedebernard.com/puree-de-pommes-de-terre-a-lail-roti-beurre-noisette-et-thym,https://staging.lacuisinedebernard.com/puree-de-pommes-de-terre-a-lail-roti-beurre-noisette-et-thym
https://www.lacuisinedebernard.com/puree-de-pommes-de-terre-a-lail-roti-beurre-noisette-et-thym/,https://staging.lacuisinedebernard.com/puree-de-pommes-de-terre-a-lail-roti-beurre-noisette-et-thym
https://lacuisinedebernard.com/mashed-potatoes-with-roasted-garlic-hazelnut-butter-and-thyme,https://staging.lacuisinedebernard.com/mashed-potatoes-with-roasted-garlic-hazelnut-butter-and-thyme
https://lacuisinedebernard.com/mashed-potatoes-with-roasted-garlic-hazelnut-butter-and-thyme/,https://staging.lacuisinedebernard.com/mashed-potatoes-with-roasted-garlic-hazelnut-butter-and-thyme
https://www.lacuisinedebernard.com/mashed-potatoes-with-roasted-garlic-hazelnut-butter-and-thyme,https://staging.lacuisinedebernard.com/mashed-potatoes-with-roasted-garlic-hazelnut-butter-and-thyme
https://www.lacuisinedebernard.com/mashed-potatoes-with-roasted-garlic-hazelnut-butter-and-thyme/,https://staging.lacuisinedebernard.com/mashed-potatoes-with-roasted-garlic-hazelnut-butter-and-thyme
https://lacuisinedebernard.com/rostis-et-saumon-sauce-creme-a-laneth-au-citron,https://staging.lacuisinedebernard.com/rostis-et-saumon-sauce-creme-a-laneth-au-citron
https://lacuisinedebernard.com/rostis-et-saumon-sauce-creme-a-laneth-au-citron/,https://staging.lacuisinedebernard.com/rostis-et-saumon-sauce-creme-a-laneth-au-citron
https://www.lacuisinedebernard.com/rostis-et-saumon-sauce-creme-a-laneth-au-citron,https://staging.lacuisinedebernard.com/rostis-et-saumon-sauce-creme-a-laneth-au-citron
https://www.lacuisinedebernard.com/rostis-et-saumon-sauce-creme-a-laneth-au-citron/,https://staging.lacuisinedebernard.com/rostis-et-saumon-sauce-creme-a-laneth-au-citron
https://lacuisinedebernard.com/tartes-fines-aux-pommes,https://staging.lacuisinedebernard.com/tartes-fines-aux-pommes
https://lacuisinedebernard.com/tartes-fines-aux-pommes/,https://staging.lacuisinedebernard.com/tartes-fines-aux-pommes
https://www.lacuisinedebernard.com/tartes-fines-aux-pommes,https://staging.lacuisinedebernard.com/tartes-fines-aux-pommes
https://www.lacuisinedebernard.com/tartes-fines-aux-pommes/,https://staging.lacuisinedebernard.com/tartes-fines-aux-pommes
https://lacuisinedebernard.com/boulettes-de-veau-a-la-scarmoza-fumee,https://staging.lacuisinedebernard.com/boulettes-de-veau-a-la-scarmoza-fumee
https://lacuisinedebernard.com/boulettes-de-veau-a-la-scarmoza-fumee/,https://staging.lacuisinedebernard.com/boulettes-de-veau-a-la-scarmoza-fumee
https://www.lacuisinedebernard.com/boulettes-de-veau-a-la-scarmoza-fumee,https://staging.lacuisinedebernard.com/boulettes-de-veau-a-la-scarmoza-fumee
https://www.lacuisinedebernard.com/boulettes-de-veau-a-la-scarmoza-fumee/,https://staging.lacuisinedebernard.com/boulettes-de-veau-a-la-scarmoza-fumee
https://lacuisinedebernard.com/frites-au-paprika,https://staging.lacuisinedebernard.com/frites-au-paprika
https://lacuisinedebernard.com/frites-au-paprika/,https://staging.lacuisinedebernard.com/frites-au-paprika
https://www.lacuisinedebernard.com/frites-au-paprika,https://staging.lacuisinedebernard.com/frites-au-paprika
https://www.lacuisinedebernard.com/frites-au-paprika/,https://staging.lacuisinedebernard.com/frites-au-paprika
https://lacuisinedebernard.com/riz-saute-au-curry-raisins-et-legumes,https://staging.lacuisinedebernard.com/riz-saute-au-curry-raisins-et-legumes
https://lacuisinedebernard.com/riz-saute-au-curry-raisins-et-legumes/,https://staging.lacuisinedebernard.com/riz-saute-au-curry-raisins-et-legumes
https://www.lacuisinedebernard.com/riz-saute-au-curry-raisins-et-legumes,https://staging.lacuisinedebernard.com/riz-saute-au-curry-raisins-et-legumes
https://www.lacuisinedebernard.com/riz-saute-au-curry-raisins-et-legumes/,https://staging.lacuisinedebernard.com/riz-saute-au-curry-raisins-et-legumes
https://lacuisinedebernard.com/sables-au-caramel-et-aux-pignons,https://staging.lacuisinedebernard.com/sables-au-caramel-et-aux-pignons
https://lacuisinedebernard.com/sables-au-caramel-et-aux-pignons/,https://staging.lacuisinedebernard.com/sables-au-caramel-et-aux-pignons
https://www.lacuisinedebernard.com/sables-au-caramel-et-aux-pignons,https://staging.lacuisinedebernard.com/sables-au-caramel-et-aux-pignons
https://www.lacuisinedebernard.com/sables-au-caramel-et-aux-pignons/,https://staging.lacuisinedebernard.com/sables-au-caramel-et-aux-pignons
https://lacuisinedebernard.com/shortbread-with-caramel-and-pine-nuts,https://staging.lacuisinedebernard.com/shortbread-with-caramel-and-pine-nuts
https://lacuisinedebernard.com/shortbread-with-caramel-and-pine-nuts/,https://staging.lacuisinedebernard.com/shortbread-with-caramel-and-pine-nuts
https://www.lacuisinedebernard.com/shortbread-with-caramel-and-pine-nuts,https://staging.lacuisinedebernard.com/shortbread-with-caramel-and-pine-nuts
https://www.lacuisinedebernard.com/shortbread-with-caramel-and-pine-nuts/,https://staging.lacuisinedebernard.com/shortbread-with-caramel-and-pine-nuts
https://lacuisinedebernard.com/sables-croissants-a-la-vanille-et-aux-noix-vanilkove-rohlicky,https://staging.lacuisinedebernard.com/sables-croissants-a-la-vanille-et-aux-noix-vanilkove-rohlicky
https://lacuisinedebernard.com/sables-croissants-a-la-vanille-et-aux-noix-vanilkove-rohlicky/,https://staging.lacuisinedebernard.com/sables-croissants-a-la-vanille-et-aux-noix-vanilkove-rohlicky
https://www.lacuisinedebernard.com/sables-croissants-a-la-vanille-et-aux-noix-vanilkove-rohlicky,https://staging.lacuisinedebernard.com/sables-croissants-a-la-vanille-et-aux-noix-vanilkove-rohlicky
https://www.lacuisinedebernard.com/sables-croissants-a-la-vanille-et-aux-noix-vanilkove-rohlicky/,https://staging.lacuisinedebernard.com/sables-croissants-a-la-vanille-et-aux-noix-vanilkove-rohlicky
https://lacuisinedebernard.com/sables-tcheques-de-noel,https://staging.lacuisinedebernard.com/sables-tcheques-de-noel
https://lacuisinedebernard.com/sables-tcheques-de-noel/,https://staging.lacuisinedebernard.com/sables-tcheques-de-noel
https://www.lacuisinedebernard.com/sables-tcheques-de-noel,https://staging.lacuisinedebernard.com/sables-tcheques-de-noel
https://www.lacuisinedebernard.com/sables-tcheques-de-noel/,https://staging.lacuisinedebernard.com/sables-tcheques-de-noel
https://lacuisinedebernard.com/brioche-tressee-de-noel-tcheque,https://staging.lacuisinedebernard.com/brioche-tressee-de-noel-tcheque
https://lacuisinedebernard.com/brioche-tressee-de-noel-tcheque/,https://staging.lacuisinedebernard.com/brioche-tressee-de-noel-tcheque
https://www.lacuisinedebernard.com/brioche-tressee-de-noel-tcheque,https://staging.lacuisinedebernard.com/brioche-tressee-de-noel-tcheque
https://www.lacuisinedebernard.com/brioche-tressee-de-noel-tcheque/,https://staging.lacuisinedebernard.com/brioche-tressee-de-noel-tcheque
https://lacuisinedebernard.com/buns-moelleux-pour-hot-dogs-methode-yudane,https://staging.lacuisinedebernard.com/buns-moelleux-pour-hot-dogs-methode-yudane
https://lacuisinedebernard.com/buns-moelleux-pour-hot-dogs-methode-yudane/,https://staging.lacuisinedebernard.com/buns-moelleux-pour-hot-dogs-methode-yudane
https://www.lacuisinedebernard.com/buns-moelleux-pour-hot-dogs-methode-yudane,https://staging.lacuisinedebernard.com/buns-moelleux-pour-hot-dogs-methode-yudane
https://www.lacuisinedebernard.com/buns-moelleux-pour-hot-dogs-methode-yudane/,https://staging.lacuisinedebernard.com/buns-moelleux-pour-hot-dogs-methode-yudane
https://lacuisinedebernard.com/feuilletes-libanais-aux-noix-de-cajou,https://staging.lacuisinedebernard.com/feuilletes-libanais-aux-noix-de-cajou
https://lacuisinedebernard.com/feuilletes-libanais-aux-noix-de-cajou/,https://staging.lacuisinedebernard.com/feuilletes-libanais-aux-noix-de-cajou
https://www.lacuisinedebernard.com/feuilletes-libanais-aux-noix-de-cajou,https://staging.lacuisinedebernard.com/feuilletes-libanais-aux-noix-de-cajou
https://www.lacuisinedebernard.com/feuilletes-libanais-aux-noix-de-cajou/,https://staging.lacuisinedebernard.com/feuilletes-libanais-aux-noix-de-cajou
https://lacuisinedebernard.com/spritz-noisettes-amandes-cannelle-de-jeannette,https://staging.lacuisinedebernard.com/spritz-noisettes-amandes-cannelle-de-jeannette
https://lacuisinedebernard.com/spritz-noisettes-amandes-cannelle-de-jeannette/,https://staging.lacuisinedebernard.com/spritz-noisettes-amandes-cannelle-de-jeannette
https://www.lacuisinedebernard.com/spritz-noisettes-amandes-cannelle-de-jeannette,https://staging.lacuisinedebernard.com/spritz-noisettes-amandes-cannelle-de-jeannette
https://www.lacuisinedebernard.com/spritz-noisettes-amandes-cannelle-de-jeannette/,https://staging.lacuisinedebernard.com/spritz-noisettes-amandes-cannelle-de-jeannette
https://lacuisinedebernard.com/choux-de-bruxelles-au-four,https://staging.lacuisinedebernard.com/choux-de-bruxelles-au-four
https://lacuisinedebernard.com/choux-de-bruxelles-au-four/,https://staging.lacuisinedebernard.com/choux-de-bruxelles-au-four
https://www.lacuisinedebernard.com/choux-de-bruxelles-au-four,https://staging.lacuisinedebernard.com/choux-de-bruxelles-au-four
https://www.lacuisinedebernard.com/choux-de-bruxelles-au-four/,https://staging.lacuisinedebernard.com/choux-de-bruxelles-au-four
https://lacuisinedebernard.com/crevettes-croustillantes,https://staging.lacuisinedebernard.com/crevettes-croustillantes
https://lacuisinedebernard.com/crevettes-croustillantes/,https://staging.lacuisinedebernard.com/crevettes-croustillantes
https://www.lacuisinedebernard.com/crevettes-croustillantes,https://staging.lacuisinedebernard.com/crevettes-croustillantes
https://www.lacuisinedebernard.com/crevettes-croustillantes/,https://staging.lacuisinedebernard.com/crevettes-croustillantes
https://lacuisinedebernard.com/sables-marbres-spirales,https://staging.lacuisinedebernard.com/sables-marbres-spirales
https://lacuisinedebernard.com/sables-marbres-spirales/,https://staging.lacuisinedebernard.com/sables-marbres-spirales
https://www.lacuisinedebernard.com/sables-marbres-spirales,https://staging.lacuisinedebernard.com/sables-marbres-spirales
https://www.lacuisinedebernard.com/sables-marbres-spirales/,https://staging.lacuisinedebernard.com/sables-marbres-spirales
https://lacuisinedebernard.com/broye-du-poitou-aux-noix,https://staging.lacuisinedebernard.com/broye-du-poitou-aux-noix
https://lacuisinedebernard.com/broye-du-poitou-aux-noix/,https://staging.lacuisinedebernard.com/broye-du-poitou-aux-noix
https://www.lacuisinedebernard.com/broye-du-poitou-aux-noix,https://staging.lacuisinedebernard.com/broye-du-poitou-aux-noix
https://www.lacuisinedebernard.com/broye-du-poitou-aux-noix/,https://staging.lacuisinedebernard.com/broye-du-poitou-aux-noix
https://lacuisinedebernard.com/makis-inverses-avocats-saumon-et-sauce-samourai,https://staging.lacuisinedebernard.com/makis-inverses-avocats-saumon-et-sauce-samourai
https://lacuisinedebernard.com/makis-inverses-avocats-saumon-et-sauce-samourai/,https://staging.lacuisinedebernard.com/makis-inverses-avocats-saumon-et-sauce-samourai
https://www.lacuisinedebernard.com/makis-inverses-avocats-saumon-et-sauce-samourai,https://staging.lacuisinedebernard.com/makis-inverses-avocats-saumon-et-sauce-samourai
https://www.lacuisinedebernard.com/makis-inverses-avocats-saumon-et-sauce-samourai/,https://staging.lacuisinedebernard.com/makis-inverses-avocats-saumon-et-sauce-samourai
https://lacuisinedebernard.com/fondant-chocolat-cafe-noix-et-orange-confite,https://staging.lacuisinedebernard.com/fondant-chocolat-cafe-noix-et-orange-confite
https://lacuisinedebernard.com/fondant-chocolat-cafe-noix-et-orange-confite/,https://staging.lacuisinedebernard.com/fondant-chocolat-cafe-noix-et-orange-confite
https://www.lacuisinedebernard.com/fondant-chocolat-cafe-noix-et-orange-confite,https://staging.lacuisinedebernard.com/fondant-chocolat-cafe-noix-et-orange-confite
https://www.lacuisinedebernard.com/fondant-chocolat-cafe-noix-et-orange-confite/,https://staging.lacuisinedebernard.com/fondant-chocolat-cafe-noix-et-orange-confite
https://lacuisinedebernard.com/sables-chocolat-au-lait-noisettes-et-pignons,https://staging.lacuisinedebernard.com/sables-chocolat-au-lait-noisettes-et-pignons
https://lacuisinedebernard.com/sables-chocolat-au-lait-noisettes-et-pignons/,https://staging.lacuisinedebernard.com/sables-chocolat-au-lait-noisettes-et-pignons
https://www.lacuisinedebernard.com/sables-chocolat-au-lait-noisettes-et-pignons,https://staging.lacuisinedebernard.com/sables-chocolat-au-lait-noisettes-et-pignons
https://www.lacuisinedebernard.com/sables-chocolat-au-lait-noisettes-et-pignons/,https://staging.lacuisinedebernard.com/sables-chocolat-au-lait-noisettes-et-pignons
https://lacuisinedebernard.com/welsh-cakes,https://staging.lacuisinedebernard.com/welsh-cakes
https://lacuisinedebernard.com/welsh-cakes/,https://staging.lacuisinedebernard.com/welsh-cakes
https://www.lacuisinedebernard.com/welsh-cakes,https://staging.lacuisinedebernard.com/welsh-cakes
https://www.lacuisinedebernard.com/welsh-cakes/,https://staging.lacuisinedebernard.com/welsh-cakes
https://lacuisinedebernard.com/cake-sale-a-lail-des-ours,https://staging.lacuisinedebernard.com/cake-sale-a-lail-des-ours
https://lacuisinedebernard.com/cake-sale-a-lail-des-ours/,https://staging.lacuisinedebernard.com/cake-sale-a-lail-des-ours
https://www.lacuisinedebernard.com/cake-sale-a-lail-des-ours,https://staging.lacuisinedebernard.com/cake-sale-a-lail-des-ours
https://www.lacuisinedebernard.com/cake-sale-a-lail-des-ours/,https://staging.lacuisinedebernard.com/cake-sale-a-lail-des-ours
https://lacuisinedebernard.com/creme-renversee-aux-oeufs,https://staging.lacuisinedebernard.com/creme-renversee-aux-oeufs
https://lacuisinedebernard.com/creme-renversee-aux-oeufs/,https://staging.lacuisinedebernard.com/creme-renversee-aux-oeufs
https://www.lacuisinedebernard.com/creme-renversee-aux-oeufs,https://staging.lacuisinedebernard.com/creme-renversee-aux-oeufs
https://www.lacuisinedebernard.com/creme-renversee-aux-oeufs/,https://staging.lacuisinedebernard.com/creme-renversee-aux-oeufs
https://lacuisinedebernard.com/labneh-au-zaatar,https://staging.lacuisinedebernard.com/labneh-au-zaatar
https://lacuisinedebernard.com/labneh-au-zaatar/,https://staging.lacuisinedebernard.com/labneh-au-zaatar
https://www.lacuisinedebernard.com/labneh-au-zaatar,https://staging.lacuisinedebernard.com/labneh-au-zaatar
https://www.lacuisinedebernard.com/labneh-au-zaatar/,https://staging.lacuisinedebernard.com/labneh-au-zaatar
https://lacuisinedebernard.com/pates-primavera-au-pesto-frais-et-citron-vert-legumes-verts,https://staging.lacuisinedebernard.com/pates-primavera-au-pesto-frais-et-citron-vert-legumes-verts
https://lacuisinedebernard.com/pates-primavera-au-pesto-frais-et-citron-vert-legumes-verts/,https://staging.lacuisinedebernard.com/pates-primavera-au-pesto-frais-et-citron-vert-legumes-verts
https://www.lacuisinedebernard.com/pates-primavera-au-pesto-frais-et-citron-vert-legumes-verts,https://staging.lacuisinedebernard.com/pates-primavera-au-pesto-frais-et-citron-vert-legumes-verts
https://www.lacuisinedebernard.com/pates-primavera-au-pesto-frais-et-citron-vert-legumes-verts/,https://staging.lacuisinedebernard.com/pates-primavera-au-pesto-frais-et-citron-vert-legumes-verts
https://lacuisinedebernard.com/pesto-coriandre-cacahuetes-epinard-et-citron-vert,https://staging.lacuisinedebernard.com/pesto-coriandre-cacahuetes-epinard-et-citron-vert
https://lacuisinedebernard.com/pesto-coriandre-cacahuetes-epinard-et-citron-vert/,https://staging.lacuisinedebernard.com/pesto-coriandre-cacahuetes-epinard-et-citron-vert
https://www.lacuisinedebernard.com/pesto-coriandre-cacahuetes-epinard-et-citron-vert,https://staging.lacuisinedebernard.com/pesto-coriandre-cacahuetes-epinard-et-citron-vert
https://www.lacuisinedebernard.com/pesto-coriandre-cacahuetes-epinard-et-citron-vert/,https://staging.lacuisinedebernard.com/pesto-coriandre-cacahuetes-epinard-et-citron-vert
https://lacuisinedebernard.com/tarte-a-lail-des-ours,https://staging.lacuisinedebernard.com/tarte-a-lail-des-ours
https://lacuisinedebernard.com/tarte-a-lail-des-ours/,https://staging.lacuisinedebernard.com/tarte-a-lail-des-ours
https://www.lacuisinedebernard.com/tarte-a-lail-des-ours,https://staging.lacuisinedebernard.com/tarte-a-lail-des-ours
https://www.lacuisinedebernard.com/tarte-a-lail-des-ours/,https://staging.lacuisinedebernard.com/tarte-a-lail-des-ours
https://lacuisinedebernard.com/lemon-olive-oil-and-toasted-almond-cookies,https://staging.lacuisinedebernard.com/lemon-olive-oil-and-toasted-almond-cookies
https://lacuisinedebernard.com/lemon-olive-oil-and-toasted-almond-cookies/,https://staging.lacuisinedebernard.com/lemon-olive-oil-and-toasted-almond-cookies
https://www.lacuisinedebernard.com/lemon-olive-oil-and-toasted-almond-cookies,https://staging.lacuisinedebernard.com/lemon-olive-oil-and-toasted-almond-cookies
https://www.lacuisinedebernard.com/lemon-olive-oil-and-toasted-almond-cookies/,https://staging.lacuisinedebernard.com/lemon-olive-oil-and-toasted-almond-cookies
https://lacuisinedebernard.com/galletas-de-limon-aceite-de-oliva-y-almendras-tostadas,https://staging.lacuisinedebernard.com/galletas-de-limon-aceite-de-oliva-y-almendras-tostadas
https://lacuisinedebernard.com/galletas-de-limon-aceite-de-oliva-y-almendras-tostadas/,https://staging.lacuisinedebernard.com/galletas-de-limon-aceite-de-oliva-y-almendras-tostadas
https://www.lacuisinedebernard.com/galletas-de-limon-aceite-de-oliva-y-almendras-tostadas,https://staging.lacuisinedebernard.com/galletas-de-limon-aceite-de-oliva-y-almendras-tostadas
https://www.lacuisinedebernard.com/galletas-de-limon-aceite-de-oliva-y-almendras-tostadas/,https://staging.lacuisinedebernard.com/galletas-de-limon-aceite-de-oliva-y-almendras-tostadas
https://lacuisinedebernard.com/barres-energie-avoine-chocolat-et-cacahuetes,https://staging.lacuisinedebernard.com/barres-energie-avoine-chocolat-et-cacahuetes
https://lacuisinedebernard.com/barres-energie-avoine-chocolat-et-cacahuetes/,https://staging.lacuisinedebernard.com/barres-energie-avoine-chocolat-et-cacahuetes
https://www.lacuisinedebernard.com/barres-energie-avoine-chocolat-et-cacahuetes,https://staging.lacuisinedebernard.com/barres-energie-avoine-chocolat-et-cacahuetes
https://www.lacuisinedebernard.com/barres-energie-avoine-chocolat-et-cacahuetes/,https://staging.lacuisinedebernard.com/barres-energie-avoine-chocolat-et-cacahuetes
https://lacuisinedebernard.com/cheesecake-cookie-bar,https://staging.lacuisinedebernard.com/cheesecake-cookie-bar
https://lacuisinedebernard.com/cheesecake-cookie-bar/,https://staging.lacuisinedebernard.com/cheesecake-cookie-bar
https://www.lacuisinedebernard.com/cheesecake-cookie-bar,https://staging.lacuisinedebernard.com/cheesecake-cookie-bar
https://www.lacuisinedebernard.com/cheesecake-cookie-bar/,https://staging.lacuisinedebernard.com/cheesecake-cookie-bar
https://lacuisinedebernard.com/moule-maison-nid-dabeille-en-silicone-alimentaire,https://staging.lacuisinedebernard.com/moule-maison-nid-dabeille-en-silicone-alimentaire
https://lacuisinedebernard.com/moule-maison-nid-dabeille-en-silicone-alimentaire/,https://staging.lacuisinedebernard.com/moule-maison-nid-dabeille-en-silicone-alimentaire
https://www.lacuisinedebernard.com/moule-maison-nid-dabeille-en-silicone-alimentaire,https://staging.lacuisinedebernard.com/moule-maison-nid-dabeille-en-silicone-alimentaire
https://www.lacuisinedebernard.com/moule-maison-nid-dabeille-en-silicone-alimentaire/,https://staging.lacuisinedebernard.com/moule-maison-nid-dabeille-en-silicone-alimentaire
https://lacuisinedebernard.com/poulet-au-four-pane-aux-noix-de-pecan,https://staging.lacuisinedebernard.com/poulet-au-four-pane-aux-noix-de-pecan
https://lacuisinedebernard.com/poulet-au-four-pane-aux-noix-de-pecan/,https://staging.lacuisinedebernard.com/poulet-au-four-pane-aux-noix-de-pecan
https://www.lacuisinedebernard.com/poulet-au-four-pane-aux-noix-de-pecan,https://staging.lacuisinedebernard.com/poulet-au-four-pane-aux-noix-de-pecan
https://www.lacuisinedebernard.com/poulet-au-four-pane-aux-noix-de-pecan/,https://staging.lacuisinedebernard.com/poulet-au-four-pane-aux-noix-de-pecan
https://lacuisinedebernard.com/cake-pistache-citron,https://staging.lacuisinedebernard.com/cake-pistache-citron
https://lacuisinedebernard.com/cake-pistache-citron/,https://staging.lacuisinedebernard.com/cake-pistache-citron
https://www.lacuisinedebernard.com/cake-pistache-citron,https://staging.lacuisinedebernard.com/cake-pistache-citron
https://www.lacuisinedebernard.com/cake-pistache-citron/,https://staging.lacuisinedebernard.com/cake-pistache-citron
https://lacuisinedebernard.com/pop-corn-chicken-taiwanais-extra-croustillant,https://staging.lacuisinedebernard.com/pop-corn-chicken-taiwanais-extra-croustillant
https://lacuisinedebernard.com/pop-corn-chicken-taiwanais-extra-croustillant/,https://staging.lacuisinedebernard.com/pop-corn-chicken-taiwanais-extra-croustillant
https://www.lacuisinedebernard.com/pop-corn-chicken-taiwanais-extra-croustillant,https://staging.lacuisinedebernard.com/pop-corn-chicken-taiwanais-extra-croustillant
https://www.lacuisinedebernard.com/pop-corn-chicken-taiwanais-extra-croustillant/,https://staging.lacuisinedebernard.com/pop-corn-chicken-taiwanais-extra-croustillant
https://lacuisinedebernard.com/fried-chicken,https://staging.lacuisinedebernard.com/fried-chicken
https://lacuisinedebernard.com/fried-chicken/,https://staging.lacuisinedebernard.com/fried-chicken
https://www.lacuisinedebernard.com/fried-chicken,https://staging.lacuisinedebernard.com/fried-chicken
https://www.lacuisinedebernard.com/fried-chicken/,https://staging.lacuisinedebernard.com/fried-chicken
https://lacuisinedebernard.com/poke-bowl-thon-saumon-sauce-mangue-passion,https://staging.lacuisinedebernard.com/poke-bowl-thon-saumon-sauce-mangue-passion
https://lacuisinedebernard.com/poke-bowl-thon-saumon-sauce-mangue-passion/,https://staging.lacuisinedebernard.com/poke-bowl-thon-saumon-sauce-mangue-passion
https://www.lacuisinedebernard.com/poke-bowl-thon-saumon-sauce-mangue-passion,https://staging.lacuisinedebernard.com/poke-bowl-thon-saumon-sauce-mangue-passion
https://www.lacuisinedebernard.com/poke-bowl-thon-saumon-sauce-mangue-passion/,https://staging.lacuisinedebernard.com/poke-bowl-thon-saumon-sauce-mangue-passion
https://lacuisinedebernard.com/salade-craquante-dete,https://staging.lacuisinedebernard.com/salade-craquante-dete
https://lacuisinedebernard.com/salade-craquante-dete/,https://staging.lacuisinedebernard.com/salade-craquante-dete
https://www.lacuisinedebernard.com/salade-craquante-dete,https://staging.lacuisinedebernard.com/salade-craquante-dete
https://www.lacuisinedebernard.com/salade-craquante-dete/,https://staging.lacuisinedebernard.com/salade-craquante-dete
https://lacuisinedebernard.com/gateau-extra-moelleux-citron-amande-sans-gluten-et-sans-lactose,https://staging.lacuisinedebernard.com/gateau-extra-moelleux-citron-amande-sans-gluten-et-sans-lactose
https://lacuisinedebernard.com/gateau-extra-moelleux-citron-amande-sans-gluten-et-sans-lactose/,https://staging.lacuisinedebernard.com/gateau-extra-moelleux-citron-amande-sans-gluten-et-sans-lactose
https://www.lacuisinedebernard.com/gateau-extra-moelleux-citron-amande-sans-gluten-et-sans-lactose,https://staging.lacuisinedebernard.com/gateau-extra-moelleux-citron-amande-sans-gluten-et-sans-lactose
https://www.lacuisinedebernard.com/gateau-extra-moelleux-citron-amande-sans-gluten-et-sans-lactose/,https://staging.lacuisinedebernard.com/gateau-extra-moelleux-citron-amande-sans-gluten-et-sans-lactose
https://lacuisinedebernard.com/sorbet-de-chocolate,https://staging.lacuisinedebernard.com/sorbet-de-chocolate
https://lacuisinedebernard.com/sorbet-de-chocolate/,https://staging.lacuisinedebernard.com/sorbet-de-chocolate
https://www.lacuisinedebernard.com/sorbet-de-chocolate,https://staging.lacuisinedebernard.com/sorbet-de-chocolate
https://www.lacuisinedebernard.com/sorbet-de-chocolate/,https://staging.lacuisinedebernard.com/sorbet-de-chocolate
https://lacuisinedebernard.com/sorbete-de-chocolate,https://staging.lacuisinedebernard.com/sorbete-de-chocolate
https://lacuisinedebernard.com/sorbete-de-chocolate/,https://staging.lacuisinedebernard.com/sorbete-de-chocolate
https://www.lacuisinedebernard.com/sorbete-de-chocolate,https://staging.lacuisinedebernard.com/sorbete-de-chocolate
https://www.lacuisinedebernard.com/sorbete-de-chocolate/,https://staging.lacuisinedebernard.com/sorbete-de-chocolate
https://lacuisinedebernard.com/chocolate-sorbet,https://staging.lacuisinedebernard.com/chocolate-sorbet
https://lacuisinedebernard.com/chocolate-sorbet/,https://staging.lacuisinedebernard.com/chocolate-sorbet
https://www.lacuisinedebernard.com/chocolate-sorbet,https://staging.lacuisinedebernard.com/chocolate-sorbet
https://www.lacuisinedebernard.com/chocolate-sorbet/,https://staging.lacuisinedebernard.com/chocolate-sorbet
https://lacuisinedebernard.com/la-creme-glacee-vanille,https://staging.lacuisinedebernard.com/la-creme-glacee-vanille
https://lacuisinedebernard.com/la-creme-glacee-vanille/,https://staging.lacuisinedebernard.com/la-creme-glacee-vanille
https://www.lacuisinedebernard.com/la-creme-glacee-vanille,https://staging.lacuisinedebernard.com/la-creme-glacee-vanille
https://www.lacuisinedebernard.com/la-creme-glacee-vanille/,https://staging.lacuisinedebernard.com/la-creme-glacee-vanille
https://lacuisinedebernard.com/la-creme-glacee-au-praline,https://staging.lacuisinedebernard.com/la-creme-glacee-au-praline
https://lacuisinedebernard.com/la-creme-glacee-au-praline/,https://staging.lacuisinedebernard.com/la-creme-glacee-au-praline
https://www.lacuisinedebernard.com/la-creme-glacee-au-praline,https://staging.lacuisinedebernard.com/la-creme-glacee-au-praline
https://www.lacuisinedebernard.com/la-creme-glacee-au-praline/,https://staging.lacuisinedebernard.com/la-creme-glacee-au-praline
https://lacuisinedebernard.com/yogur-congelado,https://staging.lacuisinedebernard.com/yogur-congelado
https://lacuisinedebernard.com/yogur-congelado/,https://staging.lacuisinedebernard.com/yogur-congelado
https://www.lacuisinedebernard.com/yogur-congelado,https://staging.lacuisinedebernard.com/yogur-congelado
https://www.lacuisinedebernard.com/yogur-congelado/,https://staging.lacuisinedebernard.com/yogur-congelado
https://lacuisinedebernard.com/la-creme-glacee-au-caramel-au-beurre,https://staging.lacuisinedebernard.com/la-creme-glacee-au-caramel-au-beurre
https://lacuisinedebernard.com/la-creme-glacee-au-caramel-au-beurre/,https://staging.lacuisinedebernard.com/la-creme-glacee-au-caramel-au-beurre
https://www.lacuisinedebernard.com/la-creme-glacee-au-caramel-au-beurre,https://staging.lacuisinedebernard.com/la-creme-glacee-au-caramel-au-beurre
https://www.lacuisinedebernard.com/la-creme-glacee-au-caramel-au-beurre/,https://staging.lacuisinedebernard.com/la-creme-glacee-au-caramel-au-beurre
https://lacuisinedebernard.com/helado-de-cafe,https://staging.lacuisinedebernard.com/helado-de-cafe
https://lacuisinedebernard.com/helado-de-cafe/,https://staging.lacuisinedebernard.com/helado-de-cafe
https://www.lacuisinedebernard.com/helado-de-cafe,https://staging.lacuisinedebernard.com/helado-de-cafe
https://www.lacuisinedebernard.com/helado-de-cafe/,https://staging.lacuisinedebernard.com/helado-de-cafe
https://lacuisinedebernard.com/la-creme-glacee-au-cafe,https://staging.lacuisinedebernard.com/la-creme-glacee-au-cafe
https://lacuisinedebernard.com/la-creme-glacee-au-cafe/,https://staging.lacuisinedebernard.com/la-creme-glacee-au-cafe
https://www.lacuisinedebernard.com/la-creme-glacee-au-cafe,https://staging.lacuisinedebernard.com/la-creme-glacee-au-cafe
https://www.lacuisinedebernard.com/la-creme-glacee-au-cafe/,https://staging.lacuisinedebernard.com/la-creme-glacee-au-cafe
https://lacuisinedebernard.com/frozen-yogurt,https://staging.lacuisinedebernard.com/frozen-yogurt
https://lacuisinedebernard.com/frozen-yogurt/,https://staging.lacuisinedebernard.com/frozen-yogurt
https://www.lacuisinedebernard.com/frozen-yogurt,https://staging.lacuisinedebernard.com/frozen-yogurt
https://www.lacuisinedebernard.com/frozen-yogurt/,https://staging.lacuisinedebernard.com/frozen-yogurt
https://lacuisinedebernard.com/iogurte-congelado,https://staging.lacuisinedebernard.com/iogurte-congelado
https://lacuisinedebernard.com/iogurte-congelado/,https://staging.lacuisinedebernard.com/iogurte-congelado
https://www.lacuisinedebernard.com/iogurte-congelado,https://staging.lacuisinedebernard.com/iogurte-congelado
https://www.lacuisinedebernard.com/iogurte-congelado/,https://staging.lacuisinedebernard.com/iogurte-congelado
https://lacuisinedebernard.com/la-creme-glacee-au-nouga,https://staging.lacuisinedebernard.com/la-creme-glacee-au-nouga
https://lacuisinedebernard.com/la-creme-glacee-au-nouga/,https://staging.lacuisinedebernard.com/la-creme-glacee-au-nouga
https://www.lacuisinedebernard.com/la-creme-glacee-au-nouga,https://staging.lacuisinedebernard.com/la-creme-glacee-au-nouga
https://www.lacuisinedebernard.com/la-creme-glacee-au-nouga/,https://staging.lacuisinedebernard.com/la-creme-glacee-au-nouga
https://lacuisinedebernard.com/le-pain-depices-caramelise-et-sa-creme,https://staging.lacuisinedebernard.com/le-pain-depices-caramelise-et-sa-creme
https://lacuisinedebernard.com/le-pain-depices-caramelise-et-sa-creme/,https://staging.lacuisinedebernard.com/le-pain-depices-caramelise-et-sa-creme
https://www.lacuisinedebernard.com/le-pain-depices-caramelise-et-sa-creme,https://staging.lacuisinedebernard.com/le-pain-depices-caramelise-et-sa-creme
https://www.lacuisinedebernard.com/le-pain-depices-caramelise-et-sa-creme/,https://staging.lacuisinedebernard.com/le-pain-depices-caramelise-et-sa-creme
https://lacuisinedebernard.com/creme-glacee-au-sarrasin-galette-au,https://staging.lacuisinedebernard.com/creme-glacee-au-sarrasin-galette-au
https://lacuisinedebernard.com/creme-glacee-au-sarrasin-galette-au/,https://staging.lacuisinedebernard.com/creme-glacee-au-sarrasin-galette-au
https://www.lacuisinedebernard.com/creme-glacee-au-sarrasin-galette-au,https://staging.lacuisinedebernard.com/creme-glacee-au-sarrasin-galette-au
https://www.lacuisinedebernard.com/creme-glacee-au-sarrasin-galette-au/,https://staging.lacuisinedebernard.com/creme-glacee-au-sarrasin-galette-au
https://lacuisinedebernard.com/buckwheat-ice-cream-buckwheat-pancake,https://staging.lacuisinedebernard.com/buckwheat-ice-cream-buckwheat-pancake
https://lacuisinedebernard.com/buckwheat-ice-cream-buckwheat-pancake/,https://staging.lacuisinedebernard.com/buckwheat-ice-cream-buckwheat-pancake
https://www.lacuisinedebernard.com/buckwheat-ice-cream-buckwheat-pancake,https://staging.lacuisinedebernard.com/buckwheat-ice-cream-buckwheat-pancake
https://www.lacuisinedebernard.com/buckwheat-ice-cream-buckwheat-pancake/,https://staging.lacuisinedebernard.com/buckwheat-ice-cream-buckwheat-pancake
https://lacuisinedebernard.com/waffles-de-liege,https://staging.lacuisinedebernard.com/waffles-de-liege
https://lacuisinedebernard.com/waffles-de-liege/,https://staging.lacuisinedebernard.com/waffles-de-liege
https://www.lacuisinedebernard.com/waffles-de-liege,https://staging.lacuisinedebernard.com/waffles-de-liege
https://www.lacuisinedebernard.com/waffles-de-liege/,https://staging.lacuisinedebernard.com/waffles-de-liege
https://lacuisinedebernard.com/saltimbocca,https://staging.lacuisinedebernard.com/saltimbocca
https://lacuisinedebernard.com/saltimbocca/,https://staging.lacuisinedebernard.com/saltimbocca
https://www.lacuisinedebernard.com/saltimbocca,https://staging.lacuisinedebernard.com/saltimbocca
https://www.lacuisinedebernard.com/saltimbocca/,https://staging.lacuisinedebernard.com/saltimbocca
https://lacuisinedebernard.com/tiramisu-amarena,https://staging.lacuisinedebernard.com/tiramisu-amarena
https://lacuisinedebernard.com/tiramisu-amarena/,https://staging.lacuisinedebernard.com/tiramisu-amarena
https://www.lacuisinedebernard.com/tiramisu-amarena,https://staging.lacuisinedebernard.com/tiramisu-amarena
https://www.lacuisinedebernard.com/tiramisu-amarena/,https://staging.lacuisinedebernard.com/tiramisu-amarena
https://lacuisinedebernard.com/waffles-from-liege,https://staging.lacuisinedebernard.com/waffles-from-liege
https://lacuisinedebernard.com/waffles-from-liege/,https://staging.lacuisinedebernard.com/waffles-from-liege
https://www.lacuisinedebernard.com/waffles-from-liege,https://staging.lacuisinedebernard.com/waffles-from-liege
https://www.lacuisinedebernard.com/waffles-from-liege/,https://staging.lacuisinedebernard.com/waffles-from-liege
https://lacuisinedebernard.com/gofres-de-lieja,https://staging.lacuisinedebernard.com/gofres-de-lieja
https://lacuisinedebernard.com/gofres-de-lieja/,https://staging.lacuisinedebernard.com/gofres-de-lieja
https://www.lacuisinedebernard.com/gofres-de-lieja,https://staging.lacuisinedebernard.com/gofres-de-lieja
https://www.lacuisinedebernard.com/gofres-de-lieja/,https://staging.lacuisinedebernard.com/gofres-de-lieja
https://lacuisinedebernard.com/bolo-de-limao-ultimate,https://staging.lacuisinedebernard.com/bolo-de-limao-ultimate
https://lacuisinedebernard.com/bolo-de-limao-ultimate/,https://staging.lacuisinedebernard.com/bolo-de-limao-ultimate
https://www.lacuisinedebernard.com/bolo-de-limao-ultimate,https://staging.lacuisinedebernard.com/bolo-de-limao-ultimate
https://www.lacuisinedebernard.com/bolo-de-limao-ultimate/,https://staging.lacuisinedebernard.com/bolo-de-limao-ultimate
https://lacuisinedebernard.com/cabillaud-poele-sauce-hollandais-puree-maison-et-brocoli-grille-au-four,https://staging.lacuisinedebernard.com/cabillaud-poele-sauce-hollandais-puree-maison-et-brocoli-grille-au-four
https://lacuisinedebernard.com/cabillaud-poele-sauce-hollandais-puree-maison-et-brocoli-grille-au-four/,https://staging.lacuisinedebernard.com/cabillaud-poele-sauce-hollandais-puree-maison-et-brocoli-grille-au-four
https://www.lacuisinedebernard.com/cabillaud-poele-sauce-hollandais-puree-maison-et-brocoli-grille-au-four,https://staging.lacuisinedebernard.com/cabillaud-poele-sauce-hollandais-puree-maison-et-brocoli-grille-au-four
https://www.lacuisinedebernard.com/cabillaud-poele-sauce-hollandais-puree-maison-et-brocoli-grille-au-four/,https://staging.lacuisinedebernard.com/cabillaud-poele-sauce-hollandais-puree-maison-et-brocoli-grille-au-four
https://lacuisinedebernard.com/la-mejor-tarta-de-limon,https://staging.lacuisinedebernard.com/la-mejor-tarta-de-limon
https://lacuisinedebernard.com/la-mejor-tarta-de-limon/,https://staging.lacuisinedebernard.com/la-mejor-tarta-de-limon
https://www.lacuisinedebernard.com/la-mejor-tarta-de-limon,https://staging.lacuisinedebernard.com/la-mejor-tarta-de-limon
https://www.lacuisinedebernard.com/la-mejor-tarta-de-limon/,https://staging.lacuisinedebernard.com/la-mejor-tarta-de-limon
https://lacuisinedebernard.com/carres-miel-noix,https://staging.lacuisinedebernard.com/carres-miel-noix
https://lacuisinedebernard.com/carres-miel-noix/,https://staging.lacuisinedebernard.com/carres-miel-noix
https://www.lacuisinedebernard.com/carres-miel-noix,https://staging.lacuisinedebernard.com/carres-miel-noix
https://www.lacuisinedebernard.com/carres-miel-noix/,https://staging.lacuisinedebernard.com/carres-miel-noix
https://lacuisinedebernard.com/flapjacks-vegan-noix-chocolat-et-beurre-de-cacahuetes,https://staging.lacuisinedebernard.com/flapjacks-vegan-noix-chocolat-et-beurre-de-cacahuetes
https://lacuisinedebernard.com/flapjacks-vegan-noix-chocolat-et-beurre-de-cacahuetes/,https://staging.lacuisinedebernard.com/flapjacks-vegan-noix-chocolat-et-beurre-de-cacahuetes
https://www.lacuisinedebernard.com/flapjacks-vegan-noix-chocolat-et-beurre-de-cacahuetes,https://staging.lacuisinedebernard.com/flapjacks-vegan-noix-chocolat-et-beurre-de-cacahuetes
https://www.lacuisinedebernard.com/flapjacks-vegan-noix-chocolat-et-beurre-de-cacahuetes/,https://staging.lacuisinedebernard.com/flapjacks-vegan-noix-chocolat-et-beurre-de-cacahuetes
https://lacuisinedebernard.com/poelee-de-pates-orzo-chanterelles-poulet-et-pesto-noix-sauge,https://staging.lacuisinedebernard.com/poelee-de-pates-orzo-chanterelles-poulet-et-pesto-noix-sauge
https://lacuisinedebernard.com/poelee-de-pates-orzo-chanterelles-poulet-et-pesto-noix-sauge/,https://staging.lacuisinedebernard.com/poelee-de-pates-orzo-chanterelles-poulet-et-pesto-noix-sauge
https://www.lacuisinedebernard.com/poelee-de-pates-orzo-chanterelles-poulet-et-pesto-noix-sauge,https://staging.lacuisinedebernard.com/poelee-de-pates-orzo-chanterelles-poulet-et-pesto-noix-sauge
https://www.lacuisinedebernard.com/poelee-de-pates-orzo-chanterelles-poulet-et-pesto-noix-sauge/,https://staging.lacuisinedebernard.com/poelee-de-pates-orzo-chanterelles-poulet-et-pesto-noix-sauge
https://lacuisinedebernard.com/cookies-cacao-cacahuetes,https://staging.lacuisinedebernard.com/cookies-cacao-cacahuetes
https://lacuisinedebernard.com/cookies-cacao-cacahuetes/,https://staging.lacuisinedebernard.com/cookies-cacao-cacahuetes
https://www.lacuisinedebernard.com/cookies-cacao-cacahuetes,https://staging.lacuisinedebernard.com/cookies-cacao-cacahuetes
https://www.lacuisinedebernard.com/cookies-cacao-cacahuetes/,https://staging.lacuisinedebernard.com/cookies-cacao-cacahuetes
https://lacuisinedebernard.com/pancakes-aux-noisettes,https://staging.lacuisinedebernard.com/pancakes-aux-noisettes
https://lacuisinedebernard.com/pancakes-aux-noisettes/,https://staging.lacuisinedebernard.com/pancakes-aux-noisettes
https://www.lacuisinedebernard.com/pancakes-aux-noisettes,https://staging.lacuisinedebernard.com/pancakes-aux-noisettes
https://www.lacuisinedebernard.com/pancakes-aux-noisettes/,https://staging.lacuisinedebernard.com/pancakes-aux-noisettes
https://lacuisinedebernard.com/hazelnut-pancakes,https://staging.lacuisinedebernard.com/hazelnut-pancakes
https://lacuisinedebernard.com/hazelnut-pancakes/,https://staging.lacuisinedebernard.com/hazelnut-pancakes
https://www.lacuisinedebernard.com/hazelnut-pancakes,https://staging.lacuisinedebernard.com/hazelnut-pancakes
https://www.lacuisinedebernard.com/hazelnut-pancakes/,https://staging.lacuisinedebernard.com/hazelnut-pancakes
https://lacuisinedebernard.com/pates-aux-champignons-et-chou-vert-frise,https://staging.lacuisinedebernard.com/pates-aux-champignons-et-chou-vert-frise
https://lacuisinedebernard.com/pates-aux-champignons-et-chou-vert-frise/,https://staging.lacuisinedebernard.com/pates-aux-champignons-et-chou-vert-frise
https://www.lacuisinedebernard.com/pates-aux-champignons-et-chou-vert-frise,https://staging.lacuisinedebernard.com/pates-aux-champignons-et-chou-vert-frise
https://www.lacuisinedebernard.com/pates-aux-champignons-et-chou-vert-frise/,https://staging.lacuisinedebernard.com/pates-aux-champignons-et-chou-vert-frise
https://lacuisinedebernard.com/judias-verdes-con-salsa-de-sesamo,https://staging.lacuisinedebernard.com/judias-verdes-con-salsa-de-sesamo
https://lacuisinedebernard.com/judias-verdes-con-salsa-de-sesamo/,https://staging.lacuisinedebernard.com/judias-verdes-con-salsa-de-sesamo
https://www.lacuisinedebernard.com/judias-verdes-con-salsa-de-sesamo,https://staging.lacuisinedebernard.com/judias-verdes-con-salsa-de-sesamo
https://www.lacuisinedebernard.com/judias-verdes-con-salsa-de-sesamo/,https://staging.lacuisinedebernard.com/judias-verdes-con-salsa-de-sesamo
https://lacuisinedebernard.com/green-beans-with-sesame-sauce,https://staging.lacuisinedebernard.com/green-beans-with-sesame-sauce
https://lacuisinedebernard.com/green-beans-with-sesame-sauce/,https://staging.lacuisinedebernard.com/green-beans-with-sesame-sauce
https://www.lacuisinedebernard.com/green-beans-with-sesame-sauce,https://staging.lacuisinedebernard.com/green-beans-with-sesame-sauce
https://www.lacuisinedebernard.com/green-beans-with-sesame-sauce/,https://staging.lacuisinedebernard.com/green-beans-with-sesame-sauce
https://lacuisinedebernard.com/salsa-de-caramelo-de-mantequilla-salada,https://staging.lacuisinedebernard.com/salsa-de-caramelo-de-mantequilla-salada
https://lacuisinedebernard.com/salsa-de-caramelo-de-mantequilla-salada/,https://staging.lacuisinedebernard.com/salsa-de-caramelo-de-mantequilla-salada
https://www.lacuisinedebernard.com/salsa-de-caramelo-de-mantequilla-salada,https://staging.lacuisinedebernard.com/salsa-de-caramelo-de-mantequilla-salada
https://www.lacuisinedebernard.com/salsa-de-caramelo-de-mantequilla-salada/,https://staging.lacuisinedebernard.com/salsa-de-caramelo-de-mantequilla-salada
https://lacuisinedebernard.com/salted-butter-caramel-sauce,https://staging.lacuisinedebernard.com/salted-butter-caramel-sauce
https://lacuisinedebernard.com/salted-butter-caramel-sauce/,https://staging.lacuisinedebernard.com/salted-butter-caramel-sauce
https://www.lacuisinedebernard.com/salted-butter-caramel-sauce,https://staging.lacuisinedebernard.com/salted-butter-caramel-sauce
https://www.lacuisinedebernard.com/salted-butter-caramel-sauce/,https://staging.lacuisinedebernard.com/salted-butter-caramel-sauce
https://lacuisinedebernard.com/muselina-de-salsa-de-esparragos,https://staging.lacuisinedebernard.com/muselina-de-salsa-de-esparragos
https://lacuisinedebernard.com/muselina-de-salsa-de-esparragos/,https://staging.lacuisinedebernard.com/muselina-de-salsa-de-esparragos
https://www.lacuisinedebernard.com/muselina-de-salsa-de-esparragos,https://staging.lacuisinedebernard.com/muselina-de-salsa-de-esparragos
https://www.lacuisinedebernard.com/muselina-de-salsa-de-esparragos/,https://staging.lacuisinedebernard.com/muselina-de-salsa-de-esparragos
https://lacuisinedebernard.com/asparagus-sauce-mousseline,https://staging.lacuisinedebernard.com/asparagus-sauce-mousseline
https://lacuisinedebernard.com/asparagus-sauce-mousseline/,https://staging.lacuisinedebernard.com/asparagus-sauce-mousseline
https://www.lacuisinedebernard.com/asparagus-sauce-mousseline,https://staging.lacuisinedebernard.com/asparagus-sauce-mousseline
https://www.lacuisinedebernard.com/asparagus-sauce-mousseline/,https://staging.lacuisinedebernard.com/asparagus-sauce-mousseline
https://lacuisinedebernard.com/salsa-de-frambuesas,https://staging.lacuisinedebernard.com/salsa-de-frambuesas
https://lacuisinedebernard.com/salsa-de-frambuesas/,https://staging.lacuisinedebernard.com/salsa-de-frambuesas
https://www.lacuisinedebernard.com/salsa-de-frambuesas,https://staging.lacuisinedebernard.com/salsa-de-frambuesas
https://www.lacuisinedebernard.com/salsa-de-frambuesas/,https://staging.lacuisinedebernard.com/salsa-de-frambuesas
https://lacuisinedebernard.com/raspberry-sauce,https://staging.lacuisinedebernard.com/raspberry-sauce
https://lacuisinedebernard.com/raspberry-sauce/,https://staging.lacuisinedebernard.com/raspberry-sauce
https://www.lacuisinedebernard.com/raspberry-sauce,https://staging.lacuisinedebernard.com/raspberry-sauce
https://www.lacuisinedebernard.com/raspberry-sauce/,https://staging.lacuisinedebernard.com/raspberry-sauce
https://lacuisinedebernard.com/camarones-crujientes-de-wasabi,https://staging.lacuisinedebernard.com/camarones-crujientes-de-wasabi
https://lacuisinedebernard.com/camarones-crujientes-de-wasabi/,https://staging.lacuisinedebernard.com/camarones-crujientes-de-wasabi
https://www.lacuisinedebernard.com/camarones-crujientes-de-wasabi,https://staging.lacuisinedebernard.com/camarones-crujientes-de-wasabi
https://www.lacuisinedebernard.com/camarones-crujientes-de-wasabi/,https://staging.lacuisinedebernard.com/camarones-crujientes-de-wasabi
https://lacuisinedebernard.com/wasabi-crispy-shrimp,https://staging.lacuisinedebernard.com/wasabi-crispy-shrimp
https://lacuisinedebernard.com/wasabi-crispy-shrimp/,https://staging.lacuisinedebernard.com/wasabi-crispy-shrimp
https://www.lacuisinedebernard.com/wasabi-crispy-shrimp,https://staging.lacuisinedebernard.com/wasabi-crispy-shrimp
https://www.lacuisinedebernard.com/wasabi-crispy-shrimp/,https://staging.lacuisinedebernard.com/wasabi-crispy-shrimp
https://lacuisinedebernard.com/camarones-y-guisantes-dulces-salsa-picante,https://staging.lacuisinedebernard.com/camarones-y-guisantes-dulces-salsa-picante
https://lacuisinedebernard.com/camarones-y-guisantes-dulces-salsa-picante/,https://staging.lacuisinedebernard.com/camarones-y-guisantes-dulces-salsa-picante
https://www.lacuisinedebernard.com/camarones-y-guisantes-dulces-salsa-picante,https://staging.lacuisinedebernard.com/camarones-y-guisantes-dulces-salsa-picante
https://www.lacuisinedebernard.com/camarones-y-guisantes-dulces-salsa-picante/,https://staging.lacuisinedebernard.com/camarones-y-guisantes-dulces-salsa-picante
https://lacuisinedebernard.com/shrimps-and-sugar-snap-peas-spicy-sauce,https://staging.lacuisinedebernard.com/shrimps-and-sugar-snap-peas-spicy-sauce
https://lacuisinedebernard.com/shrimps-and-sugar-snap-peas-spicy-sauce/,https://staging.lacuisinedebernard.com/shrimps-and-sugar-snap-peas-spicy-sauce
https://www.lacuisinedebernard.com/shrimps-and-sugar-snap-peas-spicy-sauce,https://staging.lacuisinedebernard.com/shrimps-and-sugar-snap-peas-spicy-sauce
https://www.lacuisinedebernard.com/shrimps-and-sugar-snap-peas-spicy-sauce/,https://staging.lacuisinedebernard.com/shrimps-and-sugar-snap-peas-spicy-sauce
https://lacuisinedebernard.com/cordero-a-fuego-lento-y-verduras-a-la-plancha,https://staging.lacuisinedebernard.com/cordero-a-fuego-lento-y-verduras-a-la-plancha
https://lacuisinedebernard.com/cordero-a-fuego-lento-y-verduras-a-la-plancha/,https://staging.lacuisinedebernard.com/cordero-a-fuego-lento-y-verduras-a-la-plancha
https://www.lacuisinedebernard.com/cordero-a-fuego-lento-y-verduras-a-la-plancha,https://staging.lacuisinedebernard.com/cordero-a-fuego-lento-y-verduras-a-la-plancha
https://www.lacuisinedebernard.com/cordero-a-fuego-lento-y-verduras-a-la-plancha/,https://staging.lacuisinedebernard.com/cordero-a-fuego-lento-y-verduras-a-la-plancha
https://lacuisinedebernard.com/slow-cooked-lamb-and-grilled-vegetables,https://staging.lacuisinedebernard.com/slow-cooked-lamb-and-grilled-vegetables
https://lacuisinedebernard.com/slow-cooked-lamb-and-grilled-vegetables/,https://staging.lacuisinedebernard.com/slow-cooked-lamb-and-grilled-vegetables
https://www.lacuisinedebernard.com/slow-cooked-lamb-and-grilled-vegetables,https://staging.lacuisinedebernard.com/slow-cooked-lamb-and-grilled-vegetables
https://www.lacuisinedebernard.com/slow-cooked-lamb-and-grilled-vegetables/,https://staging.lacuisinedebernard.com/slow-cooked-lamb-and-grilled-vegetables
https://lacuisinedebernard.com/cheddar-pistachio-savory-shortbread,https://staging.lacuisinedebernard.com/cheddar-pistachio-savory-shortbread
https://lacuisinedebernard.com/cheddar-pistachio-savory-shortbread/,https://staging.lacuisinedebernard.com/cheddar-pistachio-savory-shortbread
https://www.lacuisinedebernard.com/cheddar-pistachio-savory-shortbread,https://staging.lacuisinedebernard.com/cheddar-pistachio-savory-shortbread
https://www.lacuisinedebernard.com/cheddar-pistachio-savory-shortbread/,https://staging.lacuisinedebernard.com/cheddar-pistachio-savory-shortbread
https://lacuisinedebernard.com/shortbread-salado-de-pistacho-y-queso-cheddar,https://staging.lacuisinedebernard.com/shortbread-salado-de-pistacho-y-queso-cheddar
https://lacuisinedebernard.com/shortbread-salado-de-pistacho-y-queso-cheddar/,https://staging.lacuisinedebernard.com/shortbread-salado-de-pistacho-y-queso-cheddar
https://www.lacuisinedebernard.com/shortbread-salado-de-pistacho-y-queso-cheddar,https://staging.lacuisinedebernard.com/shortbread-salado-de-pistacho-y-queso-cheddar
https://www.lacuisinedebernard.com/shortbread-salado-de-pistacho-y-queso-cheddar/,https://staging.lacuisinedebernard.com/shortbread-salado-de-pistacho-y-queso-cheddar
https://lacuisinedebernard.com/coxinhas-de-pollo,https://staging.lacuisinedebernard.com/coxinhas-de-pollo
https://lacuisinedebernard.com/coxinhas-de-pollo/,https://staging.lacuisinedebernard.com/coxinhas-de-pollo
https://www.lacuisinedebernard.com/coxinhas-de-pollo,https://staging.lacuisinedebernard.com/coxinhas-de-pollo
https://www.lacuisinedebernard.com/coxinhas-de-pollo/,https://staging.lacuisinedebernard.com/coxinhas-de-pollo
https://lacuisinedebernard.com/chicken-coxinhas,https://staging.lacuisinedebernard.com/chicken-coxinhas
https://lacuisinedebernard.com/chicken-coxinhas/,https://staging.lacuisinedebernard.com/chicken-coxinhas
https://www.lacuisinedebernard.com/chicken-coxinhas,https://staging.lacuisinedebernard.com/chicken-coxinhas
https://www.lacuisinedebernard.com/chicken-coxinhas/,https://staging.lacuisinedebernard.com/chicken-coxinhas
https://lacuisinedebernard.com/croque-monsieur-brillat-savarin-jamon-y-tartufata,https://staging.lacuisinedebernard.com/croque-monsieur-brillat-savarin-jamon-y-tartufata
https://lacuisinedebernard.com/croque-monsieur-brillat-savarin-jamon-y-tartufata/,https://staging.lacuisinedebernard.com/croque-monsieur-brillat-savarin-jamon-y-tartufata
https://www.lacuisinedebernard.com/croque-monsieur-brillat-savarin-jamon-y-tartufata,https://staging.lacuisinedebernard.com/croque-monsieur-brillat-savarin-jamon-y-tartufata
https://www.lacuisinedebernard.com/croque-monsieur-brillat-savarin-jamon-y-tartufata/,https://staging.lacuisinedebernard.com/croque-monsieur-brillat-savarin-jamon-y-tartufata
https://lacuisinedebernard.com/croque-monsieur-brillat-savarin-ham-and-tartufata,https://staging.lacuisinedebernard.com/croque-monsieur-brillat-savarin-ham-and-tartufata
https://lacuisinedebernard.com/croque-monsieur-brillat-savarin-ham-and-tartufata/,https://staging.lacuisinedebernard.com/croque-monsieur-brillat-savarin-ham-and-tartufata
https://www.lacuisinedebernard.com/croque-monsieur-brillat-savarin-ham-and-tartufata,https://staging.lacuisinedebernard.com/croque-monsieur-brillat-savarin-ham-and-tartufata
https://www.lacuisinedebernard.com/croque-monsieur-brillat-savarin-ham-and-tartufata/,https://staging.lacuisinedebernard.com/croque-monsieur-brillat-savarin-ham-and-tartufata
https://lacuisinedebernard.com/parmentier-de-morcilla-con-manzanas-y-cebollas-caramelizadas,https://staging.lacuisinedebernard.com/parmentier-de-morcilla-con-manzanas-y-cebollas-caramelizadas
https://lacuisinedebernard.com/parmentier-de-morcilla-con-manzanas-y-cebollas-caramelizadas/,https://staging.lacuisinedebernard.com/parmentier-de-morcilla-con-manzanas-y-cebollas-caramelizadas
https://www.lacuisinedebernard.com/parmentier-de-morcilla-con-manzanas-y-cebollas-caramelizadas,https://staging.lacuisinedebernard.com/parmentier-de-morcilla-con-manzanas-y-cebollas-caramelizadas
https://www.lacuisinedebernard.com/parmentier-de-morcilla-con-manzanas-y-cebollas-caramelizadas/,https://staging.lacuisinedebernard.com/parmentier-de-morcilla-con-manzanas-y-cebollas-caramelizadas
https://lacuisinedebernard.com/parmentier-of-black-pudding-with-apples-and-caramelized-onions,https://staging.lacuisinedebernard.com/parmentier-of-black-pudding-with-apples-and-caramelized-onions
https://lacuisinedebernard.com/parmentier-of-black-pudding-with-apples-and-caramelized-onions/,https://staging.lacuisinedebernard.com/parmentier-of-black-pudding-with-apples-and-caramelized-onions
https://www.lacuisinedebernard.com/parmentier-of-black-pudding-with-apples-and-caramelized-onions,https://staging.lacuisinedebernard.com/parmentier-of-black-pudding-with-apples-and-caramelized-onions
https://www.lacuisinedebernard.com/parmentier-of-black-pudding-with-apples-and-caramelized-onions/,https://staging.lacuisinedebernard.com/parmentier-of-black-pudding-with-apples-and-caramelized-onions
https://lacuisinedebernard.com/fo,https://staging.lacuisinedebernard.com/fo
https://lacuisinedebernard.com/fo/,https://staging.lacuisinedebernard.com/fo
https://www.lacuisinedebernard.com/fo,https://staging.lacuisinedebernard.com/fo
https://www.lacuisinedebernard.com/fo/,https://staging.lacuisinedebernard.com/fo
https://lacuisinedebernard.com/pho,https://staging.lacuisinedebernard.com/pho
https://lacuisinedebernard.com/pho/,https://staging.lacuisinedebernard.com/pho
https://www.lacuisinedebernard.com/pho,https://staging.lacuisinedebernard.com/pho
https://www.lacuisinedebernard.com/pho/,https://staging.lacuisinedebernard.com/pho
https://lacuisinedebernard.com/pollo-al-estragon,https://staging.lacuisinedebernard.com/pollo-al-estragon
https://lacuisinedebernard.com/pollo-al-estragon/,https://staging.lacuisinedebernard.com/pollo-al-estragon
https://www.lacuisinedebernard.com/pollo-al-estragon,https://staging.lacuisinedebernard.com/pollo-al-estragon
https://www.lacuisinedebernard.com/pollo-al-estragon/,https://staging.lacuisinedebernard.com/pollo-al-estragon
https://lacuisinedebernard.com/tarragon-chicken,https://staging.lacuisinedebernard.com/tarragon-chicken
https://lacuisinedebernard.com/tarragon-chicken/,https://staging.lacuisinedebernard.com/tarragon-chicken
https://www.lacuisinedebernard.com/tarragon-chicken,https://staging.lacuisinedebernard.com/tarragon-chicken
https://www.lacuisinedebernard.com/tarragon-chicken/,https://staging.lacuisinedebernard.com/tarragon-chicken
https://lacuisinedebernard.com/tarta-de-puerro-chorizo-y-queso-de-cabra,https://staging.lacuisinedebernard.com/tarta-de-puerro-chorizo-y-queso-de-cabra
https://lacuisinedebernard.com/tarta-de-puerro-chorizo-y-queso-de-cabra/,https://staging.lacuisinedebernard.com/tarta-de-puerro-chorizo-y-queso-de-cabra
https://www.lacuisinedebernard.com/tarta-de-puerro-chorizo-y-queso-de-cabra,https://staging.lacuisinedebernard.com/tarta-de-puerro-chorizo-y-queso-de-cabra
https://www.lacuisinedebernard.com/tarta-de-puerro-chorizo-y-queso-de-cabra/,https://staging.lacuisinedebernard.com/tarta-de-puerro-chorizo-y-queso-de-cabra
https://lacuisinedebernard.com/leek-chorizo-and-goat-cheese-tart,https://staging.lacuisinedebernard.com/leek-chorizo-and-goat-cheese-tart
https://lacuisinedebernard.com/leek-chorizo-and-goat-cheese-tart/,https://staging.lacuisinedebernard.com/leek-chorizo-and-goat-cheese-tart
https://www.lacuisinedebernard.com/leek-chorizo-and-goat-cheese-tart,https://staging.lacuisinedebernard.com/leek-chorizo-and-goat-cheese-tart
https://www.lacuisinedebernard.com/leek-chorizo-and-goat-cheese-tart/,https://staging.lacuisinedebernard.com/leek-chorizo-and-goat-cheese-tart
https://lacuisinedebernard.com/baklava-de-almendras,https://staging.lacuisinedebernard.com/baklava-de-almendras
https://lacuisinedebernard.com/baklava-de-almendras/,https://staging.lacuisinedebernard.com/baklava-de-almendras
https://www.lacuisinedebernard.com/baklava-de-almendras,https://staging.lacuisinedebernard.com/baklava-de-almendras
https://www.lacuisinedebernard.com/baklava-de-almendras/,https://staging.lacuisinedebernard.com/baklava-de-almendras
https://lacuisinedebernard.com/almond-baklava,https://staging.lacuisinedebernard.com/almond-baklava
https://lacuisinedebernard.com/almond-baklava/,https://staging.lacuisinedebernard.com/almond-baklava
https://www.lacuisinedebernard.com/almond-baklava,https://staging.lacuisinedebernard.com/almond-baklava
https://www.lacuisinedebernard.com/almond-baklava/,https://staging.lacuisinedebernard.com/almond-baklava
https://lacuisinedebernard.com/fideos-fritos-con-pollo-y-verduras,https://staging.lacuisinedebernard.com/fideos-fritos-con-pollo-y-verduras
https://lacuisinedebernard.com/fideos-fritos-con-pollo-y-verduras/,https://staging.lacuisinedebernard.com/fideos-fritos-con-pollo-y-verduras
https://www.lacuisinedebernard.com/fideos-fritos-con-pollo-y-verduras,https://staging.lacuisinedebernard.com/fideos-fritos-con-pollo-y-verduras
https://www.lacuisinedebernard.com/fideos-fritos-con-pollo-y-verduras/,https://staging.lacuisinedebernard.com/fideos-fritos-con-pollo-y-verduras
https://lacuisinedebernard.com/fried-noodles-with-chicken-and-vegetables,https://staging.lacuisinedebernard.com/fried-noodles-with-chicken-and-vegetables
https://lacuisinedebernard.com/fried-noodles-with-chicken-and-vegetables/,https://staging.lacuisinedebernard.com/fried-noodles-with-chicken-and-vegetables
https://www.lacuisinedebernard.com/fried-noodles-with-chicken-and-vegetables,https://staging.lacuisinedebernard.com/fried-noodles-with-chicken-and-vegetables
https://www.lacuisinedebernard.com/fried-noodles-with-chicken-and-vegetables/,https://staging.lacuisinedebernard.com/fried-noodles-with-chicken-and-vegetables
https://lacuisinedebernard.com/tartaletas-de-chocolate,https://staging.lacuisinedebernard.com/tartaletas-de-chocolate
https://lacuisinedebernard.com/tartaletas-de-chocolate/,https://staging.lacuisinedebernard.com/tartaletas-de-chocolate
https://www.lacuisinedebernard.com/tartaletas-de-chocolate,https://staging.lacuisinedebernard.com/tartaletas-de-chocolate
https://www.lacuisinedebernard.com/tartaletas-de-chocolate/,https://staging.lacuisinedebernard.com/tartaletas-de-chocolate
https://lacuisinedebernard.com/chocolate-tartlets,https://staging.lacuisinedebernard.com/chocolate-tartlets
https://lacuisinedebernard.com/chocolate-tartlets/,https://staging.lacuisinedebernard.com/chocolate-tartlets
https://www.lacuisinedebernard.com/chocolate-tartlets,https://staging.lacuisinedebernard.com/chocolate-tartlets
https://www.lacuisinedebernard.com/chocolate-tartlets/,https://staging.lacuisinedebernard.com/chocolate-tartlets
https://lacuisinedebernard.com/pastel-de-limon-y-semillas-de-amapola,https://staging.lacuisinedebernard.com/pastel-de-limon-y-semillas-de-amapola
https://lacuisinedebernard.com/pastel-de-limon-y-semillas-de-amapola/,https://staging.lacuisinedebernard.com/pastel-de-limon-y-semillas-de-amapola
https://www.lacuisinedebernard.com/pastel-de-limon-y-semillas-de-amapola,https://staging.lacuisinedebernard.com/pastel-de-limon-y-semillas-de-amapola
https://www.lacuisinedebernard.com/pastel-de-limon-y-semillas-de-amapola/,https://staging.lacuisinedebernard.com/pastel-de-limon-y-semillas-de-amapola
https://lacuisinedebernard.com/lemon-poppy-seed-cake,https://staging.lacuisinedebernard.com/lemon-poppy-seed-cake
https://lacuisinedebernard.com/lemon-poppy-seed-cake/,https://staging.lacuisinedebernard.com/lemon-poppy-seed-cake
https://www.lacuisinedebernard.com/lemon-poppy-seed-cake,https://staging.lacuisinedebernard.com/lemon-poppy-seed-cake
https://www.lacuisinedebernard.com/lemon-poppy-seed-cake/,https://staging.lacuisinedebernard.com/lemon-poppy-seed-cake
https://lacuisinedebernard.com/falafel,https://staging.lacuisinedebernard.com/falafel
https://lacuisinedebernard.com/falafel/,https://staging.lacuisinedebernard.com/falafel
https://www.lacuisinedebernard.com/falafel,https://staging.lacuisinedebernard.com/falafel
https://www.lacuisinedebernard.com/falafel/,https://staging.lacuisinedebernard.com/falafel
https://lacuisinedebernard.com/estofado-de-ternera,https://staging.lacuisinedebernard.com/estofado-de-ternera
https://lacuisinedebernard.com/estofado-de-ternera/,https://staging.lacuisinedebernard.com/estofado-de-ternera
https://www.lacuisinedebernard.com/estofado-de-ternera,https://staging.lacuisinedebernard.com/estofado-de-ternera
https://www.lacuisinedebernard.com/estofado-de-ternera/,https://staging.lacuisinedebernard.com/estofado-de-ternera
https://lacuisinedebernard.com/veal-stew,https://staging.lacuisinedebernard.com/veal-stew
https://lacuisinedebernard.com/veal-stew/,https://staging.lacuisinedebernard.com/veal-stew
https://www.lacuisinedebernard.com/veal-stew,https://staging.lacuisinedebernard.com/veal-stew
https://www.lacuisinedebernard.com/veal-stew/,https://staging.lacuisinedebernard.com/veal-stew
https://lacuisinedebernard.com/caneles-de-burdeos,https://staging.lacuisinedebernard.com/caneles-de-burdeos
https://lacuisinedebernard.com/caneles-de-burdeos/,https://staging.lacuisinedebernard.com/caneles-de-burdeos
https://www.lacuisinedebernard.com/caneles-de-burdeos,https://staging.lacuisinedebernard.com/caneles-de-burdeos
https://www.lacuisinedebernard.com/caneles-de-burdeos/,https://staging.lacuisinedebernard.com/caneles-de-burdeos
https://lacuisinedebernard.com/mango-sticky-rice,https://staging.lacuisinedebernard.com/mango-sticky-rice
https://lacuisinedebernard.com/mango-sticky-rice/,https://staging.lacuisinedebernard.com/mango-sticky-rice
https://www.lacuisinedebernard.com/mango-sticky-rice,https://staging.lacuisinedebernard.com/mango-sticky-rice
https://www.lacuisinedebernard.com/mango-sticky-rice/,https://staging.lacuisinedebernard.com/mango-sticky-rice
https://lacuisinedebernard.com/mango-arroz-pegajoso,https://staging.lacuisinedebernard.com/mango-arroz-pegajoso
https://lacuisinedebernard.com/mango-arroz-pegajoso/,https://staging.lacuisinedebernard.com/mango-arroz-pegajoso
https://www.lacuisinedebernard.com/mango-arroz-pegajoso,https://staging.lacuisinedebernard.com/mango-arroz-pegajoso
https://www.lacuisinedebernard.com/mango-arroz-pegajoso/,https://staging.lacuisinedebernard.com/mango-arroz-pegajoso
https://lacuisinedebernard.com/foie-gras-terrina-1er-metodo,https://staging.lacuisinedebernard.com/foie-gras-terrina-1er-metodo
https://lacuisinedebernard.com/foie-gras-terrina-1er-metodo/,https://staging.lacuisinedebernard.com/foie-gras-terrina-1er-metodo
https://www.lacuisinedebernard.com/foie-gras-terrina-1er-metodo,https://staging.lacuisinedebernard.com/foie-gras-terrina-1er-metodo
https://www.lacuisinedebernard.com/foie-gras-terrina-1er-metodo/,https://staging.lacuisinedebernard.com/foie-gras-terrina-1er-metodo
https://lacuisinedebernard.com/foie-gras-1st-method-terrine,https://staging.lacuisinedebernard.com/foie-gras-1st-method-terrine
https://lacuisinedebernard.com/foie-gras-1st-method-terrine/,https://staging.lacuisinedebernard.com/foie-gras-1st-method-terrine
https://www.lacuisinedebernard.com/foie-gras-1st-method-terrine,https://staging.lacuisinedebernard.com/foie-gras-1st-method-terrine
https://www.lacuisinedebernard.com/foie-gras-1st-method-terrine/,https://staging.lacuisinedebernard.com/foie-gras-1st-method-terrine
https://lacuisinedebernard.com/semicocinados-con-chocolate-naranja-y-nueces,https://staging.lacuisinedebernard.com/semicocinados-con-chocolate-naranja-y-nueces
https://lacuisinedebernard.com/semicocinados-con-chocolate-naranja-y-nueces/,https://staging.lacuisinedebernard.com/semicocinados-con-chocolate-naranja-y-nueces
https://www.lacuisinedebernard.com/semicocinados-con-chocolate-naranja-y-nueces,https://staging.lacuisinedebernard.com/semicocinados-con-chocolate-naranja-y-nueces
https://www.lacuisinedebernard.com/semicocinados-con-chocolate-naranja-y-nueces/,https://staging.lacuisinedebernard.com/semicocinados-con-chocolate-naranja-y-nueces
https://lacuisinedebernard.com/pudin-de-amaretti,https://staging.lacuisinedebernard.com/pudin-de-amaretti
https://lacuisinedebernard.com/pudin-de-amaretti/,https://staging.lacuisinedebernard.com/pudin-de-amaretti
https://www.lacuisinedebernard.com/pudin-de-amaretti,https://staging.lacuisinedebernard.com/pudin-de-amaretti
https://www.lacuisinedebernard.com/pudin-de-amaretti/,https://staging.lacuisinedebernard.com/pudin-de-amaretti
https://lacuisinedebernard.com/amaretti-pudding,https://staging.lacuisinedebernard.com/amaretti-pudding
https://lacuisinedebernard.com/amaretti-pudding/,https://staging.lacuisinedebernard.com/amaretti-pudding
https://www.lacuisinedebernard.com/amaretti-pudding,https://staging.lacuisinedebernard.com/amaretti-pudding
https://www.lacuisinedebernard.com/amaretti-pudding/,https://staging.lacuisinedebernard.com/amaretti-pudding
https://lacuisinedebernard.com/cookies-citron-huile-dolive-et-amandes-grillees,https://staging.lacuisinedebernard.com/cookies-citron-huile-dolive-et-amandes-grillees
https://lacuisinedebernard.com/cookies-citron-huile-dolive-et-amandes-grillees/,https://staging.lacuisinedebernard.com/cookies-citron-huile-dolive-et-amandes-grillees
https://www.lacuisinedebernard.com/cookies-citron-huile-dolive-et-amandes-grillees,https://staging.lacuisinedebernard.com/cookies-citron-huile-dolive-et-amandes-grillees
https://www.lacuisinedebernard.com/cookies-citron-huile-dolive-et-amandes-grillees/,https://staging.lacuisinedebernard.com/cookies-citron-huile-dolive-et-amandes-grillees
https://lacuisinedebernard.com/crema-cremosa-de-chocolate,https://staging.lacuisinedebernard.com/crema-cremosa-de-chocolate
https://lacuisinedebernard.com/crema-cremosa-de-chocolate/,https://staging.lacuisinedebernard.com/crema-cremosa-de-chocolate
https://www.lacuisinedebernard.com/crema-cremosa-de-chocolate,https://staging.lacuisinedebernard.com/crema-cremosa-de-chocolate
https://www.lacuisinedebernard.com/crema-cremosa-de-chocolate/,https://staging.lacuisinedebernard.com/crema-cremosa-de-chocolate
https://lacuisinedebernard.com/crema-de-cafe,https://staging.lacuisinedebernard.com/crema-de-cafe
https://lacuisinedebernard.com/crema-de-cafe/,https://staging.lacuisinedebernard.com/crema-de-cafe
https://www.lacuisinedebernard.com/crema-de-cafe,https://staging.lacuisinedebernard.com/crema-de-cafe
https://www.lacuisinedebernard.com/crema-de-cafe/,https://staging.lacuisinedebernard.com/crema-de-cafe
https://lacuisinedebernard.com/creamy-coffee-cream,https://staging.lacuisinedebernard.com/creamy-coffee-cream
https://lacuisinedebernard.com/creamy-coffee-cream/,https://staging.lacuisinedebernard.com/creamy-coffee-cream
https://www.lacuisinedebernard.com/creamy-coffee-cream,https://staging.lacuisinedebernard.com/creamy-coffee-cream
https://www.lacuisinedebernard.com/creamy-coffee-cream/,https://staging.lacuisinedebernard.com/creamy-coffee-cream
https://lacuisinedebernard.com/caneles-from-bordeaux,https://staging.lacuisinedebernard.com/caneles-from-bordeaux
https://lacuisinedebernard.com/caneles-from-bordeaux/,https://staging.lacuisinedebernard.com/caneles-from-bordeaux
https://www.lacuisinedebernard.com/caneles-from-bordeaux,https://staging.lacuisinedebernard.com/caneles-from-bordeaux
https://www.lacuisinedebernard.com/caneles-from-bordeaux/,https://staging.lacuisinedebernard.com/caneles-from-bordeaux
https://lacuisinedebernard.com/carrot-cake,https://staging.lacuisinedebernard.com/carrot-cake
https://lacuisinedebernard.com/carrot-cake/,https://staging.lacuisinedebernard.com/carrot-cake
https://www.lacuisinedebernard.com/carrot-cake,https://staging.lacuisinedebernard.com/carrot-cake
https://www.lacuisinedebernard.com/carrot-cake/,https://staging.lacuisinedebernard.com/carrot-cake
https://lacuisinedebernard.com/creme-onctueuse-au-cafe,https://staging.lacuisinedebernard.com/creme-onctueuse-au-cafe
https://lacuisinedebernard.com/creme-onctueuse-au-cafe/,https://staging.lacuisinedebernard.com/creme-onctueuse-au-cafe
https://www.lacuisinedebernard.com/creme-onctueuse-au-cafe,https://staging.lacuisinedebernard.com/creme-onctueuse-au-cafe
https://www.lacuisinedebernard.com/creme-onctueuse-au-cafe/,https://staging.lacuisinedebernard.com/creme-onctueuse-au-cafe
https://lacuisinedebernard.com/semi-cooked-with-orange-chocolate-and-walnuts,https://staging.lacuisinedebernard.com/semi-cooked-with-orange-chocolate-and-walnuts
https://lacuisinedebernard.com/semi-cooked-with-orange-chocolate-and-walnuts/,https://staging.lacuisinedebernard.com/semi-cooked-with-orange-chocolate-and-walnuts
https://www.lacuisinedebernard.com/semi-cooked-with-orange-chocolate-and-walnuts,https://staging.lacuisinedebernard.com/semi-cooked-with-orange-chocolate-and-walnuts
https://www.lacuisinedebernard.com/semi-cooked-with-orange-chocolate-and-walnuts/,https://staging.lacuisinedebernard.com/semi-cooked-with-orange-chocolate-and-walnuts
https://lacuisinedebernard.com/mi-cuit-au-chocolat-orange-et-noix,https://staging.lacuisinedebernard.com/mi-cuit-au-chocolat-orange-et-noix
https://lacuisinedebernard.com/mi-cuit-au-chocolat-orange-et-noix/,https://staging.lacuisinedebernard.com/mi-cuit-au-chocolat-orange-et-noix
https://www.lacuisinedebernard.com/mi-cuit-au-chocolat-orange-et-noix,https://staging.lacuisinedebernard.com/mi-cuit-au-chocolat-orange-et-noix
https://www.lacuisinedebernard.com/mi-cuit-au-chocolat-orange-et-noix/,https://staging.lacuisinedebernard.com/mi-cuit-au-chocolat-orange-et-noix
https://lacuisinedebernard.com/coconut-pearls,https://staging.lacuisinedebernard.com/coconut-pearls
https://lacuisinedebernard.com/coconut-pearls/,https://staging.lacuisinedebernard.com/coconut-pearls
https://www.lacuisinedebernard.com/coconut-pearls,https://staging.lacuisinedebernard.com/coconut-pearls
https://www.lacuisinedebernard.com/coconut-pearls/,https://staging.lacuisinedebernard.com/coconut-pearls
https://lacuisinedebernard.com/orange-and-cranberry-scones,https://staging.lacuisinedebernard.com/orange-and-cranberry-scones
https://lacuisinedebernard.com/orange-and-cranberry-scones/,https://staging.lacuisinedebernard.com/orange-and-cranberry-scones
https://www.lacuisinedebernard.com/orange-and-cranberry-scones,https://staging.lacuisinedebernard.com/orange-and-cranberry-scones
https://www.lacuisinedebernard.com/orange-and-cranberry-scones/,https://staging.lacuisinedebernard.com/orange-and-cranberry-scones
https://lacuisinedebernard.com/cherry-clafoutis-the-real-one-and-my-version,https://staging.lacuisinedebernard.com/cherry-clafoutis-the-real-one-and-my-version
https://lacuisinedebernard.com/cherry-clafoutis-the-real-one-and-my-version/,https://staging.lacuisinedebernard.com/cherry-clafoutis-the-real-one-and-my-version
https://www.lacuisinedebernard.com/cherry-clafoutis-the-real-one-and-my-version,https://staging.lacuisinedebernard.com/cherry-clafoutis-the-real-one-and-my-version
https://www.lacuisinedebernard.com/cherry-clafoutis-the-real-one-and-my-version/,https://staging.lacuisinedebernard.com/cherry-clafoutis-the-real-one-and-my-version
https://lacuisinedebernard.com/ultimate-lemon-cake,https://staging.lacuisinedebernard.com/ultimate-lemon-cake
https://lacuisinedebernard.com/ultimate-lemon-cake/,https://staging.lacuisinedebernard.com/ultimate-lemon-cake
https://www.lacuisinedebernard.com/ultimate-lemon-cake,https://staging.lacuisinedebernard.com/ultimate-lemon-cake
https://www.lacuisinedebernard.com/ultimate-lemon-cake/,https://staging.lacuisinedebernard.com/ultimate-lemon-cake
https://lacuisinedebernard.com/scones-a-lorange-et-aux-canneberges,https://staging.lacuisinedebernard.com/scones-a-lorange-et-aux-canneberges
https://lacuisinedebernard.com/scones-a-lorange-et-aux-canneberges/,https://staging.lacuisinedebernard.com/scones-a-lorange-et-aux-canneberges
https://www.lacuisinedebernard.com/scones-a-lorange-et-aux-canneberges,https://staging.lacuisinedebernard.com/scones-a-lorange-et-aux-canneberges
https://www.lacuisinedebernard.com/scones-a-lorange-et-aux-canneberges/,https://staging.lacuisinedebernard.com/scones-a-lorange-et-aux-canneberges
https://lacuisinedebernard.com/broccolinis-grilles-sauce-tahine-au-piment-despelette,https://staging.lacuisinedebernard.com/broccolinis-grilles-sauce-tahine-au-piment-despelette
https://lacuisinedebernard.com/broccolinis-grilles-sauce-tahine-au-piment-despelette/,https://staging.lacuisinedebernard.com/broccolinis-grilles-sauce-tahine-au-piment-despelette
https://www.lacuisinedebernard.com/broccolinis-grilles-sauce-tahine-au-piment-despelette,https://staging.lacuisinedebernard.com/broccolinis-grilles-sauce-tahine-au-piment-despelette
https://www.lacuisinedebernard.com/broccolinis-grilles-sauce-tahine-au-piment-despelette/,https://staging.lacuisinedebernard.com/broccolinis-grilles-sauce-tahine-au-piment-despelette
https://lacuisinedebernard.com/sables-sales-cheddar-pistache,https://staging.lacuisinedebernard.com/sables-sales-cheddar-pistache
https://lacuisinedebernard.com/sables-sales-cheddar-pistache/,https://staging.lacuisinedebernard.com/sables-sales-cheddar-pistache
https://www.lacuisinedebernard.com/sables-sales-cheddar-pistache,https://staging.lacuisinedebernard.com/sables-sales-cheddar-pistache
https://www.lacuisinedebernard.com/sables-sales-cheddar-pistache/,https://staging.lacuisinedebernard.com/sables-sales-cheddar-pistache
https://lacuisinedebernard.com/amaretti-pistache-cardamome,https://staging.lacuisinedebernard.com/amaretti-pistache-cardamome
https://lacuisinedebernard.com/amaretti-pistache-cardamome/,https://staging.lacuisinedebernard.com/amaretti-pistache-cardamome
https://www.lacuisinedebernard.com/amaretti-pistache-cardamome,https://staging.lacuisinedebernard.com/amaretti-pistache-cardamome
https://www.lacuisinedebernard.com/amaretti-pistache-cardamome/,https://staging.lacuisinedebernard.com/amaretti-pistache-cardamome
https://lacuisinedebernard.com/creme-onctueuse-au-chocolat,https://staging.lacuisinedebernard.com/creme-onctueuse-au-chocolat
https://lacuisinedebernard.com/creme-onctueuse-au-chocolat/,https://staging.lacuisinedebernard.com/creme-onctueuse-au-chocolat
https://www.lacuisinedebernard.com/creme-onctueuse-au-chocolat,https://staging.lacuisinedebernard.com/creme-onctueuse-au-chocolat
https://www.lacuisinedebernard.com/creme-onctueuse-au-chocolat/,https://staging.lacuisinedebernard.com/creme-onctueuse-au-chocolat
https://lacuisinedebernard.com/cookies-pistaches-et-chocolat-blanc,https://staging.lacuisinedebernard.com/cookies-pistaches-et-chocolat-blanc
https://lacuisinedebernard.com/cookies-pistaches-et-chocolat-blanc/,https://staging.lacuisinedebernard.com/cookies-pistaches-et-chocolat-blanc
https://www.lacuisinedebernard.com/cookies-pistaches-et-chocolat-blanc,https://staging.lacuisinedebernard.com/cookies-pistaches-et-chocolat-blanc
https://www.lacuisinedebernard.com/cookies-pistaches-et-chocolat-blanc/,https://staging.lacuisinedebernard.com/cookies-pistaches-et-chocolat-blanc
https://lacuisinedebernard.com/maki-de-printemps-a-la-feuille-de-riz,https://staging.lacuisinedebernard.com/maki-de-printemps-a-la-feuille-de-riz
https://lacuisinedebernard.com/maki-de-printemps-a-la-feuille-de-riz/,https://staging.lacuisinedebernard.com/maki-de-printemps-a-la-feuille-de-riz
https://www.lacuisinedebernard.com/maki-de-printemps-a-la-feuille-de-riz,https://staging.lacuisinedebernard.com/maki-de-printemps-a-la-feuille-de-riz
https://www.lacuisinedebernard.com/maki-de-printemps-a-la-feuille-de-riz/,https://staging.lacuisinedebernard.com/maki-de-printemps-a-la-feuille-de-riz
https://lacuisinedebernard.com/coquillettes-jambon-tartufata,https://staging.lacuisinedebernard.com/coquillettes-jambon-tartufata
https://lacuisinedebernard.com/coquillettes-jambon-tartufata/,https://staging.lacuisinedebernard.com/coquillettes-jambon-tartufata
https://www.lacuisinedebernard.com/coquillettes-jambon-tartufata,https://staging.lacuisinedebernard.com/coquillettes-jambon-tartufata
https://www.lacuisinedebernard.com/coquillettes-jambon-tartufata/,https://staging.lacuisinedebernard.com/coquillettes-jambon-tartufata
https://lacuisinedebernard.com/camembert-pane-frit-et-confiture-de-myrtilles,https://staging.lacuisinedebernard.com/camembert-pane-frit-et-confiture-de-myrtilles
https://lacuisinedebernard.com/camembert-pane-frit-et-confiture-de-myrtilles/,https://staging.lacuisinedebernard.com/camembert-pane-frit-et-confiture-de-myrtilles
https://www.lacuisinedebernard.com/camembert-pane-frit-et-confiture-de-myrtilles,https://staging.lacuisinedebernard.com/camembert-pane-frit-et-confiture-de-myrtilles
https://www.lacuisinedebernard.com/camembert-pane-frit-et-confiture-de-myrtilles/,https://staging.lacuisinedebernard.com/camembert-pane-frit-et-confiture-de-myrtilles
https://lacuisinedebernard.com/crevettes-et-pois-gourmands-sucres-sauce-pimentee,https://staging.lacuisinedebernard.com/crevettes-et-pois-gourmands-sucres-sauce-pimentee
https://lacuisinedebernard.com/crevettes-et-pois-gourmands-sucres-sauce-pimentee/,https://staging.lacuisinedebernard.com/crevettes-et-pois-gourmands-sucres-sauce-pimentee
https://www.lacuisinedebernard.com/crevettes-et-pois-gourmands-sucres-sauce-pimentee,https://staging.lacuisinedebernard.com/crevettes-et-pois-gourmands-sucres-sauce-pimentee
https://www.lacuisinedebernard.com/crevettes-et-pois-gourmands-sucres-sauce-pimentee/,https://staging.lacuisinedebernard.com/crevettes-et-pois-gourmands-sucres-sauce-pimentee
https://lacuisinedebernard.com/crunchy-sushi-de-riz-gluant-saumon-thon-pimente-et-crabe,https://staging.lacuisinedebernard.com/crunchy-sushi-de-riz-gluant-saumon-thon-pimente-et-crabe
https://lacuisinedebernard.com/crunchy-sushi-de-riz-gluant-saumon-thon-pimente-et-crabe/,https://staging.lacuisinedebernard.com/crunchy-sushi-de-riz-gluant-saumon-thon-pimente-et-crabe
https://www.lacuisinedebernard.com/crunchy-sushi-de-riz-gluant-saumon-thon-pimente-et-crabe,https://staging.lacuisinedebernard.com/crunchy-sushi-de-riz-gluant-saumon-thon-pimente-et-crabe
https://www.lacuisinedebernard.com/crunchy-sushi-de-riz-gluant-saumon-thon-pimente-et-crabe/,https://staging.lacuisinedebernard.com/crunchy-sushi-de-riz-gluant-saumon-thon-pimente-et-crabe
https://lacuisinedebernard.com/crevettes-croustillantes-au-wasabi,https://staging.lacuisinedebernard.com/crevettes-croustillantes-au-wasabi
https://lacuisinedebernard.com/crevettes-croustillantes-au-wasabi/,https://staging.lacuisinedebernard.com/crevettes-croustillantes-au-wasabi
https://www.lacuisinedebernard.com/crevettes-croustillantes-au-wasabi,https://staging.lacuisinedebernard.com/crevettes-croustillantes-au-wasabi
https://www.lacuisinedebernard.com/crevettes-croustillantes-au-wasabi/,https://staging.lacuisinedebernard.com/crevettes-croustillantes-au-wasabi
https://lacuisinedebernard.com/sushi-au-foie-gras-poele,https://staging.lacuisinedebernard.com/sushi-au-foie-gras-poele
https://lacuisinedebernard.com/sushi-au-foie-gras-poele/,https://staging.lacuisinedebernard.com/sushi-au-foie-gras-poele
https://www.lacuisinedebernard.com/sushi-au-foie-gras-poele,https://staging.lacuisinedebernard.com/sushi-au-foie-gras-poele
https://www.lacuisinedebernard.com/sushi-au-foie-gras-poele/,https://staging.lacuisinedebernard.com/sushi-au-foie-gras-poele
https://lacuisinedebernard.com/agneau-cuisson-douce-et-legumes-grilles,https://staging.lacuisinedebernard.com/agneau-cuisson-douce-et-legumes-grilles
https://lacuisinedebernard.com/agneau-cuisson-douce-et-legumes-grilles/,https://staging.lacuisinedebernard.com/agneau-cuisson-douce-et-legumes-grilles
https://www.lacuisinedebernard.com/agneau-cuisson-douce-et-legumes-grilles,https://staging.lacuisinedebernard.com/agneau-cuisson-douce-et-legumes-grilles
https://www.lacuisinedebernard.com/agneau-cuisson-douce-et-legumes-grilles/,https://staging.lacuisinedebernard.com/agneau-cuisson-douce-et-legumes-grilles
https://lacuisinedebernard.com/galette-des-rois-creme-de-marrons,https://staging.lacuisinedebernard.com/galette-des-rois-creme-de-marrons
https://lacuisinedebernard.com/galette-des-rois-creme-de-marrons/,https://staging.lacuisinedebernard.com/galette-des-rois-creme-de-marrons
https://www.lacuisinedebernard.com/galette-des-rois-creme-de-marrons,https://staging.lacuisinedebernard.com/galette-des-rois-creme-de-marrons
https://www.lacuisinedebernard.com/galette-des-rois-creme-de-marrons/,https://staging.lacuisinedebernard.com/galette-des-rois-creme-de-marrons
https://lacuisinedebernard.com/croque-monsieur-brillat-savarin-jambon-et-tartufata,https://staging.lacuisinedebernard.com/croque-monsieur-brillat-savarin-jambon-et-tartufata
https://lacuisinedebernard.com/croque-monsieur-brillat-savarin-jambon-et-tartufata/,https://staging.lacuisinedebernard.com/croque-monsieur-brillat-savarin-jambon-et-tartufata
https://www.lacuisinedebernard.com/croque-monsieur-brillat-savarin-jambon-et-tartufata,https://staging.lacuisinedebernard.com/croque-monsieur-brillat-savarin-jambon-et-tartufata
https://www.lacuisinedebernard.com/croque-monsieur-brillat-savarin-jambon-et-tartufata/,https://staging.lacuisinedebernard.com/croque-monsieur-brillat-savarin-jambon-et-tartufata
https://lacuisinedebernard.com/pudding-aux-amaretti,https://staging.lacuisinedebernard.com/pudding-aux-amaretti
https://lacuisinedebernard.com/pudding-aux-amaretti/,https://staging.lacuisinedebernard.com/pudding-aux-amaretti
https://www.lacuisinedebernard.com/pudding-aux-amaretti,https://staging.lacuisinedebernard.com/pudding-aux-amaretti
https://www.lacuisinedebernard.com/pudding-aux-amaretti/,https://staging.lacuisinedebernard.com/pudding-aux-amaretti
https://lacuisinedebernard.com/torta-di-riso-de-bologne,https://staging.lacuisinedebernard.com/torta-di-riso-de-bologne
https://lacuisinedebernard.com/torta-di-riso-de-bologne/,https://staging.lacuisinedebernard.com/torta-di-riso-de-bologne
https://www.lacuisinedebernard.com/torta-di-riso-de-bologne,https://staging.lacuisinedebernard.com/torta-di-riso-de-bologne
https://www.lacuisinedebernard.com/torta-di-riso-de-bologne/,https://staging.lacuisinedebernard.com/torta-di-riso-de-bologne
https://lacuisinedebernard.com/tarte-poire-creme-de-marron,https://staging.lacuisinedebernard.com/tarte-poire-creme-de-marron
https://lacuisinedebernard.com/tarte-poire-creme-de-marron/,https://staging.lacuisinedebernard.com/tarte-poire-creme-de-marron
https://www.lacuisinedebernard.com/tarte-poire-creme-de-marron,https://staging.lacuisinedebernard.com/tarte-poire-creme-de-marron
https://www.lacuisinedebernard.com/tarte-poire-creme-de-marron/,https://staging.lacuisinedebernard.com/tarte-poire-creme-de-marron
https://lacuisinedebernard.com/nouveau-livre-un-best-of-de-mes-4-premiers-livres-en-180-recettes-dont-30-inedites-sur-pres-de-400-pages,https://staging.lacuisinedebernard.com/nouveau-livre-un-best-of-de-mes-4-premiers-livres-en-180-recettes-dont-30-inedites-sur-pres-de-400-pages
https://lacuisinedebernard.com/nouveau-livre-un-best-of-de-mes-4-premiers-livres-en-180-recettes-dont-30-inedites-sur-pres-de-400-pages/,https://staging.lacuisinedebernard.com/nouveau-livre-un-best-of-de-mes-4-premiers-livres-en-180-recettes-dont-30-inedites-sur-pres-de-400-pages
https://www.lacuisinedebernard.com/nouveau-livre-un-best-of-de-mes-4-premiers-livres-en-180-recettes-dont-30-inedites-sur-pres-de-400-pages,https://staging.lacuisinedebernard.com/nouveau-livre-un-best-of-de-mes-4-premiers-livres-en-180-recettes-dont-30-inedites-sur-pres-de-400-pages
https://www.lacuisinedebernard.com/nouveau-livre-un-best-of-de-mes-4-premiers-livres-en-180-recettes-dont-30-inedites-sur-pres-de-400-pages/,https://staging.lacuisinedebernard.com/nouveau-livre-un-best-of-de-mes-4-premiers-livres-en-180-recettes-dont-30-inedites-sur-pres-de-400-pages
https://lacuisinedebernard.com/haricots-verts-a-la-sauce-sesame,https://staging.lacuisinedebernard.com/haricots-verts-a-la-sauce-sesame
https://lacuisinedebernard.com/haricots-verts-a-la-sauce-sesame/,https://staging.lacuisinedebernard.com/haricots-verts-a-la-sauce-sesame
https://www.lacuisinedebernard.com/haricots-verts-a-la-sauce-sesame,https://staging.lacuisinedebernard.com/haricots-verts-a-la-sauce-sesame
https://www.lacuisinedebernard.com/haricots-verts-a-la-sauce-sesame/,https://staging.lacuisinedebernard.com/haricots-verts-a-la-sauce-sesame
https://lacuisinedebernard.com/atelier-avec-alexia-duchene,https://staging.lacuisinedebernard.com/atelier-avec-alexia-duchene
https://lacuisinedebernard.com/atelier-avec-alexia-duchene/,https://staging.lacuisinedebernard.com/atelier-avec-alexia-duchene
https://www.lacuisinedebernard.com/atelier-avec-alexia-duchene,https://staging.lacuisinedebernard.com/atelier-avec-alexia-duchene
https://www.lacuisinedebernard.com/atelier-avec-alexia-duchene/,https://staging.lacuisinedebernard.com/atelier-avec-alexia-duchene
https://lacuisinedebernard.com/lu-rou-fan-porc-braise-taiwanais,https://staging.lacuisinedebernard.com/lu-rou-fan-porc-braise-taiwanais
https://lacuisinedebernard.com/lu-rou-fan-porc-braise-taiwanais/,https://staging.lacuisinedebernard.com/lu-rou-fan-porc-braise-taiwanais
https://www.lacuisinedebernard.com/lu-rou-fan-porc-braise-taiwanais,https://staging.lacuisinedebernard.com/lu-rou-fan-porc-braise-taiwanais
https://www.lacuisinedebernard.com/lu-rou-fan-porc-braise-taiwanais/,https://staging.lacuisinedebernard.com/lu-rou-fan-porc-braise-taiwanais
https://lacuisinedebernard.com/facebook-live-lundi-5-juillet-a-19h00,https://staging.lacuisinedebernard.com/facebook-live-lundi-5-juillet-a-19h00
https://lacuisinedebernard.com/facebook-live-lundi-5-juillet-a-19h00/,https://staging.lacuisinedebernard.com/facebook-live-lundi-5-juillet-a-19h00
https://www.lacuisinedebernard.com/facebook-live-lundi-5-juillet-a-19h00,https://staging.lacuisinedebernard.com/facebook-live-lundi-5-juillet-a-19h00
https://www.lacuisinedebernard.com/facebook-live-lundi-5-juillet-a-19h00/,https://staging.lacuisinedebernard.com/facebook-live-lundi-5-juillet-a-19h00
https://lacuisinedebernard.com/grand-prix-brillat-savarin-pour-mon-livre-scandaleusement-decadent,https://staging.lacuisinedebernard.com/grand-prix-brillat-savarin-pour-mon-livre-scandaleusement-decadent
https://lacuisinedebernard.com/grand-prix-brillat-savarin-pour-mon-livre-scandaleusement-decadent/,https://staging.lacuisinedebernard.com/grand-prix-brillat-savarin-pour-mon-livre-scandaleusement-decadent
https://www.lacuisinedebernard.com/grand-prix-brillat-savarin-pour-mon-livre-scandaleusement-decadent,https://staging.lacuisinedebernard.com/grand-prix-brillat-savarin-pour-mon-livre-scandaleusement-decadent
https://www.lacuisinedebernard.com/grand-prix-brillat-savarin-pour-mon-livre-scandaleusement-decadent/,https://staging.lacuisinedebernard.com/grand-prix-brillat-savarin-pour-mon-livre-scandaleusement-decadent
https://lacuisinedebernard.com/pesto-a-lail-des-ours,https://staging.lacuisinedebernard.com/pesto-a-lail-des-ours
https://lacuisinedebernard.com/pesto-a-lail-des-ours/,https://staging.lacuisinedebernard.com/pesto-a-lail-des-ours
https://www.lacuisinedebernard.com/pesto-a-lail-des-ours,https://staging.lacuisinedebernard.com/pesto-a-lail-des-ours
https://www.lacuisinedebernard.com/pesto-a-lail-des-ours/,https://staging.lacuisinedebernard.com/pesto-a-lail-des-ours
https://lacuisinedebernard.com/nouilles-sautees-au-poulet-et-aux-legumes,https://staging.lacuisinedebernard.com/nouilles-sautees-au-poulet-et-aux-legumes
https://lacuisinedebernard.com/nouilles-sautees-au-poulet-et-aux-legumes/,https://staging.lacuisinedebernard.com/nouilles-sautees-au-poulet-et-aux-legumes
https://www.lacuisinedebernard.com/nouilles-sautees-au-poulet-et-aux-legumes,https://staging.lacuisinedebernard.com/nouilles-sautees-au-poulet-et-aux-legumes
https://www.lacuisinedebernard.com/nouilles-sautees-au-poulet-et-aux-legumes/,https://staging.lacuisinedebernard.com/nouilles-sautees-au-poulet-et-aux-legumes
https://lacuisinedebernard.com/tarte-aux-poireaux-chorizo-et-chevre,https://staging.lacuisinedebernard.com/tarte-aux-poireaux-chorizo-et-chevre
https://lacuisinedebernard.com/tarte-aux-poireaux-chorizo-et-chevre/,https://staging.lacuisinedebernard.com/tarte-aux-poireaux-chorizo-et-chevre
https://www.lacuisinedebernard.com/tarte-aux-poireaux-chorizo-et-chevre,https://staging.lacuisinedebernard.com/tarte-aux-poireaux-chorizo-et-chevre
https://www.lacuisinedebernard.com/tarte-aux-poireaux-chorizo-et-chevre/,https://staging.lacuisinedebernard.com/tarte-aux-poireaux-chorizo-et-chevre
https://lacuisinedebernard.com/sables-indecents-50-chocolat,https://staging.lacuisinedebernard.com/sables-indecents-50-chocolat
https://lacuisinedebernard.com/sables-indecents-50-chocolat/,https://staging.lacuisinedebernard.com/sables-indecents-50-chocolat
https://www.lacuisinedebernard.com/sables-indecents-50-chocolat,https://staging.lacuisinedebernard.com/sables-indecents-50-chocolat
https://www.lacuisinedebernard.com/sables-indecents-50-chocolat/,https://staging.lacuisinedebernard.com/sables-indecents-50-chocolat
https://lacuisinedebernard.com/beignets-aux-myrtilles,https://staging.lacuisinedebernard.com/beignets-aux-myrtilles
https://lacuisinedebernard.com/beignets-aux-myrtilles/,https://staging.lacuisinedebernard.com/beignets-aux-myrtilles
https://www.lacuisinedebernard.com/beignets-aux-myrtilles,https://staging.lacuisinedebernard.com/beignets-aux-myrtilles
https://www.lacuisinedebernard.com/beignets-aux-myrtilles/,https://staging.lacuisinedebernard.com/beignets-aux-myrtilles
https://lacuisinedebernard.com/lobster-rolls-et-shrimp-rolls,https://staging.lacuisinedebernard.com/lobster-rolls-et-shrimp-rolls
https://lacuisinedebernard.com/lobster-rolls-et-shrimp-rolls/,https://staging.lacuisinedebernard.com/lobster-rolls-et-shrimp-rolls
https://www.lacuisinedebernard.com/lobster-rolls-et-shrimp-rolls,https://staging.lacuisinedebernard.com/lobster-rolls-et-shrimp-rolls
https://www.lacuisinedebernard.com/lobster-rolls-et-shrimp-rolls/,https://staging.lacuisinedebernard.com/lobster-rolls-et-shrimp-rolls
https://lacuisinedebernard.com/perles-coco-sesame-cacahuetes,https://staging.lacuisinedebernard.com/perles-coco-sesame-cacahuetes
https://lacuisinedebernard.com/perles-coco-sesame-cacahuetes/,https://staging.lacuisinedebernard.com/perles-coco-sesame-cacahuetes
https://www.lacuisinedebernard.com/perles-coco-sesame-cacahuetes,https://staging.lacuisinedebernard.com/perles-coco-sesame-cacahuetes
https://www.lacuisinedebernard.com/perles-coco-sesame-cacahuetes/,https://staging.lacuisinedebernard.com/perles-coco-sesame-cacahuetes
https://lacuisinedebernard.com/poelee-au-poulet-blettes-champignons-tomates-sechees-et-sauce-cremee-au-boursin,https://staging.lacuisinedebernard.com/poelee-au-poulet-blettes-champignons-tomates-sechees-et-sauce-cremee-au-boursin
https://lacuisinedebernard.com/poelee-au-poulet-blettes-champignons-tomates-sechees-et-sauce-cremee-au-boursin/,https://staging.lacuisinedebernard.com/poelee-au-poulet-blettes-champignons-tomates-sechees-et-sauce-cremee-au-boursin
https://www.lacuisinedebernard.com/poelee-au-poulet-blettes-champignons-tomates-sechees-et-sauce-cremee-au-boursin,https://staging.lacuisinedebernard.com/poelee-au-poulet-blettes-champignons-tomates-sechees-et-sauce-cremee-au-boursin
https://www.lacuisinedebernard.com/poelee-au-poulet-blettes-champignons-tomates-sechees-et-sauce-cremee-au-boursin/,https://staging.lacuisinedebernard.com/poelee-au-poulet-blettes-champignons-tomates-sechees-et-sauce-cremee-au-boursin
https://lacuisinedebernard.com/crumble-sale-de-courge-butternut-bleu-et-noix,https://staging.lacuisinedebernard.com/crumble-sale-de-courge-butternut-bleu-et-noix
https://lacuisinedebernard.com/crumble-sale-de-courge-butternut-bleu-et-noix/,https://staging.lacuisinedebernard.com/crumble-sale-de-courge-butternut-bleu-et-noix
https://www.lacuisinedebernard.com/crumble-sale-de-courge-butternut-bleu-et-noix,https://staging.lacuisinedebernard.com/crumble-sale-de-courge-butternut-bleu-et-noix
https://www.lacuisinedebernard.com/crumble-sale-de-courge-butternut-bleu-et-noix/,https://staging.lacuisinedebernard.com/crumble-sale-de-courge-butternut-bleu-et-noix
https://lacuisinedebernard.com/scandaleusement-decadent-le-25-novembre,https://staging.lacuisinedebernard.com/scandaleusement-decadent-le-25-novembre
https://lacuisinedebernard.com/scandaleusement-decadent-le-25-novembre/,https://staging.lacuisinedebernard.com/scandaleusement-decadent-le-25-novembre
https://www.lacuisinedebernard.com/scandaleusement-decadent-le-25-novembre,https://staging.lacuisinedebernard.com/scandaleusement-decadent-le-25-novembre
https://www.lacuisinedebernard.com/scandaleusement-decadent-le-25-novembre/,https://staging.lacuisinedebernard.com/scandaleusement-decadent-le-25-novembre
https://lacuisinedebernard.com/le-nouveau-cook-processor-de-kitchenaid,https://staging.lacuisinedebernard.com/le-nouveau-cook-processor-de-kitchenaid
https://lacuisinedebernard.com/le-nouveau-cook-processor-de-kitchenaid/,https://staging.lacuisinedebernard.com/le-nouveau-cook-processor-de-kitchenaid
https://www.lacuisinedebernard.com/le-nouveau-cook-processor-de-kitchenaid,https://staging.lacuisinedebernard.com/le-nouveau-cook-processor-de-kitchenaid
https://www.lacuisinedebernard.com/le-nouveau-cook-processor-de-kitchenaid/,https://staging.lacuisinedebernard.com/le-nouveau-cook-processor-de-kitchenaid
https://lacuisinedebernard.com/shiitakes-croustillants-sauce-hoisin,https://staging.lacuisinedebernard.com/shiitakes-croustillants-sauce-hoisin
https://lacuisinedebernard.com/shiitakes-croustillants-sauce-hoisin/,https://staging.lacuisinedebernard.com/shiitakes-croustillants-sauce-hoisin
https://www.lacuisinedebernard.com/shiitakes-croustillants-sauce-hoisin,https://staging.lacuisinedebernard.com/shiitakes-croustillants-sauce-hoisin
https://www.lacuisinedebernard.com/shiitakes-croustillants-sauce-hoisin/,https://staging.lacuisinedebernard.com/shiitakes-croustillants-sauce-hoisin
https://lacuisinedebernard.com/petite-pause-bloguesque,https://staging.lacuisinedebernard.com/petite-pause-bloguesque
https://lacuisinedebernard.com/petite-pause-bloguesque/,https://staging.lacuisinedebernard.com/petite-pause-bloguesque
https://www.lacuisinedebernard.com/petite-pause-bloguesque,https://staging.lacuisinedebernard.com/petite-pause-bloguesque
https://www.lacuisinedebernard.com/petite-pause-bloguesque/,https://staging.lacuisinedebernard.com/petite-pause-bloguesque
https://lacuisinedebernard.com/je-fais-mon-chocolat-maison-en-video-le-temperage,https://staging.lacuisinedebernard.com/je-fais-mon-chocolat-maison-en-video-le-temperage
https://lacuisinedebernard.com/je-fais-mon-chocolat-maison-en-video-le-temperage/,https://staging.lacuisinedebernard.com/je-fais-mon-chocolat-maison-en-video-le-temperage
https://www.lacuisinedebernard.com/je-fais-mon-chocolat-maison-en-video-le-temperage,https://staging.lacuisinedebernard.com/je-fais-mon-chocolat-maison-en-video-le-temperage
https://www.lacuisinedebernard.com/je-fais-mon-chocolat-maison-en-video-le-temperage/,https://staging.lacuisinedebernard.com/je-fais-mon-chocolat-maison-en-video-le-temperage
https://lacuisinedebernard.com/je-fais-mon-chocolat-maison-en-video-mise-en-pratique,https://staging.lacuisinedebernard.com/je-fais-mon-chocolat-maison-en-video-mise-en-pratique
https://lacuisinedebernard.com/je-fais-mon-chocolat-maison-en-video-mise-en-pratique/,https://staging.lacuisinedebernard.com/je-fais-mon-chocolat-maison-en-video-mise-en-pratique
https://www.lacuisinedebernard.com/je-fais-mon-chocolat-maison-en-video-mise-en-pratique,https://staging.lacuisinedebernard.com/je-fais-mon-chocolat-maison-en-video-mise-en-pratique
https://www.lacuisinedebernard.com/je-fais-mon-chocolat-maison-en-video-mise-en-pratique/,https://staging.lacuisinedebernard.com/je-fais-mon-chocolat-maison-en-video-mise-en-pratique
https://lacuisinedebernard.com/je-fais-au-chocolat-maison-en-video-le-materiel-et-les-ingredients,https://staging.lacuisinedebernard.com/je-fais-au-chocolat-maison-en-video-le-materiel-et-les-ingredients
https://lacuisinedebernard.com/je-fais-au-chocolat-maison-en-video-le-materiel-et-les-ingredients/,https://staging.lacuisinedebernard.com/je-fais-au-chocolat-maison-en-video-le-materiel-et-les-ingredients
https://www.lacuisinedebernard.com/je-fais-au-chocolat-maison-en-video-le-materiel-et-les-ingredients,https://staging.lacuisinedebernard.com/je-fais-au-chocolat-maison-en-video-le-materiel-et-les-ingredients
https://www.lacuisinedebernard.com/je-fais-au-chocolat-maison-en-video-le-materiel-et-les-ingredients/,https://staging.lacuisinedebernard.com/je-fais-au-chocolat-maison-en-video-le-materiel-et-les-ingredients
https://lacuisinedebernard.com/je-fais-mon-chocolat-maison-en-video-le-concassage,https://staging.lacuisinedebernard.com/je-fais-mon-chocolat-maison-en-video-le-concassage
https://lacuisinedebernard.com/je-fais-mon-chocolat-maison-en-video-le-concassage/,https://staging.lacuisinedebernard.com/je-fais-mon-chocolat-maison-en-video-le-concassage
https://www.lacuisinedebernard.com/je-fais-mon-chocolat-maison-en-video-le-concassage,https://staging.lacuisinedebernard.com/je-fais-mon-chocolat-maison-en-video-le-concassage
https://www.lacuisinedebernard.com/je-fais-mon-chocolat-maison-en-video-le-concassage/,https://staging.lacuisinedebernard.com/je-fais-mon-chocolat-maison-en-video-le-concassage
https://lacuisinedebernard.com/je-fais-mon-chocolat-en-video-la-torrefaction,https://staging.lacuisinedebernard.com/je-fais-mon-chocolat-en-video-la-torrefaction
https://lacuisinedebernard.com/je-fais-mon-chocolat-en-video-la-torrefaction/,https://staging.lacuisinedebernard.com/je-fais-mon-chocolat-en-video-la-torrefaction
https://www.lacuisinedebernard.com/je-fais-mon-chocolat-en-video-la-torrefaction,https://staging.lacuisinedebernard.com/je-fais-mon-chocolat-en-video-la-torrefaction
https://www.lacuisinedebernard.com/je-fais-mon-chocolat-en-video-la-torrefaction/,https://staging.lacuisinedebernard.com/je-fais-mon-chocolat-en-video-la-torrefaction
https://lacuisinedebernard.com/je-fais-mon-chocolat-maison-en-video,https://staging.lacuisinedebernard.com/je-fais-mon-chocolat-maison-en-video
https://lacuisinedebernard.com/je-fais-mon-chocolat-maison-en-video/,https://staging.lacuisinedebernard.com/je-fais-mon-chocolat-maison-en-video
https://www.lacuisinedebernard.com/je-fais-mon-chocolat-maison-en-video,https://staging.lacuisinedebernard.com/je-fais-mon-chocolat-maison-en-video
https://www.lacuisinedebernard.com/je-fais-mon-chocolat-maison-en-video/,https://staging.lacuisinedebernard.com/je-fais-mon-chocolat-maison-en-video
https://lacuisinedebernard.com/risotto-au-boursin-et-courgettes,https://staging.lacuisinedebernard.com/risotto-au-boursin-et-courgettes
https://lacuisinedebernard.com/risotto-au-boursin-et-courgettes/,https://staging.lacuisinedebernard.com/risotto-au-boursin-et-courgettes
https://www.lacuisinedebernard.com/risotto-au-boursin-et-courgettes,https://staging.lacuisinedebernard.com/risotto-au-boursin-et-courgettes
https://www.lacuisinedebernard.com/risotto-au-boursin-et-courgettes/,https://staging.lacuisinedebernard.com/risotto-au-boursin-et-courgettes
https://lacuisinedebernard.com/tartelettes-ganache-lactee-praline-noisettes-et-grue-de-cacao,https://staging.lacuisinedebernard.com/tartelettes-ganache-lactee-praline-noisettes-et-grue-de-cacao
https://lacuisinedebernard.com/tartelettes-ganache-lactee-praline-noisettes-et-grue-de-cacao/,https://staging.lacuisinedebernard.com/tartelettes-ganache-lactee-praline-noisettes-et-grue-de-cacao
https://www.lacuisinedebernard.com/tartelettes-ganache-lactee-praline-noisettes-et-grue-de-cacao,https://staging.lacuisinedebernard.com/tartelettes-ganache-lactee-praline-noisettes-et-grue-de-cacao
https://www.lacuisinedebernard.com/tartelettes-ganache-lactee-praline-noisettes-et-grue-de-cacao/,https://staging.lacuisinedebernard.com/tartelettes-ganache-lactee-praline-noisettes-et-grue-de-cacao
https://lacuisinedebernard.com/cake-muesli,https://staging.lacuisinedebernard.com/cake-muesli
https://lacuisinedebernard.com/cake-muesli/,https://staging.lacuisinedebernard.com/cake-muesli
https://www.lacuisinedebernard.com/cake-muesli,https://staging.lacuisinedebernard.com/cake-muesli
https://www.lacuisinedebernard.com/cake-muesli/,https://staging.lacuisinedebernard.com/cake-muesli
https://lacuisinedebernard.com/gimbap-a-lomelette-et-poulet,https://staging.lacuisinedebernard.com/gimbap-a-lomelette-et-poulet
https://lacuisinedebernard.com/gimbap-a-lomelette-et-poulet/,https://staging.lacuisinedebernard.com/gimbap-a-lomelette-et-poulet
https://www.lacuisinedebernard.com/gimbap-a-lomelette-et-poulet,https://staging.lacuisinedebernard.com/gimbap-a-lomelette-et-poulet
https://www.lacuisinedebernard.com/gimbap-a-lomelette-et-poulet/,https://staging.lacuisinedebernard.com/gimbap-a-lomelette-et-poulet
https://lacuisinedebernard.com/racines-de-lotus-braisees-et-caramelisees,https://staging.lacuisinedebernard.com/racines-de-lotus-braisees-et-caramelisees
https://lacuisinedebernard.com/racines-de-lotus-braisees-et-caramelisees/,https://staging.lacuisinedebernard.com/racines-de-lotus-braisees-et-caramelisees
https://www.lacuisinedebernard.com/racines-de-lotus-braisees-et-caramelisees,https://staging.lacuisinedebernard.com/racines-de-lotus-braisees-et-caramelisees
https://www.lacuisinedebernard.com/racines-de-lotus-braisees-et-caramelisees/,https://staging.lacuisinedebernard.com/racines-de-lotus-braisees-et-caramelisees
https://lacuisinedebernard.com/lepicerie-quebecoise,https://staging.lacuisinedebernard.com/lepicerie-quebecoise
https://lacuisinedebernard.com/lepicerie-quebecoise/,https://staging.lacuisinedebernard.com/lepicerie-quebecoise
https://www.lacuisinedebernard.com/lepicerie-quebecoise,https://staging.lacuisinedebernard.com/lepicerie-quebecoise
https://www.lacuisinedebernard.com/lepicerie-quebecoise/,https://staging.lacuisinedebernard.com/lepicerie-quebecoise
https://lacuisinedebernard.com/mon-5eme-livre-sort-le-19-mars,https://staging.lacuisinedebernard.com/mon-5eme-livre-sort-le-19-mars
https://lacuisinedebernard.com/mon-5eme-livre-sort-le-19-mars/,https://staging.lacuisinedebernard.com/mon-5eme-livre-sort-le-19-mars
https://www.lacuisinedebernard.com/mon-5eme-livre-sort-le-19-mars,https://staging.lacuisinedebernard.com/mon-5eme-livre-sort-le-19-mars
https://www.lacuisinedebernard.com/mon-5eme-livre-sort-le-19-mars/,https://staging.lacuisinedebernard.com/mon-5eme-livre-sort-le-19-mars
https://lacuisinedebernard.com/sables-crousti-fondants-au-beurre-noisette,https://staging.lacuisinedebernard.com/sables-crousti-fondants-au-beurre-noisette
https://lacuisinedebernard.com/sables-crousti-fondants-au-beurre-noisette/,https://staging.lacuisinedebernard.com/sables-crousti-fondants-au-beurre-noisette
https://www.lacuisinedebernard.com/sables-crousti-fondants-au-beurre-noisette,https://staging.lacuisinedebernard.com/sables-crousti-fondants-au-beurre-noisette
https://www.lacuisinedebernard.com/sables-crousti-fondants-au-beurre-noisette/,https://staging.lacuisinedebernard.com/sables-crousti-fondants-au-beurre-noisette
https://lacuisinedebernard.com/cookies-au-beurre-noir-cafe-noisettes-et-chocolat,https://staging.lacuisinedebernard.com/cookies-au-beurre-noir-cafe-noisettes-et-chocolat
https://lacuisinedebernard.com/cookies-au-beurre-noir-cafe-noisettes-et-chocolat/,https://staging.lacuisinedebernard.com/cookies-au-beurre-noir-cafe-noisettes-et-chocolat
https://www.lacuisinedebernard.com/cookies-au-beurre-noir-cafe-noisettes-et-chocolat,https://staging.lacuisinedebernard.com/cookies-au-beurre-noir-cafe-noisettes-et-chocolat
https://www.lacuisinedebernard.com/cookies-au-beurre-noir-cafe-noisettes-et-chocolat/,https://staging.lacuisinedebernard.com/cookies-au-beurre-noir-cafe-noisettes-et-chocolat
https://lacuisinedebernard.com/lasagnes-bolognaises,https://staging.lacuisinedebernard.com/lasagnes-bolognaises
https://lacuisinedebernard.com/lasagnes-bolognaises/,https://staging.lacuisinedebernard.com/lasagnes-bolognaises
https://www.lacuisinedebernard.com/lasagnes-bolognaises,https://staging.lacuisinedebernard.com/lasagnes-bolognaises
https://www.lacuisinedebernard.com/lasagnes-bolognaises/,https://staging.lacuisinedebernard.com/lasagnes-bolognaises
https://lacuisinedebernard.com/galettes-de-lentilles-corail,https://staging.lacuisinedebernard.com/galettes-de-lentilles-corail
https://lacuisinedebernard.com/galettes-de-lentilles-corail/,https://staging.lacuisinedebernard.com/galettes-de-lentilles-corail
https://www.lacuisinedebernard.com/galettes-de-lentilles-corail,https://staging.lacuisinedebernard.com/galettes-de-lentilles-corail
https://www.lacuisinedebernard.com/galettes-de-lentilles-corail/,https://staging.lacuisinedebernard.com/galettes-de-lentilles-corail
https://lacuisinedebernard.com/galette-des-rois-pistache-fleur-doranger,https://staging.lacuisinedebernard.com/galette-des-rois-pistache-fleur-doranger
https://lacuisinedebernard.com/galette-des-rois-pistache-fleur-doranger/,https://staging.lacuisinedebernard.com/galette-des-rois-pistache-fleur-doranger
https://www.lacuisinedebernard.com/galette-des-rois-pistache-fleur-doranger,https://staging.lacuisinedebernard.com/galette-des-rois-pistache-fleur-doranger
https://www.lacuisinedebernard.com/galette-des-rois-pistache-fleur-doranger/,https://staging.lacuisinedebernard.com/galette-des-rois-pistache-fleur-doranger
https://lacuisinedebernard.com/la-tablette-qooq,https://staging.lacuisinedebernard.com/la-tablette-qooq
https://lacuisinedebernard.com/la-tablette-qooq/,https://staging.lacuisinedebernard.com/la-tablette-qooq
https://www.lacuisinedebernard.com/la-tablette-qooq,https://staging.lacuisinedebernard.com/la-tablette-qooq
https://www.lacuisinedebernard.com/la-tablette-qooq/,https://staging.lacuisinedebernard.com/la-tablette-qooq
https://lacuisinedebernard.com/nouveau-theme-de-cours-de-cuisine-thailandaise-le-samedi-4-janvier-2020,https://staging.lacuisinedebernard.com/nouveau-theme-de-cours-de-cuisine-thailandaise-le-samedi-4-janvier-2020
https://lacuisinedebernard.com/nouveau-theme-de-cours-de-cuisine-thailandaise-le-samedi-4-janvier-2020/,https://staging.lacuisinedebernard.com/nouveau-theme-de-cours-de-cuisine-thailandaise-le-samedi-4-janvier-2020
https://www.lacuisinedebernard.com/nouveau-theme-de-cours-de-cuisine-thailandaise-le-samedi-4-janvier-2020,https://staging.lacuisinedebernard.com/nouveau-theme-de-cours-de-cuisine-thailandaise-le-samedi-4-janvier-2020
https://www.lacuisinedebernard.com/nouveau-theme-de-cours-de-cuisine-thailandaise-le-samedi-4-janvier-2020/,https://staging.lacuisinedebernard.com/nouveau-theme-de-cours-de-cuisine-thailandaise-le-samedi-4-janvier-2020
https://lacuisinedebernard.com/porc-au-caramel-gingembre-et-citronnelle,https://staging.lacuisinedebernard.com/porc-au-caramel-gingembre-et-citronnelle
https://lacuisinedebernard.com/porc-au-caramel-gingembre-et-citronnelle/,https://staging.lacuisinedebernard.com/porc-au-caramel-gingembre-et-citronnelle
https://www.lacuisinedebernard.com/porc-au-caramel-gingembre-et-citronnelle,https://staging.lacuisinedebernard.com/porc-au-caramel-gingembre-et-citronnelle
https://www.lacuisinedebernard.com/porc-au-caramel-gingembre-et-citronnelle/,https://staging.lacuisinedebernard.com/porc-au-caramel-gingembre-et-citronnelle
https://lacuisinedebernard.com/dutch-baby-brocoli-cheddar-et-bacon,https://staging.lacuisinedebernard.com/dutch-baby-brocoli-cheddar-et-bacon
https://lacuisinedebernard.com/dutch-baby-brocoli-cheddar-et-bacon/,https://staging.lacuisinedebernard.com/dutch-baby-brocoli-cheddar-et-bacon
https://www.lacuisinedebernard.com/dutch-baby-brocoli-cheddar-et-bacon,https://staging.lacuisinedebernard.com/dutch-baby-brocoli-cheddar-et-bacon
https://www.lacuisinedebernard.com/dutch-baby-brocoli-cheddar-et-bacon/,https://staging.lacuisinedebernard.com/dutch-baby-brocoli-cheddar-et-bacon
https://lacuisinedebernard.com/soupe-de-lentilles-jaunes,https://staging.lacuisinedebernard.com/soupe-de-lentilles-jaunes
https://lacuisinedebernard.com/soupe-de-lentilles-jaunes/,https://staging.lacuisinedebernard.com/soupe-de-lentilles-jaunes
https://www.lacuisinedebernard.com/soupe-de-lentilles-jaunes,https://staging.lacuisinedebernard.com/soupe-de-lentilles-jaunes
https://www.lacuisinedebernard.com/soupe-de-lentilles-jaunes/,https://staging.lacuisinedebernard.com/soupe-de-lentilles-jaunes
https://lacuisinedebernard.com/les-cookies,https://staging.lacuisinedebernard.com/les-cookies
https://lacuisinedebernard.com/les-cookies/,https://staging.lacuisinedebernard.com/les-cookies
https://www.lacuisinedebernard.com/les-cookies,https://staging.lacuisinedebernard.com/les-cookies
https://www.lacuisinedebernard.com/les-cookies/,https://staging.lacuisinedebernard.com/les-cookies
https://lacuisinedebernard.com/sorbet-au-chocola,https://staging.lacuisinedebernard.com/sorbet-au-chocola
https://lacuisinedebernard.com/sorbet-au-chocola/,https://staging.lacuisinedebernard.com/sorbet-au-chocola
https://www.lacuisinedebernard.com/sorbet-au-chocola,https://staging.lacuisinedebernard.com/sorbet-au-chocola
https://www.lacuisinedebernard.com/sorbet-au-chocola/,https://staging.lacuisinedebernard.com/sorbet-au-chocola
https://lacuisinedebernard.com/coulis-de-framboises,https://staging.lacuisinedebernard.com/coulis-de-framboises
https://lacuisinedebernard.com/coulis-de-framboises/,https://staging.lacuisinedebernard.com/coulis-de-framboises
https://www.lacuisinedebernard.com/coulis-de-framboises,https://staging.lacuisinedebernard.com/coulis-de-framboises
https://www.lacuisinedebernard.com/coulis-de-framboises/,https://staging.lacuisinedebernard.com/coulis-de-framboises
https://lacuisinedebernard.com/brioche-de-shanghai-au-porc-juteux,https://staging.lacuisinedebernard.com/brioche-de-shanghai-au-porc-juteux
https://lacuisinedebernard.com/brioche-de-shanghai-au-porc-juteux/,https://staging.lacuisinedebernard.com/brioche-de-shanghai-au-porc-juteux
https://www.lacuisinedebernard.com/brioche-de-shanghai-au-porc-juteux,https://staging.lacuisinedebernard.com/brioche-de-shanghai-au-porc-juteux
https://www.lacuisinedebernard.com/brioche-de-shanghai-au-porc-juteux/,https://staging.lacuisinedebernard.com/brioche-de-shanghai-au-porc-juteux
https://lacuisinedebernard.com/curry-jaune-thailandais-au-poulet-gang,https://staging.lacuisinedebernard.com/curry-jaune-thailandais-au-poulet-gang
https://lacuisinedebernard.com/curry-jaune-thailandais-au-poulet-gang/,https://staging.lacuisinedebernard.com/curry-jaune-thailandais-au-poulet-gang
https://www.lacuisinedebernard.com/curry-jaune-thailandais-au-poulet-gang,https://staging.lacuisinedebernard.com/curry-jaune-thailandais-au-poulet-gang
https://www.lacuisinedebernard.com/curry-jaune-thailandais-au-poulet-gang/,https://staging.lacuisinedebernard.com/curry-jaune-thailandais-au-poulet-gang
https://lacuisinedebernard.com/praline-en-pate-ou-pralin-en-poudre,https://staging.lacuisinedebernard.com/praline-en-pate-ou-pralin-en-poudre
https://lacuisinedebernard.com/praline-en-pate-ou-pralin-en-poudre/,https://staging.lacuisinedebernard.com/praline-en-pate-ou-pralin-en-poudre
https://www.lacuisinedebernard.com/praline-en-pate-ou-pralin-en-poudre,https://staging.lacuisinedebernard.com/praline-en-pate-ou-pralin-en-poudre
https://www.lacuisinedebernard.com/praline-en-pate-ou-pralin-en-poudre/,https://staging.lacuisinedebernard.com/praline-en-pate-ou-pralin-en-poudre
https://lacuisinedebernard.com/pate-de-noisettes,https://staging.lacuisinedebernard.com/pate-de-noisettes
https://lacuisinedebernard.com/pate-de-noisettes/,https://staging.lacuisinedebernard.com/pate-de-noisettes
https://www.lacuisinedebernard.com/pate-de-noisettes,https://staging.lacuisinedebernard.com/pate-de-noisettes
https://www.lacuisinedebernard.com/pate-de-noisettes/,https://staging.lacuisinedebernard.com/pate-de-noisettes
https://lacuisinedebernard.com/pate-de-pistaches,https://staging.lacuisinedebernard.com/pate-de-pistaches
https://lacuisinedebernard.com/pate-de-pistaches/,https://staging.lacuisinedebernard.com/pate-de-pistaches
https://www.lacuisinedebernard.com/pate-de-pistaches,https://staging.lacuisinedebernard.com/pate-de-pistaches
https://www.lacuisinedebernard.com/pate-de-pistaches/,https://staging.lacuisinedebernard.com/pate-de-pistaches
https://lacuisinedebernard.com/financiers-aux-pistaches,https://staging.lacuisinedebernard.com/financiers-aux-pistaches
https://lacuisinedebernard.com/financiers-aux-pistaches/,https://staging.lacuisinedebernard.com/financiers-aux-pistaches
https://www.lacuisinedebernard.com/financiers-aux-pistaches,https://staging.lacuisinedebernard.com/financiers-aux-pistaches
https://www.lacuisinedebernard.com/financiers-aux-pistaches/,https://staging.lacuisinedebernard.com/financiers-aux-pistaches
https://lacuisinedebernard.com/les-boulettes-aux-amandes-et-lorange,https://staging.lacuisinedebernard.com/les-boulettes-aux-amandes-et-lorange
https://lacuisinedebernard.com/les-boulettes-aux-amandes-et-lorange/,https://staging.lacuisinedebernard.com/les-boulettes-aux-amandes-et-lorange
https://www.lacuisinedebernard.com/les-boulettes-aux-amandes-et-lorange,https://staging.lacuisinedebernard.com/les-boulettes-aux-amandes-et-lorange
https://www.lacuisinedebernard.com/les-boulettes-aux-amandes-et-lorange/,https://staging.lacuisinedebernard.com/les-boulettes-aux-amandes-et-lorange
https://lacuisinedebernard.com/le-gateau-basque,https://staging.lacuisinedebernard.com/le-gateau-basque
https://lacuisinedebernard.com/le-gateau-basque/,https://staging.lacuisinedebernard.com/le-gateau-basque
https://www.lacuisinedebernard.com/le-gateau-basque,https://staging.lacuisinedebernard.com/le-gateau-basque
https://www.lacuisinedebernard.com/le-gateau-basque/,https://staging.lacuisinedebernard.com/le-gateau-basque
https://lacuisinedebernard.com/le-sorbet-la-mangue,https://staging.lacuisinedebernard.com/le-sorbet-la-mangue
https://lacuisinedebernard.com/le-sorbet-la-mangue/,https://staging.lacuisinedebernard.com/le-sorbet-la-mangue
https://www.lacuisinedebernard.com/le-sorbet-la-mangue,https://staging.lacuisinedebernard.com/le-sorbet-la-mangue
https://www.lacuisinedebernard.com/le-sorbet-la-mangue/,https://staging.lacuisinedebernard.com/le-sorbet-la-mangue
https://lacuisinedebernard.com/la-nougatine,https://staging.lacuisinedebernard.com/la-nougatine
https://lacuisinedebernard.com/la-nougatine/,https://staging.lacuisinedebernard.com/la-nougatine
https://www.lacuisinedebernard.com/la-nougatine,https://staging.lacuisinedebernard.com/la-nougatine
https://www.lacuisinedebernard.com/la-nougatine/,https://staging.lacuisinedebernard.com/la-nougatine
https://lacuisinedebernard.com/le-boeuf-boulgogi,https://staging.lacuisinedebernard.com/le-boeuf-boulgogi
https://lacuisinedebernard.com/le-boeuf-boulgogi/,https://staging.lacuisinedebernard.com/le-boeuf-boulgogi
https://www.lacuisinedebernard.com/le-boeuf-boulgogi,https://staging.lacuisinedebernard.com/le-boeuf-boulgogi
https://www.lacuisinedebernard.com/le-boeuf-boulgogi/,https://staging.lacuisinedebernard.com/le-boeuf-boulgogi
https://lacuisinedebernard.com/pates-la-truffe,https://staging.lacuisinedebernard.com/pates-la-truffe
https://lacuisinedebernard.com/pates-la-truffe/,https://staging.lacuisinedebernard.com/pates-la-truffe
https://www.lacuisinedebernard.com/pates-la-truffe,https://staging.lacuisinedebernard.com/pates-la-truffe
https://www.lacuisinedebernard.com/pates-la-truffe/,https://staging.lacuisinedebernard.com/pates-la-truffe
https://lacuisinedebernard.com/poulet-lail-et-au-pimen,https://staging.lacuisinedebernard.com/poulet-lail-et-au-pimen
https://lacuisinedebernard.com/poulet-lail-et-au-pimen/,https://staging.lacuisinedebernard.com/poulet-lail-et-au-pimen
https://www.lacuisinedebernard.com/poulet-lail-et-au-pimen,https://staging.lacuisinedebernard.com/poulet-lail-et-au-pimen
https://www.lacuisinedebernard.com/poulet-lail-et-au-pimen/,https://staging.lacuisinedebernard.com/poulet-lail-et-au-pimen
https://lacuisinedebernard.com/les-macarons-vanille,https://staging.lacuisinedebernard.com/les-macarons-vanille
https://lacuisinedebernard.com/les-macarons-vanille/,https://staging.lacuisinedebernard.com/les-macarons-vanille
https://www.lacuisinedebernard.com/les-macarons-vanille,https://staging.lacuisinedebernard.com/les-macarons-vanille
https://www.lacuisinedebernard.com/les-macarons-vanille/,https://staging.lacuisinedebernard.com/les-macarons-vanille
https://lacuisinedebernard.com/les-legumes-braises-de-pekin,https://staging.lacuisinedebernard.com/les-legumes-braises-de-pekin
https://lacuisinedebernard.com/les-legumes-braises-de-pekin/,https://staging.lacuisinedebernard.com/les-legumes-braises-de-pekin
https://www.lacuisinedebernard.com/les-legumes-braises-de-pekin,https://staging.lacuisinedebernard.com/les-legumes-braises-de-pekin
https://www.lacuisinedebernard.com/les-legumes-braises-de-pekin/,https://staging.lacuisinedebernard.com/les-legumes-braises-de-pekin
https://lacuisinedebernard.com/le-porc-saute-aux-pousses-dai,https://staging.lacuisinedebernard.com/le-porc-saute-aux-pousses-dai
https://lacuisinedebernard.com/le-porc-saute-aux-pousses-dai/,https://staging.lacuisinedebernard.com/le-porc-saute-aux-pousses-dai
https://www.lacuisinedebernard.com/le-porc-saute-aux-pousses-dai,https://staging.lacuisinedebernard.com/le-porc-saute-aux-pousses-dai
https://www.lacuisinedebernard.com/le-porc-saute-aux-pousses-dai/,https://staging.lacuisinedebernard.com/le-porc-saute-aux-pousses-dai
https://lacuisinedebernard.com/le-mi-cuit-au-chocolat,https://staging.lacuisinedebernard.com/le-mi-cuit-au-chocolat
https://lacuisinedebernard.com/le-mi-cuit-au-chocolat/,https://staging.lacuisinedebernard.com/le-mi-cuit-au-chocolat
https://www.lacuisinedebernard.com/le-mi-cuit-au-chocolat,https://staging.lacuisinedebernard.com/le-mi-cuit-au-chocolat
https://www.lacuisinedebernard.com/le-mi-cuit-au-chocolat/,https://staging.lacuisinedebernard.com/le-mi-cuit-au-chocolat
https://lacuisinedebernard.com/le-porc-saute-au-piment-marine,https://staging.lacuisinedebernard.com/le-porc-saute-au-piment-marine
https://lacuisinedebernard.com/le-porc-saute-au-piment-marine/,https://staging.lacuisinedebernard.com/le-porc-saute-au-piment-marine
https://www.lacuisinedebernard.com/le-porc-saute-au-piment-marine,https://staging.lacuisinedebernard.com/le-porc-saute-au-piment-marine
https://www.lacuisinedebernard.com/le-porc-saute-au-piment-marine/,https://staging.lacuisinedebernard.com/le-porc-saute-au-piment-marine
https://lacuisinedebernard.com/le-poulet-kung-pao,https://staging.lacuisinedebernard.com/le-poulet-kung-pao
https://lacuisinedebernard.com/le-poulet-kung-pao/,https://staging.lacuisinedebernard.com/le-poulet-kung-pao
https://www.lacuisinedebernard.com/le-poulet-kung-pao,https://staging.lacuisinedebernard.com/le-poulet-kung-pao
https://www.lacuisinedebernard.com/le-poulet-kung-pao/,https://staging.lacuisinedebernard.com/le-poulet-kung-pao
https://lacuisinedebernard.com/la-tarte-aux-framboises-et-chocola,https://staging.lacuisinedebernard.com/la-tarte-aux-framboises-et-chocola
https://lacuisinedebernard.com/la-tarte-aux-framboises-et-chocola/,https://staging.lacuisinedebernard.com/la-tarte-aux-framboises-et-chocola
https://www.lacuisinedebernard.com/la-tarte-aux-framboises-et-chocola,https://staging.lacuisinedebernard.com/la-tarte-aux-framboises-et-chocola
https://www.lacuisinedebernard.com/la-tarte-aux-framboises-et-chocola/,https://staging.lacuisinedebernard.com/la-tarte-aux-framboises-et-chocola
https://lacuisinedebernard.com/les-shortbreads,https://staging.lacuisinedebernard.com/les-shortbreads
https://lacuisinedebernard.com/les-shortbreads/,https://staging.lacuisinedebernard.com/les-shortbreads
https://www.lacuisinedebernard.com/les-shortbreads,https://staging.lacuisinedebernard.com/les-shortbreads
https://www.lacuisinedebernard.com/les-shortbreads/,https://staging.lacuisinedebernard.com/les-shortbreads
https://lacuisinedebernard.com/la-mousse-au-chocola,https://staging.lacuisinedebernard.com/la-mousse-au-chocola
https://lacuisinedebernard.com/la-mousse-au-chocola/,https://staging.lacuisinedebernard.com/la-mousse-au-chocola
https://www.lacuisinedebernard.com/la-mousse-au-chocola,https://staging.lacuisinedebernard.com/la-mousse-au-chocola
https://www.lacuisinedebernard.com/la-mousse-au-chocola/,https://staging.lacuisinedebernard.com/la-mousse-au-chocola
https://lacuisinedebernard.com/le-risotto-aux-morilles,https://staging.lacuisinedebernard.com/le-risotto-aux-morilles
https://lacuisinedebernard.com/le-risotto-aux-morilles/,https://staging.lacuisinedebernard.com/le-risotto-aux-morilles
https://www.lacuisinedebernard.com/le-risotto-aux-morilles,https://staging.lacuisinedebernard.com/le-risotto-aux-morilles
https://www.lacuisinedebernard.com/le-risotto-aux-morilles/,https://staging.lacuisinedebernard.com/le-risotto-aux-morilles
https://lacuisinedebernard.com/les-asperges-sauce-mousseline,https://staging.lacuisinedebernard.com/les-asperges-sauce-mousseline
https://lacuisinedebernard.com/les-asperges-sauce-mousseline/,https://staging.lacuisinedebernard.com/les-asperges-sauce-mousseline
https://www.lacuisinedebernard.com/les-asperges-sauce-mousseline,https://staging.lacuisinedebernard.com/les-asperges-sauce-mousseline
https://www.lacuisinedebernard.com/les-asperges-sauce-mousseline/,https://staging.lacuisinedebernard.com/les-asperges-sauce-mousseline
https://lacuisinedebernard.com/tarte-poire-chocolat-creme-chibous,https://staging.lacuisinedebernard.com/tarte-poire-chocolat-creme-chibous
https://lacuisinedebernard.com/tarte-poire-chocolat-creme-chibous/,https://staging.lacuisinedebernard.com/tarte-poire-chocolat-creme-chibous
https://www.lacuisinedebernard.com/tarte-poire-chocolat-creme-chibous,https://staging.lacuisinedebernard.com/tarte-poire-chocolat-creme-chibous
https://www.lacuisinedebernard.com/tarte-poire-chocolat-creme-chibous/,https://staging.lacuisinedebernard.com/tarte-poire-chocolat-creme-chibous
https://lacuisinedebernard.com/les-gyozas,https://staging.lacuisinedebernard.com/les-gyozas
https://lacuisinedebernard.com/les-gyozas/,https://staging.lacuisinedebernard.com/les-gyozas
https://www.lacuisinedebernard.com/les-gyozas,https://staging.lacuisinedebernard.com/les-gyozas
https://www.lacuisinedebernard.com/les-gyozas/,https://staging.lacuisinedebernard.com/les-gyozas
https://lacuisinedebernard.com/le-porc-rouge-char-siu,https://staging.lacuisinedebernard.com/le-porc-rouge-char-siu
https://lacuisinedebernard.com/le-porc-rouge-char-siu/,https://staging.lacuisinedebernard.com/le-porc-rouge-char-siu
https://www.lacuisinedebernard.com/le-porc-rouge-char-siu,https://staging.lacuisinedebernard.com/le-porc-rouge-char-siu
https://www.lacuisinedebernard.com/le-porc-rouge-char-siu/,https://staging.lacuisinedebernard.com/le-porc-rouge-char-siu
https://lacuisinedebernard.com/les-brochettes-de-poulet-sauce-satay,https://staging.lacuisinedebernard.com/les-brochettes-de-poulet-sauce-satay
https://lacuisinedebernard.com/les-brochettes-de-poulet-sauce-satay/,https://staging.lacuisinedebernard.com/les-brochettes-de-poulet-sauce-satay
https://www.lacuisinedebernard.com/les-brochettes-de-poulet-sauce-satay,https://staging.lacuisinedebernard.com/les-brochettes-de-poulet-sauce-satay
https://www.lacuisinedebernard.com/les-brochettes-de-poulet-sauce-satay/,https://staging.lacuisinedebernard.com/les-brochettes-de-poulet-sauce-satay
https://lacuisinedebernard.com/les-sables-bretons,https://staging.lacuisinedebernard.com/les-sables-bretons
https://lacuisinedebernard.com/les-sables-bretons/,https://staging.lacuisinedebernard.com/les-sables-bretons
https://www.lacuisinedebernard.com/les-sables-bretons,https://staging.lacuisinedebernard.com/les-sables-bretons
https://www.lacuisinedebernard.com/les-sables-bretons/,https://staging.lacuisinedebernard.com/les-sables-bretons
https://lacuisinedebernard.com/lepaule-dagneau-la-creme-dai,https://staging.lacuisinedebernard.com/lepaule-dagneau-la-creme-dai
https://lacuisinedebernard.com/lepaule-dagneau-la-creme-dai/,https://staging.lacuisinedebernard.com/lepaule-dagneau-la-creme-dai
https://www.lacuisinedebernard.com/lepaule-dagneau-la-creme-dai,https://staging.lacuisinedebernard.com/lepaule-dagneau-la-creme-dai
https://www.lacuisinedebernard.com/lepaule-dagneau-la-creme-dai/,https://staging.lacuisinedebernard.com/lepaule-dagneau-la-creme-dai
https://lacuisinedebernard.com/la-tarte-au-citron-meringuee,https://staging.lacuisinedebernard.com/la-tarte-au-citron-meringuee
https://lacuisinedebernard.com/la-tarte-au-citron-meringuee/,https://staging.lacuisinedebernard.com/la-tarte-au-citron-meringuee
https://www.lacuisinedebernard.com/la-tarte-au-citron-meringuee,https://staging.lacuisinedebernard.com/la-tarte-au-citron-meringuee
https://www.lacuisinedebernard.com/la-tarte-au-citron-meringuee/,https://staging.lacuisinedebernard.com/la-tarte-au-citron-meringuee
https://lacuisinedebernard.com/les-scones,https://staging.lacuisinedebernard.com/les-scones
https://lacuisinedebernard.com/les-scones/,https://staging.lacuisinedebernard.com/les-scones
https://www.lacuisinedebernard.com/les-scones,https://staging.lacuisinedebernard.com/les-scones
https://www.lacuisinedebernard.com/les-scones/,https://staging.lacuisinedebernard.com/les-scones
https://lacuisinedebernard.com/les-golden-blob-awards,https://staging.lacuisinedebernard.com/les-golden-blob-awards
https://lacuisinedebernard.com/les-golden-blob-awards/,https://staging.lacuisinedebernard.com/les-golden-blob-awards
https://www.lacuisinedebernard.com/les-golden-blob-awards,https://staging.lacuisinedebernard.com/les-golden-blob-awards
https://www.lacuisinedebernard.com/les-golden-blob-awards/,https://staging.lacuisinedebernard.com/les-golden-blob-awards
https://lacuisinedebernard.com/la-confiture-de-bananes-rhum-et-vanille,https://staging.lacuisinedebernard.com/la-confiture-de-bananes-rhum-et-vanille
https://lacuisinedebernard.com/la-confiture-de-bananes-rhum-et-vanille/,https://staging.lacuisinedebernard.com/la-confiture-de-bananes-rhum-et-vanille
https://www.lacuisinedebernard.com/la-confiture-de-bananes-rhum-et-vanille,https://staging.lacuisinedebernard.com/la-confiture-de-bananes-rhum-et-vanille
https://www.lacuisinedebernard.com/la-confiture-de-bananes-rhum-et-vanille/,https://staging.lacuisinedebernard.com/la-confiture-de-bananes-rhum-et-vanille
https://lacuisinedebernard.com/le-carrot-cake,https://staging.lacuisinedebernard.com/le-carrot-cake
https://lacuisinedebernard.com/le-carrot-cake/,https://staging.lacuisinedebernard.com/le-carrot-cake
https://www.lacuisinedebernard.com/le-carrot-cake,https://staging.lacuisinedebernard.com/le-carrot-cake
https://www.lacuisinedebernard.com/le-carrot-cake/,https://staging.lacuisinedebernard.com/le-carrot-cake
https://lacuisinedebernard.com/des-clics-et-du-gou,https://staging.lacuisinedebernard.com/des-clics-et-du-gou
https://lacuisinedebernard.com/des-clics-et-du-gou/,https://staging.lacuisinedebernard.com/des-clics-et-du-gou
https://www.lacuisinedebernard.com/des-clics-et-du-gou,https://staging.lacuisinedebernard.com/des-clics-et-du-gou
https://www.lacuisinedebernard.com/des-clics-et-du-gou/,https://staging.lacuisinedebernard.com/des-clics-et-du-gou
https://lacuisinedebernard.com/le-fondant-au-chocola,https://staging.lacuisinedebernard.com/le-fondant-au-chocola
https://lacuisinedebernard.com/le-fondant-au-chocola/,https://staging.lacuisinedebernard.com/le-fondant-au-chocola
https://www.lacuisinedebernard.com/le-fondant-au-chocola,https://staging.lacuisinedebernard.com/le-fondant-au-chocola
https://www.lacuisinedebernard.com/le-fondant-au-chocola/,https://staging.lacuisinedebernard.com/le-fondant-au-chocola
https://lacuisinedebernard.com/le-curry-massaman,https://staging.lacuisinedebernard.com/le-curry-massaman
https://lacuisinedebernard.com/le-curry-massaman/,https://staging.lacuisinedebernard.com/le-curry-massaman
https://www.lacuisinedebernard.com/le-curry-massaman,https://staging.lacuisinedebernard.com/le-curry-massaman
https://www.lacuisinedebernard.com/le-curry-massaman/,https://staging.lacuisinedebernard.com/le-curry-massaman
https://lacuisinedebernard.com/le-marianna-au-chocolat-et-vanille,https://staging.lacuisinedebernard.com/le-marianna-au-chocolat-et-vanille
https://lacuisinedebernard.com/le-marianna-au-chocolat-et-vanille/,https://staging.lacuisinedebernard.com/le-marianna-au-chocolat-et-vanille
https://www.lacuisinedebernard.com/le-marianna-au-chocolat-et-vanille,https://staging.lacuisinedebernard.com/le-marianna-au-chocolat-et-vanille
https://www.lacuisinedebernard.com/le-marianna-au-chocolat-et-vanille/,https://staging.lacuisinedebernard.com/le-marianna-au-chocolat-et-vanille
https://lacuisinedebernard.com/raviolis-aux-crevettes-har-gow,https://staging.lacuisinedebernard.com/raviolis-aux-crevettes-har-gow
https://lacuisinedebernard.com/raviolis-aux-crevettes-har-gow/,https://staging.lacuisinedebernard.com/raviolis-aux-crevettes-har-gow
https://www.lacuisinedebernard.com/raviolis-aux-crevettes-har-gow,https://staging.lacuisinedebernard.com/raviolis-aux-crevettes-har-gow
https://www.lacuisinedebernard.com/raviolis-aux-crevettes-har-gow/,https://staging.lacuisinedebernard.com/raviolis-aux-crevettes-har-gow
https://lacuisinedebernard.com/les-sables-aux-fruits-secs,https://staging.lacuisinedebernard.com/les-sables-aux-fruits-secs
https://lacuisinedebernard.com/les-sables-aux-fruits-secs/,https://staging.lacuisinedebernard.com/les-sables-aux-fruits-secs
https://www.lacuisinedebernard.com/les-sables-aux-fruits-secs,https://staging.lacuisinedebernard.com/les-sables-aux-fruits-secs
https://www.lacuisinedebernard.com/les-sables-aux-fruits-secs/,https://staging.lacuisinedebernard.com/les-sables-aux-fruits-secs
